#Data tag : 24v2 , Norm tag: None
#run:fill,ls,time,beamstatus,E(GeV),delivered(/ub),recorded(/ub),avgpu,source
367730:8794,48:48,05/19/23 17:40:18,STABLE BEAMS,6800,5829.902924339,517.938696510,0.8,AVG
367730:8794,49:49,05/19/23 17:40:41,STABLE BEAMS,6800,21753.119908609,16255.890607989,2.8,AVG
367730:8794,50:50,05/19/23 17:41:05,STABLE BEAMS,6800,59813.666460548,59566.411898650,7.7,AVG
367730:8794,51:51,05/19/23 17:41:28,STABLE BEAMS,6800,142719.800937329,141823.102446970,18.4,AVG
367730:8794,52:52,05/19/23 17:41:51,STABLE BEAMS,6800,233487.798224890,230991.756060426,30.2,AVG
367730:8794,53:53,05/19/23 17:42:15,STABLE BEAMS,6800,277817.501149435,274005.438003244,35.9,AVG
367730:8794,54:54,05/19/23 17:42:38,STABLE BEAMS,6800,225812.040282219,223551.128345792,29.2,AVG
367730:8794,55:55,05/19/23 17:43:01,STABLE BEAMS,6800,136625.591472017,135857.946963393,17.7,AVG
367730:8794,56:56,05/19/23 17:43:24,STABLE BEAMS,6800,58823.100546391,58644.776212982,7.6,AVG
367730:8794,57:57,05/19/23 17:43:48,STABLE BEAMS,6800,19784.622499233,19747.141764293,2.6,AVG
367730:8794,58:58,05/19/23 17:44:11,STABLE BEAMS,6800,6288.328789057,6278.922784578,0.8,AVG
367730:8794,59:59,05/19/23 17:44:34,STABLE BEAMS,6800,181217.370259154,179709.128329854,23.4,AVG
367730:8794,60:60,05/19/23 17:44:58,STABLE BEAMS,6800,16458.149851526,16428.462384077,2.1,AVG
367730:8794,61:61,05/19/23 17:45:21,STABLE BEAMS,6800,35094.614008033,35012.655195476,4.5,AVG
367730:8794,62:62,05/19/23 17:45:44,STABLE BEAMS,6800,75676.145065394,75408.812421936,9.8,AVG
367730:8794,63:63,05/19/23 17:46:08,STABLE BEAMS,6800,154825.391308486,153849.937124939,20.0,AVG
367730:8794,64:64,05/19/23 17:46:31,STABLE BEAMS,6800,230398.504362204,228177.725459791,29.8,AVG
367730:8794,65:65,05/19/23 17:46:54,STABLE BEAMS,6800,276264.534717601,272850.522050076,35.7,AVG
367730:8794,66:66,05/19/23 17:47:18,STABLE BEAMS,6800,248610.209246646,245986.849482515,32.1,AVG
367730:8794,67:67,05/19/23 17:47:41,STABLE BEAMS,6800,176458.056053140,175205.516995864,22.8,AVG
367730:8794,68:68,05/19/23 17:48:04,STABLE BEAMS,6800,89537.174633116,89182.507407649,11.6,AVG
367730:8794,69:69,05/19/23 17:48:28,STABLE BEAMS,6800,43317.804384042,43208.278843892,5.6,AVG
367730:8794,70:70,05/19/23 17:48:51,STABLE BEAMS,6800,29829.030008555,29763.819627181,3.9,AVG
367730:8794,71:71,05/19/23 17:49:14,STABLE BEAMS,6800,276608.846579657,273089.689837526,35.8,AVG
367730:8794,72:72,05/19/23 17:49:37,STABLE BEAMS,6800,275066.304728217,271621.991604095,35.6,AVG
367730:8794,73:73,05/19/23 17:50:01,STABLE BEAMS,6800,273169.527616076,269902.538921849,35.3,AVG
367730:8794,74:74,05/19/23 17:50:24,STABLE BEAMS,6800,260984.477559240,258107.373952165,33.7,AVG
367730:8794,75:75,05/19/23 17:50:47,STABLE BEAMS,6800,252968.711856757,250279.882880466,32.7,AVG
367730:8794,76:76,05/19/23 17:51:11,STABLE BEAMS,6800,270122.918354028,266986.567015891,34.9,AVG
367730:8794,77:77,05/19/23 17:51:34,STABLE BEAMS,6800,276690.683731692,273373.158421734,35.8,AVG
367730:8794,78:78,05/19/23 17:51:57,STABLE BEAMS,6800,279715.394847893,276246.382786405,36.2,AVG
367730:8794,79:79,05/19/23 17:52:21,STABLE BEAMS,6800,24987.382364021,24647.926020996,3.2,AVG
367730:8794,80:80,05/19/23 17:52:44,STABLE BEAMS,6800,2865.076710008,2861.100903167,0.4,AVG
367730:8794,81:81,05/19/23 17:53:07,STABLE BEAMS,6800,14760.774005935,14735.538902853,1.9,AVG
367730:8794,82:82,05/19/23 17:53:31,STABLE BEAMS,6800,52275.759374014,52129.247269488,6.8,AVG
367730:8794,83:83,05/19/23 17:53:54,STABLE BEAMS,6800,144404.516861991,143560.828174023,18.7,AVG
367730:8794,84:84,05/19/23 17:54:17,STABLE BEAMS,6800,252738.790649687,250056.664277927,32.7,AVG
367730:8794,85:85,05/19/23 17:54:40,STABLE BEAMS,6800,255614.552880950,252826.054567100,33.0,AVG
367730:8794,86:86,05/19/23 17:55:04,STABLE BEAMS,6800,157484.345345222,156487.058803481,20.4,AVG
367730:8794,87:87,05/19/23 17:55:27,STABLE BEAMS,6800,54841.345115639,54683.090967338,7.1,AVG
367730:8794,88:88,05/19/23 17:55:50,STABLE BEAMS,6800,16175.008690602,16146.655482768,2.1,AVG
367730:8794,89:89,05/19/23 17:56:14,STABLE BEAMS,6800,3530.412802669,3525.493232374,0.5,AVG
367730:8794,90:90,05/19/23 17:56:37,STABLE BEAMS,6800,6874.078991482,6863.717025913,0.9,AVG
367730:8794,91:91,05/19/23 17:57:00,STABLE BEAMS,6800,176529.934607254,175112.959174718,22.8,AVG
367730:8794,92:92,05/19/23 17:57:24,STABLE BEAMS,6800,7637.582415958,7626.009969641,1.0,AVG
367730:8794,93:93,05/19/23 17:57:47,STABLE BEAMS,6800,20830.545732577,20791.295600345,2.7,AVG
367730:8794,94:94,05/19/23 17:58:10,STABLE BEAMS,6800,62581.434281489,62386.589531041,8.1,AVG
367730:8794,95:95,05/19/23 17:58:34,STABLE BEAMS,6800,137136.061168543,136370.916838597,17.7,AVG
367730:8794,96:96,05/19/23 17:58:57,STABLE BEAMS,6800,230743.043970572,228525.836250811,29.8,AVG
367730:8794,97:97,05/19/23 17:59:20,STABLE BEAMS,6800,271200.836750544,268029.021141331,35.1,AVG
367730:8794,98:98,05/19/23 17:59:44,STABLE BEAMS,6800,218068.377107724,216089.812373649,28.2,AVG
367730:8794,99:99,05/19/23 18:00:07,STABLE BEAMS,6800,122743.168903031,122118.294303963,15.9,AVG
367730:8794,100:100,05/19/23 18:00:30,STABLE BEAMS,6800,50226.988989189,50089.830059368,6.5,AVG
367730:8794,101:101,05/19/23 18:00:54,STABLE BEAMS,6800,19982.473878705,19945.431603346,2.6,AVG
367730:8794,102:102,05/19/23 18:01:17,STABLE BEAMS,6800,14016.475213405,13992.702589542,1.8,AVG
367730:8794,103:103,05/19/23 18:01:40,STABLE BEAMS,6800,269352.956328552,266213.081927464,34.8,AVG
367730:8794,104:104,05/19/23 18:02:03,STABLE BEAMS,6800,275283.796627894,271966.042340914,35.6,AVG
367730:8794,105:105,05/19/23 18:02:27,STABLE BEAMS,6800,275262.830913210,271980.907496453,35.6,AVG
367730:8794,106:106,05/19/23 18:02:50,STABLE BEAMS,6800,275345.511915447,271632.796564904,35.6,AVG
367730:8794,107:107,05/19/23 18:03:13,STABLE BEAMS,6800,275077.391334737,271798.913190044,35.6,AVG
367730:8794,108:108,05/19/23 18:03:37,STABLE BEAMS,6800,275104.298967002,271883.908263295,35.6,AVG
367730:8794,109:109,05/19/23 18:04:00,STABLE BEAMS,6800,274942.624727776,271698.015623199,35.5,AVG
367730:8794,110:110,05/19/23 18:04:23,STABLE BEAMS,6800,276993.017542823,273711.593058375,35.8,AVG
367730:8794,111:111,05/19/23 18:04:47,STABLE BEAMS,6800,286782.066843239,283108.765628039,37.1,AVG
367730:8794,112:112,05/19/23 18:05:10,STABLE BEAMS,6800,288389.690058728,284791.621843909,37.3,AVG
367730:8794,113:113,05/19/23 18:05:33,STABLE BEAMS,6800,288087.356247596,284407.814275833,37.2,AVG
367730:8794,114:114,05/19/23 18:05:57,STABLE BEAMS,6800,287941.731479751,284338.471872068,37.2,AVG
367730:8794,115:115,05/19/23 18:06:20,STABLE BEAMS,6800,287741.473239031,284150.044269417,37.2,AVG
367730:8794,116:116,05/19/23 18:06:43,STABLE BEAMS,6800,287898.478329212,284290.606861308,37.2,AVG
367730:8794,117:117,05/19/23 18:07:06,STABLE BEAMS,6800,297144.708166358,293150.158455412,38.4,AVG
367730:8794,118:118,05/19/23 18:07:30,STABLE BEAMS,6800,303612.516923426,299421.265689907,39.2,AVG
367730:8794,119:119,05/19/23 18:07:53,STABLE BEAMS,6800,303722.287382004,299499.098012033,39.3,AVG
367730:8794,120:120,05/19/23 18:08:16,STABLE BEAMS,6800,303661.823883287,299420.103806524,39.3,AVG
367730:8794,121:121,05/19/23 18:08:40,STABLE BEAMS,6800,303648.051875020,299481.107209997,39.2,AVG
367730:8794,122:122,05/19/23 18:09:03,STABLE BEAMS,6800,303609.330339929,299351.284139446,39.2,AVG
367730:8794,123:123,05/19/23 18:09:26,STABLE BEAMS,6800,309324.772047553,304955.938255902,40.0,AVG
367730:8794,124:124,05/19/23 18:09:50,STABLE BEAMS,6800,320871.917973347,316030.700693859,41.5,AVG
367730:8794,125:125,05/19/23 18:10:13,STABLE BEAMS,6800,321061.066296768,316033.641982017,41.5,AVG
367730:8794,126:126,05/19/23 18:10:36,STABLE BEAMS,6800,321568.166653290,258995.366388854,41.6,AVG
367730:8794,127:127,05/19/23 18:11:00,STABLE BEAMS,6800,321050.958742969,216347.757004251,41.5,AVG
367730:8794,128:128,05/19/23 18:11:23,STABLE BEAMS,6800,321203.390258299,305816.244183375,41.5,AVG
367730:8794,129:129,05/19/23 18:11:46,STABLE BEAMS,6800,322630.014598724,308485.909209480,41.7,AVG
367730:8794,130:130,05/19/23 18:12:10,STABLE BEAMS,6800,335550.696896719,315496.700794139,43.4,AVG
367730:8794,131:131,05/19/23 18:12:33,STABLE BEAMS,6800,337496.759989020,321028.047466964,43.6,AVG
367730:8794,132:132,05/19/23 18:12:56,STABLE BEAMS,6800,337356.781091862,320204.625535107,43.6,AVG
367730:8794,133:133,05/19/23 18:13:19,STABLE BEAMS,6800,337281.727376533,259439.943261047,43.6,AVG
367730:8794,134:134,05/19/23 18:13:43,STABLE BEAMS,6800,337182.360518649,315734.265117077,43.6,AVG
367730:8794,135:135,05/19/23 18:14:06,STABLE BEAMS,6800,337314.782061236,328239.601074852,43.6,AVG
367730:8794,136:136,05/19/23 18:14:29,STABLE BEAMS,6800,348550.985505192,339245.325599140,45.1,AVG
367730:8794,137:137,05/19/23 18:14:53,STABLE BEAMS,6800,353131.418387313,339164.142407595,45.6,AVG
367730:8794,138:138,05/19/23 18:15:16,STABLE BEAMS,6800,352912.015003753,270764.960189789,45.6,AVG
367730:8794,139:139,05/19/23 18:15:39,STABLE BEAMS,6800,352651.088129460,338219.981410776,45.6,AVG
367730:8794,140:140,05/19/23 18:16:03,STABLE BEAMS,6800,352469.268714974,335646.676434929,45.6,AVG
367730:8794,141:141,05/19/23 18:16:26,STABLE BEAMS,6800,352584.183862489,342926.184112086,45.6,AVG
367730:8794,142:142,05/19/23 18:16:49,STABLE BEAMS,6800,360157.410742127,342914.864582424,46.6,AVG
367730:8794,143:143,05/19/23 18:17:13,STABLE BEAMS,6800,368323.283875268,309238.179800060,47.6,AVG
367730:8794,144:144,05/19/23 18:17:36,STABLE BEAMS,6800,368094.479254515,311401.172338964,47.6,AVG
367730:8794,145:145,05/19/23 18:17:59,STABLE BEAMS,6800,367898.841210204,351246.630552393,47.6,AVG
367730:8794,146:146,05/19/23 18:18:22,STABLE BEAMS,6800,367697.832362398,346233.613513455,47.5,AVG
367730:8794,147:147,05/19/23 18:18:46,STABLE BEAMS,6800,367606.682554130,352332.254052385,47.5,AVG
367730:8794,148:148,05/19/23 18:19:09,STABLE BEAMS,6800,373917.735646354,361711.517745929,48.3,AVG
367730:8794,149:149,05/19/23 18:19:32,STABLE BEAMS,6800,385494.313761784,365704.443479939,49.8,AVG
367730:8794,150:150,05/19/23 18:19:56,STABLE BEAMS,6800,385368.974033874,366976.048379925,49.8,AVG
367730:8794,151:151,05/19/23 18:20:19,STABLE BEAMS,6800,385132.952395925,369112.629584273,49.8,AVG
367730:8794,152:152,05/19/23 18:20:42,STABLE BEAMS,6800,385027.596998901,373950.103573862,49.8,AVG
367730:8794,153:153,05/19/23 18:21:06,STABLE BEAMS,6800,384867.382014444,367889.465212414,49.7,AVG
367730:8794,154:154,05/19/23 18:21:29,STABLE BEAMS,6800,388994.301358939,377685.949668344,50.3,AVG
367730:8794,155:155,05/19/23 18:21:52,STABLE BEAMS,6800,401845.869528108,381523.455076428,51.9,AVG
367730:8794,156:156,05/19/23 18:22:16,STABLE BEAMS,6800,394733.622628629,377166.779115630,51.0,AVG
367730:8794,157:157,05/19/23 18:22:39,STABLE BEAMS,6800,392344.405308915,376217.603637661,50.7,AVG
367730:8794,158:158,05/19/23 18:23:02,STABLE BEAMS,6800,386243.902166365,377095.358183818,49.9,AVG
367730:8794,159:159,05/19/23 18:23:26,STABLE BEAMS,6800,394832.010433793,380600.934865099,51.0,AVG
367730:8794,160:160,05/19/23 18:23:49,STABLE BEAMS,6800,360665.921400781,353258.580035353,46.6,AVG
367730:8794,161:161,05/19/23 18:24:12,STABLE BEAMS,6800,401595.096829172,386646.341500831,51.9,AVG
367730:8794,162:162,05/19/23 18:24:35,STABLE BEAMS,6800,406168.699653029,390714.171449287,52.5,AVG
367730:8794,163:163,05/19/23 18:24:59,STABLE BEAMS,6800,405795.545364046,387293.827482734,52.5,AVG
367730:8794,164:164,05/19/23 18:25:22,STABLE BEAMS,6800,405589.934968454,386641.023293482,52.4,AVG
367730:8794,165:165,05/19/23 18:25:45,STABLE BEAMS,6800,405420.477260101,394762.936719034,52.4,AVG
367730:8794,166:166,05/19/23 18:26:09,STABLE BEAMS,6800,405014.541022530,388201.754913476,52.4,AVG
367730:8794,167:167,05/19/23 18:26:32,STABLE BEAMS,6800,405006.666641365,394368.956465072,52.3,AVG
367730:8794,168:168,05/19/23 18:26:55,STABLE BEAMS,6800,404783.118601289,235445.341628087,52.3,AVG
367730:8794,169:169,05/19/23 18:27:19,STABLE BEAMS,6800,414133.018466134,402363.815739726,53.5,AVG
367730:8794,170:170,05/19/23 18:27:42,STABLE BEAMS,6800,424188.067066366,405232.809833397,54.8,AVG
367730:8794,171:171,05/19/23 18:28:05,STABLE BEAMS,6800,424005.907314506,406166.367062530,54.8,AVG
367730:8794,172:172,05/19/23 18:28:29,STABLE BEAMS,6800,423762.372612467,406131.316269830,54.8,AVG
367730:8794,173:173,05/19/23 18:28:52,STABLE BEAMS,6800,423757.910929355,399949.623800953,54.8,AVG
367730:8794,174:174,05/19/23 18:29:15,STABLE BEAMS,6800,423584.082449930,236468.178897606,54.8,AVG
367730:8794,175:175,05/19/23 18:29:38,STABLE BEAMS,6800,426096.637101632,322931.701423399,55.1,AVG
367730:8794,176:176,05/19/23 18:30:02,STABLE BEAMS,6800,439693.695640424,381715.585562503,56.8,AVG
367730:8794,177:177,05/19/23 18:30:25,STABLE BEAMS,6800,441411.455293722,80848.320066373,57.1,AVG
367730:8794,178:178,05/19/23 18:30:48,STABLE BEAMS,6800,441205.164223382,426519.875743925,57.0,AVG
367730:8794,179:179,05/19/23 18:31:12,STABLE BEAMS,6800,440863.423540255,420014.119684149,57.0,AVG
367730:8794,180:180,05/19/23 18:31:35,STABLE BEAMS,6800,440658.726927203,381274.818342467,57.0,AVG
367730:8794,181:181,05/19/23 18:31:58,STABLE BEAMS,6800,440541.809383766,339714.432325209,56.9,AVG
367730:8794,182:182,05/19/23 18:32:22,STABLE BEAMS,6800,440393.611105913,425709.201756426,56.9,AVG
367730:8794,183:183,05/19/23 18:32:45,STABLE BEAMS,6800,440130.136363469,425524.641770474,56.9,AVG
367730:8794,184:184,05/19/23 18:33:08,STABLE BEAMS,6800,439978.478766004,426136.245185003,56.9,AVG
367730:8794,185:185,05/19/23 18:33:32,STABLE BEAMS,6800,439853.276571691,420323.127881137,56.9,AVG
367730:8794,186:186,05/19/23 18:33:55,STABLE BEAMS,6800,439582.288765157,425879.701751265,56.8,AVG
367730:8794,187:187,05/19/23 18:34:18,STABLE BEAMS,6800,439281.069209264,419530.963037568,56.8,AVG
367730:8794,188:188,05/19/23 18:34:42,STABLE BEAMS,6800,439326.644113398,425672.261479770,56.8,AVG
367730:8794,189:189,05/19/23 18:35:05,STABLE BEAMS,6800,438942.834467307,420328.190593607,56.7,AVG
367730:8794,190:190,05/19/23 18:35:28,STABLE BEAMS,6800,438813.168258805,425336.628773439,56.7,AVG
367730:8794,191:191,05/19/23 18:35:51,STABLE BEAMS,6800,438556.386041028,342487.052547893,56.7,AVG
367730:8794,192:192,05/19/23 18:36:15,STABLE BEAMS,6800,437875.639029157,424389.940500643,56.6,AVG
367730:8794,193:193,05/19/23 18:36:38,STABLE BEAMS,6800,438175.991424069,424809.432937131,56.6,AVG
367730:8794,194:194,05/19/23 18:37:01,STABLE BEAMS,6800,437420.668567841,419165.289735056,56.5,AVG
367730:8794,195:195,05/19/23 18:37:25,STABLE BEAMS,6800,437309.168449457,423972.466207391,56.5,AVG
367730:8794,196:196,05/19/23 18:37:48,STABLE BEAMS,6800,437324.830961905,424100.428953101,56.5,AVG
367730:8794,197:197,05/19/23 18:38:11,STABLE BEAMS,6800,437596.091504554,424590.725469050,56.6,AVG
367730:8794,198:198,05/19/23 18:38:35,STABLE BEAMS,6800,437322.008026561,418188.062657414,56.5,AVG
367730:8794,199:199,05/19/23 18:38:58,STABLE BEAMS,6800,437007.221597258,423796.029842214,56.5,AVG
367730:8794,200:200,05/19/23 18:39:21,STABLE BEAMS,6800,436764.642637160,417693.778535165,56.5,AVG
367730:8794,201:201,05/19/23 18:39:45,STABLE BEAMS,6800,436675.907825603,423568.799363936,56.4,AVG
367730:8794,202:202,05/19/23 18:40:08,STABLE BEAMS,6800,436549.747558270,423456.505549977,56.4,AVG
367730:8794,203:203,05/19/23 18:40:31,STABLE BEAMS,6800,436410.155620045,421627.514449575,56.4,AVG
367730:8794,204:204,05/19/23 18:40:55,STABLE BEAMS,6800,436292.235713109,350590.065662472,56.4,AVG
367730:8794,205:205,05/19/23 18:41:18,STABLE BEAMS,6800,444909.391542320,406609.310601798,57.5,AVG
367730:8794,206:206,05/19/23 18:41:41,STABLE BEAMS,6800,455136.497002769,432998.626566191,58.8,AVG
367730:8794,207:207,05/19/23 18:42:04,STABLE BEAMS,6800,455681.020483988,427400.233122620,58.9,AVG
367730:8794,208:208,05/19/23 18:42:28,STABLE BEAMS,6800,455263.156120774,341040.044965852,58.8,AVG
367730:8794,209:209,05/19/23 18:42:51,STABLE BEAMS,6800,455092.423312807,438902.366817303,58.8,AVG
367730:8794,210:210,05/19/23 18:43:14,STABLE BEAMS,6800,454763.659740381,438544.099662475,58.8,AVG
367730:8794,211:211,05/19/23 18:43:38,STABLE BEAMS,6800,454311.740660042,438078.039481369,58.7,AVG
367730:8794,212:212,05/19/23 18:44:01,STABLE BEAMS,6800,454077.404391419,438009.966116286,58.7,AVG
367730:8794,213:213,05/19/23 18:44:24,STABLE BEAMS,6800,453756.790267351,437842.240481609,58.7,AVG
367730:8794,214:214,05/19/23 18:44:48,STABLE BEAMS,6800,454093.838490654,437990.933892657,58.7,AVG
367730:8794,215:215,05/19/23 18:45:11,STABLE BEAMS,6800,453921.830583073,177239.812734055,58.7,AVG
367730:8794,216:216,05/19/23 18:45:34,STABLE BEAMS,6800,453379.945882043,388206.377360803,58.6,AVG
367730:8794,217:217,05/19/23 18:45:58,STABLE BEAMS,6800,453044.809142623,437373.927444372,58.6,AVG
367730:8794,218:218,05/19/23 18:46:21,STABLE BEAMS,6800,452723.922282440,437045.918871996,58.5,AVG
367730:8794,219:219,05/19/23 18:46:44,STABLE BEAMS,6800,452450.566100754,436723.975097306,58.5,AVG
367730:8794,220:220,05/19/23 18:47:08,STABLE BEAMS,6800,452038.848789977,436390.160554332,58.4,AVG
367730:8794,221:221,05/19/23 18:47:31,STABLE BEAMS,6800,451901.760429423,436415.900341914,58.4,AVG
367730:8794,222:222,05/19/23 18:47:54,STABLE BEAMS,6800,451652.899214369,436036.793096013,58.4,AVG
367730:8794,223:223,05/19/23 18:48:17,STABLE BEAMS,6800,451454.941747542,436121.525660034,58.4,AVG
367730:8794,224:224,05/19/23 18:48:41,STABLE BEAMS,6800,450854.414119639,435531.233262335,58.3,AVG
367730:8794,225:225,05/19/23 18:49:04,STABLE BEAMS,6800,450917.563020104,435738.254121734,58.3,AVG
367730:8794,226:226,05/19/23 18:49:27,STABLE BEAMS,6800,450634.418642292,435583.006175856,58.2,AVG
367730:8794,227:227,05/19/23 18:49:51,STABLE BEAMS,6800,449862.295707597,434712.411970628,58.1,AVG
367730:8794,228:228,05/19/23 18:50:14,STABLE BEAMS,6800,449102.100898546,427658.574802943,58.0,AVG
367730:8794,229:229,05/19/23 18:50:37,STABLE BEAMS,6800,449333.203962114,336475.839365140,58.1,AVG
367730:8794,230:230,05/19/23 18:51:01,STABLE BEAMS,6800,449779.341969246,434814.281184481,58.1,AVG
367730:8794,231:231,05/19/23 18:51:24,STABLE BEAMS,6800,449252.665220473,434365.817659838,58.1,AVG
367730:8794,232:232,05/19/23 18:51:47,STABLE BEAMS,6800,448931.048732906,434115.588371624,58.0,AVG
367730:8794,233:233,05/19/23 18:52:11,STABLE BEAMS,6800,449219.929893444,419836.456255681,58.1,AVG
367730:8794,234:234,05/19/23 18:52:34,STABLE BEAMS,6800,449249.842285129,422843.629613341,58.1,AVG
367730:8794,235:235,05/19/23 18:52:57,STABLE BEAMS,6800,449279.479609622,428205.476733793,58.1,AVG
367730:8794,236:236,05/19/23 18:53:21,STABLE BEAMS,6800,448854.104513396,428820.627868045,58.0,AVG
367730:8794,237:237,05/19/23 18:53:44,STABLE BEAMS,6800,446815.912560107,415652.871364237,57.8,AVG
367730:8794,238:238,05/19/23 18:54:07,STABLE BEAMS,6800,446586.037974595,425054.611693074,57.7,AVG
367730:8794,239:239,05/19/23 18:54:30,STABLE BEAMS,6800,446965.658673689,432384.917217001,57.8,AVG
367730:8794,240:240,05/19/23 18:54:54,STABLE BEAMS,6800,446794.788332126,337385.974856593,57.8,AVG
367730:8794,241:241,05/19/23 18:55:17,STABLE BEAMS,6800,446745.162014592,431964.631701203,57.7,AVG
367730:8794,242:242,05/19/23 18:55:40,STABLE BEAMS,6800,447368.042348532,427766.229118092,57.8,AVG
367730:8794,243:243,05/19/23 18:56:04,STABLE BEAMS,6800,446938.795331904,425229.729474415,57.8,AVG
367730:8794,244:244,05/19/23 18:56:27,STABLE BEAMS,6800,446604.933692098,412207.423083608,57.7,AVG
367730:8794,245:245,05/19/23 18:56:50,STABLE BEAMS,6800,445416.447608361,354442.152357529,57.6,AVG
367730:8794,246:246,05/19/23 18:57:14,STABLE BEAMS,6800,445444.856454797,416695.009631020,57.6,AVG
367730:8794,247:247,05/19/23 18:57:37,STABLE BEAMS,6800,445474.862089599,431206.832728335,57.6,AVG
367730:8794,248:248,05/19/23 18:58:00,STABLE BEAMS,6800,444921.867471271,424523.762279835,57.5,AVG
367730:8794,249:249,05/19/23 18:58:24,STABLE BEAMS,6800,443002.961436571,428931.644490631,57.3,AVG
367730:8794,250:250,05/19/23 18:58:47,STABLE BEAMS,6800,443349.893430194,429059.662325194,57.3,AVG
367730:8794,251:251,05/19/23 18:59:10,STABLE BEAMS,6800,443715.352831011,429301.060898560,57.4,AVG
367730:8794,252:252,05/19/23 18:59:33,STABLE BEAMS,6800,443576.215452977,421327.322299744,57.3,AVG
367730:8794,253:253,05/19/23 18:59:57,STABLE BEAMS,6800,443435.576860772,424546.365128574,57.3,AVG
367730:8794,254:254,05/19/23 19:00:20,STABLE BEAMS,6800,443077.173632776,428900.895403305,57.3,AVG
367730:8794,255:255,05/19/23 19:00:43,STABLE BEAMS,6800,442744.221113353,327793.472414865,57.2,AVG
367730:8794,256:256,05/19/23 19:01:07,STABLE BEAMS,6800,443596.430560575,429638.935962398,57.3,AVG
367730:8794,257:257,05/19/23 19:01:30,STABLE BEAMS,6800,443796.075727806,429647.482092197,57.4,AVG
367730:8794,258:258,05/19/23 19:01:53,STABLE BEAMS,6800,443373.703059922,429420.904077237,57.3,AVG
367730:8794,259:259,05/19/23 19:02:17,STABLE BEAMS,6800,443232.838353161,382889.407531307,57.3,AVG
367730:8794,260:260,05/19/23 19:02:40,STABLE BEAMS,6800,443231.425719950,255655.221064897,57.3,AVG
367730:8794,261:261,05/19/23 19:03:03,STABLE BEAMS,6800,442956.887681765,429070.855150031,57.3,AVG
367730:8794,262:262,05/19/23 19:03:27,STABLE BEAMS,6800,442159.493531495,428075.314006641,57.2,AVG
367730:8794,263:263,05/19/23 19:03:50,STABLE BEAMS,6800,442213.126971949,428504.193240318,57.2,AVG
367730:8794,264:264,05/19/23 19:04:13,STABLE BEAMS,6800,442237.941296255,403030.719379141,57.2,AVG
367730:8794,265:265,05/19/23 19:04:37,STABLE BEAMS,6800,441692.005181825,353221.816943566,57.1,AVG
367730:8794,266:266,05/19/23 19:05:00,STABLE BEAMS,6800,441138.099112036,427323.049873475,57.0,AVG
367730:8794,267:267,05/19/23 19:05:23,STABLE BEAMS,6800,441160.682594786,427386.718235029,57.0,AVG
367730:8794,268:268,05/19/23 19:05:46,STABLE BEAMS,6800,441142.061944476,427329.236978196,57.0,AVG
367730:8794,269:269,05/19/23 19:06:10,STABLE BEAMS,6800,440744.366067301,422166.307134532,57.0,AVG
367730:8794,270:270,05/19/23 19:06:33,STABLE BEAMS,6800,440346.581609166,427075.188761516,56.9,AVG
367730:8794,271:271,05/19/23 19:06:56,STABLE BEAMS,6800,440699.474168994,427407.095351080,57.0,AVG
367730:8794,272:272,05/19/23 19:07:20,STABLE BEAMS,6800,440689.093879080,427431.751631688,57.0,AVG
367730:8794,273:273,05/19/23 19:07:43,STABLE BEAMS,6800,440500.831365262,427201.709926037,56.9,AVG
367730:8794,274:274,05/19/23 19:08:06,STABLE BEAMS,6800,440167.606109725,427078.490651440,56.9,AVG
367730:8794,275:275,05/19/23 19:08:30,STABLE BEAMS,6800,439667.198277871,426467.306173193,56.8,AVG
367730:8794,276:276,05/19/23 19:08:53,STABLE BEAMS,6800,439743.597025151,426690.881365811,56.8,AVG
367730:8794,277:277,05/19/23 19:09:16,STABLE BEAMS,6800,439657.955553975,426742.662462593,56.8,AVG
367730:8794,278:278,05/19/23 19:09:40,STABLE BEAMS,6800,439631.868461132,426506.746690820,56.8,AVG
367730:8794,279:279,05/19/23 19:10:03,STABLE BEAMS,6800,438684.914683513,425720.590171844,56.7,AVG
367730:8794,280:280,05/19/23 19:10:26,STABLE BEAMS,6800,438799.692297432,425643.013642701,56.7,AVG
367730:8794,281:281,05/19/23 19:10:50,STABLE BEAMS,6800,438772.239192937,425711.366806590,56.7,AVG
367730:8794,282:282,05/19/23 19:11:13,STABLE BEAMS,6800,438191.381200402,425158.141107238,56.6,AVG
367730:8794,283:283,05/19/23 19:11:36,STABLE BEAMS,6800,437650.724977429,424553.575464461,56.6,AVG
367730:8794,284:284,05/19/23 19:11:59,STABLE BEAMS,6800,435633.706204757,422761.442186136,56.3,AVG
367730:8794,285:285,05/19/23 19:12:23,STABLE BEAMS,6800,435494.706360320,422577.241629882,56.3,AVG
367730:8794,286:286,05/19/23 19:12:46,STABLE BEAMS,6800,435341.547548684,422361.840309806,56.3,AVG
367730:8794,287:287,05/19/23 19:13:09,STABLE BEAMS,6800,435338.085897994,422073.712032938,56.3,AVG
367730:8794,288:288,05/19/23 19:13:33,STABLE BEAMS,6800,435398.276660597,422588.187236922,56.3,AVG
367730:8794,289:289,05/19/23 19:13:56,STABLE BEAMS,6800,444501.543820866,430224.652386220,57.5,AVG
367730:8794,290:290,05/19/23 19:14:19,STABLE BEAMS,6800,456917.540759050,440317.410087877,59.1,AVG
367730:8794,291:291,05/19/23 19:14:43,STABLE BEAMS,6800,457275.943987046,440524.470969564,59.1,AVG
367730:8794,292:292,05/19/23 19:15:06,STABLE BEAMS,6800,457239.201537097,440633.039841552,59.1,AVG
367730:8794,293:293,05/19/23 19:15:29,STABLE BEAMS,6800,457227.909795722,440701.874648862,59.1,AVG
367730:8794,294:294,05/19/23 19:15:53,STABLE BEAMS,6800,457301.257162024,440885.842001601,59.1,AVG
367730:8794,295:295,05/19/23 19:16:16,STABLE BEAMS,6800,457085.450631673,440751.304546727,59.1,AVG
367730:8794,296:296,05/19/23 19:16:39,STABLE BEAMS,6800,456367.823636257,439859.266124703,59.0,AVG
367730:8794,297:297,05/19/23 19:17:02,STABLE BEAMS,6800,456176.239336424,439745.615988304,59.0,AVG
367730:8794,298:298,05/19/23 19:17:26,STABLE BEAMS,6800,456497.900114471,440275.588963932,59.0,AVG
367730:8794,299:299,05/19/23 19:17:49,STABLE BEAMS,6800,455656.252781240,439509.232185797,58.9,AVG
367730:8794,300:300,05/19/23 19:18:12,STABLE BEAMS,6800,455007.420556976,439000.995749289,58.8,AVG
367730:8794,301:301,05/19/23 19:18:36,STABLE BEAMS,6800,455010.744674070,438959.884200275,58.8,AVG
367730:8794,302:302,05/19/23 19:18:59,STABLE BEAMS,6800,455142.823548205,439095.778192886,58.8,AVG
367730:8794,303:303,05/19/23 19:19:22,STABLE BEAMS,6800,454711.210487503,438418.020856049,58.8,AVG
367730:8794,304:304,05/19/23 19:19:46,STABLE BEAMS,6800,454358.772487867,438322.268349176,58.7,AVG
367730:8794,305:305,05/19/23 19:20:09,STABLE BEAMS,6800,454304.957223337,438340.296729945,58.7,AVG
367730:8794,306:306,05/19/23 19:20:32,STABLE BEAMS,6800,454292.938185655,438326.562557711,58.7,AVG
367730:8794,307:307,05/19/23 19:20:56,STABLE BEAMS,6800,453727.241523819,438041.454207989,58.6,AVG
367730:8794,308:308,05/19/23 19:21:19,STABLE BEAMS,6800,453519.402617750,436991.310669429,58.6,AVG
367730:8794,309:309,05/19/23 19:21:42,STABLE BEAMS,6800,453451.563588539,431428.813241344,58.6,AVG
367730:8794,310:310,05/19/23 19:22:05,STABLE BEAMS,6800,453554.685812930,425451.693786342,58.6,AVG
367730:8794,311:311,05/19/23 19:22:29,STABLE BEAMS,6800,453433.259964824,431730.401789673,58.6,AVG
367730:8794,312:312,05/19/23 19:22:52,STABLE BEAMS,6800,453289.800768353,432752.373845305,58.6,AVG
367730:8794,313:313,05/19/23 19:23:15,STABLE BEAMS,6800,452784.064092407,402145.259891608,58.5,AVG
367730:8794,314:314,05/19/23 19:23:39,STABLE BEAMS,6800,452829.457172464,295211.908922042,58.5,AVG
367730:8794,315:315,05/19/23 19:24:02,STABLE BEAMS,6800,451805.831911448,422156.119282482,58.4,AVG
367730:8794,316:316,05/19/23 19:24:25,STABLE BEAMS,6800,451892.291590970,430522.370284501,58.4,AVG
367730:8794,317:317,05/19/23 19:24:49,STABLE BEAMS,6800,451581.328129431,436621.245659179,58.4,AVG
367730:8794,318:318,05/19/23 19:25:12,STABLE BEAMS,6800,451243.687812341,431273.407725819,58.3,AVG
367730:8794,319:319,05/19/23 19:25:35,STABLE BEAMS,6800,450125.453423446,428984.350980709,58.2,AVG
367730:8794,320:320,05/19/23 19:25:59,STABLE BEAMS,6800,450097.179779528,429085.753225218,58.2,AVG
367730:8794,321:321,05/19/23 19:26:22,STABLE BEAMS,6800,450415.290325925,435574.821769167,58.2,AVG
367730:8794,322:322,05/19/23 19:26:45,STABLE BEAMS,6800,449926.945822233,426713.991425884,58.2,AVG
367730:8794,323:323,05/19/23 19:27:09,STABLE BEAMS,6800,449132.740586538,429455.772300326,58.1,AVG
367730:8794,324:324,05/19/23 19:27:32,STABLE BEAMS,6800,449513.862499803,434654.106717519,58.1,AVG
367730:8794,325:325,05/19/23 19:27:55,STABLE BEAMS,6800,449973.385556270,427419.849583641,58.2,AVG
367730:8794,326:326,05/19/23 19:28:18,STABLE BEAMS,6800,449505.577848927,426523.767392904,58.1,AVG
367730:8794,327:327,05/19/23 19:28:42,STABLE BEAMS,6800,449746.562351737,357747.787628252,58.1,AVG
367730:8794,328:328,05/19/23 19:29:05,STABLE BEAMS,6800,449498.428432990,394487.627231999,58.1,AVG
367730:8794,329:329,05/19/23 19:29:28,STABLE BEAMS,6800,449261.814701253,202166.338544193,58.1,AVG
367730:8794,330:330,05/19/23 19:29:52,STABLE BEAMS,6800,448833.297312010,419862.991813635,58.0,AVG
367730:8794,331:331,05/19/23 19:30:15,STABLE BEAMS,6800,449389.387601796,433842.073003537,58.1,AVG
367730:8794,332:332,05/19/23 19:30:38,STABLE BEAMS,6800,448872.906987783,434343.761712253,58.0,AVG
367730:8794,333:333,05/19/23 19:31:02,STABLE BEAMS,6800,448665.932911616,434292.957932263,58.0,AVG
367730:8794,334:334,05/19/23 19:31:25,STABLE BEAMS,6800,447755.446516753,433445.739856833,57.9,AVG
367730:8794,335:335,05/19/23 19:31:48,STABLE BEAMS,6800,446689.708002294,432628.548596346,57.7,AVG
367730:8794,336:336,05/19/23 19:32:12,STABLE BEAMS,6800,445041.789774128,431177.350293355,57.5,AVG
367730:8794,337:337,05/19/23 19:32:35,STABLE BEAMS,6800,444664.674983783,430998.082196434,57.5,AVG
367730:8794,338:338,05/19/23 19:32:58,STABLE BEAMS,6800,444735.882420567,430900.473909078,57.5,AVG
367730:8794,339:339,05/19/23 19:33:21,STABLE BEAMS,6800,443743.808299005,430057.887944332,57.4,AVG
367730:8794,340:340,05/19/23 19:33:45,STABLE BEAMS,6800,442116.014266399,428765.158583142,57.1,AVG
367730:8794,341:341,05/19/23 19:34:08,STABLE BEAMS,6800,442581.684375303,413524.834396865,57.2,AVG
367730:8794,342:342,05/19/23 19:34:31,STABLE BEAMS,6800,444057.683276848,258718.049529714,57.4,AVG
367730:8794,343:343,05/19/23 19:34:55,STABLE BEAMS,6800,443833.454562023,430052.423978155,57.4,AVG
367730:8794,344:344,05/19/23 19:35:18,STABLE BEAMS,6800,444175.102002034,430470.028771470,57.4,AVG
367730:8794,345:345,05/19/23 19:35:41,STABLE BEAMS,6800,444571.385245998,430865.930299940,57.5,AVG
367730:8794,346:346,05/19/23 19:36:05,STABLE BEAMS,6800,444720.038084042,430981.213403752,57.5,AVG
367730:8794,347:347,05/19/23 19:36:28,STABLE BEAMS,6800,444997.855948840,431029.132818264,57.5,AVG
367730:8794,348:348,05/19/23 19:36:51,STABLE BEAMS,6800,444899.148786002,335717.783379876,57.5,AVG
367730:8794,349:349,05/19/23 19:37:15,STABLE BEAMS,6800,444496.946935236,430877.150432707,57.5,AVG
367730:8794,350:350,05/19/23 19:37:38,STABLE BEAMS,6800,444337.048977375,430685.352434588,57.4,AVG
367730:8794,351:351,05/19/23 19:38:01,STABLE BEAMS,6800,443695.137723413,429995.174669479,57.4,AVG
367730:8794,352:352,05/19/23 19:38:25,STABLE BEAMS,6800,443604.717542530,430165.729392837,57.3,AVG
367730:8794,353:353,05/19/23 19:38:48,STABLE BEAMS,6800,444620.557003340,430894.219385088,57.5,AVG
367730:8794,354:354,05/19/23 19:39:11,STABLE BEAMS,6800,444030.274462833,430300.207960896,57.4,AVG
367730:8794,355:355,05/19/23 19:39:35,STABLE BEAMS,6800,444369.921838000,430864.145921545,57.4,AVG
367730:8794,356:356,05/19/23 19:39:58,STABLE BEAMS,6800,443409.307943853,429793.359985598,57.3,AVG
367730:8794,357:357,05/19/23 19:40:21,STABLE BEAMS,6800,443451.285994779,429823.979329553,57.3,AVG
367730:8794,358:358,05/19/23 19:40:44,STABLE BEAMS,6800,443109.818047767,429650.592527257,57.3,AVG
367730:8794,359:359,05/19/23 19:41:08,STABLE BEAMS,6800,443220.681781882,429678.019954402,57.3,AVG
367730:8794,360:360,05/19/23 19:41:31,STABLE BEAMS,6800,443646.604681417,430210.774356986,57.3,AVG
367730:8794,361:361,05/19/23 19:41:54,STABLE BEAMS,6800,442486.254708000,429036.275382838,57.2,AVG
367730:8794,362:362,05/19/23 19:42:18,STABLE BEAMS,6800,440957.214459790,427533.535231598,57.0,AVG
367730:8794,363:363,05/19/23 19:42:41,STABLE BEAMS,6800,440379.724874829,426931.832834201,56.9,AVG
367730:8794,364:364,05/19/23 19:43:04,STABLE BEAMS,6800,440572.129714085,427349.038717687,56.9,AVG
367730:8794,365:365,05/19/23 19:43:28,STABLE BEAMS,6800,440572.677517393,427403.083402712,56.9,AVG
367730:8794,366:366,05/19/23 19:43:51,STABLE BEAMS,6800,439891.520235811,426684.135500407,56.9,AVG
367730:8794,367:367,05/19/23 19:44:14,STABLE BEAMS,6800,439648.032155330,426371.429341598,56.8,AVG
367730:8794,368:368,05/19/23 19:44:38,STABLE BEAMS,6800,440467.322120368,426731.873276625,56.9,AVG
367730:8794,369:369,05/19/23 19:45:01,STABLE BEAMS,6800,440357.644904907,427027.345995046,56.9,AVG
367730:8794,370:370,05/19/23 19:45:24,STABLE BEAMS,6800,440373.897180065,332605.585172064,56.9,AVG
367730:8794,371:371,05/19/23 19:45:47,STABLE BEAMS,6800,440054.786601246,426972.935025256,56.9,AVG
367730:8794,372:372,05/19/23 19:46:11,STABLE BEAMS,6800,439431.449376037,426347.540384729,56.8,AVG
367730:8794,373:373,05/19/23 19:46:34,STABLE BEAMS,6800,439542.494934229,426197.976524627,56.8,AVG
367730:8794,374:374,05/19/23 19:46:57,STABLE BEAMS,6800,439719.146348999,426516.534040573,56.8,AVG
367730:8794,375:375,05/19/23 19:47:21,STABLE BEAMS,6800,439587.750480690,426253.873100078,56.8,AVG
367730:8794,376:376,05/19/23 19:47:44,STABLE BEAMS,6800,439225.295839293,426267.242216495,56.8,AVG
367730:8794,377:377,05/19/23 19:48:07,STABLE BEAMS,6800,438906.457996590,425801.661481074,56.7,AVG
367730:8794,378:378,05/19/23 19:48:31,STABLE BEAMS,6800,438437.783128265,425512.245669016,56.7,AVG
367730:8794,379:379,05/19/23 19:48:54,STABLE BEAMS,6800,438263.225021455,425372.085219453,56.6,AVG
367730:8794,380:380,05/19/23 19:49:17,STABLE BEAMS,6800,437787.675804387,424814.706033549,56.6,AVG
367730:8794,381:381,05/19/23 19:49:41,STABLE BEAMS,6800,437548.285758864,424675.097047159,56.6,AVG
367730:8794,382:382,05/19/23 19:50:04,STABLE BEAMS,6800,437451.126431756,423748.326243969,56.5,AVG
367730:8794,383:383,05/19/23 19:50:27,STABLE BEAMS,6800,443604.990278645,342955.045030522,57.3,AVG
367730:8794,384:384,05/19/23 19:50:51,STABLE BEAMS,6800,458756.451193261,442170.417461543,59.3,AVG
367730:8794,385:385,05/19/23 19:51:14,STABLE BEAMS,6800,460562.306942770,443552.123682832,59.5,AVG
367730:8794,386:386,05/19/23 19:51:37,STABLE BEAMS,6800,460252.254932692,443484.674873902,59.5,AVG
367730:8794,387:387,05/19/23 19:52:00,STABLE BEAMS,6800,460266.688967084,433290.058953318,59.5,AVG
367730:8794,388:388,05/19/23 19:52:24,STABLE BEAMS,6800,459700.309299422,431549.232187668,59.4,AVG
367730:8794,389:389,05/19/23 19:52:47,STABLE BEAMS,6800,459449.445688448,434162.038796217,59.4,AVG
367730:8794,390:390,05/19/23 19:53:10,STABLE BEAMS,6800,459561.810636735,436577.530864301,59.4,AVG
367730:8794,391:391,05/19/23 19:53:34,STABLE BEAMS,6800,459578.930072874,425460.862501908,59.4,AVG
367730:8794,392:392,05/19/23 19:53:57,STABLE BEAMS,6800,459000.212009857,442650.186617763,59.3,AVG
367730:8794,393:393,05/19/23 19:54:20,STABLE BEAMS,6800,458633.204773310,430103.910126498,59.3,AVG
367730:8794,394:394,05/19/23 19:54:44,STABLE BEAMS,6800,457971.395438346,441992.584171924,59.2,AVG
367730:8794,395:395,05/19/23 19:55:07,STABLE BEAMS,6800,457904.742927789,433255.167026828,59.2,AVG
367730:8794,396:396,05/19/23 19:55:30,STABLE BEAMS,6800,457498.396420506,441560.862189473,59.1,AVG
367730:8794,397:397,05/19/23 19:55:54,STABLE BEAMS,6800,456851.932571395,434676.719362650,59.1,AVG
367730:8794,398:398,05/19/23 19:56:17,STABLE BEAMS,6800,456856.895436256,441008.298198498,59.1,AVG
367730:8794,399:399,05/19/23 19:56:40,STABLE BEAMS,6800,456438.802627407,439835.872995619,59.0,AVG
367730:8794,400:400,05/19/23 19:57:03,STABLE BEAMS,6800,455617.372732852,346141.412171880,58.9,AVG
367730:8794,401:401,05/19/23 19:57:27,STABLE BEAMS,6800,455866.322528865,439494.388609540,58.9,AVG
367730:8794,402:402,05/19/23 19:57:50,STABLE BEAMS,6800,456491.160968246,440499.824997103,59.0,AVG
367730:8794,403:403,05/19/23 19:58:13,STABLE BEAMS,6800,456222.313091230,440317.407323560,59.0,AVG
367730:8794,404:404,05/19/23 19:58:37,STABLE BEAMS,6800,456041.745465579,344653.352125577,58.9,AVG
367730:8794,405:405,05/19/23 19:59:00,STABLE BEAMS,6800,456024.763563036,393607.391897617,58.9,AVG
367730:8794,406:406,05/19/23 19:59:23,STABLE BEAMS,6800,456075.438865627,389927.138350304,59.0,AVG
367730:8794,407:407,05/19/23 19:59:47,STABLE BEAMS,6800,455709.294127906,439753.396279230,58.9,AVG
367730:8794,408:408,05/19/23 20:00:10,STABLE BEAMS,6800,455268.438343308,439631.732880639,58.8,AVG
367730:8794,409:409,05/19/23 20:00:33,STABLE BEAMS,6800,455542.612733339,433639.945249307,58.9,AVG
367730:8794,410:410,05/19/23 20:00:57,STABLE BEAMS,6800,455312.691526269,439710.621745168,58.9,AVG
367730:8794,411:411,05/19/23 20:01:20,STABLE BEAMS,6800,454776.681141562,439143.402013718,58.8,AVG
367730:8794,412:412,05/19/23 20:01:43,STABLE BEAMS,6800,454525.952733106,438831.126359899,58.8,AVG
367730:8794,413:413,05/19/23 20:02:06,STABLE BEAMS,6800,454604.901679615,438922.235365317,58.8,AVG
367730:8794,414:414,05/19/23 20:02:30,STABLE BEAMS,6800,454333.049043178,438414.698903746,58.7,AVG
367730:8794,415:415,05/19/23 20:02:53,STABLE BEAMS,6800,453733.069218583,437887.574792971,58.6,AVG
367730:8794,416:416,05/19/23 20:03:16,STABLE BEAMS,6800,453634.590501381,437664.246565683,58.6,AVG
367730:8794,417:417,05/19/23 20:03:40,STABLE BEAMS,6800,453566.798093728,437589.503684286,58.6,AVG
367730:8794,418:418,05/19/23 20:04:03,STABLE BEAMS,6800,453046.585423987,437370.042401603,58.6,AVG
367730:8794,419:419,05/19/23 20:04:26,STABLE BEAMS,6800,452447.288605219,436808.216376323,58.5,AVG
367730:8794,420:420,05/19/23 20:04:50,STABLE BEAMS,6800,452753.697140529,437110.162987424,58.5,AVG
367730:8794,421:421,05/19/23 20:05:13,STABLE BEAMS,6800,452593.435534515,436812.366302517,58.5,AVG
367730:8794,422:422,05/19/23 20:05:36,STABLE BEAMS,6800,451889.788013299,339186.701667254,58.4,AVG
367730:8794,423:423,05/19/23 20:06:00,STABLE BEAMS,6800,451309.020932803,416939.357420987,58.3,AVG
367730:8794,424:424,05/19/23 20:06:23,STABLE BEAMS,6800,451626.266649297,436581.339011959,58.4,AVG
367730:8794,425:425,05/19/23 20:06:46,STABLE BEAMS,6800,451615.019198402,436580.291445824,58.4,AVG
367730:8794,426:426,05/19/23 20:07:10,STABLE BEAMS,6800,450655.134931640,435768.463236865,58.3,AVG
367730:8794,427:427,05/19/23 20:07:33,STABLE BEAMS,6800,450141.978434719,435328.939291906,58.2,AVG
367730:8794,428:428,05/19/23 20:07:56,STABLE BEAMS,6800,450982.441580375,436152.004897397,58.3,AVG
367730:8794,429:429,05/19/23 20:08:20,STABLE BEAMS,6800,450853.731113813,436145.452387016,58.3,AVG
367730:8794,430:430,05/19/23 20:08:43,STABLE BEAMS,6800,450472.063728318,341378.348420805,58.2,AVG
367730:8794,431:431,05/19/23 20:09:06,STABLE BEAMS,6800,450271.099170992,435566.798327251,58.2,AVG
367730:8794,432:432,05/19/23 20:09:29,STABLE BEAMS,6800,449648.720018802,434979.055755357,58.1,AVG
367730:8794,433:433,05/19/23 20:09:53,STABLE BEAMS,6800,449371.948807984,435007.267797465,58.1,AVG
367730:8794,434:434,05/19/23 20:10:16,STABLE BEAMS,6800,449391.982091505,434450.403333591,58.1,AVG
367730:8794,435:435,05/19/23 20:10:39,STABLE BEAMS,6800,449005.897313379,434779.283346716,58.0,AVG
367730:8794,436:436,05/19/23 20:11:03,STABLE BEAMS,6800,448244.791052867,434139.968226840,57.9,AVG
367730:8794,437:437,05/19/23 20:11:26,STABLE BEAMS,6800,448280.622051355,433884.231261884,57.9,AVG
367730:8794,438:438,05/19/23 20:11:49,STABLE BEAMS,6800,448500.116346952,434319.719083867,58.0,AVG
367730:8794,439:439,05/19/23 20:12:13,STABLE BEAMS,6800,448489.873590635,434162.909068977,58.0,AVG
367730:8794,440:440,05/19/23 20:12:36,STABLE BEAMS,6800,448128.011043026,433935.401101822,57.9,AVG
367730:8794,441:441,05/19/23 20:12:59,STABLE BEAMS,6800,447863.988497275,433719.994443377,57.9,AVG
367730:8794,442:442,05/19/23 20:13:23,STABLE BEAMS,6800,447434.832392685,433387.547730135,57.8,AVG
367730:8794,443:443,05/19/23 20:13:46,STABLE BEAMS,6800,447679.322836665,433391.107867534,57.9,AVG
367730:8794,444:444,05/19/23 20:14:09,STABLE BEAMS,6800,447688.201912408,359174.556515720,57.9,AVG
367730:8794,445:445,05/19/23 20:14:33,STABLE BEAMS,6800,447038.323034164,356884.614498591,57.8,AVG
367730:8794,446:446,05/19/23 20:14:56,STABLE BEAMS,6800,446921.950962958,414192.162346901,57.8,AVG
367730:8794,447:447,05/19/23 20:15:19,STABLE BEAMS,6800,447054.120749131,432697.579977290,57.8,AVG
367730:8794,448:448,05/19/23 20:15:42,STABLE BEAMS,6800,447050.614807961,433057.926853952,57.8,AVG
367730:8794,449:449,05/19/23 20:16:06,STABLE BEAMS,6800,446439.527397146,432478.724252610,57.7,AVG
367730:8794,450:450,05/19/23 20:16:29,STABLE BEAMS,6800,446285.137776376,323453.072933198,57.7,AVG
367730:8794,451:451,05/19/23 20:16:52,STABLE BEAMS,6800,445649.692932524,431821.284568958,57.6,AVG
367730:8794,452:452,05/19/23 20:17:16,STABLE BEAMS,6800,445484.512752128,431792.359104648,57.6,AVG
367730:8794,453:453,05/19/23 20:17:39,STABLE BEAMS,6800,444590.644611654,430907.708595936,57.5,AVG
367730:8794,454:454,05/19/23 20:18:02,STABLE BEAMS,6800,444414.585290673,431007.060332451,57.4,AVG
367730:8794,455:455,05/19/23 20:18:26,STABLE BEAMS,6800,444350.935208459,430849.059477286,57.4,AVG
367730:8794,456:456,05/19/23 20:18:49,STABLE BEAMS,6800,443604.172070300,430127.227218772,57.3,AVG
367730:8794,457:457,05/19/23 20:19:12,STABLE BEAMS,6800,442863.187674269,422786.559853187,57.2,AVG
367730:8794,458:458,05/19/23 20:19:35,STABLE BEAMS,6800,442634.770012448,429046.217293479,57.2,AVG
367730:8794,459:459,05/19/23 20:19:59,STABLE BEAMS,6800,442954.428394575,429611.522950058,57.3,AVG
367730:8794,460:460,05/19/23 20:20:22,STABLE BEAMS,6800,442085.283666368,428826.940704808,57.1,AVG
367730:8794,461:461,05/19/23 20:20:45,STABLE BEAMS,6800,441996.045341984,428788.972873629,57.1,AVG
367730:8794,462:462,05/19/23 20:21:09,STABLE BEAMS,6800,442455.249040777,429200.051731700,57.2,AVG
367730:8794,463:463,05/19/23 20:21:32,STABLE BEAMS,6800,442032.013874068,428706.597056834,57.1,AVG
367730:8794,464:464,05/19/23 20:21:55,STABLE BEAMS,6800,442860.775008637,415417.245781601,57.2,AVG
367730:8794,465:465,05/19/23 20:22:19,STABLE BEAMS,6800,443138.592873434,423330.820897101,57.3,AVG
367730:8794,466:466,05/19/23 20:22:42,STABLE BEAMS,6800,443042.526821864,423653.440294284,57.3,AVG
367730:8794,467:467,05/19/23 20:23:05,STABLE BEAMS,6800,442895.104792954,423448.943352574,57.2,AVG
367730:8794,468:468,05/19/23 20:23:29,STABLE BEAMS,6800,442552.772016039,418249.668478101,57.2,AVG
367730:8794,469:469,05/19/23 20:23:52,STABLE BEAMS,6800,442275.548576107,429121.867575590,57.2,AVG
367730:8794,470:470,05/19/23 20:24:15,STABLE BEAMS,6800,441942.686968723,359612.704747447,57.1,AVG
367730:8794,471:471,05/19/23 20:24:39,STABLE BEAMS,6800,441544.946801068,388581.905073237,57.1,AVG
367730:8794,472:472,05/19/23 20:25:02,STABLE BEAMS,6800,440383.869531345,414403.485022277,56.9,AVG
367730:8794,473:473,05/19/23 20:25:25,STABLE BEAMS,6800,440778.740142098,427652.619193567,57.0,AVG
367730:8794,474:474,05/19/23 20:25:48,STABLE BEAMS,6800,441004.654226248,421499.713657759,57.0,AVG
367730:8794,475:475,05/19/23 20:26:12,STABLE BEAMS,6800,440824.361667790,427918.294020484,57.0,AVG
367730:8794,476:476,05/19/23 20:26:35,STABLE BEAMS,6800,440475.928459996,422556.674160894,56.9,AVG
367730:8794,477:477,05/19/23 20:26:58,STABLE BEAMS,6800,440449.839036076,427468.205293079,56.9,AVG
367730:8794,478:478,05/19/23 20:27:22,STABLE BEAMS,6800,440437.729086356,427474.163413160,56.9,AVG
367730:8794,479:479,05/19/23 20:27:45,STABLE BEAMS,6800,440200.115322197,418915.792476119,56.9,AVG
367730:8794,480:480,05/19/23 20:28:08,STABLE BEAMS,6800,439784.892070250,426729.582673375,56.8,AVG
367730:8794,481:481,05/19/23 20:28:32,STABLE BEAMS,6800,439756.800250409,426675.981366800,56.8,AVG
367730:8794,482:482,05/19/23 20:28:55,STABLE BEAMS,6800,439581.195489619,426581.655222167,56.8,AVG
367730:8794,483:483,05/19/23 20:29:18,STABLE BEAMS,6800,439398.124286297,420341.430448149,56.8,AVG
367730:8794,484:484,05/19/23 20:29:42,STABLE BEAMS,6800,439140.747643655,426304.659286451,56.8,AVG
367730:8794,485:485,05/19/23 20:30:05,STABLE BEAMS,6800,445340.459130792,431625.933200128,57.6,AVG
367730:8794,486:486,05/19/23 20:30:28,STABLE BEAMS,6800,458709.328453398,339843.788430770,59.3,AVG
367730:8794,487:487,05/19/23 20:30:52,STABLE BEAMS,6800,458789.913816597,79522.579241122,59.3,AVG
367730:8794,488:488,05/19/23 20:31:15,STABLE BEAMS,6800,458974.579477206,165821.493359657,59.3,AVG
367730:8794,489:489,05/19/23 20:31:38,STABLE BEAMS,6800,458669.900601701,233393.936743468,59.3,AVG
367730:8794,490:490,05/19/23 20:32:01,STABLE BEAMS,6800,458448.949382413,202127.367249664,59.3,AVG
367730:8794,491:491,05/19/23 20:32:25,STABLE BEAMS,6800,457770.568414617,114768.728101506,59.2,AVG
367730:8794,492:492,05/19/23 20:32:48,STABLE BEAMS,6800,458475.537657005,313575.481458317,59.3,AVG
367730:8794,493:493,05/19/23 20:33:11,STABLE BEAMS,6800,458370.820975326,442081.054703620,59.2,AVG
367730:8794,494:494,05/19/23 20:33:35,STABLE BEAMS,6800,457996.892768478,441815.087387227,59.2,AVG
367730:8794,495:495,05/19/23 20:33:58,STABLE BEAMS,6800,457719.666997468,435821.715672985,59.2,AVG
367730:8794,496:496,05/19/23 20:34:21,STABLE BEAMS,6800,457117.866601029,441182.042997872,59.1,AVG
367730:8794,497:497,05/19/23 20:34:45,STABLE BEAMS,6800,457029.586349664,441110.019875240,59.1,AVG
367730:8794,498:498,05/19/23 20:35:08,STABLE BEAMS,6800,457251.129662741,441301.117887155,59.1,AVG
367730:8794,499:499,05/19/23 20:35:31,STABLE BEAMS,6800,456731.371553192,440759.124811629,59.0,AVG
367730:8794,500:500,05/19/23 20:35:55,STABLE BEAMS,6800,456191.309755084,440377.451733782,59.0,AVG
367730:8794,501:501,05/19/23 20:36:18,STABLE BEAMS,6800,456202.690077420,438476.300022140,59.0,AVG
367730:8794,502:502,05/19/23 20:36:41,STABLE BEAMS,6800,456137.037599284,435713.915593911,59.0,AVG
367730:8794,503:503,05/19/23 20:37:05,STABLE BEAMS,6800,455659.576898334,440043.860236886,58.9,AVG
367730:8794,504:504,05/19/23 20:37:28,STABLE BEAMS,6800,455148.287594816,439622.685077372,58.8,AVG
367730:8794,505:505,05/19/23 20:37:51,STABLE BEAMS,6800,455086.961597274,439532.387422856,58.8,AVG
367730:8794,506:506,05/19/23 20:38:14,STABLE BEAMS,6800,455146.012462780,439570.831668777,58.8,AVG
367730:8794,507:507,05/19/23 20:38:38,STABLE BEAMS,6800,455673.600663014,440023.636390391,58.9,AVG
367730:8794,508:508,05/19/23 20:39:01,STABLE BEAMS,6800,454831.041878322,439156.469305911,58.8,AVG
367730:8794,509:509,05/19/23 20:39:24,STABLE BEAMS,6800,454625.934995558,439232.357619388,58.8,AVG
367730:8794,510:510,05/19/23 20:39:48,STABLE BEAMS,6800,454420.280309486,439045.069416046,58.7,AVG
367730:8794,511:511,05/19/23 20:40:11,STABLE BEAMS,6800,454482.655292086,439106.263462665,58.7,AVG
367730:8794,512:512,05/19/23 20:40:34,STABLE BEAMS,6800,453900.797267130,438509.344726900,58.7,AVG
367730:8794,513:513,05/19/23 20:40:58,STABLE BEAMS,6800,453250.144471022,438238.586302244,58.6,AVG
367730:8794,514:514,05/19/23 20:41:21,STABLE BEAMS,6800,453018.948164338,438078.453018796,58.6,AVG
367730:8794,515:515,05/19/23 20:41:44,STABLE BEAMS,6800,453590.516811418,438490.113931717,58.6,AVG
367730:8794,516:516,05/19/23 20:42:08,STABLE BEAMS,6800,452354.227313069,437620.835804049,58.5,AVG
367730:8794,517:517,05/19/23 20:42:31,STABLE BEAMS,6800,451035.438636560,436283.502288139,58.3,AVG
367730:8794,518:518,05/19/23 20:42:54,STABLE BEAMS,6800,451273.462670430,436599.608137291,58.3,AVG
367730:8794,519:519,05/19/23 20:43:17,STABLE BEAMS,6800,450812.937250464,436306.095970060,58.3,AVG
367730:8794,520:520,05/19/23 20:43:41,STABLE BEAMS,6800,450603.960778376,436254.795052819,58.2,AVG
367730:8794,521:521,05/19/23 20:44:04,STABLE BEAMS,6800,450116.345902069,435559.218816391,58.2,AVG
367730:8794,522:522,05/19/23 20:44:27,STABLE BEAMS,6800,450453.487368488,435986.250146954,58.2,AVG
367730:8794,523:523,05/19/23 20:44:51,STABLE BEAMS,6800,450511.400667976,435907.607561280,58.2,AVG
367730:8794,524:524,05/19/23 20:45:14,STABLE BEAMS,6800,450651.402875913,436050.352447269,58.2,AVG
367730:8794,525:525,05/19/23 20:45:37,STABLE BEAMS,6800,450716.463260260,436073.222622958,58.3,AVG
367730:8794,526:526,05/19/23 20:46:01,STABLE BEAMS,6800,450819.494572612,334496.033051388,58.3,AVG
367730:8794,527:527,05/19/23 20:46:24,STABLE BEAMS,6800,450297.141973354,435634.236503702,58.2,AVG
367730:8794,528:528,05/19/23 20:46:47,STABLE BEAMS,6800,450557.840402013,435752.098677429,58.2,AVG
367730:8794,529:529,05/19/23 20:47:11,STABLE BEAMS,6800,450206.903616548,435551.342414209,58.2,AVG
367730:8794,530:530,05/19/23 20:47:34,STABLE BEAMS,6800,450163.377729893,435773.013812188,58.2,AVG
367730:8794,531:531,05/19/23 20:47:57,STABLE BEAMS,6800,450367.848228389,435739.716993033,58.2,AVG
367730:8794,532:532,05/19/23 20:48:21,STABLE BEAMS,6800,449503.300385813,435131.907131355,58.1,AVG
367730:8794,533:533,05/19/23 20:48:44,STABLE BEAMS,6800,448908.875519867,434537.840722287,58.0,AVG
367730:8794,534:534,05/19/23 20:49:07,STABLE BEAMS,6800,448307.485393140,163817.414541487,57.9,AVG
367730:8794,535:535,05/19/23 20:49:30,STABLE BEAMS,6800,447453.317840477,433154.633672581,57.8,AVG
367730:8794,536:536,05/19/23 20:49:54,STABLE BEAMS,6800,447362.624923479,433192.307217251,57.8,AVG
367730:8794,537:537,05/19/23 20:50:17,STABLE BEAMS,6800,447906.831378103,433584.527735596,57.9,AVG
367730:8794,538:538,05/19/23 20:50:40,STABLE BEAMS,6800,447509.909418793,433389.400748342,57.8,AVG
367730:8794,539:539,05/19/23 20:51:04,STABLE BEAMS,6800,447219.617956122,433199.420453230,57.8,AVG
367730:8794,540:540,05/19/23 20:51:27,STABLE BEAMS,6800,446921.631605285,432914.188978669,57.8,AVG
367730:8794,541:541,05/19/23 20:51:50,STABLE BEAMS,6800,447324.563083435,427077.389800586,57.8,AVG
367730:8794,542:542,05/19/23 20:52:14,STABLE BEAMS,6800,447286.864891545,424466.418936884,57.8,AVG
367730:8794,543:543,05/19/23 20:52:37,STABLE BEAMS,6800,446955.777234447,428006.915829834,57.8,AVG
367730:8794,544:544,05/19/23 20:53:00,STABLE BEAMS,6800,446858.482704820,401734.903483001,57.8,AVG
367730:8794,545:545,05/19/23 20:53:24,STABLE BEAMS,6800,446706.235344645,427789.149128211,57.7,AVG
367730:8794,546:546,05/19/23 20:53:47,STABLE BEAMS,6800,446569.967523513,425934.791861475,57.7,AVG
367730:8794,547:547,05/19/23 20:54:10,STABLE BEAMS,6800,445360.629947910,329468.904191929,57.6,AVG
367730:8794,548:548,05/19/23 20:54:34,STABLE BEAMS,6800,445335.496265931,431248.828573211,57.6,AVG
367730:8794,549:549,05/19/23 20:54:57,STABLE BEAMS,6800,445266.522001780,425493.290061751,57.6,AVG
367730:8794,550:550,05/19/23 20:55:20,STABLE BEAMS,6800,444608.628877697,423616.015155577,57.5,AVG
367730:8794,551:551,05/19/23 20:55:43,STABLE BEAMS,6800,444209.159050236,430607.426048057,57.4,AVG
367730:8794,552:552,05/19/23 20:56:07,STABLE BEAMS,6800,444606.169590506,424700.842243269,57.5,AVG
367730:8794,553:553,05/19/23 20:56:30,STABLE BEAMS,6800,444710.112354320,431011.240974098,57.5,AVG
367730:8794,554:554,05/19/23 20:56:53,STABLE BEAMS,6800,444430.655741755,423532.132485355,57.4,AVG
367730:8794,555:555,05/19/23 20:57:17,STABLE BEAMS,6800,444186.393743409,360436.229406338,57.4,AVG
367730:8794,556:556,05/19/23 20:57:40,STABLE BEAMS,6800,443724.595554907,411501.964727910,57.4,AVG
367730:8794,557:557,05/19/23 20:58:03,STABLE BEAMS,6800,443471.090832665,430066.519843744,57.3,AVG
367730:8794,558:558,05/19/23 20:58:27,STABLE BEAMS,6800,442949.647353790,429633.713481746,57.3,AVG
367730:8794,559:559,05/19/23 20:58:50,STABLE BEAMS,6800,442442.227639596,422795.187278608,57.2,AVG
367730:8794,560:560,05/19/23 20:59:13,STABLE BEAMS,6800,442250.279691610,429131.374603517,57.2,AVG
367730:8794,561:561,05/19/23 20:59:37,STABLE BEAMS,6800,442800.768401189,429640.822375347,57.2,AVG
367730:8794,562:562,05/19/23 21:00:00,STABLE BEAMS,6800,442163.910924127,424171.539423390,57.2,AVG
367699:8786,1:1,05/19/23 03:14:55,STABLE BEAMS,6800,224788.483088678,211780.166867953,29.1,AVG
367699:8786,2:2,05/19/23 03:15:18,STABLE BEAMS,6800,223967.324531591,221976.825669571,28.9,AVG
367699:8786,3:3,05/19/23 03:15:41,STABLE BEAMS,6800,223585.360166771,221622.884617508,28.9,AVG
367699:8786,4:4,05/19/23 03:16:05,STABLE BEAMS,6800,223195.291576504,221257.613472575,28.8,AVG
367699:8786,5:5,05/19/23 03:16:28,STABLE BEAMS,6800,222857.171523580,169130.950252699,28.8,AVG
367699:8786,6:6,05/19/23 03:16:51,STABLE BEAMS,6800,222706.402533013,217239.061927217,28.8,AVG
367699:8786,7:7,05/19/23 03:17:15,STABLE BEAMS,6800,222805.814846917,217805.862397514,28.8,AVG
367699:8786,8:8,05/19/23 03:17:38,STABLE BEAMS,6800,222278.249025030,217629.902309739,28.7,AVG
367699:8786,9:9,05/19/23 03:18:01,STABLE BEAMS,6800,222406.663211590,217757.325822886,28.7,AVG
367699:8786,10:10,05/19/23 03:18:24,STABLE BEAMS,6800,222750.656648405,209512.281536920,28.8,AVG
367699:8786,11:11,05/19/23 03:18:48,STABLE BEAMS,6800,222835.613482001,168812.273677070,28.8,AVG
367699:8786,12:12,05/19/23 03:19:11,STABLE BEAMS,6800,222668.295003842,217544.120891720,28.8,AVG
367699:8786,13:13,05/19/23 03:19:34,STABLE BEAMS,6800,222587.185148114,217480.458286126,28.8,AVG
367699:8786,14:14,05/19/23 03:19:58,STABLE BEAMS,6800,222762.858442595,218052.754571363,28.8,AVG
367699:8786,15:15,05/19/23 03:20:21,STABLE BEAMS,6800,222990.183994416,218257.786410084,28.8,AVG
367699:8786,16:16,05/19/23 03:20:44,STABLE BEAMS,6800,223123.173853797,152134.292142452,28.8,AVG
367699:8786,17:17,05/19/23 03:21:08,STABLE BEAMS,6800,223238.157068788,218240.009703946,28.9,AVG
367699:8786,18:18,05/19/23 03:21:31,STABLE BEAMS,6800,223383.234732648,218517.642247229,28.9,AVG
367699:8786,19:19,05/19/23 03:21:54,STABLE BEAMS,6800,223214.277040506,218096.521659018,28.9,AVG
367699:8786,20:20,05/19/23 03:22:18,STABLE BEAMS,6800,223342.304268134,218629.972695083,28.9,AVG
367699:8786,21:21,05/19/23 03:22:41,STABLE BEAMS,6800,223353.049138632,218570.878234498,28.9,AVG
367699:8786,22:22,05/19/23 03:23:04,STABLE BEAMS,6800,223206.969577488,218489.473110852,28.9,AVG
367699:8786,23:23,05/19/23 03:23:28,STABLE BEAMS,6800,222888.108190897,218166.043547570,28.8,AVG
367699:8786,24:24,05/19/23 03:23:51,STABLE BEAMS,6800,223007.348420359,218285.134411057,28.8,AVG
367699:8786,25:25,05/19/23 03:24:14,STABLE BEAMS,6800,223031.569718446,218296.590580246,28.8,AVG
367699:8786,26:26,05/19/23 03:24:37,STABLE BEAMS,6800,222581.425753933,217853.111432388,28.8,AVG
367699:8786,27:27,05/19/23 03:25:01,STABLE BEAMS,6800,221964.805762816,217306.603139480,28.7,AVG
367699:8786,28:28,05/19/23 03:25:24,STABLE BEAMS,6800,221822.095541677,217166.978769375,28.7,AVG
367699:8786,29:29,05/19/23 03:25:47,STABLE BEAMS,6800,222511.015545792,217821.321715091,28.8,AVG
367699:8786,30:30,05/19/23 03:26:11,STABLE BEAMS,6800,222643.641057696,217973.380232218,28.8,AVG
367699:8786,31:31,05/19/23 03:26:34,STABLE BEAMS,6800,222654.089881300,216993.270958956,28.8,AVG
367699:8786,32:32,05/19/23 03:26:57,STABLE BEAMS,6800,222471.314258657,217840.460747947,28.8,AVG
367699:8786,33:33,05/19/23 03:27:21,STABLE BEAMS,6800,222446.455410763,217797.461252759,28.8,AVG
367699:8786,34:34,05/19/23 03:27:44,STABLE BEAMS,6800,222593.354345792,217644.254284036,28.8,AVG
367699:8786,35:35,05/19/23 03:28:07,STABLE BEAMS,6800,222408.621083923,217728.735220644,28.7,AVG
367699:8786,36:36,05/19/23 03:28:31,STABLE BEAMS,6800,222354.396249005,217695.198839877,28.7,AVG
367699:8786,37:37,05/19/23 03:28:54,STABLE BEAMS,6800,222044.754275531,217406.518269131,28.7,AVG
367699:8786,38:38,05/19/23 03:29:17,STABLE BEAMS,6800,221715.398609317,217080.070818974,28.7,AVG
367699:8786,39:39,05/19/23 03:29:40,STABLE BEAMS,6800,221413.314456629,216315.587873847,28.6,AVG
367699:8786,40:40,05/19/23 03:30:04,STABLE BEAMS,6800,221157.692649434,216559.879530791,28.6,AVG
367699:8786,41:41,05/19/23 03:30:27,STABLE BEAMS,6800,220984.637388550,216402.417356799,28.6,AVG
367699:8786,42:42,05/19/23 03:30:50,STABLE BEAMS,6800,220796.762532988,216222.204547679,28.5,AVG
367699:8786,43:43,05/19/23 03:31:14,STABLE BEAMS,6800,220619.291045011,216082.118187719,28.5,AVG
367699:8786,44:44,05/19/23 03:31:37,STABLE BEAMS,6800,220601.853649846,216038.839006590,28.5,AVG
367699:8786,45:45,05/19/23 03:32:00,STABLE BEAMS,6800,220351.148785277,215825.712253235,28.5,AVG
367699:8786,46:46,05/19/23 03:32:24,STABLE BEAMS,6800,220247.092731077,215700.296617761,28.5,AVG
367699:8786,47:47,05/19/23 03:32:47,STABLE BEAMS,6800,220315.863958342,215691.771475728,28.5,AVG
367699:8786,48:48,05/19/23 03:33:10,STABLE BEAMS,6800,220459.939958026,215918.336997436,28.5,AVG
367699:8786,49:49,05/19/23 03:33:34,STABLE BEAMS,6800,220176.613989245,215655.790500681,28.5,AVG
367699:8786,50:50,05/19/23 03:33:57,STABLE BEAMS,6800,219849.602921189,215337.312871054,28.4,AVG
367699:8786,51:51,05/19/23 03:34:20,STABLE BEAMS,6800,220016.625585561,215069.183935475,28.4,AVG
367699:8786,52:52,05/19/23 03:34:44,STABLE BEAMS,6800,220130.789193560,215595.918545372,28.5,AVG
367699:8786,53:53,05/19/23 03:35:07,STABLE BEAMS,6800,219963.333881129,215442.552375051,28.4,AVG
367699:8786,54:54,05/19/23 03:35:30,STABLE BEAMS,6800,219818.870922512,215119.854290471,28.4,AVG
367699:8786,55:55,05/19/23 03:35:54,STABLE BEAMS,6800,220407.855052625,215825.283551388,28.5,AVG
367699:8786,56:56,05/19/23 03:36:17,STABLE BEAMS,6800,219709.237298207,215215.067052824,28.4,AVG
367699:8786,57:57,05/19/23 03:36:40,STABLE BEAMS,6800,219775.914285082,215310.417677975,28.4,AVG
367699:8786,58:58,05/19/23 03:37:03,STABLE BEAMS,6800,219707.393415584,215176.947253512,28.4,AVG
367699:8786,59:59,05/19/23 03:37:27,STABLE BEAMS,6800,219311.201316766,214845.849918651,28.3,AVG
367699:8786,60:60,05/19/23 03:37:50,STABLE BEAMS,6800,219034.362970904,214579.547692992,28.3,AVG
367699:8786,61:61,05/19/23 03:38:13,STABLE BEAMS,6800,219486.669476391,215029.970111391,28.4,AVG
367699:8786,62:62,05/19/23 03:38:37,STABLE BEAMS,6800,219400.984180950,214916.456037916,28.4,AVG
367699:8786,63:63,05/19/23 03:39:00,STABLE BEAMS,6800,219359.689602066,214906.289326588,28.4,AVG
367699:8786,64:64,05/19/23 03:39:23,STABLE BEAMS,6800,219360.827634300,214899.405678906,28.4,AVG
367699:8786,65:65,05/19/23 03:39:47,STABLE BEAMS,6800,218934.723143797,214483.196520418,28.3,AVG
367699:8786,66:66,05/19/23 03:40:10,STABLE BEAMS,6800,218639.400049466,214231.524513326,28.3,AVG
367699:8786,67:67,05/19/23 03:40:33,STABLE BEAMS,6800,218181.857709896,213779.485486863,28.2,AVG
367699:8786,68:68,05/19/23 03:40:57,STABLE BEAMS,6800,218258.164146492,213858.681469663,28.2,AVG
367699:8786,69:69,05/19/23 03:41:20,STABLE BEAMS,6800,218169.291801338,213785.155905785,28.2,AVG
367699:8786,70:70,05/19/23 03:41:43,STABLE BEAMS,6800,217948.704463310,213557.882009348,28.2,AVG
367699:8786,71:71,05/19/23 03:42:06,STABLE BEAMS,6800,217246.785902577,212904.601528171,28.1,AVG
367699:8786,72:72,05/19/23 03:42:30,STABLE BEAMS,6800,217717.417710803,213361.412461723,28.1,AVG
367699:8786,73:73,05/19/23 03:42:53,STABLE BEAMS,6800,218117.753067490,213713.910417248,28.2,AVG
367699:8786,74:74,05/19/23 03:43:16,STABLE BEAMS,6800,217980.073778687,213597.209927398,28.2,AVG
367699:8786,75:75,05/19/23 03:43:40,STABLE BEAMS,6800,218012.376457657,213620.896628061,28.2,AVG
367699:8786,76:76,05/19/23 03:44:03,STABLE BEAMS,6800,217721.856782459,213353.954246678,28.1,AVG
367699:8786,77:77,05/19/23 03:44:26,STABLE BEAMS,6800,217727.707321787,213372.861681496,28.1,AVG
367699:8786,78:78,05/19/23 03:44:50,STABLE BEAMS,6800,217986.834837044,213622.359847669,28.2,AVG
367699:8786,79:79,05/19/23 03:45:13,STABLE BEAMS,6800,218267.429248736,213851.628540371,28.2,AVG
367699:8786,80:80,05/19/23 03:45:36,STABLE BEAMS,6800,218103.866836406,213711.188807418,28.2,AVG
367699:8786,81:81,05/19/23 03:46:00,STABLE BEAMS,6800,207251.788666489,203366.671382010,26.8,AVG
367699:8786,82:82,05/19/23 03:46:23,STABLE BEAMS,6800,20515.150215927,20467.734547090,2.7,AVG
367699:8786,83:83,05/19/23 03:46:46,STABLE BEAMS,6800,44134.006137071,43974.323072469,5.7,AVG
367699:8786,84:84,05/19/23 03:47:09,STABLE BEAMS,6800,89154.988349679,88608.079588334,11.5,AVG
367699:8786,85:85,05/19/23 03:47:33,STABLE BEAMS,6800,148539.550921783,146888.022020264,19.2,AVG
367699:8786,86:86,05/19/23 03:47:56,STABLE BEAMS,6800,194149.446166629,190936.040513344,25.1,AVG
367699:8786,87:87,05/19/23 03:48:19,STABLE BEAMS,6800,215293.483880948,211044.898546229,27.8,AVG
367699:8786,88:88,05/19/23 03:48:43,STABLE BEAMS,6800,196426.709040875,193142.777037653,25.4,AVG
367699:8786,89:89,05/19/23 03:49:06,STABLE BEAMS,6800,149831.648756271,147865.899762131,19.4,AVG
367699:8786,90:90,05/19/23 03:49:29,STABLE BEAMS,6800,92458.574241401,91866.013339504,12.0,AVG
367699:8786,91:91,05/19/23 03:49:53,STABLE BEAMS,6800,51328.372015903,51134.863667414,6.6,AVG
367699:8786,92:92,05/19/23 03:50:16,STABLE BEAMS,6800,44898.139768459,44719.884914439,5.8,AVG
367699:8786,93:93,05/19/23 03:50:39,STABLE BEAMS,6800,110233.896912853,109105.977142771,14.2,AVG
367699:8786,94:94,05/19/23 03:51:03,STABLE BEAMS,6800,17761.732324087,17471.110819006,2.3,AVG
367699:8786,95:95,05/19/23 03:51:26,STABLE BEAMS,6800,54084.251339526,53870.838295916,7.0,AVG
367699:8786,96:96,05/19/23 03:51:49,STABLE BEAMS,6800,103876.519241841,103117.923246669,13.4,AVG
367699:8786,97:97,05/19/23 03:52:13,STABLE BEAMS,6800,172381.720166767,170015.201906613,22.3,AVG
367699:8786,98:98,05/19/23 03:52:36,STABLE BEAMS,6800,204822.163509927,201106.606039790,26.5,AVG
367699:8786,99:99,05/19/23 03:52:59,STABLE BEAMS,6800,193583.135498872,190431.163761374,25.0,AVG
367699:8786,100:100,05/19/23 03:53:22,STABLE BEAMS,6800,146006.779996943,144422.078809275,18.9,AVG
367699:8786,101:101,05/19/23 03:53:46,STABLE BEAMS,6800,85852.398527547,85347.041876177,11.1,AVG
367699:8786,102:102,05/19/23 03:54:09,STABLE BEAMS,6800,36194.432182150,36088.724126415,4.7,AVG
367699:8786,103:103,05/19/23 03:54:32,STABLE BEAMS,6800,14551.295699396,14523.682941971,1.9,AVG
367699:8786,104:104,05/19/23 03:54:56,STABLE BEAMS,6800,196516.537361078,193066.416055639,25.4,AVG
367699:8786,105:105,05/19/23 03:55:19,STABLE BEAMS,6800,208836.147491371,204929.916533458,27.0,AVG
367699:8786,106:106,05/19/23 03:55:42,STABLE BEAMS,6800,208858.638896544,204950.672309975,27.0,AVG
367699:8786,107:107,05/19/23 03:56:06,STABLE BEAMS,6800,208880.128404433,204967.201001135,27.0,AVG
367699:8786,108:108,05/19/23 03:56:29,STABLE BEAMS,6800,208791.210603260,204860.408013102,27.0,AVG
367699:8786,109:109,05/19/23 03:56:52,STABLE BEAMS,6800,208907.969400292,204969.036502814,27.0,AVG
367699:8786,110:110,05/19/23 03:57:16,STABLE BEAMS,6800,208749.688278065,204003.937606930,27.0,AVG
367699:8786,111:111,05/19/23 03:57:39,STABLE BEAMS,6800,208805.984741918,204899.015042666,27.0,AVG
367699:8786,112:112,05/19/23 03:58:02,STABLE BEAMS,6800,208919.601945256,204867.547245741,27.0,AVG
367699:8786,113:113,05/19/23 03:58:26,STABLE BEAMS,6800,208937.221630714,204773.239908219,27.0,AVG
367699:8786,114:114,05/19/23 03:58:49,STABLE BEAMS,6800,208629.059425495,204708.815042635,27.0,AVG
367699:8786,115:115,05/19/23 03:59:12,STABLE BEAMS,6800,209010.523074781,205095.499103658,27.0,AVG
367699:8786,116:116,05/19/23 03:59:35,STABLE BEAMS,6800,208757.769658949,204819.596232017,27.0,AVG
367699:8786,117:117,05/19/23 03:59:59,STABLE BEAMS,6800,208835.737920983,204927.653709610,27.0,AVG
367699:8786,118:118,05/19/23 04:00:22,STABLE BEAMS,6800,208663.798080877,204464.162852764,27.0,AVG
367699:8786,119:119,05/19/23 04:00:45,STABLE BEAMS,6800,208757.769658949,204834.229901161,27.0,AVG
367699:8786,120:120,05/19/23 04:01:09,STABLE BEAMS,6800,208547.881502292,204646.237225883,27.0,AVG
367699:8786,121:121,05/19/23 04:01:32,STABLE BEAMS,6800,208658.243588443,204731.997579098,27.0,AVG
367699:8786,122:122,05/19/23 04:01:55,STABLE BEAMS,6800,208536.203501308,204667.049161375,27.0,AVG
367699:8786,123:123,05/19/23 04:02:19,STABLE BEAMS,6800,208577.384323590,204676.841566294,27.0,AVG
367699:8786,124:124,05/19/23 04:02:42,STABLE BEAMS,6800,208609.914748871,204703.446120593,27.0,AVG
367699:8786,125:125,05/19/23 04:03:05,STABLE BEAMS,6800,208460.192878499,204586.347658813,26.9,AVG
367699:8786,126:126,05/19/23 04:03:29,STABLE BEAMS,6800,208430.371631960,204534.731242096,26.9,AVG
367699:8786,127:127,05/19/23 04:03:52,STABLE BEAMS,6800,208261.322794672,204391.270193152,26.9,AVG
367699:8786,128:128,05/19/23 04:04:15,STABLE BEAMS,6800,208449.994412662,204577.669311357,26.9,AVG
367699:8786,129:129,05/19/23 04:04:39,STABLE BEAMS,6800,208109.597829056,204242.239089210,26.9,AVG
367699:8786,130:130,05/19/23 04:05:02,STABLE BEAMS,6800,208098.648289917,204220.756907000,26.9,AVG
367699:8786,131:131,05/19/23 04:05:25,STABLE BEAMS,6800,207934.539472927,204016.312211188,26.9,AVG
367699:8786,132:132,05/19/23 04:05:48,STABLE BEAMS,6800,208055.259237536,203898.389100809,26.9,AVG
367699:8786,133:133,05/19/23 04:06:12,STABLE BEAMS,6800,207859.712804586,203991.429103043,26.9,AVG
367699:8786,134:134,05/19/23 04:06:35,STABLE BEAMS,6800,207902.441695705,204025.181013838,26.9,AVG
367699:8786,135:135,05/19/23 04:06:58,STABLE BEAMS,6800,207779.081052937,203950.050811919,26.9,AVG
367699:8786,136:136,05/19/23 04:07:22,STABLE BEAMS,6800,207692.781285360,203850.730948341,26.8,AVG
367699:8786,137:137,05/19/23 04:07:45,STABLE BEAMS,6800,207793.263330915,203936.634347980,26.9,AVG
367699:8786,138:138,05/19/23 04:08:08,STABLE BEAMS,6800,207622.712347025,203764.904273616,26.8,AVG
367699:8786,139:139,05/19/23 04:08:32,STABLE BEAMS,6800,207697.766528569,203837.021832026,26.8,AVG
367699:8786,140:140,05/19/23 04:08:55,STABLE BEAMS,6800,207544.334281494,203703.563702366,26.8,AVG
367699:8786,141:141,05/19/23 04:09:18,STABLE BEAMS,6800,207305.580853348,203461.276890455,26.8,AVG
367699:8786,142:142,05/19/23 04:09:42,STABLE BEAMS,6800,207321.356656182,203480.197408275,26.8,AVG
367699:8786,143:143,05/19/23 04:10:05,STABLE BEAMS,6800,207267.837438546,203450.296745075,26.8,AVG
367699:8786,144:144,05/19/23 04:10:28,STABLE BEAMS,6800,206959.652621871,203101.599273642,26.8,AVG
367699:8786,145:145,05/19/23 04:10:51,STABLE BEAMS,6800,206950.546732248,203144.935901526,26.7,AVG
367699:8786,146:146,05/19/23 04:11:15,STABLE BEAMS,6800,206651.058001701,202859.778320753,26.7,AVG
367699:8786,147:147,05/19/23 04:11:38,STABLE BEAMS,6800,206261.604116677,202462.965441359,26.7,AVG
367699:8786,148:148,05/19/23 04:12:01,STABLE BEAMS,6800,206398.304585868,202615.681371647,26.7,AVG
367699:8786,149:149,05/19/23 04:12:25,STABLE BEAMS,6800,206136.536192451,202369.096857311,26.6,AVG
367699:8786,150:150,05/19/23 04:12:48,STABLE BEAMS,6800,206135.671129440,202342.159218318,26.6,AVG
367699:8786,151:151,05/19/23 04:13:11,STABLE BEAMS,6800,206197.431173689,202395.741092289,26.7,AVG
367696:8786,1:1,05/18/23 14:31:37,STABLE BEAMS,6800,457401.146181360,398137.073371933,59.1,AVG
367696:8786,2:2,05/18/23 14:32:01,STABLE BEAMS,6800,457389.446501351,380072.391638444,59.1,AVG
367696:8786,3:3,05/18/23 14:32:24,STABLE BEAMS,6800,456886.215734154,430409.146677582,59.1,AVG
367696:8786,4:4,05/18/23 14:32:47,STABLE BEAMS,6800,456525.763488678,435522.530693507,59.0,AVG
367696:8786,5:5,05/18/23 14:33:11,STABLE BEAMS,6800,456485.517428636,331684.767578302,59.0,AVG
367696:8786,6:6,05/18/23 14:33:34,STABLE BEAMS,6800,456360.811753917,270478.608399163,59.0,AVG
367696:8786,7:7,05/18/23 14:33:57,STABLE BEAMS,6800,456108.218483137,431178.114722289,59.0,AVG
367696:8786,8:8,05/18/23 14:34:21,STABLE BEAMS,6800,455890.181111230,423776.386035519,58.9,AVG
367696:8786,9:9,05/18/23 14:34:44,STABLE BEAMS,6800,455771.760022544,436537.789758900,58.9,AVG
367696:8786,10:10,05/18/23 14:35:07,STABLE BEAMS,6800,455609.859668762,389544.741526651,58.9,AVG
367696:8786,11:11,05/18/23 14:35:31,STABLE BEAMS,6800,455070.616078999,335484.157484905,58.8,AVG
367696:8786,12:12,05/18/23 14:35:54,STABLE BEAMS,6800,453854.812093285,436894.296615331,58.7,AVG
367696:8786,13:13,05/18/23 14:36:17,STABLE BEAMS,6800,453121.706740575,438535.630098117,58.6,AVG
367696:8786,14:14,05/18/23 14:36:41,STABLE BEAMS,6800,452878.491396209,434173.290964667,58.5,AVG
367696:8786,15:15,05/18/23 14:37:04,STABLE BEAMS,6800,453665.048365296,440064.535234202,58.6,AVG
367696:8786,16:16,05/18/23 14:37:27,STABLE BEAMS,6800,453217.819413704,305824.256783722,58.6,AVG
367696:8786,17:17,05/18/23 14:37:50,STABLE BEAMS,6800,453075.905721885,439423.545157603,58.6,AVG
367696:8786,18:18,05/18/23 14:38:14,STABLE BEAMS,6800,453032.881016980,439443.184280476,58.6,AVG
367696:8786,19:19,05/18/23 14:38:37,STABLE BEAMS,6800,452814.524287400,432729.648706535,58.5,AVG
367696:8786,20:20,05/18/23 14:39:00,STABLE BEAMS,6800,452584.465546734,438864.543393266,58.5,AVG
367696:8786,21:21,05/18/23 14:39:24,STABLE BEAMS,6800,452020.500875782,432086.869329391,58.4,AVG
367696:8786,22:22,05/18/23 14:39:47,STABLE BEAMS,6800,451667.925342549,437980.142324747,58.4,AVG
367696:8786,23:23,05/18/23 14:40:10,STABLE BEAMS,6800,451178.809252070,437378.682511183,58.3,AVG
367696:8786,24:24,05/18/23 14:40:34,STABLE BEAMS,6800,450951.438244229,437659.117214273,58.3,AVG
367696:8786,25:25,05/18/23 14:40:57,STABLE BEAMS,6800,450801.692130647,437632.128375731,58.3,AVG
367696:8786,26:26,05/18/23 14:41:20,STABLE BEAMS,6800,450624.994094319,431372.705758318,58.2,AVG
367696:8786,27:27,05/18/23 14:41:44,STABLE BEAMS,6800,450378.729700053,437244.730283373,58.2,AVG
367696:8786,28:28,05/18/23 14:42:07,STABLE BEAMS,6800,450106.786151578,437000.608800019,58.2,AVG
367696:8786,29:29,05/18/23 14:42:30,STABLE BEAMS,6800,450002.297915534,430630.868051240,58.2,AVG
367696:8786,30:30,05/18/23 14:42:53,STABLE BEAMS,6800,449860.747871868,436820.757635151,58.1,AVG
367696:8786,31:31,05/18/23 14:43:17,STABLE BEAMS,6800,449468.243305189,436476.941164305,58.1,AVG
367696:8786,32:32,05/18/23 14:43:40,STABLE BEAMS,6800,449512.179461555,436558.629734620,58.1,AVG
367696:8786,33:33,05/18/23 14:44:03,STABLE BEAMS,6800,460004.577905215,440095.061440319,59.5,AVG
367696:8786,34:34,05/18/23 14:44:27,STABLE BEAMS,6800,470227.265973033,452935.689851451,60.8,AVG
367696:8786,35:35,05/18/23 14:44:50,STABLE BEAMS,6800,469822.560544596,453540.545961418,60.7,AVG
367696:8786,36:36,05/18/23 14:45:13,STABLE BEAMS,6800,469296.382646495,452601.898705052,60.7,AVG
367696:8786,37:37,05/18/23 14:45:37,STABLE BEAMS,6800,468489.976549042,437655.302660242,60.6,AVG
367696:8786,38:38,05/18/23 14:46:00,STABLE BEAMS,6800,467827.484208251,451826.350965265,60.5,AVG
367696:8786,39:39,05/18/23 14:46:23,STABLE BEAMS,6800,467519.618749249,451502.493667973,60.4,AVG
367696:8786,40:40,05/18/23 14:46:47,STABLE BEAMS,6800,466994.261390571,451241.922030221,60.4,AVG
367696:8786,41:41,05/18/23 14:47:10,STABLE BEAMS,6800,466219.998526359,450415.479191900,60.3,AVG
367696:8786,42:42,05/18/23 14:47:33,STABLE BEAMS,6800,465359.593009221,449951.255947099,60.2,AVG
367696:8786,43:43,05/18/23 14:47:57,STABLE BEAMS,6800,464669.148713263,449414.031147449,60.1,AVG
367696:8786,44:44,05/18/23 14:48:20,STABLE BEAMS,6800,464395.337971385,304513.959310488,60.0,AVG
367696:8786,45:45,05/18/23 14:48:43,STABLE BEAMS,6800,463970.643549907,276971.393870549,60.0,AVG
367696:8786,46:46,05/18/23 14:49:07,STABLE BEAMS,6800,463829.550397511,448605.824233468,60.0,AVG
367696:8786,47:47,05/18/23 14:49:30,STABLE BEAMS,6800,463557.832963592,448417.763004025,59.9,AVG
367696:8786,48:48,05/18/23 14:49:53,STABLE BEAMS,6800,463338.110222360,354816.688532888,59.9,AVG
367696:8786,49:49,05/18/23 14:50:16,STABLE BEAMS,6800,462757.981857210,447789.467795566,59.8,AVG
367696:8786,50:50,05/18/23 14:50:40,STABLE BEAMS,6800,462471.515693382,441201.190636752,59.8,AVG
367696:8786,51:51,05/18/23 14:51:03,STABLE BEAMS,6800,461901.902820664,447272.591806148,59.7,AVG
367696:8786,52:52,05/18/23 14:51:26,STABLE BEAMS,6800,461457.632006935,446870.881918371,59.6,AVG
367696:8786,53:53,05/18/23 14:51:50,STABLE BEAMS,6800,461076.691917746,446536.576792166,59.6,AVG
367696:8786,54:54,05/18/23 14:52:13,STABLE BEAMS,6800,460390.982041015,445986.607796639,59.5,AVG
367696:8786,55:55,05/18/23 14:52:36,STABLE BEAMS,6800,459692.980390487,445262.513854138,59.4,AVG
367696:8786,56:56,05/18/23 14:53:00,STABLE BEAMS,6800,459105.157137170,444930.828761513,59.3,AVG
367696:8786,57:57,05/18/23 14:53:23,STABLE BEAMS,6800,458451.315426487,444340.699420319,59.3,AVG
367696:8786,58:58,05/18/23 14:53:46,STABLE BEAMS,6800,458069.284392838,443955.069778922,59.2,AVG
367696:8786,59:59,05/18/23 14:54:09,STABLE BEAMS,6800,457578.072663322,443272.689492194,59.1,AVG
367696:8786,60:60,05/18/23 14:54:33,STABLE BEAMS,6800,456980.414592321,442839.693071730,59.1,AVG
367696:8786,61:61,05/18/23 14:54:56,STABLE BEAMS,6800,456464.619315212,442414.712873362,59.0,AVG
367696:8786,62:62,05/18/23 14:55:19,STABLE BEAMS,6800,456370.192011409,442436.634520852,59.0,AVG
367696:8786,63:63,05/18/23 14:55:43,STABLE BEAMS,6800,456978.321284362,443017.313821394,59.1,AVG
367696:8786,64:64,05/18/23 14:56:06,STABLE BEAMS,6800,457454.506885699,443300.433291782,59.1,AVG
367696:8786,65:65,05/18/23 14:56:29,STABLE BEAMS,6800,457593.324906059,443398.761801018,59.1,AVG
367696:8786,66:66,05/18/23 14:56:53,STABLE BEAMS,6800,457726.723170289,443629.316511906,59.2,AVG
367696:8786,67:67,05/18/23 14:57:16,STABLE BEAMS,6800,457856.526912388,443868.787725871,59.2,AVG
367696:8786,68:68,05/18/23 14:57:39,STABLE BEAMS,6800,458250.488402758,444040.383171896,59.2,AVG
367696:8786,69:69,05/18/23 14:58:03,STABLE BEAMS,6800,458581.937376931,444066.664533066,59.3,AVG
367696:8786,70:70,05/18/23 14:58:26,STABLE BEAMS,6800,458457.143121251,444131.718603816,59.3,AVG
367696:8786,71:71,05/18/23 14:58:49,STABLE BEAMS,6800,457854.386982871,443748.585641547,59.2,AVG
367696:8786,72:72,05/18/23 14:59:13,STABLE BEAMS,6800,457611.262550543,443512.937868535,59.1,AVG
367696:8786,73:73,05/18/23 14:59:36,STABLE BEAMS,6800,456972.446968040,443062.191698976,59.1,AVG
367696:8786,74:74,05/18/23 14:59:59,STABLE BEAMS,6800,457086.725731287,443146.591032399,59.1,AVG
367696:8786,75:75,05/18/23 15:00:23,STABLE BEAMS,6800,457074.431626413,443052.943168453,59.1,AVG
367696:8786,76:76,05/18/23 15:00:46,STABLE BEAMS,6800,457000.266051766,443061.441144603,59.1,AVG
367696:8786,77:77,05/18/23 15:01:09,STABLE BEAMS,6800,457184.020260914,443074.356874535,59.1,AVG
367696:8786,78:78,05/18/23 15:01:32,STABLE BEAMS,6800,457211.839344640,443206.689597904,59.1,AVG
367696:8786,79:79,05/18/23 15:01:56,STABLE BEAMS,6800,456983.920533492,432268.269741418,59.1,AVG
367696:8786,80:80,05/18/23 15:02:19,STABLE BEAMS,6800,456572.795316503,437455.220733477,59.0,AVG
367696:8786,81:81,05/18/23 15:02:42,STABLE BEAMS,6800,456686.754722077,434378.351975350,59.0,AVG
367696:8786,82:82,05/18/23 15:03:06,STABLE BEAMS,6800,456748.810347004,430920.963430374,59.0,AVG
367696:8786,83:83,05/18/23 15:03:29,STABLE BEAMS,6800,456636.671513274,436487.417600978,59.0,AVG
367696:8786,84:84,05/18/23 15:03:52,STABLE BEAMS,6800,456446.998697323,434036.719390560,59.0,AVG
367696:8786,85:85,05/18/23 15:04:16,STABLE BEAMS,6800,456442.082454020,441235.572021491,59.0,AVG
367696:8786,86:86,05/18/23 15:04:39,STABLE BEAMS,6800,455711.706793538,430525.116055262,58.9,AVG
367696:8786,87:87,05/18/23 15:05:02,STABLE BEAMS,6800,455456.381499452,441797.212098698,58.9,AVG
367696:8786,88:88,05/18/23 15:05:26,STABLE BEAMS,6800,455060.370991604,432952.094580817,58.8,AVG
367696:8786,89:89,05/18/23 15:05:49,STABLE BEAMS,6800,454754.873907754,436075.020140273,58.8,AVG
367696:8786,90:90,05/18/23 15:06:12,STABLE BEAMS,6800,454753.006714352,440907.837054366,58.8,AVG
367696:8786,91:91,05/18/23 15:06:35,STABLE BEAMS,6800,454507.378704354,434680.370962208,58.7,AVG
367696:8786,92:92,05/18/23 15:06:59,STABLE BEAMS,6800,453864.509377372,434116.385565760,58.7,AVG
367696:8786,93:93,05/18/23 15:07:22,STABLE BEAMS,6800,453710.896005545,440344.291663095,58.6,AVG
367696:8786,94:94,05/18/23 15:07:45,STABLE BEAMS,6800,453020.314175990,279834.351960598,58.6,AVG
367696:8786,95:95,05/18/23 15:08:09,STABLE BEAMS,6800,452991.721174399,439900.758542156,58.6,AVG
367696:8786,96:96,05/18/23 15:08:32,STABLE BEAMS,6800,452258.935179363,432104.079908637,58.5,AVG
367696:8786,97:97,05/18/23 15:08:55,STABLE BEAMS,6800,451251.699727103,438147.299330460,58.3,AVG
367696:8786,98:98,05/18/23 15:09:19,STABLE BEAMS,6800,450973.518214152,438180.840768683,58.3,AVG
367696:8786,99:99,05/18/23 15:09:42,STABLE BEAMS,6800,450071.318801243,437202.953510781,58.2,AVG
367696:8786,100:100,05/18/23 15:10:05,STABLE BEAMS,6800,449306.342951407,436551.007197370,58.1,AVG
367696:8786,101:101,05/18/23 15:10:29,STABLE BEAMS,6800,448960.278118765,335204.087239318,58.0,AVG
367696:8786,102:102,05/18/23 15:10:52,STABLE BEAMS,6800,448629.283704783,435922.486472447,58.0,AVG
367696:8786,103:103,05/18/23 15:11:15,STABLE BEAMS,6800,448285.358801659,435680.155714124,57.9,AVG
367696:8786,104:104,05/18/23 15:11:39,STABLE BEAMS,6800,447890.805217501,435306.743462179,57.9,AVG
367696:8786,105:105,05/18/23 15:12:02,STABLE BEAMS,6800,446830.255682460,434220.436339091,57.8,AVG
367696:8786,106:106,05/18/23 15:12:25,STABLE BEAMS,6800,445868.138243064,432924.190526482,57.6,AVG
367696:8786,107:107,05/18/23 15:12:48,STABLE BEAMS,6800,444770.529231479,399231.548864296,57.5,AVG
367696:8786,108:108,05/18/23 15:13:12,STABLE BEAMS,6800,444014.840396019,315578.909188433,57.4,AVG
367696:8786,109:109,05/18/23 15:13:35,STABLE BEAMS,6800,443270.489923493,431111.020667244,57.3,AVG
367696:8786,110:110,05/18/23 15:13:58,STABLE BEAMS,6800,442726.602826542,430678.812528720,57.2,AVG
367696:8786,111:111,05/18/23 15:14:22,STABLE BEAMS,6800,441963.219102916,430138.089177239,57.1,AVG
367696:8786,112:112,05/18/23 15:14:45,STABLE BEAMS,6800,441120.844473378,429070.012383926,57.0,AVG
367696:8786,113:113,05/18/23 15:15:08,STABLE BEAMS,6800,440741.589753515,424813.366627203,57.0,AVG
367696:8786,114:114,05/18/23 15:15:32,STABLE BEAMS,6800,439930.719641873,428291.145415832,56.9,AVG
367696:8786,115:115,05/18/23 15:15:55,STABLE BEAMS,6800,439147.941350071,427446.533184738,56.8,AVG
367696:8786,116:116,05/18/23 15:16:18,STABLE BEAMS,6800,438443.930180703,426951.576168022,56.7,AVG
367696:8786,117:117,05/18/23 15:16:42,STABLE BEAMS,6800,437231.177575967,425702.922475703,56.5,AVG
367696:8786,118:118,05/18/23 15:17:05,STABLE BEAMS,6800,436367.084293582,418672.832643449,56.4,AVG
367696:8786,119:119,05/18/23 15:17:28,STABLE BEAMS,6800,436080.844244311,324688.900672004,56.4,AVG
367696:8786,120:120,05/18/23 15:17:52,STABLE BEAMS,6800,436055.074178064,424588.935056391,56.4,AVG
367696:8786,121:121,05/18/23 15:18:15,STABLE BEAMS,6800,435570.785749928,424191.449142913,56.3,AVG
367696:8786,122:122,05/18/23 15:18:38,STABLE BEAMS,6800,434826.980749631,423510.838990439,56.2,AVG
367696:8786,123:123,05/18/23 15:19:01,STABLE BEAMS,6800,434540.192897052,423102.829037950,56.2,AVG
367696:8786,124:124,05/18/23 15:19:25,STABLE BEAMS,6800,447874.732435342,434664.524150972,57.9,AVG
367696:8786,125:125,05/18/23 15:19:48,STABLE BEAMS,6800,454207.343336037,440512.939473507,58.7,AVG
367696:8786,126:126,05/18/23 15:20:11,STABLE BEAMS,6800,453827.813548981,329206.696402259,58.7,AVG
367696:8786,127:127,05/18/23 15:20:35,STABLE BEAMS,6800,452995.001001013,439603.197350353,58.6,AVG
367696:8786,128:128,05/18/23 15:20:58,STABLE BEAMS,6800,452355.001230933,438922.597305822,58.5,AVG
367696:8786,129:129,05/18/23 15:21:21,STABLE BEAMS,6800,451415.103626134,438117.014242849,58.3,AVG
367696:8786,130:130,05/18/23 15:21:45,STABLE BEAMS,6800,450103.280210407,436823.286657493,58.2,AVG
367696:8786,131:131,05/18/23 15:22:08,STABLE BEAMS,6800,449256.352985720,435930.311888116,58.1,AVG
367696:8786,132:132,05/18/23 15:22:31,STABLE BEAMS,6800,448721.797193626,435880.947775242,58.0,AVG
367696:8786,133:133,05/18/23 15:22:55,STABLE BEAMS,6800,449080.748224930,436262.320589856,58.0,AVG
367696:8786,134:134,05/18/23 15:23:18,STABLE BEAMS,6800,449131.101838770,436240.229567360,58.1,AVG
367696:8786,135:135,05/18/23 15:23:41,STABLE BEAMS,6800,449510.130444076,408895.666816634,58.1,AVG
367696:8786,136:136,05/18/23 15:24:04,STABLE BEAMS,6800,449862.841179827,435735.140813742,58.1,AVG
367696:8786,137:137,05/18/23 15:24:28,STABLE BEAMS,6800,450163.195905817,435970.497707352,58.2,AVG
367696:8786,138:138,05/18/23 15:24:51,STABLE BEAMS,6800,450524.559602754,436193.451978326,58.2,AVG
367696:8786,139:139,05/18/23 15:25:14,STABLE BEAMS,6800,450066.766206093,435874.737506433,58.2,AVG
367696:8786,140:140,05/18/23 15:25:38,STABLE BEAMS,6800,451979.660390874,437466.486557336,58.4,AVG
367696:8786,141:141,05/18/23 15:26:01,STABLE BEAMS,6800,453070.395053716,438479.369090097,58.6,AVG
367696:8786,142:142,05/18/23 15:26:24,STABLE BEAMS,6800,451958.853189488,437477.387788167,58.4,AVG
367696:8786,143:143,05/18/23 15:26:48,STABLE BEAMS,6800,451672.750673814,437426.701511314,58.4,AVG
367696:8786,144:144,05/18/23 15:27:11,STABLE BEAMS,6800,451252.974826717,437005.920465484,58.3,AVG
367696:8786,145:145,05/18/23 15:27:34,STABLE BEAMS,6800,451157.864517088,437117.418151786,58.3,AVG
367696:8786,146:146,05/18/23 15:27:58,STABLE BEAMS,6800,450496.512073393,436377.718433266,58.2,AVG
367696:8786,147:147,05/18/23 15:28:21,STABLE BEAMS,6800,450207.313886260,436031.985374715,58.2,AVG
367696:8786,148:148,05/18/23 15:28:44,STABLE BEAMS,6800,450016.682997290,435910.865427085,58.2,AVG
367696:8786,149:149,05/18/23 15:29:07,STABLE BEAMS,6800,449208.500618472,388761.195812619,58.1,AVG
367696:8786,150:150,05/18/23 15:29:31,STABLE BEAMS,6800,448933.552310577,170301.206594037,58.0,AVG
367696:8786,151:151,05/18/23 15:29:54,STABLE BEAMS,6800,448646.218985768,434746.548962731,58.0,AVG
367696:8786,152:152,05/18/23 15:30:17,STABLE BEAMS,6800,449304.431467524,434937.950218086,58.1,AVG
367696:8786,153:153,05/18/23 15:30:41,STABLE BEAMS,6800,449774.197280308,435653.598605442,58.1,AVG
367696:8786,154:154,05/18/23 15:31:04,STABLE BEAMS,6800,450672.207746221,436469.161307324,58.3,AVG
367696:8786,155:155,05/18/23 15:31:27,STABLE BEAMS,6800,450759.306141088,430348.174920914,58.3,AVG
367696:8786,156:156,05/18/23 15:31:51,STABLE BEAMS,6800,451116.751296066,430602.143679293,58.3,AVG
367696:8786,157:157,05/18/23 15:32:14,STABLE BEAMS,6800,451349.542060037,402869.779024282,58.3,AVG
367696:8786,158:158,05/18/23 15:32:37,STABLE BEAMS,6800,451563.935957177,257283.335025248,58.4,AVG
367696:8786,159:159,05/18/23 15:33:01,STABLE BEAMS,6800,451636.782141729,432235.707982072,58.4,AVG
367696:8786,160:160,05/18/23 15:33:24,STABLE BEAMS,6800,451843.210745666,432543.849880173,58.4,AVG
367696:8786,161:161,05/18/23 15:33:47,STABLE BEAMS,6800,452025.645564719,431221.121200305,58.4,AVG
367696:8786,162:162,05/18/23 15:34:11,STABLE BEAMS,6800,452175.617792858,429530.658874647,58.4,AVG
367696:8786,163:163,05/18/23 15:34:34,STABLE BEAMS,6800,452487.035814588,431867.234850315,58.5,AVG
367696:8786,164:164,05/18/23 15:34:57,STABLE BEAMS,6800,452673.020865292,433158.653736738,58.5,AVG
367696:8786,165:165,05/18/23 15:35:20,STABLE BEAMS,6800,452467.729827374,437308.932830859,58.5,AVG
367696:8786,166:166,05/18/23 15:35:44,STABLE BEAMS,6800,451937.591427911,437463.460847339,58.4,AVG
367696:8786,167:167,05/18/23 15:36:07,STABLE BEAMS,6800,451752.653031187,437485.376438863,58.4,AVG
367696:8786,168:168,05/18/23 15:36:30,STABLE BEAMS,6800,451504.568065076,437211.875361283,58.4,AVG
367696:8786,169:169,05/18/23 15:36:54,STABLE BEAMS,6800,451717.414126487,431100.796091324,58.4,AVG
367696:8786,170:170,05/18/23 15:37:17,STABLE BEAMS,6800,451585.106806717,437525.043071658,58.4,AVG
367696:8786,171:171,05/18/23 15:37:40,STABLE BEAMS,6800,451314.438357856,432421.540327922,58.3,AVG
367696:8786,172:172,05/18/23 15:38:04,STABLE BEAMS,6800,450838.387959038,436785.937905734,58.3,AVG
367696:8786,173:173,05/18/23 15:38:27,STABLE BEAMS,6800,450207.313886260,436406.671402153,58.2,AVG
367696:8786,174:174,05/18/23 15:38:50,STABLE BEAMS,6800,449351.962146021,429288.075839419,58.1,AVG
367696:8786,175:175,05/18/23 15:39:14,STABLE BEAMS,6800,449199.532961769,435536.326581931,58.1,AVG
367696:8786,176:176,05/18/23 15:39:37,STABLE BEAMS,6800,448746.429693855,434708.202153482,58.0,AVG
367696:8786,177:177,05/18/23 15:40:00,STABLE BEAMS,6800,447954.590502234,434565.362581659,57.9,AVG
367696:8786,178:178,05/18/23 15:40:24,STABLE BEAMS,6800,447465.064142044,433606.927871998,57.8,AVG
367696:8786,179:179,05/18/23 15:40:47,STABLE BEAMS,6800,446916.941476538,433411.063193396,57.8,AVG
367696:8786,180:180,05/18/23 15:41:10,STABLE BEAMS,6800,446341.456618577,433105.674514009,57.7,AVG
367696:8786,181:181,05/18/23 15:41:33,STABLE BEAMS,6800,445860.536598014,426268.555816056,57.6,AVG
367696:8786,182:182,05/18/23 15:41:57,STABLE BEAMS,6800,445298.436789386,432038.018967559,57.6,AVG
367696:8786,183:183,05/18/23 15:42:20,STABLE BEAMS,6800,444945.723722557,431648.898038588,57.5,AVG
367696:8786,184:184,05/18/23 15:42:43,STABLE BEAMS,6800,443870.423126529,430124.387883074,57.4,AVG
367696:8786,185:185,05/18/23 15:43:07,STABLE BEAMS,6800,443648.835522972,430657.311262166,57.3,AVG
367696:8786,186:186,05/18/23 15:43:30,STABLE BEAMS,6800,443472.729580433,430580.033532867,57.3,AVG
367696:8786,187:187,05/18/23 15:43:53,STABLE BEAMS,6800,443216.721280521,430104.017494505,57.3,AVG
367696:8786,188:188,05/18/23 15:44:17,STABLE BEAMS,6800,443328.037243750,430335.291009485,57.3,AVG
367696:8786,189:189,05/18/23 15:44:40,STABLE BEAMS,6800,445392.955005227,432213.484041744,57.6,AVG
367696:8786,190:190,05/18/23 15:45:03,STABLE BEAMS,6800,419666.095287042,402775.518481200,54.2,AVG
367696:8786,191:191,05/18/23 15:45:27,STABLE BEAMS,6800,394339.297490106,385551.195958387,51.0,AVG
367696:8786,192:192,05/18/23 15:45:50,STABLE BEAMS,6800,443161.220646665,429994.194869744,57.3,AVG
367696:8786,193:193,05/18/23 15:46:13,STABLE BEAMS,6800,390409.065174980,381904.285721652,50.5,AVG
367696:8786,194:194,05/18/23 15:46:37,STABLE BEAMS,6800,450226.664163954,436161.424920800,58.2,AVG
367696:8786,195:195,05/18/23 15:47:00,STABLE BEAMS,6800,456212.480604623,441260.699592357,59.0,AVG
367696:8786,196:196,05/18/23 15:47:23,STABLE BEAMS,6800,456076.438898049,441008.100609265,59.0,AVG
367696:8786,197:197,05/18/23 15:47:46,STABLE BEAMS,6800,455582.679300381,440537.882640941,58.9,AVG
367696:8786,198:198,05/18/23 15:48:10,STABLE BEAMS,6800,455671.777760092,440640.884879135,58.9,AVG
367696:8786,199:199,05/18/23 15:48:33,STABLE BEAMS,6800,455553.631738599,440452.672634857,58.9,AVG
367696:8786,200:200,05/18/23 15:48:56,STABLE BEAMS,6800,455533.554164597,440698.731711207,58.9,AVG
367696:8786,201:201,05/18/23 15:49:20,STABLE BEAMS,6800,455282.324574392,440203.674698463,58.8,AVG
367696:8786,202:202,05/18/23 15:49:43,STABLE BEAMS,6800,455272.307932631,440137.291781485,58.8,AVG
367696:8786,203:203,05/18/23 15:50:06,STABLE BEAMS,6800,454281.555532242,439630.317839204,58.7,AVG
367696:8786,204:204,05/18/23 15:50:30,STABLE BEAMS,6800,454189.904542225,439569.579432045,58.7,AVG
367696:8786,205:205,05/18/23 15:50:53,STABLE BEAMS,6800,454016.076062799,439383.347232706,58.7,AVG
367696:8786,206:206,05/18/23 15:51:16,STABLE BEAMS,6800,453992.037987436,439451.705797185,58.7,AVG
367696:8786,207:207,05/18/23 15:51:40,STABLE BEAMS,6800,452977.289471085,438341.489607071,58.6,AVG
367696:8786,208:208,05/18/23 15:52:03,STABLE BEAMS,6800,452866.926918719,438442.186194571,58.5,AVG
367696:8786,209:209,05/18/23 15:52:26,STABLE BEAMS,6800,453220.276369816,438879.782093661,58.6,AVG
367696:8786,210:210,05/18/23 15:52:49,STABLE BEAMS,6800,452977.653119239,438605.909131843,58.6,AVG
367696:8786,211:211,05/18/23 15:53:13,STABLE BEAMS,6800,452909.678887509,438735.750012750,58.5,AVG
367696:8786,212:212,05/18/23 15:53:36,STABLE BEAMS,6800,452485.121999628,438351.622744378,58.5,AVG
367696:8786,213:213,05/18/23 15:53:59,STABLE BEAMS,6800,452404.900284582,438430.214434451,58.5,AVG
367696:8786,214:214,05/18/23 15:54:23,STABLE BEAMS,6800,452034.979200654,438032.549490707,58.4,AVG
367696:8786,215:215,05/18/23 15:54:46,STABLE BEAMS,6800,451492.775141951,437650.541629888,58.4,AVG
367696:8786,216:216,05/18/23 15:55:09,STABLE BEAMS,6800,451093.806496240,436624.524400958,58.3,AVG
367696:8786,217:217,05/18/23 15:55:33,STABLE BEAMS,6800,450951.937094901,437215.437107105,58.3,AVG
367696:8786,218:218,05/18/23 15:55:56,STABLE BEAMS,6800,450228.393823761,436492.987662002,58.2,AVG
367696:8786,219:219,05/18/23 15:56:19,STABLE BEAMS,6800,450049.101297724,436239.116539519,58.2,AVG
367696:8786,220:220,05/18/23 15:56:43,STABLE BEAMS,6800,450268.595593322,436443.146454315,58.2,AVG
367696:8786,221:221,05/18/23 15:57:06,STABLE BEAMS,6800,450156.365847553,436412.813576515,58.2,AVG
367696:8786,222:222,05/18/23 15:57:29,STABLE BEAMS,6800,449826.010148918,436034.246795612,58.1,AVG
367696:8786,223:223,05/18/23 15:57:53,STABLE BEAMS,6800,449194.614387388,435677.827823914,58.1,AVG
367696:8786,224:224,05/18/23 15:58:16,STABLE BEAMS,6800,449733.450038517,241753.319299706,58.1,AVG
367696:8786,225:225,05/18/23 15:58:39,STABLE BEAMS,6800,449430.864470972,435871.120420252,58.1,AVG
367696:8786,226:226,05/18/23 15:59:02,STABLE BEAMS,6800,449291.864626535,435861.479315097,58.1,AVG
367696:8786,227:227,05/18/23 15:59:26,STABLE BEAMS,6800,449295.505770224,435690.629651964,58.1,AVG
367696:8786,228:228,05/18/23 15:59:49,STABLE BEAMS,6800,449871.902079647,436246.996537499,58.1,AVG
367696:8786,229:229,05/18/23 16:00:12,STABLE BEAMS,6800,449078.424140258,435534.750621950,58.0,AVG
367696:8786,230:230,05/18/23 16:00:36,STABLE BEAMS,6800,459987.369888115,444413.951475545,59.5,AVG
367696:8786,231:231,05/18/23 16:00:59,STABLE BEAMS,6800,470753.168803942,452935.897952196,60.8,AVG
367696:8786,232:232,05/18/23 16:01:22,STABLE BEAMS,6800,470334.351029864,447573.438063327,60.8,AVG
367696:8786,233:233,05/18/23 16:01:46,STABLE BEAMS,6800,470467.112909825,438969.142998213,60.8,AVG
367696:8786,234:234,05/18/23 16:02:09,STABLE BEAMS,6800,470419.078718501,437645.381454484,60.8,AVG
367696:8786,235:235,05/18/23 16:02:32,STABLE BEAMS,6800,469847.782807536,439083.899702441,60.7,AVG
367696:8786,236:236,05/18/23 16:02:56,STABLE BEAMS,6800,469830.071277609,439320.413509438,60.7,AVG
367696:8786,237:237,05/18/23 16:03:19,STABLE BEAMS,6800,469722.669194183,445725.609697322,60.7,AVG
367696:8786,238:238,05/18/23 16:03:42,STABLE BEAMS,6800,469068.601368943,445219.582014090,60.6,AVG
367696:8786,239:239,05/18/23 16:04:05,STABLE BEAMS,6800,468403.470247963,445864.197379869,60.5,AVG
367696:8786,240:240,05/18/23 16:04:29,STABLE BEAMS,6800,468465.707696966,451537.172653341,60.6,AVG
367696:8786,241:241,05/18/23 16:04:52,STABLE BEAMS,6800,468804.033350961,317881.801345800,60.6,AVG
367696:8786,242:242,05/18/23 16:05:15,STABLE BEAMS,6800,468712.338070464,451086.971645993,60.6,AVG
367696:8786,243:243,05/18/23 16:05:39,STABLE BEAMS,6800,468865.634415696,447102.411025208,60.6,AVG
367696:8786,244:244,05/18/23 16:06:02,STABLE BEAMS,6800,467496.398882231,167605.207284595,60.4,AVG
367696:8786,245:245,05/18/23 16:06:25,STABLE BEAMS,6800,467495.534052328,451680.868017075,60.4,AVG
367696:8786,246:246,05/18/23 16:06:49,STABLE BEAMS,6800,466712.711470046,451358.926434238,60.3,AVG
367696:8786,247:247,05/18/23 16:07:12,STABLE BEAMS,6800,466906.072051244,451459.937108837,60.4,AVG
367696:8786,248:248,05/18/23 16:07:35,STABLE BEAMS,6800,466485.932555993,451284.034500302,60.3,AVG
367696:8786,249:249,05/18/23 16:07:59,STABLE BEAMS,6800,466246.129909681,220058.753746807,60.3,AVG
367696:8786,250:250,05/18/23 16:08:22,STABLE BEAMS,6800,464977.832380609,450073.949299364,60.1,AVG
367696:8786,251:251,05/18/23 16:08:45,STABLE BEAMS,6800,464754.468495688,449874.190952839,60.1,AVG
367696:8786,252:252,05/18/23 16:09:09,STABLE BEAMS,6800,464693.869794452,449750.599913352,60.1,AVG
367696:8786,253:253,05/18/23 16:09:32,STABLE BEAMS,6800,464570.851820136,449778.664797638,60.0,AVG
367696:8786,254:254,05/18/23 16:09:55,STABLE BEAMS,6800,463709.308736980,449024.249715082,59.9,AVG
367696:8786,255:255,05/18/23 16:10:19,STABLE BEAMS,6800,463935.905826957,449095.141045880,60.0,AVG
367696:8786,256:256,05/18/23 16:10:42,STABLE BEAMS,6800,464637.595242732,443147.702878540,60.1,AVG
367696:8786,257:257,05/18/23 16:11:05,STABLE BEAMS,6800,464508.702952094,449454.017648749,60.0,AVG
367696:8786,258:258,05/18/23 16:11:28,STABLE BEAMS,6800,465004.332074241,449872.129247084,60.1,AVG
367696:8786,259:259,05/18/23 16:11:52,STABLE BEAMS,6800,463259.664788678,447769.287810954,59.9,AVG
367696:8786,260:260,05/18/23 16:12:15,STABLE BEAMS,6800,462403.357306498,447640.115426561,59.8,AVG
367696:8786,261:261,05/18/23 16:12:38,STABLE BEAMS,6800,462973.515651446,448263.650874527,59.8,AVG
367696:8786,262:262,05/18/23 16:13:02,STABLE BEAMS,6800,463026.011525881,448245.308335891,59.8,AVG
367696:8786,263:263,05/18/23 16:13:25,STABLE BEAMS,6800,463076.048113126,448306.628950434,59.9,AVG
367696:8786,264:264,05/18/23 16:13:48,STABLE BEAMS,6800,462770.868055872,448181.648815233,59.8,AVG
367696:8786,265:265,05/18/23 16:14:12,STABLE BEAMS,6800,462714.365058517,448159.173221142,59.8,AVG
367696:8786,266:266,05/18/23 16:14:35,STABLE BEAMS,6800,462457.673752778,446447.508817749,59.8,AVG
367696:8786,267:267,05/18/23 16:14:58,STABLE BEAMS,6800,462272.234174304,446630.019511332,59.8,AVG
367696:8786,268:268,05/18/23 16:15:22,STABLE BEAMS,6800,461982.443893383,447441.665201327,59.7,AVG
367696:8786,269:269,05/18/23 16:15:45,STABLE BEAMS,6800,461192.609428761,446840.282371587,59.6,AVG
367696:8786,270:270,05/18/23 16:16:08,STABLE BEAMS,6800,460943.111829440,446862.161219632,59.6,AVG
367696:8786,271:271,05/18/23 16:16:31,STABLE BEAMS,6800,460185.373976501,368960.139810555,59.5,AVG
367696:8786,272:272,05/18/23 16:16:55,STABLE BEAMS,6800,459629.512132349,443638.966335533,59.4,AVG
367696:8786,273:273,05/18/23 16:17:18,STABLE BEAMS,6800,457031.679657623,442769.627123238,59.1,AVG
367696:8786,274:274,05/18/23 16:17:41,STABLE BEAMS,6800,457097.015109163,443360.184631958,59.1,AVG
367696:8786,275:275,05/18/23 16:18:05,STABLE BEAMS,6800,456217.988941715,442446.161327790,59.0,AVG
367696:8786,276:276,05/18/23 16:18:28,STABLE BEAMS,6800,456510.874894094,442848.177351195,59.0,AVG
367696:8786,277:277,05/18/23 16:18:51,STABLE BEAMS,6800,456302.443894237,344593.995390380,59.0,AVG
367696:8786,278:278,05/18/23 16:19:15,STABLE BEAMS,6800,455426.378195729,441750.816876383,58.9,AVG
367696:8786,279:279,05/18/23 16:19:38,STABLE BEAMS,6800,454526.500536414,440482.309959735,58.8,AVG
367696:8786,280:280,05/18/23 16:20:01,STABLE BEAMS,6800,455459.614704507,441952.015526026,58.9,AVG
367696:8786,281:281,05/18/23 16:20:25,STABLE BEAMS,6800,456597.243661577,442946.687266107,59.0,AVG
367696:8786,282:282,05/18/23 16:20:48,STABLE BEAMS,6800,456715.254480552,443143.195193224,59.0,AVG
367696:8786,283:283,05/18/23 16:21:11,STABLE BEAMS,6800,456860.674113541,443071.816630079,59.1,AVG
367696:8786,284:284,05/18/23 16:21:34,STABLE BEAMS,6800,456945.084775583,443162.764520885,59.1,AVG
367696:8786,285:285,05/18/23 16:21:58,STABLE BEAMS,6800,457043.563492786,443161.778653254,59.1,AVG
367696:8786,286:286,05/18/23 16:22:21,STABLE BEAMS,6800,456910.027694960,443250.529567956,59.1,AVG
367696:8786,287:287,05/18/23 16:22:44,STABLE BEAMS,6800,456573.751058444,442625.265080405,59.0,AVG
367696:8786,288:288,05/18/23 16:23:08,STABLE BEAMS,6800,456639.951339887,443018.039065791,59.0,AVG
367696:8786,289:289,05/18/23 16:23:31,STABLE BEAMS,6800,456416.722657484,441878.155319911,59.0,AVG
367696:8786,290:290,05/18/23 16:23:54,STABLE BEAMS,6800,455662.719191351,441622.747443757,58.9,AVG
367696:8786,291:291,05/18/23 16:24:18,STABLE BEAMS,6800,455820.521510175,442341.039165892,58.9,AVG
367696:8786,292:292,05/18/23 16:24:41,STABLE BEAMS,6800,456556.722534343,315175.509016939,59.0,AVG
367696:8786,293:293,05/18/23 16:25:04,STABLE BEAMS,6800,456096.425560012,385177.389390211,59.0,AVG
367696:8786,294:294,05/18/23 16:25:28,STABLE BEAMS,6800,456036.509864602,442439.231114940,58.9,AVG
367696:8786,295:295,05/18/23 16:25:51,STABLE BEAMS,6800,455157.257582597,441782.189202429,58.8,AVG
367696:8786,296:296,05/18/23 16:26:14,STABLE BEAMS,6800,455276.951439819,442027.283416961,58.8,AVG
367696:8786,297:297,05/18/23 16:26:38,STABLE BEAMS,6800,455051.494246939,441729.306544532,58.8,AVG
367696:8786,298:298,05/18/23 16:27:01,STABLE BEAMS,6800,455265.524495926,440942.434268013,58.8,AVG
367696:8786,299:299,05/18/23 16:27:24,STABLE BEAMS,6800,454870.970911768,441498.912233857,58.8,AVG
367696:8786,300:300,05/18/23 16:27:47,STABLE BEAMS,6800,454690.995379905,440302.112498738,58.8,AVG
367696:8786,301:301,05/18/23 16:28:11,STABLE BEAMS,6800,453970.137510512,439573.184018500,58.7,AVG
367696:8786,302:302,05/18/23 16:28:34,STABLE BEAMS,6800,454065.749001891,440662.610477325,58.7,AVG
367696:8786,303:303,05/18/23 16:28:57,STABLE BEAMS,6800,453665.230189373,440482.658004662,58.6,AVG
367696:8786,304:304,05/18/23 16:29:21,STABLE BEAMS,6800,453171.242146071,436220.318223439,58.6,AVG
367696:8786,305:305,05/18/23 16:29:44,STABLE BEAMS,6800,452397.844111762,439376.897830407,58.5,AVG
367696:8786,306:306,05/18/23 16:30:07,STABLE BEAMS,6800,452005.521369160,438365.207193849,58.4,AVG
367696:8786,307:307,05/18/23 16:30:31,STABLE BEAMS,6800,452287.253113761,439204.455214722,58.5,AVG
367696:8786,308:308,05/18/23 16:30:54,STABLE BEAMS,6800,451825.909485450,438851.474523232,58.4,AVG
367696:8786,309:309,05/18/23 16:31:17,STABLE BEAMS,6800,451233.852994657,438292.944985258,58.3,AVG
367696:8786,310:310,05/18/23 16:31:41,STABLE BEAMS,6800,451309.475492995,239638.843461760,58.3,AVG
367696:8786,311:311,05/18/23 16:32:04,STABLE BEAMS,6800,451677.895362752,430077.478036661,58.4,AVG
367696:8786,312:312,05/18/23 16:32:27,STABLE BEAMS,6800,451322.315070099,433377.601492622,58.3,AVG
367696:8786,313:313,05/18/23 16:32:50,STABLE BEAMS,6800,451426.120300316,434817.247638242,58.3,AVG
367696:8786,314:314,05/18/23 16:33:14,STABLE BEAMS,6800,450566.080762409,427801.769039714,58.2,AVG
367696:8786,315:315,05/18/23 16:33:37,STABLE BEAMS,6800,450006.120883299,430123.268691160,58.2,AVG
367696:8786,316:316,05/18/23 16:34:00,STABLE BEAMS,6800,450459.953778598,431391.943393754,58.2,AVG
367696:8786,317:317,05/18/23 16:34:24,STABLE BEAMS,6800,450950.025611018,431434.439793575,58.3,AVG
367696:8786,318:318,05/18/23 16:34:47,STABLE BEAMS,6800,450562.665733278,430454.590086117,58.2,AVG
367696:8786,319:319,05/18/23 16:35:10,STABLE BEAMS,6800,450476.889059583,437746.000168596,58.2,AVG
367696:8786,320:320,05/18/23 16:35:34,STABLE BEAMS,6800,450272.465182645,335797.606194478,58.2,AVG
367696:8786,321:321,05/18/23 16:35:57,STABLE BEAMS,6800,450041.450700038,436590.839677501,58.2,AVG
367696:8786,322:322,05/18/23 16:36:20,STABLE BEAMS,6800,449491.099524055,436787.978700252,58.1,AVG
367696:8786,323:323,05/18/23 16:36:44,STABLE BEAMS,6800,449411.423281239,433728.959276385,58.1,AVG
367696:8786,324:324,05/18/23 16:37:07,STABLE BEAMS,6800,449555.339368979,435775.532422925,58.1,AVG
367696:8786,325:325,05/18/23 16:37:30,STABLE BEAMS,6800,449029.072889917,436277.058620280,58.0,AVG
367696:8786,326:326,05/18/23 16:37:54,STABLE BEAMS,6800,448922.034454645,436245.996835253,58.0,AVG
367696:8786,327:327,05/18/23 16:38:17,STABLE BEAMS,6800,448656.918633355,436060.096639716,58.0,AVG
367696:8786,328:328,05/18/23 16:38:40,STABLE BEAMS,6800,448572.871619466,434858.852381799,58.0,AVG
367696:8786,329:329,05/18/23 16:39:04,STABLE BEAMS,6800,451089.661839724,438170.448827321,58.3,AVG
367696:8786,330:330,05/18/23 16:39:27,STABLE BEAMS,6800,468496.986100304,446615.455584676,60.6,AVG
367696:8786,331:331,05/18/23 16:39:50,STABLE BEAMS,6800,471832.523144448,455864.896461404,61.0,AVG
367696:8786,332:332,05/18/23 16:40:13,STABLE BEAMS,6800,471192.705198445,448603.105125338,60.9,AVG
367696:8786,333:333,05/18/23 16:40:37,STABLE BEAMS,6800,470670.762868898,453523.090213558,60.8,AVG
367696:8786,334:334,05/18/23 16:41:00,STABLE BEAMS,6800,470538.865818840,449215.209850593,60.8,AVG
367696:8786,335:335,05/18/23 16:41:23,STABLE BEAMS,6800,471803.976764415,455862.409459253,61.0,AVG
367696:8786,336:336,05/18/23 16:41:47,STABLE BEAMS,6800,470673.905161915,454317.006967401,60.8,AVG
367696:8786,337:337,05/18/23 16:42:10,STABLE BEAMS,6800,467195.680508088,451977.367686275,60.4,AVG
367696:8786,338:338,05/18/23 16:42:33,STABLE BEAMS,6800,464923.653467926,449888.558804207,60.1,AVG
367696:8786,339:339,05/18/23 16:42:57,STABLE BEAMS,6800,464039.573523578,449368.863751816,60.0,AVG
367696:8786,340:340,05/18/23 16:43:20,STABLE BEAMS,6800,464921.695362485,449916.154237236,60.1,AVG
367696:8786,341:341,05/18/23 16:43:43,STABLE BEAMS,6800,464989.944661407,443577.193653472,60.1,AVG
367696:8786,342:342,05/18/23 16:44:07,STABLE BEAMS,6800,464317.710746048,449093.275473067,60.0,AVG
367696:8786,343:343,05/18/23 16:44:30,STABLE BEAMS,6800,464070.989460512,449479.637621032,60.0,AVG
367696:8786,344:344,05/18/23 16:44:53,STABLE BEAMS,6800,465064.748951400,450394.379248845,60.1,AVG
367696:8786,345:345,05/18/23 16:45:16,STABLE BEAMS,6800,464896.382187507,450227.355874448,60.1,AVG
367696:8786,346:346,05/18/23 16:45:40,STABLE BEAMS,6800,465415.683405787,449549.360564080,60.2,AVG
367696:8786,347:347,05/18/23 16:46:03,STABLE BEAMS,6800,465096.435293372,450320.147318977,60.1,AVG
367696:8786,348:348,05/18/23 16:46:26,STABLE BEAMS,6800,464163.778016547,449657.269736599,60.0,AVG
367696:8786,349:349,05/18/23 16:46:50,STABLE BEAMS,6800,462984.261920591,448650.544647165,59.8,AVG
367696:8786,350:350,05/18/23 16:47:13,STABLE BEAMS,6800,461637.516626759,447513.683752317,59.7,AVG
367696:8786,351:351,05/18/23 16:47:36,STABLE BEAMS,6800,460698.029291671,446595.397228890,59.5,AVG
367696:8786,352:352,05/18/23 16:48:00,STABLE BEAMS,6800,459005.585144429,445083.331689327,59.3,AVG
367696:8786,353:353,05/18/23 16:48:23,STABLE BEAMS,6800,458381.564913393,438453.179540311,59.2,AVG
367696:8786,354:354,05/18/23 16:48:46,STABLE BEAMS,6800,457756.271913821,444169.915436259,59.2,AVG
367696:8786,355:355,05/18/23 16:49:10,STABLE BEAMS,6800,456846.468524784,443393.971608207,59.1,AVG
367696:8786,356:356,05/18/23 16:49:33,STABLE BEAMS,6800,455939.898340802,442512.139146059,58.9,AVG
367696:8786,357:357,05/18/23 16:49:56,STABLE BEAMS,6800,456797.935482788,443343.614010632,59.0,AVG
367696:8786,358:358,05/18/23 16:50:19,STABLE BEAMS,6800,456844.284304786,443321.780289779,59.1,AVG
367696:8786,359:359,05/18/23 16:50:43,STABLE BEAMS,6800,456677.693822258,443226.626369754,59.0,AVG
367696:8786,360:360,05/18/23 16:51:06,STABLE BEAMS,6800,456369.919275294,442994.645562847,59.0,AVG
367696:8786,361:361,05/18/23 16:51:29,STABLE BEAMS,6800,456397.099643674,441447.326992692,59.0,AVG
367696:8786,362:362,05/18/23 16:51:53,STABLE BEAMS,6800,456233.924190278,442595.352256913,59.0,AVG
367696:8786,363:363,05/18/23 16:52:16,STABLE BEAMS,6800,455842.011717387,442301.269295087,58.9,AVG
367696:8786,364:364,05/18/23 16:52:39,STABLE BEAMS,6800,455432.252512051,442097.748643363,58.9,AVG
367696:8786,365:365,05/18/23 16:53:03,STABLE BEAMS,6800,456113.544996151,442619.749380000,59.0,AVG
367696:8786,366:366,05/18/23 16:53:26,STABLE BEAMS,6800,455923.825558642,442526.772939659,58.9,AVG
367696:8786,367:367,05/18/23 16:53:49,STABLE BEAMS,6800,455993.259045141,441892.999237483,58.9,AVG
367696:8786,368:368,05/18/23 16:54:13,STABLE BEAMS,6800,455561.599362880,442192.570540855,58.9,AVG
367696:8786,369:369,05/18/23 16:54:36,STABLE BEAMS,6800,455396.237358408,441873.960060271,58.9,AVG
367696:8786,370:370,05/18/23 16:54:59,STABLE BEAMS,6800,455080.495187163,441733.552067258,58.8,AVG
367696:8786,371:371,05/18/23 16:55:23,STABLE BEAMS,6800,453840.380389971,440848.534080542,58.7,AVG
367696:8786,372:372,05/18/23 16:55:46,STABLE BEAMS,6800,453775.592741738,440710.437956816,58.7,AVG
367696:8786,373:373,05/18/23 16:56:09,STABLE BEAMS,6800,454133.585700024,441008.763355892,58.7,AVG
367696:8786,374:374,05/18/23 16:56:33,STABLE BEAMS,6800,453401.300886737,440484.137900463,58.6,AVG
367696:8786,375:375,05/18/23 16:56:56,STABLE BEAMS,6800,453191.867523380,440216.697531053,58.6,AVG
367696:8786,376:376,05/18/23 16:57:19,STABLE BEAMS,6800,453381.311893696,440269.627180612,58.6,AVG
367696:8786,377:377,05/18/23 16:57:42,STABLE BEAMS,6800,453030.148993674,439401.824142951,58.6,AVG
367696:8786,378:378,05/18/23 16:58:06,STABLE BEAMS,6800,452195.877190937,439320.159044664,58.4,AVG
367696:8786,379:379,05/18/23 16:58:29,STABLE BEAMS,6800,452206.896196197,437628.433352976,58.5,AVG
367696:8786,380:380,05/18/23 16:58:52,STABLE BEAMS,6800,452835.103043151,436401.229133325,58.5,AVG
367696:8786,381:381,05/18/23 16:59:16,STABLE BEAMS,6800,452508.570312281,439537.491107025,58.5,AVG
367696:8786,382:382,05/18/23 16:59:39,STABLE BEAMS,6800,452332.191633626,439396.554295421,58.5,AVG
367696:8786,383:383,05/18/23 17:00:02,STABLE BEAMS,6800,452261.075108880,439294.200859659,58.5,AVG
367696:8786,384:384,05/18/23 17:00:26,STABLE BEAMS,6800,452005.157721006,438712.188255362,58.4,AVG
367696:8786,385:385,05/18/23 17:00:49,STABLE BEAMS,6800,451534.342923165,438839.240980062,58.4,AVG
367696:8786,386:386,05/18/23 17:01:12,STABLE BEAMS,6800,451272.551218969,438336.199563720,58.3,AVG
367696:8786,387:387,05/18/23 17:01:36,STABLE BEAMS,6800,451147.484227174,429935.650755655,58.3,AVG
367696:8786,388:388,05/18/23 17:01:59,STABLE BEAMS,6800,450786.577421507,431778.810402100,58.3,AVG
367696:8786,389:389,05/18/23 17:02:22,STABLE BEAMS,6800,450591.850828657,429628.126384523,58.2,AVG
367696:8786,390:390,05/18/23 17:02:45,STABLE BEAMS,6800,450141.022692778,425207.639198191,58.2,AVG
367696:8786,391:391,05/18/23 17:03:09,STABLE BEAMS,6800,449520.510733990,430618.899907532,58.1,AVG
367696:8786,392:392,05/18/23 17:03:32,STABLE BEAMS,6800,449356.151093017,429278.746113840,58.1,AVG
367696:8786,393:393,05/18/23 17:03:55,STABLE BEAMS,6800,449138.342166745,436463.695069971,58.1,AVG
367696:8786,394:394,05/18/23 17:04:19,STABLE BEAMS,6800,448999.750260942,224037.713850531,58.0,AVG
367696:8786,395:395,05/18/23 17:04:42,STABLE BEAMS,6800,448433.053566684,435897.781907854,58.0,AVG
367696:8786,396:396,05/18/23 17:05:05,STABLE BEAMS,6800,447942.023661245,435499.494933189,57.9,AVG
367696:8786,397:397,05/18/23 17:05:29,STABLE BEAMS,6800,448459.732753315,436140.598965436,58.0,AVG
367696:8786,398:398,05/18/23 17:05:52,STABLE BEAMS,6800,448570.960135584,429880.649951591,58.0,AVG
367696:8786,399:399,05/18/23 17:06:15,STABLE BEAMS,6800,448224.440742750,429495.578718974,57.9,AVG
367696:8786,400:400,05/18/23 17:06:39,STABLE BEAMS,6800,447970.206393124,435395.986826642,57.9,AVG
367696:8786,401:401,05/18/23 17:07:02,STABLE BEAMS,6800,447749.802977143,428084.218357319,57.9,AVG
367696:8786,402:402,05/18/23 17:07:25,STABLE BEAMS,6800,447482.547226336,435210.723248393,57.8,AVG
367696:8786,403:403,05/18/23 17:07:48,STABLE BEAMS,6800,447321.784438572,428237.456637093,57.8,AVG
367696:8786,404:404,05/18/23 17:08:12,STABLE BEAMS,6800,447112.670432888,434710.845179291,57.8,AVG
367696:8786,405:405,05/18/23 17:08:35,STABLE BEAMS,6800,446337.085847503,434084.750865711,57.7,AVG
367696:8786,406:406,05/18/23 17:08:58,STABLE BEAMS,6800,446063.685375337,428579.696931082,57.7,AVG
367696:8786,407:407,05/18/23 17:09:22,STABLE BEAMS,6800,445358.214951199,433283.675586544,57.6,AVG
367696:8786,408:408,05/18/23 17:09:45,STABLE BEAMS,6800,449007.354237070,369616.973807645,58.0,AVG
367696:8786,409:409,05/18/23 17:10:08,STABLE BEAMS,6800,462848.085011497,448514.570523546,59.8,AVG
367696:8786,410:410,05/18/23 17:10:32,STABLE BEAMS,6800,462943.283902087,441736.245707207,59.8,AVG
367696:8786,411:411,05/18/23 17:10:55,STABLE BEAMS,6800,461556.201636176,446733.779315045,59.7,AVG
367696:8786,412:412,05/18/23 17:11:18,STABLE BEAMS,6800,460423.579834448,445332.963846873,59.5,AVG
367696:8786,413:413,05/18/23 17:11:42,STABLE BEAMS,6800,458037.413895712,444584.086920852,59.2,AVG
367696:8786,414:414,05/18/23 17:12:05,STABLE BEAMS,6800,455652.157077360,442353.931512710,58.9,AVG
367696:8786,415:415,05/18/23 17:12:28,STABLE BEAMS,6800,455669.731073691,442496.454983497,58.9,AVG
367696:8786,416:416,05/18/23 17:12:52,STABLE BEAMS,6800,454886.269776063,440616.213424210,58.8,AVG
367696:8786,417:417,05/18/23 17:13:15,STABLE BEAMS,6800,453950.924766413,439725.444163822,58.7,AVG
367696:8786,418:418,05/18/23 17:13:38,STABLE BEAMS,6800,452138.921964467,438267.891552805,58.4,AVG
367696:8786,419:419,05/18/23 17:14:02,STABLE BEAMS,6800,452496.733098676,438508.540182812,58.5,AVG
367696:8786,420:420,05/18/23 17:14:25,STABLE BEAMS,6800,454534.694275252,440105.591221279,58.8,AVG
367696:8786,421:421,05/18/23 17:14:48,STABLE BEAMS,6800,454935.350621367,440481.575667176,58.8,AVG
367696:8786,422:422,05/18/23 17:15:11,STABLE BEAMS,6800,456076.667343683,441526.601832765,59.0,AVG
367696:8786,423:423,05/18/23 17:15:35,STABLE BEAMS,6800,456854.799797219,442025.988922718,59.1,AVG
367696:8786,424:424,05/18/23 17:15:58,STABLE BEAMS,6800,457610.717078313,442790.206823776,59.1,AVG
367696:8786,425:425,05/18/23 17:16:21,STABLE BEAMS,6800,458107.346232882,443079.884157520,59.2,AVG
367696:8786,426:426,05/18/23 17:16:45,STABLE BEAMS,6800,457881.294615136,441963.451641880,59.2,AVG
367696:8786,427:427,05/18/23 17:17:08,STABLE BEAMS,6800,458450.541508622,443476.219792013,59.3,AVG
367696:8786,428:428,05/18/23 17:17:31,STABLE BEAMS,6800,458247.803001010,436879.235631063,59.2,AVG
367696:8786,429:429,05/18/23 17:17:55,STABLE BEAMS,6800,458611.213384348,443467.831402666,59.3,AVG
367696:8786,430:430,05/18/23 17:18:18,STABLE BEAMS,6800,458439.615746478,442636.181200829,59.3,AVG
367696:8786,431:431,05/18/23 17:18:41,STABLE BEAMS,6800,458989.421450231,443525.350578804,59.3,AVG
367696:8786,432:432,05/18/23 17:19:05,STABLE BEAMS,6800,458896.679515754,443668.182284283,59.3,AVG
367696:8786,433:433,05/18/23 17:19:28,STABLE BEAMS,6800,459230.860513233,443642.805380680,59.4,AVG
367696:8786,434:434,05/18/23 17:19:51,STABLE BEAMS,6800,459413.157798690,444110.453012528,59.4,AVG
367696:8786,435:435,05/18/23 17:20:14,STABLE BEAMS,6800,461547.369181991,445192.707052525,59.7,AVG
367696:8786,436:436,05/18/23 17:20:38,STABLE BEAMS,6800,461211.593727225,445324.007998003,59.6,AVG
367696:8786,437:437,05/18/23 17:21:01,STABLE BEAMS,6800,460571.321221031,444945.066277613,59.5,AVG
367696:8786,438:438,05/18/23 17:21:24,STABLE BEAMS,6800,460232.997898114,444764.257654230,59.5,AVG
367696:8786,439:439,05/18/23 17:21:48,STABLE BEAMS,6800,459602.103318334,444274.728353173,59.4,AVG
367696:8786,440:440,05/18/23 17:22:11,STABLE BEAMS,6800,459668.028532584,444252.633106909,59.4,AVG
367696:8786,441:441,05/18/23 17:22:34,STABLE BEAMS,6800,460150.135071801,444451.126835997,59.5,AVG
367696:8786,442:442,05/18/23 17:22:58,STABLE BEAMS,6800,459697.668188155,444378.480691721,59.4,AVG
367696:8786,443:443,05/18/23 17:23:21,STABLE BEAMS,6800,459316.774720524,443978.791151816,59.4,AVG
367696:8786,444:444,05/18/23 17:23:44,STABLE BEAMS,6800,459296.603903407,444010.155486930,59.4,AVG
367696:8786,445:445,05/18/23 17:24:08,STABLE BEAMS,6800,459338.810399967,444146.669865771,59.4,AVG
367696:8786,446:446,05/18/23 17:24:31,STABLE BEAMS,6800,459024.434240374,443742.290462152,59.3,AVG
367696:8786,447:447,05/18/23 17:24:54,STABLE BEAMS,6800,458823.423061491,443580.510456985,59.3,AVG
367696:8786,448:448,05/18/23 17:25:18,STABLE BEAMS,6800,458625.645087662,443827.934871730,59.3,AVG
367696:8786,449:449,05/18/23 17:25:41,STABLE BEAMS,6800,458307.536872343,443306.850293822,59.2,AVG
367696:8786,450:450,05/18/23 17:26:04,STABLE BEAMS,6800,457740.063929143,442939.218808065,59.2,AVG
367696:8786,451:451,05/18/23 17:26:27,STABLE BEAMS,6800,457499.853344198,442659.688400849,59.1,AVG
367696:8786,452:452,05/18/23 17:26:51,STABLE BEAMS,6800,457016.063766733,442145.228807705,59.1,AVG
367696:8786,453:453,05/18/23 17:27:14,STABLE BEAMS,6800,456561.550196686,442114.340263078,59.0,AVG
367696:8786,454:454,05/18/23 17:27:37,STABLE BEAMS,6800,455845.608570596,441394.474006007,58.9,AVG
367696:8786,455:455,05/18/23 17:28:01,STABLE BEAMS,6800,456161.670099514,441505.919887100,59.0,AVG
367696:8786,456:456,05/18/23 17:28:24,STABLE BEAMS,6800,456161.851923590,441577.967590442,59.0,AVG
367696:8786,457:457,05/18/23 17:28:47,STABLE BEAMS,6800,456176.421160501,441530.114660255,59.0,AVG
367696:8786,458:458,05/18/23 17:29:11,STABLE BEAMS,6800,455325.987994643,440725.269642201,58.9,AVG
367696:8786,459:459,05/18/23 17:29:34,STABLE BEAMS,6800,455519.075839725,441184.728450389,58.9,AVG
367696:8786,460:460,05/18/23 17:29:57,STABLE BEAMS,6800,455643.231380059,441236.132085851,58.9,AVG
367696:8786,461:461,05/18/23 17:30:21,STABLE BEAMS,6800,454679.477523973,440419.643197825,58.8,AVG
367696:8786,462:462,05/18/23 17:30:44,STABLE BEAMS,6800,453781.921618252,439640.979514428,58.7,AVG
367696:8786,463:463,05/18/23 17:31:07,STABLE BEAMS,6800,453210.625707287,438188.346958737,58.6,AVG
367696:8786,464:464,05/18/23 17:31:30,STABLE BEAMS,6800,452140.877738830,432521.844053620,58.4,AVG
367696:8786,465:465,05/18/23 17:31:54,STABLE BEAMS,6800,451103.366246731,432421.317620357,58.3,AVG
367696:8786,466:466,05/18/23 17:32:17,STABLE BEAMS,6800,450138.791851222,431538.626099078,58.2,AVG
367696:8786,467:467,05/18/23 17:32:40,STABLE BEAMS,6800,449408.008252107,430845.758793965,58.1,AVG
367696:8786,468:468,05/18/23 17:33:04,STABLE BEAMS,6800,449412.516556776,435086.418046202,58.1,AVG
367696:8786,469:469,05/18/23 17:33:27,STABLE BEAMS,6800,448155.282323445,427851.961748609,57.9,AVG
367696:8786,470:470,05/18/23 17:33:50,STABLE BEAMS,6800,447361.804384056,429147.562822428,57.8,AVG
367696:8786,471:471,05/18/23 17:34:14,STABLE BEAMS,6800,447805.529725556,434250.616923827,57.9,AVG
367696:8786,472:472,05/18/23 17:34:37,STABLE BEAMS,6800,448769.283581642,429069.212308468,58.0,AVG
367696:8786,473:473,05/18/23 17:35:00,STABLE BEAMS,6800,448639.253724986,426986.491193992,58.0,AVG
367696:8786,474:474,05/18/23 17:35:24,STABLE BEAMS,6800,448518.783618821,435058.465138372,58.0,AVG
367696:8786,475:475,05/18/23 17:35:47,STABLE BEAMS,6800,448420.624259291,429587.263997793,58.0,AVG
367696:8786,476:476,05/18/23 17:36:10,STABLE BEAMS,6800,448212.738731664,434097.575384048,57.9,AVG
367696:8786,477:477,05/18/23 17:36:34,STABLE BEAMS,6800,447782.445061056,432804.098944299,57.9,AVG
367696:8786,478:478,05/18/23 17:36:57,STABLE BEAMS,6800,446992.475393916,425850.635618261,57.8,AVG
367696:8786,479:479,05/18/23 17:37:20,STABLE BEAMS,6800,447479.223109243,426264.019694044,57.8,AVG
367696:8786,480:480,05/18/23 17:37:43,STABLE BEAMS,6800,447810.310766341,432802.967999427,57.9,AVG
367696:8786,481:481,05/18/23 17:38:07,STABLE BEAMS,6800,447411.386411110,432607.572412508,57.8,AVG
367696:8786,482:482,05/18/23 17:38:30,STABLE BEAMS,6800,447068.188804292,426066.706860999,57.8,AVG
367696:8786,483:483,05/18/23 17:38:53,STABLE BEAMS,6800,447120.728969208,432284.977427152,57.8,AVG
367696:8786,484:484,05/18/23 17:39:17,STABLE BEAMS,6800,446977.724332929,426163.485624297,57.8,AVG
367696:8786,485:485,05/18/23 17:39:40,STABLE BEAMS,6800,446701.498594341,432189.579643170,57.7,AVG
367696:8786,486:486,05/18/23 17:40:03,STABLE BEAMS,6800,446236.649024860,431655.604755554,57.7,AVG
367696:8786,487:487,05/18/23 17:40:27,STABLE BEAMS,6800,445950.045327436,425328.583427471,57.6,AVG
367696:8786,488:488,05/18/23 17:40:50,STABLE BEAMS,6800,446141.676248827,337951.339139082,57.7,AVG
367696:8786,489:489,05/18/23 17:41:13,STABLE BEAMS,6800,445388.628524635,274124.278077286,57.6,AVG
367696:8786,490:490,05/18/23 17:41:37,STABLE BEAMS,6800,445398.234896684,431228.842493031,57.6,AVG
367696:8786,491:491,05/18/23 17:42:00,STABLE BEAMS,6800,444170.323292328,430227.188032255,57.4,AVG
367696:8786,492:492,05/18/23 17:42:23,STABLE BEAMS,6800,443685.575641844,429767.224000790,57.3,AVG
367696:8786,493:493,05/18/23 17:42:46,STABLE BEAMS,6800,443758.605981550,428263.855007752,57.4,AVG
367696:8786,494:494,05/18/23 17:43:10,STABLE BEAMS,6800,443481.790480252,429366.519363095,57.3,AVG
367696:8786,495:495,05/18/23 17:43:33,STABLE BEAMS,6800,443244.127763458,428908.393484290,57.3,AVG
367696:8786,496:496,05/18/23 17:43:56,STABLE BEAMS,6800,443337.827770954,424214.575103650,57.3,AVG
367696:8786,497:497,05/18/23 17:44:20,STABLE BEAMS,6800,442995.858642192,428753.917890330,57.3,AVG
367696:8786,498:498,05/18/23 17:44:43,STABLE BEAMS,6800,442650.705261012,428517.874298550,57.2,AVG
367696:8786,499:499,05/18/23 17:45:06,STABLE BEAMS,6800,443124.979378465,428982.714301661,57.3,AVG
367696:8786,500:500,05/18/23 17:45:30,STABLE BEAMS,6800,443398.881032381,429220.180530728,57.3,AVG
367696:8786,501:501,05/18/23 17:45:53,STABLE BEAMS,6800,441974.329020214,428129.892564477,57.1,AVG
367696:8786,502:502,05/18/23 17:46:16,STABLE BEAMS,6800,440886.142225524,427229.341261175,57.0,AVG
367696:8786,503:503,05/18/23 17:46:40,STABLE BEAMS,6800,440508.253517314,426938.327387663,56.9,AVG
367696:8786,504:504,05/18/23 17:47:03,STABLE BEAMS,6800,441932.987353557,428040.510388837,57.1,AVG
367696:8786,505:505,05/18/23 17:47:26,STABLE BEAMS,6800,441792.348761353,427840.636424750,57.1,AVG
367696:8786,506:506,05/18/23 17:47:50,STABLE BEAMS,6800,441443.416702887,426902.717738875,57.1,AVG
367696:8786,507:507,05/18/23 17:48:13,STABLE BEAMS,6800,441118.476098226,426518.714285519,57.0,AVG
367696:8786,508:508,05/18/23 17:48:36,STABLE BEAMS,6800,441592.342277046,427731.862413029,57.1,AVG
367696:8786,509:509,05/18/23 17:48:59,STABLE BEAMS,6800,441346.896091125,427618.586923235,57.0,AVG
367696:8786,510:510,05/18/23 17:49:23,STABLE BEAMS,6800,440970.918866797,427007.441194886,57.0,AVG
367696:8786,511:511,05/18/23 17:49:46,STABLE BEAMS,6800,440728.568352334,329298.022047364,57.0,AVG
367696:8786,512:512,05/18/23 17:50:09,STABLE BEAMS,6800,439825.319954368,426251.013183847,56.9,AVG
367696:8786,513:513,05/18/23 17:50:33,STABLE BEAMS,6800,439730.393799893,426232.567663183,56.8,AVG
367696:8786,514:514,05/18/23 17:50:56,STABLE BEAMS,6800,440133.595683081,424461.596860457,56.9,AVG
367696:8786,515:515,05/18/23 17:51:19,STABLE BEAMS,6800,439127.863776070,425634.925456721,56.8,AVG
367696:8786,516:516,05/18/23 17:51:43,STABLE BEAMS,6800,438414.882618920,424977.434155473,56.7,AVG
367696:8786,517:517,05/18/23 17:52:06,STABLE BEAMS,6800,438274.745208465,424779.990172509,56.7,AVG
367696:8786,518:518,05/18/23 17:52:29,STABLE BEAMS,6800,438221.839064318,424875.305346174,56.6,AVG
367696:8786,519:519,05/18/23 17:52:53,STABLE BEAMS,6800,437422.899409396,424240.340648923,56.5,AVG
367696:8786,520:520,05/18/23 17:53:16,STABLE BEAMS,6800,436860.526864654,423770.772498101,56.5,AVG
367696:8786,521:521,05/18/23 17:53:39,STABLE BEAMS,6800,437119.176275833,422152.523455761,56.5,AVG
367696:8786,522:522,05/18/23 17:54:03,STABLE BEAMS,6800,437017.235907940,423873.483189192,56.5,AVG
367696:8786,523:523,05/18/23 17:54:26,STABLE BEAMS,6800,437116.353340489,320682.179104618,56.5,AVG
367696:8786,524:524,05/18/23 17:54:49,STABLE BEAMS,6800,437182.551290855,325635.075768865,56.5,AVG
367696:8786,525:525,05/18/23 17:55:12,STABLE BEAMS,6800,437216.517427018,424017.238104592,56.5,AVG
367696:8786,526:526,05/18/23 17:55:36,STABLE BEAMS,6800,437056.164908965,267402.573836550,56.5,AVG
367696:8786,527:527,05/18/23 17:55:59,STABLE BEAMS,6800,437193.843032230,276731.500996436,56.5,AVG
367696:8786,528:528,05/18/23 17:56:22,STABLE BEAMS,6800,436676.180561718,423407.424775724,56.4,AVG
367696:8786,529:529,05/18/23 17:56:46,STABLE BEAMS,6800,436830.749675487,423830.067189673,56.5,AVG
367696:8786,530:530,05/18/23 17:57:09,STABLE BEAMS,6800,436146.496722446,423018.942464429,56.4,AVG
367696:8786,531:531,05/18/23 17:57:32,STABLE BEAMS,6800,435563.135152241,421597.886948221,56.3,AVG
367696:8786,532:532,05/18/23 17:57:56,STABLE BEAMS,6800,435143.224102626,201848.793414420,56.2,AVG
367696:8786,533:533,05/18/23 17:58:19,STABLE BEAMS,6800,434766.563872472,422077.396854920,56.2,AVG
367696:8786,534:534,05/18/23 17:58:42,STABLE BEAMS,6800,433899.011270475,421089.367946403,56.1,AVG
367696:8786,535:535,05/18/23 17:59:06,STABLE BEAMS,6800,432977.233134236,420366.319017780,56.0,AVG
367696:8786,536:536,05/18/23 17:59:29,STABLE BEAMS,6800,433205.196235866,419895.770870286,56.0,AVG
367696:8786,537:537,05/18/23 17:59:52,STABLE BEAMS,6800,433327.897183586,419535.382688979,56.0,AVG
367696:8786,538:538,05/18/23 18:00:15,STABLE BEAMS,6800,433233.015319592,420559.396351164,56.0,AVG
367696:8786,539:539,05/18/23 18:00:39,STABLE BEAMS,6800,432980.692453848,419912.210185156,56.0,AVG
367696:8786,540:540,05/18/23 18:01:02,STABLE BEAMS,6800,432742.439974344,420118.658271929,55.9,AVG
367696:8786,541:541,05/18/23 18:01:25,STABLE BEAMS,6800,432558.685765196,419987.893630474,55.9,AVG
367696:8786,542:542,05/18/23 18:01:49,STABLE BEAMS,6800,432715.989233348,414597.567125343,55.9,AVG
367696:8786,543:543,05/18/23 18:02:12,STABLE BEAMS,6800,432763.247175730,412003.853477171,55.9,AVG
367696:8786,544:544,05/18/23 18:02:35,STABLE BEAMS,6800,432876.386041881,405669.367254774,56.0,AVG
367696:8786,545:545,05/18/23 18:02:59,STABLE BEAMS,6800,432933.616335544,414323.177893926,56.0,AVG
367696:8786,546:546,05/18/23 18:03:22,STABLE BEAMS,6800,432659.577148031,420118.677718415,55.9,AVG
367696:8786,547:547,05/18/23 18:03:45,STABLE BEAMS,6800,432541.202680903,414050.235043872,55.9,AVG
367696:8786,548:548,05/18/23 18:04:09,STABLE BEAMS,6800,432445.637811082,419906.938641944,55.9,AVG
367696:8786,549:549,05/18/23 18:04:32,STABLE BEAMS,6800,432236.204447726,411636.116498780,55.9,AVG
367696:8786,550:550,05/18/23 18:04:55,STABLE BEAMS,6800,432030.960031365,419455.054024975,55.8,AVG
367696:8786,551:551,05/18/23 18:05:19,STABLE BEAMS,6800,431382.402874294,419031.532725952,55.8,AVG
367696:8786,552:552,05/18/23 18:05:42,STABLE BEAMS,6800,431192.137964556,418808.875317479,55.7,AVG
367696:8786,553:553,05/18/23 18:06:05,STABLE BEAMS,6800,431641.325021588,414342.443321914,55.8,AVG
367696:8786,554:554,05/18/23 18:06:28,STABLE BEAMS,6800,431269.126474546,412509.896814998,55.7,AVG
367696:8786,555:555,05/18/23 18:06:52,STABLE BEAMS,6800,431086.099561705,409726.528245202,55.7,AVG
367696:8786,556:556,05/18/23 18:07:15,STABLE BEAMS,6800,430723.281272155,418380.056002557,55.7,AVG
367696:8786,557:557,05/18/23 18:07:38,STABLE BEAMS,6800,429754.336105573,417579.976060982,55.5,AVG
367696:8786,558:558,05/18/23 18:08:02,STABLE BEAMS,6800,429255.886379160,411124.400231803,55.5,AVG
367696:8786,559:559,05/18/23 18:08:25,STABLE BEAMS,6800,429996.686620036,326493.207145844,55.6,AVG
367696:8786,560:560,05/18/23 18:08:48,STABLE BEAMS,6800,429923.749523445,417655.864496715,55.6,AVG
367696:8786,561:561,05/18/23 18:09:12,STABLE BEAMS,6800,429660.090625847,412720.344375135,55.5,AVG
367696:8786,562:562,05/18/23 18:09:35,STABLE BEAMS,6800,429426.891923242,417351.534918605,55.5,AVG
367696:8786,563:563,05/18/23 18:09:58,STABLE BEAMS,6800,429210.539920661,416658.519755425,55.5,AVG
367696:8786,564:564,05/18/23 18:10:22,STABLE BEAMS,6800,429150.806049328,416587.499285830,55.5,AVG
367696:8786,565:565,05/18/23 18:10:45,STABLE BEAMS,6800,429077.593885545,416938.676343126,55.5,AVG
367696:8786,566:566,05/18/23 18:11:08,STABLE BEAMS,6800,428788.349076853,180692.794858565,55.4,AVG
367696:8786,567:567,05/18/23 18:11:32,STABLE BEAMS,6800,428595.126029253,416686.000775963,55.4,AVG
367696:8786,568:568,05/18/23 18:11:55,STABLE BEAMS,6800,428287.806042481,416402.103670221,55.4,AVG
367696:8786,569:569,05/18/23 18:12:18,STABLE BEAMS,6800,427659.188925815,408117.605241619,55.3,AVG
367696:8786,570:570,05/18/23 18:12:41,STABLE BEAMS,6800,427123.859215856,414656.787553233,55.2,AVG
367696:8786,571:571,05/18/23 18:13:05,STABLE BEAMS,6800,426513.317277271,230859.709871603,55.1,AVG
367696:8786,572:572,05/18/23 18:13:28,STABLE BEAMS,6800,426157.053978792,181075.019068418,55.1,AVG
367696:8786,573:573,05/18/23 18:13:51,STABLE BEAMS,6800,426286.083803026,147529.140742026,55.1,AVG
367696:8786,574:574,05/18/23 18:14:15,STABLE BEAMS,6800,424634.797167287,409334.340911366,54.9,AVG
367696:8786,575:575,05/18/23 18:14:38,STABLE BEAMS,6800,424034.999166768,403632.673614835,54.8,AVG
367696:8786,576:576,05/18/23 18:15:01,STABLE BEAMS,6800,425130.423958356,413185.467138252,55.0,AVG
367696:8786,577:577,05/18/23 18:15:25,STABLE BEAMS,6800,424887.938241375,413011.406263618,54.9,AVG
367696:8786,578:578,05/18/23 18:15:48,STABLE BEAMS,6800,425064.407832068,355155.906905071,54.9,AVG
367696:8786,579:579,05/18/23 18:16:11,STABLE BEAMS,6800,424577.338427990,371748.324867899,54.9,AVG
367696:8786,580:580,05/18/23 18:16:35,STABLE BEAMS,6800,424697.398264443,411331.015879198,54.9,AVG
367696:8786,581:581,05/18/23 18:16:58,STABLE BEAMS,6800,424360.440953179,412127.130421907,54.9,AVG
367696:8786,582:582,05/18/23 18:17:21,STABLE BEAMS,6800,424245.570096143,409249.272096020,54.8,AVG
367696:8786,583:583,05/18/23 18:17:45,STABLE BEAMS,6800,423952.910258320,408795.225281382,54.8,AVG
367696:8786,584:584,05/18/23 18:18:08,STABLE BEAMS,6800,423990.927807884,310256.832247948,54.8,AVG
367696:8786,585:585,05/18/23 18:18:31,STABLE BEAMS,6800,423876.924111829,406131.822580996,54.8,AVG
367696:8786,586:586,05/18/23 18:18:54,STABLE BEAMS,6800,423676.094757022,407983.915499586,54.8,AVG
367696:8786,587:587,05/18/23 18:19:18,STABLE BEAMS,6800,423535.365252779,402744.319541518,54.7,AVG
367696:8786,588:588,05/18/23 18:19:41,STABLE BEAMS,6800,423308.266981053,408430.147187636,54.7,AVG
367696:8786,589:589,05/18/23 18:20:04,STABLE BEAMS,6800,423071.699870874,341628.867818464,54.7,AVG
367696:8786,590:590,05/18/23 18:20:28,STABLE BEAMS,6800,422764.971977890,388827.829192758,54.6,AVG
367696:8786,591:591,05/18/23 18:20:51,STABLE BEAMS,6800,422071.247855319,407507.008692444,54.6,AVG
367696:8786,592:592,05/18/23 18:21:14,STABLE BEAMS,6800,421504.551161062,407138.812984774,54.5,AVG
367696:8786,593:593,05/18/23 18:21:38,STABLE BEAMS,6800,422277.312811102,407773.194453839,54.6,AVG
367696:8786,594:594,05/18/23 18:22:01,STABLE BEAMS,6800,422172.549507866,407707.377834049,54.6,AVG
367696:8786,595:595,05/18/23 18:22:24,STABLE BEAMS,6800,421336.867402995,407201.732111369,54.5,AVG
367696:8786,596:596,05/18/23 18:22:48,STABLE BEAMS,6800,420069.434703826,406082.982679660,54.3,AVG
367696:8786,597:597,05/18/23 18:23:11,STABLE BEAMS,6800,420026.365708441,406164.602243983,54.3,AVG
367696:8786,598:598,05/18/23 18:23:34,STABLE BEAMS,6800,419189.953976186,405283.068403230,54.2,AVG
367696:8786,599:599,05/18/23 18:23:57,STABLE BEAMS,6800,418719.276711941,404952.490048934,54.1,AVG
367696:8786,600:600,05/18/23 18:24:21,STABLE BEAMS,6800,418120.208338807,404367.845500254,54.0,AVG
367696:8786,601:601,05/18/23 18:24:44,STABLE BEAMS,6800,417113.746804412,403845.019530221,53.9,AVG
367696:8786,602:602,05/18/23 18:25:07,STABLE BEAMS,6800,416437.825123806,403101.646515824,53.8,AVG
367696:8786,603:603,05/18/23 18:25:31,STABLE BEAMS,6800,415615.073508078,402322.566833187,53.7,AVG
367696:8786,604:604,05/18/23 18:25:54,STABLE BEAMS,6800,415495.969413566,399107.542820722,53.7,AVG
367696:8786,605:605,05/18/23 18:26:17,STABLE BEAMS,6800,415080.883695215,390014.288596038,53.7,AVG
367696:8786,606:606,05/18/23 18:26:41,STABLE BEAMS,6800,413951.676922619,390405.332567294,53.5,AVG
367696:8786,607:607,05/18/23 18:27:04,STABLE BEAMS,6800,413284.816141832,390722.348709979,53.4,AVG
367696:8786,608:608,05/18/23 18:27:27,STABLE BEAMS,6800,413747.434869758,390885.669503714,53.5,AVG
367696:8786,609:609,05/18/23 18:27:51,STABLE BEAMS,6800,413800.520506903,391053.335553382,53.5,AVG
367696:8786,610:610,05/18/23 18:28:14,STABLE BEAMS,6800,414055.300328759,391020.716681077,53.5,AVG
367696:8786,611:611,05/18/23 18:28:37,STABLE BEAMS,6800,413853.515232011,391089.513800719,53.5,AVG
367696:8786,612:612,05/18/23 18:29:00,STABLE BEAMS,6800,413899.910675568,390832.270989273,53.5,AVG
367696:8786,613:613,05/18/23 18:29:24,STABLE BEAMS,6800,413502.988716258,391023.426447212,53.4,AVG
367696:8786,614:614,05/18/23 18:29:47,STABLE BEAMS,6800,412646.408497963,390970.611479894,53.3,AVG
367696:8786,615:615,05/18/23 18:30:10,STABLE BEAMS,6800,412486.785607294,390782.076241327,53.3,AVG
367696:8786,616:616,05/18/23 18:30:34,STABLE BEAMS,6800,412968.435255241,389905.637682085,53.4,AVG
367696:8786,617:617,05/18/23 18:30:57,STABLE BEAMS,6800,412505.816527316,389990.102955095,53.3,AVG
367696:8786,618:618,05/18/23 18:31:20,STABLE BEAMS,6800,412061.865071259,389674.556715856,53.3,AVG
367696:8786,619:619,05/18/23 18:31:44,STABLE BEAMS,6800,411737.288114752,389738.544309039,53.2,AVG
367696:8786,620:620,05/18/23 18:32:07,STABLE BEAMS,6800,410743.847981537,389565.890743576,53.1,AVG
367696:8786,621:621,05/18/23 18:32:30,STABLE BEAMS,6800,410884.852552973,389808.219724449,53.1,AVG
367696:8786,622:622,05/18/23 18:32:54,STABLE BEAMS,6800,410544.659705576,138048.777155566,53.1,AVG
367696:8786,623:623,05/18/23 18:33:17,STABLE BEAMS,6800,410457.426108190,397995.687779967,53.1,AVG
367696:8786,624:624,05/18/23 18:33:40,STABLE BEAMS,6800,409667.365529011,391492.153890306,53.0,AVG
367696:8786,625:625,05/18/23 18:34:04,STABLE BEAMS,6800,409393.918435287,391065.870262731,52.9,AVG
367696:8786,626:626,05/18/23 18:34:27,STABLE BEAMS,6800,408751.459378017,391322.172031317,52.8,AVG
367696:8786,627:627,05/18/23 18:34:50,STABLE BEAMS,6800,407866.150955613,395669.377618245,52.7,AVG
367696:8786,628:628,05/18/23 18:35:13,STABLE BEAMS,6800,407629.812291069,388143.211825691,52.7,AVG
367696:8786,629:629,05/18/23 18:35:37,STABLE BEAMS,6800,408741.034797623,390780.914039861,52.8,AVG
367696:8786,630:630,05/18/23 18:36:00,STABLE BEAMS,6800,408994.949789576,394909.464043814,52.9,AVG
367696:8786,631:631,05/18/23 18:36:23,STABLE BEAMS,6800,408462.671460595,392966.842699603,52.8,AVG
367696:8786,632:632,05/18/23 18:36:47,STABLE BEAMS,6800,408667.687431321,390765.928070881,52.8,AVG
367696:8786,633:633,05/18/23 18:37:10,STABLE BEAMS,6800,409550.536566535,397046.600860855,52.9,AVG
367696:8786,634:634,05/18/23 18:37:33,STABLE BEAMS,6800,410814.647479688,393186.388054981,53.1,AVG
367696:8786,635:635,05/18/23 18:37:57,STABLE BEAMS,6800,410710.886539951,398225.343479646,53.1,AVG
367696:8786,636:636,05/18/23 18:38:20,STABLE BEAMS,6800,410846.925915448,398344.985471942,53.1,AVG
367696:8786,637:637,05/18/23 18:38:43,STABLE BEAMS,6800,410555.130907528,393044.263568981,53.1,AVG
367696:8786,638:638,05/18/23 18:39:07,STABLE BEAMS,6800,409191.450332712,396564.040243030,52.9,AVG
367696:8786,639:639,05/18/23 18:39:30,STABLE BEAMS,6800,409096.978738429,396886.812170808,52.9,AVG
367696:8786,640:640,05/18/23 18:39:53,STABLE BEAMS,6800,408625.800292434,396186.578315267,52.8,AVG
367696:8786,641:641,05/18/23 18:40:17,STABLE BEAMS,6800,408450.605801356,390423.377886207,52.8,AVG
367696:8786,642:642,05/18/23 18:40:40,STABLE BEAMS,6800,409029.869336603,396736.191110842,52.9,AVG
367696:8786,643:643,05/18/23 18:41:03,STABLE BEAMS,6800,408522.039352697,390627.294729892,52.8,AVG
367696:8786,644:644,05/18/23 18:41:26,STABLE BEAMS,6800,406910.136278174,394687.665550392,52.6,AVG
367696:8786,645:645,05/18/23 18:41:50,STABLE BEAMS,6800,406808.333443877,389983.637134120,52.6,AVG
367696:8786,646:646,05/18/23 18:42:13,STABLE BEAMS,6800,407400.709292344,395353.087864767,52.7,AVG
367696:8786,647:647,05/18/23 18:42:36,STABLE BEAMS,6800,407487.033769346,395356.003620524,52.7,AVG
367696:8786,648:648,05/18/23 18:43:00,STABLE BEAMS,6800,406988.264685260,282706.208645754,52.6,AVG
367696:8786,649:649,05/18/23 18:43:23,STABLE BEAMS,6800,406475.154809898,332702.129907970,52.5,AVG
367696:8786,650:650,05/18/23 18:43:46,STABLE BEAMS,6800,406655.493989914,394566.470858386,52.6,AVG
367696:8786,651:651,05/18/23 18:44:10,STABLE BEAMS,6800,406264.765704600,393942.848273531,52.5,AVG
367696:8786,652:652,05/18/23 18:44:33,STABLE BEAMS,6800,405770.593506143,393990.036635679,52.4,AVG
367696:8786,653:653,05/18/23 18:44:56,STABLE BEAMS,6800,405206.400389556,393561.797180370,52.4,AVG
367696:8786,654:654,05/18/23 18:45:20,STABLE BEAMS,6800,405703.211368202,394023.205254600,52.4,AVG
367696:8786,655:655,05/18/23 18:45:43,STABLE BEAMS,6800,405466.553345985,393271.867833662,52.4,AVG
367696:8786,656:656,05/18/23 18:46:06,STABLE BEAMS,6800,405533.480923734,393743.798832568,52.4,AVG
367696:8786,657:657,05/18/23 18:46:30,STABLE BEAMS,6800,405495.325840575,393475.546210513,52.4,AVG
367696:8786,658:658,05/18/23 18:46:53,STABLE BEAMS,6800,405465.597604043,393724.756098015,52.4,AVG
367696:8786,659:659,05/18/23 18:47:16,STABLE BEAMS,6800,405437.233048087,393635.485505958,52.4,AVG
367696:8786,660:660,05/18/23 18:47:39,STABLE BEAMS,6800,405095.629898557,393218.428334689,52.4,AVG
367696:8786,661:661,05/18/23 18:48:03,STABLE BEAMS,6800,405059.705656953,393324.959504532,52.4,AVG
367696:8786,662:662,05/18/23 18:48:26,STABLE BEAMS,6800,405033.982212264,393193.968129641,52.4,AVG
367696:8786,663:663,05/18/23 18:48:49,STABLE BEAMS,6800,404854.554483709,393031.448347407,52.3,AVG
367696:8786,664:664,05/18/23 18:49:13,STABLE BEAMS,6800,404581.517659695,392754.344967551,52.3,AVG
367696:8786,665:665,05/18/23 18:49:36,STABLE BEAMS,6800,404114.800896812,392409.410923866,52.2,AVG
367696:8786,666:666,05/18/23 18:49:59,STABLE BEAMS,6800,403817.679375878,392129.391436966,52.2,AVG
367696:8786,667:667,05/18/23 18:50:23,STABLE BEAMS,6800,403925.128080861,392140.398671532,52.2,AVG
367696:8786,668:668,05/18/23 18:50:46,STABLE BEAMS,6800,403586.664893270,392062.830940691,52.2,AVG
367696:8786,669:669,05/18/23 18:51:09,STABLE BEAMS,6800,402938.653208429,391408.115699969,52.1,AVG
367696:8786,670:670,05/18/23 18:51:33,STABLE BEAMS,6800,402781.261159316,391407.607040752,52.1,AVG
367696:8786,671:671,05/18/23 18:51:56,STABLE BEAMS,6800,403343.223434347,391900.336214201,52.1,AVG
367696:8786,672:672,05/18/23 18:52:19,STABLE BEAMS,6800,403124.775792729,391490.324105376,52.1,AVG
367696:8786,673:673,05/18/23 18:52:43,STABLE BEAMS,6800,402879.648964481,391417.738301156,52.1,AVG
367696:8786,674:674,05/18/23 18:53:06,STABLE BEAMS,6800,402946.849278345,391483.975466713,52.1,AVG
367696:8786,675:675,05/18/23 18:53:29,STABLE BEAMS,6800,402727.354982748,391210.480911199,52.1,AVG
367696:8786,676:676,05/18/23 18:53:52,STABLE BEAMS,6800,402553.570793802,391085.439132087,52.0,AVG
367696:8786,677:677,05/18/23 18:54:16,STABLE BEAMS,6800,402302.933297385,390522.744546414,52.0,AVG
367696:8786,678:678,05/18/23 18:54:39,STABLE BEAMS,6800,401893.493449721,390536.622576623,51.9,AVG
367696:8786,679:679,05/18/23 18:55:02,STABLE BEAMS,6800,401698.174763083,390064.912269573,51.9,AVG
367696:8786,680:680,05/18/23 18:55:26,STABLE BEAMS,6800,401747.071453232,390340.102820132,51.9,AVG
367696:8786,681:681,05/18/23 18:55:49,STABLE BEAMS,6800,401763.645417142,390440.853534111,51.9,AVG
367696:8786,682:682,05/18/23 18:56:12,STABLE BEAMS,6800,401359.940021127,389436.469806455,51.9,AVG
367696:8786,683:683,05/18/23 18:56:36,STABLE BEAMS,6800,401166.761264006,389851.896168798,51.9,AVG
367696:8786,684:684,05/18/23 18:56:59,STABLE BEAMS,6800,400150.147885331,389046.242019349,51.7,AVG
367696:8786,685:685,05/18/23 18:57:22,STABLE BEAMS,6800,400097.015626627,388878.175599429,51.7,AVG
367696:8786,686:686,05/18/23 18:57:46,STABLE BEAMS,6800,400118.186476166,388996.145019618,51.7,AVG
367696:8786,687:687,05/18/23 18:58:09,STABLE BEAMS,6800,399603.845791670,388445.341009061,51.7,AVG
367696:8786,688:688,05/18/23 18:58:32,STABLE BEAMS,6800,398933.297245637,387776.478164648,51.6,AVG
367696:8786,689:689,05/18/23 18:58:55,STABLE BEAMS,6800,398722.954761897,387692.837366764,51.5,AVG
367696:8786,690:690,05/18/23 18:59:19,STABLE BEAMS,6800,398718.810105381,387746.993439048,51.5,AVG
367696:8786,691:691,05/18/23 18:59:42,STABLE BEAMS,6800,398402.247394713,387592.772080816,51.5,AVG
367696:8786,692:692,05/18/23 19:00:05,STABLE BEAMS,6800,397734.202426351,386961.031947641,51.4,AVG
367696:8786,693:693,05/18/23 19:00:29,STABLE BEAMS,6800,398314.377413059,380090.055496734,51.5,AVG
367696:8786,694:694,05/18/23 19:00:52,STABLE BEAMS,6800,398758.284578635,388083.227707157,51.5,AVG
367696:8786,695:695,05/18/23 19:01:15,STABLE BEAMS,6800,398238.298023452,387582.665551991,51.5,AVG
367696:8786,696:696,05/18/23 19:01:39,STABLE BEAMS,6800,397928.110810856,387113.247037665,51.4,AVG
367696:8786,697:697,05/18/23 19:02:02,STABLE BEAMS,6800,397884.356478566,386532.076308495,51.4,AVG
367696:8786,698:698,05/18/23 19:02:25,STABLE BEAMS,6800,397966.946568764,387223.482853677,51.4,AVG
367696:8786,699:699,05/18/23 19:02:49,STABLE BEAMS,6800,397396.606399740,382344.021001183,51.4,AVG
367696:8786,700:700,05/18/23 19:03:12,STABLE BEAMS,6800,396894.468908080,380907.193287489,51.3,AVG
367696:8786,701:701,05/18/23 19:03:35,STABLE BEAMS,6800,397372.976263010,385134.119587021,51.4,AVG
367696:8786,702:702,05/18/23 19:03:59,STABLE BEAMS,6800,397032.102740864,381275.102900557,51.3,AVG
367696:8786,703:703,05/18/23 19:04:22,STABLE BEAMS,6800,397186.263916000,386502.193515756,51.3,AVG
367696:8786,704:704,05/18/23 19:04:45,STABLE BEAMS,6800,397300.677881766,382224.783037895,51.4,AVG
367696:8786,705:705,05/18/23 19:05:08,STABLE BEAMS,6800,396969.956203899,386346.317492078,51.3,AVG
367696:8786,706:706,05/18/23 19:05:32,STABLE BEAMS,6800,396904.348016244,370771.125456559,51.3,AVG
367696:8786,707:707,05/18/23 19:05:55,STABLE BEAMS,6800,396730.747982453,386103.357467429,51.3,AVG
367696:8786,708:708,05/18/23 19:06:18,STABLE BEAMS,6800,396463.266117089,385854.813448506,51.2,AVG
367696:8786,709:709,05/18/23 19:06:42,STABLE BEAMS,6800,396062.337034860,380850.761350866,51.2,AVG
367696:8786,710:710,05/18/23 19:07:05,STABLE BEAMS,6800,396208.211228041,385546.851372033,51.2,AVG
367696:8786,711:711,05/18/23 19:07:28,STABLE BEAMS,6800,395960.900179795,385455.225782154,51.2,AVG
367696:8786,712:712,05/18/23 19:07:52,STABLE BEAMS,6800,395435.724645193,383596.911661693,51.1,AVG
367696:8786,713:713,05/18/23 19:08:15,STABLE BEAMS,6800,394827.231724087,384504.412710370,51.0,AVG
367696:8786,714:714,05/18/23 19:08:38,STABLE BEAMS,6800,395192.737746462,379218.386445454,51.1,AVG
367696:8786,715:715,05/18/23 19:09:02,STABLE BEAMS,6800,395207.351273852,384791.640822165,51.1,AVG
367696:8786,716:716,05/18/23 19:09:25,STABLE BEAMS,6800,395137.782584836,384769.268345850,51.1,AVG
367696:8786,717:717,05/18/23 19:09:48,STABLE BEAMS,6800,395016.312446249,384631.038751862,51.1,AVG
367696:8786,718:718,05/18/23 19:10:12,STABLE BEAMS,6800,395364.561498889,378885.283202902,51.1,AVG
367696:8786,719:719,05/18/23 19:10:35,STABLE BEAMS,6800,394750.923888844,383586.783490426,51.0,AVG
367696:8786,720:720,05/18/23 19:10:58,STABLE BEAMS,6800,394661.869719614,383455.027311081,51.0,AVG
367696:8786,721:721,05/18/23 19:11:21,STABLE BEAMS,6800,394431.403040315,384088.054177481,51.0,AVG
367696:8786,722:722,05/18/23 19:11:45,STABLE BEAMS,6800,394215.915867637,383754.330816782,51.0,AVG
367696:8786,723:723,05/18/23 19:12:08,STABLE BEAMS,6800,393656.956020948,383282.109269819,50.9,AVG
367696:8786,724:724,05/18/23 19:12:31,STABLE BEAMS,6800,393530.385483904,374627.637380853,50.9,AVG
367696:8786,725:725,05/18/23 19:12:55,STABLE BEAMS,6800,393530.613929539,379759.967082821,50.9,AVG
367696:8786,726:726,05/18/23 19:13:18,STABLE BEAMS,6800,393455.355079354,380163.688137713,50.9,AVG
367696:8786,727:727,05/18/23 19:13:41,STABLE BEAMS,6800,392929.678363003,374497.151354135,50.8,AVG
367696:8786,728:728,05/18/23 19:14:05,STABLE BEAMS,6800,392919.526518723,379646.417570871,50.8,AVG
367696:8786,729:729,05/18/23 19:14:28,STABLE BEAMS,6800,392399.313848983,378396.155858961,50.7,AVG
367696:8786,730:730,05/18/23 19:14:51,STABLE BEAMS,6800,392295.552909246,379193.669485384,50.7,AVG
367696:8786,731:731,05/18/23 19:15:15,STABLE BEAMS,6800,391334.120806754,377625.029113570,50.6,AVG
367696:8786,732:732,05/18/23 19:15:38,STABLE BEAMS,6800,390609.801286671,377907.260818753,50.5,AVG
367696:8786,733:733,05/18/23 19:16:01,STABLE BEAMS,6800,391110.071584928,378206.810786998,50.6,AVG
367696:8786,734:734,05/18/23 19:16:24,STABLE BEAMS,6800,390542.782796883,376686.304476916,50.5,AVG
367696:8786,735:735,05/18/23 19:16:48,STABLE BEAMS,6800,389159.889477968,376489.299338460,50.3,AVG
367696:8786,736:736,05/18/23 19:17:11,STABLE BEAMS,6800,388389.813229675,375721.144575401,50.2,AVG
367696:8786,737:737,05/18/23 19:17:34,STABLE BEAMS,6800,388462.524211708,375844.858550828,50.2,AVG
367696:8786,738:738,05/18/23 19:17:58,STABLE BEAMS,6800,388165.901541446,375722.726685820,50.2,AVG
367696:8786,739:739,05/18/23 19:18:21,STABLE BEAMS,6800,387858.264528079,294113.635262991,50.1,AVG
367696:8786,740:740,05/18/23 19:18:44,STABLE BEAMS,6800,387484.336321230,374855.601825583,50.1,AVG
367696:8786,741:741,05/18/23 19:19:08,STABLE BEAMS,6800,386708.113020500,374241.139177849,50.0,AVG
367696:8786,742:742,05/18/23 19:19:31,STABLE BEAMS,6800,386734.155822862,374554.765594513,50.0,AVG
367696:8786,743:743,05/18/23 19:19:54,STABLE BEAMS,6800,385864.281467271,373704.109895200,49.9,AVG
367696:8786,744:744,05/18/23 19:20:18,STABLE BEAMS,6800,387373.973768864,374842.219363326,50.1,AVG
367696:8786,745:745,05/18/23 19:20:41,STABLE BEAMS,6800,386931.980418248,374570.317787465,50.0,AVG
367696:8786,746:746,05/18/23 19:21:04,STABLE BEAMS,6800,386427.337017840,374238.696575604,49.9,AVG
367696:8786,747:747,05/18/23 19:21:27,STABLE BEAMS,6800,386370.745439524,374199.593229008,49.9,AVG
367696:8786,748:748,05/18/23 19:21:51,STABLE BEAMS,6800,385065.842994099,373085.561739588,49.8,AVG
367696:8786,749:749,05/18/23 19:22:14,STABLE BEAMS,6800,384422.700931003,371536.464613040,49.7,AVG
367696:8786,750:750,05/18/23 19:22:37,STABLE BEAMS,6800,384874.666632899,372989.655025946,49.7,AVG
367696:8786,751:751,05/18/23 19:23:01,STABLE BEAMS,6800,385132.770571849,373241.562697418,49.8,AVG
367696:8786,752:752,05/18/23 19:23:24,STABLE BEAMS,6800,385825.718445477,373096.187763215,49.9,AVG
367696:8786,753:753,05/18/23 19:23:47,STABLE BEAMS,6800,385515.302787247,373411.306120119,49.8,AVG
367696:8786,754:754,05/18/23 19:24:11,STABLE BEAMS,6800,385729.288745754,373594.152553918,49.9,AVG
367696:8786,755:755,05/18/23 19:24:34,STABLE BEAMS,6800,385754.103070059,368315.388697080,49.9,AVG
367696:8786,756:756,05/18/23 19:24:57,STABLE BEAMS,6800,385502.237095586,373405.314211423,49.8,AVG
367696:8786,757:757,05/18/23 19:25:21,STABLE BEAMS,6800,385486.665495176,373295.543844252,49.8,AVG
367696:8786,758:758,05/18/23 19:25:44,STABLE BEAMS,6800,385497.866324513,373332.959574029,49.8,AVG
367696:8786,759:759,05/18/23 19:26:07,STABLE BEAMS,6800,385372.295819890,373338.329668502,49.8,AVG
367696:8786,760:760,05/18/23 19:26:31,STABLE BEAMS,6800,385215.085594854,288802.033298938,49.8,AVG
367696:8786,761:761,05/18/23 19:26:54,STABLE BEAMS,6800,384202.933899290,372223.816335370,49.7,AVG
367696:8786,762:762,05/18/23 19:27:17,STABLE BEAMS,6800,384134.458485811,281547.826145250,49.7,AVG
367696:8786,763:763,05/18/23 19:27:41,STABLE BEAMS,6800,383770.728744800,371836.126995413,49.6,AVG
367696:8786,764:764,05/18/23 19:28:04,STABLE BEAMS,6800,383730.298529604,371834.567256661,49.6,AVG
367696:8786,765:765,05/18/23 19:28:27,STABLE BEAMS,6800,382533.525463912,370614.006390477,49.4,AVG
367696:8786,766:766,05/18/23 19:28:50,STABLE BEAMS,6800,381770.416807479,370199.385233002,49.3,AVG
367696:8786,767:767,05/18/23 19:29:14,STABLE BEAMS,6800,382278.155879346,370586.715238535,49.4,AVG
367696:8786,768:768,05/18/23 19:29:37,STABLE BEAMS,6800,382127.272199746,370630.804812128,49.4,AVG
367696:8786,769:769,05/18/23 19:30:00,STABLE BEAMS,6800,381569.088602000,370185.197756221,49.3,AVG
367696:8786,770:770,05/18/23 19:30:24,STABLE BEAMS,6800,381547.143834596,370124.910184263,49.3,AVG
367696:8786,771:771,05/18/23 19:30:47,STABLE BEAMS,6800,382366.755488385,370726.941380723,49.4,AVG
367696:8786,772:772,05/18/23 19:31:10,STABLE BEAMS,6800,382561.435459677,370895.105087910,49.4,AVG
367696:8786,773:773,05/18/23 19:31:34,STABLE BEAMS,6800,382292.268224987,368649.764512222,49.4,AVG
367696:8786,774:774,05/18/23 19:31:57,STABLE BEAMS,6800,383036.621028591,367881.295985296,49.5,AVG
367696:8786,775:775,05/18/23 19:32:20,STABLE BEAMS,6800,380973.048299066,364133.338688130,49.2,AVG
367696:8786,776:776,05/18/23 19:32:43,STABLE BEAMS,6800,380912.449597830,369293.743519823,49.2,AVG
367696:8786,777:777,05/18/23 19:33:07,STABLE BEAMS,6800,380755.031906860,297290.124582136,49.2,AVG
367696:8786,778:778,05/18/23 19:33:30,STABLE BEAMS,6800,379904.689653041,362554.502311575,49.1,AVG
367696:8786,779:779,05/18/23 19:33:53,STABLE BEAMS,6800,380203.769279416,368905.474728109,49.1,AVG
367696:8786,780:780,05/18/23 19:34:17,STABLE BEAMS,6800,379914.342646648,368709.417700051,49.1,AVG
367696:8786,781:781,05/18/23 19:34:40,STABLE BEAMS,6800,379166.553834211,362620.001268554,49.0,AVG
367696:8786,782:782,05/18/23 19:35:03,STABLE BEAMS,6800,377384.416802392,361057.367854272,48.8,AVG
367696:8786,783:783,05/18/23 19:35:27,STABLE BEAMS,6800,376791.311326541,365750.107323894,48.7,AVG
367696:8786,784:784,05/18/23 19:35:50,STABLE BEAMS,6800,375979.282669180,364885.345330067,48.6,AVG
367696:8786,785:785,05/18/23 19:36:13,STABLE BEAMS,6800,375095.839109100,364349.473701938,48.5,AVG
367696:8786,786:786,05/18/23 19:36:37,STABLE BEAMS,6800,375934.663506987,359869.678548712,48.6,AVG
367696:8786,787:787,05/18/23 19:37:00,STABLE BEAMS,6800,376552.671888104,365533.586160511,48.7,AVG
367696:8786,788:788,05/18/23 19:37:23,STABLE BEAMS,6800,376650.786957154,360305.344997195,48.7,AVG
367696:8786,789:789,05/18/23 19:37:47,STABLE BEAMS,6800,377500.560427964,366438.676492516,48.8,AVG
367696:8786,790:790,05/18/23 19:38:10,STABLE BEAMS,6800,377038.328658971,365979.397571155,48.7,AVG
367696:8786,791:791,05/18/23 19:38:33,STABLE BEAMS,6800,376369.486461965,365509.559573623,48.6,AVG
367696:8786,792:792,05/18/23 19:38:56,STABLE BEAMS,6800,375894.848696358,365044.688620225,48.6,AVG
367696:8786,793:793,05/18/23 19:39:20,STABLE BEAMS,6800,375236.887971016,364126.742784012,48.5,AVG
367696:8786,794:794,05/18/23 19:39:43,STABLE BEAMS,6800,376276.700237008,365406.913478896,48.6,AVG
367696:8786,795:795,05/18/23 19:40:06,STABLE BEAMS,6800,376491.460113379,364890.967068132,48.7,AVG
367696:8786,796:796,05/18/23 19:40:30,STABLE BEAMS,6800,376289.059612064,361371.262983629,48.6,AVG
367696:8786,797:797,05/18/23 19:40:53,STABLE BEAMS,6800,376027.065104090,365137.405791957,48.6,AVG
367696:8786,798:798,05/18/23 19:41:16,STABLE BEAMS,6800,375460.093342640,364464.576415617,48.5,AVG
367696:8786,799:799,05/18/23 19:41:40,STABLE BEAMS,6800,375580.927096958,359678.853328761,48.5,AVG
367696:8786,800:800,05/18/23 19:42:03,STABLE BEAMS,6800,375834.182393863,364184.774136099,48.6,AVG
367696:8786,801:801,05/18/23 19:42:26,STABLE BEAMS,6800,375536.196043026,360584.533942401,48.5,AVG
367696:8786,802:802,05/18/23 19:42:50,STABLE BEAMS,6800,375277.159672914,364519.138572934,48.5,AVG
367696:8786,803:803,05/18/23 19:43:13,STABLE BEAMS,6800,375213.828948373,364600.906321868,48.5,AVG
367696:8786,804:804,05/18/23 19:43:36,STABLE BEAMS,6800,375531.142266126,364853.200578285,48.5,AVG
367696:8786,805:805,05/18/23 19:44:00,STABLE BEAMS,6800,374308.282107592,359508.319375459,48.4,AVG
367696:8786,806:806,05/18/23 19:44:23,STABLE BEAMS,6800,373579.820262070,363048.605838684,48.3,AVG
367696:8786,807:807,05/18/23 19:44:46,STABLE BEAMS,6800,373813.839504098,362062.371396060,48.3,AVG
367696:8786,808:808,05/18/23 19:45:09,STABLE BEAMS,6800,373588.857851111,363163.615698485,48.3,AVG
367696:8786,809:809,05/18/23 19:45:33,STABLE BEAMS,6800,373508.293467613,363061.233406489,48.3,AVG
367696:8786,810:810,05/18/23 19:45:56,STABLE BEAMS,6800,373655.489381966,363170.788577514,48.3,AVG
367696:8786,811:811,05/18/23 19:46:19,STABLE BEAMS,6800,372731.503714951,362391.578489706,48.2,AVG
367696:8786,812:812,05/18/23 19:46:43,STABLE BEAMS,6800,372553.964159499,362218.875232947,48.2,AVG
367696:8786,813:813,05/18/23 19:47:06,STABLE BEAMS,6800,373528.508575211,363077.601236907,48.3,AVG
367696:8786,814:814,05/18/23 19:47:29,STABLE BEAMS,6800,373219.754975527,362810.699638649,48.2,AVG
367696:8786,815:815,05/18/23 19:47:53,STABLE BEAMS,6800,372949.974667348,362509.823084641,48.2,AVG
367696:8786,816:816,05/18/23 19:48:16,STABLE BEAMS,6800,372957.737156774,362558.739731176,48.2,AVG
367696:8786,817:817,05/18/23 19:48:39,STABLE BEAMS,6800,373127.490912021,358149.750598373,48.2,AVG
367696:8786,818:818,05/18/23 19:49:03,STABLE BEAMS,6800,372830.551215163,362512.084118214,48.2,AVG
367696:8786,819:819,05/18/23 19:49:26,STABLE BEAMS,6800,372607.436755578,362245.010211779,48.2,AVG
367696:8786,820:820,05/18/23 19:49:49,STABLE BEAMS,6800,372538.415869869,362219.240707102,48.2,AVG
367696:8786,821:821,05/18/23 19:50:13,STABLE BEAMS,6800,373430.211682084,362834.473802947,48.3,AVG
367696:8786,822:822,05/18/23 19:50:36,STABLE BEAMS,6800,372270.181066341,361991.935123776,48.1,AVG
367696:8786,823:823,05/18/23 19:50:59,STABLE BEAMS,6800,371725.088802113,361522.764986271,48.0,AVG
367696:8786,824:824,05/18/23 19:51:22,STABLE BEAMS,6800,371332.696127174,360979.318094150,48.0,AVG
367696:8786,825:825,05/18/23 19:51:46,STABLE BEAMS,6800,370930.836944860,360264.664124465,47.9,AVG
367696:8786,826:826,05/18/23 19:52:09,STABLE BEAMS,6800,370638.769200825,360590.147693022,47.9,AVG
367696:8786,827:827,05/18/23 19:52:32,STABLE BEAMS,6800,370496.013989882,360466.499605441,47.9,AVG
367696:8786,828:828,05/18/23 19:52:56,STABLE BEAMS,6800,370544.547031878,360441.933238360,47.9,AVG
367696:8786,829:829,05/18/23 19:53:19,STABLE BEAMS,6800,370517.003015345,359920.267156470,47.9,AVG
367696:8786,830:830,05/18/23 19:53:42,STABLE BEAMS,6800,369795.574031865,359789.143355239,47.8,AVG
367696:8786,831:831,05/18/23 19:54:06,STABLE BEAMS,6800,369775.449836305,359763.234667862,47.8,AVG
367696:8786,832:832,05/18/23 19:54:29,STABLE BEAMS,6800,370760.421163488,360672.430302429,47.9,AVG
367696:8786,833:833,05/18/23 19:54:52,STABLE BEAMS,6800,370767.957538357,360703.002691015,47.9,AVG
367696:8786,834:834,05/18/23 19:55:16,STABLE BEAMS,6800,369547.556667013,359581.965562998,47.8,AVG
367696:8786,835:835,05/18/23 19:55:39,STABLE BEAMS,6800,369394.146098963,358905.631807149,47.7,AVG
367696:8786,836:836,05/18/23 19:56:02,STABLE BEAMS,6800,368842.405600548,358973.487901761,47.7,AVG
367696:8786,837:837,05/18/23 19:56:26,STABLE BEAMS,6800,368921.419817239,359083.532910926,47.7,AVG
367696:8786,838:838,05/18/23 19:56:49,STABLE BEAMS,6800,367661.954742352,357823.986228052,47.5,AVG
367696:8786,839:839,05/18/23 19:57:12,STABLE BEAMS,6800,367357.982183452,357539.371276393,47.5,AVG
367696:8786,840:840,05/18/23 19:57:35,STABLE BEAMS,6800,367047.610815702,357238.353747070,47.4,AVG
367696:8786,841:841,05/18/23 19:57:59,STABLE BEAMS,6800,366497.098795344,356754.471930690,47.4,AVG
367696:8786,842:842,05/18/23 19:58:22,STABLE BEAMS,6800,365519.092728942,355904.118002319,47.2,AVG
367696:8786,843:843,05/18/23 19:58:45,STABLE BEAMS,6800,366053.762743854,356427.844247957,47.3,AVG
367696:8786,844:844,05/18/23 19:59:09,STABLE BEAMS,6800,366984.895495728,357136.132571268,47.4,AVG
367696:8786,845:845,05/18/23 19:59:32,STABLE BEAMS,6800,366990.723190492,357292.108001763,47.4,AVG
367696:8786,846:846,05/18/23 19:59:55,STABLE BEAMS,6800,367064.616029024,357374.851379437,47.4,AVG
367696:8786,847:847,05/18/23 20:00:19,STABLE BEAMS,6800,367218.527778824,357417.584030879,47.5,AVG
367696:8786,848:848,05/18/23 20:00:42,STABLE BEAMS,6800,367151.348444660,357405.896770345,47.5,AVG
367696:8786,849:849,05/18/23 20:01:05,STABLE BEAMS,6800,367158.679684674,357457.854640456,47.5,AVG
367696:8786,850:850,05/18/23 20:01:28,STABLE BEAMS,6800,367355.842253935,357532.615114582,47.5,AVG
367696:8786,851:851,05/18/23 20:01:52,STABLE BEAMS,6800,367251.559152747,350682.587239472,47.5,AVG
367696:8786,852:852,05/18/23 20:02:15,STABLE BEAMS,6800,367333.146879445,357486.167990187,47.5,AVG
367696:8786,853:853,05/18/23 20:02:38,STABLE BEAMS,6800,367016.675080816,352086.617677749,47.4,AVG
367696:8786,854:854,05/18/23 20:03:02,STABLE BEAMS,6800,366616.065356259,356873.474570846,47.4,AVG
367696:8786,855:855,05/18/23 20:03:25,STABLE BEAMS,6800,366394.545353962,351564.304483917,47.4,AVG
367696:8786,856:856,05/18/23 20:03:48,STABLE BEAMS,6800,366576.024431074,356840.689323684,47.4,AVG
367696:8786,858:858,05/18/23 20:04:35,STABLE BEAMS,6800,366900.097874754,357008.933750314,47.4,AVG
367696:8786,859:859,05/18/23 20:04:58,STABLE BEAMS,6800,366615.974444221,356849.854865080,47.4,AVG
367696:8786,860:860,05/18/23 20:05:22,STABLE BEAMS,6800,366655.038647764,352845.548158970,47.4,AVG
367696:8786,861:861,05/18/23 20:05:45,STABLE BEAMS,6800,366623.259062676,356875.382732217,47.4,AVG
367696:8786,862:862,05/18/23 20:06:08,STABLE BEAMS,6800,366680.603579156,350063.919733641,47.4,AVG
367696:8786,863:863,05/18/23 20:06:32,STABLE BEAMS,6800,366562.229112028,356836.940768820,47.4,AVG
367696:8786,864:864,05/18/23 20:06:55,STABLE BEAMS,6800,366438.458199549,356787.805501698,47.4,AVG
367696:8786,865:865,05/18/23 20:07:18,STABLE BEAMS,6800,366485.124048142,356838.942321799,47.4,AVG
367696:8786,866:866,05/18/23 20:07:41,STABLE BEAMS,6800,366114.725093243,356465.026067219,47.3,AVG
367696:8786,867:867,05/18/23 20:08:05,STABLE BEAMS,6800,365745.167657468,351054.252833749,47.3,AVG
367696:8786,868:868,05/18/23 20:08:28,STABLE BEAMS,6800,364717.511962754,355224.109994930,47.1,AVG
367696:8786,869:869,05/18/23 20:08:51,STABLE BEAMS,6800,364236.568631412,354799.938866219,47.1,AVG
367696:8786,870:870,05/18/23 20:09:15,STABLE BEAMS,6800,363631.740164774,354253.214173634,47.0,AVG
367696:8786,871:871,05/18/23 20:09:38,STABLE BEAMS,6800,363564.402317313,354198.265964696,47.0,AVG
367696:8786,872:872,05/18/23 20:10:01,STABLE BEAMS,6800,363460.324350980,353234.404762166,47.0,AVG
367696:8786,873:873,05/18/23 20:10:25,STABLE BEAMS,6800,362792.232761060,353160.742792350,46.9,AVG
367696:8786,874:874,05/18/23 20:10:48,STABLE BEAMS,6800,362161.727471290,352418.095326253,46.8,AVG
367696:8786,875:875,05/18/23 20:11:11,STABLE BEAMS,6800,362070.099792052,352759.805385580,46.8,AVG
367696:8786,876:876,05/18/23 20:11:35,STABLE BEAMS,6800,361759.024438775,352450.714438896,46.8,AVG
367696:8786,877:877,05/18/23 20:11:58,STABLE BEAMS,6800,361070.992808449,351957.790157830,46.7,AVG
367696:8786,878:878,05/18/23 20:12:21,STABLE BEAMS,6800,360559.337525700,351355.195453506,46.6,AVG
367696:8786,879:879,05/18/23 20:12:45,STABLE BEAMS,6800,360531.520773052,350878.483162152,46.6,AVG
367696:8786,880:880,05/18/23 20:13:08,STABLE BEAMS,6800,360520.366565273,351449.112848332,46.6,AVG
367696:8786,881:881,05/18/23 20:13:31,STABLE BEAMS,6800,360682.196986718,351551.808754591,46.6,AVG
367696:8786,882:882,05/18/23 20:13:54,STABLE BEAMS,6800,360300.438689185,351181.621008182,46.6,AVG
367696:8786,883:883,05/18/23 20:14:18,STABLE BEAMS,6800,359647.282315406,350650.353777279,46.5,AVG
367696:8786,884:884,05/18/23 20:14:41,STABLE BEAMS,6800,359268.162798062,350219.545715399,46.4,AVG
367696:8786,885:885,05/18/23 20:15:04,STABLE BEAMS,6800,358710.753118180,349768.047159449,46.4,AVG
367696:8786,886:886,05/18/23 20:15:28,STABLE BEAMS,6800,358409.510251509,344586.406524078,46.3,AVG
367696:8786,887:887,05/18/23 20:15:51,STABLE BEAMS,6800,356880.106355145,348171.763961636,46.1,AVG
367696:8786,888:888,05/18/23 20:16:14,STABLE BEAMS,6800,356672.470252853,348001.693984225,46.1,AVG
367696:8786,889:889,05/18/23 20:16:38,STABLE BEAMS,6800,357748.090206554,348940.062912907,46.2,AVG
367696:8786,890:890,05/18/23 20:17:01,STABLE BEAMS,6800,357550.631590399,348722.136274685,46.2,AVG
367696:8786,891:891,05/18/23 20:17:24,STABLE BEAMS,6800,357577.630134702,348797.959643473,46.2,AVG
367696:8786,892:892,05/18/23 20:17:48,STABLE BEAMS,6800,357563.084208571,348745.788799081,46.2,AVG
367696:8786,893:893,05/18/23 20:18:11,STABLE BEAMS,6800,357606.745297744,348883.086558062,46.2,AVG
367696:8786,894:894,05/18/23 20:18:34,STABLE BEAMS,6800,357624.706253007,348826.955589909,46.2,AVG
367696:8786,895:895,05/18/23 20:18:58,STABLE BEAMS,6800,357565.678698280,348762.526145502,46.2,AVG
367696:8786,896:896,05/18/23 20:19:21,STABLE BEAMS,6800,357316.612348371,348508.101606293,46.2,AVG
367696:8786,897:897,05/18/23 20:19:44,STABLE BEAMS,6800,357262.911306658,348541.675776877,46.2,AVG
367696:8786,898:898,05/18/23 20:20:07,STABLE BEAMS,6800,357081.364628287,348331.780632698,46.2,AVG
367696:8786,899:899,05/18/23 20:20:31,STABLE BEAMS,6800,356779.394465308,348084.457421000,46.1,AVG
367696:8786,900:900,05/18/23 20:20:54,STABLE BEAMS,6800,356311.997027677,346910.418938830,46.1,AVG
367696:8786,901:901,05/18/23 20:21:17,STABLE BEAMS,6800,356316.297866412,347595.669232594,46.1,AVG
367696:8786,902:902,05/18/23 20:21:41,STABLE BEAMS,6800,357200.878992510,348380.492040525,46.2,AVG
367696:8786,903:903,05/18/23 20:22:04,STABLE BEAMS,6800,357197.144605705,348366.320981289,46.2,AVG
367696:8786,904:904,05/18/23 20:22:27,STABLE BEAMS,6800,357444.844943962,348585.515590860,46.2,AVG
367696:8786,905:905,05/18/23 20:22:51,STABLE BEAMS,6800,357616.603426207,348773.439350683,46.2,AVG
367696:8786,906:906,05/18/23 20:23:14,STABLE BEAMS,6800,357500.867739269,348627.296694760,46.2,AVG
367696:8786,907:907,05/18/23 20:23:37,STABLE BEAMS,6800,357300.108316799,348469.377971291,46.2,AVG
367696:8786,908:908,05/18/23 20:24:01,STABLE BEAMS,6800,357243.630961300,344403.496746555,46.2,AVG
367696:8786,909:909,05/18/23 20:24:24,STABLE BEAMS,6800,356971.526568449,348154.169296416,46.1,AVG
367696:8786,910:910,05/18/23 20:24:47,STABLE BEAMS,6800,356731.134159427,348029.251515560,46.1,AVG
367696:8786,911:911,05/18/23 20:25:11,STABLE BEAMS,6800,356681.326017817,347873.201051755,46.1,AVG
367696:8786,912:912,05/18/23 20:25:34,STABLE BEAMS,6800,356276.939947053,347482.257258612,46.1,AVG
367696:8786,913:913,05/18/23 20:25:57,STABLE BEAMS,6800,355752.720154393,346946.517072754,46.0,AVG
367696:8786,914:914,05/18/23 20:26:20,STABLE BEAMS,6800,355688.319465093,343065.992208536,46.0,AVG
367696:8786,915:915,05/18/23 20:26:44,STABLE BEAMS,6800,355474.606242701,346675.845041221,45.9,AVG
367696:8786,916:916,05/18/23 20:27:07,STABLE BEAMS,6800,355408.725318931,346745.644569752,45.9,AVG
367696:8786,917:917,05/18/23 20:27:30,STABLE BEAMS,6800,354791.036295487,346217.281318127,45.9,AVG
367696:8786,918:918,05/18/23 20:27:54,STABLE BEAMS,6800,354483.329349783,345414.817747406,45.8,AVG
367696:8786,919:919,05/18/23 20:28:17,STABLE BEAMS,6800,355268.930576928,346675.361856503,45.9,AVG
367696:8786,920:920,05/18/23 20:28:40,STABLE BEAMS,6800,355089.638050892,346496.895450260,45.9,AVG
367696:8786,921:921,05/18/23 20:29:04,STABLE BEAMS,6800,355013.330215650,268853.516659468,45.9,AVG
367696:8786,922:922,05/18/23 20:29:27,STABLE BEAMS,6800,354775.965876827,346163.693662249,45.9,AVG
367696:8786,923:923,05/18/23 20:29:50,STABLE BEAMS,6800,354598.904192346,346044.755008788,45.8,AVG
367696:8786,924:924,05/18/23 20:30:14,STABLE BEAMS,6800,354297.276697820,345682.890976132,45.8,AVG
367696:8786,925:925,05/18/23 20:30:37,STABLE BEAMS,6800,354294.931633447,345780.555269458,45.8,AVG
367696:8786,926:926,05/18/23 20:31:00,STABLE BEAMS,6800,353811.209657241,345317.459675361,45.7,AVG
367696:8786,927:927,05/18/23 20:31:23,STABLE BEAMS,6800,354118.096063523,345596.548481670,45.8,AVG
367696:8786,928:928,05/18/23 20:31:47,STABLE BEAMS,6800,356816.113604479,348250.173390249,46.1,AVG
367696:8786,929:929,05/18/23 20:32:10,STABLE BEAMS,6800,356897.885486331,342373.178656603,46.1,AVG
367696:8786,930:930,05/18/23 20:32:33,STABLE BEAMS,6800,353750.200686294,345301.342819666,45.7,AVG
367696:8786,931:931,05/18/23 20:32:57,STABLE BEAMS,6800,354364.477011685,345860.078009994,45.8,AVG
367696:8786,932:932,05/18/23 20:33:20,STABLE BEAMS,6800,353145.805800146,344713.630105882,45.6,AVG
367696:8786,933:933,05/18/23 20:33:43,STABLE BEAMS,6800,353104.373221451,340810.166297170,45.6,AVG
367696:8786,934:934,05/18/23 20:34:07,STABLE BEAMS,6800,352536.014468647,344155.992798897,45.6,AVG
367696:8786,935:935,05/18/23 20:34:30,STABLE BEAMS,6800,352094.247232588,338836.521466795,45.5,AVG
367696:8786,936:936,05/18/23 20:34:53,STABLE BEAMS,6800,352958.270582635,344608.849023800,45.6,AVG
367696:8786,937:937,05/18/23 20:35:17,STABLE BEAMS,6800,352390.389700802,344014.188681741,45.5,AVG
367696:8786,938:938,05/18/23 20:35:40,STABLE BEAMS,6800,352532.986398447,335590.173620641,45.6,AVG
367696:8786,939:939,05/18/23 20:36:03,STABLE BEAMS,6800,352299.901918659,339879.039968674,45.5,AVG
367696:8786,940:940,05/18/23 20:36:26,STABLE BEAMS,6800,352298.058036036,336431.393380663,45.5,AVG
367696:8786,941:941,05/18/23 20:36:50,STABLE BEAMS,6800,351509.657184326,339778.232332517,45.4,AVG
367696:8786,942:942,05/18/23 20:37:13,STABLE BEAMS,6800,351193.642276966,332999.292635501,45.4,AVG
367696:8786,943:943,05/18/23 20:37:36,STABLE BEAMS,6800,350530.762977243,338667.045413387,45.3,AVG
367696:8786,944:944,05/18/23 20:38:00,STABLE BEAMS,6800,350392.993941940,334914.616130542,45.3,AVG
367696:8786,945:945,05/18/23 20:38:23,STABLE BEAMS,6800,349560.566021826,338190.446054869,45.2,AVG
367696:8786,946:946,05/18/23 20:38:46,STABLE BEAMS,6800,349272.754826046,332941.826336774,45.1,AVG
367696:8786,947:947,05/18/23 20:39:10,STABLE BEAMS,6800,348478.687123948,337103.768065171,45.0,AVG
367696:8786,948:948,05/18/23 20:39:33,STABLE BEAMS,6800,347574.415382781,336471.086764443,44.9,AVG
367696:8786,949:949,05/18/23 20:39:56,STABLE BEAMS,6800,347068.611105575,331314.505300013,44.9,AVG
367696:8786,950:950,05/18/23 20:40:20,STABLE BEAMS,6800,346682.778083863,335709.626517023,44.8,AVG
367696:8786,951:951,05/18/23 20:40:43,STABLE BEAMS,6800,346228.171270699,335393.691434584,44.8,AVG
367696:8786,952:952,05/18/23 20:41:06,STABLE BEAMS,6800,345402.300672734,333934.007732061,44.6,AVG
367696:8786,953:953,05/18/23 20:41:30,STABLE BEAMS,6800,344768.107617717,334080.054357787,44.6,AVG
367696:8786,954:954,05/18/23 20:41:53,STABLE BEAMS,6800,344437.681986745,333332.335022766,44.5,AVG
367696:8786,955:955,05/18/23 20:42:16,STABLE BEAMS,6800,345034.132559390,334336.630516708,44.6,AVG
367696:8786,956:956,05/18/23 20:42:39,STABLE BEAMS,6800,345606.384212297,334859.745988193,44.7,AVG
367696:8786,957:957,05/18/23 20:43:03,STABLE BEAMS,6800,345307.122761845,328019.404120114,44.6,AVG
367696:8786,958:958,05/18/23 20:43:26,STABLE BEAMS,6800,345295.719128730,334468.350219566,44.6,AVG
367696:8786,959:959,05/18/23 20:43:49,STABLE BEAMS,6800,344795.970991924,333970.288591651,44.6,AVG
367696:8786,960:960,05/18/23 20:44:13,STABLE BEAMS,6800,344715.406608426,334062.139121320,44.6,AVG
367696:8786,961:961,05/18/23 20:44:36,STABLE BEAMS,6800,345588.901128004,334796.521888386,44.7,AVG
367696:8786,962:962,05/18/23 20:44:59,STABLE BEAMS,6800,345749.549692951,334970.675888995,44.7,AVG
367696:8786,963:963,05/18/23 20:45:23,STABLE BEAMS,6800,345615.808760269,329409.120678849,44.7,AVG
367696:8786,964:964,05/18/23 20:45:46,STABLE BEAMS,6800,345262.321775576,334533.608693641,44.6,AVG
367696:8786,965:965,05/18/23 20:46:09,STABLE BEAMS,6800,345031.491448123,334344.674729731,44.6,AVG
367696:8786,966:966,05/18/23 20:46:33,STABLE BEAMS,6800,345018.675181798,334336.564400166,44.6,AVG
367696:8786,967:967,05/18/23 20:46:56,STABLE BEAMS,6800,345465.678018833,334681.331464453,44.7,AVG
367696:8786,968:968,05/18/23 20:47:19,STABLE BEAMS,6800,345228.334659711,329746.473569623,44.6,AVG
367696:8786,969:969,05/18/23 20:47:43,STABLE BEAMS,6800,345365.446331045,334711.913406954,44.6,AVG
367696:8786,970:970,05/18/23 20:48:06,STABLE BEAMS,6800,344954.206891238,334149.184157220,44.6,AVG
367696:8786,971:971,05/18/23 20:48:29,STABLE BEAMS,6800,344434.038511978,333777.260933401,44.5,AVG
367696:8786,972:972,05/18/23 20:48:53,STABLE BEAMS,6800,344455.938988902,333724.463776912,44.5,AVG
367696:8786,973:973,05/18/23 20:49:16,STABLE BEAMS,6800,344512.530567218,333852.778980399,44.5,AVG
367696:8786,974:974,05/18/23 20:49:39,STABLE BEAMS,6800,344321.922989027,333595.980756435,44.5,AVG
367696:8786,975:975,05/18/23 20:50:02,STABLE BEAMS,6800,344344.802518671,328839.711071669,44.5,AVG
367696:8786,976:976,05/18/23 20:50:26,STABLE BEAMS,6800,344005.383589138,333018.482749578,44.5,AVG
367696:8786,977:977,05/18/23 20:50:49,STABLE BEAMS,6800,343940.871008099,333260.092953589,44.5,AVG
367696:8786,978:978,05/18/23 20:51:12,STABLE BEAMS,6800,344084.127400792,333512.546197084,44.5,AVG
367696:8786,979:979,05/18/23 20:51:36,STABLE BEAMS,6800,344073.632888060,333491.918062316,44.5,AVG
367696:8786,980:980,05/18/23 20:51:59,STABLE BEAMS,6800,343561.592977457,332961.757716875,44.4,AVG
367696:8786,981:981,05/18/23 20:52:22,STABLE BEAMS,6800,343317.055911919,332755.166062824,44.4,AVG
367696:8786,982:982,05/18/23 20:52:46,STABLE BEAMS,6800,343735.670882219,333038.689023229,44.4,AVG
367696:8786,983:983,05/18/23 20:53:09,STABLE BEAMS,6800,343411.688350577,332854.917441899,44.4,AVG
367696:8786,984:984,05/18/23 20:53:32,STABLE BEAMS,6800,343297.092560735,332754.283918217,44.4,AVG
367696:8786,985:985,05/18/23 20:53:56,STABLE BEAMS,6800,342943.356150705,332356.272548767,44.3,AVG
367696:8786,986:986,05/18/23 20:54:19,STABLE BEAMS,6800,342988.702609204,332125.569222007,44.3,AVG
367696:8786,987:987,05/18/23 20:54:42,STABLE BEAMS,6800,342823.410537069,332417.318496602,44.3,AVG
367696:8786,988:988,05/18/23 20:55:05,STABLE BEAMS,6800,342707.311201977,332172.505590994,44.3,AVG
367696:8786,989:989,05/18/23 20:55:29,STABLE BEAMS,6800,342427.423339999,332041.786315771,44.3,AVG
367696:8786,990:990,05/18/23 20:55:52,STABLE BEAMS,6800,341897.194028498,331569.044816200,44.2,AVG
367696:8786,991:991,05/18/23 20:56:15,STABLE BEAMS,6800,342068.448997916,331623.132322221,44.2,AVG
367696:8786,992:992,05/18/23 20:56:39,STABLE BEAMS,6800,341839.553465125,331476.582149431,44.2,AVG
367696:8786,993:993,05/18/23 20:57:02,STABLE BEAMS,6800,341360.771043001,330597.996471650,44.1,AVG
367696:8786,994:994,05/18/23 20:57:25,STABLE BEAMS,6800,341019.237825808,330905.487129732,44.1,AVG
367696:8786,995:995,05/18/23 20:57:49,STABLE BEAMS,6800,341472.180249347,331208.804709717,44.1,AVG
367696:8786,996:996,05/18/23 20:58:12,STABLE BEAMS,6800,341376.207440893,331155.983139674,44.1,AVG
367696:8786,997:997,05/18/23 20:58:35,STABLE BEAMS,6800,340810.806825951,330628.249496765,44.1,AVG
367696:8786,998:998,05/18/23 20:58:59,STABLE BEAMS,6800,340223.757490499,330016.498740675,44.0,AVG
367696:8786,999:999,05/18/23 20:59:22,STABLE BEAMS,6800,339963.786358147,329464.157494212,43.9,AVG
367696:8786,1000:1000,05/18/23 20:59:45,STABLE BEAMS,6800,339350.377193738,329270.624943546,43.9,AVG
367696:8786,1001:1001,05/18/23 21:00:08,STABLE BEAMS,6800,338901.166825926,328370.846173127,43.8,AVG
367696:8786,1002:1002,05/18/23 21:00:32,STABLE BEAMS,6800,338456.532364043,328633.786738048,43.7,AVG
367696:8786,1003:1003,05/18/23 21:00:55,STABLE BEAMS,6800,338679.327465955,328753.717273001,43.8,AVG
367696:8786,1004:1004,05/18/23 21:01:18,STABLE BEAMS,6800,338494.251535634,328639.080053819,43.8,AVG
367696:8786,1005:1005,05/18/23 21:01:42,STABLE BEAMS,6800,338176.026766420,322299.308158313,43.7,AVG
367696:8786,1006:1006,05/18/23 21:02:05,STABLE BEAMS,6800,337940.529621000,327196.791046544,43.7,AVG
367696:8786,1007:1007,05/18/23 21:02:28,STABLE BEAMS,6800,337768.272288083,328017.459213230,43.7,AVG
367696:8786,1008:1008,05/18/23 21:02:52,STABLE BEAMS,6800,337622.351473344,327894.593730288,43.6,AVG
367696:8786,1009:1009,05/18/23 21:03:15,STABLE BEAMS,6800,336891.500272969,322386.219522282,43.5,AVG
367696:8786,1010:1010,05/18/23 21:03:38,STABLE BEAMS,6800,336760.649876890,327186.813100156,43.5,AVG
367696:8786,1011:1011,05/18/23 21:04:02,STABLE BEAMS,6800,337342.827259519,327696.169645946,43.6,AVG
367696:8786,1012:1012,05/18/23 21:04:25,STABLE BEAMS,6800,337112.519093517,327522.711187419,43.6,AVG
367696:8786,1013:1013,05/18/23 21:04:48,STABLE BEAMS,6800,337083.996024263,327518.488670144,43.6,AVG
367696:8786,1014:1014,05/18/23 21:05:12,STABLE BEAMS,6800,336808.523223839,322489.973884307,43.5,AVG
367696:8786,1015:1015,05/18/23 21:05:35,STABLE BEAMS,6800,336752.840765906,327128.071151591,43.5,AVG
367696:8786,1016:1016,05/18/23 21:05:58,STABLE BEAMS,6800,336600.159825240,326910.838451135,43.5,AVG
367696:8786,1017:1017,05/18/23 21:06:21,STABLE BEAMS,6800,336294.024026045,322046.469295797,43.5,AVG
367696:8786,1018:1018,05/18/23 21:06:45,STABLE BEAMS,6800,336560.755284323,299116.992706088,43.5,AVG
367696:8786,1019:1019,05/18/23 21:07:08,STABLE BEAMS,6800,336469.195206344,176469.032106770,43.5,AVG
367696:8786,1020:1020,05/18/23 21:07:31,STABLE BEAMS,6800,336155.296917723,326554.805106353,43.5,AVG
367696:8786,1021:1021,05/18/23 21:07:55,STABLE BEAMS,6800,335811.919817906,326100.439744394,43.4,AVG
367696:8786,1022:1022,05/18/23 21:08:18,STABLE BEAMS,6800,336000.317534242,321728.893047154,43.4,AVG
367696:8786,1023:1023,05/18/23 21:08:41,STABLE BEAMS,6800,335916.885924920,326348.012434874,43.4,AVG
367696:8786,1024:1024,05/18/23 21:09:05,STABLE BEAMS,6800,335823.938855588,326314.056204144,43.4,AVG
367696:8786,1025:1025,05/18/23 21:09:28,STABLE BEAMS,6800,335516.481335219,321423.638163403,43.4,AVG
367696:8786,1026:1026,05/18/23 21:09:51,STABLE BEAMS,6800,335143.464579832,325753.154180590,43.3,AVG
367696:8786,1027:1027,05/18/23 21:10:15,STABLE BEAMS,6800,335072.415656345,324552.995827426,43.3,AVG
367696:8786,1028:1028,05/18/23 21:10:38,STABLE BEAMS,6800,334997.795521507,325616.579665812,43.3,AVG
367696:8786,1029:1029,05/18/23 21:11:01,STABLE BEAMS,6800,334815.656749348,325394.512584961,43.3,AVG
367696:8786,1030:1030,05/18/23 21:11:25,STABLE BEAMS,6800,334185.582708991,324908.555141713,43.2,AVG
367696:8786,1031:1031,05/18/23 21:11:48,STABLE BEAMS,6800,334302.978123398,319527.746875939,43.2,AVG
367696:8786,1032:1032,05/18/23 21:12:11,STABLE BEAMS,6800,334709.914393391,325292.226316290,43.3,AVG
367696:8786,1033:1033,05/18/23 21:12:34,STABLE BEAMS,6800,334705.089062126,325336.947861263,43.3,AVG
367696:8786,1034:1034,05/18/23 21:12:58,STABLE BEAMS,6800,334451.402515808,325087.599607987,43.2,AVG
367696:8786,1035:1035,05/18/23 21:13:21,STABLE BEAMS,6800,334283.149974732,321163.630513831,43.2,AVG
367696:8786,1036:1036,05/18/23 21:13:44,STABLE BEAMS,6800,334155.714607785,324823.536946600,43.2,AVG
367696:8786,1037:1037,05/18/23 21:14:08,STABLE BEAMS,6800,333956.572953382,324647.166898176,43.2,AVG
367696:8786,1038:1038,05/18/23 21:14:31,STABLE BEAMS,6800,333638.963588735,324362.249480246,43.1,AVG
367696:8786,1039:1039,05/18/23 21:14:54,STABLE BEAMS,6800,333832.482683229,324520.276621767,43.2,AVG
367696:8786,1040:1040,05/18/23 21:15:18,STABLE BEAMS,6800,333827.566439926,324552.659534843,43.1,AVG
367696:8786,1041:1041,05/18/23 21:15:41,STABLE BEAMS,6800,333723.919723007,324551.077707687,43.1,AVG
367696:8786,1042:1042,05/18/23 21:16:04,STABLE BEAMS,6800,333501.555870507,324334.651264190,43.1,AVG
367696:8786,1043:1043,05/18/23 21:16:28,STABLE BEAMS,6800,333498.665333904,319762.012386672,43.1,AVG
367696:8786,1044:1044,05/18/23 21:16:51,STABLE BEAMS,6800,333094.619600514,324020.021284879,43.1,AVG
367696:8786,1045:1045,05/18/23 21:17:14,STABLE BEAMS,6800,332529.491721687,323570.134130356,43.0,AVG
367696:8786,1046:1046,05/18/23 21:17:38,STABLE BEAMS,6800,332321.608525138,323346.267519056,43.0,AVG
367696:8786,1047:1047,05/18/23 21:18:01,STABLE BEAMS,6800,332475.245207745,323504.261859946,43.0,AVG
367696:8786,1048:1048,05/18/23 21:18:24,STABLE BEAMS,6800,332184.270739247,323148.604155207,42.9,AVG
367696:8786,1049:1049,05/18/23 21:18:47,STABLE BEAMS,6800,332017.041541373,318315.309579939,42.9,AVG
367696:8786,1050:1050,05/18/23 21:19:11,STABLE BEAMS,6800,332045.247584031,322985.760278949,42.9,AVG
367696:8786,1051:1051,05/18/23 21:19:34,STABLE BEAMS,6800,331983.259560364,322952.018074115,42.9,AVG
367696:8786,1052:1052,05/18/23 21:19:57,STABLE BEAMS,6800,331763.219792536,266007.575785728,42.9,AVG
367696:8786,1053:1053,05/18/23 21:20:21,STABLE BEAMS,6800,331560.546555106,296753.775278820,42.9,AVG
367696:8786,1054:1054,05/18/23 21:20:44,STABLE BEAMS,6800,331294.773369847,322423.852675497,42.8,AVG
367696:8786,1055:1055,05/18/23 21:21:07,STABLE BEAMS,6800,330931.178831354,322130.374113569,42.8,AVG
367696:8786,1056:1056,05/18/23 21:21:31,STABLE BEAMS,6800,330390.636831198,321581.403660711,42.7,AVG
367696:8786,1057:1057,05/18/23 21:21:54,STABLE BEAMS,6800,329940.083762513,321212.228019791,42.6,AVG
367696:8786,1058:1058,05/18/23 21:22:17,STABLE BEAMS,6800,329770.511831343,321042.287989327,42.6,AVG
367696:8786,1059:1059,05/18/23 21:22:41,STABLE BEAMS,6800,329825.623175188,321095.965868544,42.6,AVG
367696:8786,1060:1060,05/18/23 21:23:04,STABLE BEAMS,6800,329101.988992010,320449.073992041,42.5,AVG
367696:8786,1061:1061,05/18/23 21:23:27,STABLE BEAMS,6800,328441.454756659,319835.910507388,42.5,AVG
367696:8786,1062:1062,05/18/23 21:23:50,STABLE BEAMS,6800,329210.780397867,320080.633729535,42.6,AVG
367696:8786,1063:1063,05/18/23 21:24:14,STABLE BEAMS,6800,329708.957388166,320996.695949343,42.6,AVG
367696:8786,1064:1064,05/18/23 21:24:37,STABLE BEAMS,6800,330004.712897447,321251.926715252,42.7,AVG
367696:8786,1065:1065,05/18/23 21:25:00,STABLE BEAMS,6800,329971.681523524,321217.520075798,42.7,AVG
367696:8786,1066:1066,05/18/23 21:25:24,STABLE BEAMS,6800,329794.687440302,321030.231131734,42.6,AVG
367696:8786,1067:1067,05/18/23 21:25:47,STABLE BEAMS,6800,329499.568315289,320800.306550385,42.6,AVG
367696:8786,1068:1068,05/18/23 21:26:10,STABLE BEAMS,6800,329843.311394337,321124.693267436,42.6,AVG
367696:8786,1069:1069,05/18/23 21:26:34,STABLE BEAMS,6800,329683.301544736,320914.586823461,42.6,AVG
367696:8786,1070:1070,05/18/23 21:26:57,STABLE BEAMS,6800,329804.111988275,316493.942904886,42.6,AVG
367696:8786,1071:1071,05/18/23 21:27:20,STABLE BEAMS,6800,329701.989796305,320592.540168679,42.6,AVG
367696:8786,1072:1072,05/18/23 21:27:44,STABLE BEAMS,6800,329444.319437847,320775.514406975,42.6,AVG
367696:8786,1073:1073,05/18/23 21:28:07,STABLE BEAMS,6800,329126.595850382,320436.818791583,42.5,AVG
367696:8786,1074:1074,05/18/23 21:28:30,STABLE BEAMS,6800,328348.416775288,319726.045534109,42.4,AVG
367696:8786,1075:1075,05/18/23 21:28:53,STABLE BEAMS,6800,328704.067000278,320040.376335477,42.5,AVG
367696:8786,1076:1076,05/18/23 21:29:17,STABLE BEAMS,6800,329005.967230919,320305.774723714,42.5,AVG
367696:8786,1077:1077,05/18/23 21:29:40,STABLE BEAMS,6800,329521.081833280,320812.092020623,42.6,AVG
367696:8786,1078:1078,05/18/23 21:30:03,STABLE BEAMS,6800,328537.886787461,319896.997667081,42.5,AVG
367696:8786,1079:1079,05/18/23 21:30:27,STABLE BEAMS,6800,328239.581078951,319376.492213954,42.4,AVG
367696:8786,1080:1080,05/18/23 21:30:50,STABLE BEAMS,6800,328334.099294792,319757.854364176,42.4,AVG
367696:8786,1081:1081,05/18/23 21:31:13,STABLE BEAMS,6800,328305.392070383,319085.018654978,42.4,AVG
367696:8786,1082:1082,05/18/23 21:31:37,STABLE BEAMS,6800,328386.366723593,319763.317622464,42.4,AVG
367696:8786,1083:1083,05/18/23 21:32:00,STABLE BEAMS,6800,327792.440708319,319244.702125549,42.4,AVG
367696:8786,1084:1084,05/18/23 21:32:23,STABLE BEAMS,6800,327765.055205083,319149.190840750,42.4,AVG
367696:8786,1085:1085,05/18/23 21:32:47,STABLE BEAMS,6800,327760.185583338,319221.899809361,42.4,AVG
367696:8786,1086:1086,05/18/23 21:33:10,STABLE BEAMS,6800,327394.040845617,318872.461714048,42.3,AVG
367696:8786,1087:1087,05/18/23 21:33:33,STABLE BEAMS,6800,327438.408251396,318906.037855485,42.3,AVG
367696:8786,1088:1088,05/18/23 21:33:57,STABLE BEAMS,6800,327371.869963656,318811.978125931,42.3,AVG
367696:8786,1089:1089,05/18/23 21:34:20,STABLE BEAMS,6800,326899.621552903,318415.624147697,42.3,AVG
367696:8786,1090:1090,05/18/23 21:34:43,STABLE BEAMS,6800,326966.912778805,313909.415941789,42.3,AVG
367696:8786,1091:1091,05/18/23 21:35:06,STABLE BEAMS,6800,326332.717392711,317907.670334435,42.2,AVG
367696:8786,1092:1092,05/18/23 21:35:30,STABLE BEAMS,6800,326209.948843731,317792.454660161,42.2,AVG
367696:8786,1093:1093,05/18/23 21:35:53,STABLE BEAMS,6800,325243.372052302,312369.472852892,42.0,AVG
367696:8786,1094:1094,05/18/23 21:36:16,STABLE BEAMS,6800,325643.548196368,317231.768747921,42.1,AVG
367696:8786,1095:1095,05/18/23 21:36:40,STABLE BEAMS,6800,326306.152428898,317773.157396042,42.2,AVG
367696:8786,1096:1096,05/18/23 21:37:03,STABLE BEAMS,6800,326149.214939977,317740.164850397,42.2,AVG
367696:8786,1097:1097,05/18/23 21:37:26,STABLE BEAMS,6800,325992.366032016,317565.898178706,42.1,AVG
367696:8786,1098:1098,05/18/23 21:37:50,STABLE BEAMS,6800,325997.284606397,317602.116143933,42.1,AVG
367696:8786,1099:1099,05/18/23 21:38:13,STABLE BEAMS,6800,325630.846152860,317161.486513036,42.1,AVG
367696:8786,1100:1100,05/18/23 21:38:36,STABLE BEAMS,6800,325414.811176874,312555.123631348,42.1,AVG
367696:8786,1101:1101,05/18/23 21:39:00,STABLE BEAMS,6800,325551.785314611,317149.734728089,42.1,AVG
367696:8786,1102:1102,05/18/23 21:39:23,STABLE BEAMS,6800,325487.475537350,312573.861464949,42.1,AVG
367696:8786,1103:1103,05/18/23 21:39:46,STABLE BEAMS,6800,325629.456830428,317264.097172540,42.1,AVG
367696:8786,1104:1104,05/18/23 21:40:09,STABLE BEAMS,6800,324992.098171616,316686.686071152,42.0,AVG
367696:8786,1105:1105,05/18/23 21:40:33,STABLE BEAMS,6800,324726.574411693,316061.222977711,42.0,AVG
367696:8786,1106:1106,05/18/23 21:40:56,STABLE BEAMS,6800,325335.521892991,317004.267611670,42.1,AVG
367696:8786,1107:1107,05/18/23 21:41:19,STABLE BEAMS,6800,325188.850471166,311226.538052551,42.0,AVG
367696:8786,1108:1108,05/18/23 21:41:43,STABLE BEAMS,6800,324788.902772735,316495.038072459,42.0,AVG
367696:8786,1109:1109,05/18/23 21:42:06,STABLE BEAMS,6800,324916.177295306,316650.785422197,42.0,AVG
367696:8786,1110:1110,05/18/23 21:42:29,STABLE BEAMS,6800,324499.203403852,316239.670988247,41.9,AVG
367696:8786,1111:1111,05/18/23 21:42:53,STABLE BEAMS,6800,324451.898839912,312236.728341890,41.9,AVG
367696:8786,1112:1112,05/18/23 21:43:16,STABLE BEAMS,6800,324318.111285672,255177.649987980,41.9,AVG
367696:8786,1113:1113,05/18/23 21:43:39,STABLE BEAMS,6800,324470.883138376,316183.127462558,41.9,AVG
367696:8786,1114:1114,05/18/23 21:44:03,STABLE BEAMS,6800,323721.136220498,315483.605303688,41.8,AVG
367696:8786,1115:1115,05/18/23 21:44:26,STABLE BEAMS,6800,323750.731585588,315516.893157054,41.8,AVG
367696:8786,1116:1116,05/18/23 21:44:49,STABLE BEAMS,6800,323851.737191241,315467.451511809,41.9,AVG
367696:8786,1117:1117,05/18/23 21:45:13,STABLE BEAMS,6800,323815.495923041,315500.941778122,41.9,AVG
367696:8786,1118:1118,05/18/23 21:45:36,STABLE BEAMS,6800,323504.327326647,315346.901798276,41.8,AVG
367696:8786,1119:1119,05/18/23 21:45:59,STABLE BEAMS,6800,323120.405788817,314369.852185247,41.8,AVG
367696:8786,1120:1120,05/18/23 21:46:22,STABLE BEAMS,6800,322988.145090606,314909.619899907,41.7,AVG
367696:8786,1121:1121,05/18/23 21:46:46,STABLE BEAMS,6800,323234.570329248,315149.337329534,41.8,AVG
367696:8786,1122:1122,05/18/23 21:47:09,STABLE BEAMS,6800,323343.792984518,315269.462832602,41.8,AVG
367696:8786,1123:1123,05/18/23 21:47:32,STABLE BEAMS,6800,323360.047590754,315292.827688031,41.8,AVG
367696:8786,1124:1124,05/18/23 21:47:56,STABLE BEAMS,6800,322964.925223587,314886.535629446,41.7,AVG
367696:8786,1125:1125,05/18/23 21:48:19,STABLE BEAMS,6800,322889.848197479,314836.950456338,41.7,AVG
367696:8786,1126:1126,05/18/23 21:48:42,STABLE BEAMS,6800,322595.799037225,308825.505857757,41.7,AVG
367696:8786,1127:1127,05/18/23 21:49:06,STABLE BEAMS,6800,321546.291818223,313643.354775205,41.6,AVG
367696:8786,1128:1128,05/18/23 21:49:29,STABLE BEAMS,6800,320959.697042962,313111.656616470,41.5,AVG
367696:8786,1129:1129,05/18/23 21:49:52,STABLE BEAMS,6800,320952.617559363,313066.273283723,41.5,AVG
367696:8786,1130:1130,05/18/23 21:50:16,STABLE BEAMS,6800,320120.327172845,312314.394062313,41.4,AVG
367696:8786,1131:1131,05/18/23 21:50:39,STABLE BEAMS,6800,319496.649610261,311623.310255792,41.3,AVG
367696:8786,1132:1132,05/18/23 21:51:02,STABLE BEAMS,6800,319283.393279139,311545.785369740,41.3,AVG
367696:8786,1133:1133,05/18/23 21:51:26,STABLE BEAMS,6800,319908.185096962,312091.932776015,41.4,AVG
367696:8786,1134:1134,05/18/23 21:51:49,STABLE BEAMS,6800,319123.632854874,311219.280750589,41.2,AVG
367696:8786,1135:1135,05/18/23 21:52:12,STABLE BEAMS,6800,318737.363921593,311015.451309164,41.2,AVG
367696:8786,1136:1136,05/18/23 21:52:35,STABLE BEAMS,6800,318447.641241931,310749.541589132,41.2,AVG
367696:8786,1137:1137,05/18/23 21:52:59,STABLE BEAMS,6800,317723.118918071,310155.056691148,41.1,AVG
367696:8786,1138:1138,05/18/23 21:53:22,STABLE BEAMS,6800,317196.463148999,309547.477252255,41.0,AVG
367696:8786,1139:1139,05/18/23 21:53:45,STABLE BEAMS,6800,316986.894583123,309341.438381211,41.0,AVG
367696:8786,1140:1140,05/18/23 21:54:09,STABLE BEAMS,6800,316498.734234586,308922.276063624,40.9,AVG
367696:8786,1141:1141,05/18/23 21:54:32,STABLE BEAMS,6800,315829.801125541,308381.364991996,40.8,AVG
367696:8786,1142:1142,05/18/23 21:54:55,STABLE BEAMS,6800,315701.568529950,308221.389897442,40.8,AVG
367696:8786,1143:1143,05/18/23 21:55:19,STABLE BEAMS,6800,315275.440495560,307784.681537455,40.8,AVG
367696:8786,1144:1144,05/18/23 21:55:42,STABLE BEAMS,6800,315555.829539288,308107.761855114,40.8,AVG
367696:8786,1145:1145,05/18/23 21:56:05,STABLE BEAMS,6800,315703.617547429,308213.708809295,40.8,AVG
367696:8786,1146:1146,05/18/23 21:56:29,STABLE BEAMS,6800,315306.150115890,307876.510424681,40.8,AVG
367696:8786,1147:1147,05/18/23 21:56:52,STABLE BEAMS,6800,314904.085798720,307471.284494214,40.7,AVG
367696:8786,1148:1148,05/18/23 21:57:15,STABLE BEAMS,6800,315797.974918895,308224.081557124,40.8,AVG
367696:8786,1149:1149,05/18/23 21:57:38,STABLE BEAMS,6800,316013.121754199,308570.839087677,40.8,AVG
367696:8786,1150:1150,05/18/23 21:58:02,STABLE BEAMS,6800,315968.504923084,308465.834416722,40.8,AVG
367696:8786,1151:1151,05/18/23 21:58:25,STABLE BEAMS,6800,315804.098660553,308351.908694915,40.8,AVG
367696:8786,1152:1152,05/18/23 21:58:48,STABLE BEAMS,6800,315732.073015424,308252.735372697,40.8,AVG
367696:8786,1153:1153,05/18/23 21:59:12,STABLE BEAMS,6800,315853.589775569,308473.998253806,40.8,AVG
367696:8786,1154:1154,05/18/23 21:59:35,STABLE BEAMS,6800,316860.051309964,309448.912265935,41.0,AVG
367696:8786,1155:1155,05/18/23 21:59:58,STABLE BEAMS,6800,316838.971372463,308828.884194735,41.0,AVG
367696:8786,1156:1156,05/18/23 22:00:22,STABLE BEAMS,6800,315597.238807204,308172.756862083,40.8,AVG
367696:8786,1157:1157,05/18/23 22:00:45,STABLE BEAMS,6800,315615.952700631,308135.425825793,40.8,AVG
367696:8786,1158:1158,05/18/23 22:01:08,STABLE BEAMS,6800,315375.446068791,307956.669408270,40.8,AVG
367696:8786,1159:1159,05/18/23 22:01:32,STABLE BEAMS,6800,315345.806413221,307886.096608484,40.8,AVG
367696:8786,1160:1160,05/18/23 22:01:55,STABLE BEAMS,6800,315107.281197601,307650.311471569,40.7,AVG
367696:8786,1161:1161,05/18/23 22:02:18,STABLE BEAMS,6800,314877.245767714,307481.102863976,40.7,AVG
367696:8786,1162:1162,05/18/23 22:02:42,STABLE BEAMS,6800,314479.391377242,307178.731362092,40.6,AVG
367696:8786,1163:1163,05/18/23 22:03:05,STABLE BEAMS,6800,314230.691006564,306964.044153630,40.6,AVG
367696:8786,1164:1164,05/18/23 22:03:28,STABLE BEAMS,6800,313718.853899739,302002.872653059,40.6,AVG
367696:8786,1165:1165,05/18/23 22:03:52,STABLE BEAMS,6800,313167.910629967,305875.152521427,40.5,AVG
367696:8786,1166:1166,05/18/23 22:04:15,STABLE BEAMS,6800,312960.048413119,305738.433079529,40.5,AVG
367696:8786,1167:1167,05/18/23 22:04:38,STABLE BEAMS,6800,313588.756441823,306315.093145554,40.5,AVG
367696:8786,1168:1168,05/18/23 22:05:01,STABLE BEAMS,6800,313712.047152254,306437.670995953,40.5,AVG
367696:8786,1169:1169,05/18/23 22:05:25,STABLE BEAMS,6800,313778.907128744,306509.604868053,40.6,AVG
367696:8786,1170:1170,05/18/23 22:05:48,STABLE BEAMS,6800,313678.402704842,302040.119969037,40.5,AVG
367696:8786,1171:1171,05/18/23 22:06:11,STABLE BEAMS,6800,313527.838382914,306296.760614042,40.5,AVG
367696:8786,1172:1172,05/18/23 22:06:35,STABLE BEAMS,6800,313482.172566742,305726.150854977,40.5,AVG
367696:8786,1173:1173,05/18/23 22:06:58,STABLE BEAMS,6800,313200.235687285,305993.133479806,40.5,AVG
367696:8786,1174:1174,05/18/23 22:07:21,STABLE BEAMS,6800,312953.537712528,305775.132455219,40.5,AVG
367696:8786,1175:1175,05/18/23 22:07:45,STABLE BEAMS,6800,313255.622098324,306068.385002118,40.5,AVG
367696:8786,1176:1176,05/18/23 22:08:08,STABLE BEAMS,6800,313190.538403198,305974.688374376,40.5,AVG
367696:8786,1177:1177,05/18/23 22:08:31,STABLE BEAMS,6800,313113.160603197,305908.841840523,40.5,AVG
367696:8786,1178:1178,05/18/23 22:08:54,STABLE BEAMS,6800,312707.317608742,304083.207870243,40.4,AVG
367696:8786,1179:1179,05/18/23 22:09:18,STABLE BEAMS,6800,312470.636275746,305314.155914869,40.4,AVG
367696:8786,1180:1180,05/18/23 22:09:41,STABLE BEAMS,6800,312644.896004584,305463.402474696,40.4,AVG
367696:8786,1181:1181,05/18/23 22:10:04,STABLE BEAMS,6800,312814.491246533,305613.361454583,40.4,AVG
367696:8786,1182:1182,05/18/23 22:10:28,STABLE BEAMS,6800,312521.013200365,305388.057877963,40.4,AVG
367696:8786,1183:1183,05/18/23 22:10:51,STABLE BEAMS,6800,312313.174294296,305117.325662637,40.4,AVG
367696:8786,1184:1184,05/18/23 22:11:14,STABLE BEAMS,6800,312035.403051056,304926.494580569,40.3,AVG
367696:8786,1185:1185,05/18/23 22:11:38,STABLE BEAMS,6800,311830.909241782,304723.050339676,40.3,AVG
367696:8786,1186:1186,05/18/23 22:12:01,STABLE BEAMS,6800,311134.250292127,303971.146115817,40.2,AVG
367696:8786,1187:1187,05/18/23 22:12:24,STABLE BEAMS,6800,310661.342186326,303604.392502250,40.2,AVG
367696:8786,1188:1188,05/18/23 22:12:48,STABLE BEAMS,6800,311233.708062051,300379.670805037,40.2,AVG
367696:8786,1189:1189,05/18/23 22:13:11,STABLE BEAMS,6800,311234.435358357,304125.423831752,40.2,AVG
367696:8786,1190:1190,05/18/23 22:13:34,STABLE BEAMS,6800,310957.528945021,303886.279764951,40.2,AVG
367696:8786,1191:1191,05/18/23 22:13:58,STABLE BEAMS,6800,311001.670236242,303962.317206257,40.2,AVG
367696:8786,1192:1192,05/18/23 22:14:21,STABLE BEAMS,6800,311096.962369948,299651.607097705,40.2,AVG
367696:8786,1193:1193,05/18/23 22:14:44,STABLE BEAMS,6800,311008.090024795,303891.771039821,40.2,AVG
367696:8786,1194:1194,05/18/23 22:15:07,STABLE BEAMS,6800,310932.716951793,303817.719519554,40.2,AVG
367696:8786,1195:1195,05/18/23 22:15:31,STABLE BEAMS,6800,310792.031738030,300274.661307684,40.2,AVG
367696:8786,1196:1196,05/18/23 22:15:54,STABLE BEAMS,6800,310598.829670130,303562.157369344,40.1,AVG
367696:8786,1197:1197,05/18/23 22:16:17,STABLE BEAMS,6800,310311.906615033,303304.866188075,40.1,AVG
367696:8786,1198:1198,05/18/23 22:16:41,STABLE BEAMS,6800,309525.736604879,302526.883092513,40.0,AVG
367696:8786,1199:1199,05/18/23 22:17:04,STABLE BEAMS,6800,309358.691562159,302396.272769443,40.0,AVG
367696:8786,1200:1200,05/18/23 22:17:27,STABLE BEAMS,6800,308314.965416363,301385.328570667,39.9,AVG
367696:8786,1201:1201,05/18/23 22:17:51,STABLE BEAMS,6800,308015.407919017,297730.176637947,39.8,AVG
367696:8786,1202:1202,05/18/23 22:18:14,STABLE BEAMS,6800,308238.750824237,301340.760862613,39.8,AVG
367696:8786,1203:1203,05/18/23 22:18:37,STABLE BEAMS,6800,307720.950820129,300898.485651757,39.8,AVG
367696:8786,1204:1204,05/18/23 22:19:01,STABLE BEAMS,6800,307024.904943964,300219.223142568,39.7,AVG
367696:8786,1205:1205,05/18/23 22:19:24,STABLE BEAMS,6800,307131.465508265,300288.921365377,39.7,AVG
367696:8786,1206:1206,05/18/23 22:19:47,STABLE BEAMS,6800,307806.976919160,300970.454929100,39.8,AVG
367696:8786,1207:1207,05/18/23 22:20:11,STABLE BEAMS,6800,307806.589960227,300910.819579170,39.8,AVG
367696:8786,1208:1208,05/18/23 22:20:34,STABLE BEAMS,6800,307918.227612208,301002.692600142,39.8,AVG
367696:8786,1209:1209,05/18/23 22:20:57,STABLE BEAMS,6800,307235.839521492,239503.638989911,39.7,AVG
367696:8786,1210:1210,05/18/23 22:21:21,STABLE BEAMS,6800,307512.745934828,300643.960639392,39.7,AVG
367696:8786,1211:1211,05/18/23 22:21:44,STABLE BEAMS,6800,307925.990101633,301104.667550398,39.8,AVG
367696:8786,1212:1212,05/18/23 22:22:07,STABLE BEAMS,6800,307670.026092202,300780.703204644,39.8,AVG
367696:8786,1213:1213,05/18/23 22:22:30,STABLE BEAMS,6800,307116.304177567,300322.181384129,39.7,AVG
367696:8786,1214:1214,05/18/23 22:22:54,STABLE BEAMS,6800,307089.056207928,300225.781046301,39.7,AVG
367696:8786,1215:1215,05/18/23 22:23:17,STABLE BEAMS,6800,306011.636662083,299322.087853738,39.6,AVG
367696:8786,1216:1216,05/18/23 22:23:40,STABLE BEAMS,6800,305503.809009255,298769.211005657,39.5,AVG
367696:8786,1217:1217,05/18/23 22:24:04,STABLE BEAMS,6800,304293.718495488,297630.715912098,39.3,AVG
367696:8786,1218:1218,05/18/23 22:24:27,STABLE BEAMS,6800,304005.818718748,293787.915504888,39.3,AVG
367696:8786,1219:1219,05/18/23 22:24:50,STABLE BEAMS,6800,304244.411535627,297656.918899773,39.3,AVG
367696:8786,1220:1220,05/18/23 22:25:14,STABLE BEAMS,6800,303853.228690121,297279.703764935,39.3,AVG
367696:8786,1221:1221,05/18/23 22:25:37,STABLE BEAMS,6800,302577.781745113,296066.456689711,39.1,AVG
367696:8786,1222:1222,05/18/23 22:26:00,STABLE BEAMS,6800,302613.363318265,296107.253566727,39.1,AVG
367696:8786,1223:1223,05/18/23 22:26:24,STABLE BEAMS,6800,303928.214804191,297368.222410828,39.3,AVG
367696:8786,1224:1224,05/18/23 22:26:47,STABLE BEAMS,6800,304032.884864311,297471.086887436,39.3,AVG
367696:8786,1225:1225,05/18/23 22:27:10,STABLE BEAMS,6800,304452.455576552,297826.944097622,39.4,AVG
367696:8786,1226:1226,05/18/23 22:27:33,STABLE BEAMS,6800,304594.938051381,297988.694307899,39.4,AVG
367696:8786,1227:1227,05/18/23 22:27:57,STABLE BEAMS,6800,304849.673582756,298272.031922674,39.4,AVG
367696:8786,1228:1228,05/18/23 22:28:20,STABLE BEAMS,6800,304741.973121359,298141.754659898,39.4,AVG
367696:8786,1229:1229,05/18/23 22:28:43,STABLE BEAMS,6800,304650.324462419,298071.071195862,39.4,AVG
367696:8786,1230:1230,05/18/23 22:29:07,STABLE BEAMS,6800,304989.400723500,293959.240063945,39.4,AVG
367696:8786,1231:1231,05/18/23 22:29:30,STABLE BEAMS,6800,305102.812325767,298510.171595553,39.4,AVG
367696:8786,1232:1232,05/18/23 22:29:53,STABLE BEAMS,6800,305173.474290321,298590.000559573,39.4,AVG
367696:8786,1233:1233,05/18/23 22:30:17,STABLE BEAMS,6800,305145.450071739,298525.423800633,39.4,AVG
367696:8786,1234:1234,05/18/23 22:30:40,STABLE BEAMS,6800,305278.326174518,298686.296959238,39.5,AVG
367696:8786,1235:1235,05/18/23 22:31:03,STABLE BEAMS,6800,305423.927631584,298795.258314500,39.5,AVG
367696:8786,1236:1236,05/18/23 22:31:27,STABLE BEAMS,6800,305057.442556489,298446.404954906,39.4,AVG
367696:8786,1237:1237,05/18/23 22:31:50,STABLE BEAMS,6800,304620.913252483,298040.014791122,39.4,AVG
367696:8786,1238:1238,05/18/23 22:32:13,STABLE BEAMS,6800,304937.475963151,298279.407777458,39.4,AVG
367696:8786,1239:1239,05/18/23 22:32:37,STABLE BEAMS,6800,304649.664767372,298092.264802582,39.4,AVG
367696:8786,1240:1240,05/18/23 22:33:00,STABLE BEAMS,6800,304792.578491613,298180.158241984,39.4,AVG
367696:8786,1241:1241,05/18/23 22:33:23,STABLE BEAMS,6800,304685.381543043,298137.815207675,39.4,AVG
367696:8786,1242:1242,05/18/23 22:33:46,STABLE BEAMS,6800,304244.047887474,235470.364194642,39.3,AVG
367696:8786,1243:1243,05/18/23 22:34:10,STABLE BEAMS,6800,304628.608140650,294120.351299724,39.4,AVG
367696:8786,1244:1244,05/18/23 22:34:33,STABLE BEAMS,6800,304572.948993496,298004.235532667,39.4,AVG
367696:8786,1245:1245,05/18/23 22:34:56,STABLE BEAMS,6800,304398.185751831,297568.311029749,39.3,AVG
367696:8786,1246:1246,05/18/23 22:35:20,STABLE BEAMS,6800,304264.855088860,297741.920062811,39.3,AVG
367696:8786,1247:1247,05/18/23 22:35:43,STABLE BEAMS,6800,304273.277273333,297755.786698380,39.3,AVG
367696:8786,1248:1248,05/18/23 22:36:06,STABLE BEAMS,6800,304159.772427950,297607.176905300,39.3,AVG
367696:8786,1249:1249,05/18/23 22:36:30,STABLE BEAMS,6800,303810.385809293,293019.013045934,39.3,AVG
367696:8786,1250:1250,05/18/23 22:36:53,STABLE BEAMS,6800,303367.730432552,296862.381655294,39.2,AVG
367696:8786,1251:1251,05/18/23 22:37:16,STABLE BEAMS,6800,302836.794804445,296332.227762794,39.1,AVG
367696:8786,1252:1252,05/18/23 22:37:40,STABLE BEAMS,6800,302774.193707288,296341.865657067,39.1,AVG
367696:8786,1253:1253,05/18/23 22:38:03,STABLE BEAMS,6800,301955.584416999,295528.529192076,39.0,AVG
367696:8786,1254:1254,05/18/23 22:38:26,STABLE BEAMS,6800,301771.466559698,295383.180560290,39.0,AVG
367696:8786,1255:1255,05/18/23 22:38:49,STABLE BEAMS,6800,300770.399139576,294447.417421447,38.9,AVG
367696:8786,1256:1256,05/18/23 22:39:13,STABLE BEAMS,6800,300556.506424185,294266.542961614,38.8,AVG
367696:8786,1257:1257,05/18/23 22:39:36,STABLE BEAMS,6800,300680.251694808,293823.989684244,38.9,AVG
367696:8786,1258:1258,05/18/23 22:39:59,STABLE BEAMS,6800,300010.614600236,238384.472121160,38.8,AVG
367696:8786,1259:1259,05/18/23 22:40:23,STABLE BEAMS,6800,299485.984537864,201869.528460421,38.7,AVG
367696:8786,1260:1260,05/18/23 22:40:46,STABLE BEAMS,6800,299983.842170489,293713.958631042,38.8,AVG
367696:8786,1261:1261,05/18/23 22:41:09,STABLE BEAMS,6800,300450.104373181,294169.428541216,38.8,AVG
367696:8786,1262:1262,05/18/23 22:41:33,STABLE BEAMS,6800,300715.947490777,293409.506754681,38.9,AVG
367696:8786,1263:1263,05/18/23 22:41:56,STABLE BEAMS,6800,300826.128219066,294399.956907970,38.9,AVG
367696:8786,1264:1264,05/18/23 22:42:19,STABLE BEAMS,6800,301269.737006671,207098.666370330,38.9,AVG
367696:8786,1265:1265,05/18/23 22:42:43,STABLE BEAMS,6800,301237.388638574,294346.059943380,38.9,AVG
367696:8786,1266:1266,05/18/23 22:43:06,STABLE BEAMS,6800,301645.693251297,295157.243441504,39.0,AVG
367696:8786,1267:1267,05/18/23 22:43:29,STABLE BEAMS,6800,301691.174912315,295299.692996423,39.0,AVG
367696:8786,1268:1268,05/18/23 22:43:53,STABLE BEAMS,6800,301975.958037894,295516.579688629,39.0,AVG
367696:8786,1269:1269,05/18/23 22:44:16,STABLE BEAMS,6800,301827.102396072,295432.275278943,39.0,AVG
367696:8786,1270:1270,05/18/23 22:44:39,STABLE BEAMS,6800,301879.278912835,295481.661691712,39.0,AVG
367696:8786,1271:1271,05/18/23 22:45:02,STABLE BEAMS,6800,301743.055382183,295349.194026032,39.0,AVG
367696:8786,1272:1272,05/18/23 22:45:26,STABLE BEAMS,6800,301620.629501655,295233.815808812,39.0,AVG
367696:8786,1273:1273,05/18/23 22:45:49,STABLE BEAMS,6800,301430.772530550,295022.089620190,39.0,AVG
367696:8786,1274:1274,05/18/23 22:46:12,STABLE BEAMS,6800,301361.091949794,294974.488480129,39.0,AVG
367696:8786,1275:1275,05/18/23 22:46:36,STABLE BEAMS,6800,301460.890057092,295066.666515316,39.0,AVG
367696:8786,1276:1276,05/18/23 22:46:59,STABLE BEAMS,6800,301224.460480509,294840.825503566,38.9,AVG
367696:8786,1277:1277,05/18/23 22:47:22,STABLE BEAMS,6800,300804.638011854,294445.480088723,38.9,AVG
367696:8786,1278:1278,05/18/23 22:47:46,STABLE BEAMS,6800,300580.772945183,289987.246628731,38.9,AVG
367696:8786,1279:1279,05/18/23 22:48:09,STABLE BEAMS,6800,300702.881799116,294402.989866098,38.9,AVG
367696:8786,1280:1280,05/18/23 22:48:32,STABLE BEAMS,6800,300507.220444026,294186.407974411,38.8,AVG
367696:8786,1281:1281,05/18/23 22:48:56,STABLE BEAMS,6800,300013.801183733,293719.348877411,38.8,AVG
367696:8786,1282:1282,05/18/23 22:49:19,STABLE BEAMS,6800,300155.852409148,293896.953529247,38.8,AVG
367696:8786,1283:1283,05/18/23 22:49:42,STABLE BEAMS,6800,299955.547546870,293699.551575471,38.8,AVG
367696:8786,1284:1284,05/18/23 22:50:06,STABLE BEAMS,6800,299757.268391292,293514.749986391,38.7,AVG
367696:8786,1285:1285,05/18/23 22:50:29,STABLE BEAMS,6800,299322.398814756,293105.768561361,38.7,AVG
367696:8786,1286:1286,05/18/23 22:50:52,STABLE BEAMS,6800,299239.424096703,293015.330465914,38.7,AVG
367696:8786,1287:1287,05/18/23 22:51:15,STABLE BEAMS,6800,299834.804704590,293533.504993192,38.8,AVG
367696:8786,1288:1288,05/18/23 22:51:39,STABLE BEAMS,6800,299384.295926385,293155.141873424,38.7,AVG
367696:8786,1289:1289,05/18/23 22:52:02,STABLE BEAMS,6800,299051.434319001,292849.008256243,38.7,AVG
367696:8786,1290:1290,05/18/23 22:52:25,STABLE BEAMS,6800,298659.521846110,292502.998395590,38.6,AVG
367696:8786,1291:1291,05/18/23 22:52:49,STABLE BEAMS,6800,298289.099580432,292122.654246002,38.6,AVG
367696:8786,1292:1292,05/18/23 22:53:12,STABLE BEAMS,6800,297541.264146437,291440.198288327,38.5,AVG
367696:8786,1293:1293,05/18/23 22:53:35,STABLE BEAMS,6800,296490.686962676,290395.675076144,38.3,AVG
367696:8786,1294:1294,05/18/23 22:53:59,STABLE BEAMS,6800,295919.185916855,289924.564686610,38.2,AVG
367696:8786,1295:1295,05/18/23 22:54:22,STABLE BEAMS,6800,295187.127218125,285048.537959751,38.2,AVG
367696:8786,1296:1296,05/18/23 22:54:45,STABLE BEAMS,6800,294104.085112372,288201.815046948,38.0,AVG
367696:8786,1297:1297,05/18/23 22:55:09,STABLE BEAMS,6800,293833.372373031,287928.639695458,38.0,AVG
367696:8786,1298:1298,05/18/23 22:55:32,STABLE BEAMS,6800,293963.516452505,288043.466387391,38.0,AVG
367696:8786,1299:1299,05/18/23 22:55:55,STABLE BEAMS,6800,294113.670504720,288201.922904896,38.0,AVG
367696:8786,1300:1300,05/18/23 22:56:18,STABLE BEAMS,6800,293194.897127902,287310.685909884,37.9,AVG
367696:8786,1301:1301,05/18/23 22:56:42,STABLE BEAMS,6800,293119.137095968,287272.848236142,37.9,AVG
367696:8786,1302:1302,05/18/23 22:57:05,STABLE BEAMS,6800,293879.718863952,287989.571238154,38.0,AVG
367696:8786,1303:1303,05/18/23 22:57:28,STABLE BEAMS,6800,293816.411450190,287789.499342772,38.0,AVG
367696:8786,1304:1304,05/18/23 22:57:52,STABLE BEAMS,6800,293769.449554702,287886.885421064,38.0,AVG
367696:8786,1305:1305,05/18/23 22:58:15,STABLE BEAMS,6800,293346.689927886,287495.627563983,37.9,AVG
367696:8786,1306:1306,05/18/23 22:58:38,STABLE BEAMS,6800,293415.393786999,287517.939111678,37.9,AVG
367696:8786,1307:1307,05/18/23 22:59:02,STABLE BEAMS,6800,293129.654919478,287294.555066996,37.9,AVG
367696:8786,1308:1308,05/18/23 22:59:25,STABLE BEAMS,6800,293408.610350294,287225.325833962,37.9,AVG
367696:8786,1309:1309,05/18/23 22:59:48,STABLE BEAMS,6800,293213.450176953,287357.381239405,37.9,AVG
367696:8786,1310:1310,05/18/23 23:00:12,STABLE BEAMS,6800,293033.430354610,287201.041759208,37.9,AVG
367696:8786,1311:1311,05/18/23 23:00:35,STABLE BEAMS,6800,292874.168781017,287035.136683042,37.9,AVG
367696:8786,1312:1312,05/18/23 23:00:58,STABLE BEAMS,6800,292701.592090427,286454.511564820,37.8,AVG
367696:8786,1313:1313,05/18/23 23:01:21,STABLE BEAMS,6800,292407.134991539,286622.672454400,37.8,AVG
367696:8786,1314:1314,05/18/23 23:01:45,STABLE BEAMS,6800,292249.673010089,286413.736688728,37.8,AVG
367696:8786,1315:1315,05/18/23 23:02:08,STABLE BEAMS,6800,292546.612706946,286734.318546681,37.8,AVG
367696:8786,1316:1316,05/18/23 23:02:31,STABLE BEAMS,6800,292583.923939904,286703.280442613,37.8,AVG
367696:8786,1317:1317,05/18/23 23:02:55,STABLE BEAMS,6800,292093.553729512,286272.466133597,37.8,AVG
367696:8786,1318:1318,05/18/23 23:03:18,STABLE BEAMS,6800,291941.693328269,286007.244469955,37.7,AVG
367696:8786,1319:1319,05/18/23 23:03:41,STABLE BEAMS,6800,292539.738358202,286751.899576178,37.8,AVG
367696:8786,1320:1320,05/18/23 23:04:05,STABLE BEAMS,6800,292341.344979807,283252.996348520,37.8,AVG
367696:8786,1321:1321,05/18/23 23:04:28,STABLE BEAMS,6800,292151.557941039,286364.558938528,37.8,AVG
367696:8786,1322:1322,05/18/23 23:04:51,STABLE BEAMS,6800,291803.444090918,286033.562153829,37.7,AVG
367696:8786,1323:1323,05/18/23 23:05:15,STABLE BEAMS,6800,292218.713964423,286407.724445887,37.8,AVG
367696:8786,1324:1324,05/18/23 23:05:38,STABLE BEAMS,6800,292167.835858054,286364.555072518,37.8,AVG
367696:8786,1325:1325,05/18/23 23:06:01,STABLE BEAMS,6800,291946.495348755,286151.922186578,37.7,AVG
367696:8786,1326:1326,05/18/23 23:06:25,STABLE BEAMS,6800,291914.466338331,286142.887202856,37.7,AVG
367696:8786,1327:1327,05/18/23 23:06:48,STABLE BEAMS,6800,291660.437123561,285839.804429146,37.7,AVG
367696:8786,1328:1328,05/18/23 23:07:11,STABLE BEAMS,6800,291773.804435347,282938.554070691,37.7,AVG
367696:8786,1329:1329,05/18/23 23:07:34,STABLE BEAMS,6800,291505.777097754,282747.297916174,37.7,AVG
367696:8786,1330:1330,05/18/23 23:07:58,STABLE BEAMS,6800,291460.020369543,282680.579998020,37.7,AVG
367696:8786,1331:1331,05/18/23 23:08:21,STABLE BEAMS,6800,291089.985062797,282268.189677991,37.6,AVG
367696:8786,1332:1332,05/18/23 23:08:44,STABLE BEAMS,6800,290679.223493962,282015.010288106,37.6,AVG
367696:8786,1333:1333,05/18/23 23:09:08,STABLE BEAMS,6800,290387.179060706,278550.976211618,37.5,AVG
367696:8786,1334:1334,05/18/23 23:09:31,STABLE BEAMS,6800,290849.636944256,281716.348665197,37.6,AVG
367696:8786,1335:1335,05/18/23 23:09:54,STABLE BEAMS,6800,291022.101743106,282267.952043114,37.6,AVG
367696:8786,1336:1336,05/18/23 23:10:18,STABLE BEAMS,6800,290854.303762223,281961.144199173,37.6,AVG
367696:8786,1337:1337,05/18/23 23:10:41,STABLE BEAMS,6800,290625.270695835,281940.729254018,37.6,AVG
367696:8786,1338:1338,05/18/23 23:11:04,STABLE BEAMS,6800,290374.635530495,281751.947603484,37.5,AVG
367696:8786,1339:1339,05/18/23 23:11:28,STABLE BEAMS,6800,290130.394511851,277472.411726916,37.5,AVG
367696:8786,1340:1340,05/18/23 23:11:51,STABLE BEAMS,6800,289258.608672377,280755.374738378,37.4,AVG
367696:8786,1341:1341,05/18/23 23:12:14,STABLE BEAMS,6800,289645.695814003,281167.966761313,37.4,AVG
367696:8786,1342:1342,05/18/23 23:12:38,STABLE BEAMS,6800,291100.705690086,282475.340866975,37.6,AVG
367696:8786,1343:1343,05/18/23 23:13:01,STABLE BEAMS,6800,291031.866628453,106166.874328274,37.6,AVG
367696:8786,1344:1344,05/18/23 23:13:24,STABLE BEAMS,6800,290045.939559329,281588.666094608,37.5,AVG
367696:8786,1345:1345,05/18/23 23:13:47,STABLE BEAMS,6800,289890.526595358,281431.065959157,37.5,AVG
367696:8786,1346:1346,05/18/23 23:14:11,STABLE BEAMS,6800,289960.890181940,281038.099018726,37.5,AVG
367696:8786,1347:1347,05/18/23 23:14:34,STABLE BEAMS,6800,289940.745006680,281380.075851826,37.5,AVG
367696:8786,1348:1348,05/18/23 23:14:57,STABLE BEAMS,6800,290059.301297884,281446.968657855,37.5,AVG
367696:8786,1349:1349,05/18/23 23:15:21,STABLE BEAMS,6800,289907.531808680,277202.502547477,37.5,AVG
367696:8786,1350:1350,05/18/23 23:15:44,STABLE BEAMS,6800,289475.280032631,281026.533972092,37.4,AVG
367696:8786,1351:1351,05/18/23 23:16:07,STABLE BEAMS,6800,289258.198402666,280716.026668996,37.4,AVG
367696:8786,1352:1352,05/18/23 23:16:31,STABLE BEAMS,6800,289341.219742276,280955.288249848,37.4,AVG
367696:8786,1353:1353,05/18/23 23:16:54,STABLE BEAMS,6800,288793.190319887,280108.087275433,37.3,AVG
367696:8786,1354:1354,05/18/23 23:17:17,STABLE BEAMS,6800,288466.657589017,280158.244696052,37.3,AVG
367696:8786,1355:1355,05/18/23 23:17:41,STABLE BEAMS,6800,288333.893377978,280155.003576564,37.3,AVG
367696:8786,1356:1356,05/18/23 23:18:04,STABLE BEAMS,6800,287813.885843093,279696.315025134,37.2,AVG
367696:8786,1357:1357,05/18/23 23:18:27,STABLE BEAMS,6800,287723.239547653,279599.977982739,37.2,AVG
367696:8786,1358:1358,05/18/23 23:18:51,STABLE BEAMS,6800,286989.427878338,278944.391833819,37.1,AVG
367696:8786,1359:1359,05/18/23 23:19:14,STABLE BEAMS,6800,287617.543813254,279477.934534939,37.2,AVG
367696:8786,1360:1360,05/18/23 23:19:37,STABLE BEAMS,6800,287819.030532031,279276.728266713,37.2,AVG
367696:8786,1361:1361,05/18/23 23:20:00,STABLE BEAMS,6800,288055.826087844,279867.895920684,37.2,AVG
367696:8786,1362:1362,05/18/23 23:20:24,STABLE BEAMS,6800,288020.950831298,279877.944945353,37.2,AVG
367696:8786,1363:1363,05/18/23 23:20:47,STABLE BEAMS,6800,288040.778979963,279908.912896526,37.2,AVG
367696:8786,1364:1364,05/18/23 23:21:10,STABLE BEAMS,6800,287653.102075627,279495.134770306,37.2,AVG
367696:8786,1365:1365,05/18/23 23:21:34,STABLE BEAMS,6800,287453.321705878,279278.042533890,37.2,AVG
367696:8786,1366:1366,05/18/23 23:21:57,STABLE BEAMS,6800,287529.263561889,279384.580282819,37.2,AVG
367696:8786,1367:1367,05/18/23 23:22:20,STABLE BEAMS,6800,287849.877685956,279631.478735428,37.2,AVG
367696:8786,1368:1368,05/18/23 23:22:44,STABLE BEAMS,6800,288068.255395237,279855.627279197,37.2,AVG
367696:8786,1369:1369,05/18/23 23:23:07,STABLE BEAMS,6800,288019.584819645,279778.652876526,37.2,AVG
367696:8786,1370:1370,05/18/23 23:23:30,STABLE BEAMS,6800,287787.229967241,279565.128949758,37.2,AVG
367696:8786,1371:1371,05/18/23 23:23:54,STABLE BEAMS,6800,287615.040235583,279386.381326150,37.2,AVG
367696:8786,1372:1372,05/18/23 23:24:17,STABLE BEAMS,6800,287299.957759386,279109.500297857,37.1,AVG
367696:8786,1373:1373,05/18/23 23:24:40,STABLE BEAMS,6800,287028.196034987,278863.508504023,37.1,AVG
367696:8786,1374:1374,05/18/23 23:25:04,STABLE BEAMS,6800,287474.445933859,279277.375578385,37.2,AVG
367696:8786,1375:1375,05/18/23 23:25:27,STABLE BEAMS,6800,287303.622213854,279092.644517987,37.1,AVG
367696:8786,1376:1376,05/18/23 23:25:50,STABLE BEAMS,6800,287212.745141701,279041.621956744,37.1,AVG
367696:8786,1377:1377,05/18/23 23:26:13,STABLE BEAMS,6800,287100.562017491,278939.103753901,37.1,AVG
367696:8786,1378:1378,05/18/23 23:26:37,STABLE BEAMS,6800,286873.079117910,278740.930163961,37.1,AVG
367696:8786,1379:1379,05/18/23 23:27:00,STABLE BEAMS,6800,286879.247150049,278800.121517894,37.1,AVG
367696:8786,1380:1380,05/18/23 23:27:23,STABLE BEAMS,6800,286713.568118981,278577.705407862,37.1,AVG
367696:8786,1381:1381,05/18/23 23:27:47,STABLE BEAMS,6800,286595.009496699,278480.204668246,37.0,AVG
367696:8786,1382:1382,05/18/23 23:28:10,STABLE BEAMS,6800,285852.866554949,277857.380532349,36.9,AVG
367696:8786,1383:1383,05/18/23 23:28:33,STABLE BEAMS,6800,285902.448582003,277866.428011254,37.0,AVG
367696:8786,1384:1384,05/18/23 23:28:57,STABLE BEAMS,6800,286139.516873931,278128.423466898,37.0,AVG
367696:8786,1385:1385,05/18/23 23:29:20,STABLE BEAMS,6800,285991.775487348,274034.415054096,37.0,AVG
367696:8786,1386:1386,05/18/23 23:29:43,STABLE BEAMS,6800,285404.977908310,277483.971103907,36.9,AVG
367696:8786,1387:1387,05/18/23 23:30:07,STABLE BEAMS,6800,285127.752137300,277209.231992354,36.9,AVG
367696:8786,1388:1388,05/18/23 23:30:30,STABLE BEAMS,6800,285514.883569406,277606.200667671,36.9,AVG
367696:8786,1389:1389,05/18/23 23:30:53,STABLE BEAMS,6800,285521.552783294,277550.217484576,36.9,AVG
367696:8786,1390:1390,05/18/23 23:31:16,STABLE BEAMS,6800,284907.413991501,277001.072366020,36.8,AVG
367696:8786,1391:1391,05/18/23 23:31:40,STABLE BEAMS,6800,285389.359686342,277450.880101670,36.9,AVG
367696:8786,1392:1392,05/18/23 23:32:03,STABLE BEAMS,6800,285256.893853274,277336.712747321,36.9,AVG
367696:8786,1393:1393,05/18/23 23:32:26,STABLE BEAMS,6800,285421.004068911,277521.504895785,36.9,AVG
367696:8786,1394:1394,05/18/23 23:32:50,STABLE BEAMS,6800,285210.248984382,277301.818955902,36.9,AVG
367696:8786,1395:1395,05/18/23 23:33:13,STABLE BEAMS,6800,285448.023592916,277610.270173674,36.9,AVG
367696:8786,1396:1396,05/18/23 23:33:36,STABLE BEAMS,6800,285250.907645212,277412.837887536,36.9,AVG
367696:8786,1397:1397,05/18/23 23:34:00,STABLE BEAMS,6800,285032.117335142,277179.864559609,36.8,AVG
367696:8786,1398:1398,05/18/23 23:34:23,STABLE BEAMS,6800,284904.341630821,277097.010092470,36.8,AVG
367696:8786,1399:1399,05/18/23 23:34:46,STABLE BEAMS,6800,284749.383227042,273771.259012507,36.8,AVG
367696:8786,1400:1400,05/18/23 23:35:10,STABLE BEAMS,6800,284641.594184683,223572.697686682,36.8,AVG
367696:8786,1401:1401,05/18/23 23:35:33,STABLE BEAMS,6800,284581.405753159,206537.151624645,36.8,AVG
367696:8786,1402:1402,05/18/23 23:35:56,STABLE BEAMS,6800,283835.962005095,276198.862112062,36.7,AVG
367696:8786,1403:1403,05/18/23 23:36:20,STABLE BEAMS,6800,283441.135684822,275405.737534935,36.6,AVG
367696:8786,1404:1404,05/18/23 23:36:43,STABLE BEAMS,6800,282870.522779683,275253.457474255,36.6,AVG
367696:8786,1405:1405,05/18/23 23:37:06,STABLE BEAMS,6800,282637.892860087,275063.433955880,36.5,AVG
367696:8786,1406:1406,05/18/23 23:37:29,STABLE BEAMS,6800,282123.757310446,274608.028799920,36.5,AVG
367696:8786,1407:1407,05/18/23 23:37:53,STABLE BEAMS,6800,281563.662228818,274079.939162481,36.4,AVG
367696:8786,1408:1408,05/18/23 23:38:16,STABLE BEAMS,6800,281491.429117755,274031.494227129,36.4,AVG
367696:8786,1409:1409,05/18/23 23:38:39,STABLE BEAMS,6800,281422.590056122,273903.114630214,36.4,AVG
367696:8786,1410:1410,05/18/23 23:39:03,STABLE BEAMS,6800,281434.245445651,270024.838628738,36.4,AVG
367696:8786,1411:1411,05/18/23 23:39:26,STABLE BEAMS,6800,281177.052958162,273683.018219683,36.3,AVG
367696:8786,1412:1412,05/18/23 23:39:49,STABLE BEAMS,6800,281262.214227290,273729.658527428,36.4,AVG
367696:8786,1413:1413,05/18/23 23:40:13,STABLE BEAMS,6800,281166.672668248,273722.806687307,36.3,AVG
367696:8786,1414:1414,05/18/23 23:40:36,STABLE BEAMS,6800,280797.956751597,273386.876664984,36.3,AVG
367696:8786,1415:1415,05/18/23 23:40:59,STABLE BEAMS,6800,280708.448022175,268373.201657369,36.3,AVG
367696:8786,1416:1416,05/18/23 23:41:23,STABLE BEAMS,6800,281011.669973989,273588.675081751,36.3,AVG
367696:8786,1417:1417,05/18/23 23:41:46,STABLE BEAMS,6800,280904.790052014,273518.859365724,36.3,AVG
367696:8786,1418:1418,05/18/23 23:42:09,STABLE BEAMS,6800,280787.620752164,273133.949607794,36.3,AVG
367696:8786,1419:1419,05/18/23 23:42:33,STABLE BEAMS,6800,280698.818339347,273337.172196653,36.3,AVG
367696:8786,1420:1420,05/18/23 23:42:56,STABLE BEAMS,6800,280500.152224837,272833.209502908,36.3,AVG
367696:8786,1421:1421,05/18/23 23:43:19,STABLE BEAMS,6800,280435.889069133,273059.516798683,36.2,AVG
367696:8786,1422:1422,05/18/23 23:43:42,STABLE BEAMS,6800,280104.757121555,272794.568604749,36.2,AVG
367696:8786,1423:1423,05/18/23 23:44:06,STABLE BEAMS,6800,280027.449253891,272723.991939881,36.2,AVG
367696:8786,1424:1424,05/18/23 23:44:29,STABLE BEAMS,6800,279849.361895132,272482.475875344,36.2,AVG
367696:8786,1425:1425,05/18/23 23:44:52,STABLE BEAMS,6800,279806.246278189,272513.436433537,36.2,AVG
367696:8786,1426:1426,05/18/23 23:45:16,STABLE BEAMS,6800,279325.235345588,272079.560304631,36.1,AVG
367696:8786,1427:1427,05/18/23 23:45:39,STABLE BEAMS,6800,279455.696451656,272144.344768479,36.1,AVG
367696:8786,1428:1428,05/18/23 23:46:02,STABLE BEAMS,6800,279466.375119542,272126.811527740,36.1,AVG
367696:8786,1429:1429,05/18/23 23:46:26,STABLE BEAMS,6800,279176.423994246,271882.977131613,36.1,AVG
367696:8786,1430:1430,05/18/23 23:46:49,STABLE BEAMS,6800,278819.682824796,271570.945830245,36.0,AVG
367696:8786,1431:1431,05/18/23 23:47:12,STABLE BEAMS,6800,279023.878256099,271734.549697029,36.1,AVG
367696:8786,1432:1432,05/18/23 23:47:36,STABLE BEAMS,6800,279043.547891467,267881.627415842,36.1,AVG
367696:8786,1433:1433,05/18/23 23:47:59,STABLE BEAMS,6800,279281.049763886,271498.898896098,36.1,AVG
367696:8786,1434:1434,05/18/23 23:48:22,STABLE BEAMS,6800,279057.797770704,271808.768806799,36.1,AVG
367696:8786,1435:1435,05/18/23 23:48:45,STABLE BEAMS,6800,279267.641403772,272036.614046618,36.1,AVG
367696:8786,1436:1436,05/18/23 23:49:09,STABLE BEAMS,6800,278934.551350753,271738.749395935,36.1,AVG
367696:8786,1437:1437,05/18/23 23:49:32,STABLE BEAMS,6800,279047.713527684,271835.582806084,36.1,AVG
367696:8786,1438:1438,05/18/23 23:49:55,STABLE BEAMS,6800,278275.702484729,271157.363320507,36.0,AVG
367696:8786,1439:1439,05/18/23 23:50:19,STABLE BEAMS,6800,278273.905223664,271146.357339278,36.0,AVG
367696:8786,1440:1440,05/18/23 23:50:42,STABLE BEAMS,6800,279521.258017753,272258.422761611,36.1,AVG
367696:8786,1441:1441,05/18/23 23:51:05,STABLE BEAMS,6800,278676.652546660,271456.428212820,36.0,AVG
367696:8786,1442:1442,05/18/23 23:51:29,STABLE BEAMS,6800,278213.010475534,271063.778424023,36.0,AVG
367696:8786,1443:1443,05/18/23 23:51:52,STABLE BEAMS,6800,277907.100790895,270807.728097017,35.9,AVG
367696:8786,1444:1444,05/18/23 23:52:15,STABLE BEAMS,6800,277759.746363244,270632.341555165,35.9,AVG
367696:8786,1445:1445,05/18/23 23:52:39,STABLE BEAMS,6800,278106.153864338,270921.680266909,35.9,AVG
367696:8786,1446:1446,05/18/23 23:53:02,STABLE BEAMS,6800,277718.497939703,270634.007145301,35.9,AVG
367696:8786,1447:1447,05/18/23 23:53:25,STABLE BEAMS,6800,277382.494039302,267168.333888093,35.9,AVG
367696:8786,1448:1448,05/18/23 23:53:49,STABLE BEAMS,6800,276831.278033416,269796.930230920,35.8,AVG
367696:8786,1449:1449,05/18/23 23:54:12,STABLE BEAMS,6800,276582.938979814,269437.387856956,35.8,AVG
367696:8786,1450:1450,05/18/23 23:54:35,STABLE BEAMS,6800,275949.587443922,269021.034854270,35.7,AVG
367696:8786,1451:1451,05/18/23 23:54:58,STABLE BEAMS,6800,275454.438523823,268577.336906587,35.6,AVG
367696:8786,1452:1452,05/18/23 23:55:22,STABLE BEAMS,6800,274957.308187504,267903.776888562,35.5,AVG
367696:8786,1453:1453,05/18/23 23:55:45,STABLE BEAMS,6800,275029.881635941,268129.872779028,35.5,AVG
367696:8786,1454:1454,05/18/23 23:56:08,STABLE BEAMS,6800,274788.738619833,226326.842245569,35.5,AVG
367696:8786,1455:1455,05/18/23 23:56:32,STABLE BEAMS,6800,274815.168381128,267988.487009375,35.5,AVG
367696:8786,1456:1456,05/18/23 23:56:55,STABLE BEAMS,6800,274580.944004244,267714.970342173,35.5,AVG
367696:8786,1457:1457,05/18/23 23:57:18,STABLE BEAMS,6800,274550.281005473,267724.510427756,35.5,AVG
367696:8786,1458:1458,05/18/23 23:57:42,STABLE BEAMS,6800,274275.446920395,267464.703120639,35.5,AVG
367696:8786,1459:1459,05/18/23 23:58:05,STABLE BEAMS,6800,274010.876571335,267214.735998938,35.4,AVG
367696:8786,1460:1460,05/18/23 23:58:28,STABLE BEAMS,6800,273552.537702445,266832.255395128,35.4,AVG
367696:8786,1461:1461,05/18/23 23:58:52,STABLE BEAMS,6800,273374.566897580,266620.490183705,35.3,AVG
367696:8786,1462:1462,05/18/23 23:59:15,STABLE BEAMS,6800,273854.281750866,267055.312287696,35.4,AVG
367696:8786,1463:1463,05/18/23 23:59:38,STABLE BEAMS,6800,273993.554331418,267204.411621262,35.4,AVG
367696:8786,1464:1464,05/19/23 00:00:01,STABLE BEAMS,6800,273778.885367085,266922.603643798,35.4,AVG
367696:8786,1465:1465,05/19/23 00:00:25,STABLE BEAMS,6800,273638.701335072,266874.572807768,35.4,AVG
367696:8786,1466:1466,05/19/23 00:00:48,STABLE BEAMS,6800,273449.849058544,266689.303403080,35.3,AVG
367696:8786,1467:1467,05/19/23 00:01:11,STABLE BEAMS,6800,273389.728228279,266528.457716513,35.3,AVG
367696:8786,1468:1468,05/19/23 00:01:35,STABLE BEAMS,6800,273190.446709201,266474.100992527,35.3,AVG
367696:8786,1469:1469,05/19/23 00:01:58,STABLE BEAMS,6800,273038.677219997,266342.269954136,35.3,AVG
367696:8786,1470:1470,05/19/23 00:02:21,STABLE BEAMS,6800,272945.979576000,266270.740013975,35.3,AVG
367696:8786,1471:1471,05/19/23 00:02:45,STABLE BEAMS,6800,273359.906748632,266657.614593723,35.3,AVG
367696:8786,1472:1472,05/19/23 00:03:08,STABLE BEAMS,6800,273283.759757765,266553.629082378,35.3,AVG
367696:8786,1473:1473,05/19/23 00:03:31,STABLE BEAMS,6800,273238.003029555,266568.817584245,35.3,AVG
367696:8786,1474:1474,05/19/23 00:03:55,STABLE BEAMS,6800,273085.049352774,266425.912752490,35.3,AVG
367696:8786,1475:1475,05/19/23 00:04:18,STABLE BEAMS,6800,273021.147514146,266271.249015012,35.3,AVG
367696:8786,1476:1476,05/19/23 00:04:41,STABLE BEAMS,6800,273150.450074496,266507.303212328,35.3,AVG
367696:8786,1477:1477,05/19/23 00:05:05,STABLE BEAMS,6800,272834.297633539,266220.950729372,35.3,AVG
367696:8786,1478:1478,05/19/23 00:05:28,STABLE BEAMS,6800,272594.520629084,266000.223762439,35.2,AVG
367696:8786,1479:1479,05/19/23 00:05:51,STABLE BEAMS,6800,272656.986523723,265965.718561057,35.2,AVG
367696:8786,1480:1480,05/19/23 00:06:14,STABLE BEAMS,6800,272615.896613479,265996.441274078,35.2,AVG
367696:8786,1481:1481,05/19/23 00:06:38,STABLE BEAMS,6800,271965.038682516,265416.278372353,35.2,AVG
367696:8786,1482:1482,05/19/23 00:07:01,STABLE BEAMS,6800,271876.620897554,265294.691378087,35.1,AVG
367696:8786,1483:1483,05/19/23 00:07:24,STABLE BEAMS,6800,272110.435004726,265496.615778871,35.2,AVG
367696:8786,1484:1484,05/19/23 00:07:48,STABLE BEAMS,6800,271900.568060878,265316.910154560,35.1,AVG
367696:8786,1485:1485,05/19/23 00:08:11,STABLE BEAMS,6800,271839.083550039,265200.562835032,35.1,AVG
367696:8786,1486:1486,05/19/23 00:08:34,STABLE BEAMS,6800,271565.363720199,265000.977339461,35.1,AVG
367696:8786,1487:1487,05/19/23 00:08:58,STABLE BEAMS,6800,271646.221819513,265067.102883563,35.1,AVG
367696:8786,1488:1488,05/19/23 00:09:21,STABLE BEAMS,6800,271577.450359140,264986.849910651,35.1,AVG
367696:8786,1489:1489,05/19/23 00:09:44,STABLE BEAMS,6800,271718.317396980,265146.508256230,35.1,AVG
367696:8786,1490:1490,05/19/23 00:10:08,STABLE BEAMS,6800,271432.737042756,264791.259896145,35.1,AVG
367696:8786,1491:1491,05/19/23 00:10:31,STABLE BEAMS,6800,271219.002840663,264633.854840672,35.1,AVG
367696:8786,1492:1492,05/19/23 00:10:54,STABLE BEAMS,6800,271328.477252347,264757.146380113,35.1,AVG
367696:8786,1493:1493,05/19/23 00:11:17,STABLE BEAMS,6800,271351.172626837,264426.685788707,35.1,AVG
367696:8786,1494:1494,05/19/23 00:11:41,STABLE BEAMS,6800,271042.533249970,264532.292687762,35.0,AVG
367696:8786,1495:1495,05/19/23 00:12:04,STABLE BEAMS,6800,270904.442525917,264389.623344653,35.0,AVG
367696:8786,1496:1496,05/19/23 00:12:27,STABLE BEAMS,6800,270952.134048789,264465.344955410,35.0,AVG
367696:8786,1497:1497,05/19/23 00:12:51,STABLE BEAMS,6800,270668.124841074,264186.789045810,35.0,AVG
367696:8786,1498:1498,05/19/23 00:13:14,STABLE BEAMS,6800,270366.951906739,98665.536541580,34.9,AVG
367696:8786,1499:1499,05/19/23 00:13:37,STABLE BEAMS,6800,270344.687781662,263894.127547814,34.9,AVG
367696:8786,1500:1500,05/19/23 00:14:01,STABLE BEAMS,6800,270793.877169773,264278.723336588,35.0,AVG
367696:8786,1501:1501,05/19/23 00:14:24,STABLE BEAMS,6800,270505.541481465,264052.482957276,35.0,AVG
367696:8786,1502:1502,05/19/23 00:14:47,STABLE BEAMS,6800,269840.319448446,263403.375932423,34.9,AVG
367696:8786,1503:1503,05/19/23 00:15:11,STABLE BEAMS,6800,270028.034158956,263562.917519175,34.9,AVG
367696:8786,1504:1504,05/19/23 00:15:34,STABLE BEAMS,6800,270591.341465939,264088.087004376,35.0,AVG
367696:8786,1505:1505,05/19/23 00:15:57,STABLE BEAMS,6800,270357.550669546,263858.315662728,34.9,AVG
367696:8786,1506:1506,05/19/23 00:16:21,STABLE BEAMS,6800,270207.009658397,263746.955728818,34.9,AVG
367696:8786,1507:1507,05/19/23 00:16:44,STABLE BEAMS,6800,270250.330410196,263807.228071408,34.9,AVG
367696:8786,1508:1508,05/19/23 00:17:07,STABLE BEAMS,6800,270284.179992465,260034.342853131,34.9,AVG
367696:8786,1509:1509,05/19/23 00:17:30,STABLE BEAMS,6800,270133.184421125,263678.128795345,34.9,AVG
367696:8786,1510:1510,05/19/23 00:17:54,STABLE BEAMS,6800,270071.788491246,263626.951486199,34.9,AVG
367696:8786,1511:1511,05/19/23 00:18:17,STABLE BEAMS,6800,269869.730658382,263265.904841963,34.9,AVG
367696:8786,1512:1512,05/19/23 00:18:40,STABLE BEAMS,6800,270230.252836195,263758.676351031,34.9,AVG
367696:8786,1513:1513,05/19/23 00:19:04,STABLE BEAMS,6800,269594.462992813,263197.253392350,34.8,AVG
367696:8786,1514:1514,05/19/23 00:19:27,STABLE BEAMS,6800,268686.163149025,262345.255543937,34.7,AVG
367696:8786,1515:1515,05/19/23 00:19:50,STABLE BEAMS,6800,269033.139433128,262671.914854216,34.8,AVG
367696:8786,1516:1516,05/19/23 00:20:14,STABLE BEAMS,6800,268185.983762806,261913.448110972,34.7,AVG
367696:8786,1517:1517,05/19/23 00:20:37,STABLE BEAMS,6800,267825.484895772,261605.205039751,34.6,AVG
367696:8786,1518:1518,05/19/23 00:21:00,STABLE BEAMS,6800,267724.159932447,261014.734211042,34.6,AVG
367696:8786,1519:1519,05/19/23 00:21:24,STABLE BEAMS,6800,268481.921096164,262190.953348063,34.7,AVG
367696:8786,1520:1520,05/19/23 00:21:47,STABLE BEAMS,6800,268327.100225981,262047.338115452,34.7,AVG
367696:8786,1521:1521,05/19/23 00:22:10,STABLE BEAMS,6800,268506.574576095,262213.512255849,34.7,AVG
367696:8786,1522:1522,05/19/23 00:22:34,STABLE BEAMS,6800,268295.751890306,262022.683331911,34.7,AVG
367696:8786,1523:1523,05/19/23 00:22:57,STABLE BEAMS,6800,268483.674066749,262156.222182625,34.7,AVG
367696:8786,1524:1524,05/19/23 00:23:20,STABLE BEAMS,6800,268454.125323217,262192.930402929,34.7,AVG
367696:8786,1525:1525,05/19/23 00:23:43,STABLE BEAMS,6800,268371.558543798,262083.002301310,34.7,AVG
367696:8786,1526:1526,05/19/23 00:24:07,STABLE BEAMS,6800,268728.595760142,262411.335647580,34.7,AVG
367696:8786,1527:1527,05/19/23 00:24:30,STABLE BEAMS,6800,269059.273147529,262757.795597819,34.8,AVG
367696:8786,1528:1528,05/19/23 00:24:53,STABLE BEAMS,6800,268256.347349389,261880.291984836,34.7,AVG
367696:8786,1529:1529,05/19/23 00:25:17,STABLE BEAMS,6800,267983.538971010,156143.389846643,34.6,AVG
367696:8786,1530:1530,05/19/23 00:25:40,STABLE BEAMS,6800,268392.547569261,262159.141629220,34.7,AVG
367696:8786,1531:1531,05/19/23 00:26:03,STABLE BEAMS,6800,268231.966605573,261954.570343827,34.7,AVG
367696:8786,1532:1532,05/19/23 00:26:27,STABLE BEAMS,6800,267885.992684970,261631.328672885,34.6,AVG
367696:8786,1533:1533,05/19/23 00:26:50,STABLE BEAMS,6800,267775.814287758,261571.300563908,34.6,AVG
367696:8786,1534:1534,05/19/23 00:27:13,STABLE BEAMS,6800,268141.865782363,261891.458887593,34.7,AVG
367696:8786,1535:1535,05/19/23 00:27:37,STABLE BEAMS,6800,267835.548159091,261560.924784521,34.6,AVG
367696:8786,1536:1536,05/19/23 00:28:00,STABLE BEAMS,6800,267843.674296670,261561.342660043,34.6,AVG
367696:8786,1537:1537,05/19/23 00:28:23,STABLE BEAMS,6800,267769.620613763,261535.551242057,34.6,AVG
367696:8786,1538:1538,05/19/23 00:28:46,STABLE BEAMS,6800,267497.471930432,260957.917979807,34.6,AVG
367696:8786,1539:1539,05/19/23 00:29:10,STABLE BEAMS,6800,267443.430551345,261209.996163557,34.6,AVG
367696:8786,1540:1540,05/19/23 00:29:33,STABLE BEAMS,6800,267010.633303067,260860.704563362,34.5,AVG
367696:8786,1541:1541,05/19/23 00:29:56,STABLE BEAMS,6800,266957.181686690,260738.946131570,34.5,AVG
367696:8786,1542:1542,05/19/23 00:30:20,STABLE BEAMS,6800,266748.659774794,260582.648308383,34.5,AVG
367696:8786,1543:1543,05/19/23 00:30:43,STABLE BEAMS,6800,266396.471200494,260015.906223337,34.4,AVG
367696:8786,1544:1544,05/19/23 00:31:06,STABLE BEAMS,6800,265965.494524060,259842.046604764,34.4,AVG
367696:8786,1545:1545,05/19/23 00:31:30,STABLE BEAMS,6800,266182.280107132,260057.358763932,34.4,AVG
367696:8786,1546:1546,05/19/23 00:31:53,STABLE BEAMS,6800,265978.993796212,259839.243754808,34.4,AVG
367696:8786,1547:1547,05/19/23 00:32:16,STABLE BEAMS,6800,265691.434356847,259597.685680960,34.3,AVG
367696:8786,1548:1548,05/19/23 00:32:40,STABLE BEAMS,6800,265147.204591444,259050.228381865,34.3,AVG
367696:8786,1549:1549,05/19/23 00:33:03,STABLE BEAMS,6800,265590.041792262,259476.624237721,34.3,AVG
367696:8786,1550:1550,05/19/23 00:33:26,STABLE BEAMS,6800,265540.688210843,259466.772459351,34.3,AVG
367696:8786,1551:1551,05/19/23 00:33:50,STABLE BEAMS,6800,265391.991082318,259340.407482682,34.3,AVG
367696:8786,1552:1552,05/19/23 00:34:13,STABLE BEAMS,6800,265187.951833235,259144.880079037,34.3,AVG
367696:8786,1553:1553,05/19/23 00:34:36,STABLE BEAMS,6800,265294.969288806,259253.739659613,34.3,AVG
367696:8786,1554:1554,05/19/23 00:34:59,STABLE BEAMS,6800,265106.182282460,259065.714086108,34.3,AVG
367696:8786,1555:1555,05/19/23 00:35:23,STABLE BEAMS,6800,264779.558639551,258801.551428014,34.2,AVG
367696:8786,1556:1556,05/19/23 00:35:46,STABLE BEAMS,6800,264385.005055394,258434.870742517,34.2,AVG
367696:8786,1557:1557,05/19/23 00:36:09,STABLE BEAMS,6800,264522.753110995,258566.778244371,34.2,AVG
367696:8786,1558:1558,05/19/23 00:36:33,STABLE BEAMS,6800,264433.470496130,258463.037152417,34.2,AVG
367696:8786,1559:1559,05/19/23 00:36:56,STABLE BEAMS,6800,264055.262430247,258102.603652517,34.1,AVG
367696:8786,1560:1560,05/19/23 00:37:19,STABLE BEAMS,6800,263932.426280008,257657.751860325,34.1,AVG
367696:8786,1561:1561,05/19/23 00:37:43,STABLE BEAMS,6800,264092.186704273,258097.921601940,34.1,AVG
367696:8786,1562:1562,05/19/23 00:38:06,STABLE BEAMS,6800,264201.728717216,258222.926634949,34.1,AVG
367696:8786,1563:1563,05/19/23 00:38:29,STABLE BEAMS,6800,264057.675095880,258070.069400495,34.1,AVG
367696:8786,1564:1564,05/19/23 00:38:53,STABLE BEAMS,6800,263708.218544885,257727.174827053,34.1,AVG
367696:8786,1565:1565,05/19/23 00:39:16,STABLE BEAMS,6800,263540.833164791,257558.317682180,34.1,AVG
367696:8786,1566:1566,05/19/23 00:39:39,STABLE BEAMS,6800,263731.871992394,257803.822092711,34.1,AVG
367696:8786,1567:1567,05/19/23 00:40:03,STABLE BEAMS,6800,263680.627906794,257719.649892816,34.1,AVG
367696:8786,1568:1568,05/19/23 00:40:26,STABLE BEAMS,6800,263313.529758209,257375.246645172,34.0,AVG
367696:8786,1569:1569,05/19/23 00:40:49,STABLE BEAMS,6800,263409.481586962,257502.684009975,34.0,AVG
367696:8786,1570:1570,05/19/23 00:41:12,STABLE BEAMS,6800,263453.189297693,257475.020308216,34.1,AVG
367696:8786,1571:1571,05/19/23 00:41:36,STABLE BEAMS,6800,263537.075467207,257598.056879076,34.1,AVG
367696:8786,1572:1572,05/19/23 00:41:59,STABLE BEAMS,6800,263720.284204125,257774.347253911,34.1,AVG
367696:8786,1573:1573,05/19/23 00:42:22,STABLE BEAMS,6800,263354.391222817,257423.937757462,34.0,AVG
367696:8786,1574:1574,05/19/23 00:42:46,STABLE BEAMS,6800,263489.111208220,257231.121214282,34.1,AVG
367696:8786,1575:1575,05/19/23 00:43:09,STABLE BEAMS,6800,263435.477767766,257419.179000944,34.1,AVG
367696:8786,1576:1576,05/19/23 00:43:32,STABLE BEAMS,6800,263202.642713314,257328.688114946,34.0,AVG
367696:8786,1577:1577,05/19/23 00:43:56,STABLE BEAMS,6800,263252.611699300,257355.343971051,34.0,AVG
367696:8786,1578:1578,05/19/23 00:44:19,STABLE BEAMS,6800,263035.234022441,257154.751256650,34.0,AVG
367696:8786,1579:1579,05/19/23 00:44:42,STABLE BEAMS,6800,262996.239751235,257112.158209733,34.0,AVG
367696:8786,1580:1580,05/19/23 00:45:06,STABLE BEAMS,6800,262619.509588744,255965.310344307,33.9,AVG
367696:8786,1581:1581,05/19/23 00:45:29,STABLE BEAMS,6800,262577.850895491,256692.446411355,33.9,AVG
367696:8786,1582:1582,05/19/23 00:45:52,STABLE BEAMS,6800,262688.509494751,256819.322646975,34.0,AVG
367696:8786,1583:1583,05/19/23 00:46:16,STABLE BEAMS,6800,262380.937751566,256539.054457192,33.9,AVG
367696:8786,1584:1584,05/19/23 00:46:39,STABLE BEAMS,6800,261808.504274582,255981.412837848,33.8,AVG
367696:8786,1585:1585,05/19/23 00:47:02,STABLE BEAMS,6800,261880.940189423,255997.472208413,33.8,AVG
367696:8786,1586:1586,05/19/23 00:47:25,STABLE BEAMS,6800,262020.874796101,256180.277053150,33.9,AVG
367696:8786,1587:1587,05/19/23 00:47:49,STABLE BEAMS,6800,262021.965740560,256169.923688267,33.9,AVG
367696:8786,1588:1588,05/19/23 00:48:12,STABLE BEAMS,6800,261651.520164103,255307.036935518,33.8,AVG
367696:8786,1589:1589,05/19/23 00:48:35,STABLE BEAMS,6800,261396.514227690,255657.913988358,33.8,AVG
367696:8786,1590:1590,05/19/23 00:48:59,STABLE BEAMS,6800,261250.162163539,254995.763997801,33.8,AVG
367696:8786,1591:1591,05/19/23 00:49:22,STABLE BEAMS,6800,261488.913493715,255716.180140692,33.8,AVG
367696:8786,1592:1592,05/19/23 00:49:45,STABLE BEAMS,6800,261577.809149648,255530.115344489,33.8,AVG
367696:8786,1593:1593,05/19/23 00:50:09,STABLE BEAMS,6800,261346.682775301,255584.732552515,33.8,AVG
367696:8786,1594:1594,05/19/23 00:50:32,STABLE BEAMS,6800,260823.099366909,255122.861442914,33.7,AVG
367696:8786,1595:1595,05/19/23 00:50:55,STABLE BEAMS,6800,260973.915445250,255224.054993870,33.7,AVG
367696:8786,1596:1596,05/19/23 00:51:19,STABLE BEAMS,6800,260679.138988688,254955.022397572,33.7,AVG
367696:8786,1597:1597,05/19/23 00:51:42,STABLE BEAMS,6800,259942.958944221,254284.925397099,33.6,AVG
367696:8786,1598:1598,05/19/23 00:52:05,STABLE BEAMS,6800,259920.673839443,254267.251210596,33.6,AVG
367696:8786,1599:1599,05/19/23 00:52:28,STABLE BEAMS,6800,260665.707317796,254953.572795155,33.7,AVG
367696:8786,1600:1600,05/19/23 00:52:52,STABLE BEAMS,6800,260744.516399631,254999.242417598,33.7,AVG
367696:8786,1601:1601,05/19/23 00:53:15,STABLE BEAMS,6800,260891.392956311,255139.867375267,33.7,AVG
367696:8786,1602:1602,05/19/23 00:53:38,STABLE BEAMS,6800,260924.606154311,255202.788143724,33.7,AVG
367696:8786,1603:1603,05/19/23 00:54:02,STABLE BEAMS,6800,260927.179664319,255157.163998004,33.7,AVG
367696:8786,1604:1604,05/19/23 00:54:25,STABLE BEAMS,6800,260719.772007662,255000.003592652,33.7,AVG
367696:8786,1605:1605,05/19/23 00:54:48,STABLE BEAMS,6800,260752.735780326,255024.083623904,33.7,AVG
367696:8786,1606:1606,05/19/23 00:55:12,STABLE BEAMS,6800,260345.911402073,254643.935374148,33.7,AVG
367696:8786,1607:1607,05/19/23 00:55:35,STABLE BEAMS,6800,260100.535148489,250742.548802403,33.6,AVG
367696:8786,1608:1608,05/19/23 00:55:58,STABLE BEAMS,6800,260253.829162643,254543.382090556,33.6,AVG
367696:8786,1609:1609,05/19/23 00:56:22,STABLE BEAMS,6800,260450.560482492,254732.322275260,33.7,AVG
367696:8786,1610:1610,05/19/23 00:56:45,STABLE BEAMS,6800,260092.180565275,254392.965824190,33.6,AVG
367696:8786,1611:1611,05/19/23 00:57:08,STABLE BEAMS,6800,260140.646006011,254468.910217001,33.6,AVG
367696:8786,1612:1612,05/19/23 00:57:31,STABLE BEAMS,6800,260070.667047283,251515.076957104,33.6,AVG
367696:8786,1613:1613,05/19/23 00:57:55,STABLE BEAMS,6800,260082.641794485,251777.298214476,33.6,AVG
367696:8786,1614:1614,05/19/23 00:58:18,STABLE BEAMS,6800,260105.724127907,251846.768311342,33.6,AVG
367696:8786,1615:1615,05/19/23 00:58:41,STABLE BEAMS,6800,260032.696119278,251787.892704123,33.6,AVG
367696:8786,1616:1616,05/19/23 00:59:05,STABLE BEAMS,6800,259926.408291091,251466.464174219,33.6,AVG
367696:8786,1617:1617,05/19/23 00:59:28,STABLE BEAMS,6800,259898.339782029,251267.007956097,33.6,AVG
367696:8786,1618:1618,05/19/23 00:59:51,STABLE BEAMS,6800,259804.709706870,198949.817280088,33.6,AVG
367696:8786,1619:1619,05/19/23 01:00:15,STABLE BEAMS,6800,259762.071960897,189040.950651346,33.6,AVG
367696:8786,1620:1620,05/19/23 01:00:38,STABLE BEAMS,6800,259663.980202627,251500.159881365,33.6,AVG
367696:8786,1621:1621,05/19/23 01:01:01,STABLE BEAMS,6800,259383.113287928,251244.162646138,33.5,AVG
367696:8786,1622:1622,05/19/23 01:01:25,STABLE BEAMS,6800,259291.077670057,251171.766172357,33.5,AVG
367696:8786,1623:1623,05/19/23 01:01:48,STABLE BEAMS,6800,259190.913583528,247502.558257865,33.5,AVG
367696:8786,1624:1624,05/19/23 01:02:11,STABLE BEAMS,6800,259124.463876749,251052.661007170,33.5,AVG
367696:8786,1625:1625,05/19/23 01:02:35,STABLE BEAMS,6800,258898.344657743,250833.497701460,33.5,AVG
367696:8786,1626:1626,05/19/23 01:02:58,STABLE BEAMS,6800,258722.443850060,250610.659173783,33.4,AVG
367696:8786,1627:1627,05/19/23 01:03:21,STABLE BEAMS,6800,258752.994957091,250631.818972020,33.4,AVG
367696:8786,1628:1628,05/19/23 01:03:45,STABLE BEAMS,6800,258888.442238800,250819.248909041,33.5,AVG
367696:8786,1629:1629,05/19/23 01:04:08,STABLE BEAMS,6800,258615.519637605,250491.879831482,33.4,AVG
367696:8786,1630:1630,05/19/23 01:04:31,STABLE BEAMS,6800,258252.267767564,250282.388899729,33.4,AVG
367696:8786,1631:1631,05/19/23 01:04:54,STABLE BEAMS,6800,258472.468379767,193370.251220040,33.4,AVG
367696:8786,1632:1632,05/19/23 01:05:18,STABLE BEAMS,6800,258532.724412551,250608.595012772,33.4,AVG
367696:8786,1633:1633,05/19/23 01:05:41,STABLE BEAMS,6800,258135.259312089,250241.796819920,33.4,AVG
367696:8786,1634:1634,05/19/23 01:06:04,STABLE BEAMS,6800,258142.746734322,250282.157911237,33.4,AVG
367696:8786,1635:1635,05/19/23 01:06:28,STABLE BEAMS,6800,258258.526711741,250397.771932268,33.4,AVG
367696:8786,1636:1636,05/19/23 01:06:51,STABLE BEAMS,6800,258013.171437858,250177.402061317,33.4,AVG
367696:8786,1637:1637,05/19/23 01:07:14,STABLE BEAMS,6800,258391.631260155,250516.257378611,33.4,AVG
367696:8786,1638:1638,05/19/23 01:07:38,STABLE BEAMS,6800,258147.665308703,250321.902829715,33.4,AVG
367696:8786,1639:1639,05/19/23 01:08:01,STABLE BEAMS,6800,257622.126125948,249838.642028274,33.3,AVG
367696:8786,1640:1640,05/19/23 01:08:24,STABLE BEAMS,6800,256995.579006462,217560.079251804,33.2,AVG
367696:8786,1641:1641,05/19/23 01:08:48,STABLE BEAMS,6800,256146.078271767,144911.316188549,33.1,AVG
367696:8786,1642:1642,05/19/23 01:09:11,STABLE BEAMS,6800,255004.306989259,247567.891126171,33.0,AVG
367696:8786,1643:1643,05/19/23 01:09:34,STABLE BEAMS,6800,254261.982223432,246912.770598849,32.9,AVG
367696:8786,1644:1644,05/19/23 01:09:57,STABLE BEAMS,6800,253401.714239891,245833.713820086,32.8,AVG
367696:8786,1645:1645,05/19/23 01:10:21,STABLE BEAMS,6800,253017.608546906,245298.363907591,32.7,AVG
367696:8786,1646:1646,05/19/23 01:10:44,STABLE BEAMS,6800,252783.295589062,245634.391116149,32.7,AVG
367696:8786,1647:1647,05/19/23 01:11:07,STABLE BEAMS,6800,252203.234825171,245040.301195817,32.6,AVG
367696:8786,1648:1648,05/19/23 01:11:31,STABLE BEAMS,6800,252137.878393930,244986.675229777,32.6,AVG
367696:8786,1649:1649,05/19/23 01:11:54,STABLE BEAMS,6800,252028.905163996,244873.566152249,32.6,AVG
367696:8786,1650:1650,05/19/23 01:12:17,STABLE BEAMS,6800,251459.702560990,244193.796005587,32.5,AVG
367696:8786,1651:1651,05/19/23 01:12:41,STABLE BEAMS,6800,251402.427976848,243858.905073478,32.5,AVG
367696:8786,1652:1652,05/19/23 01:13:04,STABLE BEAMS,6800,251892.271363633,244713.176942603,32.6,AVG
367696:8786,1653:1653,05/19/23 01:13:27,STABLE BEAMS,6800,251926.281790277,244224.789194213,32.6,AVG
367696:8786,1654:1654,05/19/23 01:13:51,STABLE BEAMS,6800,251869.690211961,244763.520831466,32.6,AVG
367696:8786,1655:1655,05/19/23 01:14:14,STABLE BEAMS,6800,251825.595542297,244687.728500190,32.6,AVG
367696:8786,1656:1656,05/19/23 01:14:37,STABLE BEAMS,6800,251867.093391174,244792.744393242,32.6,AVG
367696:8786,1657:1657,05/19/23 01:15:01,STABLE BEAMS,6800,251706.036887593,244612.945917445,32.5,AVG
367696:8786,1658:1658,05/19/23 01:15:24,STABLE BEAMS,6800,251547.003759635,182501.059030451,32.5,AVG
367696:8786,1659:1659,05/19/23 01:15:47,STABLE BEAMS,6800,251486.677794514,244479.980052433,32.5,AVG
367696:8786,1660:1660,05/19/23 01:16:10,STABLE BEAMS,6800,251519.685857658,244498.931953268,32.5,AVG
367696:8786,1661:1661,05/19/23 01:16:34,STABLE BEAMS,6800,251093.399309971,244109.911020800,32.5,AVG
367696:8786,1662:1662,05/19/23 01:16:57,STABLE BEAMS,6800,250902.246259550,243961.828116615,32.4,AVG
367696:8786,1663:1663,05/19/23 01:17:20,STABLE BEAMS,6800,250792.179754078,243627.659562849,32.4,AVG
367696:8786,1664:1664,05/19/23 01:17:44,STABLE BEAMS,6800,250557.001966331,243639.643924769,32.4,AVG
367696:8786,1665:1665,05/19/23 01:18:07,STABLE BEAMS,6800,250588.872463458,243620.477176178,32.4,AVG
367696:8786,1666:1666,05/19/23 01:18:30,STABLE BEAMS,6800,250447.026372898,243447.118289820,32.4,AVG
367696:8786,1667:1667,05/19/23 01:18:54,STABLE BEAMS,6800,250556.545075062,243605.592723428,32.4,AVG
367696:8786,1668:1668,05/19/23 01:19:17,STABLE BEAMS,6800,250352.531467836,243443.690951656,32.4,AVG
367696:8786,1669:1669,05/19/23 01:19:40,STABLE BEAMS,6800,250565.787798958,243625.620592498,32.4,AVG
367696:8786,1670:1670,05/19/23 01:20:04,STABLE BEAMS,6800,250416.111617713,243522.713541225,32.4,AVG
367696:8786,1671:1671,05/19/23 01:20:27,STABLE BEAMS,6800,250720.312622247,243804.162962845,32.4,AVG
367696:8786,1672:1672,05/19/23 01:20:50,STABLE BEAMS,6800,250322.323029256,243416.669839343,32.4,AVG
367696:8786,1673:1673,05/19/23 01:21:14,STABLE BEAMS,6800,250502.436094715,243581.354889347,32.4,AVG
367696:8786,1674:1674,05/19/23 01:21:37,STABLE BEAMS,6800,250534.350882322,243596.802042498,32.4,AVG
367696:8786,1675:1675,05/19/23 01:22:00,STABLE BEAMS,6800,250543.819720775,243633.163044370,32.4,AVG
367696:8786,1676:1676,05/19/23 01:22:23,STABLE BEAMS,6800,250383.355310982,243453.540530466,32.4,AVG
367696:8786,1677:1677,05/19/23 01:22:47,STABLE BEAMS,6800,250387.837973795,243466.275852551,32.4,AVG
367696:8786,1678:1678,05/19/23 01:23:10,STABLE BEAMS,6800,250015.800271128,243089.614831361,32.3,AVG
367696:8786,1679:1679,05/19/23 01:23:33,STABLE BEAMS,6800,250029.481367356,243117.319193499,32.3,AVG
367696:8786,1680:1680,05/19/23 01:23:57,STABLE BEAMS,6800,250075.100561970,243172.740925312,32.3,AVG
367696:8786,1681:1681,05/19/23 01:24:20,STABLE BEAMS,6800,249976.029750979,243093.103456090,32.3,AVG
367696:8786,1682:1682,05/19/23 01:24:43,STABLE BEAMS,6800,249858.496802976,242973.562595761,32.3,AVG
367696:8786,1683:1683,05/19/23 01:25:07,STABLE BEAMS,6800,249573.895501472,242698.243294966,32.3,AVG
367696:8786,1684:1684,05/19/23 01:25:30,STABLE BEAMS,6800,249649.520330888,242711.110847455,32.3,AVG
367696:8786,1685:1685,05/19/23 01:25:53,STABLE BEAMS,6800,249775.724888701,242890.457761071,32.3,AVG
367696:8786,1686:1686,05/19/23 01:26:17,STABLE BEAMS,6800,249599.346210047,242722.031865152,32.3,AVG
367696:8786,1687:1687,05/19/23 01:26:40,STABLE BEAMS,6800,249505.762756446,242640.780459900,32.3,AVG
367696:8786,1688:1688,05/19/23 01:27:03,STABLE BEAMS,6800,249426.816141014,242526.148603663,32.2,AVG
367696:8786,1689:1689,05/19/23 01:27:26,STABLE BEAMS,6800,249365.760548509,242525.964356803,32.2,AVG
367696:8786,1690:1690,05/19/23 01:27:50,STABLE BEAMS,6800,249149.089188255,238339.709786496,32.2,AVG
367696:8786,1691:1691,05/19/23 01:28:13,STABLE BEAMS,6800,249127.804115898,242334.952823057,32.2,AVG
367696:8786,1692:1692,05/19/23 01:28:36,STABLE BEAMS,6800,248710.601778809,241483.864655129,32.1,AVG
367696:8786,1693:1693,05/19/23 01:29:00,STABLE BEAMS,6800,248554.846146386,241800.645987254,32.1,AVG
367696:8786,1694:1694,05/19/23 01:29:23,STABLE BEAMS,6800,248698.216761896,241927.860665137,32.1,AVG
367696:8786,1695:1695,05/19/23 01:29:46,STABLE BEAMS,6800,248457.891954134,241692.470069261,32.1,AVG
367696:8786,1696:1696,05/19/23 01:30:10,STABLE BEAMS,6800,248210.510973550,241466.950241621,32.1,AVG
367696:8786,1697:1697,05/19/23 01:30:33,STABLE BEAMS,6800,248575.266388840,241823.417649598,32.1,AVG
367696:8786,1698:1698,05/19/23 01:30:56,STABLE BEAMS,6800,248515.691030805,241737.262208576,32.1,AVG
367696:8786,1699:1699,05/19/23 01:31:20,STABLE BEAMS,6800,248260.776006430,241530.283668602,32.1,AVG
367696:8786,1700:1700,05/19/23 01:31:43,STABLE BEAMS,6800,248054.848584244,241289.305118035,32.1,AVG
367696:8786,1701:1701,05/19/23 01:32:06,STABLE BEAMS,6800,248285.042527428,241219.655455148,32.1,AVG
367696:8786,1702:1702,05/19/23 01:32:30,STABLE BEAMS,6800,248198.401023830,241522.266961574,32.1,AVG
367696:8786,1703:1703,05/19/23 01:32:53,STABLE BEAMS,6800,248221.439066772,241522.916546575,32.1,AVG
367696:8786,1704:1704,05/19/23 01:33:16,STABLE BEAMS,6800,248240.584209611,241531.443805058,32.1,AVG
367696:8786,1705:1705,05/19/23 01:33:39,STABLE BEAMS,6800,248240.903567284,241504.540874232,32.1,AVG
367696:8786,1706:1706,05/19/23 01:34:03,STABLE BEAMS,6800,248057.785742405,241368.293557229,32.1,AVG
367696:8786,1707:1707,05/19/23 01:34:26,STABLE BEAMS,6800,248061.722932987,241351.928328876,32.1,AVG
367696:8786,1708:1708,05/19/23 01:34:49,STABLE BEAMS,6800,247714.315399472,241071.771833939,32.0,AVG
367696:8786,1709:1709,05/19/23 01:35:13,STABLE BEAMS,6800,247962.220872584,241329.487757994,32.1,AVG
367696:8786,1710:1710,05/19/23 01:35:36,STABLE BEAMS,6800,247758.661825549,240879.270570332,32.0,AVG
367696:8786,1711:1711,05/19/23 01:35:59,STABLE BEAMS,6800,247458.465612857,240417.630408403,32.0,AVG
367696:8786,1712:1712,05/19/23 01:36:23,STABLE BEAMS,6800,247484.189057546,240930.722794729,32.0,AVG
367696:8786,1713:1713,05/19/23 01:36:46,STABLE BEAMS,6800,247394.703638903,240194.788097072,32.0,AVG
367696:8786,1714:1714,05/19/23 01:37:09,STABLE BEAMS,6800,247053.897718017,240565.117516180,31.9,AVG
367696:8786,1715:1715,05/19/23 01:37:33,STABLE BEAMS,6800,246822.291141621,240310.667934839,31.9,AVG
367696:8786,1716:1716,05/19/23 01:37:56,STABLE BEAMS,6800,247084.537406009,240549.531358222,31.9,AVG
367696:8786,1717:1717,05/19/23 01:38:19,STABLE BEAMS,6800,247348.650863799,240589.705071501,32.0,AVG
367696:8786,1718:1718,05/19/23 01:38:42,STABLE BEAMS,6800,247108.918149824,240530.901161455,31.9,AVG
367696:8786,1719:1719,05/19/23 01:39:06,STABLE BEAMS,6800,246959.971595964,240235.824244884,31.9,AVG
367696:8786,1720:1720,05/19/23 01:39:29,STABLE BEAMS,6800,246802.418702475,240242.478382750,31.9,AVG
367696:8786,1721:1721,05/19/23 01:39:52,STABLE BEAMS,6800,246835.130718726,240283.947961702,31.9,AVG
367696:8786,1722:1722,05/19/23 01:40:16,STABLE BEAMS,6800,246591.777840763,240025.691648596,31.9,AVG
367696:8786,1723:1723,05/19/23 01:40:39,STABLE BEAMS,6800,246444.903615161,239839.499197072,31.9,AVG
367696:8786,1724:1724,05/19/23 01:41:02,STABLE BEAMS,6800,245745.055750932,239281.541961384,31.8,AVG
367696:8786,1725:1725,05/19/23 01:41:26,STABLE BEAMS,6800,245749.268008707,236582.880274804,31.8,AVG
367696:8786,1726:1726,05/19/23 01:41:49,STABLE BEAMS,6800,246148.667903831,239679.286979197,31.8,AVG
367696:8786,1727:1727,05/19/23 01:42:12,STABLE BEAMS,6800,246012.493325815,239271.308801231,31.8,AVG
367696:8786,1728:1728,05/19/23 01:42:36,STABLE BEAMS,6800,245537.375358160,239104.686184450,31.7,AVG
367696:8786,1729:1729,05/19/23 01:42:59,STABLE BEAMS,6800,245561.550967119,239137.902770172,31.7,AVG
367696:8786,1730:1730,05/19/23 01:43:22,STABLE BEAMS,6800,245749.745879678,234791.802236889,31.8,AVG
367696:8786,1731:1731,05/19/23 01:43:46,STABLE BEAMS,6800,245554.858442452,239159.568260346,31.7,AVG
367696:8786,1732:1732,05/19/23 01:44:09,STABLE BEAMS,6800,245430.996617935,239031.446015112,31.7,AVG
367696:8786,1733:1733,05/19/23 01:44:32,STABLE BEAMS,6800,245316.605962948,238955.125407032,31.7,AVG
367696:8786,1734:1734,05/19/23 01:44:55,STABLE BEAMS,6800,245201.919261067,238078.385608902,31.7,AVG
367696:8786,1735:1735,05/19/23 01:45:19,STABLE BEAMS,6800,245323.503622470,238936.212013714,31.7,AVG
367696:8786,1736:1736,05/19/23 01:45:42,STABLE BEAMS,6800,245323.755378884,238944.274751201,31.7,AVG
367696:8786,1737:1737,05/19/23 01:46:05,STABLE BEAMS,6800,245333.974824423,238953.052659267,31.7,AVG
367696:8786,1738:1738,05/19/23 01:46:29,STABLE BEAMS,6800,245272.874941437,238895.129950041,31.7,AVG
367696:8786,1739:1739,05/19/23 01:46:52,STABLE BEAMS,6800,245197.410956397,238844.326545323,31.7,AVG
367696:8786,1740:1740,05/19/23 01:47:15,STABLE BEAMS,6800,245136.516208267,238144.604703309,31.7,AVG
367696:8786,1741:1741,05/19/23 01:47:39,STABLE BEAMS,6800,245200.506627856,238859.218147106,31.7,AVG
367696:8786,1742:1742,05/19/23 01:48:02,STABLE BEAMS,6800,245184.981649004,238811.448461070,31.7,AVG
367696:8786,1743:1743,05/19/23 01:48:25,STABLE BEAMS,6800,245024.356394836,238412.199606672,31.7,AVG
367696:8786,1744:1744,05/19/23 01:48:49,STABLE BEAMS,6800,245064.443941580,238726.406312271,31.7,AVG
367696:8786,1745:1745,05/19/23 01:49:12,STABLE BEAMS,6800,244560.849526229,238213.835044449,31.6,AVG
367696:8786,1746:1746,05/19/23 01:49:35,STABLE BEAMS,6800,244470.042386413,238187.293650836,31.6,AVG
367696:8786,1747:1747,05/19/23 01:49:58,STABLE BEAMS,6800,244040.182296296,237763.946931161,31.5,AVG
367696:8786,1748:1748,05/19/23 01:50:22,STABLE BEAMS,6800,243609.273221122,237425.252331983,31.5,AVG
367696:8786,1749:1749,05/19/23 01:50:45,STABLE BEAMS,6800,242941.137340721,236812.645224056,31.4,AVG
367696:8786,1750:1750,05/19/23 01:51:08,STABLE BEAMS,6800,243512.890142956,237245.462668236,31.5,AVG
367696:8786,1751:1751,05/19/23 01:51:32,STABLE BEAMS,6800,243485.777375835,237280.421326981,31.5,AVG
367696:8786,1752:1752,05/19/23 01:51:55,STABLE BEAMS,6800,243492.197164388,236382.879295070,31.5,AVG
367696:8786,1753:1753,05/19/23 01:52:18,STABLE BEAMS,6800,243285.472513557,237161.688901434,31.4,AVG
367696:8786,1754:1754,05/19/23 01:52:42,STABLE BEAMS,6800,243470.751247655,221910.441781688,31.5,AVG
367696:8786,1755:1755,05/19/23 01:53:05,STABLE BEAMS,6800,243793.141653087,151321.451743233,31.5,AVG
367696:8786,1756:1756,05/19/23 01:53:28,STABLE BEAMS,6800,243923.763603531,237690.201938736,31.5,AVG
367696:8786,1757:1757,05/19/23 01:53:52,STABLE BEAMS,6800,243451.403301038,126902.187902088,31.5,AVG
367696:8786,1758:1758,05/19/23 01:54:15,STABLE BEAMS,6800,243330.728060018,236525.553238101,31.5,AVG
367696:8786,1759:1759,05/19/23 01:54:38,STABLE BEAMS,6800,243278.712387631,236781.745786151,31.4,AVG
367696:8786,1760:1760,05/19/23 01:55:02,STABLE BEAMS,6800,242657.720226794,235809.204371021,31.4,AVG
367696:8786,1761:1761,05/19/23 01:55:25,STABLE BEAMS,6800,242604.406144014,235687.307016760,31.4,AVG
367696:8786,1762:1762,05/19/23 01:55:48,STABLE BEAMS,6800,242106.047329639,236038.526186656,31.3,AVG
367696:8786,1763:1763,05/19/23 01:56:12,STABLE BEAMS,6800,242015.808972832,235375.652417883,31.3,AVG
367696:8786,1764:1764,05/19/23 01:56:35,STABLE BEAMS,6800,241662.277697659,235028.267605103,31.2,AVG
367696:8786,1765:1765,05/19/23 01:56:58,STABLE BEAMS,6800,241182.152574662,235152.170999629,31.2,AVG
367696:8786,1766:1766,05/19/23 01:57:21,STABLE BEAMS,6800,240877.040118667,234938.318681880,31.1,AVG
367696:8786,1767:1767,05/19/23 01:57:45,STABLE BEAMS,6800,241131.866562081,235127.337108683,31.2,AVG
367696:8786,1768:1768,05/19/23 01:58:08,STABLE BEAMS,6800,241458.079935278,235456.126429087,31.2,AVG
367696:8786,1769:1769,05/19/23 01:58:31,STABLE BEAMS,6800,241287.734086243,102652.219885467,31.2,AVG
367696:8786,1770:1770,05/19/23 01:58:55,STABLE BEAMS,6800,241042.264589543,234979.671993549,31.2,AVG
367696:8786,1771:1771,05/19/23 01:59:18,STABLE BEAMS,6800,241065.325943263,235070.620667670,31.2,AVG
367696:8786,1772:1772,05/19/23 01:59:41,STABLE BEAMS,6800,240929.284236689,234984.726504357,31.1,AVG
367696:8786,1773:1773,05/19/23 02:00:05,STABLE BEAMS,6800,240727.659984316,234791.122488500,31.1,AVG
367696:8786,1774:1774,05/19/23 02:00:28,STABLE BEAMS,6800,240619.325469728,234223.443223007,31.1,AVG
367696:8786,1775:1775,05/19/23 02:00:51,STABLE BEAMS,6800,241067.374960742,234955.245919034,31.2,AVG
367696:8786,1776:1776,05/19/23 02:01:15,STABLE BEAMS,6800,241107.098859333,235144.592009793,31.2,AVG
367696:8786,1777:1777,05/19/23 02:01:38,STABLE BEAMS,6800,241212.703681694,234774.391855112,31.2,AVG
367696:8786,1778:1778,05/19/23 02:02:01,STABLE BEAMS,6800,241161.823244246,235169.268702682,31.2,AVG
367696:8786,1779:1779,05/19/23 02:02:24,STABLE BEAMS,6800,241060.817638594,235099.189950131,31.2,AVG
367696:8786,1780:1780,05/19/23 02:02:48,STABLE BEAMS,6800,241053.533020139,235121.802348745,31.2,AVG
367696:8786,1781:1781,05/19/23 02:03:11,STABLE BEAMS,6800,240613.588687002,234681.713468636,31.1,AVG
367696:8786,1782:1782,05/19/23 02:03:34,STABLE BEAMS,6800,240734.786089473,234799.177277158,31.1,AVG
367696:8786,1783:1783,05/19/23 02:03:58,STABLE BEAMS,6800,240733.557611417,234811.901504779,31.1,AVG
367696:8786,1784:1784,05/19/23 02:04:21,STABLE BEAMS,6800,240547.367425858,234620.660357325,31.1,AVG
367696:8786,1785:1785,05/19/23 02:04:44,STABLE BEAMS,6800,240633.824774301,234586.837961651,31.1,AVG
367696:8786,1786:1786,05/19/23 02:05:08,STABLE BEAMS,6800,240740.546182978,234782.610962780,31.1,AVG
367696:8786,1787:1787,05/19/23 02:05:31,STABLE BEAMS,6800,240740.250136084,234683.642982550,31.1,AVG
367696:8786,1788:1788,05/19/23 02:05:54,STABLE BEAMS,6800,240739.294394143,234775.670212112,31.1,AVG
367696:8786,1789:1789,05/19/23 02:06:18,STABLE BEAMS,6800,240689.234496119,234744.905538643,31.1,AVG
367696:8786,1790:1790,05/19/23 02:06:41,STABLE BEAMS,6800,240593.124154068,234671.763543714,31.1,AVG
367696:8786,1791:1791,05/19/23 02:07:04,STABLE BEAMS,6800,240417.586994537,234470.199692833,31.1,AVG
367696:8786,1792:1792,05/19/23 02:07:28,STABLE BEAMS,6800,240421.887833273,234499.237893904,31.1,AVG
367696:8786,1793:1793,05/19/23 02:07:51,STABLE BEAMS,6800,240167.201254534,234228.855303994,31.0,AVG
367696:8786,1794:1794,05/19/23 02:08:14,STABLE BEAMS,6800,240014.816360762,234132.067996673,31.0,AVG
367696:8786,1795:1795,05/19/23 02:08:37,STABLE BEAMS,6800,239961.341433606,234094.588698891,31.0,AVG
367696:8786,1796:1796,05/19/23 02:09:01,STABLE BEAMS,6800,240239.159298404,234261.768391518,31.1,AVG
367696:8786,1797:1797,05/19/23 02:09:24,STABLE BEAMS,6800,240160.690553943,234271.158083410,31.0,AVG
367696:8786,1798:1798,05/19/23 02:09:47,STABLE BEAMS,6800,239674.236554432,233841.581711656,31.0,AVG
367696:8786,1799:1799,05/19/23 02:10:11,STABLE BEAMS,6800,239572.729767030,233735.716364085,31.0,AVG
367696:8786,1800:1800,05/19/23 02:10:34,STABLE BEAMS,6800,239532.870665921,233662.023987118,31.0,AVG
367696:8786,1801:1801,05/19/23 02:10:57,STABLE BEAMS,6800,239293.820957773,233477.543742304,30.9,AVG
367696:8786,1802:1802,05/19/23 02:11:21,STABLE BEAMS,6800,239223.091391959,233411.695213157,30.9,AVG
367696:8786,1803:1803,05/19/23 02:11:44,STABLE BEAMS,6800,238990.279648286,233170.388549483,30.9,AVG
367696:8786,1804:1804,05/19/23 02:12:07,STABLE BEAMS,6800,239040.360526011,233245.486951590,30.9,AVG
367696:8786,1805:1805,05/19/23 02:12:31,STABLE BEAMS,6800,238956.040776008,233130.092137248,30.9,AVG
367696:8786,1806:1806,05/19/23 02:12:54,STABLE BEAMS,6800,238703.128147554,232954.835169296,30.9,AVG
367696:8786,1807:1807,05/19/23 02:13:17,STABLE BEAMS,6800,238815.607318658,233079.346870335,30.9,AVG
367696:8786,1808:1808,05/19/23 02:13:40,STABLE BEAMS,6800,238533.488615125,232782.783300140,30.8,AVG
367696:8786,1809:1809,05/19/23 02:14:04,STABLE BEAMS,6800,238514.730431218,232749.827583983,30.8,AVG
367696:8786,1810:1810,05/19/23 02:14:27,STABLE BEAMS,6800,238469.976066507,232362.962559688,30.8,AVG
367696:8786,1811:1811,05/19/23 02:14:50,STABLE BEAMS,6800,238348.139948689,232617.609913018,30.8,AVG
367696:8786,1812:1812,05/19/23 02:15:14,STABLE BEAMS,6800,238579.450478191,232845.660596085,30.8,AVG
367696:8786,1813:1813,05/19/23 02:15:37,STABLE BEAMS,6800,238336.507869940,232547.749796749,30.8,AVG
367696:8786,1814:1814,05/19/23 02:16:00,STABLE BEAMS,6800,238406.076558957,232230.289686420,30.8,AVG
367696:8786,1815:1815,05/19/23 02:16:24,STABLE BEAMS,6800,237143.149833380,230946.224713200,30.7,AVG
367696:8786,1816:1816,05/19/23 02:16:47,STABLE BEAMS,6800,236842.955951765,176079.522860567,30.6,AVG
367696:8786,1817:1817,05/19/23 02:17:10,STABLE BEAMS,6800,236488.946805621,230886.730205242,30.6,AVG
367696:8786,1818:1818,05/19/23 02:17:34,STABLE BEAMS,6800,236288.504409746,230450.204207629,30.5,AVG
367696:8786,1819:1819,05/19/23 02:17:57,STABLE BEAMS,6800,235774.688217779,230224.971146641,30.5,AVG
367696:8786,1820:1820,05/19/23 02:18:20,STABLE BEAMS,6800,235526.624231369,230036.249409815,30.4,AVG
367696:8786,1821:1821,05/19/23 02:18:44,STABLE BEAMS,6800,230028.172542349,224599.456052027,29.7,AVG
367696:8786,1822:1822,05/19/23 02:19:07,STABLE BEAMS,6800,231990.990257097,226782.009509835,30.0,AVG
367696:8786,1823:1823,05/19/23 02:19:30,STABLE BEAMS,6800,233895.666926045,228464.931310291,30.2,AVG
367696:8786,1824:1824,05/19/23 02:19:53,STABLE BEAMS,6800,222810.390519738,218187.151050764,28.8,AVG
367696:8786,1825:1825,05/19/23 02:20:17,STABLE BEAMS,6800,222783.642333201,218157.610756237,28.8,AVG
367696:8786,1826:1826,05/19/23 02:20:40,STABLE BEAMS,6800,188911.805497330,185832.540555196,24.4,AVG
367696:8786,1827:1827,05/19/23 02:21:03,STABLE BEAMS,6800,231427.297389828,226187.216287473,29.9,AVG
367696:8786,1828:1828,05/19/23 02:21:27,STABLE BEAMS,6800,220010.137729534,215598.020105925,28.4,AVG
367696:8786,1829:1829,05/19/23 02:21:50,STABLE BEAMS,6800,220592.747760223,216115.137592276,28.5,AVG
367696:8786,1830:1830,05/19/23 02:22:13,STABLE BEAMS,6800,220384.225615219,215935.998824079,28.5,AVG
367696:8786,1831:1831,05/19/23 02:22:37,STABLE BEAMS,6800,220195.713209850,215756.628581713,28.5,AVG
367696:8786,1832:1832,05/19/23 02:23:00,STABLE BEAMS,6800,220124.073591222,215689.362741212,28.5,AVG
367696:8786,1833:1833,05/19/23 02:23:23,STABLE BEAMS,6800,220142.011935029,215289.745306788,28.5,AVG
367696:8786,1834:1834,05/19/23 02:23:47,STABLE BEAMS,6800,220630.468330461,216170.835396434,28.5,AVG
367696:8786,1835:1835,05/19/23 02:24:10,STABLE BEAMS,6800,221025.681842774,216551.791962523,28.6,AVG
367696:8786,1836:1836,05/19/23 02:24:33,STABLE BEAMS,6800,221133.607952513,215839.789918059,28.6,AVG
367696:8786,1837:1837,05/19/23 02:24:56,STABLE BEAMS,6800,218241.364068026,213931.107494147,28.2,AVG
367696:8786,1838:1838,05/19/23 02:25:20,STABLE BEAMS,6800,214408.971754756,210285.304400004,27.7,AVG
367696:8786,1839:1839,05/19/23 02:25:43,STABLE BEAMS,6800,227510.130300148,222548.794001174,29.4,AVG
367696:8786,1840:1840,05/19/23 02:26:06,STABLE BEAMS,6800,214709.394082005,210538.358334314,27.8,AVG
367696:8786,1841:1841,05/19/23 02:26:30,STABLE BEAMS,6800,227259.972073348,221906.000865936,29.4,AVG
367696:8786,1842:1842,05/19/23 02:26:53,STABLE BEAMS,6800,233893.802063720,158291.841804529,30.2,AVG
367696:8786,1843:1843,05/19/23 02:27:16,STABLE BEAMS,6800,233557.569717685,213253.376713236,30.2,AVG
367696:8786,1844:1844,05/19/23 02:27:40,STABLE BEAMS,6800,232817.020533899,226837.432528113,30.1,AVG
367696:8786,1845:1845,05/19/23 02:28:03,STABLE BEAMS,6800,232675.949293635,93909.339387822,30.1,AVG
367696:8786,1846:1846,05/19/23 02:28:26,STABLE BEAMS,6800,232612.391055890,173578.429245871,30.1,AVG
367696:8786,1847:1847,05/19/23 02:28:50,STABLE BEAMS,6800,232602.625005004,188107.024249408,30.1,AVG
367696:8786,1848:1848,05/19/23 02:29:13,STABLE BEAMS,6800,232389.253984849,227040.165590511,30.0,AVG
367696:8786,1849:1849,05/19/23 02:29:36,STABLE BEAMS,6800,232411.358197982,227089.556668104,30.0,AVG
367696:8786,1850:1850,05/19/23 02:30:00,STABLE BEAMS,6800,232216.972874937,171612.106030624,30.0,AVG
367696:8786,1851:1851,05/19/23 02:30:23,STABLE BEAMS,6800,232265.256258489,117853.946640172,30.0,AVG
367696:8786,1852:1852,05/19/23 02:30:46,STABLE BEAMS,6800,232308.053217083,104146.899836035,30.0,AVG
367696:8786,1853:1853,05/19/23 02:31:09,STABLE BEAMS,6800,231989.647090007,221586.804244750,30.0,AVG
367696:8786,1854:1854,05/19/23 02:31:33,STABLE BEAMS,6800,232350.121946939,226146.640010665,30.0,AVG
367696:8786,1855:1855,05/19/23 02:31:56,STABLE BEAMS,6800,232191.135207431,226593.633923302,30.0,AVG
367696:8786,1856:1856,05/19/23 02:32:19,STABLE BEAMS,6800,232234.182756899,226978.277984959,30.0,AVG
367696:8786,1857:1857,05/19/23 02:32:43,STABLE BEAMS,6800,232060.353578150,226798.554905738,30.0,AVG
367696:8786,1858:1858,05/19/23 02:33:06,STABLE BEAMS,6800,231847.642719258,226605.996922394,30.0,AVG
367696:8786,1859:1859,05/19/23 02:33:29,STABLE BEAMS,6800,232143.261627374,226786.833601521,30.0,AVG
367696:8786,1860:1860,05/19/23 02:33:53,STABLE BEAMS,6800,231850.169374600,226608.685831369,30.0,AVG
367696:8786,1861:1861,05/19/23 02:34:16,STABLE BEAMS,6800,231787.202997535,226586.016141957,30.0,AVG
367696:8786,1862:1862,05/19/23 02:34:39,STABLE BEAMS,6800,231574.378382041,224801.902782631,29.9,AVG
367696:8786,1863:1863,05/19/23 02:35:03,STABLE BEAMS,6800,231474.260450855,225995.666753626,29.9,AVG
367696:8786,1864:1864,05/19/23 02:35:26,STABLE BEAMS,6800,231727.241612999,226506.552733696,30.0,AVG
367696:8786,1865:1865,05/19/23 02:35:49,STABLE BEAMS,6800,231684.330664696,200734.001125186,29.9,AVG
367696:8786,1866:1866,05/19/23 02:36:13,STABLE BEAMS,6800,231336.854364382,118606.299743013,29.9,AVG
367696:8786,1867:1867,05/19/23 02:36:36,STABLE BEAMS,6800,231529.350348784,121492.106547358,29.9,AVG
367696:8786,1868:1868,05/19/23 02:36:59,STABLE BEAMS,6800,231447.034160240,225320.922604124,29.9,AVG
367696:8786,1869:1869,05/19/23 02:37:22,STABLE BEAMS,6800,231533.880565586,226320.059708337,29.9,AVG
367696:8786,1870:1870,05/19/23 02:37:46,STABLE BEAMS,6800,231502.192358752,225539.885457606,29.9,AVG
367696:8786,1871:1871,05/19/23 02:38:09,STABLE BEAMS,6800,231232.388273578,140038.599882346,29.9,AVG
367696:8786,1872:1872,05/19/23 02:38:32,STABLE BEAMS,6800,231441.343066641,205596.477373967,29.9,AVG
367696:8786,1873:1873,05/19/23 02:38:56,STABLE BEAMS,6800,231076.429138054,225203.115195085,29.9,AVG
367696:8786,1874:1874,05/19/23 02:39:19,STABLE BEAMS,6800,230866.541214506,225613.321262402,29.8,AVG
367696:8786,1875:1875,05/19/23 02:39:42,STABLE BEAMS,6800,230756.725533016,225604.527219383,29.8,AVG
367696:8786,1876:1876,05/19/23 02:40:06,STABLE BEAMS,6800,230734.279816970,216326.098387591,29.8,AVG
367696:8786,1877:1877,05/19/23 02:40:29,STABLE BEAMS,6800,217359.151083972,14740.341680969,28.1,AVG
367696:8786,1878:1878,05/19/23 02:40:52,STABLE BEAMS,6800,230561.361157251,224947.900920089,29.8,AVG
367696:8786,1879:1879,05/19/23 02:41:16,STABLE BEAMS,6800,229980.549320059,224567.348333298,29.7,AVG
367696:8786,1880:1880,05/19/23 02:41:39,STABLE BEAMS,6800,229998.988612509,224662.151903481,29.7,AVG
367696:8786,1881:1881,05/19/23 02:42:02,STABLE BEAMS,6800,230386.257111996,224868.372952675,29.8,AVG
367696:8786,1882:1882,05/19/23 02:42:25,STABLE BEAMS,6800,230351.928260110,224649.219780660,29.8,AVG
367696:8786,1883:1883,05/19/23 02:42:49,STABLE BEAMS,6800,230480.296990651,225397.729324744,29.8,AVG
367696:8786,1884:1884,05/19/23 02:43:12,STABLE BEAMS,6800,230297.111564511,225209.496383946,29.8,AVG
367696:8786,1885:1885,05/19/23 02:43:35,STABLE BEAMS,6800,230290.145604406,225207.073734837,29.8,AVG
367696:8786,1886:1886,05/19/23 02:43:59,STABLE BEAMS,6800,230265.355290203,121478.007474161,29.8,AVG
367696:8786,1887:1887,05/19/23 02:44:22,STABLE BEAMS,6800,230139.058188597,208247.852533030,29.7,AVG
367696:8786,1888:1888,05/19/23 02:44:45,STABLE BEAMS,6800,230032.839360316,161638.267199202,29.7,AVG
367696:8786,1889:1889,05/19/23 02:45:09,STABLE BEAMS,6800,229897.208855884,182385.489773233,29.7,AVG
367696:8786,1890:1890,05/19/23 02:45:32,STABLE BEAMS,6800,229846.057080968,224305.796534372,29.7,AVG
367696:8786,1891:1891,05/19/23 02:45:55,STABLE BEAMS,6800,229815.757730351,224743.359676284,29.7,AVG
367696:8786,1892:1892,05/19/23 02:46:19,STABLE BEAMS,6800,229572.428629383,223824.369734854,29.7,AVG
367696:8786,1893:1893,05/19/23 02:46:42,STABLE BEAMS,6800,229674.709334650,223947.136968607,29.7,AVG
367696:8786,1894:1894,05/19/23 02:47:05,STABLE BEAMS,6800,230469.939079084,224256.010102736,29.8,AVG
367696:8786,1895:1895,05/19/23 02:47:28,STABLE BEAMS,6800,229817.419555789,223600.037403019,29.7,AVG
367696:8786,1896:1896,05/19/23 02:47:52,STABLE BEAMS,6800,229681.993953105,213364.915173317,29.7,AVG
367696:8786,1897:1897,05/19/23 02:48:15,STABLE BEAMS,6800,229630.318618092,130296.912086804,29.7,AVG
367696:8786,1898:1898,05/19/23 02:48:38,STABLE BEAMS,6800,229639.265061986,224591.568027923,29.7,AVG
367696:8786,1899:1899,05/19/23 02:49:02,STABLE BEAMS,6800,229574.363657152,223774.600359562,29.7,AVG
367696:8786,1900:1900,05/19/23 02:49:25,STABLE BEAMS,6800,229529.062421565,224215.985611571,29.7,AVG
367696:8786,1901:1901,05/19/23 02:49:48,STABLE BEAMS,6800,229589.866257656,222157.686238931,29.7,AVG
367696:8786,1902:1902,05/19/23 02:50:12,STABLE BEAMS,6800,229632.549459648,224282.347257279,29.7,AVG
367696:8786,1903:1903,05/19/23 02:50:35,STABLE BEAMS,6800,229378.817224203,222794.007588616,29.6,AVG
367696:8786,1904:1904,05/19/23 02:50:58,STABLE BEAMS,6800,229373.034985458,157976.610144832,29.6,AVG
367696:8786,1905:1905,05/19/23 02:51:22,STABLE BEAMS,6800,229222.971845280,153072.185798968,29.6,AVG
367696:8786,1906:1906,05/19/23 02:51:45,STABLE BEAMS,6800,229076.642159477,119306.356900219,29.6,AVG
367696:8786,1907:1907,05/19/23 02:52:08,STABLE BEAMS,6800,228953.236060690,33031.902790108,29.6,AVG
367696:8786,1915:1915,05/19/23 02:55:15,STABLE BEAMS,6800,228122.038250386,36453.968095925,29.5,AVG
367696:8786,1916:1916,05/19/23 02:55:38,STABLE BEAMS,6800,220573.010989811,10937.977175560,28.5,AVG
367696:8786,1917:1917,05/19/23 02:56:01,STABLE BEAMS,6800,227224.072541170,31468.916666004,29.4,AVG
367696:8786,1918:1918,05/19/23 02:56:25,STABLE BEAMS,6800,227086.211195182,67872.145157769,29.4,AVG
367696:8786,1919:1919,05/19/23 02:56:48,STABLE BEAMS,6800,226987.937146619,184809.786591287,29.3,AVG
367696:8786,1920:1920,05/19/23 02:57:11,STABLE BEAMS,6800,226870.859691238,74538.565468294,29.3,AVG
367691:8786,46:46,05/18/23 12:45:43,STABLE BEAMS,6800,5587.630664162,2739.147713766,0.7,AVG
367691:8786,47:47,05/18/23 12:46:06,STABLE BEAMS,6800,31321.252746108,30567.269790854,4.0,AVG
367691:8786,48:48,05/18/23 12:46:29,STABLE BEAMS,6800,122204.198282491,120751.254021079,15.8,AVG
367691:8786,49:49,05/18/23 12:46:52,STABLE BEAMS,6800,232842.767056259,225935.961114653,30.1,AVG
367691:8786,50:50,05/18/23 12:47:16,STABLE BEAMS,6800,187622.405186193,186183.928243813,24.3,AVG
367691:8786,51:51,05/18/23 12:47:39,STABLE BEAMS,6800,59130.864370396,58948.301055197,7.6,AVG
367691:8786,52:52,05/18/23 12:48:02,STABLE BEAMS,6800,11846.968583251,11826.420978336,1.5,AVG
367691:8786,53:53,05/18/23 12:48:26,STABLE BEAMS,6800,116476.450581495,115830.844171587,15.1,AVG
367691:8786,54:54,05/18/23 12:48:49,STABLE BEAMS,6800,53571.067102779,53401.998334278,6.9,AVG
367691:8786,55:55,05/18/23 12:49:12,STABLE BEAMS,6800,36193.060575910,36105.923143013,4.7,AVG
367691:8786,56:56,05/18/23 12:49:36,STABLE BEAMS,6800,121497.783771802,120881.519519992,15.7,AVG
367691:8786,57:57,05/18/23 12:49:59,STABLE BEAMS,6800,227006.399050524,224894.891751930,29.3,AVG
367691:8786,58:58,05/18/23 12:50:22,STABLE BEAMS,6800,211805.039315367,209994.912740449,27.4,AVG
367691:8786,59:59,05/18/23 12:50:46,STABLE BEAMS,6800,89180.165855923,88825.576836574,11.5,AVG
367691:8786,60:60,05/18/23 12:51:09,STABLE BEAMS,6800,26533.155555654,26477.005009579,3.4,AVG
367691:8786,61:61,05/18/23 12:51:32,STABLE BEAMS,6800,173417.137418476,172105.577861136,22.4,AVG
367691:8786,62:62,05/18/23 12:51:55,STABLE BEAMS,6800,252813.981898612,250155.274225600,32.7,AVG
367691:8786,63:63,05/18/23 12:52:19,STABLE BEAMS,6800,253877.718017150,250901.072681446,32.8,AVG
367691:8786,64:64,05/18/23 12:52:42,STABLE BEAMS,6800,253800.636264044,250780.001596281,32.8,AVG
367691:8786,65:65,05/18/23 12:53:05,STABLE BEAMS,6800,253743.042322228,251052.803956651,32.8,AVG
367691:8786,66:66,05/18/23 12:53:29,STABLE BEAMS,6800,252850.335058551,250174.085264638,32.7,AVG
367691:8786,67:67,05/18/23 12:53:52,STABLE BEAMS,6800,250803.767542347,247676.018812623,32.4,AVG
367691:8786,68:68,05/18/23 12:54:15,STABLE BEAMS,6800,249350.508305772,246783.068877003,32.2,AVG
367691:8786,69:69,05/18/23 12:54:39,STABLE BEAMS,6800,249839.330680435,247219.461418673,32.3,AVG
367691:8786,70:70,05/18/23 12:55:02,STABLE BEAMS,6800,251151.130785383,248174.032899307,32.5,AVG
367691:8786,71:71,05/18/23 12:55:25,STABLE BEAMS,6800,251771.962101844,249095.176303736,32.5,AVG
367691:8786,72:72,05/18/23 12:55:49,STABLE BEAMS,6800,251655.156450146,249008.174031298,32.5,AVG
367691:8786,73:73,05/18/23 12:56:12,STABLE BEAMS,6800,250994.715457912,248355.785432190,32.4,AVG
367691:8786,74:74,05/18/23 12:56:35,STABLE BEAMS,6800,250119.036718336,247539.443412606,32.3,AVG
367691:8786,75:75,05/18/23 12:56:58,STABLE BEAMS,6800,249333.116133518,246720.751622142,32.2,AVG
367691:8786,76:76,05/18/23 12:57:22,STABLE BEAMS,6800,248604.519085478,246061.704157714,32.1,AVG
367691:8786,77:77,05/18/23 12:57:45,STABLE BEAMS,6800,248227.266761536,245686.031305997,32.1,AVG
367691:8786,78:78,05/18/23 12:58:08,STABLE BEAMS,6800,247827.796934076,242379.984171442,32.0,AVG
367691:8786,79:79,05/18/23 12:58:32,STABLE BEAMS,6800,247634.730068694,239491.657690684,32.0,AVG
367691:8786,80:80,05/18/23 12:58:55,STABLE BEAMS,6800,247025.281405647,241518.197381678,31.9,AVG
367691:8786,81:81,05/18/23 12:59:18,STABLE BEAMS,6800,246735.992306475,241534.289682615,31.9,AVG
367691:8786,82:82,05/18/23 12:59:42,STABLE BEAMS,6800,247124.694885090,241905.485161426,31.9,AVG
367691:8786,83:83,05/18/23 13:00:05,STABLE BEAMS,6800,247490.699758137,193911.043419832,32.0,AVG
367691:8786,84:84,05/18/23 13:00:28,STABLE BEAMS,6800,247562.044728518,98842.075511974,32.0,AVG
367691:8786,85:85,05/18/23 13:00:52,STABLE BEAMS,6800,247419.538942910,241343.072944880,32.0,AVG
367691:8786,86:86,05/18/23 13:01:15,STABLE BEAMS,6800,247141.700098412,241856.126230193,31.9,AVG
367691:8786,87:87,05/18/23 13:01:38,STABLE BEAMS,6800,247209.856154218,241878.533958618,32.0,AVG
367691:8786,88:88,05/18/23 13:02:02,STABLE BEAMS,6800,246912.233451534,185775.435320381,31.9,AVG
367691:8786,89:89,05/18/23 13:02:25,STABLE BEAMS,6800,246702.277926726,240662.429891229,31.9,AVG
367691:8786,90:90,05/18/23 13:02:48,STABLE BEAMS,6800,246696.359319923,241106.304311237,31.9,AVG
367691:8786,91:91,05/18/23 13:03:12,STABLE BEAMS,6800,246394.389156945,241176.529746901,31.8,AVG
367691:8786,92:92,05/18/23 13:03:35,STABLE BEAMS,6800,246145.914900824,237607.547732756,31.8,AVG
367691:8786,93:93,05/18/23 13:03:58,STABLE BEAMS,6800,246148.987261504,226116.580700147,31.8,AVG
367691:8786,94:94,05/18/23 13:04:21,STABLE BEAMS,6800,254754.809389937,191291.074136245,32.9,AVG
367691:8786,95:95,05/18/23 13:04:45,STABLE BEAMS,6800,257662.940968998,251359.304878190,33.3,AVG
367691:8786,96:96,05/18/23 13:05:08,STABLE BEAMS,6800,257726.796186068,250106.301539901,33.3,AVG
367691:8786,97:97,05/18/23 13:05:31,STABLE BEAMS,6800,257609.899622333,251072.366757861,33.3,AVG
367691:8786,98:98,05/18/23 13:05:55,STABLE BEAMS,6800,257551.077202461,251458.275407999,33.3,AVG
367691:8786,99:99,05/18/23 13:06:18,STABLE BEAMS,6800,257374.745145365,251359.033086923,33.3,AVG
367691:8786,100:100,05/18/23 13:06:41,STABLE BEAMS,6800,259099.491039146,252964.226568343,33.5,AVG
367691:8786,101:101,05/18/23 13:07:05,STABLE BEAMS,6800,269521.525896223,258638.377910564,34.8,AVG
367691:8786,102:102,05/18/23 13:07:28,STABLE BEAMS,6800,271100.514150718,260807.378314890,35.0,AVG
367691:8786,103:103,05/18/23 13:07:51,STABLE BEAMS,6800,270929.916545270,263672.638057723,35.0,AVG
367691:8786,104:104,05/18/23 13:08:15,STABLE BEAMS,6800,270813.362649986,263342.368769402,35.0,AVG
367691:8786,105:105,05/18/23 13:08:38,STABLE BEAMS,6800,270629.403305983,259816.780183301,35.0,AVG
367691:8786,106:106,05/18/23 13:09:01,STABLE BEAMS,6800,270223.285244335,263202.906587108,34.9,AVG
367691:8786,107:107,05/18/23 13:09:24,STABLE BEAMS,6800,273990.980821410,266593.353251989,35.4,AVG
367691:8786,108:108,05/18/23 13:09:48,STABLE BEAMS,6800,282509.000569449,274033.674954594,36.5,AVG
367691:8786,109:109,05/18/23 13:10:11,STABLE BEAMS,6800,282486.440397478,270786.398816968,36.5,AVG
367691:8786,110:110,05/18/23 13:10:34,STABLE BEAMS,6800,282303.231660560,269964.019043312,36.5,AVG
367691:8786,111:111,05/18/23 13:10:58,STABLE BEAMS,6800,281692.461276340,273411.757965760,36.4,AVG
367691:8786,112:112,05/18/23 13:11:21,STABLE BEAMS,6800,281441.348240029,273210.295009228,36.4,AVG
367691:8786,113:113,05/18/23 13:11:44,STABLE BEAMS,6800,281632.911560161,273272.489624851,36.4,AVG
367691:8786,114:114,05/18/23 13:12:08,STABLE BEAMS,6800,292269.955718946,282198.933864219,37.8,AVG
367691:8786,115:115,05/18/23 13:12:31,STABLE BEAMS,6800,296345.768511436,234735.976949959,38.3,AVG
367691:8786,116:116,05/18/23 13:12:54,STABLE BEAMS,6800,295927.244453175,278973.041547420,38.3,AVG
367691:8786,117:117,05/18/23 13:13:18,STABLE BEAMS,6800,295656.461781497,284214.991916864,38.2,AVG
367691:8786,118:118,05/18/23 13:13:41,STABLE BEAMS,6800,295377.573951940,283134.252347907,38.2,AVG
367691:8786,119:119,05/18/23 13:14:04,STABLE BEAMS,6800,295288.724917566,284686.095106663,38.2,AVG
367691:8786,120:120,05/18/23 13:14:27,STABLE BEAMS,6800,299240.766797577,220682.667084495,38.7,AVG
367691:8786,121:121,05/18/23 13:14:51,STABLE BEAMS,6800,308822.930602787,292061.053367374,39.9,AVG
367691:8786,122:122,05/18/23 13:15:14,STABLE BEAMS,6800,309350.474512541,300734.541706571,40.0,AVG
367691:8786,123:123,05/18/23 13:15:37,STABLE BEAMS,6800,309261.238519234,301359.961701183,40.0,AVG
367691:8786,124:124,05/18/23 13:16:01,STABLE BEAMS,6800,309220.875905298,301042.933293068,40.0,AVG
367691:8786,125:125,05/18/23 13:16:24,STABLE BEAMS,6800,309032.750925076,280021.521402418,39.9,AVG
367691:8786,126:126,05/18/23 13:16:47,STABLE BEAMS,6800,308704.623736919,137167.141598858,39.9,AVG
367691:8786,127:127,05/18/23 13:17:11,STABLE BEAMS,6800,317842.404836659,308171.423583535,41.1,AVG
367691:8786,128:128,05/18/23 13:17:34,STABLE BEAMS,6800,322548.450182805,309036.898314054,41.7,AVG
367691:8786,129:129,05/18/23 13:17:57,STABLE BEAMS,6800,322171.379682940,259897.963247705,41.6,AVG
367691:8786,133:133,05/18/23 13:19:31,STABLE BEAMS,6800,324996.695057246,144459.335770184,42.0,AVG
367691:8786,134:134,05/18/23 13:19:54,STABLE BEAMS,6800,333282.926404812,316967.778067507,43.1,AVG
367691:8786,135:135,05/18/23 13:20:17,STABLE BEAMS,6800,333472.508308725,179503.155429187,43.1,AVG
367691:8786,136:136,05/18/23 13:20:41,STABLE BEAMS,6800,333671.994962658,320432.392245423,43.1,AVG
367691:8786,137:137,05/18/23 13:21:04,STABLE BEAMS,6800,333555.075088143,318647.481773030,43.1,AVG
367691:8786,138:138,05/18/23 13:21:27,STABLE BEAMS,6800,333205.982185302,247861.424163028,43.1,AVG
367691:8786,139:139,05/18/23 13:21:50,STABLE BEAMS,6800,332437.887353228,318482.753469424,43.0,AVG
367691:8786,140:140,05/18/23 13:22:14,STABLE BEAMS,6800,344196.058768588,325070.971594941,44.5,AVG
367691:8786,141:141,05/18/23 13:22:37,STABLE BEAMS,6800,346091.539801414,332584.797458125,44.7,AVG
367691:8786,142:142,05/18/23 13:23:00,STABLE BEAMS,6800,345934.373866858,323030.298082973,44.7,AVG
367691:8786,143:143,05/18/23 13:23:24,STABLE BEAMS,6800,345782.103195904,143745.769337994,44.7,AVG
367691:8786,144:144,05/18/23 13:23:47,STABLE BEAMS,6800,344717.774983578,264284.068841068,44.6,AVG
367691:8786,145:145,05/18/23 13:24:10,STABLE BEAMS,6800,342907.434240179,332664.124350491,44.3,AVG
367691:8786,146:146,05/18/23 13:24:34,STABLE BEAMS,6800,347733.425199960,337644.860596347,44.9,AVG
367691:8786,147:147,05/18/23 13:24:57,STABLE BEAMS,6800,355865.653885689,346371.731575173,46.0,AVG
367691:8786,148:148,05/18/23 13:25:20,STABLE BEAMS,6800,355349.061379935,341085.912929058,45.9,AVG
367691:8786,149:149,05/18/23 13:25:44,STABLE BEAMS,6800,354585.973703203,257679.309955149,45.8,AVG
367691:8786,150:150,05/18/23 13:26:07,STABLE BEAMS,6800,354179.242568066,343185.323690573,45.8,AVG
367691:8786,151:151,05/18/23 13:26:30,STABLE BEAMS,6800,354010.397933203,344796.545729103,45.8,AVG
367691:8786,152:152,05/18/23 13:26:53,STABLE BEAMS,6800,353910.711717645,338234.527479762,45.7,AVG
367691:8786,153:153,05/18/23 13:27:17,STABLE BEAMS,6800,361956.163697257,257870.490319277,46.8,AVG
367691:8786,154:154,05/18/23 13:27:40,STABLE BEAMS,6800,364493.852030939,318616.970030259,47.1,AVG
367691:8786,155:155,05/18/23 13:28:03,STABLE BEAMS,6800,355740.792028749,346122.972698477,46.0,AVG
367691:8786,156:156,05/18/23 13:28:27,STABLE BEAMS,6800,342201.940505262,334069.248270082,44.2,AVG
367691:8786,157:157,05/18/23 13:28:50,STABLE BEAMS,6800,316960.441511050,309768.893660248,41.0,AVG
367691:8786,158:158,05/18/23 13:29:13,STABLE BEAMS,6800,354496.670108637,339491.874415941,45.8,AVG
367691:8786,159:159,05/18/23 13:29:37,STABLE BEAMS,6800,372078.186496797,353077.392309519,48.1,AVG
367691:8786,160:160,05/18/23 13:30:00,STABLE BEAMS,6800,376195.317645165,358721.234253934,48.6,AVG
367691:8786,161:161,05/18/23 13:30:23,STABLE BEAMS,6800,395731.799512148,375042.768019710,51.2,AVG
367691:8786,162:162,05/18/23 13:30:47,STABLE BEAMS,6800,395484.348599227,369948.120726348,51.1,AVG
367691:8786,163:163,05/18/23 13:31:10,STABLE BEAMS,6800,395230.116580679,372683.041972101,51.1,AVG
367691:8786,164:164,05/18/23 13:31:33,STABLE BEAMS,6800,395040.851703362,374366.630929013,51.1,AVG
367691:8786,165:165,05/18/23 13:31:56,STABLE BEAMS,6800,394510.076919631,369635.184136977,51.0,AVG
367691:8786,166:166,05/18/23 13:32:20,STABLE BEAMS,6800,394194.197214789,378951.035223291,51.0,AVG
367691:8786,167:167,05/18/23 13:32:43,STABLE BEAMS,6800,393944.151812160,374067.263654485,50.9,AVG
367691:8786,168:168,05/18/23 13:33:06,STABLE BEAMS,6800,395171.338451288,374466.232717276,51.1,AVG
367691:8786,169:169,05/18/23 13:33:30,STABLE BEAMS,6800,406318.671881168,388878.632551109,52.5,AVG
367691:8786,170:170,05/18/23 13:33:53,STABLE BEAMS,6800,410251.090747370,391068.093493412,53.0,AVG
367691:8786,171:171,05/18/23 13:34:16,STABLE BEAMS,6800,410109.177055551,392123.036881218,53.0,AVG
367691:8786,172:172,05/18/23 13:34:40,STABLE BEAMS,6800,410170.458762613,395808.871114699,53.0,AVG
367691:8786,173:173,05/18/23 13:35:03,STABLE BEAMS,6800,409767.664818058,395680.011204630,53.0,AVG
367691:8786,174:174,05/18/23 13:35:26,STABLE BEAMS,6800,409899.881225790,395342.123885883,53.0,AVG
367691:8786,175:175,05/18/23 13:35:50,STABLE BEAMS,6800,410710.749006355,395903.133488961,53.1,AVG
367691:8786,176:176,05/18/23 13:36:13,STABLE BEAMS,6800,422236.246211638,406498.949917017,54.6,AVG
367691:8786,177:177,05/18/23 13:36:36,STABLE BEAMS,6800,428285.710403444,408896.062920062,55.4,AVG
367691:8786,178:178,05/18/23 13:37:00,STABLE BEAMS,6800,428160.687702129,410912.046735219,55.3,AVG
367691:8786,179:179,05/18/23 13:37:23,STABLE BEAMS,6800,428042.495059078,410527.582750696,55.3,AVG
367691:8786,180:180,05/18/23 13:37:46,STABLE BEAMS,6800,427934.820239537,415037.247588008,55.3,AVG
367691:8786,181:181,05/18/23 13:38:09,STABLE BEAMS,6800,427450.802216438,306662.485466989,55.3,AVG
367691:8786,182:182,05/18/23 13:38:33,STABLE BEAMS,6800,428748.284840889,415235.545368577,55.4,AVG
367691:8786,183:183,05/18/23 13:38:56,STABLE BEAMS,6800,441928.754116081,426365.396026823,57.1,AVG
367691:8786,184:184,05/18/23 13:39:19,STABLE BEAMS,6800,447125.556631551,430414.535709678,57.8,AVG
367691:8786,185:185,05/18/23 13:39:43,STABLE BEAMS,6800,416360.880904296,404579.962519752,53.8,AVG
367691:8786,186:186,05/18/23 13:40:06,STABLE BEAMS,6800,444190.309954291,427313.135576705,57.4,AVG
367691:8786,187:187,05/18/23 13:40:29,STABLE BEAMS,6800,414594.588209002,395147.914869709,53.6,AVG
367691:8786,188:188,05/18/23 13:40:53,STABLE BEAMS,6800,418800.682614563,231106.640807766,54.1,AVG
367691:8786,189:189,05/18/23 13:41:16,STABLE BEAMS,6800,422100.843220410,409620.843297603,54.6,AVG
367691:8786,190:190,05/18/23 13:41:39,STABLE BEAMS,6800,441129.222367371,289295.811031543,57.0,AVG
367691:8786,191:191,05/18/23 13:42:03,STABLE BEAMS,6800,450068.495865899,402417.644639043,58.2,AVG
367691:8786,192:192,05/18/23 13:42:26,STABLE BEAMS,6800,449770.327690985,368526.035313453,58.1,AVG
367691:8786,193:193,05/18/23 13:42:49,STABLE BEAMS,6800,449625.362618187,428047.998115617,58.1,AVG
367691:8786,194:194,05/18/23 13:43:12,STABLE BEAMS,6800,449581.337880861,434749.910301347,58.1,AVG
367691:8786,195:195,05/18/23 13:43:36,STABLE BEAMS,6800,449339.761284263,201937.791554895,58.1,AVG
367691:8786,196:196,05/18/23 13:43:59,STABLE BEAMS,6800,449096.135670185,433509.632777610,58.0,AVG
367691:8786,197:197,05/18/23 13:44:22,STABLE BEAMS,6800,448837.441968526,434106.914271655,58.0,AVG
367691:8786,198:198,05/18/23 13:44:46,STABLE BEAMS,6800,459372.911738649,441015.195936535,59.4,AVG
367691:8786,199:199,05/18/23 13:45:09,STABLE BEAMS,6800,469324.565378375,446404.363294689,60.7,AVG
367691:8786,200:200,05/18/23 13:45:32,STABLE BEAMS,6800,469133.479929213,437860.869985145,60.6,AVG
367691:8786,201:201,05/18/23 13:45:56,STABLE BEAMS,6800,468674.868324208,441943.093229251,60.6,AVG
367691:8786,202:202,05/18/23 13:46:19,STABLE BEAMS,6800,468278.995349956,221735.971834016,60.5,AVG
367691:8786,203:203,05/18/23 13:46:42,STABLE BEAMS,6800,468122.603333264,450155.917942300,60.5,AVG
367691:8786,204:204,05/18/23 13:47:06,STABLE BEAMS,6800,467765.566116920,448942.036278063,60.5,AVG
367666:8784,1:1,05/18/23 02:39:54,STABLE BEAMS,6800,460181.595299216,430662.006265185,59.5,AVG
367666:8784,2:2,05/18/23 02:40:17,STABLE BEAMS,6800,460228.352059848,436722.725466581,59.5,AVG
367666:8784,3:3,05/18/23 02:40:41,STABLE BEAMS,6800,459723.074606249,437658.358591480,59.4,AVG
367666:8784,4:4,05/18/23 02:41:04,STABLE BEAMS,6800,459516.282354159,437463.686029507,59.4,AVG
367666:8784,5:5,05/18/23 02:41:27,STABLE BEAMS,6800,459396.949814012,334212.030266119,59.4,AVG
367666:8784,6:6,05/18/23 02:41:51,STABLE BEAMS,6800,459232.364058482,431388.898298511,59.4,AVG
367666:8784,7:7,05/18/23 02:42:14,STABLE BEAMS,6800,458782.948555815,310719.378405207,59.3,AVG
367666:8784,8:8,05/18/23 02:42:37,STABLE BEAMS,6800,458594.686041997,299650.443691260,59.3,AVG
367666:8784,9:9,05/18/23 02:43:01,STABLE BEAMS,6800,457962.427781643,442663.031763657,59.2,AVG
367666:8784,10:10,05/18/23 02:43:24,STABLE BEAMS,6800,457641.538590382,380205.519943807,59.2,AVG
367666:8784,11:11,05/18/23 02:43:47,STABLE BEAMS,6800,457304.215299886,397067.590050647,59.1,AVG
367666:8784,16:16,05/18/23 02:45:44,STABLE BEAMS,6800,455086.686530081,356018.076619033,58.8,AVG
367666:8784,17:17,05/18/23 02:46:07,STABLE BEAMS,6800,455800.124578500,433491.923740041,58.9,AVG
367666:8784,18:18,05/18/23 02:46:30,STABLE BEAMS,6800,455554.587480540,223627.664769539,58.9,AVG
367666:8784,19:19,05/18/23 02:46:54,STABLE BEAMS,6800,455177.973871945,403237.642128918,58.8,AVG
367666:8784,20:20,05/18/23 02:47:17,STABLE BEAMS,6800,454671.691723768,433449.714190879,58.8,AVG
367666:8784,21:21,05/18/23 02:47:40,STABLE BEAMS,6800,454268.079570869,333450.260634618,58.7,AVG
367666:8784,22:22,05/18/23 02:48:04,STABLE BEAMS,6800,454928.564853583,439036.544933610,58.8,AVG
367666:8784,23:23,05/18/23 02:48:27,STABLE BEAMS,6800,454620.470948947,438346.523603525,58.8,AVG
367666:8784,24:24,05/18/23 02:48:50,STABLE BEAMS,6800,454388.137076245,438416.744936534,58.7,AVG
367666:8784,25:25,05/18/23 02:49:14,STABLE BEAMS,6800,453901.981454706,439238.661739511,58.7,AVG
367666:8784,26:26,05/18/23 02:49:37,STABLE BEAMS,6800,453903.209932762,432987.496811359,58.7,AVG
367666:8784,27:27,05/18/23 02:50:00,STABLE BEAMS,6800,453719.865993326,341595.351821547,58.6,AVG
367666:8784,28:28,05/18/23 02:50:24,STABLE BEAMS,6800,452983.571726041,437300.086544086,58.6,AVG
367666:8784,29:29,05/18/23 02:50:47,STABLE BEAMS,6800,453023.591671526,437425.371304886,58.6,AVG
367666:8784,30:30,05/18/23 02:51:10,STABLE BEAMS,6800,453057.100916420,438684.058207674,58.6,AVG
367666:8784,31:31,05/18/23 02:51:33,STABLE BEAMS,6800,452801.957446410,438758.343813019,58.5,AVG
367666:8784,32:32,05/18/23 02:51:57,STABLE BEAMS,6800,452529.832073859,330866.809763452,58.5,AVG
367666:8784,33:33,05/18/23 02:52:20,STABLE BEAMS,6800,452425.889310045,437963.698573561,58.5,AVG
367666:8784,34:34,05/18/23 02:52:43,STABLE BEAMS,6800,452403.489982449,392021.136004828,58.5,AVG
367666:8784,35:35,05/18/23 02:53:07,STABLE BEAMS,6800,452004.337181584,217721.007073383,58.4,AVG
367666:8784,36:36,05/18/23 02:53:30,STABLE BEAMS,6800,451738.631597584,434295.382374086,58.4,AVG
367666:8784,37:37,05/18/23 02:53:53,STABLE BEAMS,6800,451632.229546580,437071.206229516,58.4,AVG
367666:8784,38:38,05/18/23 02:54:17,STABLE BEAMS,6800,451382.321677547,437039.067612609,58.3,AVG
367666:8784,39:39,05/18/23 02:54:40,STABLE BEAMS,6800,451044.315381225,430397.019155079,58.3,AVG
367666:8784,40:40,05/18/23 02:55:03,STABLE BEAMS,6800,450800.235206956,321419.062931374,58.3,AVG
367666:8784,41:41,05/18/23 02:55:27,STABLE BEAMS,6800,450332.562702131,405982.590129949,58.2,AVG
367666:8784,42:42,05/18/23 02:55:50,STABLE BEAMS,6800,449712.687127612,434503.315455556,58.1,AVG
367666:8784,43:43,05/18/23 02:56:13,STABLE BEAMS,6800,449755.303893883,435645.684573501,58.1,AVG
367666:8784,44:44,05/18/23 02:56:37,STABLE BEAMS,6800,449377.459476153,435193.067849801,58.1,AVG
367666:8784,45:45,05/18/23 02:57:00,STABLE BEAMS,6800,448613.029098547,434437.548287959,58.0,AVG
367666:8784,46:46,05/18/23 02:57:23,STABLE BEAMS,6800,448755.670086673,299605.189699566,58.0,AVG
367666:8784,47:47,05/18/23 02:57:46,STABLE BEAMS,6800,448924.538032315,431893.109034577,58.0,AVG
367666:8784,48:48,05/18/23 02:58:10,STABLE BEAMS,6800,448901.499989374,434273.735812878,58.0,AVG
367666:8784,49:49,05/18/23 02:58:33,STABLE BEAMS,6800,448739.643926071,434183.489731208,58.0,AVG
367666:8784,50:50,05/18/23 02:58:56,STABLE BEAMS,6800,448323.101284030,433378.569594948,57.9,AVG
367666:8784,51:51,05/18/23 02:59:20,STABLE BEAMS,6800,447925.633852490,352525.149943497,57.9,AVG
367666:8784,52:52,05/18/23 02:59:43,STABLE BEAMS,6800,448056.346714972,378722.656369791,57.9,AVG
367666:8784,53:53,05/18/23 03:00:06,STABLE BEAMS,6800,448171.035747931,434580.017339633,57.9,AVG
367666:8784,54:54,05/18/23 03:00:30,STABLE BEAMS,6800,447601.469496772,434128.885753403,57.9,AVG
367666:8784,55:55,05/18/23 03:00:53,STABLE BEAMS,6800,446559.859969714,433087.771498873,57.7,AVG
367666:8784,56:56,05/18/23 03:01:16,STABLE BEAMS,6800,446243.525704682,432600.996482434,57.7,AVG
367666:8784,57:57,05/18/23 03:01:40,STABLE BEAMS,6800,445488.748320683,431999.366618338,57.6,AVG
367666:8784,58:58,05/18/23 03:02:03,STABLE BEAMS,6800,444746.626358634,431711.383908880,57.5,AVG
367666:8784,59:59,05/18/23 03:02:26,STABLE BEAMS,6800,444140.273367046,426344.367979630,57.4,AVG
367666:8784,60:60,05/18/23 03:02:50,STABLE BEAMS,6800,443075.898533161,430300.826510442,57.3,AVG
367666:8784,61:61,05/18/23 03:03:13,STABLE BEAMS,6800,442824.034889765,429410.732312251,57.2,AVG
367666:8784,62:62,05/18/23 03:03:36,STABLE BEAMS,6800,441692.732478132,428972.987340436,57.1,AVG
367666:8784,63:63,05/18/23 03:03:59,STABLE BEAMS,6800,441578.180978769,428745.865343619,57.1,AVG
367666:8784,64:64,05/18/23 03:04:23,STABLE BEAMS,6800,441386.004585148,428656.567939109,57.1,AVG
367666:8784,65:65,05/18/23 03:04:46,STABLE BEAMS,6800,441116.200966190,427329.681336315,57.0,AVG
367666:8784,66:66,05/18/23 03:05:09,STABLE BEAMS,6800,440569.672757972,427273.939082310,56.9,AVG
367666:8784,67:67,05/18/23 03:05:33,STABLE BEAMS,6800,440162.871690498,427366.091965757,56.9,AVG
367666:8784,68:68,05/18/23 03:05:56,STABLE BEAMS,6800,439984.989466595,427345.992802763,56.9,AVG
367666:8784,69:69,05/18/23 03:06:19,STABLE BEAMS,6800,439808.566497460,427110.394697758,56.8,AVG
367666:8784,70:70,05/18/23 03:06:43,STABLE BEAMS,6800,445081.355159421,429530.706427914,57.5,AVG
367666:8784,71:71,05/18/23 03:07:06,STABLE BEAMS,6800,461352.871034776,443312.723141954,59.6,AVG
367666:8784,72:72,05/18/23 03:07:29,STABLE BEAMS,6800,462227.025249402,445628.530657949,59.7,AVG
367666:8784,73:73,05/18/23 03:07:53,STABLE BEAMS,6800,461394.893376181,445586.214730387,59.6,AVG
367666:8784,74:74,05/18/23 03:08:16,STABLE BEAMS,6800,461039.494907605,442397.592482581,59.6,AVG
367666:8784,75:75,05/18/23 03:08:39,STABLE BEAMS,6800,460022.699704854,443358.114183057,59.5,AVG
367666:8784,76:76,05/18/23 03:09:02,STABLE BEAMS,6800,459388.254893424,442674.219419575,59.4,AVG
367666:8784,77:77,05/18/23 03:09:26,STABLE BEAMS,6800,460790.225753919,444182.415359728,59.6,AVG
367666:8784,78:78,05/18/23 03:09:49,STABLE BEAMS,6800,460788.358560516,436042.918228465,59.6,AVG
367666:8784,79:79,05/18/23 03:10:12,STABLE BEAMS,6800,460849.185707387,430427.020940400,59.6,AVG
367666:8784,80:80,05/18/23 03:10:36,STABLE BEAMS,6800,460970.564933935,438636.066816368,59.6,AVG
367666:8784,81:81,05/18/23 03:10:59,STABLE BEAMS,6800,460727.713237722,438192.988965266,59.6,AVG
367666:8784,82:82,05/18/23 03:11:22,STABLE BEAMS,6800,460237.960762975,438369.544372907,59.5,AVG
367666:8784,83:83,05/18/23 03:11:46,STABLE BEAMS,6800,459510.955841144,437887.100468120,59.4,AVG
367666:8784,84:84,05/18/23 03:12:09,STABLE BEAMS,6800,459710.554386817,439286.839446125,59.4,AVG
367666:8784,85:85,05/18/23 03:12:32,STABLE BEAMS,6800,460386.520357903,444143.421699705,59.5,AVG
367666:8784,86:86,05/18/23 03:12:56,STABLE BEAMS,6800,460222.069804892,444726.436941902,59.5,AVG
367665:8784,1:1,05/18/23 00:51:18,STABLE BEAMS,6800,463130.453140367,129404.027404501,59.9,AVG
367665:8784,2:2,05/18/23 00:51:42,STABLE BEAMS,6800,462593.487013718,373579.384453379,59.8,AVG
367665:8784,3:3,05/18/23 00:52:05,STABLE BEAMS,6800,462527.515177910,347729.916226187,59.8,AVG
367665:8784,4:4,05/18/23 00:52:28,STABLE BEAMS,6800,462609.832531993,308950.496905331,59.8,AVG
367665:8784,5:5,05/18/23 00:52:51,STABLE BEAMS,6800,462337.795740401,310138.549918406,59.8,AVG
367665:8784,6:6,05/18/23 00:53:15,STABLE BEAMS,6800,462279.609704798,441373.511167795,59.8,AVG
367665:8784,7:7,05/18/23 00:53:38,STABLE BEAMS,6800,461909.324972716,448131.392607860,59.7,AVG
367665:8784,8:8,05/18/23 00:54:01,STABLE BEAMS,6800,461500.794245436,439852.658870475,59.7,AVG
367665:8784,9:9,05/18/23 00:54:25,STABLE BEAMS,6800,461302.606001896,422194.890134537,59.6,AVG
367665:8784,10:10,05/18/23 00:54:48,STABLE BEAMS,6800,460907.234209394,345121.695932354,59.6,AVG
367665:8784,11:11,05/18/23 00:55:11,STABLE BEAMS,6800,460843.038654949,304462.237082224,59.6,AVG
367665:8784,12:12,05/18/23 00:55:35,STABLE BEAMS,6800,460041.457888761,187811.118270369,59.5,AVG
367665:8784,13:13,05/18/23 00:55:58,STABLE BEAMS,6800,459971.798287706,443139.545867890,59.5,AVG
367665:8784,14:14,05/18/23 00:56:21,STABLE BEAMS,6800,460731.766982200,441576.588155931,59.6,AVG
367665:8784,15:15,05/18/23 00:56:45,STABLE BEAMS,6800,460446.072405159,444666.263145539,59.5,AVG
367665:8784,16:16,05/18/23 00:57:08,STABLE BEAMS,6800,460089.079479296,340324.088994504,59.5,AVG
367665:8784,17:17,05/18/23 00:57:31,STABLE BEAMS,6800,459853.514732616,446156.316195347,59.4,AVG
367665:8784,18:18,05/18/23 00:57:54,STABLE BEAMS,6800,459346.185930460,433845.199691289,59.4,AVG
367665:8784,19:19,05/18/23 00:58:18,STABLE BEAMS,6800,458969.754145941,441466.277662103,59.3,AVG
367665:8784,20:20,05/18/23 00:58:41,STABLE BEAMS,6800,458674.725932966,436763.367344277,59.3,AVG
367665:8784,21:21,05/18/23 00:59:04,STABLE BEAMS,6800,458320.420739928,442560.453561073,59.2,AVG
367665:8784,22:22,05/18/23 00:59:28,STABLE BEAMS,6800,457477.454016602,437047.701276556,59.1,AVG
367665:8784,23:23,05/18/23 00:59:51,STABLE BEAMS,6800,457081.898068945,441648.717058261,59.1,AVG
367665:8784,24:24,05/18/23 01:00:14,STABLE BEAMS,6800,455982.377573477,433047.786284828,58.9,AVG
367665:8784,25:25,05/18/23 01:00:38,STABLE BEAMS,6800,456707.834659578,435077.488424654,59.0,AVG
367665:8784,26:26,05/18/23 01:01:01,STABLE BEAMS,6800,456899.782607564,441682.478113242,59.1,AVG
367665:8784,27:27,05/18/23 01:01:24,STABLE BEAMS,6800,456654.928515431,441491.181575443,59.0,AVG
367665:8784,28:28,05/18/23 01:01:48,STABLE BEAMS,6800,456397.190555713,432894.874101887,59.0,AVG
367665:8784,29:29,05/18/23 01:02:11,STABLE BEAMS,6800,456465.027253846,440133.675508570,59.0,AVG
367665:8784,30:30,05/18/23 01:02:34,STABLE BEAMS,6800,456384.623714723,439407.193845583,59.0,AVG
367665:8784,31:31,05/18/23 01:02:57,STABLE BEAMS,6800,455965.759319087,439854.208939968,58.9,AVG
367665:8784,32:32,05/18/23 01:03:21,STABLE BEAMS,6800,455615.549829929,439451.591540697,58.9,AVG
367665:8784,33:33,05/18/23 01:03:44,STABLE BEAMS,6800,455464.258211696,440115.105695812,58.9,AVG
367665:8784,34:34,05/18/23 01:04:07,STABLE BEAMS,6800,455130.760220043,440204.926305660,58.8,AVG
367665:8784,35:35,05/18/23 01:04:31,STABLE BEAMS,6800,454281.690734760,431147.215556830,58.7,AVG
367665:8784,36:36,05/18/23 01:04:54,STABLE BEAMS,6800,453938.222722905,439272.189977136,58.7,AVG
367665:8784,37:37,05/18/23 01:05:17,STABLE BEAMS,6800,453902.025745186,438760.149747326,58.7,AVG
367665:8784,38:38,05/18/23 01:05:41,STABLE BEAMS,6800,453491.993803735,438763.939898923,58.6,AVG
367665:8784,39:39,05/18/23 01:06:04,STABLE BEAMS,6800,452413.049732940,431596.241637941,58.5,AVG
367665:8784,40:40,05/18/23 01:06:27,STABLE BEAMS,6800,452427.346233736,437951.991292173,58.5,AVG
367665:8784,41:41,05/18/23 01:06:51,STABLE BEAMS,6800,453136.823780794,437993.129427398,58.6,AVG
367665:8784,42:42,05/18/23 01:07:14,STABLE BEAMS,6800,452969.140022727,438331.398007808,58.5,AVG
367665:8784,43:43,05/18/23 01:07:37,STABLE BEAMS,6800,452933.628381912,438217.593718880,58.5,AVG
367665:8784,44:44,05/18/23 01:08:01,STABLE BEAMS,6800,452399.527150010,437111.322560909,58.5,AVG
367665:8784,45:45,05/18/23 01:08:24,STABLE BEAMS,6800,452156.859608951,436034.166140582,58.4,AVG
367665:8784,46:46,05/18/23 01:08:47,STABLE BEAMS,6800,451830.599614196,436430.782645131,58.4,AVG
367665:8784,47:47,05/18/23 01:09:10,STABLE BEAMS,6800,451649.668340392,436687.032463960,58.4,AVG
367665:8784,48:48,05/18/23 01:09:34,STABLE BEAMS,6800,451652.992457485,437477.341359009,58.4,AVG
367665:8784,49:49,05/18/23 01:09:57,STABLE BEAMS,6800,451301.507868713,437176.119979789,58.3,AVG
367665:8784,50:50,05/18/23 01:10:20,STABLE BEAMS,6800,450598.543353324,435870.101964631,58.2,AVG
367665:8784,51:51,05/18/23 01:10:44,STABLE BEAMS,6800,450373.813456750,436550.201355745,58.2,AVG
367665:8784,52:52,05/18/23 01:11:07,STABLE BEAMS,6800,450228.895005510,436276.953615798,58.2,AVG
367665:8784,53:53,05/18/23 01:11:30,STABLE BEAMS,6800,449846.407080592,436014.911675278,58.1,AVG
367665:8784,54:54,05/18/23 01:11:54,STABLE BEAMS,6800,449733.857977151,431357.313253329,58.1,AVG
367665:8784,55:55,05/18/23 01:12:17,STABLE BEAMS,6800,449116.532601860,431540.515322241,58.1,AVG
367665:8784,56:56,05/18/23 01:12:40,STABLE BEAMS,6800,449229.170286262,432990.335273568,58.1,AVG
367665:8784,57:57,05/18/23 01:13:04,STABLE BEAMS,6800,449018.100506215,434119.409667424,58.0,AVG
367665:8784,58:58,05/18/23 01:13:27,STABLE BEAMS,6800,448851.645226205,434046.003679269,58.0,AVG
367665:8784,59:59,05/18/23 01:13:50,STABLE BEAMS,6800,448101.056789203,433822.409774825,57.9,AVG
367665:8784,60:60,05/18/23 01:14:14,STABLE BEAMS,6800,447159.746551193,432336.036741407,57.8,AVG
367665:8784,61:61,05/18/23 01:14:37,STABLE BEAMS,6800,446259.460953245,432815.270642798,57.7,AVG
367665:8784,62:62,05/18/23 01:15:00,STABLE BEAMS,6800,445512.833017604,431451.198254970,57.6,AVG
367665:8784,63:63,05/18/23 01:15:23,STABLE BEAMS,6800,445339.594300889,336017.378184357,57.6,AVG
367665:8784,64:64,05/18/23 01:15:47,STABLE BEAMS,6800,445019.891628282,431631.712193052,57.5,AVG
367665:8784,65:65,05/18/23 01:16:10,STABLE BEAMS,6800,443894.645357047,430573.318310250,57.4,AVG
367665:8784,66:66,05/18/23 01:16:33,STABLE BEAMS,6800,443091.470133571,429339.491496517,57.3,AVG
367665:8784,67:67,05/18/23 01:16:57,STABLE BEAMS,6800,444562.280055698,431198.220891292,57.5,AVG
367665:8784,68:68,05/18/23 01:17:20,STABLE BEAMS,6800,444919.865075350,431480.973435439,57.5,AVG
367665:8784,69:69,05/18/23 01:17:43,STABLE BEAMS,6800,444803.583916181,430288.426613116,57.5,AVG
367665:8784,70:70,05/18/23 01:18:07,STABLE BEAMS,6800,444884.623839572,430352.315406822,57.5,AVG
367665:8784,71:71,05/18/23 01:18:30,STABLE BEAMS,6800,444308.502597342,431049.576356973,57.4,AVG
367665:8784,72:72,05/18/23 01:18:53,STABLE BEAMS,6800,444177.197641071,430774.509597428,57.4,AVG
367665:8784,73:73,05/18/23 01:19:17,STABLE BEAMS,6800,445163.579270387,431817.540307553,57.5,AVG
367665:8784,74:74,05/18/23 01:19:40,STABLE BEAMS,6800,445036.917821305,431418.541051476,57.5,AVG
367665:8784,75:75,05/18/23 01:20:03,STABLE BEAMS,6800,445047.253820739,431681.385165747,57.5,AVG
367665:8784,76:76,05/18/23 01:20:27,STABLE BEAMS,6800,444784.825732274,430734.197449229,57.5,AVG
367665:8784,77:77,05/18/23 01:20:50,STABLE BEAMS,6800,444312.418808223,430262.889568950,57.4,AVG
367665:8784,78:78,05/18/23 01:21:13,STABLE BEAMS,6800,444099.570415735,418644.088002680,57.4,AVG
367665:8784,79:79,05/18/23 01:21:36,STABLE BEAMS,6800,443981.697130357,424673.788186508,57.4,AVG
367665:8784,80:80,05/18/23 01:22:00,STABLE BEAMS,6800,443278.548459813,423914.530943466,57.3,AVG
367665:8784,81:81,05/18/23 01:22:23,STABLE BEAMS,6800,442988.620645295,423426.236114080,57.3,AVG
367665:8784,82:82,05/18/23 01:22:46,STABLE BEAMS,6800,442509.383662981,423402.510914385,57.2,AVG
367665:8784,83:83,05/18/23 01:23:10,STABLE BEAMS,6800,442457.936773602,429288.458706437,57.2,AVG
367665:8784,84:84,05/18/23 01:23:33,STABLE BEAMS,6800,442116.743893783,424396.533655129,57.1,AVG
367665:8784,85:85,05/18/23 01:23:56,STABLE BEAMS,6800,442265.075043077,423270.010583343,57.2,AVG
367665:8784,86:86,05/18/23 01:24:20,STABLE BEAMS,6800,441941.139132993,429005.864936895,57.1,AVG
367665:8784,87:87,05/18/23 01:24:43,STABLE BEAMS,6800,447241.380899450,427152.560452968,57.8,AVG
367665:8784,88:88,05/18/23 01:25:06,STABLE BEAMS,6800,463443.509909864,419295.213936229,59.9,AVG
367665:8784,89:89,05/18/23 01:25:29,STABLE BEAMS,6800,465000.460153840,432667.015950401,60.1,AVG
367665:8784,90:90,05/18/23 01:25:53,STABLE BEAMS,6800,464754.468495688,322756.728381881,60.1,AVG
367665:8784,91:91,05/18/23 01:26:16,STABLE BEAMS,6800,464345.755944331,447794.732416671,60.0,AVG
367665:8784,92:92,05/18/23 01:26:39,STABLE BEAMS,6800,464521.132259486,441367.127147720,60.0,AVG
367665:8784,93:93,05/18/23 01:27:03,STABLE BEAMS,6800,464057.786235255,447783.301157860,60.0,AVG
367665:8784,94:94,05/18/23 01:27:26,STABLE BEAMS,6800,463968.184262717,441105.718312109,60.0,AVG
367665:8784,95:95,05/18/23 01:27:49,STABLE BEAMS,6800,463623.622975324,447365.819993341,59.9,AVG
367665:8784,96:96,05/18/23 01:28:13,STABLE BEAMS,6800,463245.277375844,447052.955255325,59.9,AVG
367665:8784,97:97,05/18/23 01:28:36,STABLE BEAMS,6800,463139.786776301,447042.401221356,59.9,AVG
367665:8784,98:98,05/18/23 01:28:59,STABLE BEAMS,6800,461883.282170354,423859.000636461,59.7,AVG
367665:8784,99:99,05/18/23 01:29:23,STABLE BEAMS,6800,460999.931853390,206466.425518417,59.6,AVG
367665:8784,100:100,05/18/23 01:29:46,STABLE BEAMS,6800,459811.173033538,444320.829250777,59.4,AVG
367665:8784,101:101,05/18/23 01:30:09,STABLE BEAMS,6800,459896.129167810,444280.563239133,59.4,AVG
367665:8784,102:102,05/18/23 01:30:33,STABLE BEAMS,6800,460399.131489373,444740.419971832,59.5,AVG
367665:8784,103:103,05/18/23 01:30:56,STABLE BEAMS,6800,459855.015946787,444189.329867127,59.4,AVG
367665:8784,104:104,05/18/23 01:31:19,STABLE BEAMS,6800,459486.962056261,444012.165509454,59.4,AVG
367665:8784,105:105,05/18/23 01:31:43,STABLE BEAMS,6800,459798.652814106,444256.811596204,59.4,AVG
367665:8784,106:106,05/18/23 01:32:06,STABLE BEAMS,6800,460308.711308490,439429.470472523,59.5,AVG
367665:8784,107:107,05/18/23 01:32:29,STABLE BEAMS,6800,459177.229403857,443592.712131338,59.4,AVG
367665:8784,108:108,05/18/23 01:32:52,STABLE BEAMS,6800,460065.495964124,444260.160240798,59.5,AVG
367665:8784,109:109,05/18/23 01:33:16,STABLE BEAMS,6800,459790.911304382,444423.654081785,59.4,AVG
367665:8784,110:110,05/18/23 01:33:39,STABLE BEAMS,6800,459625.505009429,444105.625155762,59.4,AVG
367665:8784,111:111,05/18/23 01:34:02,STABLE BEAMS,6800,458997.890256263,443486.298033842,59.3,AVG
367665:8784,112:112,05/18/23 01:34:26,STABLE BEAMS,6800,458661.522707708,443376.872755656,59.3,AVG
367665:8784,113:113,05/18/23 01:34:49,STABLE BEAMS,6800,458178.644581705,443061.306268071,59.2,AVG
367665:8784,114:114,05/18/23 01:35:12,STABLE BEAMS,6800,457767.927303349,442607.571513087,59.2,AVG
367665:8784,115:115,05/18/23 01:35:36,STABLE BEAMS,6800,456651.149838146,441299.315674835,59.0,AVG
367665:8784,116:116,05/18/23 01:35:59,STABLE BEAMS,6800,456530.497907904,441613.812064753,59.0,AVG
367665:8784,117:117,05/18/23 01:36:22,STABLE BEAMS,6800,457053.351688912,442267.289277461,59.1,AVG
367665:8784,118:118,05/18/23 01:36:46,STABLE BEAMS,6800,456822.111091748,435633.662537421,59.0,AVG
367665:8784,119:119,05/18/23 01:37:09,STABLE BEAMS,6800,455903.657072602,441239.805396094,58.9,AVG
367665:8784,120:120,05/18/23 01:37:32,STABLE BEAMS,6800,456436.208137698,441734.506779262,59.0,AVG
367665:8784,121:121,05/18/23 01:37:56,STABLE BEAMS,6800,457309.406610382,442339.719901907,59.1,AVG
367665:8784,122:122,05/18/23 01:38:19,STABLE BEAMS,6800,456997.305582826,440721.255921928,59.1,AVG
367665:8784,123:123,05/18/23 01:38:42,STABLE BEAMS,6800,457032.180839373,437288.516128149,59.1,AVG
367665:8784,124:124,05/18/23 01:39:05,STABLE BEAMS,6800,456434.797835565,441067.192167356,59.0,AVG
367665:8784,125:125,05/18/23 01:39:29,STABLE BEAMS,6800,456637.401140658,441805.014761111,59.0,AVG
367665:8784,126:126,05/18/23 01:39:52,STABLE BEAMS,6800,456007.919194089,361246.755322351,58.9,AVG
367665:8784,127:127,05/18/23 01:40:15,STABLE BEAMS,6800,455611.817774202,418865.063920076,58.9,AVG
367665:8784,128:128,05/18/23 01:40:39,STABLE BEAMS,6800,455596.656443504,181104.494793691,58.9,AVG
367665:8784,129:129,05/18/23 01:41:02,STABLE BEAMS,6800,455205.336064401,440560.014650640,58.8,AVG
367665:8784,130:130,05/18/23 01:41:25,STABLE BEAMS,6800,454710.117211965,184924.431980265,58.8,AVG
367665:8784,131:131,05/18/23 01:41:49,STABLE BEAMS,6800,454490.077444138,438917.054339931,58.7,AVG
367665:8784,132:132,05/18/23 01:42:12,STABLE BEAMS,6800,454359.089514462,160914.466150305,58.7,AVG
367665:8784,133:133,05/18/23 01:42:35,STABLE BEAMS,6800,454515.026970962,438941.143885009,58.7,AVG
367665:8784,134:134,05/18/23 01:42:59,STABLE BEAMS,6800,454221.458012756,439014.374147045,58.7,AVG
367665:8784,135:135,05/18/23 01:43:22,STABLE BEAMS,6800,453963.172249730,435968.789953715,58.7,AVG
367665:8784,136:136,05/18/23 01:43:45,STABLE BEAMS,6800,453252.011664424,436521.697600918,58.6,AVG
367665:8784,137:137,05/18/23 01:44:08,STABLE BEAMS,6800,453015.624047244,438725.159207674,58.6,AVG
367665:8784,138:138,05/18/23 01:44:32,STABLE BEAMS,6800,453067.346003815,437684.623876397,58.6,AVG
367665:8784,139:139,05/18/23 01:44:55,STABLE BEAMS,6800,452789.665672614,438246.292443381,58.5,AVG
367665:8784,140:140,05/18/23 01:45:18,STABLE BEAMS,6800,452096.624555869,437590.901591658,58.4,AVG
367665:8784,141:141,05/18/23 01:45:42,STABLE BEAMS,6800,452093.892532564,438029.124452282,58.4,AVG
367665:8784,142:142,05/18/23 01:46:05,STABLE BEAMS,6800,452087.519365570,437600.814688656,58.4,AVG
367665:8784,143:143,05/18/23 01:46:28,STABLE BEAMS,6800,451297.547367351,437343.603389315,58.3,AVG
367665:8784,144:144,05/18/23 01:46:52,STABLE BEAMS,6800,450640.929342882,435637.404523880,58.2,AVG
367665:8784,145:145,05/18/23 01:47:15,STABLE BEAMS,6800,450626.043079377,371237.679033315,58.2,AVG
367665:8784,146:146,05/18/23 01:47:38,STABLE BEAMS,6800,450345.357988755,298668.701857743,58.2,AVG
367665:8784,147:147,05/18/23 01:48:02,STABLE BEAMS,6800,449355.104439038,434697.468332365,58.1,AVG
367665:8784,148:148,05/18/23 01:48:25,STABLE BEAMS,6800,448780.621944575,435125.381882561,58.0,AVG
367665:8784,149:149,05/18/23 01:48:48,STABLE BEAMS,6800,449650.587212204,434664.724350176,58.1,AVG
367665:8784,150:150,05/18/23 01:49:12,STABLE BEAMS,6800,449216.423952274,435529.073716153,58.1,AVG
367665:8784,151:151,05/18/23 01:49:35,STABLE BEAMS,6800,449542.317967798,435883.914674287,58.1,AVG
367665:8784,152:152,05/18/23 01:49:58,STABLE BEAMS,6800,449219.929893444,435477.366979714,58.1,AVG
367665:8784,153:153,05/18/23 01:50:21,STABLE BEAMS,6800,449685.096489520,436016.467667065,58.1,AVG
367665:8784,154:154,05/18/23 01:50:45,STABLE BEAMS,6800,449176.949479019,435483.108098953,58.1,AVG
367665:8784,155:155,05/18/23 01:51:08,STABLE BEAMS,6800,448902.546643353,420850.681090160,58.0,AVG
367665:8784,156:156,05/18/23 01:51:31,STABLE BEAMS,6800,448549.880198083,428606.258645883,58.0,AVG
367665:8784,157:157,05/18/23 01:51:55,STABLE BEAMS,6800,448112.257618540,421473.142183681,57.9,AVG
367665:8784,158:158,05/18/23 01:52:18,STABLE BEAMS,6800,448028.392428728,292022.252064848,57.9,AVG
367665:8784,159:159,05/18/23 01:52:41,STABLE BEAMS,6800,448132.698840695,433992.251858998,57.9,AVG
367665:8784,160:160,05/18/23 01:53:05,STABLE BEAMS,6800,447566.230592072,427690.538901205,57.9,AVG
367665:8784,161:161,05/18/23 01:53:28,STABLE BEAMS,6800,447127.195379318,427408.693843109,57.8,AVG
367665:8784,162:162,05/18/23 01:53:51,STABLE BEAMS,6800,447236.145298473,428179.269495056,57.8,AVG
367665:8784,163:163,05/18/23 01:54:15,STABLE BEAMS,6800,447412.796713243,433438.918823646,57.8,AVG
367665:8784,164:164,05/18/23 01:54:38,STABLE BEAMS,6800,447142.310088459,433664.000259298,57.8,AVG
367665:8784,165:165,05/18/23 01:55:01,STABLE BEAMS,6800,446807.264261077,427346.590978904,57.8,AVG
367665:8784,166:166,05/18/23 01:55:24,STABLE BEAMS,6800,446588.359728189,433276.038082990,57.7,AVG
367665:8784,167:167,05/18/23 01:55:48,STABLE BEAMS,6800,446066.508310681,431150.402642604,57.7,AVG
367665:8784,168:168,05/18/23 01:56:11,STABLE BEAMS,6800,445954.052450356,426586.051753912,57.6,AVG
367665:8784,169:169,05/18/23 01:56:34,STABLE BEAMS,6800,445350.065502841,431351.162368764,57.6,AVG
367665:8784,170:170,05/18/23 01:56:58,STABLE BEAMS,6800,444761.060393026,424833.449283434,57.5,AVG
367665:8784,171:171,05/18/23 01:57:21,STABLE BEAMS,6800,444820.020346494,431809.534506652,57.5,AVG
367665:8784,172:172,05/18/23 01:57:44,STABLE BEAMS,6800,445119.962471695,432085.107459406,57.5,AVG
367665:8784,173:173,05/18/23 01:58:08,STABLE BEAMS,6800,444854.529623810,425660.006123565,57.5,AVG
367665:8784,174:174,05/18/23 01:58:31,STABLE BEAMS,6800,444364.185055275,431495.973174456,57.4,AVG
367665:8784,175:175,05/18/23 01:58:54,STABLE BEAMS,6800,444363.455427890,426474.176389931,57.4,AVG
367665:8784,176:176,05/18/23 01:59:18,STABLE BEAMS,6800,444356.809524781,431584.894858193,57.4,AVG
367665:8784,177:177,05/18/23 01:59:41,STABLE BEAMS,6800,443753.643116689,430687.559295857,57.4,AVG
367665:8784,178:178,05/18/23 02:00:04,STABLE BEAMS,6800,443819.659242978,430894.289853486,57.4,AVG
367665:8784,179:179,05/18/23 02:00:28,STABLE BEAMS,6800,443725.504675290,430625.837087070,57.4,AVG
367665:8784,180:180,05/18/23 02:00:51,STABLE BEAMS,6800,443578.220179976,424600.261384130,57.3,AVG
367665:8784,181:181,05/18/23 02:01:14,STABLE BEAMS,6800,443181.755111936,430230.163238051,57.3,AVG
367665:8784,182:182,05/18/23 02:01:37,STABLE BEAMS,6800,442983.930516549,429971.811441858,57.3,AVG
367665:8784,183:183,05/18/23 02:02:01,STABLE BEAMS,6800,442853.217654067,429980.711461615,57.2,AVG
367665:8784,184:184,05/18/23 02:02:24,STABLE BEAMS,6800,442738.302506551,196719.709543372,57.2,AVG
367665:8784,185:185,05/18/23 02:02:47,STABLE BEAMS,6800,451683.951503151,437458.178368720,58.4,AVG
367665:8784,186:186,05/18/23 02:03:11,STABLE BEAMS,6800,462941.463330243,446798.122539739,59.8,AVG
367665:8784,187:187,05/18/23 02:03:34,STABLE BEAMS,6800,462992.502280987,441766.344515431,59.8,AVG
367665:8784,188:188,05/18/23 02:03:57,STABLE BEAMS,6800,462576.276665541,446625.460230478,59.8,AVG
367665:8784,189:189,05/18/23 02:04:21,STABLE BEAMS,6800,462255.480717396,446250.400713350,59.7,AVG
367665:8784,190:190,05/18/23 02:04:44,STABLE BEAMS,6800,461210.136803534,445464.059299473,59.6,AVG
367665:8784,191:191,05/18/23 02:05:07,STABLE BEAMS,6800,461604.235827500,445837.683995078,59.7,AVG
367665:8784,192:192,05/18/23 02:05:31,STABLE BEAMS,6800,461181.727957098,445402.050032759,59.6,AVG
367665:8784,193:193,05/18/23 02:05:54,STABLE BEAMS,6800,460506.852930472,445092.706808329,59.5,AVG
367665:8784,194:194,05/18/23 02:06:17,STABLE BEAMS,6800,459794.689981667,443927.112836260,59.4,AVG
367665:8784,195:195,05/18/23 02:06:41,STABLE BEAMS,6800,459961.737355465,444601.587663808,59.5,AVG
367665:8784,196:196,05/18/23 02:07:04,STABLE BEAMS,6800,460083.571142205,443537.939247442,59.5,AVG
367665:8784,197:197,05/18/23 02:07:27,STABLE BEAMS,6800,460070.549741024,443848.011702080,59.5,AVG
367665:8784,198:198,05/18/23 02:07:50,STABLE BEAMS,6800,459705.363076321,443269.513552611,59.4,AVG
367665:8784,199:199,05/18/23 02:08:14,STABLE BEAMS,6800,459576.379873645,444235.873582185,59.4,AVG
367665:8784,200:200,05/18/23 02:08:37,STABLE BEAMS,6800,459678.502065614,444409.040269003,59.4,AVG
367665:8784,201:201,05/18/23 02:09:00,STABLE BEAMS,6800,459313.268779354,421149.966268045,59.4,AVG
367665:8784,202:202,05/18/23 02:09:24,STABLE BEAMS,6800,458738.329393622,198905.963330794,59.3,AVG
367665:8784,203:203,05/18/23 02:09:47,STABLE BEAMS,6800,458762.097063948,443690.676469019,59.3,AVG
367665:8784,204:204,05/18/23 02:10:10,STABLE BEAMS,6800,458780.626802221,443031.477812584,59.3,AVG
367665:8784,205:205,05/18/23 02:10:34,STABLE BEAMS,6800,458554.029712244,442750.404097840,59.3,AVG
367665:8784,206:206,05/18/23 02:10:57,STABLE BEAMS,6800,458467.432499127,443263.786025702,59.3,AVG
367665:8784,207:207,05/18/23 02:11:20,STABLE BEAMS,6800,457983.552009624,442111.650445025,59.2,AVG
367665:8784,208:208,05/18/23 02:11:44,STABLE BEAMS,6800,457918.081355565,441787.103127801,59.2,AVG
367665:8784,209:209,05/18/23 02:12:07,STABLE BEAMS,6800,457779.538402398,442874.344851098,59.2,AVG
367665:8784,210:210,05/18/23 02:12:30,STABLE BEAMS,6800,457323.430375063,441640.477307026,59.1,AVG
367665:8784,211:211,05/18/23 02:12:53,STABLE BEAMS,6800,456139.998068225,441586.138118129,59.0,AVG
367665:8784,212:212,05/18/23 02:13:17,STABLE BEAMS,6800,456311.367260460,441563.963431669,59.0,AVG
367665:8784,213:213,05/18/23 02:13:40,STABLE BEAMS,6800,456766.064985662,442269.375900953,59.0,AVG
367665:8784,214:214,05/18/23 02:14:03,STABLE BEAMS,6800,456369.462384025,441697.459450438,59.0,AVG
367665:8784,215:215,05/18/23 02:14:27,STABLE BEAMS,6800,456131.848619866,441598.457566605,59.0,AVG
367665:8784,216:216,05/18/23 02:14:50,STABLE BEAMS,6800,455894.050700553,441564.066627429,58.9,AVG
367665:8784,217:217,05/18/23 02:15:13,STABLE BEAMS,6800,455816.150739102,181557.655250100,58.9,AVG
367665:8784,218:218,05/18/23 02:15:37,STABLE BEAMS,6800,455542.249085186,438886.801840438,58.9,AVG
367665:8784,219:219,05/18/23 02:16:00,STABLE BEAMS,6800,454925.378270086,440599.597639464,58.8,AVG
367665:8784,220:220,05/18/23 02:16:23,STABLE BEAMS,6800,454516.985076403,440098.909950570,58.7,AVG
367665:8784,221:221,05/18/23 02:16:47,STABLE BEAMS,6800,454271.674093000,439934.868508078,58.7,AVG
367665:8784,222:222,05/18/23 02:17:10,STABLE BEAMS,6800,453660.677594223,439600.988375477,58.6,AVG
367665:8784,223:223,05/18/23 02:17:33,STABLE BEAMS,6800,453262.210130262,439217.267784194,58.6,AVG
367665:8784,224:224,05/18/23 02:17:57,STABLE BEAMS,6800,453330.002537914,439390.867914268,58.6,AVG
367665:8784,225:225,05/18/23 02:18:20,STABLE BEAMS,6800,453246.729441890,438392.427421530,58.6,AVG
367665:8784,226:226,05/18/23 02:18:43,STABLE BEAMS,6800,452818.666612838,438880.741598353,58.5,AVG
367665:8784,227:227,05/18/23 02:19:06,STABLE BEAMS,6800,452381.361059891,438403.975361366,58.5,AVG
367665:8784,228:228,05/18/23 02:19:30,STABLE BEAMS,6800,452689.091316374,438111.591403384,58.5,AVG
367665:8784,229:229,05/18/23 02:19:53,STABLE BEAMS,6800,452682.263589188,438669.100516835,58.5,AVG
367665:8784,230:230,05/18/23 02:20:16,STABLE BEAMS,6800,452659.134634208,435398.273773780,58.5,AVG
367665:8784,231:231,05/18/23 02:20:40,STABLE BEAMS,6800,452125.763029690,437022.356059912,58.4,AVG
367665:8784,232:232,05/18/23 02:21:03,STABLE BEAMS,6800,451749.785805363,433022.228875704,58.4,AVG
367665:8784,233:233,05/18/23 02:21:26,STABLE BEAMS,6800,451421.796150801,437159.669773804,58.3,AVG
367665:8784,234:234,05/18/23 02:21:50,STABLE BEAMS,6800,451619.618415110,424934.683852793,58.4,AVG
367665:8784,235:235,05/18/23 02:22:13,STABLE BEAMS,6800,451159.321440779,429756.452714353,58.3,AVG
367665:8784,236:236,05/18/23 02:22:36,STABLE BEAMS,6800,451077.416687485,437246.790872307,58.3,AVG
367665:8784,237:237,05/18/23 02:23:00,STABLE BEAMS,6800,450777.197164014,425517.466654094,58.3,AVG
367665:8784,238:238,05/18/23 02:23:23,STABLE BEAMS,6800,450117.301644010,423173.639476288,58.2,AVG
367665:8784,239:239,05/18/23 02:23:46,STABLE BEAMS,6800,450034.667263332,436475.651304405,58.2,AVG
367665:8784,240:240,05/18/23 02:24:10,STABLE BEAMS,6800,450531.750978093,422313.021661418,58.2,AVG
367665:8784,241:241,05/18/23 02:24:33,STABLE BEAMS,6800,450333.928713784,436642.891248880,58.2,AVG
367665:8784,242:242,05/18/23 02:24:56,STABLE BEAMS,6800,449490.642632785,435946.271855159,58.1,AVG
367665:8784,243:243,05/18/23 02:25:19,STABLE BEAMS,6800,449201.989917882,435753.970127279,58.1,AVG
367665:8784,244:244,05/18/23 02:25:43,STABLE BEAMS,6800,449186.329736512,430622.870027031,58.1,AVG
367665:8784,245:245,05/18/23 02:26:06,STABLE BEAMS,6800,449072.461242975,435587.024769059,58.0,AVG
367665:8784,246:246,05/18/23 02:26:29,STABLE BEAMS,6800,448182.782049498,434083.167839958,57.9,AVG
367665:8784,247:247,05/18/23 02:26:53,STABLE BEAMS,6800,447711.239955350,428120.194274502,57.9,AVG
367665:8784,248:248,05/18/23 02:27:16,STABLE BEAMS,6800,447783.128066883,433561.073986404,57.9,AVG
367665:8784,249:249,05/18/23 02:27:39,STABLE BEAMS,6800,446897.001436133,432691.859118893,57.8,AVG
367665:8784,250:250,05/18/23 02:28:03,STABLE BEAMS,6800,445705.965153167,431645.724598163,57.6,AVG
367665:8784,251:251,05/18/23 02:28:26,STABLE BEAMS,6800,445306.723771341,432483.742513636,57.6,AVG
367665:8784,252:252,05/18/23 02:28:49,STABLE BEAMS,6800,444763.016167389,425586.208249493,57.5,AVG
367665:8784,253:253,05/18/23 02:29:13,STABLE BEAMS,6800,443752.778286786,428478.671115425,57.4,AVG
367665:8784,254:254,05/18/23 02:29:36,STABLE BEAMS,6800,442676.610529777,429942.830487147,57.2,AVG
367665:8784,255:255,05/18/23 02:29:59,STABLE BEAMS,6800,443201.967888456,421759.764806244,57.3,AVG
367665:8784,256:256,05/18/23 02:30:23,STABLE BEAMS,6800,443124.706642350,430238.157433135,57.3,AVG
367665:8784,257:257,05/18/23 02:30:46,STABLE BEAMS,6800,443247.407590071,429252.352062099,57.3,AVG
367665:8784,258:258,05/18/23 02:31:09,STABLE BEAMS,6800,443087.647165806,370219.458570696,57.3,AVG
367665:8784,259:259,05/18/23 02:31:32,STABLE BEAMS,6800,442849.802624935,267436.699095830,57.2,AVG
367665:8784,260:260,05/18/23 02:31:56,STABLE BEAMS,6800,442627.121745840,429834.526284991,57.2,AVG
367665:8784,261:261,05/18/23 02:32:19,STABLE BEAMS,6800,442221.413953904,429465.197465469,57.2,AVG
367665:8784,262:262,05/18/23 02:32:42,STABLE BEAMS,6800,442101.626853565,243805.393785199,57.1,AVG
367665:8784,263:263,05/18/23 02:33:06,STABLE BEAMS,6800,442120.475949510,428362.540561025,57.1,AVG
367665:8784,264:264,05/18/23 02:33:29,STABLE BEAMS,6800,443135.998383725,430249.829815967,57.3,AVG
367665:8784,265:265,05/18/23 02:33:52,STABLE BEAMS,6800,458761.777706275,442295.027324188,59.3,AVG
367665:8784,266:266,05/18/23 02:34:16,STABLE BEAMS,6800,462693.832924324,444322.332576805,59.8,AVG
367665:8784,267:267,05/18/23 02:34:39,STABLE BEAMS,6800,462790.626272201,442689.079304290,59.8,AVG
367665:8784,268:268,05/18/23 02:35:02,STABLE BEAMS,6800,461226.664145885,445534.991148553,59.6,AVG
367665:8784,269:269,05/18/23 02:35:26,STABLE BEAMS,6800,460946.389324975,444145.936371380,59.6,AVG
367665:8784,270:270,05/18/23 02:35:49,STABLE BEAMS,6800,461553.516234429,240649.480140172,59.7,AVG
367665:8784,271:271,05/18/23 02:36:12,STABLE BEAMS,6800,461240.687910566,258749.258133214,59.6,AVG
367662:8784,1:1,05/18/23 00:29:53,STABLE BEAMS,6800,455642.504083753,429354.331421625,58.9,AVG
367662:8784,2:2,05/18/23 00:30:16,STABLE BEAMS,6800,455921.503805048,435801.938644551,58.9,AVG
367662:8784,3:3,05/18/23 00:30:40,STABLE BEAMS,6800,455368.693341875,437279.525683733,58.9,AVG
367662:8784,4:4,05/18/23 00:31:03,STABLE BEAMS,6800,455269.575909326,435459.982047659,58.8,AVG
367662:8784,5:5,05/18/23 00:31:26,STABLE BEAMS,6800,454703.016748665,342110.254654561,58.8,AVG
367662:8784,6:6,05/18/23 00:31:49,STABLE BEAMS,6800,455331.358798138,422894.393930977,58.9,AVG
367662:8784,7:7,05/18/23 00:32:13,STABLE BEAMS,6800,454406.349787922,433651.706149198,58.7,AVG
367662:8784,8:8,05/18/23 00:32:36,STABLE BEAMS,6800,453652.800881980,433575.289402209,58.6,AVG
367662:8784,9:9,05/18/23 00:32:59,STABLE BEAMS,6800,453764.529445998,434151.179045842,58.7,AVG
367662:8784,10:10,05/18/23 00:33:23,STABLE BEAMS,6800,452717.502493888,413013.343528991,58.5,AVG
367662:8784,11:11,05/18/23 00:33:46,STABLE BEAMS,6800,451889.468655626,366122.661389115,58.4,AVG
367662:8784,12:12,05/18/23 00:34:09,STABLE BEAMS,6800,452781.970784447,430249.126680865,58.5,AVG
367662:8784,13:13,05/18/23 00:34:33,STABLE BEAMS,6800,453282.651352416,241717.771377258,58.6,AVG
367662:8784,14:14,05/18/23 00:34:56,STABLE BEAMS,6800,452369.889825517,437313.000965305,58.5,AVG
367662:8784,15:15,05/18/23 00:35:19,STABLE BEAMS,6800,452289.940846586,436995.653646126,58.5,AVG
367662:8784,16:16,05/18/23 00:35:43,STABLE BEAMS,6800,452122.394622116,333078.055411318,58.4,AVG
367662:8784,17:17,05/18/23 00:36:06,STABLE BEAMS,6800,451413.327344770,436699.610334291,58.3,AVG
367662:8784,18:18,05/18/23 00:36:29,STABLE BEAMS,6800,451384.690052699,435769.268080118,58.3,AVG
367661:8784,50:50,05/17/23 22:24:43,STABLE BEAMS,6800,220555.323003771,27779.621801609,28.5,AVG
367661:8784,51:51,05/17/23 22:25:06,STABLE BEAMS,6800,274859.489165348,219350.305073221,35.5,AVG
367661:8784,52:52,05/17/23 22:25:30,STABLE BEAMS,6800,274328.327422685,240756.818698578,35.5,AVG
367661:8784,53:53,05/17/23 22:25:53,STABLE BEAMS,6800,242510.594244778,8415.328847021,31.3,AVG
367661:8784,54:54,05/17/23 22:26:16,STABLE BEAMS,6800,242657.333267862,8578.825099516,31.4,AVG
367661:8784,55:55,05/17/23 22:26:40,STABLE BEAMS,6800,273730.853506839,104645.189629898,35.4,AVG
367661:8784,56:56,05/17/23 22:27:03,STABLE BEAMS,6800,273119.104069898,266967.807589430,35.3,AVG
367661:8784,57:57,05/17/23 22:27:26,STABLE BEAMS,6800,272701.603354837,266976.892912121,35.2,AVG
367661:8784,58:58,05/17/23 22:27:49,STABLE BEAMS,6800,272495.449818094,260564.857237944,35.2,AVG
367661:8784,59:59,05/17/23 22:28:13,STABLE BEAMS,6800,272373.499477458,260211.725539065,35.2,AVG
367661:8784,60:60,05/17/23 22:28:36,STABLE BEAMS,6800,272106.269368508,264174.430445792,35.2,AVG
367661:8784,61:61,05/17/23 22:28:59,STABLE BEAMS,6800,272005.398965374,207817.085644012,35.2,AVG
367661:8784,62:62,05/17/23 22:29:23,STABLE BEAMS,6800,271712.422100956,263091.127667556,35.1,AVG
367661:8784,63:63,05/17/23 22:29:46,STABLE BEAMS,6800,271515.667470328,258503.129637438,35.1,AVG
367661:8784,64:64,05/17/23 22:30:09,STABLE BEAMS,6800,271419.624729537,263398.613360143,35.1,AVG
367661:8784,65:65,05/17/23 22:30:33,STABLE BEAMS,6800,270903.873742908,262791.681706296,35.0,AVG
367661:8784,66:66,05/17/23 22:30:56,STABLE BEAMS,6800,270801.844794054,254170.990875954,35.0,AVG
367661:8784,67:67,05/17/23 22:31:19,STABLE BEAMS,6800,270650.688378339,208951.240436787,35.0,AVG
367661:8784,68:68,05/17/23 22:31:43,STABLE BEAMS,6800,270548.134936957,258582.464404168,35.0,AVG
367661:8784,69:69,05/17/23 22:32:06,STABLE BEAMS,6800,270309.017627550,262336.250909060,34.9,AVG
367661:8784,70:70,05/17/23 22:32:29,STABLE BEAMS,6800,243874.503265229,237527.438319822,31.5,AVG
367661:8784,71:71,05/17/23 22:32:53,STABLE BEAMS,6800,4457.800910995,4448.512640003,0.6,AVG
367661:8784,72:72,05/17/23 22:33:16,STABLE BEAMS,6800,29889.910770218,22773.790009188,3.9,AVG
367661:8784,73:73,05/17/23 22:33:39,STABLE BEAMS,6800,123342.476677865,122216.884812611,15.9,AVG
367661:8784,74:74,05/17/23 22:34:02,STABLE BEAMS,6800,244209.912740764,238384.257798718,31.6,AVG
367661:8784,75:75,05/17/23 22:34:26,STABLE BEAMS,6800,201040.490323514,197746.731307453,26.0,AVG
367661:8784,76:76,05/17/23 22:34:49,STABLE BEAMS,6800,60944.717115768,60653.390153517,7.9,AVG
367661:8784,77:77,05/17/23 22:35:12,STABLE BEAMS,6800,11079.657109908,11053.411601415,1.4,AVG
367661:8784,78:78,05/17/23 22:35:36,STABLE BEAMS,6800,133987.182390402,132094.633188849,17.3,AVG
367661:8784,79:79,05/17/23 22:35:59,STABLE BEAMS,6800,43479.406126745,43270.196654382,5.6,AVG
367661:8784,80:80,05/17/23 22:36:22,STABLE BEAMS,6800,38714.932779110,38574.544828853,5.0,AVG
367661:8784,81:81,05/17/23 22:36:46,STABLE BEAMS,6800,132772.221788674,131465.801558001,17.2,AVG
367661:8784,82:82,05/17/23 22:37:09,STABLE BEAMS,6800,246952.276707797,240746.543108303,31.9,AVG
367661:8784,83:83,05/17/23 22:37:32,STABLE BEAMS,6800,224650.826644438,220408.391686696,29.0,AVG
367661:8784,84:84,05/17/23 22:37:56,STABLE BEAMS,6800,95246.249700764,94596.341424889,12.3,AVG
367661:8784,85:85,05/17/23 22:38:19,STABLE BEAMS,6800,26961.206729316,26878.904140818,3.5,AVG
367661:8784,86:86,05/17/23 22:38:42,STABLE BEAMS,6800,174537.352524267,171422.679309531,22.6,AVG
367661:8784,87:87,05/17/23 22:39:06,STABLE BEAMS,6800,267059.439081178,259639.779189071,34.5,AVG
367661:8784,88:88,05/17/23 22:39:29,STABLE BEAMS,6800,267120.767409798,259736.564257201,34.5,AVG
367661:8784,89:89,05/17/23 22:39:52,STABLE BEAMS,6800,267185.464145992,256209.957609338,34.5,AVG
367661:8784,90:90,05/17/23 22:40:15,STABLE BEAMS,6800,266851.371729474,259657.939917562,34.5,AVG
367661:8784,91:91,05/17/23 22:40:39,STABLE BEAMS,6800,266840.718703445,259690.428441204,34.5,AVG
367661:8784,92:92,05/17/23 22:41:02,STABLE BEAMS,6800,266471.275490487,259315.676976330,34.4,AVG
367661:8784,93:93,05/17/23 22:41:25,STABLE BEAMS,6800,266196.485695889,255371.246452767,34.4,AVG
367661:8784,94:94,05/17/23 22:41:49,STABLE BEAMS,6800,266152.094979331,259033.585298129,34.4,AVG
367661:8784,95:95,05/17/23 22:42:12,STABLE BEAMS,6800,265955.319369002,258838.610951491,34.4,AVG
367661:8784,96:96,05/17/23 22:42:35,STABLE BEAMS,6800,265555.644406686,258496.592111938,34.3,AVG
367661:8784,97:97,05/17/23 22:42:59,STABLE BEAMS,6800,265539.709158122,255557.580640716,34.3,AVG
367661:8784,98:98,05/17/23 22:43:22,STABLE BEAMS,6800,265368.405236069,258390.763780362,34.3,AVG
367661:8784,99:99,05/17/23 22:43:45,STABLE BEAMS,6800,265200.222627330,258244.572086038,34.3,AVG
367661:8784,100:100,05/17/23 22:44:09,STABLE BEAMS,6800,264873.508072383,254945.949211980,34.2,AVG
367661:8784,101:101,05/17/23 22:44:32,STABLE BEAMS,6800,264579.619756504,257373.738277174,34.2,AVG
367661:8784,102:102,05/17/23 22:44:55,STABLE BEAMS,6800,264571.332774550,257622.704047675,34.2,AVG
367661:8784,103:103,05/17/23 22:45:19,STABLE BEAMS,6800,264427.346754472,257480.660015782,34.2,AVG
367661:8784,104:104,05/17/23 22:45:42,STABLE BEAMS,6800,264235.601610264,252527.604676465,34.2,AVG
367661:8784,105:105,05/17/23 22:46:05,STABLE BEAMS,6800,263931.333004470,257084.872856304,34.1,AVG
367661:8784,106:106,05/17/23 22:46:28,STABLE BEAMS,6800,263716.300391984,256725.665530835,34.1,AVG
367661:8784,107:107,05/17/23 22:46:52,STABLE BEAMS,6800,263534.912226910,256746.672936242,34.1,AVG
367661:8784,108:108,05/17/23 22:47:15,STABLE BEAMS,6800,263233.853515393,256457.722484039,34.0,AVG
367661:8784,109:109,05/17/23 22:47:38,STABLE BEAMS,6800,266774.679266377,255884.312072425,34.5,AVG
367661:8784,110:110,05/17/23 22:48:02,STABLE BEAMS,6800,276408.178069226,268084.901845961,35.7,AVG
367661:8784,111:111,05/17/23 22:48:25,STABLE BEAMS,6800,277026.391585199,265596.461128795,35.8,AVG
367661:8784,112:112,05/17/23 22:48:48,STABLE BEAMS,6800,276441.458868485,268094.822480317,35.7,AVG
367661:8784,113:113,05/17/23 22:49:12,STABLE BEAMS,6800,276134.115570934,264007.941061173,35.7,AVG
367661:8784,114:114,05/17/23 22:49:35,STABLE BEAMS,6800,275665.920904659,267522.542548462,35.6,AVG
367661:8784,115:115,05/17/23 22:49:58,STABLE BEAMS,6800,275756.408686801,267589.635620950,35.6,AVG
367661:8784,116:116,05/17/23 22:50:22,STABLE BEAMS,6800,275589.111887667,262266.086980392,35.6,AVG
367661:8784,117:117,05/17/23 22:50:45,STABLE BEAMS,6800,275455.690312658,267297.162445095,35.6,AVG
367661:8784,118:118,05/17/23 22:51:08,STABLE BEAMS,6800,275258.436831358,267114.254559205,35.6,AVG
367661:8784,119:119,05/17/23 22:51:31,STABLE BEAMS,6800,275660.843816980,264440.833439099,35.6,AVG
367661:8784,120:120,05/17/23 22:51:55,STABLE BEAMS,6800,285806.997934999,275918.005297862,36.9,AVG
367661:8784,121:121,05/17/23 22:52:18,STABLE BEAMS,6800,289234.386441860,278838.232975455,37.4,AVG
367661:8784,122:122,05/17/23 22:52:41,STABLE BEAMS,6800,289387.636165534,275019.055334563,37.4,AVG
367661:8784,123:123,05/17/23 22:53:05,STABLE BEAMS,6800,289323.669056725,278859.953365484,37.4,AVG
367661:8784,124:124,05/17/23 22:53:28,STABLE BEAMS,6800,289458.389042127,279128.704374606,37.4,AVG
367661:8784,125:125,05/17/23 22:53:51,STABLE BEAMS,6800,289467.086293793,278945.134368776,37.4,AVG
367661:8784,126:126,05/17/23 22:54:15,STABLE BEAMS,6800,289152.367465749,273697.597958210,37.4,AVG
367661:8784,127:127,05/17/23 22:54:38,STABLE BEAMS,6800,289205.863372606,282810.509455075,37.4,AVG
367661:8784,128:128,05/17/23 22:55:01,STABLE BEAMS,6800,289013.549445388,282661.477171866,37.4,AVG
367661:8784,129:129,05/17/23 22:55:25,STABLE BEAMS,6800,291821.677782296,285233.297270843,37.7,AVG
367661:8784,130:130,05/17/23 22:55:48,STABLE BEAMS,6800,302745.283679102,295332.570070497,39.1,AVG
367661:8784,131:131,05/17/23 22:56:11,STABLE BEAMS,6800,303595.329886028,296066.757563950,39.2,AVG
367661:8784,132:132,05/17/23 22:56:34,STABLE BEAMS,6800,303392.066885887,295915.305980643,39.2,AVG
367661:8784,133:133,05/17/23 22:56:58,STABLE BEAMS,6800,303093.556042521,295582.767999745,39.2,AVG
367661:8784,134:134,05/17/23 22:57:21,STABLE BEAMS,6800,302890.952737427,295302.491396648,39.2,AVG
367661:8784,135:135,05/17/23 22:57:44,STABLE BEAMS,6800,302790.583516043,295361.626602124,39.1,AVG
367661:8784,136:136,05/17/23 22:58:08,STABLE BEAMS,6800,302480.419614226,294995.539211029,39.1,AVG
367661:8784,137:137,05/17/23 22:58:31,STABLE BEAMS,6800,302205.583198070,291409.681273151,39.1,AVG
367661:8784,138:138,05/17/23 22:58:54,STABLE BEAMS,6800,302124.610875939,290724.448459391,39.1,AVG
367661:8784,139:139,05/17/23 22:59:18,STABLE BEAMS,6800,307929.449421245,300065.090205416,39.8,AVG
367661:8784,140:140,05/17/23 22:59:41,STABLE BEAMS,6800,317432.918367438,234159.786688755,41.0,AVG
367661:8784,141:141,05/17/23 23:00:04,STABLE BEAMS,6800,317431.960294419,307971.660205552,41.0,AVG
367661:8784,142:142,05/17/23 23:00:28,STABLE BEAMS,6800,317342.952746747,307753.273700422,41.0,AVG
367661:8784,143:143,05/17/23 23:00:51,STABLE BEAMS,6800,317188.563125976,303499.510939630,41.0,AVG
367661:8784,144:144,05/17/23 23:01:14,STABLE BEAMS,6800,317042.712243574,308334.014832509,41.0,AVG
367661:8784,145:145,05/17/23 23:01:38,STABLE BEAMS,6800,316586.103034490,307876.405245388,40.9,AVG
367661:8784,146:146,05/17/23 23:02:01,STABLE BEAMS,6800,316356.843853545,233592.664755543,40.9,AVG
367661:8784,147:147,05/17/23 23:02:24,STABLE BEAMS,6800,316229.907337270,306873.893248580,40.9,AVG
367661:8784,148:148,05/17/23 23:02:47,STABLE BEAMS,6800,316152.669401944,300948.410645718,40.9,AVG
367661:8784,149:149,05/17/23 23:03:11,STABLE BEAMS,6800,324046.713209427,314218.368393831,41.9,AVG
367661:8784,150:150,05/17/23 23:03:34,STABLE BEAMS,6800,330831.175589201,320101.662243887,42.8,AVG
367661:8784,151:151,05/17/23 23:03:57,STABLE BEAMS,6800,330672.370906877,224106.928841967,42.7,AVG
367661:8784,152:152,05/17/23 23:04:21,STABLE BEAMS,6800,330508.670960952,319849.658543583,42.7,AVG
367661:8784,153:153,05/17/23 23:04:44,STABLE BEAMS,6800,330370.582567976,319629.642541199,42.7,AVG
367661:8784,154:154,05/17/23 23:05:07,STABLE BEAMS,6800,330061.964170810,314931.380649265,42.7,AVG
367661:8784,155:155,05/17/23 23:05:31,STABLE BEAMS,6800,329771.171526390,319451.587876548,42.6,AVG
367661:8784,156:156,05/17/23 23:05:54,STABLE BEAMS,6800,329294.188696410,314480.895742774,42.6,AVG
367661:8784,157:157,05/17/23 23:06:17,STABLE BEAMS,6800,328738.646209931,313908.289940292,42.5,AVG
367661:8784,158:158,05/17/23 23:06:41,STABLE BEAMS,6800,328870.132990278,318303.689002331,42.5,AVG
367661:8784,159:159,05/17/23 23:07:04,STABLE BEAMS,6800,331004.640420473,320528.312933236,42.8,AVG
367661:8784,160:160,05/17/23 23:07:27,STABLE BEAMS,6800,341933.934147369,324842.833017866,44.2,AVG
367661:8784,161:161,05/17/23 23:07:51,STABLE BEAMS,6800,341952.648040796,329531.993820296,44.2,AVG
367661:8784,162:162,05/17/23 23:08:14,STABLE BEAMS,6800,341389.319754112,324118.988210895,44.1,AVG
367661:8784,163:163,05/17/23 23:08:37,STABLE BEAMS,6800,340915.840534224,325024.960202587,44.1,AVG
367661:8784,164:164,05/17/23 23:09:00,STABLE BEAMS,6800,340444.412662894,323711.088698513,44.0,AVG
367661:8784,165:165,05/17/23 23:09:24,STABLE BEAMS,6800,340182.781803073,328257.642579876,44.0,AVG
367661:8784,166:166,05/17/23 23:09:47,STABLE BEAMS,6800,340019.697261714,321558.269621519,43.9,AVG
367661:8784,167:167,05/17/23 23:10:10,STABLE BEAMS,6800,339586.307919648,331377.159548554,43.9,AVG
367661:8784,168:168,05/17/23 23:10:34,STABLE BEAMS,6800,340555.320687489,327838.745125851,44.0,AVG
367661:8784,169:169,05/17/23 23:10:57,STABLE BEAMS,6800,352205.292790780,342711.903816403,45.5,AVG
367661:8784,170:170,05/17/23 23:11:20,STABLE BEAMS,6800,357752.803646080,347771.092908135,46.2,AVG
367661:8784,171:171,05/17/23 23:11:44,STABLE BEAMS,6800,357502.895777047,347526.706077060,46.2,AVG
367661:8784,172:172,05/17/23 23:12:07,STABLE BEAMS,6800,357304.024527680,343221.930621933,46.2,AVG
367661:8784,173:173,05/17/23 23:12:30,STABLE BEAMS,6800,356974.897307101,347046.033782051,46.1,AVG
367661:8784,174:174,05/17/23 23:12:54,STABLE BEAMS,6800,356182.512643250,346331.040683166,46.0,AVG
367661:8784,175:175,05/17/23 23:13:17,STABLE BEAMS,6800,355788.551152881,340933.046144862,46.0,AVG
367661:8784,176:176,05/17/23 23:13:40,STABLE BEAMS,6800,355707.098628701,345813.697612526,46.0,AVG
367661:8784,177:177,05/17/23 23:14:03,STABLE BEAMS,6800,355006.341644088,345050.267959094,45.9,AVG
367661:8784,178:178,05/17/23 23:14:27,STABLE BEAMS,6800,355495.982227096,338598.208305558,46.0,AVG
367661:8784,179:179,05/17/23 23:14:50,STABLE BEAMS,6800,368870.996271061,357258.771242726,47.7,AVG
367661:8784,180:180,05/17/23 23:15:13,STABLE BEAMS,6800,369977.736114803,353156.690091840,47.8,AVG
367661:8784,181:181,05/17/23 23:15:37,STABLE BEAMS,6800,369613.801238936,357860.105090787,47.8,AVG
367661:8784,182:182,05/17/23 23:16:00,STABLE BEAMS,6800,369048.400623994,353474.187260924,47.7,AVG
367661:8784,183:183,05/17/23 23:16:23,STABLE BEAMS,6800,368852.466532789,272312.243131087,47.7,AVG
367661:8784,184:184,05/17/23 23:16:47,STABLE BEAMS,6800,368511.115139673,356315.241737234,47.6,AVG
367661:8784,185:185,05/17/23 23:17:10,STABLE BEAMS,6800,367772.886077726,355772.195024270,47.5,AVG
367661:8784,186:186,05/17/23 23:17:33,STABLE BEAMS,6800,366796.656292689,349587.894373327,47.4,AVG
367661:8784,187:187,05/17/23 23:17:57,STABLE BEAMS,6800,366398.233119208,355123.939024313,47.4,AVG
367661:8784,188:188,05/17/23 23:18:20,STABLE BEAMS,6800,371531.271329647,359492.135343344,48.0,AVG
367661:8784,189:189,05/17/23 23:18:43,STABLE BEAMS,6800,379586.966065576,359265.817617969,49.1,AVG
367661:8784,190:190,05/17/23 23:19:07,STABLE BEAMS,6800,379309.649382528,366052.915888079,49.0,AVG
367661:8784,191:191,05/17/23 23:19:30,STABLE BEAMS,6800,370800.625264128,353865.741147407,47.9,AVG
367661:8784,192:192,05/17/23 23:19:53,STABLE BEAMS,6800,365399.513094537,353995.278714991,47.2,AVG
367661:8784,193:193,05/17/23 23:20:16,STABLE BEAMS,6800,356614.172325510,346111.579653131,46.1,AVG
367661:8784,194:194,05/17/23 23:20:40,STABLE BEAMS,6800,331138.176218300,324180.350563441,42.8,AVG
367661:8784,195:195,05/17/23 23:21:03,STABLE BEAMS,6800,378614.309822968,367933.994658973,48.9,AVG
367661:8784,196:196,05/17/23 23:21:26,STABLE BEAMS,6800,359583.881658528,350919.028632179,46.5,AVG
367661:8784,197:197,05/17/23 23:21:50,STABLE BEAMS,6800,388363.726136832,376786.477514337,50.2,AVG
367661:8784,198:198,05/17/23 23:22:13,STABLE BEAMS,6800,398232.516950245,380038.571329501,51.5,AVG
367661:8784,199:199,05/17/23 23:22:36,STABLE BEAMS,6800,398039.065457010,385230.917121693,51.4,AVG
367661:8784,200:200,05/17/23 23:23:00,STABLE BEAMS,6800,397857.448846301,385180.287111463,51.4,AVG
367661:8784,201:201,05/17/23 23:23:23,STABLE BEAMS,6800,397650.292946058,384864.201963494,51.4,AVG
367661:8784,202:202,05/17/23 23:23:46,STABLE BEAMS,6800,397230.335274885,384798.838183908,51.3,AVG
367661:8784,203:203,05/17/23 23:24:10,STABLE BEAMS,6800,397012.889996766,377133.804247813,51.3,AVG
367661:8784,204:204,05/17/23 23:24:33,STABLE BEAMS,6800,396716.041211946,264357.790328666,51.3,AVG
367661:8784,205:205,05/17/23 23:24:56,STABLE BEAMS,6800,396604.995653754,383786.277401722,51.3,AVG
367661:8784,206:206,05/17/23 23:25:20,STABLE BEAMS,6800,396076.861981290,383252.480532714,51.2,AVG
367661:8784,207:207,05/17/23 23:25:43,STABLE BEAMS,6800,399662.395475427,386946.423245764,51.7,AVG
367661:8784,208:208,05/17/23 23:26:06,STABLE BEAMS,6800,410918.953891655,396079.637662929,53.1,AVG
367661:8784,209:209,05/17/23 23:26:29,STABLE BEAMS,6800,411236.563256303,390697.294667751,53.2,AVG
367661:8784,210:210,05/17/23 23:26:53,STABLE BEAMS,6800,410944.721626825,396132.725871722,53.1,AVG
367661:8784,211:211,05/17/23 23:27:16,STABLE BEAMS,6800,410422.779297278,395769.331106602,53.1,AVG
367661:8784,212:212,05/17/23 23:27:39,STABLE BEAMS,6800,410055.133345385,395553.586861793,53.0,AVG
367661:8784,213:213,05/17/23 23:28:03,STABLE BEAMS,6800,409616.599314382,395234.175973781,52.9,AVG
367661:8784,214:214,05/17/23 23:28:26,STABLE BEAMS,6800,409619.196135168,319802.615162073,52.9,AVG
367661:8784,215:215,05/17/23 23:28:49,STABLE BEAMS,6800,409154.892037917,381294.566355694,52.9,AVG
367661:8784,216:216,05/17/23 23:29:13,STABLE BEAMS,6800,409037.608515249,394495.356162873,52.9,AVG
367661:8784,217:217,05/17/23 23:29:36,STABLE BEAMS,6800,412825.565821481,397375.662732015,53.4,AVG
367661:8784,218:218,05/17/23 23:29:59,STABLE BEAMS,6800,424995.020967127,405840.173990904,54.9,AVG
367661:8784,219:219,05/17/23 23:30:23,STABLE BEAMS,6800,426949.347730604,400012.828564370,55.2,AVG
367661:8784,220:220,05/17/23 23:30:46,STABLE BEAMS,6800,426987.227746571,407406.218634113,55.2,AVG
367661:8784,221:221,05/17/23 23:31:09,STABLE BEAMS,6800,426730.991001024,407347.248537435,55.2,AVG
367661:8784,222:222,05/17/23 23:31:33,STABLE BEAMS,6800,426811.804809858,401528.278673392,55.2,AVG
367661:8784,223:223,05/17/23 23:31:56,STABLE BEAMS,6800,426626.230028866,407336.563650161,55.1,AVG
367661:8784,224:224,05/17/23 23:32:19,STABLE BEAMS,6800,426444.205479524,413024.514356065,55.1,AVG
367661:8784,225:225,05/17/23 23:32:42,STABLE BEAMS,6800,426046.691426426,412795.338133864,55.1,AVG
367661:8784,226:226,05/17/23 23:33:06,STABLE BEAMS,6800,425872.135650693,412530.238820040,55.0,AVG
367661:8784,227:227,05/17/23 23:33:29,STABLE BEAMS,6800,426232.904922764,412886.127005812,55.1,AVG
367661:8784,228:228,05/17/23 23:33:52,STABLE BEAMS,6800,435578.434016536,420590.803284093,56.3,AVG
367661:8784,229:229,05/17/23 23:34:16,STABLE BEAMS,6800,443765.615532813,427004.975375261,57.4,AVG
367661:8784,230:230,05/17/23 23:34:39,STABLE BEAMS,6800,443557.093620917,426852.405109837,57.3,AVG
367661:8784,231:231,05/17/23 23:35:02,STABLE BEAMS,6800,443081.544403849,426450.957029794,57.3,AVG
367661:8784,232:232,05/17/23 23:35:26,STABLE BEAMS,6800,442814.745544311,426299.142032758,57.2,AVG
367661:8784,233:233,05/17/23 23:35:49,STABLE BEAMS,6800,442519.080947068,403425.369658512,57.2,AVG
367661:8784,234:234,05/17/23 23:36:12,STABLE BEAMS,6800,442275.229218434,408943.314991374,57.2,AVG
367661:8784,235:235,05/17/23 23:36:36,STABLE BEAMS,6800,442240.307340329,416058.397764410,57.2,AVG
367661:8784,236:236,05/17/23 23:36:59,STABLE BEAMS,6800,442543.212265548,421130.804345013,57.2,AVG
367661:8784,237:237,05/17/23 23:37:22,STABLE BEAMS,6800,443092.472497071,425010.271376904,57.3,AVG
367661:8784,238:238,05/17/23 23:37:45,STABLE BEAMS,6800,442871.246210589,420005.732156456,57.2,AVG
367661:8784,239:239,05/17/23 23:38:09,STABLE BEAMS,6800,443699.508494486,424000.587938239,57.4,AVG
367661:8784,240:240,05/17/23 23:38:32,STABLE BEAMS,6800,443995.674273479,429654.630910681,57.4,AVG
367661:8784,241:241,05/17/23 23:38:55,STABLE BEAMS,6800,443725.686499367,333468.248694263,57.4,AVG
367661:8784,242:242,05/17/23 23:39:19,STABLE BEAMS,6800,443704.198623232,422870.857814722,57.4,AVG
367661:8784,243:243,05/17/23 23:39:42,STABLE BEAMS,6800,443145.924113448,428246.248817562,57.3,AVG
367661:8784,244:244,05/17/23 23:40:05,STABLE BEAMS,6800,442803.271978860,428386.439477930,57.2,AVG
367661:8784,245:245,05/17/23 23:40:29,STABLE BEAMS,6800,442407.489916646,427946.619728612,57.2,AVG
367661:8784,246:246,05/17/23 23:40:52,STABLE BEAMS,6800,442097.256082492,419587.841750694,57.1,AVG
367661:8784,247:247,05/17/23 23:41:15,STABLE BEAMS,6800,441951.018241158,419449.431598079,57.1,AVG
367661:8784,248:248,05/17/23 23:41:39,STABLE BEAMS,6800,446158.294503217,389454.258467841,57.7,AVG
367661:8784,249:249,05/17/23 23:42:02,STABLE BEAMS,6800,462117.483236459,429420.155298842,59.7,AVG
367661:8784,250:250,05/17/23 23:42:25,STABLE BEAMS,6800,465231.884906159,433794.020421411,60.1,AVG
367661:8784,251:251,05/17/23 23:42:49,STABLE BEAMS,6800,465138.961147605,439899.172724401,60.1,AVG
367661:8784,252:252,05/17/23 23:43:12,STABLE BEAMS,6800,464489.217471880,434878.075377991,60.0,AVG
367661:8784,253:253,05/17/23 23:43:35,STABLE BEAMS,6800,464282.744577463,440261.358104884,60.0,AVG
367661:8784,254:254,05/17/23 23:43:58,STABLE BEAMS,6800,464322.990637505,450215.778213093,60.0,AVG
367661:8784,255:255,05/17/23 23:44:22,STABLE BEAMS,6800,464459.850552424,450276.618498722,60.0,AVG
367661:8784,256:256,05/17/23 23:44:45,STABLE BEAMS,6800,464078.957084794,449893.847332631,60.0,AVG
367661:8784,257:257,05/17/23 23:45:08,STABLE BEAMS,6800,463724.013176409,444585.747026072,59.9,AVG
367661:8784,258:258,05/17/23 23:45:32,STABLE BEAMS,6800,463518.314199857,449757.914885028,59.9,AVG
367661:8784,259:259,05/17/23 23:45:55,STABLE BEAMS,6800,462993.458022929,449174.466492583,59.8,AVG
367661:8784,260:260,05/17/23 23:46:18,STABLE BEAMS,6800,462540.035397341,448868.451408660,59.8,AVG
367661:8784,261:261,05/17/23 23:46:42,STABLE BEAMS,6800,462507.756961581,448698.957340668,59.8,AVG
367661:8784,262:262,05/17/23 23:47:05,STABLE BEAMS,6800,462376.314471715,448722.023281847,59.8,AVG
367661:8784,263:263,05/17/23 23:47:28,STABLE BEAMS,6800,461632.462849860,448032.021634122,59.7,AVG
367661:8784,264:264,05/17/23 23:47:52,STABLE BEAMS,6800,461390.704429185,447731.688432436,59.6,AVG
367661:8784,265:265,05/17/23 23:48:15,STABLE BEAMS,6800,461663.515138641,447995.992856950,59.7,AVG
367661:8784,266:266,05/17/23 23:48:38,STABLE BEAMS,6800,461024.424488945,447526.670379162,59.6,AVG
367661:8784,267:267,05/17/23 23:49:02,STABLE BEAMS,6800,460965.464535477,447343.494098890,59.6,AVG
367661:8784,268:268,05/17/23 23:49:25,STABLE BEAMS,6800,461361.158016731,447640.678423112,59.6,AVG
367661:8784,269:269,05/17/23 23:49:48,STABLE BEAMS,6800,461197.390469546,447667.797538041,59.6,AVG
367661:8784,270:270,05/17/23 23:50:11,STABLE BEAMS,6800,460104.287431552,446643.323321758,59.5,AVG
367661:8784,271:271,05/17/23 23:50:35,STABLE BEAMS,6800,459666.345494336,446224.997297274,59.4,AVG
367661:8784,272:272,05/17/23 23:50:58,STABLE BEAMS,6800,459332.891793164,446090.294068997,59.4,AVG
367661:8784,273:273,05/17/23 23:51:21,STABLE BEAMS,6800,459223.484982740,445481.344531767,59.4,AVG
367661:8784,274:274,05/17/23 23:51:45,STABLE BEAMS,6800,458608.390449005,445368.273302682,59.3,AVG
367661:8784,275:275,05/17/23 23:52:08,STABLE BEAMS,6800,457918.127977123,444827.780892313,59.2,AVG
367661:8784,276:276,05/17/23 23:52:31,STABLE BEAMS,6800,457849.379827529,444839.570057992,59.2,AVG
367661:8784,277:277,05/17/23 23:52:55,STABLE BEAMS,6800,457711.153900957,190091.239844511,59.2,AVG
367661:8784,278:278,05/17/23 23:53:18,STABLE BEAMS,6800,457329.484184384,376467.117636742,59.1,AVG
367661:8784,279:279,05/17/23 23:53:41,STABLE BEAMS,6800,457059.361207753,444154.576354624,59.1,AVG
367661:8784,280:280,05/17/23 23:54:05,STABLE BEAMS,6800,457764.922543929,444032.178939214,59.2,AVG
367661:8784,281:281,05/17/23 23:54:28,STABLE BEAMS,6800,457476.633477179,444557.196445448,59.1,AVG
367661:8784,282:282,05/17/23 23:54:51,STABLE BEAMS,6800,457351.475573346,444465.751053282,59.1,AVG
367661:8784,283:283,05/17/23 23:55:14,STABLE BEAMS,6800,457151.012197770,444312.934678189,59.1,AVG
367661:8784,284:284,05/17/23 23:55:38,STABLE BEAMS,6800,456948.819162388,254282.888026462,59.1,AVG
367661:8784,285:285,05/17/23 23:56:01,STABLE BEAMS,6800,456447.681703150,311453.692876375,59.0,AVG
367661:8784,286:286,05/17/23 23:56:24,STABLE BEAMS,6800,456602.980444303,443803.405243043,59.0,AVG
367661:8784,287:287,05/17/23 23:56:48,STABLE BEAMS,6800,456303.492879294,443548.127360406,59.0,AVG
367661:8784,288:288,05/17/23 23:57:11,STABLE BEAMS,6800,455148.014858701,441641.809749307,58.8,AVG
367661:8784,289:289,05/17/23 23:57:34,STABLE BEAMS,6800,454990.121627838,442348.340851809,58.8,AVG
367661:8784,290:290,05/17/23 23:57:58,STABLE BEAMS,6800,454388.456433918,441841.334473264,58.7,AVG
367661:8784,291:291,05/17/23 23:58:21,STABLE BEAMS,6800,453724.644703032,210786.094571111,58.6,AVG
367661:8784,292:292,05/17/23 23:58:44,STABLE BEAMS,6800,453610.731919016,441039.883252095,58.6,AVG
367661:8784,293:293,05/17/23 23:59:08,STABLE BEAMS,6800,453784.105838250,249594.206032929,58.7,AVG
367661:8784,294:294,05/17/23 23:59:31,STABLE BEAMS,6800,453832.594589766,441188.748024293,58.7,AVG
367661:8784,295:295,05/17/23 23:59:54,STABLE BEAMS,6800,453153.439704105,440527.509223629,58.6,AVG
367661:8784,296:296,05/18/23 00:00:18,STABLE BEAMS,6800,452635.686321555,439935.837468168,58.5,AVG
367661:8784,297:297,05/18/23 00:00:41,STABLE BEAMS,6800,453397.704033529,440795.504693808,58.6,AVG
367661:8784,298:298,05/18/23 00:01:04,STABLE BEAMS,6800,453032.699192903,440449.430381007,58.6,AVG
367661:8784,299:299,05/18/23 00:01:27,STABLE BEAMS,6800,452848.989274235,439840.076241916,58.5,AVG
367661:8784,300:300,05/18/23 00:01:51,STABLE BEAMS,6800,452405.263932735,439969.979994298,58.5,AVG
367661:8784,301:301,05/18/23 00:02:14,STABLE BEAMS,6800,453167.827116939,440629.022053256,58.6,AVG
367661:8784,302:302,05/18/23 00:02:37,STABLE BEAMS,6800,452104.501268112,439603.881477353,58.4,AVG
367661:8784,303:303,05/18/23 00:03:01,STABLE BEAMS,6800,452017.130137130,439679.446784344,58.4,AVG
367661:8784,304:304,05/18/23 00:03:24,STABLE BEAMS,6800,451270.457911009,438635.264653083,58.3,AVG
367661:8784,305:305,05/18/23 00:03:47,STABLE BEAMS,6800,450187.007866623,437862.276688267,58.2,AVG
367661:8784,306:306,05/18/23 00:04:11,STABLE BEAMS,6800,449961.504052185,437653.070966263,58.2,AVG
367661:8784,307:307,05/18/23 00:04:34,STABLE BEAMS,6800,449150.223670831,436988.491617510,58.1,AVG
367661:8784,308:308,05/18/23 00:04:57,STABLE BEAMS,6800,449176.084649116,436846.521163458,58.1,AVG
367661:8784,309:309,05/18/23 00:05:21,STABLE BEAMS,6800,449313.671860342,429196.163611617,58.1,AVG
367661:8784,310:310,05/18/23 00:05:44,STABLE BEAMS,6800,448532.261911272,431645.952820196,58.0,AVG
367661:8784,311:311,05/18/23 00:06:07,STABLE BEAMS,6800,448110.891606887,431289.176007651,57.9,AVG
367661:8784,312:312,05/18/23 00:06:31,STABLE BEAMS,6800,448642.941490233,431194.035680441,58.0,AVG
367661:8784,313:313,05/18/23 00:06:54,STABLE BEAMS,6800,448822.597664423,430588.008252208,58.0,AVG
367661:8784,314:314,05/18/23 00:07:17,STABLE BEAMS,6800,448366.536258646,436472.212469940,58.0,AVG
367661:8784,315:315,05/18/23 00:07:40,STABLE BEAMS,6800,447611.211071340,430395.049464027,57.9,AVG
367661:8784,316:316,05/18/23 00:08:04,STABLE BEAMS,6800,448308.441135081,426415.721749910,57.9,AVG
367661:8784,317:317,05/18/23 00:08:27,STABLE BEAMS,6800,448402.504790730,436388.349849757,58.0,AVG
367661:8784,318:318,05/18/23 00:08:50,STABLE BEAMS,6800,447895.448724689,427253.047345032,57.9,AVG
367661:8784,319:319,05/18/23 00:09:14,STABLE BEAMS,6800,447336.353675482,435510.312700781,57.8,AVG
367661:8784,320:320,05/18/23 00:09:37,STABLE BEAMS,6800,446589.271179650,429985.559972370,57.7,AVG
367661:8784,321:321,05/18/23 00:10:00,STABLE BEAMS,6800,446295.427154251,428070.166746087,57.7,AVG
367661:8784,322:322,05/18/23 00:10:24,STABLE BEAMS,6800,446236.604734380,429386.894746080,57.7,AVG
367661:8784,323:323,05/18/23 00:10:47,STABLE BEAMS,6800,446244.390534585,434504.652101909,57.7,AVG
367661:8784,324:324,05/18/23 00:11:10,STABLE BEAMS,6800,445774.531478684,427983.646747094,57.6,AVG
367661:8784,325:325,05/18/23 00:11:34,STABLE BEAMS,6800,445648.508744948,433960.479022450,57.6,AVG
367661:8784,326:326,05/18/23 00:11:57,STABLE BEAMS,6800,445117.277069947,433302.576945763,57.5,AVG
367661:8784,327:327,05/18/23 00:12:20,STABLE BEAMS,6800,444931.336309724,426997.972799916,57.5,AVG
367661:8784,328:328,05/18/23 00:12:43,STABLE BEAMS,6800,444796.891391514,433207.573835249,57.5,AVG
367661:8784,329:329,05/18/23 00:13:07,STABLE BEAMS,6800,443756.964902705,432416.888037319,57.4,AVG
367661:8784,330:330,05/18/23 00:13:30,STABLE BEAMS,6800,443390.458847908,432084.864586068,57.3,AVG
367661:8784,331:331,05/18/23 00:13:53,STABLE BEAMS,6800,444425.830410490,426834.801003611,57.4,AVG
367661:8784,332:332,05/18/23 00:14:17,STABLE BEAMS,6800,443611.729424870,432309.111416223,57.3,AVG
367661:8784,333:333,05/18/23 00:14:40,STABLE BEAMS,6800,442836.235751524,431589.921096246,57.2,AVG
367661:8784,334:334,05/18/23 00:15:03,STABLE BEAMS,6800,441594.664030640,430424.665797188,57.1,AVG
367661:8784,335:335,05/18/23 00:15:27,STABLE BEAMS,6800,441348.989399084,430255.041623536,57.0,AVG
367661:8784,336:336,05/18/23 00:15:50,STABLE BEAMS,6800,441131.816857080,429377.787648324,57.0,AVG
367661:8784,337:337,05/18/23 00:16:13,STABLE BEAMS,6800,440857.187906858,429813.875777721,57.0,AVG
367661:8784,338:338,05/18/23 00:16:37,STABLE BEAMS,6800,440967.594749704,429998.364788939,57.0,AVG
367661:8784,339:339,05/18/23 00:17:00,STABLE BEAMS,6800,441519.221025301,430407.974093701,57.1,AVG
367661:8784,340:340,05/18/23 00:17:23,STABLE BEAMS,6800,441599.489361905,430272.751928237,57.1,AVG
367661:8784,341:341,05/18/23 00:17:46,STABLE BEAMS,6800,446230.094033789,429665.421429534,57.7,AVG
367661:8784,342:342,05/18/23 00:18:10,STABLE BEAMS,6800,458506.587614708,445602.384998777,59.3,AVG
367661:8784,343:343,05/18/23 00:18:33,STABLE BEAMS,6800,459589.081917153,446404.196618316,59.4,AVG
367661:8784,344:344,05/18/23 00:18:56,STABLE BEAMS,6800,459585.895333656,446693.983732608,59.4,AVG
367661:8784,345:345,05/18/23 00:19:20,STABLE BEAMS,6800,459821.644235490,446672.405166491,59.4,AVG
367661:8784,346:346,05/18/23 00:19:43,STABLE BEAMS,6800,460033.763000594,440499.857889625,59.5,AVG
367661:8784,347:347,05/18/23 00:20:06,STABLE BEAMS,6800,459701.220750883,446609.591493955,59.4,AVG
367661:8784,348:348,05/18/23 00:20:30,STABLE BEAMS,6800,459728.354497705,446641.418359038,59.4,AVG
367661:8784,349:349,05/18/23 00:20:53,STABLE BEAMS,6800,458596.506613841,445606.755932180,59.3,AVG
367661:8784,350:350,05/18/23 00:21:16,STABLE BEAMS,6800,459424.223425508,446354.922494977,59.4,AVG
367661:8784,351:351,05/18/23 00:21:40,STABLE BEAMS,6800,459595.639239302,446517.977826170,59.4,AVG
367661:8784,352:352,05/18/23 00:22:03,STABLE BEAMS,6800,460190.973225630,447188.362688585,59.5,AVG
367661:8784,353:353,05/18/23 00:22:26,STABLE BEAMS,6800,460143.533459172,447093.514061472,59.5,AVG
367661:8784,354:354,05/18/23 00:22:50,STABLE BEAMS,6800,459853.013550867,430874.471830934,59.4,AVG
367661:8784,355:355,05/18/23 00:23:13,STABLE BEAMS,6800,459320.690931406,245666.152571138,59.4,AVG
367661:8784,356:356,05/18/23 00:23:36,STABLE BEAMS,6800,459259.043245113,446227.312223523,59.4,AVG
367661:8784,357:357,05/18/23 00:23:59,STABLE BEAMS,6800,458613.989698134,191740.194436766,59.3,AVG
367661:8784,358:358,05/18/23 00:24:23,STABLE BEAMS,6800,458208.783087947,179802.285751932,59.2,AVG
367661:8784,359:359,05/18/23 00:24:46,STABLE BEAMS,6800,457613.311568022,444841.936191486,59.1,AVG
367661:8784,360:360,05/18/23 00:25:09,STABLE BEAMS,6800,458253.630695775,445416.530633743,59.2,AVG
367661:8784,361:361,05/18/23 00:25:33,STABLE BEAMS,6800,457227.273411454,444562.572109194,59.1,AVG
367661:8784,362:362,05/18/23 00:25:56,STABLE BEAMS,6800,456747.124977678,393138.569586316,59.0,AVG
367661:8784,363:363,05/18/23 00:26:19,STABLE BEAMS,6800,456950.639734232,290135.176325666,59.1,AVG
367661:8784,364:364,05/18/23 00:26:43,STABLE BEAMS,6800,456451.325177916,443843.950468718,59.0,AVG
367661:8784,365:365,05/18/23 00:27:06,STABLE BEAMS,6800,455350.937521467,442893.426582849,58.9,AVG
367661:8784,366:366,05/18/23 00:27:29,STABLE BEAMS,6800,455289.837638482,248501.169429236,58.8,AVG
367663:8784,1:1,05/18/23 00:38:47,STABLE BEAMS,6800,445294.429666466,407231.286833838,57.6,AVG
367742:8796,39:39,05/20/23 03:16:41,STABLE BEAMS,6800,261809.665151380,153192.300844484,33.8,AVG
367742:8796,40:40,05/20/23 03:17:04,STABLE BEAMS,6800,261498.179528390,253734.611460764,33.8,AVG
367742:8796,41:41,05/20/23 03:17:27,STABLE BEAMS,6800,261191.656770262,254625.403465866,33.8,AVG
367742:8796,42:42,05/20/23 03:17:51,STABLE BEAMS,6800,260941.657989191,254483.717481033,33.7,AVG
367742:8796,43:43,05/20/23 03:18:14,STABLE BEAMS,6800,260715.673972704,254307.267663160,33.7,AVG
367742:8796,44:44,05/20/23 03:18:37,STABLE BEAMS,6800,260257.701083045,189169.055410267,33.6,AVG
367742:8796,45:45,05/20/23 03:19:00,STABLE BEAMS,6800,260028.439571022,252701.097886319,33.6,AVG
367742:8796,46:46,05/20/23 03:19:24,STABLE BEAMS,6800,259900.092752614,253382.149135563,33.6,AVG
367742:8796,47:47,05/20/23 03:19:47,STABLE BEAMS,6800,259471.279316477,253230.270786733,33.5,AVG
367742:8796,48:48,05/20/23 03:20:10,STABLE BEAMS,6800,259134.093559577,252878.289467148,33.5,AVG
367742:8796,49:49,05/20/23 03:20:34,STABLE BEAMS,6800,258157.476815608,251990.931434497,33.4,AVG
367742:8796,50:50,05/20/23 03:20:57,STABLE BEAMS,6800,20959.479213362,14878.986089088,2.7,AVG
367742:8796,51:51,05/20/23 03:21:20,STABLE BEAMS,6800,38300.867839774,38156.768595773,5.0,AVG
367742:8796,52:52,05/20/23 03:21:44,STABLE BEAMS,6800,138145.584107552,136660.716778541,17.9,AVG
367742:8796,53:53,05/20/23 03:22:07,STABLE BEAMS,6800,238617.398095417,233029.354526010,30.8,AVG
367742:8796,54:54,05/20/23 03:22:30,STABLE BEAMS,6800,189173.346144435,186360.485928973,24.5,AVG
367742:8796,55:55,05/20/23 03:22:54,STABLE BEAMS,6800,59178.373602976,58938.758805356,7.6,AVG
367742:8796,56:56,05/20/23 03:23:17,STABLE BEAMS,6800,11829.569441074,11804.057074036,1.5,AVG
367742:8796,57:57,05/20/23 03:23:40,STABLE BEAMS,6800,123739.977910035,122320.589179417,16.0,AVG
367742:8796,58:58,05/20/23 03:24:03,STABLE BEAMS,6800,52253.478698284,51980.438214068,6.8,AVG
367742:8796,59:59,05/20/23 03:24:27,STABLE BEAMS,6800,47766.996181426,47556.777847147,6.2,AVG
367742:8796,60:60,05/20/23 03:24:50,STABLE BEAMS,6800,137367.495711389,104771.682026387,17.8,AVG
367742:8796,61:61,05/20/23 03:25:13,STABLE BEAMS,6800,238394.693905543,233242.447896110,30.8,AVG
367742:8796,62:62,05/20/23 03:25:37,STABLE BEAMS,6800,206393.979270814,203065.197999981,26.7,AVG
367742:8796,63:63,05/20/23 03:26:00,STABLE BEAMS,6800,93479.974488555,92911.124336147,12.1,AVG
367742:8796,64:64,05/20/23 03:26:23,STABLE BEAMS,6800,28977.469533423,28903.645470594,3.7,AVG
367742:8796,65:65,05/20/23 03:26:47,STABLE BEAMS,6800,205168.660990628,201249.949270185,26.5,AVG
367742:8796,66:66,05/20/23 03:27:10,STABLE BEAMS,6800,258802.803098702,252475.100494979,33.5,AVG
367742:8796,67:67,05/20/23 03:27:33,STABLE BEAMS,6800,258949.155162853,252523.708415454,33.5,AVG
367742:8796,68:68,05/20/23 03:27:57,STABLE BEAMS,6800,257807.428170825,251543.849186005,33.3,AVG
367742:8796,69:69,05/20/23 03:28:20,STABLE BEAMS,6800,255541.114602610,249697.595550627,33.0,AVG
367742:8796,70:70,05/20/23 03:28:43,STABLE BEAMS,6800,256458.202610102,250468.841585739,33.1,AVG
367742:8796,71:71,05/20/23 03:29:06,STABLE BEAMS,6800,257721.970854804,251660.426824129,33.3,AVG
367742:8796,72:72,05/20/23 03:29:30,STABLE BEAMS,6800,257719.168899161,251549.831689397,33.3,AVG
367742:8796,73:73,05/20/23 03:29:53,STABLE BEAMS,6800,256519.074047453,250542.155842829,33.2,AVG
367742:8796,74:74,05/20/23 03:30:16,STABLE BEAMS,6800,255717.789328158,249795.596956492,33.1,AVG
367742:8796,75:75,05/20/23 03:30:40,STABLE BEAMS,6800,255253.259116351,249142.347101778,33.0,AVG
367742:8796,76:76,05/20/23 03:31:03,STABLE BEAMS,6800,255259.678904903,249423.209332472,33.0,AVG
367742:8796,77:77,05/20/23 03:31:26,STABLE BEAMS,6800,254755.126416532,248959.089155800,32.9,AVG
367742:8796,78:78,05/20/23 03:31:50,STABLE BEAMS,6800,254612.872387339,248811.344393092,32.9,AVG
367742:8796,79:79,05/20/23 03:32:13,STABLE BEAMS,6800,254808.440499313,249017.666887265,32.9,AVG
367742:8796,80:80,05/20/23 03:32:36,STABLE BEAMS,6800,255269.194364914,249129.865375852,33.0,AVG
367742:8796,81:81,05/20/23 03:33:00,STABLE BEAMS,6800,255038.065659489,249188.855203660,33.0,AVG
367742:8796,82:82,05/20/23 03:33:23,STABLE BEAMS,6800,255004.533103816,249155.841393187,33.0,AVG
367742:8796,83:83,05/20/23 03:33:46,STABLE BEAMS,6800,254786.656576284,248964.871795386,32.9,AVG
367742:8796,84:84,05/20/23 03:34:10,STABLE BEAMS,6800,254540.844411132,248817.843161851,32.9,AVG
367742:8796,85:85,05/20/23 03:34:33,STABLE BEAMS,6800,254684.877052767,246121.495803240,32.9,AVG
367742:8796,86:86,05/20/23 03:34:56,STABLE BEAMS,6800,262005.235594431,251942.541600775,33.9,AVG
367742:8796,87:87,05/20/23 03:35:19,STABLE BEAMS,6800,266347.982448978,255336.506699112,34.4,AVG
367742:8796,88:88,05/20/23 03:35:43,STABLE BEAMS,6800,266069.437287874,255040.321545601,34.4,AVG
367742:8796,89:89,05/20/23 03:36:06,STABLE BEAMS,6800,265799.428534060,254865.530885024,34.4,AVG
367742:8796,90:90,05/20/23 03:36:29,STABLE BEAMS,6800,265235.986024559,258596.510710998,34.3,AVG
367742:8796,91:91,05/20/23 03:36:53,STABLE BEAMS,6800,265080.414547291,258457.736737428,34.3,AVG
367742:8796,92:92,05/20/23 03:37:16,STABLE BEAMS,6800,267559.665088955,260626.087459458,34.6,AVG
367742:8796,93:93,05/20/23 03:37:39,STABLE BEAMS,6800,278801.628626416,266506.271801154,36.0,AVG
367742:8796,94:94,05/20/23 03:38:03,STABLE BEAMS,6800,280034.983297682,271603.493071952,36.2,AVG
367742:8796,95:95,05/20/23 03:38:26,STABLE BEAMS,6800,279564.375965774,271378.323991765,36.1,AVG
367742:8796,96:96,05/20/23 03:38:49,STABLE BEAMS,6800,279174.510179285,270987.816719394,36.1,AVG
367742:8796,97:97,05/20/23 03:39:13,STABLE BEAMS,6800,278748.246942377,270651.118164382,36.0,AVG
367742:8796,98:98,05/20/23 03:39:36,STABLE BEAMS,6800,279475.729735178,271169.588469393,36.1,AVG
367742:8796,99:99,05/20/23 03:39:59,STABLE BEAMS,6800,291948.863723907,276727.390264076,37.7,AVG
367742:8796,100:100,05/20/23 03:40:23,STABLE BEAMS,6800,295597.751253364,284207.763271867,38.2,AVG
367742:8796,101:101,05/20/23 03:40:46,STABLE BEAMS,6800,295424.104598015,284564.396345469,38.2,AVG
367742:8796,102:102,05/20/23 03:41:09,STABLE BEAMS,6800,294866.604006096,216327.196507497,38.1,AVG
367742:8796,103:103,05/20/23 03:41:32,STABLE BEAMS,6800,294553.069365627,283018.992735156,38.1,AVG
367742:8796,104:104,05/20/23 03:41:56,STABLE BEAMS,6800,294289.548001625,283470.477935094,38.0,AVG
367742:8796,105:105,05/20/23 03:42:19,STABLE BEAMS,6800,301507.581547542,288659.736713794,39.0,AVG
367742:8796,106:106,05/20/23 03:42:42,STABLE BEAMS,6800,310126.695482194,290508.520826784,40.1,AVG
367742:8796,107:107,05/20/23 03:43:06,STABLE BEAMS,6800,309976.063559007,294921.343837805,40.1,AVG
367742:8796,108:108,05/20/23 03:43:29,STABLE BEAMS,6800,310057.674596485,239804.526704333,40.1,AVG
367742:8796,109:109,05/20/23 03:43:52,STABLE BEAMS,6800,310099.356600516,301310.968512245,40.1,AVG
367742:8796,110:110,05/20/23 03:44:16,STABLE BEAMS,6800,309997.371942143,301681.371530516,40.1,AVG
367742:8796,111:111,05/20/23 03:44:39,STABLE BEAMS,6800,315012.625448164,306718.806624194,40.7,AVG
367742:8796,112:112,05/20/23 03:45:02,STABLE BEAMS,6800,325170.980427941,315575.300231211,42.0,AVG
367742:8796,113:113,05/20/23 03:45:26,STABLE BEAMS,6800,325341.258675716,244362.521279709,42.1,AVG
367742:8796,114:114,05/20/23 03:45:49,STABLE BEAMS,6800,325382.052539066,315722.528116532,42.1,AVG
367742:8796,115:115,05/20/23 03:46:12,STABLE BEAMS,6800,325406.729329775,315795.960612802,42.1,AVG
367742:8796,116:116,05/20/23 03:46:35,STABLE BEAMS,6800,325357.056390683,315666.498935783,42.1,AVG
367742:8796,117:117,05/20/23 03:46:59,STABLE BEAMS,6800,325915.333231546,316604.975057595,42.1,AVG
367742:8796,118:118,05/20/23 03:47:22,STABLE BEAMS,6800,337085.975109405,320934.274427349,43.6,AVG
367742:8796,119:119,05/20/23 03:47:45,STABLE BEAMS,6800,339328.819385266,321396.447747304,43.9,AVG
367742:8796,120:120,05/20/23 03:48:09,STABLE BEAMS,6800,339213.244542703,327836.565835332,43.8,AVG
367742:8796,121:121,05/20/23 03:48:32,STABLE BEAMS,6800,339162.091369141,327925.549770867,43.8,AVG
367742:8796,122:122,05/20/23 03:48:55,STABLE BEAMS,6800,339093.753489258,327860.393058365,43.8,AVG
367742:8796,123:123,05/20/23 03:49:19,STABLE BEAMS,6800,338921.927405754,331022.343459260,43.8,AVG
367742:8796,124:124,05/20/23 03:49:42,STABLE BEAMS,6800,347119.899481656,334522.324407318,44.9,AVG
367742:8796,125:125,05/20/23 03:50:05,STABLE BEAMS,6800,353642.320731898,344380.666282483,45.7,AVG
367742:8796,126:126,05/20/23 03:50:29,STABLE BEAMS,6800,353576.348896090,344180.800641661,45.7,AVG
367742:8796,127:127,05/20/23 03:50:52,STABLE BEAMS,6800,353131.714434206,343983.859725026,45.6,AVG
367742:8796,128:128,05/20/23 03:51:15,STABLE BEAMS,6800,353084.295647449,343291.442683337,45.6,AVG
367742:8796,129:129,05/20/23 03:51:39,STABLE BEAMS,6800,353304.132611499,256503.847578787,45.7,AVG
367742:8796,130:130,05/20/23 03:52:02,STABLE BEAMS,6800,361532.881908990,351027.097098224,46.7,AVG
367742:8796,131:131,05/20/23 03:52:25,STABLE BEAMS,6800,370169.297103857,358435.927325616,47.8,AVG
367742:8796,132:132,05/20/23 03:52:49,STABLE BEAMS,6800,369960.458165366,354547.445284383,47.8,AVG
367742:8796,133:133,05/20/23 03:53:12,STABLE BEAMS,6800,369889.933734408,358689.440020335,47.8,AVG
367742:8796,134:134,05/20/23 03:53:35,STABLE BEAMS,6800,369807.457867028,358730.869546049,47.8,AVG
367742:8796,135:135,05/20/23 03:53:58,STABLE BEAMS,6800,369793.594946723,358671.626687417,47.8,AVG
367742:8796,136:136,05/20/23 03:54:22,STABLE BEAMS,6800,372596.851330808,353974.416399529,48.2,AVG
367742:8796,137:137,05/20/23 03:54:45,STABLE BEAMS,6800,383695.241448981,370146.292042722,49.6,AVG
367742:8796,138:138,05/20/23 03:55:08,STABLE BEAMS,6800,384211.446995802,366257.294526752,49.7,AVG
367742:8796,139:139,05/20/23 03:55:32,STABLE BEAMS,6800,384120.572254727,370562.990024759,49.7,AVG
367742:8796,140:140,05/20/23 03:55:55,STABLE BEAMS,6800,384182.355143539,370563.595738243,49.7,AVG
367742:8796,141:141,05/20/23 03:56:18,STABLE BEAMS,6800,383732.028189410,370184.224228835,49.6,AVG
367742:8796,142:142,05/20/23 03:56:42,STABLE BEAMS,6800,385365.104444551,371639.651167168,49.8,AVG
367742:8796,143:143,05/20/23 03:57:05,STABLE BEAMS,6800,397686.443302219,373787.987200903,51.4,AVG
367742:8796,144:144,05/20/23 03:57:28,STABLE BEAMS,6800,400793.879711137,383175.223600047,51.8,AVG
367742:8796,145:145,05/20/23 03:57:51,STABLE BEAMS,6800,393926.078965157,297847.355462237,50.9,AVG
367742:8796,146:146,05/20/23 03:58:15,STABLE BEAMS,6800,378265.058406829,367663.069256155,48.9,AVG
367742:8796,147:147,05/20/23 03:58:38,STABLE BEAMS,6800,400698.769401508,388129.812205085,51.8,AVG
367742:8796,148:148,05/20/23 03:59:01,STABLE BEAMS,6800,357688.197821924,349080.026581375,46.2,AVG
367742:8796,149:149,05/20/23 03:59:25,STABLE BEAMS,6800,398639.725956353,386482.105194744,51.5,AVG
367742:8796,150:150,05/20/23 03:59:48,STABLE BEAMS,6800,404390.159474419,391414.452473616,52.3,AVG
367742:8796,151:151,05/20/23 04:00:11,STABLE BEAMS,6800,411684.794571394,389766.890382468,53.2,AVG
367742:8796,152:152,05/20/23 04:00:35,STABLE BEAMS,6800,411559.634336483,396248.122553877,53.2,AVG
367742:8796,153:153,05/20/23 04:00:58,STABLE BEAMS,6800,411486.562037374,397337.319383222,53.2,AVG
367742:8796,154:154,05/20/23 04:01:21,STABLE BEAMS,6800,411066.602035123,397055.792803000,53.1,AVG
367742:8796,155:155,05/20/23 04:01:45,STABLE BEAMS,6800,410646.462539872,384508.599158105,53.1,AVG
367742:8796,156:156,05/20/23 04:02:08,STABLE BEAMS,6800,410486.019109781,308531.671101904,53.1,AVG
367742:8796,157:157,05/20/23 04:02:31,STABLE BEAMS,6800,418030.333630154,391530.284422258,54.0,AVG
367742:8796,158:158,05/20/23 04:02:55,STABLE BEAMS,6800,428885.736849596,404025.888317782,55.4,AVG
367742:8796,159:159,05/20/23 04:03:18,STABLE BEAMS,6800,429357.232322186,396511.395075973,55.5,AVG
367742:8796,160:160,05/20/23 04:03:41,STABLE BEAMS,6800,429035.026071909,415625.509431535,55.5,AVG
367742:8796,161:161,05/20/23 04:04:05,STABLE BEAMS,6800,428548.322647063,415421.542714403,55.4,AVG
367742:8796,162:162,05/20/23 04:04:28,STABLE BEAMS,6800,428253.065988453,415012.520258504,55.4,AVG
367742:8796,163:163,05/20/23 04:04:51,STABLE BEAMS,6800,428308.748446385,409591.916893644,55.4,AVG
367742:8796,164:164,05/20/23 04:05:14,STABLE BEAMS,6800,437712.689690317,422842.587522106,56.6,AVG
367742:8796,165:165,05/20/23 04:05:38,STABLE BEAMS,6800,448386.704744686,423731.578074487,58.0,AVG
367742:8796,166:166,05/20/23 04:06:01,STABLE BEAMS,6800,448668.755846960,356265.897131141,58.0,AVG
367742:8796,167:167,05/20/23 04:06:24,STABLE BEAMS,6800,448096.595106092,364411.139681588,57.9,AVG
367742:8796,168:168,05/20/23 04:06:48,STABLE BEAMS,6800,447673.996323651,428351.820066112,57.9,AVG
367742:8796,169:169,05/20/23 04:07:11,STABLE BEAMS,6800,447453.136016400,430338.187218025,57.8,AVG
367742:8796,170:170,05/20/23 04:07:34,STABLE BEAMS,6800,447223.487545446,425795.783567839,57.8,AVG
367742:8796,171:171,05/20/23 04:07:58,STABLE BEAMS,6800,446337.587029253,431625.503091106,57.7,AVG
367742:8796,172:172,05/20/23 04:08:21,STABLE BEAMS,6800,445634.666804344,430620.012236434,57.6,AVG
367742:8796,173:173,05/20/23 04:08:44,STABLE BEAMS,6800,445989.745915247,431629.633208969,57.6,AVG
367742:8796,174:174,05/20/23 04:09:08,STABLE BEAMS,6800,445929.921131876,431393.279949018,57.6,AVG
367742:8796,175:175,05/20/23 04:09:31,STABLE BEAMS,6800,445646.186991354,425161.503394209,57.6,AVG
367742:8796,176:176,05/20/23 04:09:54,STABLE BEAMS,6800,445206.513063254,430580.090465491,57.5,AVG
367742:8796,177:177,05/20/23 04:10:17,STABLE BEAMS,6800,446070.151785447,431820.812407705,57.7,AVG
367742:8796,178:178,05/20/23 04:10:41,STABLE BEAMS,6800,445943.308512288,431372.636718404,57.6,AVG
367742:8796,179:179,05/20/23 04:11:04,STABLE BEAMS,6800,446097.513977904,431729.015551400,57.7,AVG
367742:8796,180:180,05/20/23 04:11:27,STABLE BEAMS,6800,446103.796232860,431694.637369085,57.7,AVG
367742:8796,181:181,05/20/23 04:11:51,STABLE BEAMS,6800,446202.456774139,423775.322338611,57.7,AVG
367742:8796,182:182,05/20/23 04:12:14,STABLE BEAMS,6800,445821.381482432,431386.527306621,57.6,AVG
367742:8796,183:183,05/20/23 04:12:37,STABLE BEAMS,6800,445359.765118007,431233.734262276,57.6,AVG
367742:8796,184:184,05/20/23 04:13:01,STABLE BEAMS,6800,445007.096341658,430883.143649904,57.5,AVG
367742:8796,185:185,05/20/23 04:13:24,STABLE BEAMS,6800,444685.435563610,430678.505101445,57.5,AVG
367742:8796,186:186,05/20/23 04:13:47,STABLE BEAMS,6800,443819.796776574,430101.295347005,57.4,AVG
367742:8796,187:187,05/20/23 04:14:11,STABLE BEAMS,6800,443533.146457592,429874.504181514,57.3,AVG
367742:8796,188:188,05/20/23 04:14:34,STABLE BEAMS,6800,444122.517546638,430386.231061206,57.4,AVG
367742:8796,189:189,05/20/23 04:14:57,STABLE BEAMS,6800,444172.780248440,430374.679330430,57.4,AVG
367742:8796,190:190,05/20/23 04:15:20,STABLE BEAMS,6800,443759.652635530,429961.450436546,57.4,AVG
367742:8796,191:191,05/20/23 04:15:44,STABLE BEAMS,6800,443667.318639686,430023.569772678,57.3,AVG
367742:8796,192:192,05/20/23 04:16:07,STABLE BEAMS,6800,443928.790986209,430358.808820431,57.4,AVG
367742:8796,193:193,05/20/23 04:16:30,STABLE BEAMS,6800,444478.962669194,430868.004575873,57.5,AVG
367742:8796,194:194,05/20/23 04:16:54,STABLE BEAMS,6800,444079.311017656,430576.358336956,57.4,AVG
367742:8796,195:195,05/20/23 04:17:17,STABLE BEAMS,6800,443787.014827987,421909.376357992,57.4,AVG
367742:8796,196:196,05/20/23 04:17:40,STABLE BEAMS,6800,443981.014124530,430177.032989144,57.4,AVG
367742:8796,197:197,05/20/23 04:18:04,STABLE BEAMS,6800,443153.845116171,429415.981215593,57.3,AVG
367742:8796,198:198,05/20/23 04:18:27,STABLE BEAMS,6800,442293.714666226,428861.088647440,57.2,AVG
367742:8796,199:199,05/20/23 04:18:50,STABLE BEAMS,6800,442023.500777557,428538.388423510,57.1,AVG
367742:8796,200:200,05/20/23 04:19:14,STABLE BEAMS,6800,441458.487121547,427974.520818386,57.1,AVG
367742:8796,201:201,05/20/23 04:19:37,STABLE BEAMS,6800,441502.467568393,426363.910120565,57.1,AVG
367742:8796,202:202,05/20/23 04:20:00,STABLE BEAMS,6800,440554.192069601,425667.222666393,56.9,AVG
367742:8796,203:203,05/20/23 04:20:24,STABLE BEAMS,6800,440449.340185404,425756.537315789,56.9,AVG
367742:8796,204:204,05/20/23 04:20:47,STABLE BEAMS,6800,440997.688965466,426046.656462182,57.0,AVG
367742:8796,205:205,05/20/23 04:21:10,STABLE BEAMS,6800,440589.477595859,425587.498231275,56.9,AVG
367742:8796,206:206,05/20/23 04:21:33,STABLE BEAMS,6800,440022.869482562,425355.669238365,56.9,AVG
367742:8796,207:207,05/20/23 04:21:57,STABLE BEAMS,6800,440234.762133109,425647.246818400,56.9,AVG
367742:8796,208:208,05/20/23 04:22:20,STABLE BEAMS,6800,440740.997659727,425923.685996048,57.0,AVG
367742:8796,209:209,05/20/23 04:22:43,STABLE BEAMS,6800,440629.497541343,425853.497854630,57.0,AVG
367742:8796,210:210,05/20/23 04:23:07,STABLE BEAMS,6800,440629.178183670,425854.451520717,57.0,AVG
367742:8796,211:211,05/20/23 04:23:30,STABLE BEAMS,6800,440465.319724447,425839.131106981,56.9,AVG
367742:8796,212:212,05/20/23 04:23:53,STABLE BEAMS,6800,440038.895643163,425509.440388631,56.9,AVG
367742:8796,213:213,05/20/23 04:24:17,STABLE BEAMS,6800,439403.450799312,425016.438684576,56.8,AVG
367742:8796,214:214,05/20/23 04:24:40,STABLE BEAMS,6800,440090.936957407,425712.768204802,56.9,AVG
367742:8796,215:215,05/20/23 04:25:03,STABLE BEAMS,6800,439704.486200050,425275.793971933,56.8,AVG
367742:8796,216:216,05/20/23 04:25:27,STABLE BEAMS,6800,439495.146079809,425083.795054423,56.8,AVG
367742:8796,217:217,05/20/23 04:25:50,STABLE BEAMS,6800,438878.501379267,424770.375482452,56.7,AVG
367742:8796,218:218,05/20/23 04:26:13,STABLE BEAMS,6800,437925.764197363,423775.367337677,56.6,AVG
367742:8796,219:219,05/20/23 04:26:36,STABLE BEAMS,6800,438531.345602165,423968.589529347,56.7,AVG
367742:8796,220:220,05/20/23 04:27:00,STABLE BEAMS,6800,438492.782580372,424286.646795108,56.7,AVG
367742:8796,221:221,05/20/23 04:27:23,STABLE BEAMS,6800,437622.451333511,423650.097547960,56.6,AVG
367742:8796,222:222,05/20/23 04:27:46,STABLE BEAMS,6800,437659.102871422,423649.753900486,56.6,AVG
367742:8796,223:223,05/20/23 04:28:10,STABLE BEAMS,6800,437656.189024040,423670.246394444,56.6,AVG
367742:8796,224:224,05/20/23 04:28:33,STABLE BEAMS,6800,437485.045946362,423511.862344551,56.5,AVG
367742:8796,225:225,05/20/23 04:28:56,STABLE BEAMS,6800,437110.616557764,423220.377432606,56.5,AVG
367742:8796,226:226,05/20/23 04:29:20,STABLE BEAMS,6800,436993.288744615,422981.829724896,56.5,AVG
367742:8796,227:227,05/20/23 04:29:43,STABLE BEAMS,6800,437007.356799776,423000.499958563,56.5,AVG
367742:8796,228:228,05/20/23 04:30:06,STABLE BEAMS,6800,437492.421476855,423488.935985425,56.5,AVG
367742:8796,229:229,05/20/23 04:30:30,STABLE BEAMS,6800,447734.641646445,432080.349991122,57.9,AVG
367742:8796,230:230,05/20/23 04:30:53,STABLE BEAMS,6800,457983.962279335,436711.601789432,59.2,AVG
367742:8796,231:231,05/20/23 04:31:16,STABLE BEAMS,6800,458278.214243368,437022.235141307,59.2,AVG
367742:8796,232:232,05/20/23 04:31:40,STABLE BEAMS,6800,457972.808071556,437419.812933751,59.2,AVG
367742:8796,233:233,05/20/23 04:32:03,STABLE BEAMS,6800,457550.801382904,429457.378192757,59.1,AVG
367742:8796,234:234,05/20/23 04:32:26,STABLE BEAMS,6800,457705.279584635,421326.120604103,59.2,AVG
367742:8796,235:235,05/20/23 04:32:50,STABLE BEAMS,6800,457562.773799027,430101.560765723,59.1,AVG
367742:8796,236:236,05/20/23 04:33:13,STABLE BEAMS,6800,457629.018370951,436579.512106393,59.2,AVG
367742:8796,237:237,05/20/23 04:33:36,STABLE BEAMS,6800,457467.619198918,428898.947399882,59.1,AVG
367742:8796,238:238,05/20/23 04:33:59,STABLE BEAMS,6800,457149.373450002,432914.244362886,59.1,AVG
367742:8796,239:239,05/20/23 04:34:23,STABLE BEAMS,6800,457336.223330609,432760.266800854,59.1,AVG
367742:8796,240:240,05/20/23 04:34:46,STABLE BEAMS,6800,457048.617269686,434759.233373149,59.1,AVG
367742:8796,241:241,05/20/23 04:35:09,STABLE BEAMS,6800,457425.186587801,435468.664967763,59.1,AVG
367742:8796,242:242,05/20/23 04:35:33,STABLE BEAMS,6800,457070.471125051,441127.525646924,59.1,AVG
367742:8796,243:243,05/20/23 04:35:56,STABLE BEAMS,6800,456077.532173586,440284.588072755,59.0,AVG
367742:8796,244:244,05/20/23 04:36:19,STABLE BEAMS,6800,455521.124857204,439905.713791537,58.9,AVG
367742:8796,245:245,05/20/23 04:36:43,STABLE BEAMS,6800,455480.694642009,333555.590856338,58.9,AVG
367742:8796,246:246,05/20/23 04:37:06,STABLE BEAMS,6800,455459.432880431,439389.702382918,58.9,AVG
367742:8796,247:247,05/20/23 04:37:29,STABLE BEAMS,6800,453731.111113143,438081.387374110,58.6,AVG
367742:8796,248:248,05/20/23 04:37:53,STABLE BEAMS,6800,453599.123151046,431406.214379906,58.6,AVG
367742:8796,249:249,05/20/23 04:38:16,STABLE BEAMS,6800,454767.757775339,439108.812516609,58.8,AVG
367742:8796,250:250,05/20/23 04:38:39,STABLE BEAMS,6800,454797.350809351,439323.149465961,58.8,AVG
367742:8796,251:251,05/20/23 04:39:02,STABLE BEAMS,6800,454487.755690543,438913.633744965,58.7,AVG
367742:8796,252:252,05/20/23 04:39:26,STABLE BEAMS,6800,454339.785858326,438848.117745483,58.7,AVG
367742:8796,253:253,05/20/23 04:39:49,STABLE BEAMS,6800,453938.313634944,438441.497935503,58.7,AVG
367742:8796,254:254,05/20/23 04:40:12,STABLE BEAMS,6800,453111.871922891,432529.318472061,58.6,AVG
367742:8796,255:255,05/20/23 04:40:36,STABLE BEAMS,6800,453725.693688090,437152.338485751,58.6,AVG
367742:8796,256:256,05/20/23 04:40:59,STABLE BEAMS,6800,453254.878890248,437557.466702583,58.6,AVG
367742:8796,257:257,05/20/23 04:41:22,STABLE BEAMS,6800,453064.385534875,437735.788633690,58.6,AVG
367742:8796,258:258,05/20/23 04:41:46,STABLE BEAMS,6800,452400.485223029,428862.781959219,58.5,AVG
367742:8796,259:259,05/20/23 04:42:09,STABLE BEAMS,6800,452021.319084126,436724.962848452,58.4,AVG
367742:8796,260:260,05/20/23 04:42:32,STABLE BEAMS,6800,451816.666761554,436754.093992024,58.4,AVG
367742:8796,261:261,05/20/23 04:42:56,STABLE BEAMS,6800,451408.592925544,436326.191990214,58.3,AVG
367742:8796,262:262,05/20/23 04:43:19,STABLE BEAMS,6800,450430.586859142,435710.018095304,58.2,AVG
367742:8796,263:263,05/20/23 04:43:42,STABLE BEAMS,6800,449996.742956885,435495.645794753,58.2,AVG
367742:8796,264:264,05/20/23 04:44:06,STABLE BEAMS,6800,450688.415730899,435937.391410523,58.3,AVG
367742:8796,265:265,05/20/23 04:44:29,STABLE BEAMS,6800,450381.781081031,435720.916366937,58.2,AVG
367742:8796,266:266,05/20/23 04:44:52,STABLE BEAMS,6800,449826.646533186,435306.715825640,58.1,AVG
367742:8796,267:267,05/20/23 04:45:15,STABLE BEAMS,6800,450023.377853035,435530.118230941,58.2,AVG
367742:8796,268:268,05/20/23 04:45:39,STABLE BEAMS,6800,450570.815181636,435703.374869941,58.2,AVG
367742:8796,269:269,05/20/23 04:46:02,STABLE BEAMS,6800,450339.210936318,435750.302059882,58.2,AVG
367742:8796,270:270,05/20/23 04:46:25,STABLE BEAMS,6800,450535.485364898,435892.849343907,58.2,AVG
367742:8796,271:271,05/20/23 04:46:49,STABLE BEAMS,6800,450043.546339075,435373.660521831,58.2,AVG
367742:8796,272:272,05/20/23 04:47:12,STABLE BEAMS,6800,449840.169116117,435201.102678370,58.1,AVG
367742:8796,273:273,05/20/23 04:47:35,STABLE BEAMS,6800,449349.004008159,433961.538144881,58.1,AVG
367742:8796,274:274,05/20/23 04:47:59,STABLE BEAMS,6800,449331.702747943,434796.212183965,58.1,AVG
367742:8796,275:275,05/20/23 04:48:22,STABLE BEAMS,6800,448683.735353582,434267.477132777,58.0,AVG
367742:8796,276:276,05/20/23 04:48:45,STABLE BEAMS,6800,448064.589406447,433728.563255613,57.9,AVG
367742:8796,277:277,05/20/23 04:49:09,STABLE BEAMS,6800,448129.558878756,433671.204528148,57.9,AVG
367742:8796,278:278,05/20/23 04:49:32,STABLE BEAMS,6800,447729.951517699,433469.474476787,57.9,AVG
367742:8796,279:279,05/20/23 04:49:55,STABLE BEAMS,6800,446624.374881832,431843.338560034,57.7,AVG
367742:8796,280:280,05/20/23 04:50:19,STABLE BEAMS,6800,446051.302689502,431969.212739604,57.7,AVG
367742:8796,281:281,05/20/23 04:50:42,STABLE BEAMS,6800,446938.112326078,432817.972185233,57.8,AVG
367742:8796,282:282,05/20/23 04:51:05,STABLE BEAMS,6800,446675.047853345,432698.589626089,57.7,AVG
367742:8796,283:283,05/20/23 04:51:28,STABLE BEAMS,6800,446556.307406986,432422.943666785,57.7,AVG
367742:8796,284:284,05/20/23 04:51:52,STABLE BEAMS,6800,446350.153870243,432271.069960152,57.7,AVG
367742:8796,285:285,05/20/23 04:52:15,STABLE BEAMS,6800,447034.497735321,432781.341541007,57.8,AVG
367742:8796,286:286,05/20/23 04:52:38,STABLE BEAMS,6800,447033.905641533,431009.798626013,57.8,AVG
367742:8796,287:287,05/20/23 04:53:02,STABLE BEAMS,6800,446838.449421299,430840.218554272,57.8,AVG
367742:8796,288:288,05/20/23 04:53:25,STABLE BEAMS,6800,446244.707561180,430271.950339742,57.7,AVG
367742:8796,289:289,05/20/23 04:53:48,STABLE BEAMS,6800,445944.490368787,429926.926081713,57.6,AVG
367742:8796,290:290,05/20/23 04:54:12,STABLE BEAMS,6800,445595.740134397,429955.275694036,57.6,AVG
367742:8796,291:291,05/20/23 04:54:35,STABLE BEAMS,6800,445136.081875412,429302.953205198,57.5,AVG
367742:8796,292:292,05/20/23 04:54:58,STABLE BEAMS,6800,444509.511445148,429049.469259106,57.5,AVG
367742:8796,293:293,05/20/23 04:55:22,STABLE BEAMS,6800,443820.022891131,428516.821660964,57.4,AVG
367742:8796,294:294,05/20/23 04:55:45,STABLE BEAMS,6800,444127.433789941,427864.172808486,57.4,AVG
367742:8796,295:295,05/20/23 04:56:08,STABLE BEAMS,6800,444080.903143866,195951.530719843,57.4,AVG
367742:8796,296:296,05/20/23 04:56:31,STABLE BEAMS,6800,443147.015057907,427924.173705712,57.3,AVG
367742:8796,297:297,05/20/23 04:56:55,STABLE BEAMS,6800,443072.028943838,428027.303488345,57.3,AVG
367742:8796,298:298,05/20/23 04:57:18,STABLE BEAMS,6800,443812.966718311,428447.005278313,57.4,AVG
367742:8796,299:299,05/20/23 04:57:41,STABLE BEAMS,6800,443614.051178464,428217.497624805,57.3,AVG
367742:8796,300:300,05/20/23 04:58:05,STABLE BEAMS,6800,443425.287482897,427958.461005879,57.3,AVG
367742:8796,301:301,05/20/23 04:58:28,STABLE BEAMS,6800,443042.755267499,427051.224042482,57.3,AVG
367742:8796,302:302,05/20/23 04:58:51,STABLE BEAMS,6800,443185.988349412,427873.681330447,57.3,AVG
367742:8796,303:303,05/20/23 04:59:15,STABLE BEAMS,6800,443033.922813314,427896.619736068,57.3,AVG
367742:8796,304:304,05/20/23 04:59:38,STABLE BEAMS,6800,442863.597943980,427855.614816483,57.2,AVG
367742:8796,305:305,05/20/23 05:00:01,STABLE BEAMS,6800,442767.030710660,427936.383422137,57.2,AVG
367742:8796,306:306,05/20/23 05:00:25,STABLE BEAMS,6800,442560.194168090,427650.625660004,57.2,AVG
367742:8796,307:307,05/20/23 05:00:48,STABLE BEAMS,6800,441842.795618309,427041.303564736,57.1,AVG
367742:8796,308:308,05/20/23 05:01:11,STABLE BEAMS,6800,441383.773743592,426600.608527866,57.1,AVG
367742:8796,309:309,05/20/23 05:01:35,STABLE BEAMS,6800,440455.030346572,425850.382809387,56.9,AVG
367742:8796,310:310,05/20/23 05:01:58,STABLE BEAMS,6800,439836.201426032,425291.096001434,56.9,AVG
367742:8796,311:311,05/20/23 05:02:21,STABLE BEAMS,6800,440538.121618519,426003.380101788,56.9,AVG
367742:8796,312:312,05/20/23 05:02:44,STABLE BEAMS,6800,440669.016305078,415784.713077536,57.0,AVG
367742:8796,313:313,05/20/23 05:03:08,STABLE BEAMS,6800,440247.419886137,421019.352315643,56.9,AVG
367742:8796,314:314,05/20/23 05:03:31,STABLE BEAMS,6800,440013.629089744,414510.434263551,56.9,AVG
367742:8796,315:315,05/20/23 05:03:54,STABLE BEAMS,6800,439776.194818584,425290.954742571,56.8,AVG
367742:8796,316:316,05/20/23 05:04:18,STABLE BEAMS,6800,439724.475193091,420066.148715671,56.8,AVG
367742:8796,317:317,05/20/23 05:04:41,STABLE BEAMS,6800,440124.035932590,413423.998085199,56.9,AVG
367742:8796,318:318,05/20/23 05:05:04,STABLE BEAMS,6800,440103.958358588,420787.189295007,56.9,AVG
367742:8796,319:319,05/20/23 05:05:28,STABLE BEAMS,6800,439653.859850095,425042.773528490,56.8,AVG
367742:8796,320:320,05/20/23 05:05:51,STABLE BEAMS,6800,439616.252570242,424907.985494794,56.8,AVG
367742:8796,321:321,05/20/23 05:06:14,STABLE BEAMS,6800,439260.625656031,418701.993481932,56.8,AVG
367742:8796,322:322,05/20/23 05:06:38,STABLE BEAMS,6800,439007.531203501,418588.919790260,56.7,AVG
367742:8796,323:323,05/20/23 05:07:01,STABLE BEAMS,6800,438538.765423139,424316.541297150,56.7,AVG
367742:8796,324:324,05/20/23 05:07:24,STABLE BEAMS,6800,439057.066608997,424811.523765155,56.8,AVG
367742:8796,325:325,05/20/23 05:07:47,STABLE BEAMS,6800,439142.843282692,417041.357369084,56.8,AVG
367742:8796,326:326,05/20/23 05:08:11,STABLE BEAMS,6800,438006.170067563,423975.973597801,56.6,AVG
367742:8796,327:327,05/20/23 05:08:34,STABLE BEAMS,6800,437950.669433707,417777.762837227,56.6,AVG
367742:8796,328:328,05/20/23 05:08:57,STABLE BEAMS,6800,437852.964634369,423875.320911881,56.6,AVG
367742:8796,329:329,05/20/23 05:09:21,STABLE BEAMS,6800,441623.436525230,426909.853828621,57.1,AVG
367742:8796,330:330,05/20/23 05:09:44,STABLE BEAMS,6800,455257.193223491,437575.870648386,58.8,AVG
367742:8796,331:331,05/20/23 05:10:07,STABLE BEAMS,6800,456310.138782403,432279.516045602,59.0,AVG
367742:8796,332:332,05/20/23 05:10:31,STABLE BEAMS,6800,456054.722576279,438225.856387537,58.9,AVG
367742:8796,333:333,05/20/23 05:10:54,STABLE BEAMS,6800,455293.252667614,437504.754062724,58.8,AVG
367742:8796,334:334,05/20/23 05:11:17,STABLE BEAMS,6800,455141.457536552,410807.552022452,58.8,AVG
367742:8796,335:335,05/20/23 05:11:41,STABLE BEAMS,6800,454950.966512257,294673.915675609,58.8,AVG
367742:8796,336:336,05/20/23 05:12:04,STABLE BEAMS,6800,453145.791437497,438109.695660263,58.6,AVG
367742:8796,337:337,05/20/23 05:12:27,STABLE BEAMS,6800,452334.648589739,437583.244287718,58.5,AVG
367742:8796,338:338,05/20/23 05:12:50,STABLE BEAMS,6800,449732.037405306,435250.130844597,58.1,AVG
367742:8796,339:339,05/20/23 05:13:14,STABLE BEAMS,6800,449095.772022032,434880.979352756,58.0,AVG
367742:8796,340:340,05/20/23 05:13:37,STABLE BEAMS,6800,450966.371129293,429395.048351885,58.3,AVG
367742:8796,341:341,05/20/23 05:14:00,STABLE BEAMS,6800,450729.027770171,436181.206622598,58.3,AVG
367742:8796,342:342,05/20/23 05:14:24,STABLE BEAMS,6800,451108.830293342,436533.728458318,58.3,AVG
367742:8796,343:343,05/20/23 05:14:47,STABLE BEAMS,6800,451116.844539182,428265.352783137,58.3,AVG
367742:8796,344:344,05/20/23 05:15:10,STABLE BEAMS,6800,453066.844822065,415432.714291188,58.6,AVG
367742:8796,345:345,05/20/23 05:15:34,STABLE BEAMS,6800,452693.189351332,323804.757496919,58.5,AVG
367742:8796,346:346,05/20/23 05:15:57,STABLE BEAMS,6800,453542.804308845,435858.588201299,58.6,AVG
367742:8796,347:347,05/20/23 05:16:20,STABLE BEAMS,6800,453943.912884073,438814.935886551,58.7,AVG
367742:8796,348:348,05/20/23 05:16:44,STABLE BEAMS,6800,454174.060205700,439124.570982922,58.7,AVG
367742:8796,349:349,05/20/23 05:17:07,STABLE BEAMS,6800,454348.072840280,439011.929069369,58.7,AVG
367742:8796,350:350,05/20/23 05:17:30,STABLE BEAMS,6800,454568.387675301,439257.379911567,58.8,AVG
367742:8796,351:351,05/20/23 05:17:54,STABLE BEAMS,6800,454501.460097551,439220.577561676,58.7,AVG
367742:8796,352:352,05/20/23 05:18:17,STABLE BEAMS,6800,454129.534286624,438883.665271590,58.7,AVG
367742:8796,353:353,05/20/23 05:18:40,STABLE BEAMS,6800,453647.336835369,438564.793041076,58.6,AVG
367742:8796,354:354,05/20/23 05:19:04,STABLE BEAMS,6800,453447.922444850,438386.130548318,58.6,AVG
367742:8796,355:355,05/20/23 05:19:27,STABLE BEAMS,6800,453627.396794964,438345.370011223,58.6,AVG
367742:8796,356:356,05/20/23 05:19:50,STABLE BEAMS,6800,453377.032034661,438229.469910353,58.6,AVG
367742:8796,357:357,05/20/23 05:20:13,STABLE BEAMS,6800,452728.791904185,437789.453596827,58.5,AVG
367742:8796,358:358,05/20/23 05:20:37,STABLE BEAMS,6800,452587.789663827,437465.768708735,58.5,AVG
367742:8796,359:359,05/20/23 05:21:00,STABLE BEAMS,6800,452532.836833279,437502.549846760,58.5,AVG
367742:8796,360:360,05/20/23 05:21:23,STABLE BEAMS,6800,452234.988016038,437130.934512323,58.5,AVG
367742:8796,361:361,05/20/23 05:21:47,STABLE BEAMS,6800,451586.747885562,436672.930572002,58.4,AVG
367742:8796,362:362,05/20/23 05:22:10,STABLE BEAMS,6800,451910.411059531,437024.759772986,58.4,AVG
367742:8796,363:363,05/20/23 05:22:33,STABLE BEAMS,6800,451849.903270333,437128.770016011,58.4,AVG
367742:8796,364:364,05/20/23 05:22:57,STABLE BEAMS,6800,451259.212791192,436475.323080130,58.3,AVG
367742:8796,365:365,05/20/23 05:23:20,STABLE BEAMS,6800,450891.520217742,436251.222477702,58.3,AVG
367742:8796,366:366,05/20/23 05:23:43,STABLE BEAMS,6800,451041.629979477,436249.205176009,58.3,AVG
367742:8796,367:367,05/20/23 05:24:07,STABLE BEAMS,6800,451616.613655690,435862.830947013,58.4,AVG
367742:8796,368:368,05/20/23 05:24:30,STABLE BEAMS,6800,450013.314589716,435392.534508209,58.2,AVG
367742:8796,369:369,05/20/23 05:24:53,STABLE BEAMS,6800,449453.993425952,434216.803114108,58.1,AVG
367742:8796,370:370,05/20/23 05:25:16,STABLE BEAMS,6800,449924.805892716,435289.161568569,58.2,AVG
367742:8796,371:371,05/20/23 05:25:40,STABLE BEAMS,6800,449931.773484576,435310.139522145,58.2,AVG
367742:8796,372:372,05/20/23 05:26:03,STABLE BEAMS,6800,449830.562744067,435272.221445822,58.1,AVG
367742:8796,373:373,05/20/23 05:26:26,STABLE BEAMS,6800,449684.322571655,433206.151996997,58.1,AVG
367742:8796,374:374,05/20/23 05:26:50,STABLE BEAMS,6800,449169.210300372,432673.536496045,58.1,AVG
367742:8796,375:375,05/20/23 05:27:13,STABLE BEAMS,6800,449002.209548132,417333.285382774,58.0,AVG
367742:8796,376:376,05/20/23 05:27:36,STABLE BEAMS,6800,448955.452787500,321628.353780639,58.0,AVG
367742:8796,377:377,05/20/23 05:28:00,STABLE BEAMS,6800,448531.578905445,432303.478795723,58.0,AVG
367742:8796,378:378,05/20/23 05:28:23,STABLE BEAMS,6800,448087.489915792,431827.693105824,57.9,AVG
367742:8796,379:379,05/20/23 05:28:46,STABLE BEAMS,6800,447822.555918579,431477.044539631,57.9,AVG
367742:8796,380:380,05/20/23 05:29:10,STABLE BEAMS,6800,447626.055375443,431535.455572879,57.9,AVG
367742:8796,381:381,05/20/23 05:29:33,STABLE BEAMS,6800,447376.511154563,431540.131210070,57.8,AVG
367742:8796,382:382,05/20/23 05:29:56,STABLE BEAMS,6800,446444.490262007,430755.570888179,57.7,AVG
367742:8796,383:383,05/20/23 05:30:20,STABLE BEAMS,6800,446260.416695186,430801.665256081,57.7,AVG
367742:8796,384:384,05/20/23 05:30:43,STABLE BEAMS,6800,446436.338482571,430856.760377085,57.7,AVG
367742:8796,385:385,05/20/23 05:31:06,STABLE BEAMS,6800,445659.481128650,430143.021823116,57.6,AVG
367742:8796,386:386,05/20/23 05:31:29,STABLE BEAMS,6800,445117.095245871,429904.327569465,57.5,AVG
367742:8796,387:387,05/20/23 05:31:53,STABLE BEAMS,6800,446049.526408138,430532.210338936,57.7,AVG
367742:8796,388:388,05/20/23 05:32:16,STABLE BEAMS,6800,446115.680068023,418102.936914047,57.7,AVG
367742:8796,389:389,05/20/23 05:32:39,STABLE BEAMS,6800,446041.696317453,418686.740904189,57.7,AVG
367742:8796,390:390,05/20/23 05:33:03,STABLE BEAMS,6800,445913.531323121,420509.496765705,57.6,AVG
367742:8796,391:391,05/20/23 05:33:26,STABLE BEAMS,6800,445492.298552333,416761.651422217,57.6,AVG
367742:8796,392:392,05/20/23 05:33:49,STABLE BEAMS,6800,445257.642926037,429892.024920842,57.6,AVG
367742:8796,393:393,05/20/23 05:34:13,STABLE BEAMS,6800,445435.660352459,425124.135711364,57.6,AVG
367742:8796,394:394,05/20/23 05:34:36,STABLE BEAMS,6800,445412.578019037,429972.442400669,57.6,AVG
367742:8796,395:395,05/20/23 05:34:59,STABLE BEAMS,6800,444902.880841729,421277.170059617,57.5,AVG
367742:8796,396:396,05/20/23 05:35:23,STABLE BEAMS,6800,444859.720934306,429288.818610184,57.5,AVG
367742:8796,397:397,05/20/23 05:35:46,STABLE BEAMS,6800,444814.919948037,429096.030646093,57.5,AVG
367742:8796,398:398,05/20/23 05:36:09,STABLE BEAMS,6800,444482.832258517,423657.801702211,57.5,AVG
367742:8796,399:399,05/20/23 05:36:33,STABLE BEAMS,6800,443852.804839719,422527.720710401,57.4,AVG
367742:8796,400:400,05/20/23 05:36:56,STABLE BEAMS,6800,443740.621715508,428653.292634058,57.4,AVG
367742:8796,401:401,05/20/23 05:37:19,STABLE BEAMS,6800,443135.588114014,427940.138262749,57.3,AVG
367742:8796,402:402,05/20/23 05:37:42,STABLE BEAMS,6800,442308.782753808,421094.430062612,57.2,AVG
367742:8796,403:403,05/20/23 05:38:06,STABLE BEAMS,6800,441644.791529924,426886.169239366,57.1,AVG
367742:8796,404:404,05/20/23 05:38:29,STABLE BEAMS,6800,442082.642555101,420868.240339303,57.1,AVG
367742:8796,405:405,05/20/23 05:38:52,STABLE BEAMS,6800,442513.525988419,427586.507726381,57.2,AVG
367742:8796,406:406,05/20/23 05:39:16,STABLE BEAMS,6800,442127.487831851,427270.311599826,57.1,AVG
367742:8796,407:407,05/20/23 05:39:39,STABLE BEAMS,6800,441998.642162771,427024.775791478,57.1,AVG
367742:8796,408:408,05/20/23 05:40:02,STABLE BEAMS,6800,442638.777135368,427878.164733205,57.2,AVG
367742:8796,409:409,05/20/23 05:40:26,STABLE BEAMS,6800,442456.479849911,427680.426556629,57.2,AVG
367742:8796,410:410,05/20/23 05:40:49,STABLE BEAMS,6800,442671.421550359,427839.990868672,57.2,AVG
367742:8796,411:411,05/20/23 05:41:12,STABLE BEAMS,6800,442720.866043816,427993.359712701,57.2,AVG
367742:8796,412:412,05/20/23 05:41:36,STABLE BEAMS,6800,442308.374815175,427659.970540683,57.2,AVG
367742:8796,413:413,05/20/23 05:41:59,STABLE BEAMS,6800,442176.976615788,427540.677526482,57.2,AVG
367742:8796,414:414,05/20/23 05:42:22,STABLE BEAMS,6800,440412.597735455,425748.619793173,56.9,AVG
367742:8796,415:415,05/20/23 05:42:45,STABLE BEAMS,6800,440401.396906118,425877.433544820,56.9,AVG
367742:8796,416:416,05/20/23 05:43:09,STABLE BEAMS,6800,440383.277437557,425856.241702759,56.9,AVG
367742:8796,417:417,05/20/23 05:43:32,STABLE BEAMS,6800,440178.534202947,425681.735866342,56.9,AVG
367742:8796,418:418,05/20/23 05:43:55,STABLE BEAMS,6800,440049.185021039,425532.809413866,56.9,AVG
367742:8796,419:419,05/20/23 05:44:19,STABLE BEAMS,6800,439586.612914672,425056.064325096,56.8,AVG
367742:8796,420:420,05/20/23 05:44:42,STABLE BEAMS,6800,439394.753547646,425047.140900860,56.8,AVG
367742:8796,421:421,05/20/23 05:45:05,STABLE BEAMS,6800,439276.651816633,424826.340882141,56.8,AVG
367742:8796,422:422,05/20/23 05:45:29,STABLE BEAMS,6800,439365.069601595,424988.941624931,56.8,AVG
367742:8796,423:423,05/20/23 05:45:52,STABLE BEAMS,6800,439030.569246443,424632.898288840,56.7,AVG
367742:8796,424:424,05/20/23 05:46:15,STABLE BEAMS,6800,438964.233762481,424799.111660293,56.7,AVG
367742:8796,425:425,05/20/23 05:46:39,STABLE BEAMS,6800,438769.870817785,424791.682083694,56.7,AVG
367742:8796,426:426,05/20/23 05:47:02,STABLE BEAMS,6800,438440.377617974,346392.374690721,56.7,AVG
367742:8796,427:427,05/20/23 05:47:25,STABLE BEAMS,6800,447685.651713179,432054.198433639,57.9,AVG
367742:8796,428:428,05/20/23 05:47:49,STABLE BEAMS,6800,459225.806736334,439281.302935078,59.4,AVG
367742:8796,429:429,05/20/23 05:48:12,STABLE BEAMS,6800,458935.014091913,439778.736537654,59.3,AVG
367742:8796,430:430,05/20/23 05:48:35,STABLE BEAMS,6800,458470.437258547,439562.185960252,59.3,AVG
367742:8796,431:431,05/20/23 05:48:58,STABLE BEAMS,6800,458202.046272800,442289.340219213,59.2,AVG
367742:8796,432:432,05/20/23 05:49:22,STABLE BEAMS,6800,456475.225719683,440814.617602331,59.0,AVG
367742:8796,433:433,05/20/23 05:49:45,STABLE BEAMS,6800,456378.977844036,440792.217507350,59.0,AVG
367742:8796,434:434,05/20/23 05:50:08,STABLE BEAMS,6800,457300.301420083,441308.378542776,59.1,AVG
367742:8796,435:435,05/20/23 05:50:32,STABLE BEAMS,6800,457100.064159064,441304.874673964,59.1,AVG
367742:8796,436:436,05/20/23 05:50:55,STABLE BEAMS,6800,456563.552592607,440761.247067805,59.0,AVG
367742:8796,437:437,05/20/23 05:51:18,STABLE BEAMS,6800,456387.537562105,440597.366553059,59.0,AVG
367742:8796,438:438,05/20/23 05:51:42,STABLE BEAMS,6800,456960.474551916,441226.655965999,59.1,AVG
367742:8796,439:439,05/20/23 05:52:05,STABLE BEAMS,6800,457182.153067512,441259.656672846,59.1,AVG
367742:8796,440:440,05/20/23 05:52:28,STABLE BEAMS,6800,457474.994729411,441563.089306788,59.1,AVG
367742:8796,441:441,05/20/23 05:52:52,STABLE BEAMS,6800,457377.835402303,441641.922812140,59.1,AVG
367742:8796,442:442,05/20/23 05:53:15,STABLE BEAMS,6800,457291.287141821,441435.131553580,59.1,AVG
367742:8796,443:443,05/20/23 05:53:38,STABLE BEAMS,6800,456956.467428997,441161.856558694,59.1,AVG
367758:8804,52:52,05/21/23 03:47:38,STABLE BEAMS,6800,230729.931657353,139618.238117031,29.8,AVG
367758:8804,53:53,05/21/23 03:48:02,STABLE BEAMS,6800,231814.110629800,229517.680495935,30.0,AVG
367758:8804,54:54,05/21/23 03:48:25,STABLE BEAMS,6800,231179.483761186,228942.843172916,29.9,AVG
367758:8804,55:55,05/21/23 03:48:48,STABLE BEAMS,6800,231704.226647728,229327.526752562,29.9,AVG
367758:8804,56:56,05/21/23 03:49:12,STABLE BEAMS,6800,232478.649890100,230241.959610994,30.0,AVG
367758:8804,57:57,05/21/23 03:49:35,STABLE BEAMS,6800,234332.494608022,232043.935298357,30.3,AVG
367758:8804,58:58,05/21/23 03:49:58,STABLE BEAMS,6800,235409.343039779,233093.896989575,30.4,AVG
367758:8804,59:59,05/21/23 03:50:22,STABLE BEAMS,6800,234953.325924483,232627.147310128,30.4,AVG
367758:8804,60:60,05/21/23 03:50:45,STABLE BEAMS,6800,233991.527842760,231662.943884858,30.2,AVG
367758:8804,61:61,05/21/23 03:51:08,STABLE BEAMS,6800,233058.073104184,226484.366314470,30.1,AVG
367758:8804,62:62,05/21/23 03:51:32,STABLE BEAMS,6800,208622.548958012,159076.043368376,27.0,AVG
367758:8804,63:63,05/21/23 03:51:55,STABLE BEAMS,6800,9060.189423342,8833.151928688,1.2,AVG
367758:8804,64:64,05/21/23 03:52:18,STABLE BEAMS,6800,49291.126014029,49029.940069086,6.4,AVG
367758:8804,65:65,05/21/23 03:52:42,STABLE BEAMS,6800,151681.657219284,149549.990964920,19.6,AVG
367758:8804,66:66,05/21/23 03:53:05,STABLE BEAMS,6800,224155.631802105,218436.843761614,29.0,AVG
367758:8804,67:67,05/21/23 03:53:28,STABLE BEAMS,6800,127695.855811848,126400.384547033,16.5,AVG
367758:8804,68:68,05/21/23 03:53:51,STABLE BEAMS,6800,37037.629449080,36919.203878953,4.8,AVG
367758:8804,69:69,05/21/23 03:54:15,STABLE BEAMS,6800,6521.189019150,6510.693443814,0.8,AVG
367758:8804,70:70,05/21/23 03:54:38,STABLE BEAMS,6800,144089.525297831,141693.743832842,18.6,AVG
367758:8804,71:71,05/21/23 03:55:01,STABLE BEAMS,6800,14755.772934707,14726.135658290,1.9,AVG
367758:8804,72:72,05/21/23 03:55:25,STABLE BEAMS,6800,51095.679623419,50888.945119992,6.6,AVG
367758:8804,73:73,05/21/23 03:55:48,STABLE BEAMS,6800,139554.941454606,137941.153385025,18.0,AVG
367758:8804,74:74,05/21/23 03:56:11,STABLE BEAMS,6800,222135.675405056,216628.127214213,28.7,AVG
367758:8804,75:75,05/21/23 03:56:35,STABLE BEAMS,6800,164213.204290605,161741.144592047,21.2,AVG
367758:8804,76:76,05/21/23 03:56:58,STABLE BEAMS,6800,67649.229584180,67301.399074035,8.7,AVG
367758:8804,77:77,05/21/23 03:57:21,STABLE BEAMS,6800,32083.346218114,31984.239409333,4.1,AVG
367758:8804,78:78,05/21/23 03:57:45,STABLE BEAMS,6800,230184.973896320,224166.319971897,29.8,AVG
367758:8804,79:79,05/21/23 03:58:08,STABLE BEAMS,6800,231427.456835557,225235.780004271,29.9,AVG
367758:8804,80:80,05/21/23 03:58:31,STABLE BEAMS,6800,231055.076231330,220773.067482845,29.9,AVG
367758:8804,81:81,05/21/23 03:58:54,STABLE BEAMS,6800,228711.363883413,223004.644407561,29.6,AVG
367758:8804,82:82,05/21/23 03:59:18,STABLE BEAMS,6800,227023.904979380,221407.207708137,29.3,AVG
367758:8804,83:83,05/21/23 03:59:41,STABLE BEAMS,6800,228233.743503626,222590.641782945,29.5,AVG
367758:8804,84:84,05/21/23 04:00:04,STABLE BEAMS,6800,229070.837076168,220083.265072077,29.6,AVG
367758:8804,85:85,05/21/23 04:00:28,STABLE BEAMS,6800,228904.110458690,223199.811121690,29.6,AVG
367758:8804,86:86,05/21/23 04:00:51,STABLE BEAMS,6800,228236.338459550,219412.812361472,29.5,AVG
367758:8804,87:87,05/21/23 04:01:14,STABLE BEAMS,6800,227415.521405376,221867.365174411,29.4,AVG
367758:8804,88:88,05/21/23 04:01:38,STABLE BEAMS,6800,226650.932514473,221178.743024274,29.3,AVG
367758:8804,89:89,05/21/23 04:02:01,STABLE BEAMS,6800,226155.714827576,162318.252706852,29.2,AVG
367758:8804,90:90,05/21/23 04:02:24,STABLE BEAMS,6800,225596.415575944,219771.108089536,29.2,AVG
367758:8804,91:91,05/21/23 04:02:48,STABLE BEAMS,6800,225431.009280992,220016.704528475,29.1,AVG
367758:8804,92:92,05/21/23 04:03:11,STABLE BEAMS,6800,225551.706201037,215877.350470858,29.2,AVG
367758:8804,93:93,05/21/23 04:03:34,STABLE BEAMS,6800,225714.130581132,220197.137863243,29.2,AVG
367758:8804,94:94,05/21/23 04:03:58,STABLE BEAMS,6800,225391.581196187,157340.623605753,29.1,AVG
367758:8804,95:95,05/21/23 04:04:21,STABLE BEAMS,6800,225146.818016092,219778.156859992,29.1,AVG
367758:8804,96:96,05/21/23 04:04:44,STABLE BEAMS,6800,225009.662287386,219670.132599142,29.1,AVG
367758:8804,97:97,05/21/23 04:05:08,STABLE BEAMS,6800,224867.817129257,219569.678651239,29.1,AVG
367758:8804,98:98,05/21/23 04:05:31,STABLE BEAMS,6800,224859.553691190,219498.267197643,29.1,AVG
367758:8804,99:99,05/21/23 04:05:54,STABLE BEAMS,6800,224624.169369940,219340.050727040,29.0,AVG
367758:8804,100:100,05/21/23 04:06:17,STABLE BEAMS,6800,224567.030687640,219230.662527339,29.0,AVG
367758:8804,101:101,05/21/23 04:06:41,STABLE BEAMS,6800,226573.260066225,221069.775935315,29.3,AVG
367758:8804,102:102,05/21/23 04:07:04,STABLE BEAMS,6800,230938.658937212,222543.751189308,29.9,AVG
367758:8804,103:103,05/21/23 04:07:27,STABLE BEAMS,6800,231072.877973973,224930.628109373,29.9,AVG
367758:8804,104:104,05/21/23 04:07:51,STABLE BEAMS,6800,231286.112392963,225400.732404899,29.9,AVG
367758:8804,105:105,05/21/23 04:08:14,STABLE BEAMS,6800,231103.109024008,225140.347706948,29.9,AVG
367758:8804,106:106,05/21/23 04:08:37,STABLE BEAMS,6800,231043.124794908,225178.967860498,29.9,AVG
367758:8804,107:107,05/21/23 04:09:01,STABLE BEAMS,6800,230927.982367296,221841.197835724,29.8,AVG
367758:8804,108:108,05/21/23 04:09:24,STABLE BEAMS,6800,237330.500895736,230264.840357093,30.7,AVG
367758:8804,109:109,05/21/23 04:09:47,STABLE BEAMS,6800,244234.953179627,236875.908193421,31.6,AVG
367758:8804,110:110,05/21/23 04:10:11,STABLE BEAMS,6800,244350.120083556,236911.229731759,31.6,AVG
367758:8804,111:111,05/21/23 04:10:34,STABLE BEAMS,6800,243836.257270031,233784.161768874,31.5,AVG
367758:8804,112:112,05/21/23 04:10:57,STABLE BEAMS,6800,243350.623809943,235888.956171072,31.5,AVG
367758:8804,113:113,05/21/23 04:11:21,STABLE BEAMS,6800,243050.725975223,235854.499087115,31.4,AVG
367758:8804,114:114,05/21/23 04:11:44,STABLE BEAMS,6800,242552.616586183,235345.130875046,31.4,AVG
367758:8804,115:115,05/21/23 04:12:07,STABLE BEAMS,6800,241824.087139403,231080.740477899,31.3,AVG
367758:8804,116:116,05/21/23 04:12:30,STABLE BEAMS,6800,244190.175504137,236719.652180993,31.6,AVG
367758:8804,117:117,05/21/23 04:12:54,STABLE BEAMS,6800,255567.658586722,246158.984100388,33.0,AVG
367758:8804,118:118,05/21/23 04:13:17,STABLE BEAMS,6800,256230.579845847,241054.823464270,33.1,AVG
367758:8804,119:119,05/21/23 04:13:40,STABLE BEAMS,6800,256160.444704900,246442.731059675,33.1,AVG
367758:8804,120:120,05/21/23 04:14:04,STABLE BEAMS,6800,255869.059966691,242281.275467727,33.1,AVG
367758:8804,121:121,05/21/23 04:14:27,STABLE BEAMS,6800,255531.599142599,246088.779460085,33.0,AVG
367758:8804,122:122,05/21/23 04:14:50,STABLE BEAMS,6800,256033.076939212,246501.077115186,33.1,AVG
367758:8804,123:123,05/21/23 04:15:14,STABLE BEAMS,6800,265461.149501623,249442.219421529,34.3,AVG
367758:8804,124:124,05/21/23 04:15:37,STABLE BEAMS,6800,272588.737224801,253862.319323398,35.2,AVG
367758:8804,125:125,05/21/23 04:16:00,STABLE BEAMS,6800,272548.558766018,254431.056714908,35.2,AVG
367758:8804,126:126,05/21/23 04:16:24,STABLE BEAMS,6800,272659.466790614,264761.625299691,35.2,AVG
367758:8804,127:127,05/21/23 04:16:47,STABLE BEAMS,6800,272934.324186472,261242.480586623,35.3,AVG
367758:8804,128:128,05/21/23 04:17:10,STABLE BEAMS,6800,273295.391836514,265160.486587028,35.3,AVG
367758:8804,129:129,05/21/23 04:17:33,STABLE BEAMS,6800,274065.831732961,261261.024304280,35.4,AVG
367758:8804,130:130,05/21/23 04:17:57,STABLE BEAMS,6800,284241.508952656,274363.672957676,36.7,AVG
367758:8804,131:131,05/21/23 04:18:20,STABLE BEAMS,6800,288238.853000686,278062.918284376,37.3,AVG
367758:8804,132:132,05/21/23 04:18:43,STABLE BEAMS,6800,287785.204260541,272352.538643432,37.2,AVG
367758:8804,133:133,05/21/23 04:19:07,STABLE BEAMS,6800,287452.137518302,277319.520154046,37.2,AVG
367758:8804,134:134,05/21/23 04:19:30,STABLE BEAMS,6800,287430.327953416,277400.706036610,37.2,AVG
367758:8804,135:135,05/21/23 04:19:53,STABLE BEAMS,6800,286868.820238577,273015.977463624,37.1,AVG
367758:8804,136:136,05/21/23 04:20:17,STABLE BEAMS,6800,290566.835234896,216962.260575912,37.6,AVG
367758:8804,137:137,05/21/23 04:20:40,STABLE BEAMS,6800,299522.841210630,291930.786093577,38.7,AVG
367758:8804,138:138,05/21/23 04:21:03,STABLE BEAMS,6800,299624.371308812,292066.249853762,38.7,AVG
367758:8804,139:139,05/21/23 04:21:27,STABLE BEAMS,6800,299262.028559155,291820.066740115,38.7,AVG
367758:8804,140:140,05/21/23 04:21:50,STABLE BEAMS,6800,299040.256800443,291717.106063665,38.7,AVG
367758:8804,141:141,05/21/23 04:22:13,STABLE BEAMS,6800,298761.711639339,286877.906143369,38.6,AVG
367758:8804,142:142,05/21/23 04:22:37,STABLE BEAMS,6800,299036.410521899,291813.849348308,38.7,AVG
367758:8804,143:143,05/21/23 04:23:00,STABLE BEAMS,6800,310228.088046779,302075.070590732,40.1,AVG
367758:8804,144:144,05/21/23 04:23:23,STABLE BEAMS,6800,312128.599545725,303689.881426975,40.3,AVG
367758:8804,145:145,05/21/23 04:23:46,STABLE BEAMS,6800,311651.092223216,298971.221011265,40.3,AVG
367758:8804,146:146,05/21/23 04:24:10,STABLE BEAMS,6800,311461.920589016,302599.266312656,40.3,AVG
367758:8804,147:147,05/21/23 04:24:33,STABLE BEAMS,6800,310729.474931353,230134.608067765,40.2,AVG
367758:8804,148:148,05/21/23 04:24:56,STABLE BEAMS,6800,310074.428053393,301409.663058025,40.1,AVG
367758:8804,149:149,05/21/23 04:25:20,STABLE BEAMS,6800,319909.665331432,309922.857169906,41.4,AVG
367758:8804,150:150,05/21/23 04:25:43,STABLE BEAMS,6800,323796.851961952,313587.726511231,41.9,AVG
367758:8804,151:151,05/21/23 04:26:06,STABLE BEAMS,6800,322970.797208832,308664.594620456,41.7,AVG
367758:8804,152:152,05/21/23 04:26:30,STABLE BEAMS,6800,322069.758672720,253731.215587637,41.6,AVG
367758:8804,153:153,05/21/23 04:26:53,STABLE BEAMS,6800,322046.813872894,309004.655688088,41.6,AVG
367758:8804,154:154,05/21/23 04:27:16,STABLE BEAMS,6800,322904.279900793,313110.392051198,41.7,AVG
367758:8804,155:155,05/21/23 04:27:40,STABLE BEAMS,6800,332769.748928191,317012.284167046,43.0,AVG
367758:8804,156:156,05/21/23 04:28:03,STABLE BEAMS,6800,339182.306476739,322201.001642903,43.8,AVG
367758:8804,157:157,05/21/23 04:28:26,STABLE BEAMS,6800,338809.881815140,326897.825708523,43.8,AVG
367758:8804,158:158,05/21/23 04:28:49,STABLE BEAMS,6800,338005.021222338,321207.395786573,43.7,AVG
367758:8804,159:159,05/21/23 04:29:13,STABLE BEAMS,6800,338170.541740108,326112.160482547,43.7,AVG
367758:8804,160:160,05/21/23 04:29:36,STABLE BEAMS,6800,337985.102161634,323617.051079360,43.7,AVG
367758:8804,161:161,05/21/23 04:29:59,STABLE BEAMS,6800,339361.053530546,326359.884175582,43.9,AVG
367758:8804,162:162,05/21/23 04:30:23,STABLE BEAMS,6800,350443.529379857,341017.756129738,45.3,AVG
367758:8804,164:164,05/21/23 04:31:09,STABLE BEAMS,6800,352604.762618241,339197.970350181,45.6,AVG
367758:8804,165:165,05/21/23 04:31:33,STABLE BEAMS,6800,352263.411225124,336175.025873102,45.5,AVG
367758:8804,166:166,05/21/23 04:31:56,STABLE BEAMS,6800,352462.121630115,342925.338192612,45.6,AVG
367758:8804,167:167,05/21/23 04:32:19,STABLE BEAMS,6800,353149.493565393,338888.698297310,45.6,AVG
367758:8804,168:168,05/21/23 04:32:43,STABLE BEAMS,6800,354659.708028437,253758.618555578,45.8,AVG
367758:8804,170:170,05/21/23 04:33:29,STABLE BEAMS,6800,370262.199882710,353439.307802482,47.9,AVG
367758:8804,172:172,05/21/23 04:34:16,STABLE BEAMS,6800,371616.705334889,237575.685347595,48.0,AVG
367758:8804,173:173,05/21/23 04:34:39,STABLE BEAMS,6800,372240.564721550,359631.291480129,48.1,AVG
367758:8804,174:174,05/21/23 04:35:03,STABLE BEAMS,6800,372852.656826942,360293.701690812,48.2,AVG
367758:8804,175:175,05/21/23 04:35:26,STABLE BEAMS,6800,372665.713703219,355315.813904777,48.2,AVG
367758:8804,176:176,05/21/23 04:35:49,STABLE BEAMS,6800,382114.432622641,362490.525800487,49.4,AVG
367758:8804,177:177,05/21/23 04:36:12,STABLE BEAMS,6800,389493.932941850,373693.869637382,50.3,AVG
367758:8804,178:178,05/21/23 04:36:36,STABLE BEAMS,6800,389013.012921288,368363.432688785,50.3,AVG
367758:8804,179:179,05/21/23 04:36:59,STABLE BEAMS,6800,388882.118234729,369161.513364771,50.3,AVG
367758:8804,180:180,05/21/23 04:37:22,STABLE BEAMS,6800,389423.410841970,373783.502111506,50.3,AVG
367758:8804,181:181,05/21/23 04:37:46,STABLE BEAMS,6800,389445.080542181,368759.693834220,50.3,AVG
367758:8804,182:182,05/21/23 04:38:09,STABLE BEAMS,6800,389934.152342180,369211.333241874,50.4,AVG
367758:8804,183:183,05/21/23 04:38:32,STABLE BEAMS,6800,399980.778757939,381605.223482862,51.7,AVG
367758:8804,187:187,05/21/23 04:40:05,STABLE BEAMS,6800,402578.748766261,389457.667322029,52.0,AVG
367758:8804,188:188,05/21/23 04:40:29,STABLE BEAMS,6800,391617.309475046,381686.624912203,50.6,AVG
367758:8804,189:189,05/21/23 04:40:52,STABLE BEAMS,6800,380281.874375723,371347.373517655,49.2,AVG
367758:8804,190:190,05/21/23 04:41:15,STABLE BEAMS,6800,411534.230249467,399937.489476478,53.2,AVG
367758:8804,191:191,05/21/23 04:41:39,STABLE BEAMS,6800,428915.875355839,406837.828705829,55.4,AVG
367758:8804,192:192,05/21/23 04:42:02,STABLE BEAMS,6800,428749.149670792,414756.577957591,55.4,AVG
367758:8804,193:193,05/21/23 04:42:25,STABLE BEAMS,6800,428543.040424528,414493.219218131,55.4,AVG
367758:8804,194:194,05/21/23 04:42:49,STABLE BEAMS,6800,428629.318279973,414720.484598566,55.4,AVG
367758:8804,195:195,05/21/23 04:43:12,STABLE BEAMS,6800,428233.580508239,318210.541432664,55.4,AVG
367758:8804,196:196,05/21/23 04:43:35,STABLE BEAMS,6800,428128.500178407,413899.404457037,55.3,AVG
367758:8804,197:197,05/21/23 04:43:59,STABLE BEAMS,6800,427790.174524412,413748.865410160,55.3,AVG
367758:8804,198:198,05/21/23 04:44:22,STABLE BEAMS,6800,436640.212029633,420811.664855794,56.4,AVG
367758:8804,199:199,05/21/23 04:44:45,STABLE BEAMS,6800,445489.930177181,422962.380686814,57.6,AVG
367758:8804,200:200,05/21/23 04:45:09,STABLE BEAMS,6800,445327.211615054,427951.219824542,57.6,AVG
367758:8804,201:201,05/21/23 04:45:32,STABLE BEAMS,6800,445281.681001400,430147.744631160,57.6,AVG
367758:8804,202:202,05/21/23 04:45:55,STABLE BEAMS,6800,440425.027042848,425709.522168256,56.9,AVG
367758:8804,203:203,05/21/23 04:46:18,STABLE BEAMS,6800,441081.554155278,420274.244361146,57.0,AVG
367758:8804,204:204,05/21/23 04:46:42,STABLE BEAMS,6800,441958.074413978,427357.059678511,57.1,AVG
367758:8804,205:205,05/21/23 04:47:05,STABLE BEAMS,6800,442689.587640478,405212.126527407,57.2,AVG
367758:8804,206:206,05/21/23 04:47:28,STABLE BEAMS,6800,443222.364820130,339694.916987250,57.3,AVG
367758:8804,207:207,05/21/23 04:47:52,STABLE BEAMS,6800,443498.863294833,428653.999269808,57.3,AVG
367758:8804,208:208,05/21/23 04:48:15,STABLE BEAMS,6800,443393.009047137,428538.789534868,57.3,AVG
367758:8804,209:209,05/21/23 04:48:38,STABLE BEAMS,6800,443059.737170041,423593.928662813,57.3,AVG
367758:8804,210:210,05/21/23 04:49:02,STABLE BEAMS,6800,442942.045708740,428638.537648491,57.3,AVG
367758:8804,211:211,05/21/23 04:49:25,STABLE BEAMS,6800,442726.919853137,428523.526809817,57.2,AVG
367758:8804,212:212,05/21/23 04:49:48,STABLE BEAMS,6800,442654.439647816,420520.607532356,57.2,AVG
367758:8804,213:213,05/21/23 04:50:12,STABLE BEAMS,6800,442238.806126158,428166.764352224,57.2,AVG
367758:8804,214:214,05/21/23 04:50:35,STABLE BEAMS,6800,441978.517967211,428026.379620181,57.1,AVG
367758:8804,215:215,05/21/23 04:50:58,STABLE BEAMS,6800,442008.020089185,428015.683768675,57.1,AVG
367758:8804,216:216,05/21/23 04:51:21,STABLE BEAMS,6800,441724.693887296,328215.599534004,57.1,AVG
367758:8804,217:217,05/21/23 04:51:45,STABLE BEAMS,6800,441638.735389525,427416.245012292,57.1,AVG
367758:8804,218:218,05/21/23 04:52:08,STABLE BEAMS,6800,441375.715207272,427177.572008510,57.1,AVG
367758:8804,219:219,05/21/23 04:52:31,STABLE BEAMS,6800,440790.076173953,426865.072778194,57.0,AVG
367758:8804,220:220,05/21/23 04:52:55,STABLE BEAMS,6800,440360.693954807,426391.118493694,56.9,AVG
367758:8804,221:221,05/21/23 04:53:18,STABLE BEAMS,6800,440148.530899223,420174.377403083,56.9,AVG
367758:8804,222:222,05/21/23 04:53:41,STABLE BEAMS,6800,440177.895487600,426361.336048714,56.9,AVG
367758:8804,223:223,05/21/23 04:54:05,STABLE BEAMS,6800,439682.951702357,425969.490838202,56.8,AVG
367758:8804,224:224,05/21/23 04:54:28,STABLE BEAMS,6800,439529.018972856,425848.969840877,56.8,AVG
367758:8804,225:225,05/21/23 04:54:51,STABLE BEAMS,6800,439556.700522986,426106.165531789,56.8,AVG
367758:8804,226:226,05/21/23 04:55:15,STABLE BEAMS,6800,439167.792809516,425217.649565811,56.8,AVG
367758:8804,227:227,05/21/23 04:55:38,STABLE BEAMS,6800,438863.750318280,425161.028534390,56.7,AVG
367758:8804,228:228,05/21/23 04:56:01,STABLE BEAMS,6800,438396.443792686,423124.547826774,56.7,AVG
367758:8804,229:229,05/21/23 04:56:25,STABLE BEAMS,6800,438205.859525275,422991.270532447,56.6,AVG
367758:8804,230:230,05/21/23 04:56:48,STABLE BEAMS,6800,437970.154913921,422948.881759599,56.6,AVG
367758:8804,231:231,05/21/23 04:57:11,STABLE BEAMS,6800,437990.826912788,422891.423312455,56.6,AVG
367758:8804,232:232,05/21/23 04:57:35,STABLE BEAMS,6800,437758.810066681,422566.389731575,56.6,AVG
367758:8804,233:233,05/21/23 04:57:58,STABLE BEAMS,6800,437581.384734047,422353.511587685,56.6,AVG
367758:8804,234:234,05/21/23 04:58:21,STABLE BEAMS,6800,437525.567073596,410421.778265902,56.6,AVG
367758:8804,235:235,05/21/23 04:58:44,STABLE BEAMS,6800,437633.924898963,411702.996081334,56.6,AVG
367758:8804,236:236,05/21/23 04:59:08,STABLE BEAMS,6800,437387.795707215,411182.223007269,56.5,AVG
367758:8804,237:237,05/21/23 04:59:31,STABLE BEAMS,6800,437240.511211901,422317.215834719,56.5,AVG
367758:8804,238:238,05/21/23 04:59:54,STABLE BEAMS,6800,437195.663604074,417402.309555058,56.5,AVG
367758:8804,239:239,05/21/23 05:00:18,STABLE BEAMS,6800,437227.900080431,422141.032823908,56.5,AVG
367758:8804,240:240,05/21/23 05:00:41,STABLE BEAMS,6800,437063.857466054,415918.493705730,56.5,AVG
367758:8804,241:241,05/21/23 05:01:04,STABLE BEAMS,6800,436437.564434060,421554.359065470,56.4,AVG
367758:8804,242:242,05/21/23 05:01:28,STABLE BEAMS,6800,436134.750420880,415211.390491090,56.4,AVG
367758:8804,243:243,05/21/23 05:01:51,STABLE BEAMS,6800,435905.922489348,416307.116597275,56.3,AVG
367758:8804,244:244,05/21/23 05:02:14,STABLE BEAMS,6800,435729.133540982,420967.121127618,56.3,AVG
367758:8804,245:245,05/21/23 05:02:37,STABLE BEAMS,6800,435394.952543503,414571.216875339,56.3,AVG
367758:8804,246:246,05/21/23 05:03:01,STABLE BEAMS,6800,434908.202497098,287468.456243655,56.2,AVG
367758:8804,247:247,05/21/23 05:03:24,STABLE BEAMS,6800,434643.634479117,414044.245813492,56.2,AVG
367758:8804,248:248,05/21/23 05:03:47,STABLE BEAMS,6800,434260.920439642,419714.610928908,56.1,AVG
367758:8804,249:249,05/21/23 05:04:11,STABLE BEAMS,6800,434223.040423675,419667.131079076,56.1,AVG
367758:8804,250:250,05/21/23 05:04:34,STABLE BEAMS,6800,433963.432939476,419486.480428118,56.1,AVG
367758:8804,251:251,05/21/23 05:04:57,STABLE BEAMS,6800,434080.898286221,412428.195245132,56.1,AVG
367758:8804,252:252,05/21/23 05:05:21,STABLE BEAMS,6800,446073.291747386,422364.488796981,57.7,AVG
367758:8804,253:253,05/21/23 05:05:44,STABLE BEAMS,6800,454612.869303897,432804.693359122,58.8,AVG
367758:8804,254:254,05/21/23 05:06:07,STABLE BEAMS,6800,454175.745575026,432673.633536290,58.7,AVG
367758:8804,255:255,05/21/23 05:06:31,STABLE BEAMS,6800,453677.797030362,433486.148320102,58.6,AVG
367758:8804,256:256,05/21/23 05:06:54,STABLE BEAMS,6800,453137.779522735,293183.890800646,58.6,AVG
367758:8804,257:257,05/21/23 05:07:17,STABLE BEAMS,6800,378924.156698190,2252.533595700,49.0,AVG
367758:8804,259:259,05/21/23 05:08:04,STABLE BEAMS,6800,451364.885214812,435845.862425771,58.3,AVG
367758:8804,260:260,05/21/23 05:08:27,STABLE BEAMS,6800,450418.339375826,434916.482817322,58.2,AVG
367758:8804,261:261,05/21/23 05:08:51,STABLE BEAMS,6800,449663.016519598,434532.055529194,58.1,AVG
367758:8804,262:262,05/21/23 05:09:14,STABLE BEAMS,6800,450240.594685519,435047.713023203,58.2,AVG
367758:8804,263:263,05/21/23 05:09:37,STABLE BEAMS,6800,450922.481594485,435565.116173231,58.3,AVG
367758:8804,264:264,05/21/23 05:10:00,STABLE BEAMS,6800,450905.224624749,435307.189058018,58.3,AVG
367758:8804,265:265,05/21/23 05:10:24,STABLE BEAMS,6800,450999.015544284,435673.304191959,58.3,AVG
367758:8804,266:266,05/21/23 05:10:47,STABLE BEAMS,6800,451032.841815773,435752.872799192,58.3,AVG
367758:8804,267:267,05/21/23 05:11:10,STABLE BEAMS,6800,450866.388866841,429141.723531521,58.3,AVG
367758:8804,268:268,05/21/23 05:11:34,STABLE BEAMS,6800,450670.205350300,435161.795828473,58.3,AVG
367758:8804,269:269,05/21/23 05:11:57,STABLE BEAMS,6800,450197.388156537,434740.557469621,58.2,AVG
367758:8804,270:270,05/21/23 05:12:20,STABLE BEAMS,6800,449891.525093457,434567.496773093,58.2,AVG
367758:8804,271:271,05/21/23 05:12:44,STABLE BEAMS,6800,449607.334061665,429395.733669595,58.1,AVG
367758:8804,272:272,05/21/23 05:13:07,STABLE BEAMS,6800,449963.870096259,434613.264789981,58.2,AVG
367758:8804,273:273,05/21/23 05:13:30,STABLE BEAMS,6800,449851.642681569,434517.655947455,58.1,AVG
367758:8804,274:274,05/21/23 05:13:54,STABLE BEAMS,6800,449530.026194001,434143.182187723,58.1,AVG
367758:8804,275:275,05/21/23 05:14:17,STABLE BEAMS,6800,449108.292241463,433851.428439755,58.1,AVG
367758:8804,276:276,05/21/23 05:14:40,STABLE BEAMS,6800,448631.558836819,432957.287738346,58.0,AVG
367758:8804,277:277,05/21/23 05:15:03,STABLE BEAMS,6800,448404.507186651,433370.222090820,58.0,AVG
367758:8804,278:278,05/21/23 05:15:27,STABLE BEAMS,6800,448204.817728940,433292.296464949,57.9,AVG
367758:8804,279:279,05/21/23 05:15:50,STABLE BEAMS,6800,447661.294280143,432517.393796239,57.9,AVG
367758:8804,280:280,05/21/23 05:16:13,STABLE BEAMS,6800,447476.355883419,432609.154025871,57.8,AVG
367758:8804,281:281,05/21/23 05:16:37,STABLE BEAMS,6800,447050.342071846,432210.114529492,57.8,AVG
367758:8804,282:282,05/21/23 05:17:00,STABLE BEAMS,6800,447240.196711873,432480.825440006,57.8,AVG
367758:8804,283:283,05/21/23 05:17:23,STABLE BEAMS,6800,446922.678259264,432192.136146659,57.8,AVG
367758:8804,284:284,05/21/23 05:17:47,STABLE BEAMS,6800,446512.191757621,431767.435619967,57.7,AVG
367758:8804,285:285,05/21/23 05:18:10,STABLE BEAMS,6800,446674.227313922,431878.252477993,57.7,AVG
367758:8804,286:286,05/21/23 05:18:33,STABLE BEAMS,6800,446556.489231063,431865.956027385,57.7,AVG
367758:8804,287:287,05/21/23 05:18:57,STABLE BEAMS,6800,446352.566535875,431703.411082618,57.7,AVG
367758:8804,288:288,05/21/23 05:19:20,STABLE BEAMS,6800,446116.955167637,431581.255166764,57.7,AVG
367758:8804,289:289,05/21/23 05:19:43,STABLE BEAMS,6800,445617.593989763,431089.482428763,57.6,AVG
367758:8804,290:290,05/21/23 05:20:07,STABLE BEAMS,6800,445465.300008030,422738.919910209,57.6,AVG
367758:8804,291:291,05/21/23 05:20:30,STABLE BEAMS,6800,445297.299223368,430857.024159320,57.6,AVG
367758:8804,292:292,05/21/23 05:20:53,STABLE BEAMS,6800,444805.451109584,430587.376349357,57.5,AVG
367758:8804,293:293,05/21/23 05:21:16,STABLE BEAMS,6800,443663.812698516,429551.079775207,57.3,AVG
367758:8804,294:294,05/21/23 05:21:40,STABLE BEAMS,6800,443396.514988307,429387.200972592,57.3,AVG
367758:8804,295:295,05/21/23 05:22:03,STABLE BEAMS,6800,443421.417893573,429235.661783788,57.3,AVG
367758:8804,296:296,05/21/23 05:22:26,STABLE BEAMS,6800,442766.165880757,428779.040926858,57.2,AVG
367758:8804,297:297,05/21/23 05:22:50,STABLE BEAMS,6800,441797.812807963,427963.796967732,57.1,AVG
367758:8804,298:298,05/21/23 05:23:13,STABLE BEAMS,6800,441677.207499280,427854.188093973,57.1,AVG
367758:8804,299:299,05/21/23 05:23:36,STABLE BEAMS,6800,442361.597985917,428476.594092536,57.2,AVG
367758:8804,300:300,05/21/23 05:24:00,STABLE BEAMS,6800,441769.949433757,426284.993957140,57.1,AVG
367758:8804,301:301,05/21/23 05:24:23,STABLE BEAMS,6800,441495.455686053,426181.767709386,57.1,AVG
367758:8804,302:302,05/21/23 05:24:46,STABLE BEAMS,6800,441550.590340678,426338.395197782,57.1,AVG
367758:8804,303:303,05/21/23 05:25:10,STABLE BEAMS,6800,441489.674612847,426094.229588920,57.1,AVG
367758:8804,304:304,05/21/23 05:25:33,STABLE BEAMS,6800,441260.117053930,425901.246717127,57.0,AVG
367758:8804,305:305,05/21/23 05:25:56,STABLE BEAMS,6800,440413.872835069,425356.083546210,56.9,AVG
367758:8804,306:306,05/21/23 05:26:19,STABLE BEAMS,6800,440840.068470718,425584.919352728,57.0,AVG
367758:8804,307:307,05/21/23 05:26:43,STABLE BEAMS,6800,440924.297308684,425693.222539384,57.0,AVG
367758:8804,308:308,05/21/23 05:27:06,STABLE BEAMS,6800,440347.900999261,425413.433859085,56.9,AVG
367758:8804,309:309,05/21/23 05:27:29,STABLE BEAMS,6800,440064.665709411,424987.221928486,56.9,AVG
367758:8804,310:310,05/21/23 05:27:53,STABLE BEAMS,6800,440334.560240407,424915.009594478,56.9,AVG
367758:8804,311:311,05/21/23 05:28:16,STABLE BEAMS,6800,440190.324794993,412550.217240260,56.9,AVG
367758:8804,312:312,05/21/23 05:28:39,STABLE BEAMS,6800,440191.054422378,416528.861304134,56.9,AVG
367758:8804,313:313,05/21/23 05:29:03,STABLE BEAMS,6800,439798.549855699,384474.258839849,56.8,AVG
367758:8804,314:314,05/21/23 05:29:26,STABLE BEAMS,6800,439342.441828365,371427.520376200,56.8,AVG
367758:8804,315:315,05/21/23 05:29:49,STABLE BEAMS,6800,439179.720935159,416544.119019449,56.8,AVG
367758:8804,316:316,05/21/23 05:30:13,STABLE BEAMS,6800,439140.339705021,419276.321876596,56.8,AVG
367758:8804,317:317,05/21/23 05:30:36,STABLE BEAMS,6800,438991.642576496,413335.785399597,56.7,AVG
367758:8804,318:318,05/21/23 05:30:59,STABLE BEAMS,6800,438042.910186435,417208.847377082,56.6,AVG
367758:8804,319:319,05/21/23 05:31:23,STABLE BEAMS,6800,437798.237918378,423185.318059141,56.6,AVG
367758:8804,320:320,05/21/23 05:31:46,STABLE BEAMS,6800,437806.205542659,416860.260412885,56.6,AVG
367758:8804,321:321,05/21/23 05:32:09,STABLE BEAMS,6800,437673.991466006,418003.923473707,56.6,AVG
367758:8804,322:322,05/21/23 05:32:32,STABLE BEAMS,6800,437126.780251961,416446.298290184,56.5,AVG
367758:8804,323:323,05/21/23 05:32:56,STABLE BEAMS,6800,437018.830365228,421987.202215968,56.5,AVG
367758:8804,324:324,05/21/23 05:33:19,STABLE BEAMS,6800,437251.346062007,422641.424291481,56.5,AVG
367758:8804,325:325,05/21/23 05:33:42,STABLE BEAMS,6800,436684.966394344,416008.061489947,56.4,AVG
367758:8804,326:326,05/21/23 05:34:06,STABLE BEAMS,6800,436056.123163122,421683.568180582,56.4,AVG
367758:8804,327:327,05/21/23 05:34:29,STABLE BEAMS,6800,436490.740983244,422046.771704866,56.4,AVG
367758:8804,328:328,05/21/23 05:34:52,STABLE BEAMS,6800,436256.812653254,422062.119044868,56.4,AVG
367758:8804,329:329,05/21/23 05:35:16,STABLE BEAMS,6800,435834.213870813,416780.440120363,56.3,AVG
367758:8804,330:330,05/21/23 05:35:39,STABLE BEAMS,6800,435558.037084861,257392.105601189,56.3,AVG
367758:8804,331:331,05/21/23 05:36:02,STABLE BEAMS,6800,435606.707660454,332986.688561024,56.3,AVG
367758:8804,332:332,05/21/23 05:36:26,STABLE BEAMS,6800,435397.910681365,421262.779294058,56.3,AVG
367758:8804,333:333,05/21/23 05:36:49,STABLE BEAMS,6800,434946.630316373,420834.063231555,56.2,AVG
367758:8804,334:334,05/21/23 05:37:12,STABLE BEAMS,6800,434762.328303917,420900.011679597,56.2,AVG
367758:8804,335:335,05/21/23 05:37:36,STABLE BEAMS,6800,434671.544474881,414629.511344016,56.2,AVG
367758:8804,336:336,05/21/23 05:37:59,STABLE BEAMS,6800,434217.075195314,420276.782370937,56.1,AVG
367758:8804,337:337,05/21/23 05:38:22,STABLE BEAMS,6800,434264.424049734,420408.773087363,56.1,AVG
367758:8804,338:338,05/21/23 05:38:45,STABLE BEAMS,6800,433892.181212211,413946.311066161,56.1,AVG
367758:8804,339:339,05/21/23 05:39:09,STABLE BEAMS,6800,433756.004303118,419986.477375811,56.1,AVG
367758:8804,340:340,05/21/23 05:39:32,STABLE BEAMS,6800,433565.056387553,419620.656487629,56.0,AVG
367758:8804,341:341,05/21/23 05:39:55,STABLE BEAMS,6800,443676.880721256,427743.302220838,57.3,AVG
367758:8804,342:342,05/21/23 05:40:19,STABLE BEAMS,6800,455691.037125749,435867.243455141,58.9,AVG
367758:8804,343:343,05/21/23 05:40:42,STABLE BEAMS,6800,455657.709704931,435383.760731746,58.9,AVG
367758:8804,344:344,05/21/23 05:41:05,STABLE BEAMS,6800,455675.603058935,435664.783884466,58.9,AVG
367758:8804,345:345,05/21/23 05:41:29,STABLE BEAMS,6800,455577.261875329,439487.149243198,58.9,AVG
367758:8804,346:346,05/21/23 05:41:52,STABLE BEAMS,6800,455157.029136962,439250.729128290,58.8,AVG
367758:8804,347:347,05/21/23 05:42:15,STABLE BEAMS,6800,454807.640187227,438771.194244506,58.8,AVG
367758:8804,348:348,05/21/23 05:42:39,STABLE BEAMS,6800,454850.347865537,438690.844715381,58.8,AVG
367758:8804,349:349,05/21/23 05:43:02,STABLE BEAMS,6800,454596.341961545,438397.311872897,58.8,AVG
367758:8804,350:350,05/21/23 05:43:25,STABLE BEAMS,6800,454160.038772097,438470.188307815,58.7,AVG
367758:8804,352:352,05/21/23 05:44:12,STABLE BEAMS,6800,453747.500921897,333216.764033113,58.7,AVG
367758:8804,353:353,05/21/23 05:44:35,STABLE BEAMS,6800,453415.096205783,437668.600347300,58.6,AVG
367758:8804,354:354,05/21/23 05:44:58,STABLE BEAMS,6800,452598.489311414,437040.535636816,58.5,AVG
367758:8804,355:355,05/21/23 05:45:22,STABLE BEAMS,6800,452657.358352844,437018.619957563,58.5,AVG
367758:8804,356:356,05/21/23 05:45:45,STABLE BEAMS,6800,452906.263858378,437192.991727508,58.5,AVG
367758:8804,357:357,05/21/23 05:46:08,STABLE BEAMS,6800,452251.377824793,424541.980361778,58.5,AVG
367758:8804,358:358,05/21/23 05:46:32,STABLE BEAMS,6800,451604.729820527,327247.491929561,58.4,AVG
367758:8804,359:359,05/21/23 05:46:55,STABLE BEAMS,6800,451918.651419927,436331.143568501,58.4,AVG
367758:8804,360:360,05/21/23 05:47:18,STABLE BEAMS,6800,452048.273337950,436039.170117189,58.4,AVG
367758:8804,361:361,05/21/23 05:47:42,STABLE BEAMS,6800,451831.511065657,436122.652117470,58.4,AVG
367758:8804,362:362,05/21/23 05:48:05,STABLE BEAMS,6800,451749.648271766,436133.589740590,58.4,AVG
367758:8804,363:363,05/21/23 05:48:28,STABLE BEAMS,6800,451483.441506017,435891.626457733,58.4,AVG
367758:8804,364:364,05/21/23 05:48:52,STABLE BEAMS,6800,451058.292524347,435455.128273811,58.3,AVG
367758:8804,365:365,05/21/23 05:49:15,STABLE BEAMS,6800,450978.844727166,435657.773627293,58.3,AVG
367758:8804,366:366,05/21/23 05:49:38,STABLE BEAMS,6800,450724.841154253,236947.541344740,58.3,AVG
367758:8804,367:367,05/21/23 05:50:02,STABLE BEAMS,6800,449983.721555704,434893.381693244,58.2,AVG
367758:8804,368:368,05/21/23 05:50:25,STABLE BEAMS,6800,449811.848850641,434614.593393702,58.1,AVG
367758:8804,369:369,05/21/23 05:50:48,STABLE BEAMS,6800,450195.840320808,435222.159423983,58.2,AVG
367758:8804,370:370,05/21/23 05:51:11,STABLE BEAMS,6800,450042.816711690,435067.086722781,58.2,AVG
367758:8804,371:371,05/21/23 05:51:35,STABLE BEAMS,6800,449994.055224059,434996.415124699,58.2,AVG
367758:8804,372:372,05/21/23 05:51:58,STABLE BEAMS,6800,449627.730993339,434384.325761439,58.1,AVG
367758:8804,373:373,05/21/23 05:52:21,STABLE BEAMS,6800,449534.898146824,434500.772589485,58.1,AVG
367758:8804,374:374,05/21/23 05:52:45,STABLE BEAMS,6800,449120.949994491,434114.357750340,58.1,AVG
367758:8804,375:375,05/21/23 05:53:08,STABLE BEAMS,6800,448448.214897383,433298.203648344,58.0,AVG
367758:8804,376:376,05/21/23 05:53:31,STABLE BEAMS,6800,448757.492989595,433788.798366441,58.0,AVG
367758:8804,377:377,05/21/23 05:53:55,STABLE BEAMS,6800,448915.066862785,433829.868878098,58.0,AVG
367758:8804,378:378,05/21/23 05:54:18,STABLE BEAMS,6800,448623.863948653,433783.643725293,58.0,AVG
367758:8804,379:379,05/21/23 05:54:41,STABLE BEAMS,6800,448426.179217940,433784.066583698,58.0,AVG
367758:8804,380:380,05/21/23 05:55:05,STABLE BEAMS,6800,448437.561871354,433787.763820576,58.0,AVG
367758:8804,381:381,05/21/23 05:55:28,STABLE BEAMS,6800,448331.933738214,433734.063011436,58.0,AVG
367758:8804,382:382,05/21/23 05:55:51,STABLE BEAMS,6800,448064.041603139,433548.260187067,57.9,AVG
367758:8804,383:383,05/21/23 05:56:14,STABLE BEAMS,6800,447819.052308487,433282.864052007,57.9,AVG
367758:8804,384:384,05/21/23 05:56:38,STABLE BEAMS,6800,447102.609500647,432710.135557225,57.8,AVG
367758:8804,385:385,05/21/23 05:57:01,STABLE BEAMS,6800,446765.013474037,432401.859351258,57.7,AVG
367758:8804,386:386,05/21/23 05:57:24,STABLE BEAMS,6800,445748.306852246,431702.220116774,57.6,AVG
367758:8804,387:387,05/21/23 05:57:48,STABLE BEAMS,6800,445527.674990630,425082.783560265,57.6,AVG
367758:8804,388:388,05/21/23 05:58:11,STABLE BEAMS,6800,445135.443160066,424647.526990022,57.5,AVG
367758:8804,389:389,05/21/23 05:58:34,STABLE BEAMS,6800,444337.641071163,425299.475275465,57.4,AVG
367758:8804,390:390,05/21/23 05:58:58,STABLE BEAMS,6800,443384.540241106,415144.929901964,57.3,AVG
367758:8804,391:391,05/21/23 05:59:21,STABLE BEAMS,6800,443527.318762828,429592.997393603,57.3,AVG
367758:8804,392:392,05/21/23 05:59:44,STABLE BEAMS,6800,443852.758218160,415506.826714882,57.4,AVG
367758:8804,393:393,05/21/23 06:00:08,STABLE BEAMS,6800,443299.992045467,419330.165503059,57.3,AVG
367758:8804,394:394,05/21/23 06:00:31,STABLE BEAMS,6800,442831.501332297,421001.228043055,57.2,AVG
367758:8804,395:395,05/21/23 06:00:54,STABLE BEAMS,6800,442845.296651343,414961.916176268,57.2,AVG
367758:8804,396:396,05/21/23 06:01:18,STABLE BEAMS,6800,442898.109552374,426747.122014918,57.2,AVG
367758:8804,397:397,05/21/23 06:01:41,STABLE BEAMS,6800,443132.401530517,427507.066360234,57.3,AVG
367758:8804,398:398,05/21/23 06:02:04,STABLE BEAMS,6800,443015.982837752,427080.048252139,57.3,AVG
367758:8804,399:399,05/21/23 06:02:27,STABLE BEAMS,6800,443230.833626162,419336.785190113,57.3,AVG
367758:8804,400:400,05/21/23 06:02:51,STABLE BEAMS,6800,442988.620645295,419055.105083142,57.3,AVG
367758:8804,401:401,05/21/23 06:03:14,STABLE BEAMS,6800,442818.113951885,427214.756667910,57.2,AVG
367758:8804,402:402,05/21/23 06:03:37,STABLE BEAMS,6800,442672.605737935,427155.332504576,57.2,AVG
367758:8804,403:403,05/21/23 06:04:01,STABLE BEAMS,6800,441892.149199728,426513.559763631,57.1,AVG
367758:8804,404:404,05/21/23 06:04:24,STABLE BEAMS,6800,441745.181731009,419135.189888963,57.1,AVG
367758:8804,405:405,05/21/23 06:04:47,STABLE BEAMS,6800,441438.316304429,426209.773576178,57.1,AVG
367758:8804,406:406,05/21/23 06:05:11,STABLE BEAMS,6800,440783.521182883,425575.253612845,57.0,AVG
367758:8804,407:407,05/21/23 06:05:34,STABLE BEAMS,6800,440119.574249478,419037.550442455,56.9,AVG
367758:8804,408:408,05/21/23 06:05:57,STABLE BEAMS,6800,440458.718111818,425367.110463492,56.9,AVG
367758:8804,409:409,05/21/23 06:06:21,STABLE BEAMS,6800,440994.138733816,425779.378035952,57.0,AVG
367758:8804,410:410,05/21/23 06:06:44,STABLE BEAMS,6800,440955.118820753,425642.798249983,57.0,AVG
367758:8804,411:411,05/21/23 06:07:07,STABLE BEAMS,6800,440817.077049335,425768.761885777,57.0,AVG
367758:8804,412:412,05/21/23 06:07:30,STABLE BEAMS,6800,440493.138808174,425301.306423393,56.9,AVG
367758:8804,413:413,05/21/23 06:07:54,STABLE BEAMS,6800,440147.938805435,425172.696133426,56.9,AVG
367758:8804,414:414,05/21/23 06:08:17,STABLE BEAMS,6800,440154.540418064,425106.562211106,56.9,AVG
367758:8804,415:415,05/21/23 06:08:40,STABLE BEAMS,6800,440185.818821402,425184.706449407,56.9,AVG
367758:8804,416:416,05/21/23 06:09:04,STABLE BEAMS,6800,439733.079201641,424722.178346700,56.8,AVG
367758:8804,417:417,05/21/23 06:09:27,STABLE BEAMS,6800,439718.419052692,424695.366140584,56.8,AVG
367758:8804,418:418,05/21/23 06:09:50,STABLE BEAMS,6800,439686.548555566,424752.323471401,56.8,AVG
367758:8804,419:419,05/21/23 06:10:14,STABLE BEAMS,6800,439509.214134970,417661.984768390,56.8,AVG
367758:8804,420:420,05/21/23 06:10:37,STABLE BEAMS,6800,438687.145525068,423682.170023776,56.7,AVG
367758:8804,421:421,05/21/23 06:11:00,STABLE BEAMS,6800,438895.485612887,424351.184122899,56.7,AVG
367758:8804,422:422,05/21/23 06:11:24,STABLE BEAMS,6800,438187.646813597,423782.589692322,56.6,AVG
367758:8804,423:423,05/21/23 06:11:47,STABLE BEAMS,6800,437813.490161114,423543.187287453,56.6,AVG
367758:8804,424:424,05/21/23 06:12:10,STABLE BEAMS,6800,436733.818794013,422686.704123074,56.5,AVG
367758:8804,425:425,05/21/23 06:12:34,STABLE BEAMS,6800,437062.948345670,422739.499855283,56.5,AVG
367758:8804,426:426,05/21/23 06:12:57,STABLE BEAMS,6800,437350.144136883,423135.642584264,56.5,AVG
367758:8804,427:427,05/21/23 06:13:20,STABLE BEAMS,6800,436996.703773747,422799.515925139,56.5,AVG
367758:8804,428:428,05/21/23 06:13:43,STABLE BEAMS,6800,436265.920174632,422080.015206556,56.4,AVG
367758:8804,429:429,05/21/23 06:14:07,STABLE BEAMS,6800,436659.107747137,422548.310522359,56.4,AVG
367758:8804,430:430,05/21/23 06:14:30,STABLE BEAMS,6800,436840.493581133,422471.916583176,56.5,AVG
367758:8804,431:431,05/21/23 06:14:53,STABLE BEAMS,6800,436386.024301565,422171.531476420,56.4,AVG
367758:8804,432:432,05/21/23 06:15:17,STABLE BEAMS,6800,436299.611243602,422006.770053874,56.4,AVG
367758:8804,433:433,05/21/23 06:15:40,STABLE BEAMS,6800,436334.076230438,422001.288100273,56.4,AVG
367758:8804,434:434,05/21/23 06:16:03,STABLE BEAMS,6800,436384.658289913,421808.642142370,56.4,AVG
367758:8804,435:435,05/21/23 06:16:27,STABLE BEAMS,6800,436262.458523942,421884.290689147,56.4,AVG
367758:8804,436:436,05/21/23 06:16:50,STABLE BEAMS,6800,436002.079452957,421727.319138618,56.4,AVG
367758:8804,437:437,05/21/23 06:17:13,STABLE BEAMS,6800,435453.639760856,421312.346777762,56.3,AVG
367758:8804,438:438,05/21/23 06:17:37,STABLE BEAMS,6800,435377.513749691,421362.313124588,56.3,AVG
367758:8804,439:439,05/21/23 06:18:00,STABLE BEAMS,6800,433932.019333619,419982.144179230,56.1,AVG
367758:8804,440:440,05/21/23 06:18:23,STABLE BEAMS,6800,433314.010952502,419526.316218070,56.0,AVG
367758:8804,441:441,05/21/23 06:18:46,STABLE BEAMS,6800,431727.511964995,418148.800514671,55.8,AVG
367758:8804,442:442,05/21/23 06:19:10,STABLE BEAMS,6800,430589.745474329,417108.075402448,55.7,AVG
367758:8804,443:443,05/21/23 06:19:33,STABLE BEAMS,6800,430927.432412977,417491.651273345,55.7,AVG
367758:8804,444:444,05/21/23 06:19:56,STABLE BEAMS,6800,431393.328636438,417861.937777566,55.8,AVG
367758:8804,446:446,05/21/23 06:20:43,STABLE BEAMS,6800,434068.606512424,420264.873142944,56.1,AVG
367758:8804,447:447,05/21/23 06:21:06,STABLE BEAMS,6800,448398.040776541,431626.225252852,58.0,AVG
367758:8804,448:448,05/21/23 06:21:30,STABLE BEAMS,6800,448637.887713333,431428.653242354,58.0,AVG
367758:8804,449:449,05/21/23 06:21:53,STABLE BEAMS,6800,448688.560684847,431974.861232135,58.0,AVG
367758:8804,450:450,05/21/23 06:22:16,STABLE BEAMS,6800,448756.126977942,434100.206595426,58.0,AVG
367758:8804,451:451,05/21/23 06:22:40,STABLE BEAMS,6800,448173.630237640,433339.922192262,57.9,AVG
367758:8804,452:452,05/21/23 06:23:03,STABLE BEAMS,6800,448199.444594368,433676.633495774,57.9,AVG
367758:8804,453:453,05/21/23 06:23:26,STABLE BEAMS,6800,446147.140295438,431971.721751228,57.7,AVG
367758:8804,454:454,05/21/23 06:23:50,STABLE BEAMS,6800,445621.782936760,431677.511102013,57.6,AVG
367758:8804,455:455,05/21/23 06:24:13,STABLE BEAMS,6800,442742.628987144,428981.985966213,57.2,AVG
367758:8804,456:456,05/21/23 06:24:36,STABLE BEAMS,6800,443212.623245563,429534.390989652,57.3,AVG
367758:8804,457:457,05/21/23 06:24:59,STABLE BEAMS,6800,445080.170971845,429535.809513594,57.5,AVG
367758:8804,458:458,05/21/23 06:25:23,STABLE BEAMS,6800,444929.105468168,429281.298543129,57.5,AVG
367758:8804,459:459,05/21/23 06:25:46,STABLE BEAMS,6800,444212.846815483,428602.970612939,57.4,AVG
367758:8804,460:460,05/21/23 06:26:09,STABLE BEAMS,6800,445071.429429699,429559.053052342,57.5,AVG
367758:8804,461:461,05/21/23 06:26:33,STABLE BEAMS,6800,446181.104100524,430292.379879594,57.7,AVG
367758:8804,462:462,05/21/23 06:26:56,STABLE BEAMS,6800,446723.489983303,430792.482181280,57.7,AVG
367758:8804,463:463,05/21/23 06:27:19,STABLE BEAMS,6800,447526.436761144,431352.686919815,57.8,AVG
367758:8804,464:464,05/21/23 06:27:43,STABLE BEAMS,6800,447877.191722532,431019.864350927,57.9,AVG
367758:8804,465:465,05/21/23 06:28:06,STABLE BEAMS,6800,448087.944475984,420400.394796425,57.9,AVG
367758:8804,466:466,05/21/23 06:28:29,STABLE BEAMS,6800,448557.938734403,416070.668679723,58.0,AVG
367758:8804,467:467,05/21/23 06:28:53,STABLE BEAMS,6800,448828.243535110,426173.217659908,58.0,AVG
367758:8804,468:468,05/21/23 06:29:16,STABLE BEAMS,6800,448543.005849339,425774.842124649,58.0,AVG
367758:8804,469:469,05/21/23 06:29:39,STABLE BEAMS,6800,448348.871350277,421164.986051716,58.0,AVG
367758:8804,470:470,05/21/23 06:30:02,STABLE BEAMS,6800,448002.897429673,426580.813309334,57.9,AVG
367758:8804,471:471,05/21/23 06:30:26,STABLE BEAMS,6800,447921.491527051,425423.946786863,57.9,AVG
367758:8804,472:472,05/21/23 06:30:49,STABLE BEAMS,6800,448657.920996855,432113.767882862,58.0,AVG
367758:8804,473:473,05/21/23 06:31:12,STABLE BEAMS,6800,448683.280793390,427325.902651026,58.0,AVG
367758:8804,474:474,05/21/23 06:31:36,STABLE BEAMS,6800,448612.117647086,426206.078212906,58.0,AVG
367758:8804,475:475,05/21/23 06:31:59,STABLE BEAMS,6800,448579.428941615,431599.001432496,58.0,AVG
367758:8804,476:476,05/21/23 06:32:22,STABLE BEAMS,6800,448445.254428443,431998.269691463,58.0,AVG
367758:8804,477:477,05/21/23 06:32:46,STABLE BEAMS,6800,448095.000648804,431817.069915703,57.9,AVG
367758:8804,478:478,05/21/23 06:33:09,STABLE BEAMS,6800,447777.346993677,425205.385233139,57.9,AVG
367758:8804,479:479,05/21/23 06:33:32,STABLE BEAMS,6800,447409.701041784,431157.056869687,57.8,AVG
367758:8804,480:480,05/21/23 06:33:56,STABLE BEAMS,6800,447197.719810276,430714.436517024,57.8,AVG
367758:8804,481:481,05/21/23 06:34:19,STABLE BEAMS,6800,446277.990691517,425222.662924946,57.7,AVG
367758:8804,482:482,05/21/23 06:34:42,STABLE BEAMS,6800,445786.734671520,429353.124008853,57.6,AVG
367758:8804,483:483,05/21/23 06:35:06,STABLE BEAMS,6800,446501.718224591,430336.365832752,57.7,AVG
367758:8804,484:484,05/21/23 06:35:29,STABLE BEAMS,6800,446243.660907200,430181.923660684,57.7,AVG
367758:8804,485:485,05/21/23 06:35:52,STABLE BEAMS,6800,446053.806267173,429412.189904691,57.7,AVG
367758:8804,486:486,05/21/23 06:36:15,STABLE BEAMS,6800,445792.926014438,429652.094142071,57.6,AVG
367758:8804,487:487,05/21/23 06:36:39,STABLE BEAMS,6800,445014.108223998,429207.683531986,57.5,AVG
367758:8804,488:488,05/21/23 06:37:02,STABLE BEAMS,6800,445259.827146035,429303.215644842,57.6,AVG
367758:8804,489:489,05/21/23 06:37:25,STABLE BEAMS,6800,445528.220462860,429589.088923633,57.6,AVG
367758:8804,490:490,05/21/23 06:37:49,STABLE BEAMS,6800,445289.149775010,424548.701793164,57.6,AVG
367758:8804,491:491,05/21/23 06:38:12,STABLE BEAMS,6800,445041.927307724,429275.110123646,57.5,AVG
367758:8804,492:492,05/21/23 06:38:35,STABLE BEAMS,6800,444547.619906750,428722.213551542,57.5,AVG
367758:8804,493:493,05/21/23 06:38:59,STABLE BEAMS,6800,444225.094298799,428467.764310604,57.4,AVG
367758:8804,494:494,05/21/23 06:39:22,STABLE BEAMS,6800,444112.911174589,428599.755138610,57.4,AVG
367758:8804,495:495,05/21/23 06:39:45,STABLE BEAMS,6800,444032.006453717,428451.256060438,57.4,AVG
367758:8804,496:496,05/21/23 06:40:09,STABLE BEAMS,6800,443229.241499952,427904.445007254,57.3,AVG
367758:8804,497:497,05/21/23 06:40:32,STABLE BEAMS,6800,443034.559197582,427693.726186173,57.3,AVG
367758:8804,498:498,05/21/23 06:40:55,STABLE BEAMS,6800,442599.759553383,427566.542571144,57.2,AVG
367758:8804,499:499,05/21/23 06:41:19,STABLE BEAMS,6800,442175.293577540,427083.687910360,57.2,AVG
367758:8804,500:500,05/21/23 06:41:42,STABLE BEAMS,6800,440245.461780696,425513.794681879,56.9,AVG
367758:8804,501:501,05/21/23 06:42:05,STABLE BEAMS,6800,440483.485814566,425765.756947126,56.9,AVG
367758:8804,502:502,05/21/23 06:42:28,STABLE BEAMS,6800,441591.384204027,426533.410910235,57.1,AVG
367758:8804,503:503,05/21/23 06:42:52,STABLE BEAMS,6800,441503.786958488,426783.670919734,57.1,AVG
367758:8804,504:504,05/21/23 06:43:15,STABLE BEAMS,6800,441158.179017115,426282.681147077,57.0,AVG
367758:8804,505:505,05/21/23 06:43:38,STABLE BEAMS,6800,441153.442266811,426266.956786300,57.0,AVG
367758:8804,506:506,05/21/23 06:44:02,STABLE BEAMS,6800,440828.639195747,425945.861992199,57.0,AVG
367758:8804,507:507,05/21/23 06:44:25,STABLE BEAMS,6800,440782.793886576,425827.135554908,57.0,AVG
367758:8804,508:508,05/21/23 06:44:48,STABLE BEAMS,6800,441034.431415415,426220.692697825,57.0,AVG
367758:8804,509:509,05/21/23 06:45:12,STABLE BEAMS,6800,441010.938812282,425998.213296323,57.0,AVG
367758:8804,510:510,05/21/23 06:45:35,STABLE BEAMS,6800,440864.516815793,425918.851581491,57.0,AVG
367758:8804,511:511,05/21/23 06:45:58,STABLE BEAMS,6800,440517.587153248,425578.485889824,56.9,AVG
367758:8804,512:512,05/21/23 06:46:22,STABLE BEAMS,6800,440281.929163453,425590.774473727,56.9,AVG
367758:8804,513:513,05/21/23 06:46:45,STABLE BEAMS,6800,439219.969326279,424660.526625226,56.8,AVG
367758:8804,514:514,05/21/23 06:47:08,STABLE BEAMS,6800,438757.851780103,423866.566181351,56.7,AVG
367758:8804,515:515,05/21/23 06:47:32,STABLE BEAMS,6800,438045.914945855,423624.495669696,56.6,AVG
367758:8804,516:516,05/21/23 06:47:55,STABLE BEAMS,6800,437618.992013899,423162.483832928,56.6,AVG
367758:8804,517:517,05/21/23 06:48:18,STABLE BEAMS,6800,437174.266639978,422664.198338491,56.5,AVG
367758:8804,518:518,05/21/23 06:48:41,STABLE BEAMS,6800,436568.550032657,422384.556501428,56.4,AVG
367758:8804,519:519,05/21/23 06:49:05,STABLE BEAMS,6800,434337.953240112,420674.052503261,56.1,AVG
367758:8804,520:520,05/21/23 06:49:28,STABLE BEAMS,6800,434366.546241703,420609.146212852,56.1,AVG
367758:8804,521:521,05/21/23 06:49:51,STABLE BEAMS,6800,435933.785863554,421940.902681515,56.3,AVG
367758:8804,522:522,05/21/23 06:50:15,STABLE BEAMS,6800,436076.792830911,411380.326133280,56.4,AVG
367758:8804,523:523,05/21/23 06:50:38,STABLE BEAMS,6800,436192.936456483,422208.488103013,56.4,AVG
367758:8804,524:524,05/21/23 06:51:01,STABLE BEAMS,6800,436214.016393984,422204.867856661,56.4,AVG
367758:8804,525:525,05/21/23 06:51:25,STABLE BEAMS,6800,435845.869260342,299629.656125412,56.3,AVG
367758:8804,526:526,05/21/23 06:51:48,STABLE BEAMS,6800,435578.615840613,421386.074169584,56.3,AVG
367758:8804,527:527,05/21/23 06:52:11,STABLE BEAMS,6800,435505.268474311,421172.389119121,56.3,AVG
367758:8804,528:528,05/21/23 06:52:35,STABLE BEAMS,6800,434982.778341456,421070.116775308,56.2,AVG
367758:8804,529:529,05/21/23 06:52:58,STABLE BEAMS,6800,434489.382391943,420635.496650762,56.2,AVG
367758:8804,530:530,05/21/23 06:53:21,STABLE BEAMS,6800,435470.029569611,421431.830563549,56.3,AVG
367758:8804,531:531,05/21/23 06:53:44,STABLE BEAMS,6800,435700.633782507,421213.181766958,56.3,AVG
367758:8804,532:532,05/21/23 06:54:08,STABLE BEAMS,6800,435601.562971516,421293.133575064,56.3,AVG
367758:8804,533:533,05/21/23 06:54:31,STABLE BEAMS,6800,435729.634722731,421435.223968653,56.3,AVG
367758:8804,534:534,05/21/23 06:54:54,STABLE BEAMS,6800,436267.468010361,421772.931613744,56.4,AVG
367758:8804,535:535,05/21/23 06:55:18,STABLE BEAMS,6800,435952.590669019,421533.711628739,56.3,AVG
367758:8804,536:536,05/21/23 06:55:41,STABLE BEAMS,6800,435408.109147203,421247.172811938,56.3,AVG
367758:8804,537:537,05/21/23 06:56:04,STABLE BEAMS,6800,435231.504353991,421096.303202308,56.3,AVG
367758:8804,538:538,05/21/23 06:56:28,STABLE BEAMS,6800,434781.816115209,420713.786673402,56.2,AVG
367758:8804,539:539,05/21/23 06:56:51,STABLE BEAMS,6800,434938.205800822,420399.983298103,56.2,AVG
367758:8804,540:540,05/21/23 06:57:14,STABLE BEAMS,6800,434676.187982069,420872.166195835,56.2,AVG
367758:8804,541:541,05/21/23 06:57:38,STABLE BEAMS,6800,434467.302422020,420800.824735317,56.2,AVG
367758:8804,542:542,05/21/23 06:58:01,STABLE BEAMS,6800,435225.037943881,408870.590603424,56.3,AVG
367758:8804,543:543,05/21/23 06:58:24,STABLE BEAMS,6800,435165.576808663,415279.353473461,56.2,AVG
367758:8804,544:544,05/21/23 06:58:47,STABLE BEAMS,6800,450843.898627207,421579.915838887,58.3,AVG
367758:8804,545:545,05/21/23 06:59:11,STABLE BEAMS,6800,456258.645271467,432787.037997825,59.0,AVG
367758:8804,546:546,05/21/23 06:59:34,STABLE BEAMS,6800,455032.416705359,427032.515270820,58.8,AVG
367758:8804,547:547,05/21/23 06:59:57,STABLE BEAMS,6800,455166.544596973,430729.951043580,58.8,AVG
367758:8804,548:548,05/21/23 07:00:21,STABLE BEAMS,6800,455146.602225490,432902.242771006,58.8,AVG
367758:8804,549:549,05/21/23 07:00:44,STABLE BEAMS,6800,454595.020240373,433803.217027918,58.8,AVG
367758:8804,550:550,05/21/23 07:01:07,STABLE BEAMS,6800,453667.733767043,438133.562428010,58.6,AVG
367758:8804,551:551,05/21/23 07:01:31,STABLE BEAMS,6800,453219.502451952,429703.144271875,58.6,AVG
367758:8804,552:552,05/21/23 07:01:54,STABLE BEAMS,6800,453971.913791876,438345.408020390,58.7,AVG
367758:8804,553:553,05/21/23 07:02:17,STABLE BEAMS,6800,453722.141125362,438221.473541302,58.6,AVG
367758:8804,554:554,05/21/23 07:02:41,STABLE BEAMS,6800,452664.141789550,437269.587211270,58.5,AVG
367758:8804,555:555,05/21/23 07:03:04,STABLE BEAMS,6800,452489.173413028,437321.927632646,58.5,AVG
367758:8804,556:556,05/21/23 07:03:27,STABLE BEAMS,6800,453341.567015404,437867.523215329,58.6,AVG
367758:8804,557:557,05/21/23 07:03:51,STABLE BEAMS,6800,453091.202255102,430750.912905981,58.6,AVG
367758:8804,558:558,05/21/23 07:04:14,STABLE BEAMS,6800,453002.693558101,437450.647349394,58.6,AVG
367758:8804,559:559,05/21/23 07:04:37,STABLE BEAMS,6800,453444.598327757,437961.900836490,58.6,AVG
367758:8804,560:560,05/21/23 07:05:00,STABLE BEAMS,6800,452665.871449356,437458.873701666,58.5,AVG
367758:8804,561:561,05/21/23 07:05:24,STABLE BEAMS,6800,451808.200286601,436617.484600015,58.4,AVG
367758:8804,562:562,05/21/23 07:05:47,STABLE BEAMS,6800,451490.362476319,436501.207289421,58.4,AVG
367758:8804,563:563,05/21/23 07:06:10,STABLE BEAMS,6800,451144.617001350,433467.697273277,58.3,AVG
367758:8804,564:564,05/21/23 07:06:34,STABLE BEAMS,6800,451563.390484947,433314.034646670,58.4,AVG
367758:8804,565:565,05/21/23 07:06:57,STABLE BEAMS,6800,451700.297021425,436707.238074444,58.4,AVG
367758:8804,566:566,05/21/23 07:07:20,STABLE BEAMS,6800,451463.499134534,436367.746485575,58.4,AVG
367758:8804,567:567,05/21/23 07:07:44,STABLE BEAMS,6800,450753.387534286,435750.257738985,58.3,AVG
367758:8804,568:568,05/21/23 07:08:07,STABLE BEAMS,6800,450343.171437680,435784.010025299,58.2,AVG
367758:8804,569:569,05/21/23 07:08:30,STABLE BEAMS,6800,450270.187719531,435784.517098357,58.2,AVG
367758:8804,570:570,05/21/23 07:08:54,STABLE BEAMS,6800,449983.129461916,435373.513698182,58.2,AVG
367758:8804,571:571,05/21/23 07:09:17,STABLE BEAMS,6800,449208.181260799,434298.978120852,58.1,AVG
367758:8804,572:572,05/21/23 07:09:40,STABLE BEAMS,6800,448802.156442268,434243.252217783,58.0,AVG
367758:8804,573:573,05/21/23 07:10:04,STABLE BEAMS,6800,449341.945504260,434989.773693211,58.1,AVG
367758:8804,574:574,05/21/23 07:10:27,STABLE BEAMS,6800,449015.732131063,434720.760506997,58.0,AVG
367758:8804,575:575,05/21/23 07:10:50,STABLE BEAMS,6800,449448.210021668,428645.287121701,58.1,AVG
367758:8804,576:576,05/21/23 07:11:14,STABLE BEAMS,6800,448164.615959379,434022.143406001,57.9,AVG
367758:8804,577:577,05/21/23 07:11:37,STABLE BEAMS,6800,447013.781445974,432135.079536425,57.8,AVG
367758:8804,578:578,05/21/23 07:12:00,STABLE BEAMS,6800,447122.959810764,432854.202457681,57.8,AVG
367758:8804,579:579,05/21/23 07:12:23,STABLE BEAMS,6800,447010.776686553,432885.886275732,57.8,AVG
367758:8804,580:580,05/21/23 07:12:47,STABLE BEAMS,6800,446836.356113340,432887.153692773,57.8,AVG
367758:8804,581:581,05/21/23 07:13:10,STABLE BEAMS,6800,446293.333846292,432387.297083898,57.7,AVG
367758:8804,582:582,05/21/23 07:13:33,STABLE BEAMS,6800,446412.253785650,430594.959988630,57.7,AVG
367758:8804,583:583,05/21/23 07:13:57,STABLE BEAMS,6800,446478.316533496,430743.682942734,57.7,AVG
367758:8804,584:584,05/21/23 07:14:20,STABLE BEAMS,6800,446156.019371181,430487.688491044,57.7,AVG
367758:8804,585:585,05/21/23 07:14:43,STABLE BEAMS,6800,445744.073614769,430239.150532521,57.6,AVG
367758:8804,586:586,05/21/23 07:15:07,STABLE BEAMS,6800,446211.972234150,430021.710247287,57.7,AVG
367758:8804,587:587,05/21/23 07:15:30,STABLE BEAMS,6800,446369.229080745,430588.680634429,57.7,AVG
367758:8804,588:588,05/21/23 07:15:53,STABLE BEAMS,6800,447445.212682599,431516.346876847,57.8,AVG
367758:8804,589:589,05/21/23 07:16:16,STABLE BEAMS,6800,446306.991631741,430817.193395975,57.7,AVG
367758:8804,590:590,05/21/23 07:16:40,STABLE BEAMS,6800,446582.898012656,430911.089907151,57.7,AVG
367758:8804,591:591,05/21/23 07:17:03,STABLE BEAMS,6800,446150.874682243,430545.052689983,57.7,AVG
367758:8804,592:592,05/21/23 07:17:26,STABLE BEAMS,6800,445980.095252718,430633.561384085,57.6,AVG
367758:8804,593:593,05/21/23 07:17:50,STABLE BEAMS,6800,445741.294969905,430343.995248521,57.6,AVG
367758:8804,594:594,05/21/23 07:18:13,STABLE BEAMS,6800,445191.307442075,429594.978955633,57.5,AVG
367758:8804,595:595,05/21/23 07:18:36,STABLE BEAMS,6800,444668.225215433,429377.061174896,57.5,AVG
367758:8804,596:596,05/21/23 07:19:00,STABLE BEAMS,6800,443727.371868692,428509.672162749,57.4,AVG
367758:8804,597:597,05/21/23 07:19:23,STABLE BEAMS,6800,443766.664517870,379414.317380676,57.4,AVG
367758:8804,598:598,05/21/23 07:19:46,STABLE BEAMS,6800,444059.732294327,238119.631631454,57.4,AVG
367758:8804,599:599,05/21/23 07:20:10,STABLE BEAMS,6800,443678.838826696,428327.352279541,57.3,AVG
367758:8804,600:600,05/21/23 07:20:33,STABLE BEAMS,6800,443186.580443200,427838.583139478,57.3,AVG
367758:8804,601:601,05/21/23 07:20:56,STABLE BEAMS,6800,443393.601140925,428217.349229557,57.3,AVG
367758:8804,602:602,05/21/23 07:21:20,STABLE BEAMS,6800,443365.600233122,428111.068067897,57.3,AVG
367758:8804,603:603,05/21/23 07:21:43,STABLE BEAMS,6800,443259.699363868,428143.102135017,57.3,AVG
367758:8804,604:604,05/21/23 07:22:06,STABLE BEAMS,6800,442905.713528502,427869.146624638,57.2,AVG
367758:8804,605:605,05/21/23 07:22:29,STABLE BEAMS,6800,442307.463363714,427355.113868625,57.2,AVG
367758:8804,606:606,05/21/23 07:22:53,STABLE BEAMS,6800,441726.651992737,426913.557743212,57.1,AVG
367758:8804,607:607,05/21/23 07:23:16,STABLE BEAMS,6800,442309.239645078,427420.206779693,57.2,AVG
367758:8804,608:608,05/21/23 07:23:39,STABLE BEAMS,6800,441873.118279706,426911.394137143,57.1,AVG
367758:8804,609:609,05/21/23 07:24:03,STABLE BEAMS,6800,441970.776457486,427075.773292948,57.1,AVG
367758:8804,610:610,05/21/23 07:24:26,STABLE BEAMS,6800,441753.603915482,426824.686075568,57.1,AVG
367758:8804,611:611,05/21/23 07:24:49,STABLE BEAMS,6800,441617.336094351,426803.697763685,57.1,AVG
367758:8804,612:612,05/21/23 07:25:13,STABLE BEAMS,6800,441470.142511075,426713.636444983,57.1,AVG
367758:8804,613:613,05/21/23 07:25:36,STABLE BEAMS,6800,441415.143058969,426749.661029526,57.1,AVG
367758:8804,614:614,05/21/23 07:25:59,STABLE BEAMS,6800,440942.962249475,426303.836821689,57.0,AVG
367758:8804,615:615,05/21/23 07:26:23,STABLE BEAMS,6800,440615.338574144,426079.502047254,57.0,AVG
367758:8804,616:616,05/21/23 07:26:46,STABLE BEAMS,6800,440705.029127643,426120.916420806,57.0,AVG
367758:8804,617:617,05/21/23 07:27:09,STABLE BEAMS,6800,440565.301986899,426090.909594484,56.9,AVG
367758:8804,618:618,05/21/23 07:27:33,STABLE BEAMS,6800,440338.886721000,425948.660604438,56.9,AVG
367758:8804,619:619,05/21/23 07:27:56,STABLE BEAMS,6800,440016.633849164,425667.157415156,56.9,AVG
367758:8804,620:620,05/21/23 07:28:19,STABLE BEAMS,6800,440067.397732716,425709.727965564,56.9,AVG
367758:8804,621:621,05/21/23 07:28:42,STABLE BEAMS,6800,440004.430656328,425679.570511116,56.9,AVG
367758:8804,622:622,05/21/23 07:29:06,STABLE BEAMS,6800,439335.385655544,425043.158067678,56.8,AVG
367758:8804,623:623,05/21/23 07:29:29,STABLE BEAMS,6800,438397.534737146,424212.959049502,56.7,AVG
367758:8804,624:624,05/21/23 07:29:52,STABLE BEAMS,6800,438027.340917103,423746.244411495,56.6,AVG
367758:8804,625:625,05/21/23 07:30:16,STABLE BEAMS,6800,437234.044801791,423179.357952808,56.5,AVG
367758:8804,626:626,05/21/23 07:30:39,STABLE BEAMS,6800,435761.323395781,412324.473643079,56.3,AVG
367758:8804,627:627,05/21/23 07:31:02,STABLE BEAMS,6800,435211.699516105,416570.420889325,56.3,AVG
367758:8804,628:628,05/21/23 07:31:26,STABLE BEAMS,6800,435443.350382981,410951.315563605,56.3,AVG
367758:8804,629:629,05/21/23 07:31:49,STABLE BEAMS,6800,435044.426027750,414494.836404149,56.2,AVG
367758:8804,630:630,05/21/23 07:32:12,STABLE BEAMS,6800,434248.626334767,409836.565192659,56.1,AVG
367758:8804,631:631,05/21/23 07:32:36,STABLE BEAMS,6800,434117.822560246,420555.640783915,56.1,AVG
367758:8804,632:632,05/21/23 07:32:59,STABLE BEAMS,6800,434201.641128501,414597.046944794,56.1,AVG
367758:8804,633:633,05/21/23 07:33:22,STABLE BEAMS,6800,433971.036915604,414451.358866903,56.1,AVG
367758:8804,634:634,05/21/23 07:33:45,STABLE BEAMS,6800,433649.557961634,420170.463139922,56.1,AVG
367758:8804,635:635,05/21/23 07:34:09,STABLE BEAMS,6800,433289.742100426,413827.175057302,56.0,AVG
367758:8804,636:636,05/21/23 07:34:32,STABLE BEAMS,6800,433254.458905246,419973.322526703,56.0,AVG
367758:8804,637:637,05/21/23 07:34:55,STABLE BEAMS,6800,447390.306473609,426313.284699760,57.8,AVG
367758:8804,638:638,05/21/23 07:35:19,STABLE BEAMS,6800,455872.651405379,431485.850410300,58.9,AVG
367758:8804,639:639,05/21/23 07:35:42,STABLE BEAMS,6800,455155.026741041,437137.963476626,58.8,AVG
367758:8804,640:640,05/21/23 07:36:05,STABLE BEAMS,6800,454688.354268638,436887.569600299,58.8,AVG
367758:8804,641:641,05/21/23 07:36:29,STABLE BEAMS,6800,454675.743137168,439315.186936396,58.8,AVG
367758:8804,642:642,05/21/23 07:36:52,STABLE BEAMS,6800,454332.729685505,432402.345158112,58.7,AVG
367758:8804,643:643,05/21/23 07:37:15,STABLE BEAMS,6800,454310.784918101,439101.495713064,58.7,AVG
367758:8804,644:644,05/21/23 07:37:39,STABLE BEAMS,6800,454162.178701615,438751.024686163,58.7,AVG
367758:8804,645:645,05/21/23 07:38:02,STABLE BEAMS,6800,453541.209851557,438156.861659812,58.6,AVG
367758:8804,646:646,05/21/23 07:38:25,STABLE BEAMS,6800,453137.551077100,437998.602913880,58.6,AVG
367758:8804,647:647,05/21/23 07:38:49,STABLE BEAMS,6800,451605.095799758,430903.880440744,58.4,AVG
367758:8804,648:648,05/21/23 07:39:12,STABLE BEAMS,6800,451341.392611679,436699.970631146,58.3,AVG
367758:8804,649:649,05/21/23 07:39:35,STABLE BEAMS,6800,450213.687053254,435571.470058496,58.2,AVG
367758:8804,650:650,05/21/23 07:39:58,STABLE BEAMS,6800,449672.075088339,435245.954046864,58.1,AVG
367758:8804,651:651,05/21/23 07:40:22,STABLE BEAMS,6800,450764.858768659,435998.031254405,58.3,AVG
367758:8804,652:652,05/21/23 07:40:45,STABLE BEAMS,6800,450634.283439773,436072.047926401,58.2,AVG
367758:8804,653:653,05/21/23 07:41:08,STABLE BEAMS,6800,449937.645469820,435486.811296156,58.2,AVG
367758:8804,654:654,05/21/23 07:41:32,STABLE BEAMS,6800,449969.926236658,435515.725253930,58.2,AVG
367758:8804,655:655,05/21/23 07:41:55,STABLE BEAMS,6800,450609.105467314,435934.334436139,58.2,AVG
367758:8804,656:656,05/21/23 07:42:18,STABLE BEAMS,6800,450527.380207019,412072.119458593,58.2,AVG
367758:8804,657:657,05/21/23 07:42:42,STABLE BEAMS,6800,450468.056605398,356143.060084463,58.2,AVG
367758:8804,658:658,05/21/23 07:43:05,STABLE BEAMS,6800,450166.520022910,435669.062958172,58.2,AVG
367758:8804,659:659,05/21/23 07:43:28,STABLE BEAMS,6800,449877.319504699,435609.280140741,58.1,AVG
367758:8804,660:660,05/21/23 07:43:52,STABLE BEAMS,6800,448995.607935503,434790.574179510,58.0,AVG
367758:8804,661:661,05/21/23 07:44:15,STABLE BEAMS,6800,448577.608369771,350034.669242654,58.0,AVG
367758:8804,662:662,05/21/23 07:44:38,STABLE BEAMS,6800,449311.851288498,434741.866131126,58.1,AVG
367758:8804,663:663,05/21/23 07:45:01,STABLE BEAMS,6800,449116.350777783,434708.133436109,58.1,AVG
367758:8804,664:664,05/21/23 07:45:25,STABLE BEAMS,6800,449015.641219025,434633.109275539,58.0,AVG
367758:8804,665:665,05/21/23 07:45:48,STABLE BEAMS,6800,448865.214430694,434549.388944564,58.0,AVG
367758:8804,666:666,05/21/23 07:46:11,STABLE BEAMS,6800,448624.229927884,434382.118181218,58.0,AVG
367758:8804,667:667,05/21/23 07:46:35,STABLE BEAMS,6800,448469.840307114,433998.433869798,58.0,AVG
367758:8804,668:668,05/21/23 07:46:58,STABLE BEAMS,6800,448192.798691259,433765.057295578,57.9,AVG
367758:8804,669:669,05/21/23 07:47:21,STABLE BEAMS,6800,447921.946087243,424991.725378074,57.9,AVG
367758:8804,670:670,05/21/23 07:47:45,STABLE BEAMS,6800,447481.181214684,419532.427776026,57.8,AVG
367758:8804,671:671,05/21/23 07:48:08,STABLE BEAMS,6800,447127.922675625,419364.754649939,57.8,AVG
367758:8804,672:672,05/21/23 07:48:31,STABLE BEAMS,6800,446424.776336159,419691.292617480,57.7,AVG
367758:8804,673:673,05/21/23 07:48:55,STABLE BEAMS,6800,445527.810193148,419767.008920205,57.6,AVG
367758:8804,674:674,05/21/23 07:49:18,STABLE BEAMS,6800,444905.703777073,419988.263811669,57.5,AVG
367758:8804,675:675,05/21/23 07:49:41,STABLE BEAMS,6800,444807.772863178,419355.119440714,57.5,AVG
367758:8804,676:676,05/21/23 07:50:05,STABLE BEAMS,6800,444755.367900780,419486.095326507,57.5,AVG
367758:8804,677:677,05/21/23 07:50:28,STABLE BEAMS,6800,444042.659479746,419533.599181284,57.4,AVG
367758:8804,678:678,05/21/23 07:50:51,STABLE BEAMS,6800,444075.758454928,426911.314528801,57.4,AVG
367758:8804,679:679,05/21/23 07:51:15,STABLE BEAMS,6800,444694.587375468,429152.795128434,57.5,AVG
367758:8804,680:680,05/21/23 07:51:38,STABLE BEAMS,6800,444882.668065209,429299.213821188,57.5,AVG
367758:8804,681:681,05/21/23 07:52:01,STABLE BEAMS,6800,444344.743865541,428902.749488294,57.4,AVG
367758:8804,682:682,05/21/23 07:52:24,STABLE BEAMS,6800,444287.194214206,429014.505447324,57.4,AVG
367758:8804,683:683,05/21/23 07:52:48,STABLE BEAMS,6800,443902.293623656,427743.998132423,57.4,AVG
367758:8804,684:684,05/21/23 07:53:11,STABLE BEAMS,6800,443356.993893494,427996.756015192,57.3,AVG
367758:8804,685:685,05/21/23 07:53:34,STABLE BEAMS,6800,442320.438143337,427541.475152004,57.2,AVG
367758:8804,686:686,05/21/23 07:53:58,STABLE BEAMS,6800,442084.917687137,427452.927332100,57.1,AVG
367758:8804,687:687,05/21/23 07:54:21,STABLE BEAMS,6800,442013.528426276,426408.508842190,57.1,AVG
367758:8804,688:688,05/21/23 07:54:44,STABLE BEAMS,6800,441532.743608232,426880.329169694,57.1,AVG
367758:8804,689:689,05/21/23 07:55:08,STABLE BEAMS,6800,440813.480196126,424414.272791183,57.0,AVG
367758:8804,690:690,05/21/23 07:55:31,STABLE BEAMS,6800,441201.931018327,426550.194231464,57.0,AVG
367758:8804,691:691,05/21/23 07:55:54,STABLE BEAMS,6800,441771.725715121,427021.257242328,57.1,AVG
367758:8804,692:692,05/21/23 07:56:18,STABLE BEAMS,6800,441803.048408940,427045.826305799,57.1,AVG
367758:8804,693:693,05/21/23 07:56:41,STABLE BEAMS,6800,442029.827322993,427369.743266903,57.1,AVG
367758:8804,694:694,05/21/23 07:57:04,STABLE BEAMS,6800,441979.382797114,427304.068781416,57.1,AVG
367758:8804,695:695,05/21/23 07:57:27,STABLE BEAMS,6800,441874.211555244,427207.433289962,57.1,AVG
367758:8804,696:696,05/21/23 07:57:51,STABLE BEAMS,6800,441617.974809697,426883.741459873,57.1,AVG
367758:8804,697:697,05/21/23 07:58:14,STABLE BEAMS,6800,441472.737000784,426737.261044707,57.1,AVG
367758:8804,698:698,05/21/23 07:58:37,STABLE BEAMS,6800,441085.468035082,426379.078963315,57.0,AVG
367758:8804,699:699,05/21/23 07:59:01,STABLE BEAMS,6800,440786.344118226,426243.598485631,57.0,AVG
367758:8804,700:700,05/21/23 07:59:24,STABLE BEAMS,6800,441177.072403541,421186.296442690,57.0,AVG
367758:8804,701:701,05/21/23 07:59:47,STABLE BEAMS,6800,440729.796830391,412584.601918041,57.0,AVG
367758:8804,702:702,05/21/23 08:00:11,STABLE BEAMS,6800,440431.810479553,425838.632146652,56.9,AVG
367758:8804,703:703,05/21/23 08:00:34,STABLE BEAMS,6800,440252.517953517,419819.466228512,56.9,AVG
367758:8804,704:704,05/21/23 08:00:57,STABLE BEAMS,6800,440179.126296735,417597.326941407,56.9,AVG
367758:8804,705:705,05/21/23 08:01:21,STABLE BEAMS,6800,440108.737068295,413438.215862821,56.9,AVG
367758:8804,706:706,05/21/23 08:01:44,STABLE BEAMS,6800,439916.059492924,425622.354134865,56.9,AVG
367758:8804,707:707,05/21/23 08:02:07,STABLE BEAMS,6800,439702.437182571,417246.733375561,56.8,AVG
367758:8804,708:708,05/21/23 08:02:31,STABLE BEAMS,6800,439364.841155960,419101.922639878,56.8,AVG
367758:8804,709:709,05/21/23 08:02:54,STABLE BEAMS,6800,439159.596739600,424814.422601684,56.8,AVG
367758:8804,710:710,05/21/23 08:03:17,STABLE BEAMS,6800,438861.976367994,418695.765354742,56.7,AVG
367758:8804,711:711,05/21/23 08:03:41,STABLE BEAMS,6800,438311.485327336,424180.741233371,56.7,AVG
367758:8804,712:712,05/21/23 08:04:04,STABLE BEAMS,6800,438341.306806983,424291.493666431,56.7,AVG
367758:8804,713:713,05/21/23 08:04:27,STABLE BEAMS,6800,437769.509714268,418088.084189563,56.6,AVG
367758:8804,714:714,05/21/23 08:04:50,STABLE BEAMS,6800,437299.925725561,423493.041570600,56.5,AVG
367758:8804,715:715,05/21/23 08:05:14,STABLE BEAMS,6800,436138.256362050,422389.091643575,56.4,AVG
367758:8804,716:716,05/21/23 08:05:37,STABLE BEAMS,6800,435968.661120101,422257.214618158,56.4,AVG
367758:8804,717:717,05/21/23 08:06:00,STABLE BEAMS,6800,436066.230716921,421875.754671999,56.4,AVG
367758:8804,718:718,05/21/23 08:06:24,STABLE BEAMS,6800,435485.281812348,421581.860862889,56.3,AVG
367758:8804,719:719,05/21/23 08:06:47,STABLE BEAMS,6800,434579.119566999,416153.952999903,56.2,AVG
367758:8804,720:720,05/21/23 08:07:10,STABLE BEAMS,6800,434660.572091179,421004.835594931,56.2,AVG
367758:8804,721:721,05/21/23 08:07:34,STABLE BEAMS,6800,435229.317802916,421403.237474927,56.3,AVG
367758:8804,722:722,05/21/23 08:07:57,STABLE BEAMS,6800,435048.248995515,421279.378989454,56.2,AVG
367758:8804,723:723,05/21/23 08:08:20,STABLE BEAMS,6800,434714.979449497,415999.117190562,56.2,AVG
367758:8804,724:724,05/21/23 08:08:44,STABLE BEAMS,6800,434358.487705384,420695.133503035,56.1,AVG
367758:8804,725:725,05/21/23 08:09:07,STABLE BEAMS,6800,434135.715914250,420441.835455883,56.1,AVG
367758:8804,726:726,05/21/23 08:09:30,STABLE BEAMS,6800,434661.208475447,420850.545859651,56.2,AVG
367758:8804,727:727,05/21/23 08:09:53,STABLE BEAMS,6800,434800.618589596,421030.695007645,56.2,AVG
367758:8804,728:728,05/21/23 08:10:17,STABLE BEAMS,6800,434860.443372967,416138.710456240,56.2,AVG
367758:8804,729:729,05/21/23 08:10:40,STABLE BEAMS,6800,434403.423894171,420645.496696120,56.1,AVG
367758:8804,730:730,05/21/23 08:11:03,STABLE BEAMS,6800,433935.751389346,420067.380050469,56.1,AVG
367758:8804,731:731,05/21/23 08:11:27,STABLE BEAMS,6800,433856.121768089,420310.871727548,56.1,AVG
367758:8804,732:732,05/21/23 08:11:50,STABLE BEAMS,6800,433805.129438902,420357.914835898,56.1,AVG
367758:8804,733:733,05/21/23 08:12:13,STABLE BEAMS,6800,433637.855950547,420278.123675221,56.1,AVG
367758:8804,734:734,05/21/23 08:12:37,STABLE BEAMS,6800,433700.095730629,420467.483732954,56.1,AVG
367758:8804,735:735,05/21/23 08:13:00,STABLE BEAMS,6800,433295.024322960,420143.601229353,56.0,AVG
367758:8804,736:736,05/21/23 08:13:23,STABLE BEAMS,6800,433290.609261407,419990.777927770,56.0,AVG
367758:8804,737:737,05/21/23 08:13:47,STABLE BEAMS,6800,433390.908550454,420202.567199254,56.0,AVG
367758:8804,738:738,05/21/23 08:14:10,STABLE BEAMS,6800,446810.269020497,430878.798091691,57.8,AVG
367758:8804,739:739,05/21/23 08:14:33,STABLE BEAMS,6800,452877.216296595,435547.086318572,58.5,AVG
367758:8804,740:740,05/21/23 08:14:56,STABLE BEAMS,6800,452717.455872330,435762.871470029,58.5,AVG
367758:8804,741:741,05/21/23 08:15:20,STABLE BEAMS,6800,452364.153042791,435726.711931990,58.5,AVG
367758:8804,742:742,05/21/23 08:15:43,STABLE BEAMS,6800,452152.397925840,435217.078739202,58.4,AVG
367758:8804,743:743,05/21/23 08:16:06,STABLE BEAMS,6800,451922.840366924,434650.528098391,58.4,AVG
367758:8804,744:744,05/21/23 08:16:30,STABLE BEAMS,6800,451481.665224653,436685.315799491,58.4,AVG
367758:8804,745:745,05/21/23 08:16:53,STABLE BEAMS,6800,451361.789543354,436539.134589524,58.3,AVG
367758:8804,746:746,05/21/23 08:17:16,STABLE BEAMS,6800,451159.277150299,436351.099700700,58.3,AVG
367758:8804,747:747,05/21/23 08:17:40,STABLE BEAMS,6800,451116.114911797,168433.704263280,58.3,AVG
367758:8804,748:748,05/21/23 08:18:03,STABLE BEAMS,6800,450856.099488965,435953.506259590,58.3,AVG
367758:8804,749:749,05/21/23 08:18:26,STABLE BEAMS,6800,450609.697561102,435846.477527638,58.2,AVG
367758:8804,750:750,05/21/23 08:18:50,STABLE BEAMS,6800,450197.798426249,435644.445350508,58.2,AVG
367758:8804,751:751,05/21/23 08:19:13,STABLE BEAMS,6800,450216.738434232,435634.158622629,58.2,AVG
367758:8804,752:752,05/21/23 08:19:36,STABLE BEAMS,6800,449978.712069284,435533.705009522,58.2,AVG
367758:8804,753:753,05/21/23 08:20:00,STABLE BEAMS,6800,449752.888897173,435280.628359820,58.1,AVG
367758:8804,754:754,05/21/23 08:20:23,STABLE BEAMS,6800,449441.836854674,434907.515136765,58.1,AVG
367758:8804,755:755,05/21/23 08:20:46,STABLE BEAMS,6800,449158.739098420,434627.096890204,58.1,AVG
367758:8804,756:756,05/21/23 08:21:09,STABLE BEAMS,6800,449010.769266202,432670.237386801,58.0,AVG
367758:8804,757:757,05/21/23 08:21:33,STABLE BEAMS,6800,448755.534884154,343907.161298628,58.0,AVG
367758:8804,758:758,05/21/23 08:21:56,STABLE BEAMS,6800,448349.006552795,432063.299996730,58.0,AVG
367758:8804,759:759,05/21/23 08:22:19,STABLE BEAMS,6800,448474.483814302,432146.025665300,58.0,AVG
367758:8804,760:760,05/21/23 08:22:43,STABLE BEAMS,6800,448359.934646017,432278.978856687,58.0,AVG
367758:8804,761:761,05/21/23 08:23:06,STABLE BEAMS,6800,447725.032943318,431594.705013524,57.9,AVG
367758:8804,762:762,05/21/23 08:23:29,STABLE BEAMS,6800,447233.459896726,431063.380795003,57.8,AVG
367758:8804,763:763,05/21/23 08:23:53,STABLE BEAMS,6800,447621.456158735,430765.816831305,57.9,AVG
367758:8804,764:764,05/21/23 08:24:16,STABLE BEAMS,6800,447506.403477623,431497.711170863,57.8,AVG
367758:8804,765:765,05/21/23 08:24:39,STABLE BEAMS,6800,446808.355205537,430237.999455030,57.8,AVG
367758:8804,766:766,05/21/23 08:25:03,STABLE BEAMS,6800,446113.540138506,430334.155363018,57.7,AVG
367758:8804,767:767,05/21/23 08:25:26,STABLE BEAMS,6800,445902.013467189,430188.134937279,57.6,AVG
#Summary:
#nfill,nrun,nls,ncms,totdelivered(/ub),totrecorded(/ub)
#5,11,4535,4535,1697013106.940839291,1603475875.590941906
#Check JSON:
#(run,ls) in json but not in results: []
