#Data tag : 24v2 , Norm tag: None
#run:fill,ls,time,beamstatus,E(GeV),delivered(/ub),recorded(/ub),avgpu,source
367661:8784,50:50,05/17/23 22:24:43,STABLE BEAMS,6800,276059.167761103,34770.501889629,35.7,DT
367661:8784,51:51,05/17/23 22:25:06,STABLE BEAMS,6800,275678.290989649,220003.745965876,35.6,DT
367661:8784,52:52,05/17/23 22:25:30,STABLE BEAMS,6800,275442.652779204,241734.776135023,35.6,DT
367661:8784,53:53,05/17/23 22:25:53,STABLE BEAMS,6800,274890.296543967,9538.932719524,35.5,DT
367661:8784,54:54,05/17/23 22:26:16,STABLE BEAMS,6800,274295.885946454,9697.363765446,35.5,DT
367661:8784,55:55,05/17/23 22:26:40,STABLE BEAMS,6800,274191.368274346,104821.240866197,35.4,DT
367661:8784,56:56,05/17/23 22:27:03,STABLE BEAMS,6800,273762.373528784,267596.589079150,35.4,DT
367661:8784,57:57,05/17/23 22:27:26,STABLE BEAMS,6800,273625.031562550,267880.935978571,35.4,DT
367661:8784,58:58,05/17/23 22:27:49,STABLE BEAMS,6800,273164.795027096,261204.896691604,35.3,DT
367661:8784,59:59,05/17/23 22:28:13,STABLE BEAMS,6800,272771.136602051,260591.607732182,35.3,DT
367661:8784,60:60,05/17/23 22:28:36,STABLE BEAMS,6800,272402.749017713,264462.267777321,35.2,DT
367661:8784,61:61,05/17/23 22:28:59,STABLE BEAMS,6800,272288.594430528,208033.452144309,35.2,DT
367661:8784,62:62,05/17/23 22:29:23,STABLE BEAMS,6800,271927.535882266,263299.415999992,35.1,DT
367661:8784,63:63,05/17/23 22:29:46,STABLE BEAMS,6800,272189.710357664,259144.868648337,35.2,DT
367661:8784,64:64,05/17/23 22:30:09,STABLE BEAMS,6800,271666.175100720,263637.877657844,35.1,DT
367661:8784,65:65,05/17/23 22:30:33,STABLE BEAMS,6800,271527.860176713,263396.982922688,35.1,DT
367661:8784,66:66,05/17/23 22:30:56,STABLE BEAMS,6800,271078.935723214,254431.064717331,35.0,DT
367661:8784,67:67,05/17/23 22:31:19,STABLE BEAMS,6800,271107.054492401,209303.570099046,35.0,DT
367661:8784,68:68,05/17/23 22:31:43,STABLE BEAMS,6800,270966.635836783,258982.456050969,35.0,DT
367661:8784,69:69,05/17/23 22:32:06,STABLE BEAMS,6800,270737.693950291,262752.283420104,35.0,DT
367661:8784,70:70,05/17/23 22:32:29,STABLE BEAMS,6800,270608.179081849,263565.344901176,35.0,DT
367661:8784,71:71,05/17/23 22:32:53,STABLE BEAMS,6800,245137.149417268,244626.381816984,31.7,DT
367661:8784,72:72,05/17/23 22:33:16,STABLE BEAMS,6800,5438.673821218,4143.846948392,0.7,DT
367661:8784,73:73,05/17/23 22:33:39,STABLE BEAMS,6800,29612.281685349,29342.047583728,3.8,DT
367661:8784,74:74,05/17/23 22:34:02,STABLE BEAMS,6800,123243.840569344,120303.844887631,15.9,DT
367661:8784,75:75,05/17/23 22:34:26,STABLE BEAMS,6800,243906.971725509,239910.907122263,31.5,DT
367661:8784,76:76,05/17/23 22:34:49,STABLE BEAMS,6800,202782.810649282,201813.471500313,26.2,DT
367661:8784,77:77,05/17/23 22:35:12,STABLE BEAMS,6800,62421.288501861,62273.424859402,8.1,DT
367661:8784,78:78,05/17/23 22:35:36,STABLE BEAMS,6800,12210.247993084,12037.780039972,1.6,DT
367661:8784,79:79,05/17/23 22:35:59,STABLE BEAMS,6800,133380.706377562,132738.919617106,17.2,DT
367661:8784,80:80,05/17/23 22:36:22,STABLE BEAMS,6800,45338.129094136,45173.724133179,5.9,DT
367661:8784,81:81,05/17/23 22:36:46,STABLE BEAMS,6800,38781.893396775,38400.296633274,5.0,DT
367661:8784,82:82,05/17/23 22:37:09,STABLE BEAMS,6800,133055.799001951,129712.202200651,17.2,DT
367661:8784,83:83,05/17/23 22:37:32,STABLE BEAMS,6800,247063.814297095,242398.119635637,31.9,DT
367661:8784,84:84,05/17/23 22:37:56,STABLE BEAMS,6800,225642.793751820,224103.130830584,29.2,DT
367661:8784,85:85,05/17/23 22:38:19,STABLE BEAMS,6800,96266.421360392,95972.555594555,12.4,DT
367661:8784,86:86,05/17/23 22:38:42,STABLE BEAMS,6800,27958.269833426,27459.345832797,3.6,DT
367661:8784,87:87,05/17/23 22:39:06,STABLE BEAMS,6800,173772.208388761,168944.329286712,22.5,DT
367661:8784,88:88,05/17/23 22:39:29,STABLE BEAMS,6800,267396.432445266,260004.608894436,34.6,DT
367661:8784,89:89,05/17/23 22:39:52,STABLE BEAMS,6800,267338.676108228,256356.875895014,34.6,DT
367661:8784,90:90,05/17/23 22:40:15,STABLE BEAMS,6800,267371.840648004,260164.378712688,34.6,DT
367661:8784,91:91,05/17/23 22:40:39,STABLE BEAMS,6800,267161.156198278,260002.279461266,34.5,DT
367661:8784,92:92,05/17/23 22:41:02,STABLE BEAMS,6800,266880.724286114,259714.130773760,34.5,DT
367661:8784,93:93,05/17/23 22:41:25,STABLE BEAMS,6800,266471.479714615,255635.057468699,34.4,DT
367661:8784,94:94,05/17/23 22:41:49,STABLE BEAMS,6800,266391.100661520,259266.198529180,34.4,DT
367661:8784,95:95,05/17/23 22:42:12,STABLE BEAMS,6800,266159.490380424,259037.318543122,34.4,DT
367661:8784,96:96,05/17/23 22:42:35,STABLE BEAMS,6800,266128.949351784,259054.657352389,34.4,DT
367661:8784,97:97,05/17/23 22:42:59,STABLE BEAMS,6800,265801.123392427,255809.167830729,34.4,DT
367661:8784,98:98,05/17/23 22:43:22,STABLE BEAMS,6800,265397.647070577,258419.236725159,34.3,DT
367661:8784,99:99,05/17/23 22:43:45,STABLE BEAMS,6800,265562.544590859,258597.391097658,34.3,DT
367661:8784,100:100,05/17/23 22:44:09,STABLE BEAMS,6800,264951.369293875,255020.892165560,34.2,DT
367661:8784,101:101,05/17/23 22:44:32,STABLE BEAMS,6800,264873.049088924,257659.176000134,34.2,DT
367661:8784,102:102,05/17/23 22:44:55,STABLE BEAMS,6800,264699.012715283,257747.030637557,34.2,DT
367661:8784,103:103,05/17/23 22:45:19,STABLE BEAMS,6800,264679.330590350,257726.024064438,34.2,DT
367661:8784,104:104,05/17/23 22:45:42,STABLE BEAMS,6800,264188.282277590,252482.382012819,34.1,DT
367661:8784,105:105,05/17/23 22:46:05,STABLE BEAMS,6800,263784.556924882,256941.904193472,34.1,DT
367661:8784,106:106,05/17/23 22:46:28,STABLE BEAMS,6800,263708.657531530,256718.225268577,34.1,DT
367661:8784,107:107,05/17/23 22:46:52,STABLE BEAMS,6800,263429.855902777,256644.322695568,34.1,DT
367661:8784,108:108,05/17/23 22:47:15,STABLE BEAMS,6800,263434.312396858,256653.021179498,34.1,DT
367661:8784,109:109,05/17/23 22:47:38,STABLE BEAMS,6800,263173.268695300,252429.919515362,34.0,DT
367661:8784,110:110,05/17/23 22:48:02,STABLE BEAMS,6800,266599.048667512,258571.147545268,34.5,DT
367661:8784,111:111,05/17/23 22:48:25,STABLE BEAMS,6800,276405.181660243,265000.881925159,35.7,DT
367661:8784,112:112,05/17/23 22:48:48,STABLE BEAMS,6800,276739.273930966,268383.645570148,35.8,DT
367661:8784,113:113,05/17/23 22:49:12,STABLE BEAMS,6800,276546.551555826,264402.265300920,35.7,DT
367661:8784,114:114,05/17/23 22:49:35,STABLE BEAMS,6800,276113.507163108,267956.906772654,35.7,DT
367661:8784,115:115,05/17/23 22:49:58,STABLE BEAMS,6800,275758.533944483,267591.697937222,35.6,DT
367661:8784,116:116,05/17/23 22:50:22,STABLE BEAMS,6800,275714.080488414,262385.014124098,35.6,DT
367661:8784,117:117,05/17/23 22:50:45,STABLE BEAMS,6800,275563.820770330,267402.090262983,35.6,DT
367661:8784,118:118,05/17/23 22:51:08,STABLE BEAMS,6800,275415.935532523,267267.093282842,35.6,DT
367661:8784,119:119,05/17/23 22:51:31,STABLE BEAMS,6800,275407.362790009,264197.669654556,35.6,DT
367661:8784,120:120,05/17/23 22:51:55,STABLE BEAMS,6800,275462.969064113,265931.882377780,35.6,DT
367661:8784,121:121,05/17/23 22:52:18,STABLE BEAMS,6800,285826.909461741,275553.233319192,36.9,DT
367661:8784,122:122,05/17/23 22:52:41,STABLE BEAMS,6800,289132.949026702,274777.013838750,37.4,DT
367661:8784,123:123,05/17/23 22:53:05,STABLE BEAMS,6800,289009.654138303,278557.295149540,37.4,DT
367661:8784,124:124,05/17/23 22:53:28,STABLE BEAMS,6800,289280.832816655,278957.484465127,37.4,DT
367661:8784,125:125,05/17/23 22:53:51,STABLE BEAMS,6800,289367.342082855,278849.015799032,37.4,DT
367661:8784,126:126,05/17/23 22:54:15,STABLE BEAMS,6800,289135.165690912,273681.315592983,37.4,DT
367661:8784,127:127,05/17/23 22:54:38,STABLE BEAMS,6800,288990.516406410,282599.924564059,37.4,DT
367661:8784,128:128,05/17/23 22:55:01,STABLE BEAMS,6800,289063.428877315,282710.260330774,37.4,DT
367661:8784,129:129,05/17/23 22:55:25,STABLE BEAMS,6800,288833.243284385,282312.331864863,37.3,DT
367661:8784,130:130,05/17/23 22:55:48,STABLE BEAMS,6800,291696.442277630,284554.259380588,37.7,DT
367661:8784,131:131,05/17/23 22:56:11,STABLE BEAMS,6800,302256.590034562,294761.215850927,39.1,DT
367661:8784,132:132,05/17/23 22:56:34,STABLE BEAMS,6800,303162.900199329,295691.786852838,39.2,DT
367661:8784,133:133,05/17/23 22:56:58,STABLE BEAMS,6800,303326.937694436,295810.366354439,39.2,DT
367661:8784,134:134,05/17/23 22:57:21,STABLE BEAMS,6800,302894.957474282,295306.395801054,39.2,DT
367661:8784,135:135,05/17/23 22:57:44,STABLE BEAMS,6800,302817.316312776,295387.703510577,39.1,DT
367661:8784,136:136,05/17/23 22:58:08,STABLE BEAMS,6800,302633.530091459,295144.860968278,39.1,DT
367661:8784,137:137,05/17/23 22:58:31,STABLE BEAMS,6800,302212.249511091,291416.109440798,39.1,DT
367661:8784,138:138,05/17/23 22:58:54,STABLE BEAMS,6800,301677.900233909,290294.593689703,39.0,DT
367661:8784,139:139,05/17/23 22:59:18,STABLE BEAMS,6800,301867.343220130,294157.807068023,39.0,DT
367661:8784,140:140,05/17/23 22:59:41,STABLE BEAMS,6800,307656.744565929,226948.225947775,39.8,DT
367661:8784,141:141,05/17/23 23:00:04,STABLE BEAMS,6800,316782.703339668,307341.752800925,40.9,DT
367661:8784,142:142,05/17/23 23:00:28,STABLE BEAMS,6800,317166.180456597,307581.843232147,41.0,DT
367661:8784,143:143,05/17/23 23:00:51,STABLE BEAMS,6800,316971.897295030,303292.195855248,41.0,DT
367661:8784,144:144,05/17/23 23:01:14,STABLE BEAMS,6800,316533.582714380,307838.870343316,40.9,DT
367661:8784,145:145,05/17/23 23:01:38,STABLE BEAMS,6800,316544.576268493,307836.020935041,40.9,DT
367661:8784,146:146,05/17/23 23:02:01,STABLE BEAMS,6800,316239.915970378,233506.327139196,40.9,DT
367661:8784,147:147,05/17/23 23:02:24,STABLE BEAMS,6800,315712.219581533,306371.521861801,40.8,DT
367661:8784,148:148,05/17/23 23:02:47,STABLE BEAMS,6800,316157.321700928,300952.839208626,40.9,DT
367661:8784,149:149,05/17/23 23:03:11,STABLE BEAMS,6800,315854.652201825,306274.772798934,40.8,DT
367661:8784,150:150,05/17/23 23:03:34,STABLE BEAMS,6800,323587.752427734,313093.157709234,41.8,DT
367661:8784,151:151,05/17/23 23:03:57,STABLE BEAMS,6800,330425.287012130,223939.472417754,42.7,DT
367661:8784,152:152,05/17/23 23:04:21,STABLE BEAMS,6800,329917.294466026,319277.354133467,42.6,DT
367661:8784,153:153,05/17/23 23:04:44,STABLE BEAMS,6800,330111.758609321,319379.233413538,42.7,DT
367661:8784,154:154,05/17/23 23:05:07,STABLE BEAMS,6800,330248.286881704,315109.162020515,42.7,DT
367661:8784,155:155,05/17/23 23:05:31,STABLE BEAMS,6800,329559.832386671,319246.862207379,42.6,DT
367661:8784,156:156,05/17/23 23:05:54,STABLE BEAMS,6800,329320.461609059,314505.986768936,42.6,DT
367661:8784,157:157,05/17/23 23:06:17,STABLE BEAMS,6800,329015.122267499,314172.293358938,42.5,DT
367661:8784,158:158,05/17/23 23:06:41,STABLE BEAMS,6800,328141.976642507,317598.927978401,42.4,DT
367661:8784,159:159,05/17/23 23:07:04,STABLE BEAMS,6800,328149.554709441,317763.590949053,42.4,DT
367661:8784,160:160,05/17/23 23:07:27,STABLE BEAMS,6800,330381.625532105,313867.950785610,42.7,DT
367661:8784,161:161,05/17/23 23:07:51,STABLE BEAMS,6800,341182.704853075,328790.017072253,44.1,DT
367661:8784,162:162,05/17/23 23:08:14,STABLE BEAMS,6800,341506.436281808,324230.180003558,44.1,DT
367661:8784,163:163,05/17/23 23:08:37,STABLE BEAMS,6800,340809.611743797,324923.682983181,44.1,DT
367661:8784,164:164,05/17/23 23:09:00,STABLE BEAMS,6800,340401.159148342,323669.961155323,44.0,DT
367661:8784,165:165,05/17/23 23:09:24,STABLE BEAMS,6800,339699.808619267,327791.600066186,43.9,DT
367661:8784,166:166,05/17/23 23:09:47,STABLE BEAMS,6800,339911.851155883,321456.279038457,43.9,DT
367661:8784,167:167,05/17/23 23:10:10,STABLE BEAMS,6800,339159.872074164,330961.032349339,43.8,DT
367661:8784,168:168,05/17/23 23:10:34,STABLE BEAMS,6800,339095.963806213,326433.881658492,43.8,DT
367661:8784,169:169,05/17/23 23:10:57,STABLE BEAMS,6800,339727.317841991,330570.261887663,43.9,DT
367661:8784,170:170,05/17/23 23:11:20,STABLE BEAMS,6800,351671.500925528,341859.465460699,45.5,DT
367661:8784,171:171,05/17/23 23:11:44,STABLE BEAMS,6800,357173.821814387,347206.814989044,46.2,DT
367661:8784,172:172,05/17/23 23:12:07,STABLE BEAMS,6800,357071.339824761,342998.416506558,46.2,DT
367661:8784,173:173,05/17/23 23:12:30,STABLE BEAMS,6800,356912.597131101,346985.466416816,46.1,DT
367661:8784,174:174,05/17/23 23:12:54,STABLE BEAMS,6800,356039.428340448,346191.913876723,46.0,DT
367661:8784,175:175,05/17/23 23:13:17,STABLE BEAMS,6800,355835.144852494,340977.694382949,46.0,DT
367661:8784,176:176,05/17/23 23:13:40,STABLE BEAMS,6800,355244.533423424,345363.997888680,45.9,DT
367661:8784,177:177,05/17/23 23:14:03,STABLE BEAMS,6800,355377.576711644,345411.091821966,45.9,DT
367661:8784,178:178,05/17/23 23:14:27,STABLE BEAMS,6800,354601.437293103,337746.183734138,45.8,DT
367661:8784,179:179,05/17/23 23:14:50,STABLE BEAMS,6800,354479.387558997,343320.216852019,45.8,DT
367661:8784,180:180,05/17/23 23:15:13,STABLE BEAMS,6800,368215.470735939,351474.546147725,47.6,DT
367661:8784,181:181,05/17/23 23:15:37,STABLE BEAMS,6800,369285.208849352,357541.961918983,47.7,DT
367661:8784,182:182,05/17/23 23:16:00,STABLE BEAMS,6800,369336.245696776,353749.884982379,47.7,DT
367661:8784,183:183,05/17/23 23:16:23,STABLE BEAMS,6800,368087.086641337,271747.187088361,47.6,DT
367661:8784,184:184,05/17/23 23:16:47,STABLE BEAMS,6800,368272.118016945,356084.154223016,47.6,DT
367661:8784,185:185,05/17/23 23:17:10,STABLE BEAMS,6800,367970.942702993,355963.788920877,47.6,DT
367661:8784,186:186,05/17/23 23:17:33,STABLE BEAMS,6800,367421.503893219,350183.426402384,47.5,DT
367661:8784,187:187,05/17/23 23:17:57,STABLE BEAMS,6800,366506.370507227,355228.748959836,47.4,DT
367661:8784,188:188,05/17/23 23:18:20,STABLE BEAMS,6800,365904.808959659,354047.993415326,47.3,DT
367661:8784,189:189,05/17/23 23:18:43,STABLE BEAMS,6800,371144.547078341,351275.362646451,48.0,DT
367661:8784,190:190,05/17/23 23:19:07,STABLE BEAMS,6800,379049.262866291,365801.629785334,49.0,DT
367661:8784,191:191,05/17/23 23:19:30,STABLE BEAMS,6800,379293.453549296,361970.692355157,49.0,DT
367661:8784,192:192,05/17/23 23:19:53,STABLE BEAMS,6800,369980.721631794,358433.506284764,47.8,DT
367661:8784,193:193,05/17/23 23:20:16,STABLE BEAMS,6800,365523.073610884,354758.106168741,47.2,DT
367661:8784,194:194,05/17/23 23:20:40,STABLE BEAMS,6800,356543.213423329,349051.580940015,46.1,DT
367661:8784,195:195,05/17/23 23:21:03,STABLE BEAMS,6800,330491.617539535,321168.793381010,42.7,DT
367661:8784,196:196,05/17/23 23:21:26,STABLE BEAMS,6800,378400.647517179,369282.368965069,48.9,DT
367661:8784,197:197,05/17/23 23:21:50,STABLE BEAMS,6800,359159.257976785,348452.604021150,46.4,DT
367661:8784,198:198,05/17/23 23:22:13,STABLE BEAMS,6800,387565.675178602,369859.062788767,50.1,DT
367661:8784,199:199,05/17/23 23:22:36,STABLE BEAMS,6800,397477.501500749,384687.423237131,51.4,DT
367661:8784,200:200,05/17/23 23:23:00,STABLE BEAMS,6800,397434.655162429,384770.965146988,51.4,DT
367661:8784,201:201,05/17/23 23:23:23,STABLE BEAMS,6800,397455.557828138,384675.728379839,51.4,DT
367661:8784,202:202,05/17/23 23:23:46,STABLE BEAMS,6800,397102.417592459,384674.923741305,51.3,DT
367661:8784,203:203,05/17/23 23:24:10,STABLE BEAMS,6800,397086.761949021,377203.977310408,51.3,DT
367661:8784,204:204,05/17/23 23:24:33,STABLE BEAMS,6800,396532.280264365,264235.338415950,51.3,DT
367661:8784,205:205,05/17/23 23:24:56,STABLE BEAMS,6800,396363.650176916,383552.732481365,51.2,DT
367661:8784,206:206,05/17/23 23:25:20,STABLE BEAMS,6800,395609.499314456,382800.250375980,51.1,DT
367661:8784,207:207,05/17/23 23:25:43,STABLE BEAMS,6800,395470.957077399,382888.342939152,51.1,DT
367661:8784,208:208,05/17/23 23:26:06,STABLE BEAMS,6800,399071.136834563,384659.675058071,51.6,DT
367661:8784,209:209,05/17/23 23:26:29,STABLE BEAMS,6800,410586.235405600,390079.447533963,53.1,DT
367661:8784,210:210,05/17/23 23:26:53,STABLE BEAMS,6800,410638.403026863,395837.448147975,53.1,DT
367661:8784,211:211,05/17/23 23:27:16,STABLE BEAMS,6800,410695.003976546,396031.836466097,53.1,DT
367661:8784,212:212,05/17/23 23:27:39,STABLE BEAMS,6800,410020.033344210,395519.728167596,53.0,DT
367661:8784,213:213,05/17/23 23:28:03,STABLE BEAMS,6800,409825.658967852,395435.895142407,53.0,DT
367661:8784,214:214,05/17/23 23:28:26,STABLE BEAMS,6800,409026.896833255,319340.188431349,52.9,DT
367661:8784,215:215,05/17/23 23:28:49,STABLE BEAMS,6800,408780.987547757,380946.121907861,52.8,DT
367661:8784,216:216,05/17/23 23:29:13,STABLE BEAMS,6800,408658.824881052,394130.039180838,52.8,DT
367661:8784,217:217,05/17/23 23:29:36,STABLE BEAMS,6800,408417.167942245,393132.248142704,52.8,DT
367661:8784,218:218,05/17/23 23:29:59,STABLE BEAMS,6800,412319.723284185,393736.161559592,53.3,DT
367661:8784,219:219,05/17/23 23:30:23,STABLE BEAMS,6800,424384.417033209,397609.721055740,54.9,DT
367661:8784,220:220,05/17/23 23:30:46,STABLE BEAMS,6800,426716.502702577,407147.908644268,55.2,DT
367661:8784,221:221,05/17/23 23:31:09,STABLE BEAMS,6800,426986.482557959,407591.134697420,55.2,DT
367661:8784,222:222,05/17/23 23:31:33,STABLE BEAMS,6800,426871.785025589,401584.705774296,55.2,DT
367661:8784,223:223,05/17/23 23:31:56,STABLE BEAMS,6800,426041.847702375,406778.603843718,55.1,DT
367661:8784,224:224,05/17/23 23:32:19,STABLE BEAMS,6800,426526.878734628,413104.585982319,55.1,DT
367661:8784,225:225,05/17/23 23:32:42,STABLE BEAMS,6800,425999.542861386,412749.656033193,55.1,DT
367661:8784,226:226,05/17/23 23:33:06,STABLE BEAMS,6800,426093.970440170,412745.123878302,55.1,DT
367661:8784,227:227,05/17/23 23:33:29,STABLE BEAMS,6800,425302.401243388,411984.760508986,55.0,DT
367661:8784,228:228,05/17/23 23:33:52,STABLE BEAMS,6800,425838.560337855,411186.064723858,55.0,DT
367661:8784,229:229,05/17/23 23:34:16,STABLE BEAMS,6800,435215.585652425,418777.872664410,56.3,DT
367661:8784,230:230,05/17/23 23:34:39,STABLE BEAMS,6800,443337.366581919,426640.953153792,57.3,DT
367661:8784,231:231,05/17/23 23:35:02,STABLE BEAMS,6800,443150.457339897,426517.283393192,57.3,DT
367661:8784,232:232,05/17/23 23:35:26,STABLE BEAMS,6800,442834.101278562,426317.775858726,57.2,DT
367661:8784,233:233,05/17/23 23:35:49,STABLE BEAMS,6800,442377.213629011,403296.035404480,57.2,DT
367661:8784,234:234,05/17/23 23:36:12,STABLE BEAMS,6800,441501.306946771,408227.719094496,57.1,DT
367661:8784,235:235,05/17/23 23:36:36,STABLE BEAMS,6800,441650.978836201,415503.959217957,57.1,DT
367661:8784,236:236,05/17/23 23:36:59,STABLE BEAMS,6800,441491.761246485,420130.227675629,57.1,DT
367661:8784,237:237,05/17/23 23:37:22,STABLE BEAMS,6800,441943.219444183,423907.918296663,57.1,DT
367661:8784,238:238,05/17/23 23:37:45,STABLE BEAMS,6800,442544.440746101,419695.799710944,57.2,DT
367661:8784,239:239,05/17/23 23:38:09,STABLE BEAMS,6800,442556.249441919,422908.086141023,57.2,DT
367661:8784,240:240,05/17/23 23:38:32,STABLE BEAMS,6800,443053.316483040,428742.711240970,57.3,DT
367661:8784,241:241,05/17/23 23:38:55,STABLE BEAMS,6800,443607.165455573,333379.177887433,57.3,DT
367661:8784,242:242,05/17/23 23:39:19,STABLE BEAMS,6800,443060.781617376,422257.651309029,57.3,DT
367661:8784,243:243,05/17/23 23:39:42,STABLE BEAMS,6800,443221.855355698,428319.627061369,57.3,DT
367661:8784,244:244,05/17/23 23:40:05,STABLE BEAMS,6800,442989.972878082,428567.061750904,57.3,DT
367661:8784,245:245,05/17/23 23:40:29,STABLE BEAMS,6800,442676.014462686,428206.367075596,57.2,DT
367661:8784,246:246,05/17/23 23:40:52,STABLE BEAMS,6800,442405.808742107,419880.684428935,57.2,DT
367661:8784,247:247,05/17/23 23:41:15,STABLE BEAMS,6800,441816.939081192,419322.178972526,57.1,DT
367661:8784,248:248,05/17/23 23:41:39,STABLE BEAMS,6800,441792.190915716,385643.060388565,57.1,DT
367661:8784,249:249,05/17/23 23:42:02,STABLE BEAMS,6800,445958.752268145,414404.742522747,57.6,DT
367661:8784,250:250,05/17/23 23:42:25,STABLE BEAMS,6800,461913.060441597,430699.464234994,59.7,DT
367661:8784,251:251,05/17/23 23:42:49,STABLE BEAMS,6800,465110.962699881,439872.693553616,60.1,DT
367661:8784,252:252,05/17/23 23:43:12,STABLE BEAMS,6800,465100.374544840,435450.271247443,60.1,DT
367661:8784,253:253,05/17/23 23:43:35,STABLE BEAMS,6800,464301.838275439,440279.463919715,60.0,DT
367661:8784,254:254,05/17/23 23:43:58,STABLE BEAMS,6800,464531.910935771,450418.351026770,60.0,DT
367661:8784,255:255,05/17/23 23:44:22,STABLE BEAMS,6800,464417.485599920,450235.547246742,60.0,DT
367661:8784,256:256,05/17/23 23:44:45,STABLE BEAMS,6800,464631.450886420,450429.453522582,60.1,DT
367661:8784,257:257,05/17/23 23:45:08,STABLE BEAMS,6800,464291.024255201,445129.357097739,60.0,DT
367661:8784,258:258,05/17/23 23:45:32,STABLE BEAMS,6800,464022.447370178,450247.081928835,60.0,DT
367661:8784,259:259,05/17/23 23:45:55,STABLE BEAMS,6800,463982.586506450,450134.072403161,60.0,DT
367661:8784,260:260,05/17/23 23:46:18,STABLE BEAMS,6800,462412.116833878,448744.313813870,59.8,DT
367661:8784,261:261,05/17/23 23:46:42,STABLE BEAMS,6800,462765.167302619,448948.682345047,59.8,DT
367661:8784,262:262,05/17/23 23:47:05,STABLE BEAMS,6800,462392.979101984,448738.195794101,59.8,DT
367661:8784,263:263,05/17/23 23:47:28,STABLE BEAMS,6800,462055.718927087,448442.807900707,59.7,DT
367661:8784,264:264,05/17/23 23:47:52,STABLE BEAMS,6800,461017.924812672,447369.944588201,59.6,DT
367661:8784,265:265,05/17/23 23:48:15,STABLE BEAMS,6800,460825.677333587,447182.959192777,59.6,DT
367661:8784,266:266,05/17/23 23:48:38,STABLE BEAMS,6800,460883.636370161,447390.004218582,59.6,DT
367661:8784,267:267,05/17/23 23:49:02,STABLE BEAMS,6800,460382.136000619,446777.403480250,59.5,DT
367661:8784,268:268,05/17/23 23:49:25,STABLE BEAMS,6800,460840.335405738,447135.344623611,59.6,DT
367661:8784,269:269,05/17/23 23:49:48,STABLE BEAMS,6800,460887.888716852,447367.375265874,59.6,DT
367661:8784,270:270,05/17/23 23:50:11,STABLE BEAMS,6800,460454.754557198,446983.537064575,59.5,DT
367661:8784,271:271,05/17/23 23:50:35,STABLE BEAMS,6800,459524.553356421,446087.351378711,59.4,DT
367661:8784,272:272,05/17/23 23:50:58,STABLE BEAMS,6800,459183.040834832,445944.763323728,59.4,DT
367661:8784,273:273,05/17/23 23:51:21,STABLE BEAMS,6800,459000.295620418,445264.834051655,59.3,DT
367661:8784,274:274,05/17/23 23:51:45,STABLE BEAMS,6800,458409.209295292,445174.842549231,59.3,DT
367661:8784,275:275,05/17/23 23:52:08,STABLE BEAMS,6800,458152.622087816,445055.571600998,59.2,DT
367661:8784,276:276,05/17/23 23:52:31,STABLE BEAMS,6800,457378.699333485,444382.263970378,59.1,DT
367661:8784,277:277,05/17/23 23:52:55,STABLE BEAMS,6800,457016.101716604,189802.578905502,59.1,DT
367661:8784,278:278,05/17/23 23:53:18,STABLE BEAMS,6800,457227.488375436,376383.156139542,59.1,DT
367661:8784,279:279,05/17/23 23:53:41,STABLE BEAMS,6800,456392.076716900,443506.132223517,59.0,DT
367661:8784,280:280,05/17/23 23:54:05,STABLE BEAMS,6800,456418.862012711,442726.499623859,59.0,DT
367661:8784,281:281,05/17/23 23:54:28,STABLE BEAMS,6800,457114.193813425,444204.992313022,59.1,DT
367661:8784,282:282,05/17/23 23:54:51,STABLE BEAMS,6800,456906.245807433,444033.065486783,59.1,DT
367661:8784,283:283,05/17/23 23:55:14,STABLE BEAMS,6800,456847.245763958,444017.698854440,59.1,DT
367661:8784,284:284,05/17/23 23:55:38,STABLE BEAMS,6800,456627.578829085,254104.124199361,59.0,DT
367661:8784,285:285,05/17/23 23:56:01,STABLE BEAMS,6800,456166.754464977,311262.004257360,59.0,DT
367661:8784,286:286,05/17/23 23:56:24,STABLE BEAMS,6800,455463.278486483,442695.651611320,58.9,DT
367661:8784,287:287,05/17/23 23:56:48,STABLE BEAMS,6800,455718.869570526,442979.846429267,58.9,DT
367661:8784,288:288,05/17/23 23:57:11,STABLE BEAMS,6800,455847.683677716,442320.716376091,58.9,DT
367661:8784,289:289,05/17/23 23:57:34,STABLE BEAMS,6800,454889.566407289,442250.579531597,58.8,DT
367661:8784,290:290,05/17/23 23:57:58,STABLE BEAMS,6800,454673.700088714,442118.701636317,58.8,DT
367661:8784,291:291,05/17/23 23:58:21,STABLE BEAMS,6800,454044.200753689,210934.550187751,58.7,DT
367661:8784,292:292,05/17/23 23:58:44,STABLE BEAMS,6800,452822.393104907,440273.391557627,58.5,DT
367661:8784,293:293,05/17/23 23:59:08,STABLE BEAMS,6800,453282.810622090,249318.479360585,58.6,DT
367661:8784,294:294,05/17/23 23:59:31,STABLE BEAMS,6800,452831.487074799,440215.531520165,58.5,DT
367661:8784,295:295,05/17/23 23:59:54,STABLE BEAMS,6800,453413.298448304,440780.127686388,58.6,DT
367661:8784,296:296,05/18/23 00:00:18,STABLE BEAMS,6800,452725.748861914,440023.373074207,58.5,DT
367661:8784,297:297,05/18/23 00:00:41,STABLE BEAMS,6800,452069.598881483,439504.314254213,58.4,DT
367661:8784,298:298,05/18/23 00:01:04,STABLE BEAMS,6800,452710.094666330,440135.786398529,58.5,DT
367661:8784,299:299,05/18/23 00:01:27,STABLE BEAMS,6800,452603.856943874,439601.985784768,58.5,DT
367661:8784,300:300,05/18/23 00:01:51,STABLE BEAMS,6800,452261.756593631,439830.417247910,58.5,DT
367661:8784,301:301,05/18/23 00:02:14,STABLE BEAMS,6800,451810.524261130,439309.274723023,58.4,DT
367661:8784,302:302,05/18/23 00:02:37,STABLE BEAMS,6800,452505.856061844,439994.138872887,58.5,DT
367661:8784,303:303,05/18/23 00:03:01,STABLE BEAMS,6800,451544.798200294,439220.007017927,58.4,DT
367661:8784,304:304,05/18/23 00:03:24,STABLE BEAMS,6800,451256.946037263,438622.131100437,58.3,DT
367661:8784,305:305,05/18/23 00:03:47,STABLE BEAMS,6800,450833.131712697,438490.711657114,58.3,DT
367661:8784,306:306,05/18/23 00:04:11,STABLE BEAMS,6800,449534.723909311,437237.965143934,58.1,DT
367661:8784,307:307,05/18/23 00:04:34,STABLE BEAMS,6800,449435.637136911,437266.176885059,58.1,DT
367661:8784,308:308,05/18/23 00:04:57,STABLE BEAMS,6800,448588.642647754,436275.204026481,58.0,DT
367661:8784,309:309,05/18/23 00:05:21,STABLE BEAMS,6800,448861.699192520,428764.427505561,58.0,DT
367661:8784,310:310,05/18/23 00:05:44,STABLE BEAMS,6800,448260.160810613,431384.095761449,57.9,DT
367661:8784,311:311,05/18/23 00:06:07,STABLE BEAMS,6800,447899.328127548,431085.554447929,57.9,DT
367661:8784,312:312,05/18/23 00:06:31,STABLE BEAMS,6800,447174.270439899,429782.485116028,57.8,DT
367661:8784,313:313,05/18/23 00:06:54,STABLE BEAMS,6800,447497.050628667,429316.315024325,57.8,DT
367661:8784,314:314,05/18/23 00:07:17,STABLE BEAMS,6800,447692.012833679,435815.582887110,57.9,DT
367661:8784,315:315,05/18/23 00:07:40,STABLE BEAMS,6800,447286.749860205,430083.067780903,57.8,DT
367661:8784,316:316,05/18/23 00:08:04,STABLE BEAMS,6800,446587.210596269,424778.545879103,57.7,DT
367661:8784,317:317,05/18/23 00:08:27,STABLE BEAMS,6800,447327.787829095,435342.428035242,57.8,DT
367661:8784,318:318,05/18/23 00:08:50,STABLE BEAMS,6800,447473.748869165,426850.782600323,57.8,DT
367661:8784,319:319,05/18/23 00:09:14,STABLE BEAMS,6800,446823.662500564,435011.175324458,57.8,DT
367661:8784,320:320,05/18/23 00:09:37,STABLE BEAMS,6800,446897.639144033,430282.463145821,57.8,DT
367661:8784,321:321,05/18/23 00:10:00,STABLE BEAMS,6800,445697.414652260,427496.575138672,57.6,DT
367661:8784,322:322,05/18/23 00:10:24,STABLE BEAMS,6800,445558.691433474,428734.579171574,57.6,DT
367661:8784,323:323,05/18/23 00:10:47,STABLE BEAMS,6800,445715.240628585,433989.423001683,57.6,DT
367661:8784,324:324,05/18/23 00:11:10,STABLE BEAMS,6800,445328.708540080,427555.616625153,57.6,DT
367661:8784,325:325,05/18/23 00:11:34,STABLE BEAMS,6800,445608.280427070,433921.305773232,57.6,DT
367661:8784,326:326,05/18/23 00:11:57,STABLE BEAMS,6800,445314.049020075,433494.125999133,57.6,DT
367661:8784,327:327,05/18/23 00:12:20,STABLE BEAMS,6800,444045.322220156,426147.670316716,57.4,DT
367661:8784,328:328,05/18/23 00:12:43,STABLE BEAMS,6800,444339.643394088,432762.239572713,57.4,DT
367661:8784,329:329,05/18/23 00:13:07,STABLE BEAMS,6800,444622.879799116,433260.674736855,57.5,DT
367661:8784,330:330,05/18/23 00:13:30,STABLE BEAMS,6800,443096.117937892,431798.028796735,57.3,DT
367661:8784,331:331,05/18/23 00:13:53,STABLE BEAMS,6800,443204.572324558,425661.882112733,57.3,DT
367661:8784,332:332,05/18/23 00:14:17,STABLE BEAMS,6800,443622.685000751,432319.787859067,57.3,DT
367661:8784,333:333,05/18/23 00:14:40,STABLE BEAMS,6800,442944.274267721,431695.215855158,57.3,DT
367661:8784,334:334,05/18/23 00:15:03,STABLE BEAMS,6800,442042.216449646,430860.897518421,57.1,DT
367661:8784,335:335,05/18/23 00:15:27,STABLE BEAMS,6800,441237.842433613,430146.688498449,57.0,DT
367661:8784,336:336,05/18/23 00:15:50,STABLE BEAMS,6800,440971.935391048,429222.166250031,57.0,DT
367661:8784,337:337,05/18/23 00:16:13,STABLE BEAMS,6800,440542.510632899,429507.081054965,56.9,DT
367661:8784,338:338,05/18/23 00:16:37,STABLE BEAMS,6800,440475.593724694,429518.602469106,56.9,DT
367661:8784,339:339,05/18/23 00:17:00,STABLE BEAMS,6800,440573.232643267,429485.792400044,56.9,DT
367661:8784,340:340,05/18/23 00:17:23,STABLE BEAMS,6800,441156.672852329,429841.293371866,57.0,DT
367661:8784,341:341,05/18/23 00:17:46,STABLE BEAMS,6800,441159.749541713,424783.295073403,57.0,DT
367661:8784,342:342,05/18/23 00:18:10,STABLE BEAMS,6800,445668.864422633,433125.966498222,57.6,DT
367661:8784,343:343,05/18/23 00:18:33,STABLE BEAMS,6800,458280.259089843,445132.921851944,59.2,DT
367661:8784,344:344,05/18/23 00:18:56,STABLE BEAMS,6800,459511.794868492,446621.961870500,59.4,DT
367661:8784,345:345,05/18/23 00:19:20,STABLE BEAMS,6800,459248.194257075,446115.353787304,59.4,DT
367661:8784,346:346,05/18/23 00:19:43,STABLE BEAMS,6800,459609.795750522,440093.893092197,59.4,DT
367661:8784,347:347,05/18/23 00:20:06,STABLE BEAMS,6800,459883.938185659,446787.105399118,59.4,DT
367661:8784,348:348,05/18/23 00:20:30,STABLE BEAMS,6800,459520.978605321,446439.945768101,59.4,DT
367661:8784,349:349,05/18/23 00:20:53,STABLE BEAMS,6800,459451.302087721,446437.339315628,59.4,DT
367661:8784,350:350,05/18/23 00:21:16,STABLE BEAMS,6800,458077.016608791,445046.039846655,59.2,DT
367661:8784,351:351,05/18/23 00:21:40,STABLE BEAMS,6800,458990.160643624,445929.727949373,59.3,DT
367661:8784,352:352,05/18/23 00:22:03,STABLE BEAMS,6800,459400.580872431,446420.302724629,59.4,DT
367661:8784,353:353,05/18/23 00:22:26,STABLE BEAMS,6800,459908.596584197,446865.240174353,59.4,DT
367661:8784,354:354,05/18/23 00:22:50,STABLE BEAMS,6800,459946.602747172,430962.163320038,59.5,DT
367661:8784,355:355,05/18/23 00:23:13,STABLE BEAMS,6800,459662.099470045,245848.753798991,59.4,DT
367661:8784,356:356,05/18/23 00:23:36,STABLE BEAMS,6800,458904.690936472,445883.014858908,59.3,DT
367661:8784,357:357,05/18/23 00:23:59,STABLE BEAMS,6800,459259.189259042,192009.943489428,59.4,DT
367661:8784,358:358,05/18/23 00:24:23,STABLE BEAMS,6800,457930.195543548,179692.967294683,59.2,DT
367661:8784,359:359,05/18/23 00:24:46,STABLE BEAMS,6800,457379.468143867,444614.619024487,59.1,DT
367661:8784,360:360,05/18/23 00:25:09,STABLE BEAMS,6800,457849.115729201,445023.347381213,59.2,DT
367661:8784,361:361,05/18/23 00:25:33,STABLE BEAMS,6800,458226.824596481,445534.436806711,59.2,DT
367661:8784,362:362,05/18/23 00:25:56,STABLE BEAMS,6800,457096.593702296,393439.369803763,59.1,DT
367661:8784,363:363,05/18/23 00:26:19,STABLE BEAMS,6800,456394.203614173,289781.874069865,59.0,DT
367661:8784,364:364,05/18/23 00:26:43,STABLE BEAMS,6800,456648.844906105,444036.014620182,59.0,DT
367661:8784,365:365,05/18/23 00:27:06,STABLE BEAMS,6800,456067.305729120,443590.196357628,58.9,DT
367661:8784,366:366,05/18/23 00:27:29,STABLE BEAMS,6800,455189.589229595,248446.452972195,58.8,DT
367662:8784,1:1,05/18/23 00:29:53,STABLE BEAMS,6800,459853.075661608,433321.975196098,59.4,PXL
367662:8784,2:2,05/18/23 00:30:16,STABLE BEAMS,6800,528377.876288790,505060.851268836,68.3,DT
367662:8784,3:3,05/18/23 00:30:40,STABLE BEAMS,6800,455188.322357495,437106.319796614,58.8,DT
367662:8784,4:4,05/18/23 00:31:03,STABLE BEAMS,6800,455164.658634537,435359.629911224,58.8,DT
367662:8784,5:5,05/18/23 00:31:26,STABLE BEAMS,6800,454911.284214704,342266.951296585,58.8,DT
367662:8784,6:6,05/18/23 00:31:49,STABLE BEAMS,6800,454986.889693728,422574.464169228,58.8,DT
367662:8784,7:7,05/18/23 00:32:13,STABLE BEAMS,6800,454868.300330269,434092.557472995,58.8,DT
367662:8784,8:8,05/18/23 00:32:36,STABLE BEAMS,6800,454253.596613508,434149.495452878,58.7,DT
367662:8784,9:9,05/18/23 00:32:59,STABLE BEAMS,6800,453536.636772317,433933.136720904,58.6,DT
367662:8784,10:10,05/18/23 00:33:23,STABLE BEAMS,6800,453566.589972303,413787.964471360,58.6,DT
367662:8784,11:11,05/18/23 00:33:46,STABLE BEAMS,6800,452914.604019481,366953.230175804,58.5,DT
367662:8784,12:12,05/18/23 00:34:09,STABLE BEAMS,6800,451558.733793385,429086.764482086,58.4,DT
367662:8784,13:13,05/18/23 00:34:33,STABLE BEAMS,6800,452438.711840588,241267.731700320,58.5,DT
367662:8784,14:14,05/18/23 00:34:56,STABLE BEAMS,6800,452559.879831714,437496.667256171,58.5,DT
367662:8784,15:15,05/18/23 00:35:19,STABLE BEAMS,6800,452595.305919168,437290.692729339,58.5,DT
367662:8784,16:16,05/18/23 00:35:43,STABLE BEAMS,6800,452713.578202639,333513.579684686,58.5,DT
367662:8784,17:17,05/18/23 00:36:06,STABLE BEAMS,6800,451445.982176559,436731.200789100,58.4,DT
367662:8784,18:18,05/18/23 00:36:29,STABLE BEAMS,6800,451314.272361714,435701.286453057,58.3,DT
367663:8784,1:1,05/18/23 00:38:47,STABLE BEAMS,6800,437870.862394338,400442.275672413,56.6,PXL
367665:8784,2:2,05/18/23 00:51:42,STABLE BEAMS,6800,708588.577694413,572239.108671075,91.6,DT
367665:8784,3:3,05/18/23 00:52:05,STABLE BEAMS,6800,463383.356003544,348373.340560599,59.9,DT
367665:8784,4:4,05/18/23 00:52:28,STABLE BEAMS,6800,463010.533642932,309218.102128198,59.8,DT
367665:8784,5:5,05/18/23 00:52:51,STABLE BEAMS,6800,462692.276549522,310376.337451953,59.8,DT
367665:8784,6:6,05/18/23 00:53:15,STABLE BEAMS,6800,462503.512606746,441587.288301631,59.8,DT
367665:8784,7:7,05/18/23 00:53:38,STABLE BEAMS,6800,462825.660083391,449020.395074452,59.8,DT
367665:8784,8:8,05/18/23 00:54:01,STABLE BEAMS,6800,462544.143728711,440847.066789316,59.8,DT
367665:8784,9:9,05/18/23 00:54:25,STABLE BEAMS,6800,461856.232178863,422701.581707312,59.7,DT
367665:8784,10:10,05/18/23 00:54:48,STABLE BEAMS,6800,461181.577178662,345327.120590059,59.6,DT
367665:8784,14:14,05/18/23 00:56:21,STABLE BEAMS,6800,460552.258825365,441404.543150307,59.5,DT
367665:8784,24:24,05/18/23 01:00:14,STABLE BEAMS,6800,457433.717778934,434426.128286692,59.1,DT
367665:8784,26:26,05/18/23 01:01:01,STABLE BEAMS,6800,456655.903193515,441446.721240382,59.0,DT
367665:8784,28:28,05/18/23 01:01:48,STABLE BEAMS,6800,456598.757850793,433086.061625896,59.0,DT
367665:8784,29:29,05/18/23 01:02:11,STABLE BEAMS,6800,456316.607336136,439990.565741118,59.0,DT
367665:8784,30:30,05/18/23 01:02:34,STABLE BEAMS,6800,456727.029012797,439736.861725188,59.0,DT
367665:8784,31:31,05/18/23 01:02:57,STABLE BEAMS,6800,456902.400307667,440757.753718654,59.1,DT
367665:8784,32:32,05/18/23 01:03:21,STABLE BEAMS,6800,456790.643366421,440584.996063465,59.0,DT
367665:8784,33:33,05/18/23 01:03:44,STABLE BEAMS,6800,456044.998645197,440676.275167761,58.9,DT
367665:8784,34:34,05/18/23 01:04:07,STABLE BEAMS,6800,455715.024070760,440770.029453651,58.9,DT
367665:8784,35:35,05/18/23 01:04:31,STABLE BEAMS,6800,455573.949537359,432373.665567655,58.9,DT
367665:8784,36:36,05/18/23 01:04:54,STABLE BEAMS,6800,454549.908586453,439864.113228822,58.8,DT
367665:8784,37:37,05/18/23 01:05:17,STABLE BEAMS,6800,454688.042528731,439519.945522825,58.8,DT
367665:8784,38:38,05/18/23 01:05:41,STABLE BEAMS,6800,454009.633243554,439264.767969022,58.7,DT
367665:8784,40:40,05/18/23 01:06:27,STABLE BEAMS,6800,452887.410428890,438397.335792384,58.5,DT
367665:8784,41:41,05/18/23 01:06:51,STABLE BEAMS,6800,452761.085182431,437629.947898317,58.5,DT
367665:8784,42:42,05/18/23 01:07:14,STABLE BEAMS,6800,453392.485549532,438741.063082553,58.6,DT
367665:8784,43:43,05/18/23 01:07:37,STABLE BEAMS,6800,453642.421316524,438903.357625085,58.6,DT
367665:8784,44:44,05/18/23 01:08:01,STABLE BEAMS,6800,453180.511062046,437865.914222044,58.6,DT
367665:8784,45:45,05/18/23 01:08:24,STABLE BEAMS,6800,452553.952318144,436417.099595319,58.5,DT
367665:8784,46:46,05/18/23 01:08:47,STABLE BEAMS,6800,452604.627202110,437178.428922896,58.5,DT
367665:8784,47:47,05/18/23 01:09:10,STABLE BEAMS,6800,452095.932446900,437118.512352082,58.4,DT
367665:8784,48:48,05/18/23 01:09:34,STABLE BEAMS,6800,451758.537621596,437579.573866176,58.4,DT
367665:8784,49:49,05/18/23 01:09:57,STABLE BEAMS,6800,451882.599872523,437739.024253645,58.4,DT
367665:8784,50:50,05/18/23 01:10:20,STABLE BEAMS,6800,451728.313672944,436962.944166793,58.4,DT
367665:8784,51:51,05/18/23 01:10:44,STABLE BEAMS,6800,451124.558626827,437277.903423165,58.3,DT
367665:8784,52:52,05/18/23 01:11:07,STABLE BEAMS,6800,450381.130569814,436424.471620447,58.2,DT
367665:8784,53:53,05/18/23 01:11:30,STABLE BEAMS,6800,450090.790993908,436251.781479509,58.2,DT
367665:8784,54:54,05/18/23 01:11:54,STABLE BEAMS,6800,450406.829975254,432002.786988178,58.2,DT
367665:8784,55:55,05/18/23 01:12:17,STABLE BEAMS,6800,449714.891943913,432115.458082244,58.1,DT
367665:8784,56:56,05/18/23 01:12:40,STABLE BEAMS,6800,449555.491924615,433304.860965449,58.1,DT
367665:8784,57:57,05/18/23 01:13:04,STABLE BEAMS,6800,449364.873281086,434454.676312902,58.1,DT
367665:8784,58:58,05/18/23 01:13:27,STABLE BEAMS,6800,449216.602914161,434398.923018329,58.1,DT
367665:8784,59:59,05/18/23 01:13:50,STABLE BEAMS,6800,449260.627805497,434945.031301760,58.1,DT
367665:8784,63:63,05/18/23 01:15:23,STABLE BEAMS,6800,445609.819495689,336221.268345119,57.6,DT
367665:8784,64:64,05/18/23 01:15:47,STABLE BEAMS,6800,444967.424126621,431580.823147410,57.5,DT
367665:8784,66:66,05/18/23 01:16:33,STABLE BEAMS,6800,443900.038775678,430122.965052299,57.4,DT
367665:8784,67:67,05/18/23 01:16:57,STABLE BEAMS,6800,443012.414612410,429694.946205723,57.3,DT
367665:8784,68:68,05/18/23 01:17:20,STABLE BEAMS,6800,444633.105990700,431202.875965089,57.5,DT
367665:8784,69:69,05/18/23 01:17:43,STABLE BEAMS,6800,445136.597159255,430610.572723410,57.5,DT
367665:8784,70:70,05/18/23 01:18:07,STABLE BEAMS,6800,444797.889130529,430268.413916723,57.5,DT
367665:8784,71:71,05/18/23 01:18:30,STABLE BEAMS,6800,444896.841252524,431620.357979626,57.5,DT
367665:8784,72:72,05/18/23 01:18:53,STABLE BEAMS,6800,444562.431901813,431148.119725621,57.5,DT
367665:8784,73:73,05/18/23 01:19:17,STABLE BEAMS,6800,443944.605164345,430635.111140656,57.4,DT
367665:8784,75:75,05/18/23 01:20:03,STABLE BEAMS,6800,444919.146888592,431557.125601300,57.5,DT
367665:8784,76:76,05/18/23 01:20:27,STABLE BEAMS,6800,445308.619568222,431241.444784352,57.6,DT
367665:8784,77:77,05/18/23 01:20:50,STABLE BEAMS,6800,444863.992344883,430797.021890368,57.5,DT
367665:8784,78:78,05/18/23 01:21:13,STABLE BEAMS,6800,444452.756974371,418977.030150308,57.4,DT
367665:8784,80:80,05/18/23 01:22:00,STABLE BEAMS,6800,444028.401152473,424631.627346146,57.4,DT
367665:8784,85:85,05/18/23 01:23:56,STABLE BEAMS,6800,442109.496769162,423121.114318721,57.1,DT
367665:8784,86:86,05/18/23 01:24:20,STABLE BEAMS,6800,441797.348171050,428866.282624826,57.1,DT
367665:8784,87:87,05/18/23 01:24:43,STABLE BEAMS,6800,442124.608019560,422265.618568240,57.1,DT
367665:8784,88:88,05/18/23 01:25:06,STABLE BEAMS,6800,446704.214559786,404150.527960763,57.7,DT
367665:8784,89:89,05/18/23 01:25:29,STABLE BEAMS,6800,463664.374296508,431423.833780745,59.9,DT
367665:8784,90:90,05/18/23 01:25:53,STABLE BEAMS,6800,465509.619116339,323281.155709165,60.2,DT
367665:8784,91:91,05/18/23 01:26:16,STABLE BEAMS,6800,464825.508182789,448257.384486807,60.1,DT
367665:8784,92:92,05/18/23 01:26:39,STABLE BEAMS,6800,464744.700564962,441579.551715423,60.1,DT
367665:8784,93:93,05/18/23 01:27:03,STABLE BEAMS,6800,464571.999112550,448279.480613357,60.0,DT
367665:8784,94:94,05/18/23 01:27:26,STABLE BEAMS,6800,464299.485512969,441420.694383589,60.0,DT
367665:8784,95:95,05/18/23 01:27:49,STABLE BEAMS,6800,463630.304848090,447372.267554123,59.9,DT
367665:8784,96:96,05/18/23 01:28:13,STABLE BEAMS,6800,463673.785346387,447466.485115072,59.9,DT
367665:8784,98:98,05/18/23 01:28:59,STABLE BEAMS,6800,462768.605955460,424671.440638687,59.8,DT
367665:8784,100:100,05/18/23 01:29:46,STABLE BEAMS,6800,460865.310884265,445339.454789799,59.6,DT
367665:8784,104:104,05/18/23 01:31:19,STABLE BEAMS,6800,460205.044655402,444706.064218640,59.5,DT
367665:8784,105:105,05/18/23 01:31:43,STABLE BEAMS,6800,459773.222251315,444232.240622206,59.4,DT
367665:8784,106:106,05/18/23 01:32:06,STABLE BEAMS,6800,460344.491801101,439463.627990153,59.5,DT
367665:8784,108:108,05/18/23 01:32:52,STABLE BEAMS,6800,460629.538023414,444804.824897984,59.5,DT
367665:8784,109:109,05/18/23 01:33:16,STABLE BEAMS,6800,460653.924225432,445257.823149645,59.5,DT
367665:8784,110:110,05/18/23 01:33:39,STABLE BEAMS,6800,459878.282868608,444349.867626975,59.4,DT
367665:8784,111:111,05/18/23 01:34:02,STABLE BEAMS,6800,459805.617980708,444266.729024785,59.4,DT
367665:8784,113:113,05/18/23 01:34:49,STABLE BEAMS,6800,458556.030360536,443426.240422277,59.3,DT
367665:8784,114:114,05/18/23 01:35:12,STABLE BEAMS,6800,458549.515018311,443363.274610247,59.3,DT
367665:8784,115:115,05/18/23 01:35:36,STABLE BEAMS,6800,458045.570671509,442646.858453922,59.2,DT
367665:8784,116:116,05/18/23 01:35:59,STABLE BEAMS,6800,456592.649355494,441673.932774807,59.0,DT
367665:8784,117:117,05/18/23 01:36:22,STABLE BEAMS,6800,456605.545389537,441833.969890536,59.0,DT
367665:8784,118:118,05/18/23 01:36:46,STABLE BEAMS,6800,456848.964366451,435659.270296166,59.1,DT
367665:8784,124:124,05/18/23 01:39:05,STABLE BEAMS,6800,457007.912655355,441621.010906753,59.1,DT
367665:8784,125:125,05/18/23 01:39:29,STABLE BEAMS,6800,456667.213827616,441833.859079533,59.0,DT
367665:8784,126:126,05/18/23 01:39:52,STABLE BEAMS,6800,456661.513627097,361764.528936104,59.0,DT
367665:8784,127:127,05/18/23 01:40:15,STABLE BEAMS,6800,455662.403271249,418911.569512397,58.9,DT
367665:8784,131:131,05/18/23 01:41:49,STABLE BEAMS,6800,454422.497449622,438851.789962122,58.7,DT
367665:8784,133:133,05/18/23 01:42:35,STABLE BEAMS,6800,454167.449310765,438605.475916509,58.7,DT
367665:8784,134:134,05/18/23 01:42:59,STABLE BEAMS,6800,454854.636933698,439626.354586976,58.8,DT
367665:8784,135:135,05/18/23 01:43:22,STABLE BEAMS,6800,454243.461636715,436237.969112621,58.7,DT
367665:8784,136:136,05/18/23 01:43:45,STABLE BEAMS,6800,453947.149663769,437191.176856899,58.7,DT
367665:8784,137:137,05/18/23 01:44:08,STABLE BEAMS,6800,453452.661250315,439148.409988263,58.6,DT
367665:8784,139:139,05/18/23 01:44:55,STABLE BEAMS,6800,453474.289290792,438908.926299965,58.6,DT
367665:8784,140:140,05/18/23 01:45:18,STABLE BEAMS,6800,452700.411419930,438175.315683387,58.5,DT
367665:8784,141:141,05/18/23 01:45:42,STABLE BEAMS,6800,452224.203608904,438155.381514407,58.5,DT
367665:8784,143:143,05/18/23 01:46:28,STABLE BEAMS,6800,451588.007949925,437625.083044072,58.4,DT
367665:8784,144:144,05/18/23 01:46:52,STABLE BEAMS,6800,450970.724157643,435956.219233714,58.3,DT
367665:8784,145:145,05/18/23 01:47:15,STABLE BEAMS,6800,450146.035304555,370842.235904850,58.2,DT
367665:8784,146:146,05/18/23 01:47:38,STABLE BEAMS,6800,450484.697001958,298761.111386237,58.2,DT
367665:8784,147:147,05/18/23 01:48:02,STABLE BEAMS,6800,449768.462535534,435097.342988927,58.1,DT
367665:8784,148:148,05/18/23 01:48:25,STABLE BEAMS,6800,448884.909737230,435226.496465914,58.0,DT
367665:8784,149:149,05/18/23 01:48:48,STABLE BEAMS,6800,448683.975135180,433730.327322879,58.0,DT
367665:8784,150:150,05/18/23 01:49:12,STABLE BEAMS,6800,449414.417391213,435721.034415863,58.1,DT
367665:8784,151:151,05/18/23 01:49:35,STABLE BEAMS,6800,448705.284647815,435072.312861411,58.0,DT
367665:8784,152:152,05/18/23 01:49:58,STABLE BEAMS,6800,449311.392456401,435566.031514485,58.1,DT
367665:8784,153:153,05/18/23 01:50:21,STABLE BEAMS,6800,448861.382112532,435217.790913433,58.0,DT
367665:8784,154:154,05/18/23 01:50:45,STABLE BEAMS,6800,449048.110372826,435358.196848554,58.0,DT
367665:8784,155:155,05/18/23 01:51:08,STABLE BEAMS,6800,449361.750260380,421281.189128997,58.1,DT
367665:8784,156:156,05/18/23 01:51:31,STABLE BEAMS,6800,448418.519823009,428480.738873433,58.0,DT
367665:8784,157:157,05/18/23 01:51:55,STABLE BEAMS,6800,448456.117691204,421796.560663835,58.0,DT
367665:8784,158:158,05/18/23 01:52:18,STABLE BEAMS,6800,447558.720514601,291716.122693556,57.9,DT
367665:8784,159:159,05/18/23 01:52:41,STABLE BEAMS,6800,448107.095151811,433967.456072787,57.9,DT
367665:8784,160:160,05/18/23 01:53:05,STABLE BEAMS,6800,448393.634111420,428481.198769825,58.0,DT
367665:8784,161:161,05/18/23 01:53:28,STABLE BEAMS,6800,447074.458292731,427358.282484712,57.8,DT
367665:8784,162:162,05/18/23 01:53:51,STABLE BEAMS,6800,446916.823207249,427873.553820704,57.8,DT
367665:8784,163:163,05/18/23 01:54:15,STABLE BEAMS,6800,447194.449178695,433227.390856637,57.8,DT
367665:8784,164:164,05/18/23 01:54:38,STABLE BEAMS,6800,447529.311707654,434039.336402849,57.8,DT
367665:8784,165:165,05/18/23 01:55:01,STABLE BEAMS,6800,447293.265202430,427811.424167870,57.8,DT
367665:8784,166:166,05/18/23 01:55:24,STABLE BEAMS,6800,446630.918407617,433317.328133674,57.7,DT
367665:8784,167:167,05/18/23 01:55:48,STABLE BEAMS,6800,446319.267871222,431394.710126508,57.7,DT
367665:8784,168:168,05/18/23 01:56:11,STABLE BEAMS,6800,445991.101666215,426621.491904366,57.6,DT
367665:8784,169:169,05/18/23 01:56:34,STABLE BEAMS,6800,445913.913682957,431897.286837429,57.6,DT
367665:8784,170:170,05/18/23 01:56:58,STABLE BEAMS,6800,445435.532643335,425477.701665357,57.6,DT
367665:8784,171:171,05/18/23 01:57:21,STABLE BEAMS,6800,444336.295956039,431339.958511153,57.4,DT
367665:8784,172:172,05/18/23 01:57:44,STABLE BEAMS,6800,444872.001872257,431844.408117012,57.5,DT
367665:8784,173:173,05/18/23 01:58:08,STABLE BEAMS,6800,444898.470088080,425702.050650584,57.5,DT
367665:8784,175:175,05/18/23 01:58:54,STABLE BEAMS,6800,444667.763267772,426766.233339704,57.5,DT
367665:8784,176:176,05/18/23 01:59:18,STABLE BEAMS,6800,444105.995982656,431341.290318132,57.4,DT
367665:8784,177:177,05/18/23 01:59:41,STABLE BEAMS,6800,444153.549293771,431075.690453823,57.4,DT
367665:8784,179:179,05/18/23 02:00:28,STABLE BEAMS,6800,443944.832477396,430838.689892201,57.4,DT
367665:8784,180:180,05/18/23 02:00:51,STABLE BEAMS,6800,443723.581590437,424739.403682080,57.4,DT
367665:8784,181:181,05/18/23 02:01:14,STABLE BEAMS,6800,443147.561632241,430196.969032331,57.3,DT
367665:8784,182:182,05/18/23 02:01:37,STABLE BEAMS,6800,443357.682866828,430334.585267295,57.3,DT
367665:8784,183:183,05/18/23 02:02:01,STABLE BEAMS,6800,443026.124340304,430148.592233394,57.3,DT
367665:8784,185:185,05/18/23 02:02:47,STABLE BEAMS,6800,442581.088822186,428642.010087550,57.2,DT
367665:8784,186:186,05/18/23 02:03:11,STABLE BEAMS,6800,451406.573043225,435665.468128387,58.3,DT
367665:8784,187:187,05/18/23 02:03:34,STABLE BEAMS,6800,463430.773216398,442184.522667540,59.9,DT
367665:8784,188:188,05/18/23 02:03:57,STABLE BEAMS,6800,462988.362657270,447023.336440295,59.8,DT
367665:8784,189:189,05/18/23 02:04:21,STABLE BEAMS,6800,462546.496491180,446531.340390827,59.8,DT
367665:8784,190:190,05/18/23 02:04:44,STABLE BEAMS,6800,462501.295942536,446711.137248037,59.8,DT
367665:8784,192:192,05/18/23 02:05:31,STABLE BEAMS,6800,462013.414086097,446205.279398504,59.7,DT
367665:8784,193:193,05/18/23 02:05:54,STABLE BEAMS,6800,461475.401738731,446028.836223127,59.6,DT
367665:8784,194:194,05/18/23 02:06:17,STABLE BEAMS,6800,461205.149686829,445288.897385598,59.6,DT
367665:8784,195:195,05/18/23 02:06:41,STABLE BEAMS,6800,460208.302326514,444839.918743739,59.5,DT
367665:8784,196:196,05/18/23 02:07:04,STABLE BEAMS,6800,460076.185664744,443530.819368231,59.5,DT
367665:8784,197:197,05/18/23 02:07:27,STABLE BEAMS,6800,460519.590899452,444281.219229606,59.5,DT
367665:8784,198:198,05/18/23 02:07:50,STABLE BEAMS,6800,460294.540844048,443837.626442895,59.5,DT
367665:8784,199:199,05/18/23 02:08:14,STABLE BEAMS,6800,459750.916615247,444404.584345560,59.4,DT
367665:8784,200:200,05/18/23 02:08:37,STABLE BEAMS,6800,459947.236907149,444668.848357648,59.5,DT
367665:8784,201:201,05/18/23 02:09:00,STABLE BEAMS,6800,459712.503605346,421516.029573697,59.4,DT
367665:8784,203:203,05/18/23 02:09:47,STABLE BEAMS,6800,458714.751336388,443644.886160658,59.3,DT
367665:8784,205:205,05/18/23 02:10:34,STABLE BEAMS,6800,458991.517282661,443172.814077992,59.3,DT
367665:8784,206:206,05/18/23 02:10:57,STABLE BEAMS,6800,458657.695760603,443447.739797868,59.3,DT
367665:8784,207:207,05/18/23 02:11:20,STABLE BEAMS,6800,458782.347288039,442882.762633133,59.3,DT
367665:8784,208:208,05/18/23 02:11:44,STABLE BEAMS,6800,458106.154667072,441968.551222666,59.2,DT
367665:8784,210:210,05/18/23 02:12:30,STABLE BEAMS,6800,457765.140207199,442067.039621876,59.2,DT
367665:8784,211:211,05/18/23 02:12:53,STABLE BEAMS,6800,457529.093701975,442930.912483417,59.1,DT
367665:8784,212:212,05/18/23 02:13:17,STABLE BEAMS,6800,456700.062735257,441940.096762404,59.0,DT
367665:8784,213:213,05/18/23 02:13:40,STABLE BEAMS,6800,456582.514378701,442091.650761960,59.0,DT
367665:8784,214:214,05/18/23 02:14:03,STABLE BEAMS,6800,456737.887916504,442054.040324282,59.0,DT
367665:8784,215:215,05/18/23 02:14:27,STABLE BEAMS,6800,456697.167027602,442145.763652872,59.0,DT
367665:8784,216:216,05/18/23 02:14:50,STABLE BEAMS,6800,456500.393557452,442151.350487026,59.0,DT
367665:8784,218:218,05/18/23 02:15:37,STABLE BEAMS,6800,455816.328955225,439150.860855495,58.9,DT
367665:8784,220:220,05/18/23 02:16:23,STABLE BEAMS,6800,455120.001031078,440682.797182618,58.8,DT
367665:8784,221:221,05/18/23 02:16:47,STABLE BEAMS,6800,454708.177831911,440357.596197108,58.8,DT
367665:8784,222:222,05/18/23 02:17:10,STABLE BEAMS,6800,454710.801343047,440618.567065232,58.8,DT
367665:8784,223:223,05/18/23 02:17:33,STABLE BEAMS,6800,453941.132383262,439875.152713350,58.7,DT
367665:8784,224:224,05/18/23 02:17:57,STABLE BEAMS,6800,453741.916383705,439790.116102551,58.6,DT
367665:8784,225:225,05/18/23 02:18:20,STABLE BEAMS,6800,453476.099108077,438614.279931884,58.6,DT
367665:8784,226:226,05/18/23 02:18:43,STABLE BEAMS,6800,453207.160259597,439257.277267854,58.6,DT
367665:8784,227:227,05/18/23 02:19:06,STABLE BEAMS,6800,452753.258084638,438764.381753204,58.5,DT
367665:8784,228:228,05/18/23 02:19:30,STABLE BEAMS,6800,452806.647694532,438225.362229547,58.5,DT
367665:8784,229:229,05/18/23 02:19:53,STABLE BEAMS,6800,452973.376749905,438951.202022972,58.5,DT
367665:8784,230:230,05/18/23 02:20:16,STABLE BEAMS,6800,452859.947537488,435591.429251600,58.5,DT
367665:8784,231:231,05/18/23 02:20:40,STABLE BEAMS,6800,452841.487401186,437714.171427885,58.5,DT
367665:8784,232:232,05/18/23 02:21:03,STABLE BEAMS,6800,452350.573738832,433598.110786901,58.5,DT
367665:8784,233:233,05/18/23 02:21:26,STABLE BEAMS,6800,451564.842288683,437298.196541745,58.4,DT
367665:8784,234:234,05/18/23 02:21:50,STABLE BEAMS,6800,451538.598490204,424858.451167649,58.4,DT
367665:8784,235:235,05/18/23 02:22:13,STABLE BEAMS,6800,451552.353101566,430130.839065953,58.4,DT
367665:8784,236:236,05/18/23 02:22:36,STABLE BEAMS,6800,451044.654469789,437215.033187218,58.3,DT
367665:8784,237:237,05/18/23 02:23:00,STABLE BEAMS,6800,451102.976917673,425824.991028300,58.3,DT
367665:8784,238:238,05/18/23 02:23:23,STABLE BEAMS,6800,450546.456654828,423577.105610925,58.2,DT
367665:8784,239:239,05/18/23 02:23:46,STABLE BEAMS,6800,449906.098416096,436350.956085531,58.2,DT
367665:8784,240:240,05/18/23 02:24:10,STABLE BEAMS,6800,450156.622011742,421961.388625682,58.2,DT
367665:8784,241:241,05/18/23 02:24:33,STABLE BEAMS,6800,450054.639531686,436372.093007420,58.2,DT
367665:8784,242:242,05/18/23 02:24:56,STABLE BEAMS,6800,450227.025351964,436660.465368075,58.2,DT
367665:8784,243:243,05/18/23 02:25:19,STABLE BEAMS,6800,449895.149745451,436426.378428167,58.2,DT
367665:8784,244:244,05/18/23 02:25:43,STABLE BEAMS,6800,449325.962209468,430756.731928592,58.1,DT
367665:8784,245:245,05/18/23 02:26:06,STABLE BEAMS,6800,449001.506853822,435518.201107105,58.0,DT
367665:8784,246:246,05/18/23 02:26:29,STABLE BEAMS,6800,448963.726556044,434839.544208900,58.0,DT
367665:8784,247:247,05/18/23 02:26:53,STABLE BEAMS,6800,448023.300611538,428418.599712717,57.9,DT
367665:8784,248:248,05/18/23 02:27:16,STABLE BEAMS,6800,447422.260291347,433211.667743691,57.8,DT
367665:8784,249:249,05/18/23 02:27:39,STABLE BEAMS,6800,447864.307439165,433628.418172643,57.9,DT
367665:8784,250:250,05/18/23 02:28:03,STABLE BEAMS,6800,447257.385936727,433148.204261064,57.8,DT
367665:8784,251:251,05/18/23 02:28:26,STABLE BEAMS,6800,445446.346663574,432619.344847376,57.6,DT
367665:8784,252:252,05/18/23 02:28:49,STABLE BEAMS,6800,445396.214724793,426192.105240291,57.6,DT
367665:8784,253:253,05/18/23 02:29:13,STABLE BEAMS,6800,444507.368572895,429207.288171698,57.5,DT
367665:8784,254:254,05/18/23 02:29:36,STABLE BEAMS,6800,443810.137187959,431043.750771297,57.4,DT
367665:8784,255:255,05/18/23 02:29:59,STABLE BEAMS,6800,442781.662908633,421359.794268475,57.2,DT
367665:8784,256:256,05/18/23 02:30:23,STABLE BEAMS,6800,442825.369272128,429947.525119737,57.2,DT
367665:8784,257:257,05/18/23 02:30:46,STABLE BEAMS,6800,443290.719627301,429294.296568791,57.3,DT
367665:8784,259:259,05/18/23 02:31:32,STABLE BEAMS,6800,443399.172566113,267768.463235230,57.3,DT
367665:8784,260:260,05/18/23 02:31:56,STABLE BEAMS,6800,442761.482721984,429965.004025045,57.2,DT
367665:8784,261:261,05/18/23 02:32:19,STABLE BEAMS,6800,443314.064822418,430526.329980087,57.3,DT
367665:8784,262:262,05/18/23 02:32:42,STABLE BEAMS,6800,442460.375457162,244003.232560850,57.2,DT
367665:8784,263:263,05/18/23 02:33:06,STABLE BEAMS,6800,442315.769608275,428551.757058279,57.2,DT
367665:8784,264:264,05/18/23 02:33:29,STABLE BEAMS,6800,442221.614226011,429362.035482675,57.2,DT
367665:8784,265:265,05/18/23 02:33:52,STABLE BEAMS,6800,443228.234599663,427319.043694664,57.3,DT
367665:8784,266:266,05/18/23 02:34:16,STABLE BEAMS,6800,458749.182748263,440534.306796670,59.3,DT
367665:8784,267:267,05/18/23 02:34:39,STABLE BEAMS,6800,462889.501750066,442783.660075328,59.8,DT
367665:8784,268:268,05/18/23 02:35:02,STABLE BEAMS,6800,462979.177472587,447227.881152963,59.8,DT
367665:8784,269:269,05/18/23 02:35:26,STABLE BEAMS,6800,461364.775571324,444549.073385691,59.6,DT
367665:8784,270:270,05/18/23 02:35:49,STABLE BEAMS,6800,461216.642750513,240473.837607019,59.6,DT
367665:8784,271:271,05/18/23 02:36:12,STABLE BEAMS,6800,464642.468659784,260657.607219196,60.1,PXL
367666:8784,1:1,05/18/23 02:39:54,STABLE BEAMS,6800,464488.977923052,434693.080218342,60.0,PXL
367666:8784,2:2,05/18/23 02:40:17,STABLE BEAMS,6800,701313.653707962,665494.876366154,90.6,DT
367666:8784,3:3,05/18/23 02:40:41,STABLE BEAMS,6800,459882.535215300,437810.165782096,59.4,DT
367666:8784,4:4,05/18/23 02:41:04,STABLE BEAMS,6800,459845.208095770,437776.826331344,59.4,DT
367666:8784,5:5,05/18/23 02:41:27,STABLE BEAMS,6800,459228.060401748,334089.162943238,59.4,DT
367666:8784,6:6,05/18/23 02:41:51,STABLE BEAMS,6800,459411.982721324,431557.626600655,59.4,DT
367666:8784,7:7,05/18/23 02:42:14,STABLE BEAMS,6800,458984.776075239,310856.069887700,59.3,DT
367666:8784,8:8,05/18/23 02:42:37,STABLE BEAMS,6800,458563.902341797,299630.329307678,59.3,DT
367666:8784,9:9,05/18/23 02:43:01,STABLE BEAMS,6800,458187.460346616,442880.546545250,59.2,DT
367666:8784,10:10,05/18/23 02:43:24,STABLE BEAMS,6800,458303.967696270,380755.861600742,59.2,DT
367666:8784,11:11,05/18/23 02:43:47,STABLE BEAMS,6800,457864.950906514,397554.464932903,59.2,DT
367666:8784,16:16,05/18/23 02:45:44,STABLE BEAMS,6800,455013.040829563,355960.462978762,58.8,DT
367666:8784,17:17,05/18/23 02:46:07,STABLE BEAMS,6800,455197.145578721,432918.456308827,58.8,DT
367666:8784,18:18,05/18/23 02:46:30,STABLE BEAMS,6800,456042.781980987,223867.315075097,58.9,DT
367666:8784,19:19,05/18/23 02:46:54,STABLE BEAMS,6800,455958.851342454,403929.413717339,58.9,DT
367666:8784,20:20,05/18/23 02:47:17,STABLE BEAMS,6800,455383.284562507,434128.093157914,58.9,DT
367666:8784,21:21,05/18/23 02:47:40,STABLE BEAMS,6800,454443.763526643,333579.219422339,58.7,DT
367666:8784,22:22,05/18/23 02:48:04,STABLE BEAMS,6800,454245.316337468,438377.164338455,58.7,DT
367666:8784,23:23,05/18/23 02:48:27,STABLE BEAMS,6800,454649.991482287,438374.987396934,58.8,DT
367666:8784,24:24,05/18/23 02:48:50,STABLE BEAMS,6800,454951.913888814,438960.705429490,58.8,DT
367666:8784,25:25,05/18/23 02:49:14,STABLE BEAMS,6800,454355.398111835,439677.430755345,58.7,DT
367666:8784,26:26,05/18/23 02:49:37,STABLE BEAMS,6800,454312.686423921,433378.104758229,58.7,DT
367666:8784,27:27,05/18/23 02:50:00,STABLE BEAMS,6800,453764.494216293,341628.951394033,58.7,DT
367666:8784,28:28,05/18/23 02:50:24,STABLE BEAMS,6800,453128.478091189,437439.975868942,58.6,DT
367666:8784,29:29,05/18/23 02:50:47,STABLE BEAMS,6800,453179.378840352,437575.794508934,58.6,DT
367666:8784,30:30,05/18/23 02:51:10,STABLE BEAMS,6800,453061.650949921,438688.463893309,58.6,DT
367666:8784,31:31,05/18/23 02:51:33,STABLE BEAMS,6800,453453.295410292,439389.480586161,58.6,DT
367666:8784,32:32,05/18/23 02:51:57,STABLE BEAMS,6800,452779.771183930,331049.552535581,58.5,DT
367666:8784,33:33,05/18/23 02:52:20,STABLE BEAMS,6800,452125.251486909,437672.670902372,58.4,DT
367666:8784,34:34,05/18/23 02:52:43,STABLE BEAMS,6800,452457.714922076,392068.123534550,58.5,DT
367666:8784,35:35,05/18/23 02:53:07,STABLE BEAMS,6800,452624.443977449,218019.699508351,58.5,DT
367666:8784,36:36,05/18/23 02:53:30,STABLE BEAMS,6800,452432.468694884,434962.427931849,58.5,DT
367666:8784,37:37,05/18/23 02:53:53,STABLE BEAMS,6800,451621.036391441,437060.373951618,58.4,DT
367666:8784,38:38,05/18/23 02:54:17,STABLE BEAMS,6800,451510.456555356,437163.130839806,58.4,DT
367666:8784,39:39,05/18/23 02:54:40,STABLE BEAMS,6800,451629.225452690,430955.154004910,58.4,DT
367666:8784,40:40,05/18/23 02:55:03,STABLE BEAMS,6800,450846.208728468,321451.841898753,58.3,DT
367666:8784,41:41,05/18/23 02:55:27,STABLE BEAMS,6800,450766.802633146,406374.064934422,58.3,DT
367666:8784,42:42,05/18/23 02:55:50,STABLE BEAMS,6800,450058.259166255,434837.200179775,58.2,DT
367666:8784,43:43,05/18/23 02:56:13,STABLE BEAMS,6800,449950.847234346,435835.093373536,58.2,DT
367666:8784,44:44,05/18/23 02:56:37,STABLE BEAMS,6800,449989.260244246,435785.557409668,58.2,DT
367666:8784,45:45,05/18/23 02:57:00,STABLE BEAMS,6800,449240.492502317,435045.184814526,58.1,DT
367666:8784,46:46,05/18/23 02:57:23,STABLE BEAMS,6800,448807.358342662,299639.698611148,58.0,DT
367666:8784,47:47,05/18/23 02:57:46,STABLE BEAMS,6800,448576.742737145,431558.508497931,58.0,DT
367666:8784,48:48,05/18/23 02:58:10,STABLE BEAMS,6800,448863.372911544,434236.851132108,58.0,DT
367666:8784,49:49,05/18/23 02:58:33,STABLE BEAMS,6800,448497.472740083,433949.174060489,58.0,DT
367666:8784,50:50,05/18/23 02:58:56,STABLE BEAMS,6800,449081.274912601,434111.470044900,58.0,DT
367666:8784,51:51,05/18/23 02:59:20,STABLE BEAMS,6800,448134.332178016,352689.399102149,57.9,DT
367666:8784,52:52,05/18/23 02:59:43,STABLE BEAMS,6800,448208.717116264,378851.448481659,57.9,DT
367666:8784,53:53,05/18/23 03:00:06,STABLE BEAMS,6800,447898.332004114,434315.583477862,57.9,DT
367666:8784,54:54,05/18/23 03:00:30,STABLE BEAMS,6800,448060.718945858,434574.312020298,57.9,DT
367666:8784,55:55,05/18/23 03:00:53,STABLE BEAMS,6800,447428.006823189,433929.727571975,57.8,DT
367666:8784,56:56,05/18/23 03:01:16,STABLE BEAMS,6800,446457.627678697,432808.552944260,57.7,DT
367666:8784,57:57,05/18/23 03:01:40,STABLE BEAMS,6800,446234.115244058,432722.163860716,57.7,DT
367666:8784,58:58,05/18/23 03:02:03,STABLE BEAMS,6800,445381.103474394,432327.264901493,57.6,DT
367666:8784,59:59,05/18/23 03:02:26,STABLE BEAMS,6800,444724.410548778,426905.099830563,57.5,DT
367666:8784,60:60,05/18/23 03:02:50,STABLE BEAMS,6800,443747.607276852,430953.168081133,57.4,DT
367666:8784,61:61,05/18/23 03:03:13,STABLE BEAMS,6800,443265.246087058,429838.579060409,57.3,DT
367666:8784,62:62,05/18/23 03:03:36,STABLE BEAMS,6800,442417.074492739,429676.469954060,57.2,DT
367666:8784,63:63,05/18/23 03:03:59,STABLE BEAMS,6800,441466.468687971,428637.399425576,57.1,DT
367666:8784,64:64,05/18/23 03:04:23,STABLE BEAMS,6800,441820.603599229,429078.633251263,57.1,DT
367666:8784,65:65,05/18/23 03:04:46,STABLE BEAMS,6800,441645.911347804,427842.836301106,57.1,DT
367666:8784,66:66,05/18/23 03:05:09,STABLE BEAMS,6800,441035.640959463,427725.845060522,57.0,DT
367666:8784,67:67,05/18/23 03:05:33,STABLE BEAMS,6800,440551.559719322,427743.479734139,56.9,DT
367666:8784,68:68,05/18/23 03:05:56,STABLE BEAMS,6800,440494.324609662,427840.696798568,56.9,DT
367666:8784,69:69,05/18/23 03:06:19,STABLE BEAMS,6800,440173.490336439,427464.782440002,56.9,DT
367666:8784,70:70,05/18/23 03:06:43,STABLE BEAMS,6800,440044.765996187,424670.090101948,56.9,DT
367666:8784,71:71,05/18/23 03:07:06,STABLE BEAMS,6800,445209.125948896,427800.242251395,57.5,DT
367666:8784,72:72,05/18/23 03:07:29,STABLE BEAMS,6800,461950.070481139,445361.521288748,59.7,DT
367666:8784,73:73,05/18/23 03:07:53,STABLE BEAMS,6800,463075.144119990,447208.895387411,59.9,DT
367666:8784,74:74,05/18/23 03:08:16,STABLE BEAMS,6800,462190.007369598,443501.584546013,59.7,DT
367666:8784,75:75,05/18/23 03:08:39,STABLE BEAMS,6800,461384.548911048,444670.629622506,59.6,DT
367666:8784,76:76,05/18/23 03:09:02,STABLE BEAMS,6800,460682.746651579,443921.613366813,59.5,DT
367666:8784,77:77,05/18/23 03:09:26,STABLE BEAMS,6800,459907.601908617,443331.603060447,59.4,DT
367666:8784,78:78,05/18/23 03:09:49,STABLE BEAMS,6800,461565.303326449,436778.139196500,59.7,DT
367666:8784,79:79,05/18/23 03:10:12,STABLE BEAMS,6800,460878.477666973,430454.379241756,59.6,DT
367666:8784,80:80,05/18/23 03:10:36,STABLE BEAMS,6800,460507.963185363,438195.878598439,59.5,DT
367666:8784,81:81,05/18/23 03:10:59,STABLE BEAMS,6800,460995.664060073,438447.834003599,59.6,DT
367666:8784,82:82,05/18/23 03:11:22,STABLE BEAMS,6800,460767.173903975,438873.611710403,59.6,DT
367666:8784,83:83,05/18/23 03:11:46,STABLE BEAMS,6800,460531.807890049,438859.912841840,59.5,DT
367666:8784,84:84,05/18/23 03:12:09,STABLE BEAMS,6800,459817.292026120,439388.835016537,59.4,DT
367666:8784,85:85,05/18/23 03:12:32,STABLE BEAMS,6800,459839.868410854,443616.056419652,59.4,DT
367666:8784,86:86,05/18/23 03:12:56,STABLE BEAMS,6800,460802.194592357,445287.028983523,59.6,DT
367691:8786,46:46,05/18/23 12:45:43,STABLE BEAMS,6800,5960.446321322,2921.908031394,0.8,PXL
367691:8786,47:47,05/18/23 12:46:06,STABLE BEAMS,6800,6924.986266133,6758.284070267,0.9,DT
367691:8786,48:48,05/18/23 12:46:29,STABLE BEAMS,6800,31989.389093413,31609.051920365,4.1,DT
367691:8786,49:49,05/18/23 12:46:52,STABLE BEAMS,6800,122476.715633520,118843.693582027,15.8,DT
367691:8786,50:50,05/18/23 12:47:16,STABLE BEAMS,6800,233108.515915674,231321.302790012,30.1,DT
367691:8786,51:51,05/18/23 12:47:39,STABLE BEAMS,6800,190129.405055409,189542.390898366,24.6,DT
367691:8786,52:52,05/18/23 12:48:02,STABLE BEAMS,6800,61013.233714612,60907.411215619,7.9,DT
367691:8786,53:53,05/18/23 12:48:26,STABLE BEAMS,6800,13197.747936695,13124.595375626,1.7,DT
367691:8786,54:54,05/18/23 12:48:49,STABLE BEAMS,6800,115645.266233975,115280.293053441,14.9,DT
367691:8786,55:55,05/18/23 12:49:12,STABLE BEAMS,6800,55954.924421644,55820.208860306,7.2,DT
367691:8786,56:56,05/18/23 12:49:36,STABLE BEAMS,6800,37128.254946354,36939.932035885,4.8,DT
367691:8786,57:57,05/18/23 12:49:59,STABLE BEAMS,6800,121880.324227185,120746.650483903,15.8,DT
367691:8786,58:58,05/18/23 12:50:22,STABLE BEAMS,6800,227077.118833273,225136.474131502,29.4,DT
367691:8786,59:59,05/18/23 12:50:46,STABLE BEAMS,6800,213116.505380451,212269.133412429,27.5,DT
367691:8786,60:60,05/18/23 12:51:09,STABLE BEAMS,6800,90382.043699209,90190.773531649,11.7,DT
367691:8786,61:61,05/18/23 12:51:32,STABLE BEAMS,6800,27756.780703359,27546.855251040,3.6,DT
367691:8786,62:62,05/18/23 12:51:55,STABLE BEAMS,6800,172377.631238437,170564.829084903,22.3,DT
367691:8786,63:63,05/18/23 12:52:19,STABLE BEAMS,6800,253083.175370627,250115.845825538,32.7,DT
367691:8786,64:64,05/18/23 12:52:42,STABLE BEAMS,6800,253927.817097314,250905.668773638,32.8,DT
367691:8786,65:65,05/18/23 12:53:05,STABLE BEAMS,6800,254085.022170209,251391.158060656,32.8,DT
367691:8786,66:66,05/18/23 12:53:29,STABLE BEAMS,6800,253920.803693373,251233.223712918,32.8,DT
367691:8786,67:67,05/18/23 12:53:52,STABLE BEAMS,6800,253012.615662192,249857.320608229,32.7,DT
367691:8786,68:68,05/18/23 12:54:15,STABLE BEAMS,6800,251163.638275194,248577.529939733,32.5,DT
367691:8786,69:69,05/18/23 12:54:39,STABLE BEAMS,6800,249727.320946874,247108.626243405,32.3,DT
367691:8786,70:70,05/18/23 12:55:02,STABLE BEAMS,6800,250004.518353587,247041.012193880,32.3,DT
367691:8786,71:71,05/18/23 12:55:25,STABLE BEAMS,6800,250807.917963994,248141.381677529,32.4,DT
367691:8786,72:72,05/18/23 12:55:49,STABLE BEAMS,6800,251442.507953077,248797.762233215,32.5,DT
367691:8786,73:73,05/18/23 12:56:12,STABLE BEAMS,6800,251895.935231980,249247.529883571,32.6,DT
367691:8786,74:74,05/18/23 12:56:35,STABLE BEAMS,6800,251106.492932471,248516.715534106,32.5,DT
367691:8786,75:75,05/18/23 12:56:58,STABLE BEAMS,6800,249761.979671799,247145.121782628,32.3,DT
367691:8786,76:76,05/18/23 12:57:22,STABLE BEAMS,6800,249136.779014788,246588.519944259,32.2,DT
367691:8786,77:77,05/18/23 12:57:45,STABLE BEAMS,6800,248195.605977706,245654.694650565,32.1,DT
367691:8786,78:78,05/18/23 12:58:08,STABLE BEAMS,6800,248318.288423935,242859.693554405,32.1,DT
367691:8786,79:79,05/18/23 12:58:32,STABLE BEAMS,6800,247897.912752209,239746.186032217,32.0,DT
367691:8786,80:80,05/18/23 12:58:55,STABLE BEAMS,6800,247476.678503163,241959.531210650,32.0,DT
367691:8786,81:81,05/18/23 12:59:18,STABLE BEAMS,6800,246916.629820541,241711.118986041,31.9,DT
367691:8786,82:82,05/18/23 12:59:42,STABLE BEAMS,6800,246743.589570333,241532.428692477,31.9,DT
367691:8786,83:83,05/18/23 13:00:05,STABLE BEAMS,6800,247095.688799110,193601.549013367,31.9,DT
367691:8786,84:84,05/18/23 13:00:28,STABLE BEAMS,6800,247095.258786523,98655.705701621,31.9,DT
367691:8786,85:85,05/18/23 13:00:52,STABLE BEAMS,6800,247208.734330263,241137.445559005,32.0,DT
367691:8786,86:86,05/18/23 13:01:15,STABLE BEAMS,6800,247170.163504295,241883.980894475,31.9,DT
367691:8786,87:87,05/18/23 13:01:38,STABLE BEAMS,6800,247249.659366554,241917.478775773,32.0,DT
367691:8786,88:88,05/18/23 13:02:02,STABLE BEAMS,6800,247270.585197925,186045.057245359,32.0,DT
367691:8786,89:89,05/18/23 13:02:25,STABLE BEAMS,6800,246925.067912648,240879.765457880,31.9,DT
367691:8786,90:90,05/18/23 13:02:48,STABLE BEAMS,6800,246420.537185046,240836.732211467,31.9,DT
367691:8786,91:91,05/18/23 13:03:12,STABLE BEAMS,6800,246584.392250571,241362.509171671,31.9,DT
367691:8786,92:92,05/18/23 13:03:35,STABLE BEAMS,6800,246367.124409491,237821.083874157,31.8,DT
367691:8786,93:93,05/18/23 13:03:58,STABLE BEAMS,6800,245934.216115033,225919.288329322,31.8,DT
367691:8786,94:94,05/18/23 13:04:21,STABLE BEAMS,6800,246045.519878031,184751.416063899,31.8,DT
367691:8786,95:95,05/18/23 13:04:45,STABLE BEAMS,6800,254143.027538105,247925.504930501,32.8,DT
367691:8786,96:96,05/18/23 13:05:08,STABLE BEAMS,6800,257875.458607446,250250.568294227,33.3,DT
367691:8786,97:97,05/18/23 13:05:31,STABLE BEAMS,6800,257477.026608331,250942.865748185,33.3,DT
367691:8786,98:98,05/18/23 13:05:55,STABLE BEAMS,6800,257816.888576557,251717.798569152,33.3,DT
367691:8786,99:99,05/18/23 13:06:18,STABLE BEAMS,6800,257555.029733294,251535.103818637,33.3,DT
367691:8786,100:100,05/18/23 13:06:41,STABLE BEAMS,6800,257336.584787052,251243.064497415,33.3,DT
367691:8786,101:101,05/18/23 13:07:05,STABLE BEAMS,6800,258970.964175429,248513.842734987,33.5,DT
367691:8786,102:102,05/18/23 13:07:28,STABLE BEAMS,6800,269558.461891164,259323.874647260,34.8,DT
367691:8786,103:103,05/18/23 13:07:51,STABLE BEAMS,6800,271409.792040633,264139.659342840,35.1,DT
367691:8786,104:104,05/18/23 13:08:15,STABLE BEAMS,6800,270928.426974272,263454.258786282,35.0,DT
367691:8786,105:105,05/18/23 13:08:38,STABLE BEAMS,6800,270857.820934514,260036.071701729,35.0,DT
367691:8786,106:106,05/18/23 13:09:01,STABLE BEAMS,6800,270063.468962676,263047.242319262,34.9,DT
367691:8786,107:107,05/18/23 13:09:24,STABLE BEAMS,6800,270306.640356586,263008.488246232,34.9,DT
367691:8786,108:108,05/18/23 13:09:48,STABLE BEAMS,6800,273560.059122036,265353.203511755,35.4,DT
367691:8786,109:109,05/18/23 13:10:11,STABLE BEAMS,6800,282471.916511015,270772.476481770,36.5,DT
367691:8786,110:110,05/18/23 13:10:34,STABLE BEAMS,6800,282055.228522988,269726.855893034,36.5,DT
367691:8786,111:111,05/18/23 13:10:58,STABLE BEAMS,6800,281828.820380694,273544.108623166,36.4,DT
367691:8786,112:112,05/18/23 13:11:21,STABLE BEAMS,6800,281339.083823502,273111.021424934,36.4,DT
367691:8786,113:113,05/18/23 13:11:44,STABLE BEAMS,6800,281092.880623677,272748.489792339,36.3,DT
367691:8786,114:114,05/18/23 13:12:08,STABLE BEAMS,6800,281508.821519129,271808.606227264,36.4,DT
367691:8786,115:115,05/18/23 13:12:31,STABLE BEAMS,6800,292027.683724166,231315.614796033,37.7,DT
367691:8786,116:116,05/18/23 13:12:54,STABLE BEAMS,6800,296035.637033341,279075.224122147,38.3,DT
367691:8786,117:117,05/18/23 13:13:18,STABLE BEAMS,6800,295735.750309296,284291.212095350,38.2,DT
367691:8786,118:118,05/18/23 13:13:41,STABLE BEAMS,6800,295089.622373060,282858.236285117,38.1,DT
367691:8786,119:119,05/18/23 13:14:04,STABLE BEAMS,6800,295095.324021433,284499.638458426,38.1,DT
367691:8786,120:120,05/18/23 13:14:27,STABLE BEAMS,6800,294864.775017192,217455.481338482,38.1,DT
367691:8786,121:121,05/18/23 13:14:51,STABLE BEAMS,6800,298587.886251444,282381.533039397,38.6,DT
367691:8786,122:122,05/18/23 13:15:14,STABLE BEAMS,6800,308646.239724508,300049.921045921,39.9,DT
367691:8786,124:124,05/18/23 13:16:01,STABLE BEAMS,6800,309146.926400198,300970.939525294,40.0,DT
367691:8786,127:127,05/18/23 13:17:11,STABLE BEAMS,6800,307929.417429431,298560.058344774,39.8,DT
367691:8786,129:129,05/18/23 13:17:57,STABLE BEAMS,6800,322100.828264577,259841.048912376,41.6,DT
367691:8786,133:133,05/18/23 13:19:31,STABLE BEAMS,6800,320528.663155173,142473.318894967,41.4,DT
367691:8786,135:135,05/18/23 13:20:17,STABLE BEAMS,6800,332557.817884145,179010.791551020,43.0,DT
367691:8786,137:137,05/18/23 13:21:04,STABLE BEAMS,6800,332927.925518830,318048.361430148,43.0,DT
367691:8786,138:138,05/18/23 13:21:27,STABLE BEAMS,6800,333158.360142618,247825.999626998,43.1,DT
367691:8786,140:140,05/18/23 13:22:14,STABLE BEAMS,6800,331851.672063193,313412.494753507,42.9,DT
367691:8786,141:141,05/18/23 13:22:37,STABLE BEAMS,6800,343665.639517035,330253.571577259,44.4,DT
367691:8786,142:142,05/18/23 13:23:00,STABLE BEAMS,6800,345880.583676771,322980.069304192,44.7,DT
367691:8786,143:143,05/18/23 13:23:24,STABLE BEAMS,6800,345197.558633592,143502.767149490,44.6,DT
367691:8786,144:144,05/18/23 13:23:47,STABLE BEAMS,6800,345073.835180461,264557.048781220,44.6,DT
367691:8786,145:145,05/18/23 13:24:10,STABLE BEAMS,6800,343989.618528772,333713.981696245,44.5,DT
367691:8786,146:146,05/18/23 13:24:34,STABLE BEAMS,6800,342437.542391226,332502.623804869,44.3,DT
367691:8786,147:147,05/18/23 13:24:57,STABLE BEAMS,6800,347118.340883318,337857.782790910,44.9,DT
367691:8786,148:148,05/18/23 13:25:20,STABLE BEAMS,6800,355040.635064589,340789.866357462,45.9,DT
367691:8786,149:149,05/18/23 13:25:44,STABLE BEAMS,6800,354630.009240538,257711.310789123,45.8,DT
367691:8786,150:150,05/18/23 13:26:07,STABLE BEAMS,6800,353624.634021178,342647.930498625,45.7,DT
367691:8786,151:151,05/18/23 13:26:30,STABLE BEAMS,6800,353534.505120409,344333.039010242,45.7,DT
367691:8786,152:152,05/18/23 13:26:53,STABLE BEAMS,6800,353629.837607834,337966.094457907,45.7,DT
367691:8786,153:153,05/18/23 13:27:17,STABLE BEAMS,6800,353314.702087276,251714.004628637,45.7,DT
367691:8786,154:154,05/18/23 13:27:40,STABLE BEAMS,6800,361466.798180213,315970.915177310,46.7,DT
367691:8786,155:155,05/18/23 13:28:03,STABLE BEAMS,6800,363995.089761030,354154.106975607,47.0,DT
367691:8786,156:156,05/18/23 13:28:27,STABLE BEAMS,6800,354766.967525507,346335.657761942,45.9,DT
367691:8786,158:158,05/18/23 13:29:13,STABLE BEAMS,6800,316995.131005402,303577.664559644,41.0,DT
367691:8786,159:159,05/18/23 13:29:37,STABLE BEAMS,6800,353054.586460022,335025.264189448,45.6,DT
367691:8786,160:160,05/18/23 13:30:00,STABLE BEAMS,6800,371488.774325858,354233.307505828,48.0,DT
367691:8786,161:161,05/18/23 13:30:23,STABLE BEAMS,6800,375423.046353745,355795.765355415,48.5,DT
367691:8786,162:162,05/18/23 13:30:47,STABLE BEAMS,6800,395213.239096083,369694.516629107,51.1,DT
367691:8786,163:163,05/18/23 13:31:10,STABLE BEAMS,6800,394388.234610860,371889.187657030,51.0,DT
367691:8786,164:164,05/18/23 13:31:33,STABLE BEAMS,6800,394316.384864664,373680.078618147,51.0,DT
367691:8786,171:171,05/18/23 13:34:16,STABLE BEAMS,6800,409449.804801326,391492.582687000,52.9,DT
367691:8786,172:172,05/18/23 13:34:40,STABLE BEAMS,6800,409228.057300503,394899.466619846,52.9,DT
367691:8786,173:173,05/18/23 13:35:03,STABLE BEAMS,6800,409722.861346091,395636.748058677,53.0,DT
367691:8786,174:174,05/18/23 13:35:26,STABLE BEAMS,6800,409559.570943559,395013.899858701,52.9,DT
367691:8786,175:175,05/18/23 13:35:50,STABLE BEAMS,6800,409636.714043348,394867.821390703,52.9,DT
367691:8786,176:176,05/18/23 13:36:13,STABLE BEAMS,6800,410227.574503276,394937.857085350,53.0,DT
367691:8786,177:177,05/18/23 13:36:36,STABLE BEAMS,6800,421700.368233324,402608.856924310,54.5,DT
367691:8786,178:178,05/18/23 13:37:00,STABLE BEAMS,6800,427819.133159246,410584.251866799,55.3,DT
367691:8786,179:179,05/18/23 13:37:23,STABLE BEAMS,6800,427687.831639180,410187.431671910,55.3,DT
367691:8786,181:181,05/18/23 13:38:09,STABLE BEAMS,6800,427360.209827213,306597.492520198,55.2,DT
367691:8786,182:182,05/18/23 13:38:33,STABLE BEAMS,6800,426649.720444778,413203.120838102,55.1,DT
367691:8786,183:183,05/18/23 13:38:56,STABLE BEAMS,6800,428239.781027491,413158.506052463,55.4,DT
367691:8786,184:184,05/18/23 13:39:19,STABLE BEAMS,6800,441214.044060248,424723.961997257,57.0,DT
367691:8786,185:185,05/18/23 13:39:43,STABLE BEAMS,6800,447185.263994012,434532.170633171,57.8,DT
367691:8786,186:186,05/18/23 13:40:06,STABLE BEAMS,6800,415542.554689672,399753.862321470,53.7,DT
367691:8786,187:187,05/18/23 13:40:29,STABLE BEAMS,6800,444092.558451282,423262.274694034,57.4,DT
367691:8786,188:188,05/18/23 13:40:53,STABLE BEAMS,6800,414379.928066095,228667.137301817,53.6,DT
367691:8786,189:189,05/18/23 13:41:16,STABLE BEAMS,6800,417208.310518347,404872.965146046,53.9,DT
367691:8786,190:190,05/18/23 13:41:39,STABLE BEAMS,6800,421417.991853470,276369.040079153,54.5,DT
367691:8786,191:191,05/18/23 13:42:03,STABLE BEAMS,6800,440724.036754391,394062.527005572,57.0,DT
367691:8786,192:192,05/18/23 13:42:26,STABLE BEAMS,6800,449939.173188934,368664.381393904,58.2,DT
367691:8786,193:193,05/18/23 13:42:49,STABLE BEAMS,6800,449560.378431283,427986.132497201,58.1,DT
367691:8786,194:194,05/18/23 13:43:12,STABLE BEAMS,6800,448974.495692814,434163.087485116,58.0,DT
367691:8786,195:195,05/18/23 13:43:36,STABLE BEAMS,6800,449331.074581334,201933.887663550,58.1,DT
367691:8786,196:196,05/18/23 13:43:59,STABLE BEAMS,6800,448802.064989068,433225.768226444,58.0,DT
367691:8786,197:197,05/18/23 13:44:22,STABLE BEAMS,6800,448918.706989128,434185.512231703,58.0,DT
367691:8786,198:198,05/18/23 13:44:46,STABLE BEAMS,6800,448681.531157919,430751.070253118,58.0,DT
367691:8786,199:199,05/18/23 13:45:09,STABLE BEAMS,6800,458740.133661840,436336.838920706,59.3,DT
367691:8786,200:200,05/18/23 13:45:32,STABLE BEAMS,6800,469242.231167408,437962.371825889,60.7,DT
367691:8786,201:201,05/18/23 13:45:56,STABLE BEAMS,6800,469129.887845361,442372.159834373,60.6,DT
367691:8786,202:202,05/18/23 13:46:19,STABLE BEAMS,6800,469090.071865102,222120.026726726,60.6,DT
367691:8786,203:203,05/18/23 13:46:42,STABLE BEAMS,6800,467777.139192118,449823.712818115,60.5,DT
367696:8786,1:1,05/18/23 14:31:37,STABLE BEAMS,6800,460477.482204625,400814.817910260,59.5,PXL
367696:8786,2:2,05/18/23 14:32:01,STABLE BEAMS,6800,461676.135903680,383634.459600039,59.7,PXL
367696:8786,3:3,05/18/23 14:32:24,STABLE BEAMS,6800,457104.692996608,430614.962937437,59.1,DT
367696:8786,4:4,05/18/23 14:32:47,STABLE BEAMS,6800,456780.825469616,435765.858120579,59.0,DT
367696:8786,5:5,05/18/23 14:33:11,STABLE BEAMS,6800,456701.148625628,331841.446335297,59.0,DT
367696:8786,6:6,05/18/23 14:33:34,STABLE BEAMS,6800,456330.091198832,270460.400760000,59.0,DT
367696:8786,7:7,05/18/23 14:33:57,STABLE BEAMS,6800,456204.398664495,431269.037857614,59.0,DT
367696:8786,8:8,05/18/23 14:34:21,STABLE BEAMS,6800,456195.982290195,424060.645981964,59.0,DT
367696:8786,9:9,05/18/23 14:34:44,STABLE BEAMS,6800,455575.080311198,436349.410104845,58.9,DT
367696:8786,10:10,05/18/23 14:35:07,STABLE BEAMS,6800,455495.674215876,389447.113387605,58.9,DT
367696:8786,11:11,05/18/23 14:35:31,STABLE BEAMS,6800,455544.630497349,335833.607267329,58.9,DT
367696:8786,12:12,05/18/23 14:35:54,STABLE BEAMS,6800,454816.947850711,437820.477441861,58.8,DT
367696:8786,13:13,05/18/23 14:36:17,STABLE BEAMS,6800,454755.322848246,440116.659782767,58.8,DT
367696:8786,14:14,05/18/23 14:36:41,STABLE BEAMS,6800,454145.641736413,435388.104306005,58.7,DT
367696:8786,15:15,05/18/23 14:37:04,STABLE BEAMS,6800,453626.403709629,440027.049114219,58.6,DT
367696:8786,16:16,05/18/23 14:37:27,STABLE BEAMS,6800,453755.262700288,306186.915061138,58.7,DT
367696:8786,17:17,05/18/23 14:37:50,STABLE BEAMS,6800,452952.518967664,439303.876368599,58.5,DT
367696:8786,18:18,05/18/23 14:38:14,STABLE BEAMS,6800,453489.763952502,439886.362028587,58.6,DT
367696:8786,19:19,05/18/23 14:38:37,STABLE BEAMS,6800,452991.702235801,432898.967814598,58.6,DT
367696:8786,20:20,05/18/23 14:39:00,STABLE BEAMS,6800,452646.751061371,438924.940746738,58.5,DT
367696:8786,21:21,05/18/23 14:39:24,STABLE BEAMS,6800,452389.529693918,432439.624362430,58.5,DT
367696:8786,22:22,05/18/23 14:39:47,STABLE BEAMS,6800,451645.875771707,437958.760965493,58.4,DT
367696:8786,23:23,05/18/23 14:40:10,STABLE BEAMS,6800,452058.288247382,438231.261037429,58.4,DT
367696:8786,24:24,05/18/23 14:40:34,STABLE BEAMS,6800,451564.072030447,438253.692903167,58.4,DT
367696:8786,25:25,05/18/23 14:40:57,STABLE BEAMS,6800,451310.923475811,438126.483213590,58.3,DT
367696:8786,26:26,05/18/23 14:41:20,STABLE BEAMS,6800,450966.154730963,431699.290809871,58.3,DT
367696:8786,27:27,05/18/23 14:41:44,STABLE BEAMS,6800,450862.722949226,437714.609262414,58.3,DT
367696:8786,28:28,05/18/23 14:42:07,STABLE BEAMS,6800,450622.424097310,437501.232436761,58.2,DT
367696:8786,29:29,05/18/23 14:42:30,STABLE BEAMS,6800,450323.035434981,430937.798653719,58.2,DT
367696:8786,30:30,05/18/23 14:42:53,STABLE BEAMS,6800,449980.935084737,436937.461014212,58.2,DT
367696:8786,31:31,05/18/23 14:43:17,STABLE BEAMS,6800,449960.935879817,436955.393093025,58.2,DT
367696:8786,32:32,05/18/23 14:43:40,STABLE BEAMS,6800,449787.510500491,436826.026585190,58.1,DT
367696:8786,33:33,05/18/23 14:44:03,STABLE BEAMS,6800,449716.701761197,430252.456168193,58.1,DT
367696:8786,34:34,05/18/23 14:44:27,STABLE BEAMS,6800,460070.077169445,443152.009383274,59.5,DT
367696:8786,35:35,05/18/23 14:44:50,STABLE BEAMS,6800,470891.157143190,454572.109631278,60.9,DT
367696:8786,36:36,05/18/23 14:45:13,STABLE BEAMS,6800,470906.901105712,454155.125491993,60.9,DT
367696:8786,37:37,05/18/23 14:45:37,STABLE BEAMS,6800,469726.086542352,438810.055419796,60.7,DT
367696:8786,38:38,05/18/23 14:46:00,STABLE BEAMS,6800,468699.694276830,452668.728777309,60.6,DT
367696:8786,39:39,05/18/23 14:46:23,STABLE BEAMS,6800,468650.286264963,452594.424749325,60.6,DT
367696:8786,40:40,05/18/23 14:46:47,STABLE BEAMS,6800,467885.774560512,452103.363271751,60.5,DT
367696:8786,41:41,05/18/23 14:47:10,STABLE BEAMS,6800,467385.313750018,451541.291075846,60.4,DT
367696:8786,42:42,05/18/23 14:47:33,STABLE BEAMS,6800,466583.293944309,451134.439405478,60.3,DT
367696:8786,43:43,05/18/23 14:47:57,STABLE BEAMS,6800,466191.965116073,450886.853391361,60.3,DT
367696:8786,44:44,05/18/23 14:48:20,STABLE BEAMS,6800,465407.772734543,305177.834446745,60.2,DT
367696:8786,45:45,05/18/23 14:48:43,STABLE BEAMS,6800,464524.490684904,277302.017833733,60.0,DT
367696:8786,46:46,05/18/23 14:49:07,STABLE BEAMS,6800,463831.104799735,448607.327617395,60.0,DT
367696:8786,47:47,05/18/23 14:49:30,STABLE BEAMS,6800,464399.704507063,449232.138530475,60.0,DT
367696:8786,48:48,05/18/23 14:49:53,STABLE BEAMS,6800,464125.289875407,355419.497737684,60.0,DT
367696:8786,49:49,05/18/23 14:50:16,STABLE BEAMS,6800,463710.977815511,448711.637849266,59.9,DT
367696:8786,50:50,05/18/23 14:50:40,STABLE BEAMS,6800,463512.349644608,442194.153798705,59.9,DT
367696:8786,51:51,05/18/23 14:51:03,STABLE BEAMS,6800,462783.265475465,448126.040030817,59.8,DT
367696:8786,52:52,05/18/23 14:51:26,STABLE BEAMS,6800,462392.344942008,447776.048426984,59.8,DT
367696:8786,53:53,05/18/23 14:51:50,STABLE BEAMS,6800,462059.926390310,447488.804834179,59.7,DT
367696:8786,54:54,05/18/23 14:52:13,STABLE BEAMS,6800,461833.337266287,447383.835673053,59.7,DT
367696:8786,55:55,05/18/23 14:52:36,STABLE BEAMS,6800,460689.758607666,446228.001676813,59.5,DT
367696:8786,56:56,05/18/23 14:53:00,STABLE BEAMS,6800,460018.407609899,445815.883706729,59.5,DT
367696:8786,57:57,05/18/23 14:53:23,STABLE BEAMS,6800,459313.076930652,445175.936874350,59.4,DT
367696:8786,58:58,05/18/23 14:53:46,STABLE BEAMS,6800,458804.652924107,444667.779839902,59.3,DT
367696:8786,59:59,05/18/23 14:54:09,STABLE BEAMS,6800,458495.265383244,444161.207775809,59.3,DT
367696:8786,60:60,05/18/23 14:54:33,STABLE BEAMS,6800,457872.235059121,443703.917202964,59.2,DT
367696:8786,61:61,05/18/23 14:54:56,STABLE BEAMS,6800,457183.056637174,443111.036811875,59.1,DT
367696:8786,62:62,05/18/23 14:55:19,STABLE BEAMS,6800,456824.442066173,442877.015748589,59.0,DT
367696:8786,63:63,05/18/23 14:55:43,STABLE BEAMS,6800,456402.121926756,442458.717757329,59.0,DT
367696:8786,64:64,05/18/23 14:56:06,STABLE BEAMS,6800,457397.385334984,443245.079135684,59.1,DT
367696:8786,65:65,05/18/23 14:56:29,STABLE BEAMS,6800,457562.847518258,443369.229822997,59.1,DT
367696:8786,66:66,05/18/23 14:56:53,STABLE BEAMS,6800,458092.491270501,443983.819415244,59.2,DT
367696:8786,67:67,05/18/23 14:57:16,STABLE BEAMS,6800,457942.592068020,443952.223549213,59.2,DT
367696:8786,68:68,05/18/23 14:57:39,STABLE BEAMS,6800,458270.622174766,444059.892606286,59.2,DT
367696:8786,69:69,05/18/23 14:58:03,STABLE BEAMS,6800,458492.233577329,443979.800084560,59.3,DT
367696:8786,70:70,05/18/23 14:58:26,STABLE BEAMS,6800,458919.260689540,444579.396370168,59.3,DT
367696:8786,71:71,05/18/23 14:58:49,STABLE BEAMS,6800,458826.008768064,444690.273228728,59.3,DT
367696:8786,72:72,05/18/23 14:59:13,STABLE BEAMS,6800,458284.602651326,444165.533358905,59.2,DT
367696:8786,73:73,05/18/23 14:59:36,STABLE BEAMS,6800,457522.533476282,443595.533557075,59.1,DT
367696:8786,74:74,05/18/23 14:59:59,STABLE BEAMS,6800,457488.600126124,443536.209146577,59.1,DT
367696:8786,75:75,05/18/23 15:00:23,STABLE BEAMS,6800,457303.364603126,443274.853260340,59.1,DT
367696:8786,76:76,05/18/23 15:00:46,STABLE BEAMS,6800,457430.368893031,443478.425551062,59.1,DT
367696:8786,77:77,05/18/23 15:01:09,STABLE BEAMS,6800,457267.259472227,443155.027148177,59.1,DT
367696:8786,78:78,05/18/23 15:01:32,STABLE BEAMS,6800,457506.336335512,443492.165662146,59.1,DT
367696:8786,79:79,05/18/23 15:01:56,STABLE BEAMS,6800,457598.002857047,432849.139858625,59.1,DT
367696:8786,80:80,05/18/23 15:02:19,STABLE BEAMS,6800,456820.369253356,437692.428276951,59.0,DT
367696:8786,81:81,05/18/23 15:02:42,STABLE BEAMS,6800,456816.704735318,434501.954142497,59.0,DT
367696:8786,82:82,05/18/23 15:03:06,STABLE BEAMS,6800,456777.478031566,430948.010038863,59.0,DT
367696:8786,83:83,05/18/23 15:03:29,STABLE BEAMS,6800,456435.512331729,436295.134639147,59.0,DT
367696:8786,84:84,05/18/23 15:03:52,STABLE BEAMS,6800,456738.203548638,434313.626892846,59.0,DT
367696:8786,85:85,05/18/23 15:04:16,STABLE BEAMS,6800,456593.690362396,441382.129065082,59.0,DT
367696:8786,86:86,05/18/23 15:04:39,STABLE BEAMS,6800,456781.006451344,431535.316917807,59.0,DT
367696:8786,87:87,05/18/23 15:05:02,STABLE BEAMS,6800,455382.650402531,441725.692202637,58.9,DT
367696:8786,88:88,05/18/23 15:05:26,STABLE BEAMS,6800,455570.555767987,433437.492962304,58.9,DT
367696:8786,89:89,05/18/23 15:05:49,STABLE BEAMS,6800,455074.122886842,436381.155407805,58.8,DT
367696:8786,90:90,05/18/23 15:06:12,STABLE BEAMS,6800,454946.801516949,441095.731682843,58.8,DT
367696:8786,91:91,05/18/23 15:06:35,STABLE BEAMS,6800,454753.966209210,434916.201562783,58.8,DT
367696:8786,93:93,05/18/23 15:07:22,STABLE BEAMS,6800,453663.913258742,440298.693057146,58.6,DT
367696:8786,94:94,05/18/23 15:07:45,STABLE BEAMS,6800,453930.363246492,280396.496712008,58.7,DT
367696:8786,95:95,05/18/23 15:08:09,STABLE BEAMS,6800,453262.676766763,440163.883815843,58.6,DT
367696:8786,96:96,05/18/23 15:08:32,STABLE BEAMS,6800,453096.580423512,432904.395611343,58.6,DT
367696:8786,97:97,05/18/23 15:08:55,STABLE BEAMS,6800,452290.758553652,439156.183771169,58.5,DT
367696:8786,98:98,05/18/23 15:09:19,STABLE BEAMS,6800,451849.118252759,439031.602832526,58.4,DT
367696:8786,99:99,05/18/23 15:09:42,STABLE BEAMS,6800,451063.838533005,438167.095281245,58.3,DT
367696:8786,100:100,05/18/23 15:10:05,STABLE BEAMS,6800,450170.286856167,437390.424640951,58.2,DT
367696:8786,102:102,05/18/23 15:10:52,STABLE BEAMS,6800,448907.848085421,436193.160906464,58.0,DT
367696:8786,103:103,05/18/23 15:11:15,STABLE BEAMS,6800,448419.831578576,435810.847290899,58.0,DT
367696:8786,104:104,05/18/23 15:11:39,STABLE BEAMS,6800,448466.343882789,435866.111636752,58.0,DT
367696:8786,106:106,05/18/23 15:12:25,STABLE BEAMS,6800,446878.318982557,433905.044822673,57.8,DT
367696:8786,108:108,05/18/23 15:13:12,STABLE BEAMS,6800,444762.009864827,316109.952082709,57.5,DT
367696:8786,109:109,05/18/23 15:13:35,STABLE BEAMS,6800,443731.997964736,431559.868960170,57.4,DT
367696:8786,110:110,05/18/23 15:13:58,STABLE BEAMS,6800,443430.391190344,431363.448904439,57.3,DT
367696:8786,111:111,05/18/23 15:14:22,STABLE BEAMS,6800,442874.099688404,431024.598320026,57.2,DT
367696:8786,112:112,05/18/23 15:14:45,STABLE BEAMS,6800,442002.853647635,429927.926245994,57.1,DT
367696:8786,113:113,05/18/23 15:15:08,STABLE BEAMS,6800,441509.180375885,425553.216834357,57.1,DT
367696:8786,114:114,05/18/23 15:15:32,STABLE BEAMS,6800,440825.024558867,429161.789042542,57.0,DT
367696:8786,115:115,05/18/23 15:15:55,STABLE BEAMS,6800,440054.675107783,428329.106378782,56.9,DT
367696:8786,116:116,05/18/23 15:16:18,STABLE BEAMS,6800,439126.330055614,427616.089192640,56.8,DT
367696:8786,117:117,05/18/23 15:16:42,STABLE BEAMS,6800,438682.109679201,427115.598580104,56.7,DT
367696:8786,118:118,05/18/23 15:17:05,STABLE BEAMS,6800,437331.941101478,419598.565466563,56.5,DT
367696:8786,119:119,05/18/23 15:17:28,STABLE BEAMS,6800,436502.727705178,325003.018751091,56.4,DT
367696:8786,120:120,05/18/23 15:17:52,STABLE BEAMS,6800,435999.915580069,424535.226862705,56.4,DT
367696:8786,121:121,05/18/23 15:18:15,STABLE BEAMS,6800,436083.574022083,424690.840762795,56.4,DT
367696:8786,122:122,05/18/23 15:18:38,STABLE BEAMS,6800,435413.896743340,424082.480806419,56.3,DT
367696:8786,123:123,05/18/23 15:19:01,STABLE BEAMS,6800,434926.014886902,423478.495956865,56.2,DT
367696:8786,124:124,05/18/23 15:19:25,STABLE BEAMS,6800,434752.589507576,421929.423020073,56.2,DT
367696:8786,125:125,05/18/23 15:19:48,STABLE BEAMS,6800,448026.196319193,434518.154753143,57.9,DT
367696:8786,126:126,05/18/23 15:20:11,STABLE BEAMS,6800,454870.292577136,329962.910690325,58.8,DT
367696:8786,128:128,05/18/23 15:20:58,STABLE BEAMS,6800,453154.313594889,439698.174580068,58.6,DT
367696:8786,129:129,05/18/23 15:21:21,STABLE BEAMS,6800,452719.595483146,439383.077502380,58.5,DT
367696:8786,130:130,05/18/23 15:21:45,STABLE BEAMS,6800,451589.455803753,438265.613642828,58.4,DT
367696:8786,133:133,05/18/23 15:22:55,STABLE BEAMS,6800,449034.173331881,436217.075116735,58.0,DT
367696:8786,134:134,05/18/23 15:23:18,STABLE BEAMS,6800,449071.003837548,436181.856487112,58.0,DT
367696:8786,135:135,05/18/23 15:23:41,STABLE BEAMS,6800,449093.309473616,408516.506755233,58.0,DT
367696:8786,138:138,05/18/23 15:24:51,STABLE BEAMS,6800,450576.320087877,436243.565971449,58.2,DT
367696:8786,139:139,05/18/23 15:25:14,STABLE BEAMS,6800,450721.240121045,436508.573788746,58.3,DT
367696:8786,140:140,05/18/23 15:25:38,STABLE BEAMS,6800,450619.166426198,436149.678375758,58.2,DT
367696:8786,141:141,05/18/23 15:26:01,STABLE BEAMS,6800,451833.327958915,437282.141451364,58.4,DT
367696:8786,142:142,05/18/23 15:26:24,STABLE BEAMS,6800,453153.182821049,438633.449238642,58.6,DT
367696:8786,145:145,05/18/23 15:27:34,STABLE BEAMS,6800,451682.842375634,437626.058218075,58.4,DT
367696:8786,146:146,05/18/23 15:27:58,STABLE BEAMS,6800,451478.739869409,437329.162702245,58.4,DT
367696:8786,147:147,05/18/23 15:28:21,STABLE BEAMS,6800,450707.621607942,436516.540295204,58.3,DT
367696:8786,148:148,05/18/23 15:28:44,STABLE BEAMS,6800,450748.930325498,436620.160390151,58.3,DT
367696:8786,149:149,05/18/23 15:29:07,STABLE BEAMS,6800,450082.646816128,389517.713377731,58.2,DT
367696:8786,150:150,05/18/23 15:29:31,STABLE BEAMS,6800,449351.118669724,170459.608777233,58.1,DT
367696:8786,151:151,05/18/23 15:29:54,STABLE BEAMS,6800,448562.626162325,434665.545958645,58.0,DT
367696:8786,152:152,05/18/23 15:30:17,STABLE BEAMS,6800,448988.024438979,434631.660284598,58.0,DT
367696:8786,153:153,05/18/23 15:30:41,STABLE BEAMS,6800,449467.534804587,435356.563755704,58.1,DT
367696:8786,154:154,05/18/23 15:31:04,STABLE BEAMS,6800,449881.484901026,435703.358288774,58.2,DT
367696:8786,155:155,05/18/23 15:31:27,STABLE BEAMS,6800,450422.213422173,430026.346321065,58.2,DT
367696:8786,156:156,05/18/23 15:31:51,STABLE BEAMS,6800,450670.294488412,430175.989567562,58.3,DT
367696:8786,157:157,05/18/23 15:32:14,STABLE BEAMS,6800,450984.840732462,402544.250515757,58.3,DT
367696:8786,158:158,05/18/23 15:32:37,STABLE BEAMS,6800,451064.200496462,256998.605453807,58.3,DT
367696:8786,159:159,05/18/23 15:33:01,STABLE BEAMS,6800,451136.322439177,431756.746652076,58.3,DT
367696:8786,160:160,05/18/23 15:33:24,STABLE BEAMS,6800,451720.214378633,432426.106997570,58.4,DT
367696:8786,161:161,05/18/23 15:33:47,STABLE BEAMS,6800,451913.638962879,431114.269713224,58.4,DT
367696:8786,162:162,05/18/23 15:34:11,STABLE BEAMS,6800,451499.416669921,428888.321909896,58.4,DT
367696:8786,163:163,05/18/23 15:34:34,STABLE BEAMS,6800,451959.608321906,431363.842189708,58.4,DT
367696:8786,164:164,05/18/23 15:34:57,STABLE BEAMS,6800,452522.959559110,433015.061451871,58.5,DT
367696:8786,165:165,05/18/23 15:35:20,STABLE BEAMS,6800,452513.457294439,437353.128313775,58.5,DT
367696:8786,166:166,05/18/23 15:35:44,STABLE BEAMS,6800,452481.242546775,437989.700541630,58.5,DT
367696:8786,167:167,05/18/23 15:36:07,STABLE BEAMS,6800,452160.272175291,437880.122133229,58.4,DT
367696:8786,168:168,05/18/23 15:36:30,STABLE BEAMS,6800,451962.774778227,437655.577220643,58.4,DT
367696:8786,169:169,05/18/23 15:36:54,STABLE BEAMS,6800,451405.804232842,430803.408235513,58.3,DT
367696:8786,170:170,05/18/23 15:37:17,STABLE BEAMS,6800,451696.007710489,437632.491085262,58.4,DT
367696:8786,171:171,05/18/23 15:37:40,STABLE BEAMS,6800,451207.176061939,432318.768239823,58.3,DT
367696:8786,172:172,05/18/23 15:38:04,STABLE BEAMS,6800,451028.185132500,436969.819178129,58.3,DT
367696:8786,174:174,05/18/23 15:38:50,STABLE BEAMS,6800,450221.187605331,430118.489760648,58.2,DT
367696:8786,175:175,05/18/23 15:39:14,STABLE BEAMS,6800,449135.343565940,435474.089621263,58.1,DT
367696:8786,176:176,05/18/23 15:39:37,STABLE BEAMS,6800,449308.089901820,435252.291828785,58.1,DT
367696:8786,177:177,05/18/23 15:40:00,STABLE BEAMS,6800,448624.251164790,435215.007288512,58.0,DT
367696:8786,179:179,05/18/23 15:40:47,STABLE BEAMS,6800,447111.650761855,433599.888343062,57.8,DT
367696:8786,181:181,05/18/23 15:41:33,STABLE BEAMS,6800,446423.784095476,426807.053120935,57.7,DT
367696:8786,182:182,05/18/23 15:41:57,STABLE BEAMS,6800,445521.228215684,432254.175950177,57.6,DT
367696:8786,183:183,05/18/23 15:42:20,STABLE BEAMS,6800,444953.126570073,431656.079658282,57.5,DT
367696:8786,184:184,05/18/23 15:42:43,STABLE BEAMS,6800,445046.151178497,431263.705310686,57.5,DT
367696:8786,185:185,05/18/23 15:43:07,STABLE BEAMS,6800,443974.196400874,430973.144483507,57.4,DT
367696:8786,186:186,05/18/23 15:43:30,STABLE BEAMS,6800,443918.590126771,431012.931964242,57.4,DT
367696:8786,187:187,05/18/23 15:43:53,STABLE BEAMS,6800,443309.359297478,430193.914787077,57.3,DT
367696:8786,189:189,05/18/23 15:44:40,STABLE BEAMS,6800,443439.486608089,430317.820061422,57.3,DT
367696:8786,190:190,05/18/23 15:45:03,STABLE BEAMS,6800,445292.557077858,427370.575243111,57.6,DT
367696:8786,191:191,05/18/23 15:45:27,STABLE BEAMS,6800,418678.606080294,409348.087608483,54.1,DT
367696:8786,192:192,05/18/23 15:45:50,STABLE BEAMS,6800,394047.988961369,382340.195530285,50.9,DT
367696:8786,193:193,05/18/23 15:46:13,STABLE BEAMS,6800,443059.740610474,433408.004227631,57.3,DT
367696:8786,194:194,05/18/23 15:46:37,STABLE BEAMS,6800,390079.783583324,377893.554031137,50.4,DT
367696:8786,195:195,05/18/23 15:47:00,STABLE BEAMS,6800,450147.031427988,435394.037760842,58.2,DT
367696:8786,196:196,05/18/23 15:47:23,STABLE BEAMS,6800,456086.805424470,441018.124635365,59.0,DT
367696:8786,197:197,05/18/23 15:47:46,STABLE BEAMS,6800,456017.670404201,440958.508947759,58.9,DT
367696:8786,198:198,05/18/23 15:48:10,STABLE BEAMS,6800,455812.166375470,440776.642603723,58.9,DT
367696:8786,199:199,05/18/23 15:48:33,STABLE BEAMS,6800,455858.180617966,440747.126149261,58.9,DT
367696:8786,200:200,05/18/23 15:48:56,STABLE BEAMS,6800,455282.386524968,440455.743551016,58.8,DT
367696:8786,202:202,05/18/23 15:49:43,STABLE BEAMS,6800,455299.219273568,440163.308485141,58.9,DT
367696:8786,203:203,05/18/23 15:50:06,STABLE BEAMS,6800,455443.098299834,440754.399171324,58.9,DT
367696:8786,204:204,05/18/23 15:50:30,STABLE BEAMS,6800,454621.215387463,439987.006426679,58.8,DT
367696:8786,205:205,05/18/23 15:50:53,STABLE BEAMS,6800,454156.590407057,439519.332864426,58.7,DT
367696:8786,206:206,05/18/23 15:51:16,STABLE BEAMS,6800,453982.485984286,439442.459722967,58.7,DT
367696:8786,207:207,05/18/23 15:51:40,STABLE BEAMS,6800,454324.767316258,439645.430134763,58.7,DT
367696:8786,208:208,05/18/23 15:52:03,STABLE BEAMS,6800,453344.163428035,438904.221741967,58.6,DT
367696:8786,209:209,05/18/23 15:52:26,STABLE BEAMS,6800,452644.805145827,438322.519547049,58.5,DT
367696:8786,210:210,05/18/23 15:52:49,STABLE BEAMS,6800,453354.931116951,438971.217128921,58.6,DT
367696:8786,211:211,05/18/23 15:53:13,STABLE BEAMS,6800,453293.488544068,439107.548244014,58.6,DT
367696:8786,212:212,05/18/23 15:53:36,STABLE BEAMS,6800,452783.573248081,438640.751784669,58.5,DT
367696:8786,214:214,05/18/23 15:54:23,STABLE BEAMS,6800,452019.468390555,438017.519150126,58.4,DT
367696:8786,215:215,05/18/23 15:54:46,STABLE BEAMS,6800,451923.999804870,438068.545455600,58.4,DT
367696:8786,216:216,05/18/23 15:55:09,STABLE BEAMS,6800,451335.492107412,436858.457705988,58.3,DT
367696:8786,217:217,05/18/23 15:55:33,STABLE BEAMS,6800,451450.370621510,437698.687791445,58.4,DT
367696:8786,219:219,05/18/23 15:56:19,STABLE BEAMS,6800,450117.802154916,436305.709276090,58.2,DT
367696:8786,220:220,05/18/23 15:56:43,STABLE BEAMS,6800,449919.989125718,436105.243911067,58.2,DT
367696:8786,221:221,05/18/23 15:57:06,STABLE BEAMS,6800,450407.462687377,436656.244274516,58.2,DT
367696:8786,222:222,05/18/23 15:57:29,STABLE BEAMS,6800,450037.084304026,436238.849371195,58.2,DT
367696:8786,223:223,05/18/23 15:57:53,STABLE BEAMS,6800,449737.514659969,436204.391598071,58.1,DT
367696:8786,224:224,05/18/23 15:58:16,STABLE BEAMS,6800,448950.244141201,241332.308531316,58.0,DT
367696:8786,225:225,05/18/23 15:58:39,STABLE BEAMS,6800,448947.529415275,435402.368029351,58.0,DT
367696:8786,226:226,05/18/23 15:59:02,STABLE BEAMS,6800,449752.308830380,436308.159764111,58.1,DT
367696:8786,227:227,05/18/23 15:59:26,STABLE BEAMS,6800,449162.806457342,435561.948535769,58.1,DT
367696:8786,228:228,05/18/23 15:59:49,STABLE BEAMS,6800,449385.143234672,435774.979762998,58.1,DT
367696:8786,229:229,05/18/23 16:00:12,STABLE BEAMS,6800,449915.419699038,436346.503385763,58.2,DT
367696:8786,231:231,05/18/23 16:00:59,STABLE BEAMS,6800,459451.527952918,442062.006523706,59.4,DT
367696:8786,232:232,05/18/23 16:01:22,STABLE BEAMS,6800,470853.014881956,448067.002190573,60.9,DT
367696:8786,233:233,05/18/23 16:01:46,STABLE BEAMS,6800,470108.954112820,438634.963082413,60.8,DT
367696:8786,234:234,05/18/23 16:02:09,STABLE BEAMS,6800,469869.875801680,437134.441037946,60.7,DT
367696:8786,235:235,05/18/23 16:02:32,STABLE BEAMS,6800,470127.593782996,439345.389697245,60.8,DT
367696:8786,236:236,05/18/23 16:02:56,STABLE BEAMS,6800,469608.765498846,439113.478806485,60.7,DT
367696:8786,237:237,05/18/23 16:03:19,STABLE BEAMS,6800,469341.183289402,445363.613037056,60.7,DT
367696:8786,238:238,05/18/23 16:03:42,STABLE BEAMS,6800,469532.798056365,445660.177386586,60.7,DT
367696:8786,239:239,05/18/23 16:04:05,STABLE BEAMS,6800,468858.234270954,446297.078451397,60.6,DT
367696:8786,241:241,05/18/23 16:04:52,STABLE BEAMS,6800,468203.396046092,317474.527400090,60.5,DT
367696:8786,243:243,05/18/23 16:05:39,STABLE BEAMS,6800,468562.780875329,446813.614964788,60.6,DT
367696:8786,244:244,05/18/23 16:06:02,STABLE BEAMS,6800,468842.397645788,168087.770149914,60.6,DT
367696:8786,245:245,05/18/23 16:06:25,STABLE BEAMS,6800,467297.583943042,451489.614260250,60.4,DT
367696:8786,246:246,05/18/23 16:06:49,STABLE BEAMS,6800,467689.092305153,452303.186564065,60.5,DT
367696:8786,248:248,05/18/23 16:07:35,STABLE BEAMS,6800,466596.776359152,451391.266112656,60.3,DT
367696:8786,249:249,05/18/23 16:07:59,STABLE BEAMS,6800,466521.217211450,220188.589395653,60.3,DT
367696:8786,250:250,05/18/23 16:08:22,STABLE BEAMS,6800,465787.155320847,450857.331100829,60.2,DT
367696:8786,251:251,05/18/23 16:08:45,STABLE BEAMS,6800,464799.582912152,449917.860918343,60.1,DT
367696:8786,252:252,05/18/23 16:09:09,STABLE BEAMS,6800,464397.441511531,449463.703944325,60.0,DT
367696:8786,253:253,05/18/23 16:09:32,STABLE BEAMS,6800,464683.483857277,449887.710569838,60.1,DT
367696:8786,254:254,05/18/23 16:09:55,STABLE BEAMS,6800,464098.730444793,449401.338953704,60.0,DT
367696:8786,255:255,05/18/23 16:10:19,STABLE BEAMS,6800,463500.858028778,448674.009915845,59.9,DT
367696:8786,256:256,05/18/23 16:10:42,STABLE BEAMS,6800,463808.345985419,442356.807119664,60.0,DT
367696:8786,257:257,05/18/23 16:11:05,STABLE BEAMS,6800,464283.648887803,449236.257566449,60.0,DT
367696:8786,258:258,05/18/23 16:11:28,STABLE BEAMS,6800,464664.751524455,449543.599350811,60.1,DT
367696:8786,259:259,05/18/23 16:11:52,STABLE BEAMS,6800,464733.750446464,449194.083309738,60.1,DT
367696:8786,260:260,05/18/23 16:12:15,STABLE BEAMS,6800,463001.167476521,448218.839195071,59.8,DT
367696:8786,261:261,05/18/23 16:12:38,STABLE BEAMS,6800,462215.978971558,447530.183092207,59.7,DT
367696:8786,262:262,05/18/23 16:13:02,STABLE BEAMS,6800,463190.338266223,448404.389442694,59.9,DT
367696:8786,263:263,05/18/23 16:13:25,STABLE BEAMS,6800,462869.186913011,448106.365413457,59.8,DT
367696:8786,264:264,05/18/23 16:13:48,STABLE BEAMS,6800,463061.027545170,448462.660796129,59.9,DT
367696:8786,265:265,05/18/23 16:14:12,STABLE BEAMS,6800,462739.423013711,448183.442950656,59.8,DT
367696:8786,266:266,05/18/23 16:14:35,STABLE BEAMS,6800,462414.514479816,446405.843707643,59.8,DT
367696:8786,267:267,05/18/23 16:14:58,STABLE BEAMS,6800,462411.348023495,446764.426072197,59.8,DT
367696:8786,268:268,05/18/23 16:15:22,STABLE BEAMS,6800,462146.481987832,447600.540238911,59.7,DT
367696:8786,269:269,05/18/23 16:15:45,STABLE BEAMS,6800,461674.526523497,447307.202192697,59.7,DT
367696:8786,270:270,05/18/23 16:16:08,STABLE BEAMS,6800,460912.276366725,446832.267722675,59.6,DT
367696:8786,271:271,05/18/23 16:16:31,STABLE BEAMS,6800,460617.593229336,369306.677716740,59.5,DT
367696:8786,272:272,05/18/23 16:16:55,STABLE BEAMS,6800,459703.408187601,443710.291541384,59.4,DT
367696:8786,273:273,05/18/23 16:17:18,STABLE BEAMS,6800,459583.689498157,445241.999380571,59.4,DT
367696:8786,274:274,05/18/23 16:17:41,STABLE BEAMS,6800,456711.147504162,442985.913247675,59.0,DT
367696:8786,275:275,05/18/23 16:18:05,STABLE BEAMS,6800,456773.043255292,442984.460246998,59.0,DT
367696:8786,276:276,05/18/23 16:18:28,STABLE BEAMS,6800,456118.930405197,442467.963183085,59.0,DT
367696:8786,277:277,05/18/23 16:18:51,STABLE BEAMS,6800,456202.814712408,344518.756657204,59.0,DT
367696:8786,278:278,05/18/23 16:19:15,STABLE BEAMS,6800,455774.929022878,442088.901405492,58.9,DT
367696:8786,279:279,05/18/23 16:19:38,STABLE BEAMS,6800,455044.712632042,440984.510074936,58.8,DT
367696:8786,280:280,05/18/23 16:20:01,STABLE BEAMS,6800,454184.597691499,440714.811786031,58.7,DT
367696:8786,281:281,05/18/23 16:20:25,STABLE BEAMS,6800,455372.651523997,441758.705870855,58.9,DT
367696:8786,282:282,05/18/23 16:20:48,STABLE BEAMS,6800,456131.101064472,442576.400875003,59.0,DT
367696:8786,283:283,05/18/23 16:21:11,STABLE BEAMS,6800,456318.598135149,442546.101456708,59.0,DT
367696:8786,284:284,05/18/23 16:21:34,STABLE BEAMS,6800,456731.462341217,442955.585339553,59.0,DT
367696:8786,285:285,05/18/23 16:21:58,STABLE BEAMS,6800,456818.921399528,442943.959614632,59.0,DT
367696:8786,286:286,05/18/23 16:22:21,STABLE BEAMS,6800,456544.825295714,442896.245032591,59.0,DT
367696:8786,287:287,05/18/23 16:22:44,STABLE BEAMS,6800,456733.815103687,442780.439113716,59.0,DT
367696:8786,288:288,05/18/23 16:23:08,STABLE BEAMS,6800,456295.930535623,442684.280660168,59.0,DT
367696:8786,289:289,05/18/23 16:23:31,STABLE BEAMS,6800,456363.617702065,441826.741954505,59.0,DT
367696:8786,290:290,05/18/23 16:23:54,STABLE BEAMS,6800,456347.872291689,442286.789468368,59.0,DT
367696:8786,291:291,05/18/23 16:24:18,STABLE BEAMS,6800,455469.793828707,442000.683171014,58.9,DT
367696:8786,292:292,05/18/23 16:24:41,STABLE BEAMS,6800,455780.856536448,314639.904241572,58.9,DT
367696:8786,293:293,05/18/23 16:25:04,STABLE BEAMS,6800,456314.706304060,385361.729372800,59.0,DT
367696:8786,294:294,05/18/23 16:25:28,STABLE BEAMS,6800,455890.667562150,442297.737276694,58.9,DT
367696:8786,295:295,05/18/23 16:25:51,STABLE BEAMS,6800,456347.644978638,442937.596352510,59.0,DT
367696:8786,296:296,05/18/23 16:26:14,STABLE BEAMS,6800,455791.579341896,442526.934393813,58.9,DT
367696:8786,297:297,05/18/23 16:26:38,STABLE BEAMS,6800,455415.589077109,442082.742054316,58.9,DT
367696:8786,298:298,05/18/23 16:27:01,STABLE BEAMS,6800,455269.310957051,440946.101603438,58.8,DT
367696:8786,299:299,05/18/23 16:27:24,STABLE BEAMS,6800,455506.850199571,442116.098275241,58.9,DT
367696:8786,300:300,05/18/23 16:27:47,STABLE BEAMS,6800,454933.408869044,440536.854713672,58.8,DT
367696:8786,301:301,05/18/23 16:28:11,STABLE BEAMS,6800,454955.036909520,440526.848872171,58.8,DT
367696:8786,302:302,05/18/23 16:28:34,STABLE BEAMS,6800,454142.609930498,440737.202620684,58.7,DT
367696:8786,303:303,05/18/23 16:28:57,STABLE BEAMS,6800,453971.537313642,440780.064478170,58.7,DT
367696:8786,304:304,05/18/23 16:29:21,STABLE BEAMS,6800,453810.010397071,436835.193272445,58.7,DT
367696:8786,305:305,05/18/23 16:29:44,STABLE BEAMS,6800,453627.580814791,440571.240165938,58.6,DT
367696:8786,306:306,05/18/23 16:30:07,STABLE BEAMS,6800,452415.139332421,438762.463985738,58.5,DT
367696:8786,307:307,05/18/23 16:30:31,STABLE BEAMS,6800,452157.556001511,439078.509703022,58.4,DT
367696:8786,308:308,05/18/23 16:30:54,STABLE BEAMS,6800,452470.474857859,439477.530838661,58.5,DT
367696:8786,309:309,05/18/23 16:31:17,STABLE BEAMS,6800,451948.432338211,438987.030951622,58.4,DT
367696:8786,311:311,05/18/23 16:32:04,STABLE BEAMS,6800,450939.685067287,429374.570886690,58.3,DT
367696:8786,312:312,05/18/23 16:32:27,STABLE BEAMS,6800,451544.300138577,433590.760366739,58.4,DT
367696:8786,313:313,05/18/23 16:32:50,STABLE BEAMS,6800,451241.970885124,434639.873449494,58.3,DT
367696:8786,314:314,05/18/23 16:33:14,STABLE BEAMS,6800,451439.964896051,428631.501223892,58.4,DT
367696:8786,315:315,05/18/23 16:33:37,STABLE BEAMS,6800,450350.499774237,430452.431712205,58.2,DT
367696:8786,316:316,05/18/23 16:34:00,STABLE BEAMS,6800,449875.784700507,430832.502245314,58.1,DT
367696:8786,317:317,05/18/23 16:34:24,STABLE BEAMS,6800,450094.772591934,430616.199220974,58.2,DT
367696:8786,318:318,05/18/23 16:34:47,STABLE BEAMS,6800,450288.376710055,430192.542255625,58.2,DT
367696:8786,319:319,05/18/23 16:35:10,STABLE BEAMS,6800,450080.294053658,437360.613300264,58.2,DT
367696:8786,320:320,05/18/23 16:35:34,STABLE BEAMS,6800,450232.001625569,335767.429875349,58.2,DT
367696:8786,321:321,05/18/23 16:35:57,STABLE BEAMS,6800,449573.545213991,436136.918713722,58.1,DT
367696:8786,322:322,05/18/23 16:36:20,STABLE BEAMS,6800,449885.466499052,437171.200423791,58.2,DT
367696:8786,323:323,05/18/23 16:36:44,STABLE BEAMS,6800,449348.719575931,433668.443652088,58.1,DT
367696:8786,324:324,05/18/23 16:37:07,STABLE BEAMS,6800,448908.346147138,435148.370890115,58.0,DT
367696:8786,325:325,05/18/23 16:37:30,STABLE BEAMS,6800,449131.361967914,436376.442782179,58.1,DT
367696:8786,326:326,05/18/23 16:37:54,STABLE BEAMS,6800,449027.840419239,436348.815197804,58.0,DT
367696:8786,327:327,05/18/23 16:38:17,STABLE BEAMS,6800,449219.906916595,436607.278049388,58.1,DT
367696:8786,328:328,05/18/23 16:38:40,STABLE BEAMS,6800,448509.779497617,434797.689147379,58.0,DT
367696:8786,330:330,05/18/23 16:39:27,STABLE BEAMS,6800,450851.953812456,429794.548795840,58.3,DT
367696:8786,331:331,05/18/23 16:39:50,STABLE BEAMS,6800,467964.953342783,452128.211894932,60.5,DT
367696:8786,332:332,05/18/23 16:40:13,STABLE BEAMS,6800,472007.678309481,449379.007349992,61.0,DT
367696:8786,333:333,05/18/23 16:40:37,STABLE BEAMS,6800,471302.663262368,454131.968949528,60.9,DT
367696:8786,334:334,05/18/23 16:41:00,STABLE BEAMS,6800,470868.624194071,449530.024393004,60.9,DT
367696:8786,335:335,05/18/23 16:41:23,STABLE BEAMS,6800,470333.959284754,454442.061723270,60.8,DT
367696:8786,336:336,05/18/23 16:41:47,STABLE BEAMS,6800,470508.696419648,454157.539572909,60.8,DT
367696:8786,337:337,05/18/23 16:42:10,STABLE BEAMS,6800,468856.378122347,453583.970160423,60.6,DT
367696:8786,338:338,05/18/23 16:42:33,STABLE BEAMS,6800,467441.237104110,452324.726689630,60.4,DT
367696:8786,339:339,05/18/23 16:42:57,STABLE BEAMS,6800,464784.289232171,450090.035114956,60.1,DT
367696:8786,340:340,05/18/23 16:43:20,STABLE BEAMS,6800,464121.896106035,449142.168834504,60.0,DT
367696:8786,341:341,05/18/23 16:43:43,STABLE BEAMS,6800,464961.923522574,443550.462885916,60.1,DT
367696:8786,342:342,05/18/23 16:44:07,STABLE BEAMS,6800,464937.173909244,449692.427162860,60.1,DT
367696:8786,343:343,05/18/23 16:44:30,STABLE BEAMS,6800,465093.814319147,450470.302750398,60.1,DT
367696:8786,344:344,05/18/23 16:44:53,STABLE BEAMS,6800,464227.092821589,449583.146805489,60.0,DT
367696:8786,345:345,05/18/23 16:45:16,STABLE BEAMS,6800,465290.903421431,450609.428651935,60.1,DT
367696:8786,346:346,05/18/23 16:45:40,STABLE BEAMS,6800,464942.558477629,449092.364771924,60.1,DT
367696:8786,347:347,05/18/23 16:46:03,STABLE BEAMS,6800,465155.212008561,450377.056675906,60.1,DT
367696:8786,348:348,05/18/23 16:46:26,STABLE BEAMS,6800,465074.720022868,450539.742076859,60.1,DT
367696:8786,349:349,05/18/23 16:46:50,STABLE BEAMS,6800,464083.302114406,449715.559210509,60.0,DT
367696:8786,351:351,05/18/23 16:47:36,STABLE BEAMS,6800,461918.896740377,447778.892161691,59.7,DT
367696:8786,352:352,05/18/23 16:48:00,STABLE BEAMS,6800,460446.972342874,446480.999685755,59.5,DT
367696:8786,353:353,05/18/23 16:48:23,STABLE BEAMS,6800,459368.412456090,439397.123354671,59.4,DT
367696:8786,354:354,05/18/23 16:48:46,STABLE BEAMS,6800,458049.371287807,444454.315524571,59.2,DT
367696:8786,355:355,05/18/23 16:49:10,STABLE BEAMS,6800,457860.200498105,444377.852795356,59.2,DT
367696:8786,356:356,05/18/23 16:49:33,STABLE BEAMS,6800,456886.429032095,443430.793825098,59.1,DT
367696:8786,357:357,05/18/23 16:49:56,STABLE BEAMS,6800,455856.687880670,442430.089493143,58.9,DT
367696:8786,358:358,05/18/23 16:50:19,STABLE BEAMS,6800,456871.135352113,443347.836551207,59.1,DT
367696:8786,359:359,05/18/23 16:50:43,STABLE BEAMS,6800,457064.740918089,443602.273310369,59.1,DT
367696:8786,360:360,05/18/23 16:51:06,STABLE BEAMS,6800,456850.594649861,443461.233320264,59.1,DT
367696:8786,361:361,05/18/23 16:51:29,STABLE BEAMS,6800,456456.008150513,441504.305888704,59.0,DT
367696:8786,362:362,05/18/23 16:51:53,STABLE BEAMS,6800,456433.747397913,442789.201986807,59.0,DT
367696:8786,363:363,05/18/23 16:52:16,STABLE BEAMS,6800,456073.050813108,442525.445397041,59.0,DT
367696:8786,364:364,05/18/23 16:52:39,STABLE BEAMS,6800,455384.596318075,442051.487764936,58.9,DT
367696:8786,365:365,05/18/23 16:53:03,STABLE BEAMS,6800,455340.798739790,441869.864273370,58.9,DT
367696:8786,366:366,05/18/23 16:53:26,STABLE BEAMS,6800,455984.369766166,442585.538091365,58.9,DT
367696:8786,367:367,05/18/23 16:53:49,STABLE BEAMS,6800,455684.574256912,441593.859624816,58.9,DT
367696:8786,368:368,05/18/23 16:54:13,STABLE BEAMS,6800,455801.397238701,442425.331246032,58.9,DT
367696:8786,369:369,05/18/23 16:54:36,STABLE BEAMS,6800,455629.871443596,442100.656747591,58.9,DT
367696:8786,370:370,05/18/23 16:54:59,STABLE BEAMS,6800,455654.033228272,442290.268953224,58.9,DT
367696:8786,371:371,05/18/23 16:55:23,STABLE BEAMS,6800,454513.893222491,441502.766620727,58.7,DT
367696:8786,372:372,05/18/23 16:55:46,STABLE BEAMS,6800,453865.888867694,440798.134267178,58.7,DT
367696:8786,373:373,05/18/23 16:56:09,STABLE BEAMS,6800,453691.557131872,440579.509765436,58.6,DT
367696:8786,374:374,05/18/23 16:56:33,STABLE BEAMS,6800,454209.662936963,441269.470143905,58.7,DT
367696:8786,375:375,05/18/23 16:56:56,STABLE BEAMS,6800,453413.479430032,440431.964548559,58.6,DT
367696:8786,377:377,05/18/23 16:57:42,STABLE BEAMS,6800,453260.549869490,439625.293961334,58.6,DT
367696:8786,378:378,05/18/23 16:58:06,STABLE BEAMS,6800,453088.526012669,440187.390795583,58.6,DT
367696:8786,379:379,05/18/23 16:58:29,STABLE BEAMS,6800,452373.648185283,437789.809511447,58.5,DT
367696:8786,380:380,05/18/23 16:58:52,STABLE BEAMS,6800,451963.815785129,435561.561828883,58.4,DT
367696:8786,381:381,05/18/23 16:59:16,STABLE BEAMS,6800,452326.051438554,439360.204104963,58.5,DT
367696:8786,382:382,05/18/23 16:59:39,STABLE BEAMS,6800,452623.268320141,439679.306872964,58.5,DT
367696:8786,383:383,05/18/23 17:00:02,STABLE BEAMS,6800,452139.593926925,439176.202690717,58.4,DT
367696:8786,384:384,05/18/23 17:00:26,STABLE BEAMS,6800,452291.935658813,438990.532372657,58.5,DT
367696:8786,385:385,05/18/23 17:00:49,STABLE BEAMS,6800,451704.649949986,439004.759744149,58.4,DT
367696:8786,386:386,05/18/23 17:01:12,STABLE BEAMS,6800,450980.542054448,438052.561245662,58.3,DT
367696:8786,390:390,05/18/23 17:02:45,STABLE BEAMS,6800,450402.803493760,425454.919918590,58.2,DT
367696:8786,392:392,05/18/23 17:03:32,STABLE BEAMS,6800,449745.341757761,429650.547590584,58.1,DT
367696:8786,394:394,05/18/23 17:04:19,STABLE BEAMS,6800,449179.411892891,224127.359738452,58.1,DT
367696:8786,396:396,05/18/23 17:05:05,STABLE BEAMS,6800,448357.890943977,435903.810630361,58.0,DT
367696:8786,397:397,05/18/23 17:05:29,STABLE BEAMS,6800,447895.572394719,435591.936022612,57.9,DT
367696:8786,398:398,05/18/23 17:05:52,STABLE BEAMS,6800,448423.496096614,429739.330199422,58.0,DT
367696:8786,399:399,05/18/23 17:06:15,STABLE BEAMS,6800,448544.934836406,429802.681107239,58.0,DT
367696:8786,400:400,05/18/23 17:06:39,STABLE BEAMS,6800,447722.779727516,435155.505259559,57.9,DT
367696:8786,401:401,05/18/23 17:07:02,STABLE BEAMS,6800,447942.944724105,428268.877140484,57.9,DT
367696:8786,402:402,05/18/23 17:07:25,STABLE BEAMS,6800,447371.902487369,435103.112846226,57.8,DT
367696:8786,403:403,05/18/23 17:07:48,STABLE BEAMS,6800,447599.712152168,428503.526972454,57.9,DT
367696:8786,404:404,05/18/23 17:08:12,STABLE BEAMS,6800,446866.329305011,434471.336959141,57.8,DT
367696:8786,405:405,05/18/23 17:08:35,STABLE BEAMS,6800,446916.552458583,434648.310622409,57.8,DT
367696:8786,406:406,05/18/23 17:08:58,STABLE BEAMS,6800,446290.128365087,428797.264222706,57.7,DT
367696:8786,407:407,05/18/23 17:09:22,STABLE BEAMS,6800,445549.054518398,433469.341116778,57.6,DT
367696:8786,408:408,05/18/23 17:09:45,STABLE BEAMS,6800,445405.355026006,366651.855228879,57.6,DT
367696:8786,409:409,05/18/23 17:10:08,STABLE BEAMS,6800,448460.281718813,434572.329810947,58.0,DT
367696:8786,410:410,05/18/23 17:10:32,STABLE BEAMS,6800,462577.625348474,441387.337661015,59.8,DT
367696:8786,411:411,05/18/23 17:10:55,STABLE BEAMS,6800,462294.478710384,447448.347348956,59.8,DT
367696:8786,412:412,05/18/23 17:11:18,STABLE BEAMS,6800,461485.898678981,446360.464653319,59.7,DT
367696:8786,413:413,05/18/23 17:11:42,STABLE BEAMS,6800,460321.100274662,446800.697601110,59.5,DT
367696:8786,414:414,05/18/23 17:12:05,STABLE BEAMS,6800,457558.141993318,444204.290186278,59.1,DT
367696:8786,415:415,05/18/23 17:12:28,STABLE BEAMS,6800,455336.048331381,442172.418909797,58.9,DT
367696:8786,416:416,05/18/23 17:12:52,STABLE BEAMS,6800,455361.973602018,441076.994134534,58.9,DT
367696:8786,417:417,05/18/23 17:13:15,STABLE BEAMS,6800,454654.969203746,440407.425928870,58.8,DT
367696:8786,418:418,05/18/23 17:13:38,STABLE BEAMS,6800,453795.531858795,439873.678823580,58.7,DT
367696:8786,419:419,05/18/23 17:14:02,STABLE BEAMS,6800,451721.210502066,437756.991592860,58.4,DT
367696:8786,420:420,05/18/23 17:14:25,STABLE BEAMS,6800,452033.584965375,437683.879071698,58.4,DT
367696:8786,421:421,05/18/23 17:14:48,STABLE BEAMS,6800,453765.397677081,439348.793359422,58.7,DT
367696:8786,422:422,05/18/23 17:15:11,STABLE BEAMS,6800,454538.325755832,440037.337456015,58.8,DT
367696:8786,423:423,05/18/23 17:15:35,STABLE BEAMS,6800,455764.838929553,440971.406524479,58.9,DT
367696:8786,424:424,05/18/23 17:15:58,STABLE BEAMS,6800,456432.209777148,441649.867508828,59.0,DT
367696:8786,425:425,05/18/23 17:16:21,STABLE BEAMS,6800,457251.016000135,442251.644437188,59.1,DT
367696:8786,426:426,05/18/23 17:16:45,STABLE BEAMS,6800,457731.567372644,441818.929536097,59.2,DT
367696:8786,428:428,05/18/23 17:17:31,STABLE BEAMS,6800,458397.218169892,437021.683416617,59.3,DT
367696:8786,429:429,05/18/23 17:17:55,STABLE BEAMS,6800,457820.022554389,442702.765762429,59.2,DT
367696:8786,430:430,05/18/23 17:18:18,STABLE BEAMS,6800,458573.178741270,442765.139981732,59.3,DT
367696:8786,433:433,05/18/23 17:19:28,STABLE BEAMS,6800,458727.192744329,443156.234025857,59.3,DT
367696:8786,434:434,05/18/23 17:19:51,STABLE BEAMS,6800,459199.239423455,443903.660096565,59.4,DT
367696:8786,437:437,05/18/23 17:21:01,STABLE BEAMS,6800,461046.338944039,445403.967608436,59.6,DT
367696:8786,438:438,05/18/23 17:21:24,STABLE BEAMS,6800,460692.745530112,445208.552859459,59.5,DT
367696:8786,439:439,05/18/23 17:21:48,STABLE BEAMS,6800,460313.633692473,444962.529739206,59.5,DT
367696:8786,440:440,05/18/23 17:22:11,STABLE BEAMS,6800,459742.772437466,444324.870405332,59.4,DT
367696:8786,441:441,05/18/23 17:22:34,STABLE BEAMS,6800,459824.712276986,444136.806537404,59.4,DT
367696:8786,442:442,05/18/23 17:22:58,STABLE BEAMS,6800,460298.929289000,444959.705076751,59.5,DT
367696:8786,443:443,05/18/23 17:23:21,STABLE BEAMS,6800,460092.655002033,444728.762431816,59.5,DT
367696:8786,444:444,05/18/23 17:23:44,STABLE BEAMS,6800,459379.180145006,444089.983401093,59.4,DT
367696:8786,445:445,05/18/23 17:24:08,STABLE BEAMS,6800,459120.150408122,443935.241819606,59.3,DT
367696:8786,446:446,05/18/23 17:24:31,STABLE BEAMS,6800,459332.350760805,444039.955622990,59.4,DT
367696:8786,447:447,05/18/23 17:24:54,STABLE BEAMS,6800,458928.580524628,443682.174406191,59.3,DT
367696:8786,448:448,05/18/23 17:25:18,STABLE BEAMS,6800,458744.794303311,443943.239697986,59.3,DT
367696:8786,449:449,05/18/23 17:25:41,STABLE BEAMS,6800,458446.309101771,443441.080423127,59.3,DT
367696:8786,450:450,05/18/23 17:26:04,STABLE BEAMS,6800,458431.651029620,443608.443711373,59.3,DT
367696:8786,451:451,05/18/23 17:26:27,STABLE BEAMS,6800,457864.226979600,443012.242655741,59.2,DT
367696:8786,452:452,05/18/23 17:26:51,STABLE BEAMS,6800,457229.387959658,442351.611649729,59.1,DT
367696:8786,453:453,05/18/23 17:27:14,STABLE BEAMS,6800,457014.110917591,442552.580374330,59.1,DT
367696:8786,454:454,05/18/23 17:27:37,STABLE BEAMS,6800,456636.312283374,442160.110973511,59.0,DT
367696:8786,455:455,05/18/23 17:28:01,STABLE BEAMS,6800,455300.122734356,440672.052670906,58.9,DT
367696:8786,456:456,05/18/23 17:28:24,STABLE BEAMS,6800,456273.940531690,441686.472629927,59.0,DT
367696:8786,458:458,05/18/23 17:29:11,STABLE BEAMS,6800,456530.165775709,441890.833636462,59.0,DT
367696:8786,460:460,05/18/23 17:29:57,STABLE BEAMS,6800,455630.369505313,441223.676893996,58.9,DT
367696:8786,461:461,05/18/23 17:30:21,STABLE BEAMS,6800,455645.708068763,441355.570445082,58.9,DT
367696:8786,462:462,05/18/23 17:30:44,STABLE BEAMS,6800,454877.576729743,440702.491362912,58.8,DT
367696:8786,463:463,05/18/23 17:31:07,STABLE BEAMS,6800,453927.512422306,438881.471494642,58.7,DT
367696:8786,464:464,05/18/23 17:31:30,STABLE BEAMS,6800,453272.947841816,433604.792029902,58.6,DT
367696:8786,465:465,05/18/23 17:31:54,STABLE BEAMS,6800,451898.617479418,433183.634223620,58.4,DT
367696:8786,466:466,05/18/23 17:32:17,STABLE BEAMS,6800,450839.738269712,432210.608740610,58.3,DT
367696:8786,467:467,05/18/23 17:32:40,STABLE BEAMS,6800,449868.454216577,431287.186599663,58.1,DT
367696:8786,468:468,05/18/23 17:33:04,STABLE BEAMS,6800,449328.632051927,435005.207560512,58.1,DT
367696:8786,469:469,05/18/23 17:33:27,STABLE BEAMS,6800,449040.554023699,428697.126914734,58.0,DT
367696:8786,470:470,05/18/23 17:33:50,STABLE BEAMS,6800,447975.928282152,429736.682795470,57.9,DT
367696:8786,472:472,05/18/23 17:34:37,STABLE BEAMS,6800,448086.599333027,428416.496528834,57.9,DT
367696:8786,473:473,05/18/23 17:35:00,STABLE BEAMS,6800,448289.388635831,426653.511710880,57.9,DT
367696:8786,474:474,05/18/23 17:35:24,STABLE BEAMS,6800,448319.160854088,434864.833172882,57.9,DT
367696:8786,476:476,05/18/23 17:36:10,STABLE BEAMS,6800,447724.861741320,433625.062667892,57.9,DT
367696:8786,478:478,05/18/23 17:36:57,STABLE BEAMS,6800,447827.569596143,426646.231554202,57.9,DT
367696:8786,480:480,05/18/23 17:37:43,STABLE BEAMS,6800,447196.801941165,432210.019525383,57.8,DT
367696:8786,482:482,05/18/23 17:38:30,STABLE BEAMS,6800,447227.975681927,426218.987587873,57.8,DT
367696:8786,483:483,05/18/23 17:38:53,STABLE BEAMS,6800,446622.457149848,431803.238585204,57.7,DT
367696:8786,484:484,05/18/23 17:39:17,STABLE BEAMS,6800,446903.204694146,426092.436112694,57.8,DT
367696:8786,485:485,05/18/23 17:39:40,STABLE BEAMS,6800,446493.055214005,431987.907929038,57.7,DT
367696:8786,486:486,05/18/23 17:40:03,STABLE BEAMS,6800,446588.070621442,431995.543445324,57.7,DT
367696:8786,487:487,05/18/23 17:40:27,STABLE BEAMS,6800,446267.551980353,425631.408051729,57.7,DT
367696:8786,488:488,05/18/23 17:40:50,STABLE BEAMS,6800,445546.158810742,337500.235988680,57.6,DT
367696:8786,489:489,05/18/23 17:41:13,STABLE BEAMS,6800,445870.250755078,274420.703126716,57.6,DT
367696:8786,490:490,05/18/23 17:41:37,STABLE BEAMS,6800,445150.487868877,430988.977007132,57.5,DT
367696:8786,491:491,05/18/23 17:42:00,STABLE BEAMS,6800,445338.662535145,431358.851452222,57.6,DT
367696:8786,492:492,05/18/23 17:42:23,STABLE BEAMS,6800,444325.164855812,430386.749394624,57.4,DT
367696:8786,493:493,05/18/23 17:42:46,STABLE BEAMS,6800,443763.397570696,428268.479288637,57.4,DT
367696:8786,494:494,05/18/23 17:43:10,STABLE BEAMS,6800,443802.218875376,429676.749067386,57.4,DT
367696:8786,495:495,05/18/23 17:43:33,STABLE BEAMS,6800,443480.206049137,429136.836348853,57.3,DT
367696:8786,496:496,05/18/23 17:43:56,STABLE BEAMS,6800,443117.111818393,424003.379671703,57.3,DT
367696:8786,497:497,05/18/23 17:44:20,STABLE BEAMS,6800,442691.985738258,428459.814242269,57.2,DT
367696:8786,498:498,05/18/23 17:44:43,STABLE BEAMS,6800,442529.600244368,428400.635889841,57.2,DT
367696:8786,499:499,05/18/23 17:45:06,STABLE BEAMS,6800,442597.830355995,428472.389158587,57.2,DT
367696:8786,500:500,05/18/23 17:45:30,STABLE BEAMS,6800,443110.053530983,428940.588953944,57.3,DT
367696:8786,501:501,05/18/23 17:45:53,STABLE BEAMS,6800,442983.276554129,429107.235751480,57.3,DT
367696:8786,502:502,05/18/23 17:46:16,STABLE BEAMS,6800,441887.883918745,428200.053204055,57.1,DT
367696:8786,503:503,05/18/23 17:46:40,STABLE BEAMS,6800,440562.239089154,426990.649925460,56.9,DT
367696:8786,504:504,05/18/23 17:47:03,STABLE BEAMS,6800,440178.964671761,426341.626654347,56.9,DT
367696:8786,505:505,05/18/23 17:47:26,STABLE BEAMS,6800,441604.783611977,427658.994544565,57.1,DT
367696:8786,506:506,05/18/23 17:47:50,STABLE BEAMS,6800,441971.362826884,427413.273852357,57.1,DT
367696:8786,508:508,05/18/23 17:48:36,STABLE BEAMS,6800,441094.866868136,427250.001513764,57.0,DT
367696:8786,509:509,05/18/23 17:48:59,STABLE BEAMS,6800,441444.116720580,427712.783457878,57.1,DT
367696:8786,510:510,05/18/23 17:49:23,STABLE BEAMS,6800,441161.695457257,427192.176786841,57.0,DT
367696:8786,511:511,05/18/23 17:49:46,STABLE BEAMS,6800,440785.615425533,329340.645761180,57.0,DT
367696:8786,512:512,05/18/23 17:50:09,STABLE BEAMS,6800,440319.903106903,426730.332041374,56.9,DT
367696:8786,514:514,05/18/23 17:50:56,STABLE BEAMS,6800,439668.053252340,424012.631170274,56.8,DT
367696:8786,516:516,05/18/23 17:51:43,STABLE BEAMS,6800,439135.649890702,425676.109857255,56.8,DT
367696:8786,517:517,05/18/23 17:52:06,STABLE BEAMS,6800,438637.679388793,425131.749381175,56.7,DT
367696:8786,518:518,05/18/23 17:52:29,STABLE BEAMS,6800,438277.751614370,424929.515017300,56.7,DT
367696:8786,521:521,05/18/23 17:53:39,STABLE BEAMS,6800,436784.652354638,421829.453398089,56.5,DT
367696:8786,522:522,05/18/23 17:54:03,STABLE BEAMS,6800,436924.913194189,423783.937178097,56.5,DT
367696:8786,524:524,05/18/23 17:54:49,STABLE BEAMS,6800,436719.724797592,325290.339823305,56.4,DT
367696:8786,525:525,05/18/23 17:55:12,STABLE BEAMS,6800,436746.782289923,423561.683962576,56.5,DT
367696:8786,526:526,05/18/23 17:55:36,STABLE BEAMS,6800,436896.045884574,267304.608763225,56.5,DT
367696:8786,528:528,05/18/23 17:56:22,STABLE BEAMS,6800,436523.042542233,423258.939977717,56.4,DT
367696:8786,529:529,05/18/23 17:56:46,STABLE BEAMS,6800,436397.215357490,423409.435447832,56.4,DT
367696:8786,531:531,05/18/23 17:57:32,STABLE BEAMS,6800,435950.959298596,421973.276478268,56.3,DT
367696:8786,532:532,05/18/23 17:57:56,STABLE BEAMS,6800,435488.370000672,202008.895374449,56.3,DT
367696:8786,533:533,05/18/23 17:58:19,STABLE BEAMS,6800,434831.451209858,422140.390380018,56.2,DT
367696:8786,534:534,05/18/23 17:58:42,STABLE BEAMS,6800,434335.652488690,421513.118565376,56.1,DT
367696:8786,535:535,05/18/23 17:59:06,STABLE BEAMS,6800,433588.515030170,420959.796690072,56.0,DT
367696:8786,536:536,05/18/23 17:59:29,STABLE BEAMS,6800,432294.178591748,419012.742551889,55.9,DT
367696:8786,537:537,05/18/23 17:59:52,STABLE BEAMS,6800,432851.738413641,419074.379709324,55.9,DT
367696:8786,538:538,05/18/23 18:00:15,STABLE BEAMS,6800,432782.241429915,420121.809213920,55.9,DT
367696:8786,539:539,05/18/23 18:00:39,STABLE BEAMS,6800,432777.942751901,419715.579995998,55.9,DT
367696:8786,540:540,05/18/23 18:01:02,STABLE BEAMS,6800,432662.431525680,420040.983796310,55.9,DT
367696:8786,541:541,05/18/23 18:01:25,STABLE BEAMS,6800,432560.402714302,419989.560682511,55.9,DT
367696:8786,542:542,05/18/23 18:01:49,STABLE BEAMS,6800,432277.347291002,414177.291733029,55.9,DT
367696:8786,543:543,05/18/23 18:02:12,STABLE BEAMS,6800,432338.970845613,411599.929428427,55.9,DT
367696:8786,544:544,05/18/23 18:02:35,STABLE BEAMS,6800,431904.931777316,404758.970546775,55.8,DT
367696:8786,545:545,05/18/23 18:02:59,STABLE BEAMS,6800,431961.308309656,413392.666295895,55.8,DT
367696:8786,546:546,05/18/23 18:03:22,STABLE BEAMS,6800,431770.326254816,419255.202299981,55.8,DT
367696:8786,547:547,05/18/23 18:03:45,STABLE BEAMS,6800,432494.842445133,414005.856690091,55.9,DT
367696:8786,548:548,05/18/23 18:04:09,STABLE BEAMS,6800,431722.005581173,419204.288024627,55.8,DT
367696:8786,549:549,05/18/23 18:04:32,STABLE BEAMS,6800,431978.863537316,411391.040283768,55.8,DT
367696:8786,550:550,05/18/23 18:04:55,STABLE BEAMS,6800,431644.273204876,419079.623190842,55.8,DT
367696:8786,551:551,05/18/23 18:05:19,STABLE BEAMS,6800,431773.945889385,419411.865508765,55.8,DT
367696:8786,552:552,05/18/23 18:05:42,STABLE BEAMS,6800,431358.185975662,418970.154651347,55.8,DT
367696:8786,553:553,05/18/23 18:06:05,STABLE BEAMS,6800,431157.839202265,413878.334155165,55.7,DT
367696:8786,554:554,05/18/23 18:06:28,STABLE BEAMS,6800,431005.452586908,412257.692143934,55.7,DT
367696:8786,555:555,05/18/23 18:06:52,STABLE BEAMS,6800,430693.938148773,409353.797752627,55.7,DT
367696:8786,556:556,05/18/23 18:07:15,STABLE BEAMS,6800,430666.520140840,418324.921473426,55.7,DT
367696:8786,557:557,05/18/23 18:07:38,STABLE BEAMS,6800,430450.562607473,418256.479406198,55.6,DT
367696:8786,558:558,05/18/23 18:08:02,STABLE BEAMS,6800,429299.925661442,411166.579323784,55.5,DT
367696:8786,559:559,05/18/23 18:08:25,STABLE BEAMS,6800,429131.205807056,325836.054160378,55.5,DT
367696:8786,560:560,05/18/23 18:08:48,STABLE BEAMS,6800,429481.496666402,417226.231336093,55.5,DT
367696:8786,561:561,05/18/23 18:09:12,STABLE BEAMS,6800,429893.862810754,412944.899875553,55.6,DT
367696:8786,562:562,05/18/23 18:09:35,STABLE BEAMS,6800,429382.680642668,417308.566846146,55.5,DT
367696:8786,563:563,05/18/23 18:09:58,STABLE BEAMS,6800,428805.845542768,416265.660436366,55.4,DT
367696:8786,564:564,05/18/23 18:10:22,STABLE BEAMS,6800,428762.501142730,416210.561930197,55.4,DT
367696:8786,565:565,05/18/23 18:10:45,STABLE BEAMS,6800,428822.723174836,416691.016110395,55.4,DT
367696:8786,566:566,05/18/23 18:11:08,STABLE BEAMS,6800,428548.444641440,180591.698354830,55.4,DT
367696:8786,567:567,05/18/23 18:11:32,STABLE BEAMS,6800,428387.732866574,416484.370327326,55.4,DT
367696:8786,568:568,05/18/23 18:11:55,STABLE BEAMS,6800,428275.796391453,416390.427307080,55.4,DT
367696:8786,569:569,05/18/23 18:12:18,STABLE BEAMS,6800,428050.836102987,408491.356378473,55.3,DT
367696:8786,570:570,05/18/23 18:12:41,STABLE BEAMS,6800,427300.892703749,414828.653712885,55.2,DT
367696:8786,571:571,05/18/23 18:13:05,STABLE BEAMS,6800,426985.758631045,231115.429140957,55.2,DT
367696:8786,572:572,05/18/23 18:13:28,STABLE BEAMS,6800,425865.526615394,180951.148485042,55.0,DT
367696:8786,573:573,05/18/23 18:13:51,STABLE BEAMS,6800,426169.848115714,147488.913880947,55.1,DT
367696:8786,574:574,05/18/23 18:14:15,STABLE BEAMS,6800,425675.314818791,410337.366593496,55.0,DT
367696:8786,575:575,05/18/23 18:14:38,STABLE BEAMS,6800,424470.247255964,404046.979863784,54.9,DT
367696:8786,576:576,05/18/23 18:15:01,STABLE BEAMS,6800,423372.774054630,411477.202202107,54.7,DT
367696:8786,577:577,05/18/23 18:15:25,STABLE BEAMS,6800,424602.455132526,412733.903021850,54.9,DT
367696:8786,578:578,05/18/23 18:15:48,STABLE BEAMS,6800,424783.843707904,354921.485946443,54.9,DT
367696:8786,579:579,05/18/23 18:16:11,STABLE BEAMS,6800,424969.079230901,372091.322418838,54.9,DT
367696:8786,580:580,05/18/23 18:16:35,STABLE BEAMS,6800,424052.768739747,410706.674599166,54.8,DT
367696:8786,581:581,05/18/23 18:16:58,STABLE BEAMS,6800,424424.505209988,412189.347857307,54.9,DT
367696:8786,582:582,05/18/23 18:17:21,STABLE BEAMS,6800,424002.952433100,409015.230519639,54.8,DT
367696:8786,583:583,05/18/23 18:17:45,STABLE BEAMS,6800,423823.056595019,408670.014305685,54.8,DT
367696:8786,584:584,05/18/23 18:18:08,STABLE BEAMS,6800,423823.826853255,310134.555544725,54.8,DT
367696:8786,585:585,05/18/23 18:18:31,STABLE BEAMS,6800,423839.662030568,406096.120432295,54.8,DT
367696:8786,586:586,05/18/23 18:18:54,STABLE BEAMS,6800,423683.746995433,407991.284313234,54.8,DT
367696:8786,587:587,05/18/23 18:19:18,STABLE BEAMS,6800,423227.130094548,402451.215424967,54.7,DT
367696:8786,588:588,05/18/23 18:19:41,STABLE BEAMS,6800,422974.886448554,408108.484062725,54.7,DT
367696:8786,589:589,05/18/23 18:20:04,STABLE BEAMS,6800,422874.215724066,341469.400084019,54.7,DT
367696:8786,590:590,05/18/23 18:20:28,STABLE BEAMS,6800,422378.053591587,388471.970391313,54.6,DT
367696:8786,592:592,05/18/23 18:21:14,STABLE BEAMS,6800,421780.045077312,407404.917504257,54.5,DT
367696:8786,593:593,05/18/23 18:21:38,STABLE BEAMS,6800,421529.294168614,407050.868290191,54.5,DT
367696:8786,594:594,05/18/23 18:22:01,STABLE BEAMS,6800,421782.578821510,407330.768966060,54.5,DT
367696:8786,595:595,05/18/23 18:22:24,STABLE BEAMS,6800,421919.356124752,407764.679327207,54.5,DT
367696:8786,596:596,05/18/23 18:22:48,STABLE BEAMS,6800,420896.356180748,406882.371333174,54.4,DT
367696:8786,597:597,05/18/23 18:23:11,STABLE BEAMS,6800,419571.026983292,405724.290665269,54.2,DT
367696:8786,598:598,05/18/23 18:23:34,STABLE BEAMS,6800,419778.659357149,405852.243119654,54.3,DT
367696:8786,599:599,05/18/23 18:23:57,STABLE BEAMS,6800,418548.616315796,404787.440680024,54.1,DT
367696:8786,600:600,05/18/23 18:24:21,STABLE BEAMS,6800,418477.852459971,404713.726373378,54.1,DT
367696:8786,601:601,05/18/23 18:24:44,STABLE BEAMS,6800,417825.187463704,404533.828683953,54.0,DT
367696:8786,602:602,05/18/23 18:25:07,STABLE BEAMS,6800,416605.913559121,403264.352016977,53.8,DT
367696:8786,603:603,05/18/23 18:25:31,STABLE BEAMS,6800,416118.484880930,402809.877733605,53.8,DT
367696:8786,604:604,05/18/23 18:25:54,STABLE BEAMS,6800,415187.604636709,398811.340889912,53.7,DT
367696:8786,605:605,05/18/23 18:26:17,STABLE BEAMS,6800,415150.548265845,390079.746146654,53.7,DT
367696:8786,606:606,05/18/23 18:26:41,STABLE BEAMS,6800,414466.890510543,390891.239844278,53.6,DT
367696:8786,607:607,05/18/23 18:27:04,STABLE BEAMS,6800,413278.564481525,390716.438346706,53.4,DT
367696:8786,608:608,05/18/23 18:27:27,STABLE BEAMS,6800,412513.554715357,389719.967847118,53.3,DT
367696:8786,609:609,05/18/23 18:27:51,STABLE BEAMS,6800,413113.373046917,390403.961536366,53.4,DT
367696:8786,610:610,05/18/23 18:28:14,STABLE BEAMS,6800,413153.097812385,390168.705188255,53.4,DT
367696:8786,611:611,05/18/23 18:28:37,STABLE BEAMS,6800,413452.849886025,390710.887041271,53.4,DT
367696:8786,612:612,05/18/23 18:29:00,STABLE BEAMS,6800,413524.201570504,390477.501058244,53.5,DT
367696:8786,613:613,05/18/23 18:29:24,STABLE BEAMS,6800,413199.927196586,390736.840480290,53.4,DT
367696:8786,614:614,05/18/23 18:29:47,STABLE BEAMS,6800,412601.375737125,390927.944233364,53.3,DT
367696:8786,615:615,05/18/23 18:30:10,STABLE BEAMS,6800,412298.412323696,390603.615002224,53.3,DT
367696:8786,616:616,05/18/23 18:30:34,STABLE BEAMS,6800,411933.101428742,388928.123515450,53.2,DT
367696:8786,617:617,05/18/23 18:30:57,STABLE BEAMS,6800,412000.697380392,389512.554614633,53.3,DT
367696:8786,618:618,05/18/23 18:31:20,STABLE BEAMS,6800,411687.779971898,389320.795648346,53.2,DT
367696:8786,620:620,05/18/23 18:32:07,STABLE BEAMS,6800,411152.887749530,389953.840416713,53.1,DT
367696:8786,621:621,05/18/23 18:32:30,STABLE BEAMS,6800,409991.619212843,388960.805428324,53.0,DT
367696:8786,622:622,05/18/23 18:32:54,STABLE BEAMS,6800,410599.400740455,138067.184246601,53.1,DT
367696:8786,623:623,05/18/23 18:33:17,STABLE BEAMS,6800,410196.988591168,397743.157305141,53.0,DT
367696:8786,624:624,05/18/23 18:33:40,STABLE BEAMS,6800,409582.917586529,391411.452546543,52.9,DT
367696:8786,625:625,05/18/23 18:34:04,STABLE BEAMS,6800,409094.583999696,390779.936651403,52.9,DT
367696:8786,626:626,05/18/23 18:34:27,STABLE BEAMS,6800,408613.443350679,391190.041049631,52.8,DT
367696:8786,627:627,05/18/23 18:34:50,STABLE BEAMS,6800,407837.710779064,395641.787912828,52.7,DT
367696:8786,628:628,05/18/23 18:35:13,STABLE BEAMS,6800,407172.558043533,387707.816457374,52.6,DT
367696:8786,631:631,05/18/23 18:36:23,STABLE BEAMS,6800,408175.286586096,392690.360331293,52.8,DT
367696:8786,632:632,05/18/23 18:36:47,STABLE BEAMS,6800,407402.992667321,389556.633481707,52.7,DT
367696:8786,633:633,05/18/23 18:37:10,STABLE BEAMS,6800,407798.889474384,395348.433084841,52.7,DT
367696:8786,636:636,05/18/23 18:38:20,STABLE BEAMS,6800,409605.042240869,397140.891920053,52.9,DT
367696:8786,637:637,05/18/23 18:38:43,STABLE BEAMS,6800,408811.256379877,391374.768225050,52.8,DT
367696:8786,638:638,05/18/23 18:39:07,STABLE BEAMS,6800,409100.601280204,396475.994739427,52.9,DT
367696:8786,639:639,05/18/23 18:39:30,STABLE BEAMS,6800,408873.786290985,396670.281265985,52.8,DT
367696:8786,640:640,05/18/23 18:39:53,STABLE BEAMS,6800,408556.706302736,396119.587656965,52.8,DT
367696:8786,641:641,05/18/23 18:40:17,STABLE BEAMS,6800,408578.694858816,390545.813651446,52.8,DT
367696:8786,642:642,05/18/23 18:40:40,STABLE BEAMS,6800,407847.392577609,395589.254516209,52.7,DT
367696:8786,643:643,05/18/23 18:41:03,STABLE BEAMS,6800,407865.807830442,389999.808524592,52.7,DT
367696:8786,644:644,05/18/23 18:41:26,STABLE BEAMS,6800,407086.590274664,394858.819350071,52.6,DT
367696:8786,645:645,05/18/23 18:41:50,STABLE BEAMS,6800,406108.792327159,389313.027496621,52.5,DT
367696:8786,646:646,05/18/23 18:42:13,STABLE BEAMS,6800,406178.785924747,394167.299117976,52.5,DT
367696:8786,647:647,05/18/23 18:42:36,STABLE BEAMS,6800,407432.265376008,395302.865701228,52.7,DT
367696:8786,648:648,05/18/23 18:43:00,STABLE BEAMS,6800,406955.197539808,282683.239218543,52.6,DT
367696:8786,649:649,05/18/23 18:43:23,STABLE BEAMS,6800,406248.917068450,332516.953083373,52.5,DT
367696:8786,651:651,05/18/23 18:44:10,STABLE BEAMS,6800,405971.742827398,393658.712713181,52.5,DT
367696:8786,652:652,05/18/23 18:44:33,STABLE BEAMS,6800,405575.166976890,393800.283837787,52.4,DT
367696:8786,653:653,05/18/23 18:44:56,STABLE BEAMS,6800,404783.552896640,393151.101250875,52.3,DT
367696:8786,654:654,05/18/23 18:45:20,STABLE BEAMS,6800,404440.457870817,392796.805841078,52.3,DT
367696:8786,655:655,05/18/23 18:45:43,STABLE BEAMS,6800,404990.415012261,392810.049687861,52.3,DT
367696:8786,656:656,05/18/23 18:46:06,STABLE BEAMS,6800,404640.487564225,392876.766604047,52.3,DT
367696:8786,657:657,05/18/23 18:46:30,STABLE BEAMS,6800,404914.493901102,392911.931416269,52.3,DT
367696:8786,658:658,05/18/23 18:46:53,STABLE BEAMS,6800,404722.155207226,393002.841148659,52.3,DT
367696:8786,659:659,05/18/23 18:47:16,STABLE BEAMS,6800,404563.434231373,392787.121829870,52.3,DT
367696:8786,660:660,05/18/23 18:47:39,STABLE BEAMS,6800,404445.479027891,392587.339562866,52.3,DT
367696:8786,661:661,05/18/23 18:48:03,STABLE BEAMS,6800,404407.564079707,392691.710736809,52.3,DT
367696:8786,662:662,05/18/23 18:48:26,STABLE BEAMS,6800,404207.850018433,392391.985555938,52.2,DT
367696:8786,663:663,05/18/23 18:48:49,STABLE BEAMS,6800,404568.275854573,392753.530011071,52.3,DT
367696:8786,664:664,05/18/23 18:49:13,STABLE BEAMS,6800,404292.866547337,392474.132022545,52.3,DT
367696:8786,665:665,05/18/23 18:49:36,STABLE BEAMS,6800,404045.871371468,392342.477977151,52.2,DT
367696:8786,667:667,05/18/23 18:50:23,STABLE BEAMS,6800,403333.482404812,391566.014571239,52.1,DT
367696:8786,668:668,05/18/23 18:50:46,STABLE BEAMS,6800,403242.403711931,391728.399639859,52.1,DT
367696:8786,669:669,05/18/23 18:51:09,STABLE BEAMS,6800,403157.613048225,391620.809760531,52.1,DT
367696:8786,671:671,05/18/23 18:51:56,STABLE BEAMS,6800,402114.163616760,390706.144945439,52.0,DT
367696:8786,672:672,05/18/23 18:52:19,STABLE BEAMS,6800,402602.452320124,390983.075238879,52.0,DT
367696:8786,673:673,05/18/23 18:52:43,STABLE BEAMS,6800,402463.458352673,391013.388296397,52.0,DT
367696:8786,674:674,05/18/23 18:53:06,STABLE BEAMS,6800,402479.746708233,391030.160847178,52.0,DT
367696:8786,675:675,05/18/23 18:53:29,STABLE BEAMS,6800,402265.871188671,390762.194260740,52.0,DT
367696:8786,678:678,05/18/23 18:54:39,STABLE BEAMS,6800,401609.857306500,390261.001539658,51.9,DT
367696:8786,680:680,05/18/23 18:55:26,STABLE BEAMS,6800,401033.973446565,389647.252096326,51.8,DT
367696:8786,681:681,05/18/23 18:55:49,STABLE BEAMS,6800,401032.797789257,389730.603179482,51.8,DT
367696:8786,682:682,05/18/23 18:56:12,STABLE BEAMS,6800,400985.787423328,389073.432412021,51.8,DT
367696:8786,683:683,05/18/23 18:56:36,STABLE BEAMS,6800,400649.116524938,389348.851543587,51.8,DT
367696:8786,684:684,05/18/23 18:56:59,STABLE BEAMS,6800,400368.141667589,389258.186616195,51.8,DT
367696:8786,685:685,05/18/23 18:57:22,STABLE BEAMS,6800,399464.001835710,388262.911704608,51.6,DT
367696:8786,686:686,05/18/23 18:57:46,STABLE BEAMS,6800,399519.382244617,388413.985683783,51.6,DT
367696:8786,687:687,05/18/23 18:58:09,STABLE BEAMS,6800,399744.478631343,388582.046828935,51.7,DT
367696:8786,688:688,05/18/23 18:58:32,STABLE BEAMS,6800,399266.235137834,388100.104906701,51.6,DT
367696:8786,689:689,05/18/23 18:58:55,STABLE BEAMS,6800,397811.367906275,386806.468296859,51.4,DT
367696:8786,690:690,05/18/23 18:59:19,STABLE BEAMS,6800,398159.531868348,387203.105241630,51.5,DT
367696:8786,691:691,05/18/23 18:59:42,STABLE BEAMS,6800,398271.694208667,387465.761072181,51.5,DT
367696:8786,692:692,05/18/23 19:00:05,STABLE BEAMS,6800,397612.513870175,386842.639491103,51.4,DT
367696:8786,693:693,05/18/23 19:00:29,STABLE BEAMS,6800,397113.140397906,378943.779415214,51.3,DT
367696:8786,694:694,05/18/23 19:00:52,STABLE BEAMS,6800,397495.961637051,386854.698092791,51.4,DT
367696:8786,697:697,05/18/23 19:02:02,STABLE BEAMS,6800,396674.395804669,385356.637757273,51.3,DT
367696:8786,698:698,05/18/23 19:02:25,STABLE BEAMS,6800,397162.412311514,386440.667698163,51.3,DT
367696:8786,700:700,05/18/23 19:03:12,STABLE BEAMS,6800,396031.684803466,380079.162923131,51.2,DT
367696:8786,701:701,05/18/23 19:03:35,STABLE BEAMS,6800,396200.675406518,383997.924915450,51.2,DT
367696:8786,702:702,05/18/23 19:03:59,STABLE BEAMS,6800,396378.761427315,380647.690721962,51.2,DT
367696:8786,706:706,05/18/23 19:05:32,STABLE BEAMS,6800,396497.395674243,370390.967923376,51.3,DT
367696:8786,707:707,05/18/23 19:05:55,STABLE BEAMS,6800,396104.618992179,385494.000853196,51.2,DT
367696:8786,709:709,05/18/23 19:06:42,STABLE BEAMS,6800,395760.936137702,380560.936365198,51.2,DT
367696:8786,717:717,05/18/23 19:09:48,STABLE BEAMS,6800,394668.801173429,384292.663809787,51.0,DT
367696:8786,720:720,05/18/23 19:10:58,STABLE BEAMS,6800,393892.072478381,382707.089279036,50.9,DT
367696:8786,721:721,05/18/23 19:11:21,STABLE BEAMS,6800,393840.583900563,383512.728348937,50.9,DT
367696:8786,722:722,05/18/23 19:11:45,STABLE BEAMS,6800,393599.697219993,383154.465196839,50.9,DT
367696:8786,723:723,05/18/23 19:12:08,STABLE BEAMS,6800,393228.548578406,382864.992524660,50.8,DT
367696:8786,724:724,05/18/23 19:12:31,STABLE BEAMS,6800,393172.399359117,374286.846679319,50.8,DT
367696:8786,725:725,05/18/23 19:12:55,STABLE BEAMS,6800,392693.657803892,378952.298201482,50.8,DT
367696:8786,726:726,05/18/23 19:13:18,STABLE BEAMS,6800,392583.438483411,379321.226535442,50.7,DT
367696:8786,727:727,05/18/23 19:13:41,STABLE BEAMS,6800,392927.712062250,374495.277293530,50.8,DT
367696:8786,728:728,05/18/23 19:14:05,STABLE BEAMS,6800,392126.233753872,378879.922815751,50.7,DT
367696:8786,729:729,05/18/23 19:14:28,STABLE BEAMS,6800,392537.967186101,378529.861214477,50.7,DT
367696:8786,730:730,05/18/23 19:14:51,STABLE BEAMS,6800,391933.307231341,378843.522085442,50.7,DT
367696:8786,733:733,05/18/23 19:16:01,STABLE BEAMS,6800,390207.375701883,377333.896086403,50.4,DT
367696:8786,736:736,05/18/23 19:17:11,STABLE BEAMS,6800,388565.644111770,375891.240128946,50.2,DT
367696:8786,737:737,05/18/23 19:17:34,STABLE BEAMS,6800,388005.777858730,375402.947793086,50.2,DT
367696:8786,739:739,05/18/23 19:18:21,STABLE BEAMS,6800,387075.757639682,293520.258850489,50.0,DT
367696:8786,740:740,05/18/23 19:18:44,STABLE BEAMS,6800,386897.716502353,374288.100885195,50.0,DT
367696:8786,741:741,05/18/23 19:19:08,STABLE BEAMS,6800,387019.518653456,374542.505492389,50.0,DT
367696:8786,742:742,05/18/23 19:19:31,STABLE BEAMS,6800,386299.799202869,374134.088135499,49.9,DT
367696:8786,743:743,05/18/23 19:19:54,STABLE BEAMS,6800,386017.105743027,373852.118049064,49.9,DT
367696:8786,744:744,05/18/23 19:20:18,STABLE BEAMS,6800,385234.540749199,372771.998141523,49.8,DT
367696:8786,745:745,05/18/23 19:20:41,STABLE BEAMS,6800,386789.399661802,374432.292186183,50.0,DT
367696:8786,746:746,05/18/23 19:21:04,STABLE BEAMS,6800,386141.847037399,373962.211482728,49.9,DT
367696:8786,747:747,05/18/23 19:21:27,STABLE BEAMS,6800,385821.057647645,373667.221276545,49.9,DT
367696:8786,748:748,05/18/23 19:21:51,STABLE BEAMS,6800,385605.281096007,373608.216685322,49.8,DT
367696:8786,749:749,05/18/23 19:22:14,STABLE BEAMS,6800,384391.436643277,371506.248335744,49.7,DT
367696:8786,750:750,05/18/23 19:22:37,STABLE BEAMS,6800,383628.283025716,371781.760009784,49.6,DT
367696:8786,751:751,05/18/23 19:23:01,STABLE BEAMS,6800,384144.849762188,372284.144541929,49.7,DT
367696:8786,752:752,05/18/23 19:23:24,STABLE BEAMS,6800,384209.867086171,371533.648115578,49.7,DT
367696:8786,753:753,05/18/23 19:23:47,STABLE BEAMS,6800,385012.159088400,372923.959588362,49.8,DT
367696:8786,754:754,05/18/23 19:24:11,STABLE BEAMS,6800,384863.481874550,372755.584175109,49.7,DT
367696:8786,755:755,05/18/23 19:24:34,STABLE BEAMS,6800,385536.644137455,368107.760390212,49.8,DT
367696:8786,756:756,05/18/23 19:24:57,STABLE BEAMS,6800,384736.660014227,372663.760666179,49.7,DT
367696:8786,757:757,05/18/23 19:25:21,STABLE BEAMS,6800,384916.826600974,372743.726261558,49.8,DT
367696:8786,758:758,05/18/23 19:25:44,STABLE BEAMS,6800,384736.387817707,372595.510551787,49.7,DT
367696:8786,760:760,05/18/23 19:26:31,STABLE BEAMS,6800,384659.244717918,288385.310326623,49.7,DT
367696:8786,761:761,05/18/23 19:26:54,STABLE BEAMS,6800,384321.443045689,372338.630468347,49.7,DT
367696:8786,762:762,05/18/23 19:27:17,STABLE BEAMS,6800,383246.229149100,280896.806604188,49.5,DT
367696:8786,763:763,05/18/23 19:27:41,STABLE BEAMS,6800,382972.450125274,371062.673451630,49.5,DT
367696:8786,764:764,05/18/23 19:28:04,STABLE BEAMS,6800,382607.861709380,370746.926247024,49.5,DT
367696:8786,765:765,05/18/23 19:28:27,STABLE BEAMS,6800,382720.387461009,370795.045877936,49.5,DT
367696:8786,767:767,05/18/23 19:29:14,STABLE BEAMS,6800,381060.467931113,369406.268566443,49.3,DT
367696:8786,769:769,05/18/23 19:30:00,STABLE BEAMS,6800,381522.333302123,370139.837373401,49.3,DT
367696:8786,770:770,05/18/23 19:30:24,STABLE BEAMS,6800,380858.990383877,369457.357725134,49.2,DT
367696:8786,771:771,05/18/23 19:30:47,STABLE BEAMS,6800,380714.611848040,369125.091455971,49.2,DT
367696:8786,772:772,05/18/23 19:31:10,STABLE BEAMS,6800,381780.730326884,370138.207801800,49.3,DT
367696:8786,773:773,05/18/23 19:31:34,STABLE BEAMS,6800,382150.793078101,368513.338055505,49.4,DT
367696:8786,774:774,05/18/23 19:31:57,STABLE BEAMS,6800,381401.980452702,366311.332017063,49.3,DT
367696:8786,776:776,05/18/23 19:32:43,STABLE BEAMS,6800,380009.551917459,368418.386296000,49.1,DT
367696:8786,777:777,05/18/23 19:33:07,STABLE BEAMS,6800,380229.173968863,296879.539405844,49.1,DT
367696:8786,778:778,05/18/23 19:33:30,STABLE BEAMS,6800,379655.778969657,362316.959339898,49.1,DT
367696:8786,779:779,05/18/23 19:33:53,STABLE BEAMS,6800,378896.288422280,367636.847520089,49.0,DT
367696:8786,781:781,05/18/23 19:34:40,STABLE BEAMS,6800,379408.828677257,362851.703413704,49.0,DT
367696:8786,783:783,05/18/23 19:35:27,STABLE BEAMS,6800,376531.807023520,365498.207336213,48.7,DT
367696:8786,784:784,05/18/23 19:35:50,STABLE BEAMS,6800,376047.137954724,364951.198424745,48.6,DT
367696:8786,785:785,05/18/23 19:36:13,STABLE BEAMS,6800,375465.349746880,364708.397988388,48.5,DT
367696:8786,786:786,05/18/23 19:36:37,STABLE BEAMS,6800,374527.842675690,358522.976024364,48.4,DT
367696:8786,787:787,05/18/23 19:37:00,STABLE BEAMS,6800,374909.216061007,363938.222889915,48.5,DT
367696:8786,788:788,05/18/23 19:37:23,STABLE BEAMS,6800,375981.939649013,359665.523527401,48.6,DT
367696:8786,789:789,05/18/23 19:37:47,STABLE BEAMS,6800,375689.813421483,364680.989733679,48.6,DT
367696:8786,790:790,05/18/23 19:38:10,STABLE BEAMS,6800,376907.684355708,365852.585202835,48.7,DT
367696:8786,791:791,05/18/23 19:38:33,STABLE BEAMS,6800,376265.086287103,365408.171806268,48.6,DT
367696:8786,793:793,05/18/23 19:39:20,STABLE BEAMS,6800,375431.371513254,364315.467989423,48.5,DT
367696:8786,794:794,05/18/23 19:39:43,STABLE BEAMS,6800,374622.066107083,363800.078003907,48.4,DT
367696:8786,795:795,05/18/23 19:40:06,STABLE BEAMS,6800,375541.566220220,363970.341401927,48.5,DT
367696:8786,796:796,05/18/23 19:40:30,STABLE BEAMS,6800,375874.165753646,360972.817390300,48.6,DT
367696:8786,797:797,05/18/23 19:40:53,STABLE BEAMS,6800,374917.473171386,364059.947392299,48.5,DT
367696:8786,798:798,05/18/23 19:41:16,STABLE BEAMS,6800,375383.003060434,364389.743756839,48.5,DT
367696:8786,799:799,05/18/23 19:41:40,STABLE BEAMS,6800,374714.999500717,358849.589054642,48.4,DT
367696:8786,800:800,05/18/23 19:42:03,STABLE BEAMS,6800,374319.170742784,362716.721995532,48.4,DT
367696:8786,801:801,05/18/23 19:42:26,STABLE BEAMS,6800,374732.758875766,359813.084959425,48.4,DT
367696:8786,802:802,05/18/23 19:42:50,STABLE BEAMS,6800,374693.304858964,363952.021048333,48.4,DT
367696:8786,803:803,05/18/23 19:43:13,STABLE BEAMS,6800,374828.091363192,364226.079323744,48.4,DT
367696:8786,804:804,05/18/23 19:43:36,STABLE BEAMS,6800,374467.914557911,363820.204939241,48.4,DT
367696:8786,805:805,05/18/23 19:44:00,STABLE BEAMS,6800,374552.320092499,359742.708220195,48.4,DT
367696:8786,806:806,05/18/23 19:44:23,STABLE BEAMS,6800,373160.615484170,362641.218442676,48.2,DT
367696:8786,807:807,05/18/23 19:44:46,STABLE BEAMS,6800,372984.588311516,361259.189112420,48.2,DT
367696:8786,808:808,05/18/23 19:45:09,STABLE BEAMS,6800,372822.722597149,362418.859951370,48.2,DT
367696:8786,809:809,05/18/23 19:45:33,STABLE BEAMS,6800,372476.323568892,362058.127797268,48.1,DT
367696:8786,811:811,05/18/23 19:46:19,STABLE BEAMS,6800,372900.544740384,362555.930156859,48.2,DT
367696:8786,812:812,05/18/23 19:46:43,STABLE BEAMS,6800,371871.867761522,361555.700998221,48.1,DT
367696:8786,813:813,05/18/23 19:47:06,STABLE BEAMS,6800,371900.507758086,361495.150050657,48.1,DT
367696:8786,815:815,05/18/23 19:47:53,STABLE BEAMS,6800,372377.010931294,361952.898572778,48.1,DT
367696:8786,816:816,05/18/23 19:48:16,STABLE BEAMS,6800,372262.177300664,361882.573828945,48.1,DT
367696:8786,817:817,05/18/23 19:48:39,STABLE BEAMS,6800,372346.446736993,357400.058379746,48.1,DT
367696:8786,818:818,05/18/23 19:49:03,STABLE BEAMS,6800,372123.160167551,361824.270841860,48.1,DT
367696:8786,820:820,05/18/23 19:49:49,STABLE BEAMS,6800,371970.004741812,361666.574355276,48.1,DT
367696:8786,822:822,05/18/23 19:50:36,STABLE BEAMS,6800,372728.069153169,362437.181085045,48.2,DT
367696:8786,823:823,05/18/23 19:50:59,STABLE BEAMS,6800,371524.970671548,361328.139274783,48.0,DT
367696:8786,824:824,05/18/23 19:51:22,STABLE BEAMS,6800,371379.506245341,361024.823067755,48.0,DT
367696:8786,825:825,05/18/23 19:51:46,STABLE BEAMS,6800,370460.955924316,359808.294604370,47.9,DT
367696:8786,826:826,05/18/23 19:52:09,STABLE BEAMS,6800,370175.187222943,360139.134178617,47.8,DT
367696:8786,828:828,05/18/23 19:52:56,STABLE BEAMS,6800,369817.431229262,359734.641692222,47.8,DT
367696:8786,829:829,05/18/23 19:53:19,STABLE BEAMS,6800,370002.462604870,359420.442531706,47.8,DT
367696:8786,830:830,05/18/23 19:53:42,STABLE BEAMS,6800,369895.751434213,359886.610021434,47.8,DT
367696:8786,831:831,05/18/23 19:54:06,STABLE BEAMS,6800,369145.580721924,359150.420187865,47.7,DT
367696:8786,832:832,05/18/23 19:54:29,STABLE BEAMS,6800,369390.155086193,359339.447686031,47.7,DT
367696:8786,833:833,05/18/23 19:54:52,STABLE BEAMS,6800,370074.016988885,360027.900016162,47.8,DT
367696:8786,834:834,05/18/23 19:55:16,STABLE BEAMS,6800,369957.351823163,359980.709770795,47.8,DT
367696:8786,835:835,05/18/23 19:55:39,STABLE BEAMS,6800,368805.087489430,358333.298827164,47.7,DT
367696:8786,836:836,05/18/23 19:56:02,STABLE BEAMS,6800,368601.165964932,358738.702985216,47.6,DT
367696:8786,837:837,05/18/23 19:56:26,STABLE BEAMS,6800,368179.749286304,358361.640225389,47.6,DT
367696:8786,838:838,05/18/23 19:56:49,STABLE BEAMS,6800,367868.008982972,358024.526830110,47.5,DT
367696:8786,840:840,05/18/23 19:57:35,STABLE BEAMS,6800,366600.638822089,356803.326969986,47.4,DT
367696:8786,841:841,05/18/23 19:57:59,STABLE BEAMS,6800,366303.377057033,356565.899915578,47.3,DT
367696:8786,842:842,05/18/23 19:58:22,STABLE BEAMS,6800,365308.542213538,355699.106015338,47.2,DT
367696:8786,843:843,05/18/23 19:58:45,STABLE BEAMS,6800,364654.904259499,355065.770791180,47.1,DT
367696:8786,844:844,05/18/23 19:59:09,STABLE BEAMS,6800,365214.522929534,355413.271441939,47.2,DT
367696:8786,845:845,05/18/23 19:59:32,STABLE BEAMS,6800,366224.694888625,356546.323845739,47.3,DT
367696:8786,847:847,05/18/23 20:00:19,STABLE BEAMS,6800,366394.183553394,356615.241286233,47.4,DT
367696:8786,848:848,05/18/23 20:00:42,STABLE BEAMS,6800,366459.270374361,356732.188817485,47.4,DT
367696:8786,849:849,05/18/23 20:01:05,STABLE BEAMS,6800,366278.650609365,356601.077114317,47.3,DT
367696:8786,850:850,05/18/23 20:01:28,STABLE BEAMS,6800,366422.575966954,356624.304703250,47.4,DT
367696:8786,851:851,05/18/23 20:01:52,STABLE BEAMS,6800,366509.400865288,349973.912267505,47.4,DT
367696:8786,852:852,05/18/23 20:02:15,STABLE BEAMS,6800,366488.973095634,356664.623695434,47.4,DT
367696:8786,853:853,05/18/23 20:02:38,STABLE BEAMS,6800,366742.008717672,351823.124606847,47.4,DT
367696:8786,854:854,05/18/23 20:03:02,STABLE BEAMS,6800,366191.281317992,356459.978900569,47.3,DT
367696:8786,855:855,05/18/23 20:03:25,STABLE BEAMS,6800,365936.050749551,351124.367976256,47.3,DT
367696:8786,858:858,05/18/23 20:04:35,STABLE BEAMS,6800,366153.569069344,356282.530420423,47.3,DT
367696:8786,859:859,05/18/23 20:04:58,STABLE BEAMS,6800,365973.582016471,356224.574842962,47.3,DT
367696:8786,860:860,05/18/23 20:05:22,STABLE BEAMS,6800,365903.384271493,352122.203673102,47.3,DT
367696:8786,861:861,05/18/23 20:05:45,STABLE BEAMS,6800,365821.218566775,356094.667101481,47.3,DT
367696:8786,862:862,05/18/23 20:06:08,STABLE BEAMS,6800,366084.140134748,349494.485928610,47.3,DT
367696:8786,864:864,05/18/23 20:06:55,STABLE BEAMS,6800,365588.544113115,355960.275052920,47.3,DT
367696:8786,865:865,05/18/23 20:07:18,STABLE BEAMS,6800,365782.963372942,356155.263077439,47.3,DT
367696:8786,866:866,05/18/23 20:07:41,STABLE BEAMS,6800,365701.408662540,356062.603432600,47.3,DT
367696:8786,867:867,05/18/23 20:08:05,STABLE BEAMS,6800,365193.822963361,350525.054045196,47.2,DT
367696:8786,870:870,05/18/23 20:09:15,STABLE BEAMS,6800,363371.313792185,353999.504529082,47.0,DT
367696:8786,871:871,05/18/23 20:09:38,STABLE BEAMS,6800,362728.466692723,353383.865691180,46.9,DT
367696:8786,872:872,05/18/23 20:10:01,STABLE BEAMS,6800,362890.400456219,352680.515618735,46.9,DT
367696:8786,873:873,05/18/23 20:10:25,STABLE BEAMS,6800,362878.704692999,353244.919047949,46.9,DT
367696:8786,874:874,05/18/23 20:10:48,STABLE BEAMS,6800,361996.916828511,352257.718764038,46.8,DT
367696:8786,875:875,05/18/23 20:11:11,STABLE BEAMS,6800,361762.341342776,352459.960657349,46.8,DT
367696:8786,878:878,05/18/23 20:12:21,STABLE BEAMS,6800,360485.900377663,351283.632964848,46.6,DT
367696:8786,879:879,05/18/23 20:12:45,STABLE BEAMS,6800,359866.150890312,350230.928200253,46.5,DT
367696:8786,880:880,05/18/23 20:13:08,STABLE BEAMS,6800,359906.463484435,350850.656524793,46.5,DT
367696:8786,883:883,05/18/23 20:14:18,STABLE BEAMS,6800,359623.544159395,350627.209454459,46.5,DT
367696:8786,884:884,05/18/23 20:14:41,STABLE BEAMS,6800,359054.741752531,350011.499945270,46.4,DT
367696:8786,885:885,05/18/23 20:15:04,STABLE BEAMS,6800,358638.528660559,349697.623266996,46.4,DT
367696:8786,887:887,05/18/23 20:15:51,STABLE BEAMS,6800,357326.615276670,348607.377480191,46.2,DT
367696:8786,889:889,05/18/23 20:16:38,STABLE BEAMS,6800,355900.796336454,347138.250808531,46.0,DT
367696:8786,890:890,05/18/23 20:17:01,STABLE BEAMS,6800,356827.942565654,348017.291594505,46.1,DT
367696:8786,891:891,05/18/23 20:17:24,STABLE BEAMS,6800,356701.843184391,347943.676054100,46.1,DT
367696:8786,892:892,05/18/23 20:17:48,STABLE BEAMS,6800,356973.270893601,348170.519933648,46.1,DT
367696:8786,893:893,05/18/23 20:18:11,STABLE BEAMS,6800,356761.545436973,348058.504974908,46.1,DT
367696:8786,895:895,05/18/23 20:18:58,STABLE BEAMS,6800,357191.534858114,348397.593606918,46.2,DT
367696:8786,896:896,05/18/23 20:19:21,STABLE BEAMS,6800,356697.680604637,347904.427666772,46.1,DT
367696:8786,897:897,05/18/23 20:19:44,STABLE BEAMS,6800,356573.346157190,347868.943777146,46.1,DT
367696:8786,898:898,05/18/23 20:20:07,STABLE BEAMS,6800,356516.381796196,347780.641605508,46.1,DT
367696:8786,899:899,05/18/23 20:20:31,STABLE BEAMS,6800,356333.093636596,347649.033222689,46.1,DT
367696:8786,902:902,05/18/23 20:21:41,STABLE BEAMS,6800,355573.988218337,346793.774197050,46.0,DT
367696:8786,903:903,05/18/23 20:22:04,STABLE BEAMS,6800,356237.376020052,347430.280320755,46.0,DT
367696:8786,904:904,05/18/23 20:22:27,STABLE BEAMS,6800,356312.234406502,347480.976992112,46.1,DT
367696:8786,905:905,05/18/23 20:22:51,STABLE BEAMS,6800,356697.137659451,347876.710186644,46.1,DT
367696:8786,906:906,05/18/23 20:23:14,STABLE BEAMS,6800,356676.437693278,347823.329923811,46.1,DT
367696:8786,907:907,05/18/23 20:23:37,STABLE BEAMS,6800,356760.300282681,347942.911380618,46.1,DT
367696:8786,908:908,05/18/23 20:24:01,STABLE BEAMS,6800,356542.851459872,343727.904826020,46.1,DT
367696:8786,909:909,05/18/23 20:24:24,STABLE BEAMS,6800,356206.587408408,347408.124477697,46.0,DT
367696:8786,910:910,05/18/23 20:24:47,STABLE BEAMS,6800,356459.372551734,347764.119095484,46.1,DT
367696:8786,911:911,05/18/23 20:25:11,STABLE BEAMS,6800,355948.439414505,347158.412835762,46.0,DT
367696:8786,912:912,05/18/23 20:25:34,STABLE BEAMS,6800,355716.895734685,346936.037716288,46.0,DT
367696:8786,913:913,05/18/23 20:25:57,STABLE BEAMS,6800,355693.593975183,346888.854486405,46.0,DT
367696:8786,914:914,05/18/23 20:26:20,STABLE BEAMS,6800,355108.886894022,342507.121986958,45.9,DT
367696:8786,915:915,05/18/23 20:26:44,STABLE BEAMS,6800,354704.302963994,345924.608425739,45.8,DT
367696:8786,916:916,05/18/23 20:27:07,STABLE BEAMS,6800,354753.236079806,346106.132868049,45.9,DT
367696:8786,917:917,05/18/23 20:27:30,STABLE BEAMS,6800,354586.098729654,346017.296201187,45.8,DT
367696:8786,918:918,05/18/23 20:27:54,STABLE BEAMS,6800,354028.900871218,344972.014610822,45.8,DT
367696:8786,919:919,05/18/23 20:28:17,STABLE BEAMS,6800,353891.763052373,345331.506515321,45.7,DT
367696:8786,920:920,05/18/23 20:28:40,STABLE BEAMS,6800,354375.729912062,345800.263030630,45.8,DT
367696:8786,921:921,05/18/23 20:29:04,STABLE BEAMS,6800,354413.736075037,268399.440771179,45.8,DT
367696:8786,922:922,05/18/23 20:29:27,STABLE BEAMS,6800,354067.473145039,345472.399762555,45.8,DT
367696:8786,923:923,05/18/23 20:29:50,STABLE BEAMS,6800,354241.328536952,345695.805312088,45.8,DT
367696:8786,924:924,05/18/23 20:30:14,STABLE BEAMS,6800,353823.939787672,345221.062781938,45.7,DT
367696:8786,925:925,05/18/23 20:30:37,STABLE BEAMS,6800,353923.931468715,345418.470939393,45.7,DT
367696:8786,926:926,05/18/23 20:31:00,STABLE BEAMS,6800,353577.736587847,345089.591464787,45.7,DT
367696:8786,927:927,05/18/23 20:31:23,STABLE BEAMS,6800,353070.106005200,344573.777403248,45.6,DT
367696:8786,928:928,05/18/23 20:31:47,STABLE BEAMS,6800,353155.257184510,344677.201670636,45.6,DT
367696:8786,929:929,05/18/23 20:32:10,STABLE BEAMS,6800,353058.793923245,338690.326964118,45.6,DT
367696:8786,930:930,05/18/23 20:32:33,STABLE BEAMS,6800,353120.848938296,344687.022309691,45.6,DT
367696:8786,931:931,05/18/23 20:32:57,STABLE BEAMS,6800,352497.501534184,344037.908108157,45.6,DT
367696:8786,932:932,05/18/23 20:33:20,STABLE BEAMS,6800,352631.157264573,344211.269998492,45.6,DT
367696:8786,933:933,05/18/23 20:33:43,STABLE BEAMS,6800,352615.275755938,340338.097976304,45.6,DT
367696:8786,934:934,05/18/23 20:34:07,STABLE BEAMS,6800,351936.775255970,343570.997911287,45.5,DT
367696:8786,935:935,05/18/23 20:34:30,STABLE BEAMS,6800,351979.124980428,338725.734017776,45.5,DT
367696:8786,936:936,05/18/23 20:34:53,STABLE BEAMS,6800,351564.608773143,343248.155049113,45.4,DT
367696:8786,937:937,05/18/23 20:35:17,STABLE BEAMS,6800,351964.646442152,343598.565197129,45.5,DT
367696:8786,938:938,05/18/23 20:35:40,STABLE BEAMS,6800,351892.117652511,334980.105167433,45.5,DT
367696:8786,939:939,05/18/23 20:36:03,STABLE BEAMS,6800,351447.015533117,339056.223373093,45.4,DT
367696:8786,940:940,05/18/23 20:36:26,STABLE BEAMS,6800,351191.877627322,335375.032700424,45.4,DT
367696:8786,941:941,05/18/23 20:36:50,STABLE BEAMS,6800,350981.440760601,339267.644816430,45.4,DT
367696:8786,942:942,05/18/23 20:37:13,STABLE BEAMS,6800,351341.933198016,333139.901023209,45.4,DT
367696:8786,943:943,05/18/23 20:37:36,STABLE BEAMS,6800,350316.241693747,338459.784605112,45.3,DT
367696:8786,944:944,05/18/23 20:38:00,STABLE BEAMS,6800,349817.230184936,334364.286355139,45.2,DT
367696:8786,945:945,05/18/23 20:38:23,STABLE BEAMS,6800,349498.408428533,338130.310255111,45.2,DT
367696:8786,946:946,05/18/23 20:38:46,STABLE BEAMS,6800,349045.004315291,332724.724745103,45.1,DT
367696:8786,947:947,05/18/23 20:39:10,STABLE BEAMS,6800,348116.523164862,336753.425734991,45.0,DT
367696:8786,948:948,05/18/23 20:39:33,STABLE BEAMS,6800,347593.349871375,336489.416387317,44.9,DT
367696:8786,949:949,05/18/23 20:39:56,STABLE BEAMS,6800,347053.617473662,331300.192257632,44.9,DT
367696:8786,950:950,05/18/23 20:40:20,STABLE BEAMS,6800,346385.183901357,335421.451741181,44.8,DT
367696:8786,951:951,05/18/23 20:40:43,STABLE BEAMS,6800,346215.061076612,335380.991496349,44.8,DT
367696:8786,952:952,05/18/23 20:41:06,STABLE BEAMS,6800,345433.875887482,333964.534564063,44.6,DT
367696:8786,953:953,05/18/23 20:41:30,STABLE BEAMS,6800,345075.621832084,334378.035415725,44.6,DT
367696:8786,954:954,05/18/23 20:41:53,STABLE BEAMS,6800,344250.368316003,333151.060712447,44.5,DT
367696:8786,955:955,05/18/23 20:42:16,STABLE BEAMS,6800,343896.572202540,333234.339291496,44.5,DT
367696:8786,956:956,05/18/23 20:42:39,STABLE BEAMS,6800,344555.639608433,333841.674311218,44.5,DT
367696:8786,957:957,05/18/23 20:43:03,STABLE BEAMS,6800,345038.430810814,327764.164167448,44.6,DT
367696:8786,958:958,05/18/23 20:43:26,STABLE BEAMS,6800,344540.663008440,333736.970243255,44.5,DT
367696:8786,959:959,05/18/23 20:43:49,STABLE BEAMS,6800,344429.925356289,333615.735821736,44.5,DT
367696:8786,960:960,05/18/23 20:44:13,STABLE BEAMS,6800,344227.564618218,333589.373658338,44.5,DT
367696:8786,961:961,05/18/23 20:44:36,STABLE BEAMS,6800,343941.183474676,333200.260730728,44.5,DT
367696:8786,962:962,05/18/23 20:44:59,STABLE BEAMS,6800,345043.136335754,334286.285237069,44.6,DT
367696:8786,964:964,05/18/23 20:45:46,STABLE BEAMS,6800,344746.258251962,334033.581375334,44.6,DT
367696:8786,965:965,05/18/23 20:46:09,STABLE BEAMS,6800,344633.777383802,333959.279243329,44.5,DT
367696:8786,967:967,05/18/23 20:46:56,STABLE BEAMS,6800,344301.043199969,333553.052863574,44.5,DT
367696:8786,968:968,05/18/23 20:47:19,STABLE BEAMS,6800,344704.202441831,329245.846207444,44.6,DT
367696:8786,969:969,05/18/23 20:47:43,STABLE BEAMS,6800,344091.783438410,333477.539359526,44.5,DT
367696:8786,971:971,05/18/23 20:48:29,STABLE BEAMS,6800,344424.087609656,333767.617911662,44.5,DT
367696:8786,972:972,05/18/23 20:48:53,STABLE BEAMS,6800,343764.093577313,333054.172709565,44.4,DT
367696:8786,973:973,05/18/23 20:49:16,STABLE BEAMS,6800,343863.587196639,333223.914923374,44.4,DT
367696:8786,974:974,05/18/23 20:49:39,STABLE BEAMS,6800,343798.818903514,333089.171840728,44.4,DT
367696:8786,975:975,05/18/23 20:50:02,STABLE BEAMS,6800,343713.915307209,328237.231328056,44.4,DT
367696:8786,980:980,05/18/23 20:51:59,STABLE BEAMS,6800,343149.071332709,332561.963517700,44.4,DT
367696:8786,983:983,05/18/23 20:53:09,STABLE BEAMS,6800,343090.433252691,332543.538002258,44.3,DT
367696:8786,984:984,05/18/23 20:53:32,STABLE BEAMS,6800,342864.161208657,332334.648083343,44.3,DT
367696:8786,985:985,05/18/23 20:53:56,STABLE BEAMS,6800,342505.727619384,331932.154148972,44.3,DT
367696:8786,989:989,05/18/23 20:55:29,STABLE BEAMS,6800,341946.743109324,331575.684854378,44.2,DT
367696:8786,991:991,05/18/23 20:56:15,STABLE BEAMS,6800,341395.992543983,330971.209830519,44.1,DT
367696:8786,992:992,05/18/23 20:56:39,STABLE BEAMS,6800,341265.821797757,330920.243334212,44.1,DT
367696:8786,994:994,05/18/23 20:57:25,STABLE BEAMS,6800,340505.019494812,330406.519187647,44.0,DT
367696:8786,995:995,05/18/23 20:57:49,STABLE BEAMS,6800,340188.550500879,329963.756066605,44.0,DT
367696:8786,996:996,05/18/23 20:58:12,STABLE BEAMS,6800,340908.110687544,330701.900408714,44.1,DT
367696:8786,997:997,05/18/23 20:58:35,STABLE BEAMS,6800,340688.920096581,330510.004431875,44.0,DT
367696:8786,998:998,05/18/23 20:58:59,STABLE BEAMS,6800,340211.037118676,330004.160000422,44.0,DT
367696:8786,999:999,05/18/23 20:59:22,STABLE BEAMS,6800,339318.458399610,328838.760199858,43.9,DT
367696:8786,1000:1000,05/18/23 20:59:45,STABLE BEAMS,6800,339007.463740999,328937.897077385,43.8,DT
367696:8786,1001:1001,05/18/23 21:00:08,STABLE BEAMS,6800,338752.007307362,328226.321331905,43.8,DT
367696:8786,1002:1002,05/18/23 21:00:32,STABLE BEAMS,6800,337956.049665629,328147.829137443,43.7,DT
367696:8786,1003:1003,05/18/23 21:00:55,STABLE BEAMS,6800,337688.287922311,327791.721935479,43.6,DT
367696:8786,1004:1004,05/18/23 21:01:18,STABLE BEAMS,6800,338004.801799712,328163.880518771,43.7,DT
367696:8786,1005:1005,05/18/23 21:01:42,STABLE BEAMS,6800,338147.234420004,322271.867557573,43.7,DT
367696:8786,1006:1006,05/18/23 21:02:05,STABLE BEAMS,6800,337553.999479799,326822.549395252,43.6,DT
367696:8786,1007:1007,05/18/23 21:02:28,STABLE BEAMS,6800,337401.453600521,327661.229976331,43.6,DT
367696:8786,1008:1008,05/18/23 21:02:52,STABLE BEAMS,6800,336855.069762324,327149.419354795,43.5,DT
367696:8786,1009:1009,05/18/23 21:03:15,STABLE BEAMS,6800,336896.198946005,322390.715888132,43.5,DT
367696:8786,1010:1010,05/18/23 21:03:38,STABLE BEAMS,6800,335917.946372398,326368.066984409,43.4,DT
367696:8786,1011:1011,05/18/23 21:04:02,STABLE BEAMS,6800,336065.446481086,326455.316856301,43.4,DT
367696:8786,1012:1012,05/18/23 21:04:25,STABLE BEAMS,6800,336549.663819487,326975.867404068,43.5,DT
367696:8786,1013:1013,05/18/23 21:04:48,STABLE BEAMS,6800,336582.082714542,327030.818265787,43.5,DT
367696:8786,1014:1014,05/18/23 21:05:12,STABLE BEAMS,6800,336349.542911288,322050.505940945,43.5,DT
367696:8786,1015:1015,05/18/23 21:05:35,STABLE BEAMS,6800,336088.816289718,326483.025231269,43.4,DT
367696:8786,1017:1017,05/18/23 21:06:21,STABLE BEAMS,6800,335818.995698257,321591.566190627,43.4,DT
367696:8786,1018:1018,05/18/23 21:06:45,STABLE BEAMS,6800,335373.350633677,298061.691686437,43.3,DT
367696:8786,1019:1019,05/18/23 21:07:08,STABLE BEAMS,6800,335864.149915579,176151.702145028,43.4,DT
367696:8786,1020:1020,05/18/23 21:07:31,STABLE BEAMS,6800,335545.894270022,325962.806810697,43.4,DT
367696:8786,1021:1021,05/18/23 21:07:55,STABLE BEAMS,6800,335819.809392108,326108.101156824,43.4,DT
367696:8786,1022:1022,05/18/23 21:08:18,STABLE BEAMS,6800,335264.535731409,321024.363162518,43.3,DT
367696:8786,1023:1023,05/18/23 21:08:41,STABLE BEAMS,6800,335125.789346962,325579.450904691,43.3,DT
367696:8786,1024:1024,05/18/23 21:09:05,STABLE BEAMS,6800,335413.731276930,325915.464908557,43.4,DT
367696:8786,1025:1025,05/18/23 21:09:28,STABLE BEAMS,6800,334953.675723204,320884.472317740,43.3,DT
367696:8786,1026:1026,05/18/23 21:09:51,STABLE BEAMS,6800,334655.983945561,325279.332158088,43.3,DT
367696:8786,1027:1027,05/18/23 21:10:15,STABLE BEAMS,6800,334512.555201836,324010.711893369,43.2,DT
367696:8786,1028:1028,05/18/23 21:10:38,STABLE BEAMS,6800,334213.302637767,324854.055574637,43.2,DT
367696:8786,1029:1029,05/18/23 21:11:01,STABLE BEAMS,6800,334263.547509147,324857.938761464,43.2,DT
367696:8786,1030:1030,05/18/23 21:11:25,STABLE BEAMS,6800,333956.037834699,324685.382457716,43.2,DT
367696:8786,1031:1031,05/18/23 21:11:48,STABLE BEAMS,6800,333721.643330692,318972.105411012,43.1,DT
367696:8786,1032:1032,05/18/23 21:12:11,STABLE BEAMS,6800,333720.896238117,324331.036032521,43.1,DT
367696:8786,1033:1033,05/18/23 21:12:34,STABLE BEAMS,6800,333917.465560877,324571.369343535,43.2,DT
367696:8786,1034:1034,05/18/23 21:12:58,STABLE BEAMS,6800,333754.377857880,324410.089897432,43.1,DT
367696:8786,1036:1036,05/18/23 21:13:44,STABLE BEAMS,6800,333459.151775306,324146.427464223,43.1,DT
367696:8786,1037:1037,05/18/23 21:14:08,STABLE BEAMS,6800,333478.652918510,324182.569408889,43.1,DT
367696:8786,1038:1038,05/18/23 21:14:31,STABLE BEAMS,6800,333267.741155733,324001.348756509,43.1,DT
367696:8786,1039:1039,05/18/23 21:14:54,STABLE BEAMS,6800,333400.581744417,324100.423493606,43.1,DT
367696:8786,1040:1040,05/18/23 21:15:18,STABLE BEAMS,6800,333053.752703573,323800.345072630,43.0,DT
367696:8786,1041:1041,05/18/23 21:15:41,STABLE BEAMS,6800,332980.093140093,323827.696179288,43.0,DT
367696:8786,1042:1042,05/18/23 21:16:04,STABLE BEAMS,6800,332929.848268713,323778.658098974,43.0,DT
367696:8786,1043:1043,05/18/23 21:16:28,STABLE BEAMS,6800,332812.278194349,319103.897210107,43.0,DT
367696:8786,1044:1044,05/18/23 21:16:51,STABLE BEAMS,6800,332412.602488796,323356.584573350,43.0,DT
367696:8786,1045:1045,05/18/23 21:17:14,STABLE BEAMS,6800,332252.229511726,323300.342209038,42.9,DT
367696:8786,1046:1046,05/18/23 21:17:38,STABLE BEAMS,6800,331668.382455739,322710.683777380,42.9,DT
367696:8786,1047:1047,05/18/23 21:18:01,STABLE BEAMS,6800,331233.732393127,322296.248052988,42.8,DT
367696:8786,1048:1048,05/18/23 21:18:24,STABLE BEAMS,6800,331756.068827101,322732.049663031,42.9,DT
367696:8786,1049:1049,05/18/23 21:18:47,STABLE BEAMS,6800,331388.064924028,317712.289669457,42.8,DT
367696:8786,1050:1050,05/18/23 21:19:11,STABLE BEAMS,6800,331404.353279588,322362.352066710,42.8,DT
367696:8786,1051:1051,05/18/23 21:19:34,STABLE BEAMS,6800,331114.465434077,322106.858541833,42.8,DT
367696:8786,1052:1052,05/18/23 21:19:57,STABLE BEAMS,6800,331297.642108931,265634.275842977,42.8,DT
367696:8786,1053:1053,05/18/23 21:20:21,STABLE BEAMS,6800,330727.843578634,296008.488318350,42.7,DT
367696:8786,1054:1054,05/18/23 21:20:44,STABLE BEAMS,6800,330590.319182817,321738.261319180,42.7,DT
367696:8786,1055:1055,05/18/23 21:21:07,STABLE BEAMS,6800,330247.901752586,321465.268148685,42.7,DT
367696:8786,1057:1057,05/18/23 21:21:54,STABLE BEAMS,6800,330042.261625595,321311.702987127,42.7,DT
367696:8786,1058:1058,05/18/23 21:22:17,STABLE BEAMS,6800,329253.950099926,320539.398391283,42.6,DT
367696:8786,1059:1059,05/18/23 21:22:41,STABLE BEAMS,6800,328861.402178766,320157.265384402,42.5,DT
367696:8786,1060:1060,05/18/23 21:23:04,STABLE BEAMS,6800,328860.338006203,320213.776615480,42.5,DT
367696:8786,1061:1061,05/18/23 21:23:27,STABLE BEAMS,6800,328181.905555365,319583.161793987,42.4,DT
367696:8786,1062:1062,05/18/23 21:23:50,STABLE BEAMS,6800,327548.695370979,318464.644034192,42.3,DT
367696:8786,1063:1063,05/18/23 21:24:14,STABLE BEAMS,6800,328220.612479593,319547.679210855,42.4,DT
367696:8786,1064:1064,05/18/23 21:24:37,STABLE BEAMS,6800,328591.286225125,319875.988663435,42.5,DT
367696:8786,1065:1065,05/18/23 21:25:00,STABLE BEAMS,6800,329144.999099397,320412.769568293,42.5,DT
367696:8786,1066:1066,05/18/23 21:25:24,STABLE BEAMS,6800,329353.875179693,320601.133674138,42.6,DT
367696:8786,1067:1067,05/18/23 21:25:47,STABLE BEAMS,6800,329092.650496406,320404.131946255,42.5,DT
367696:8786,1068:1068,05/18/23 21:26:10,STABLE BEAMS,6800,328721.456971350,320032.492379841,42.5,DT
367696:8786,1069:1069,05/18/23 21:26:34,STABLE BEAMS,6800,328915.062537326,320166.780967085,42.5,DT
367696:8786,1070:1070,05/18/23 21:26:57,STABLE BEAMS,6800,329009.965012165,315731.845955276,42.5,DT
367696:8786,1071:1071,05/18/23 21:27:20,STABLE BEAMS,6800,329017.362097370,319926.828283813,42.5,DT
367696:8786,1072:1072,05/18/23 21:27:44,STABLE BEAMS,6800,328947.187518053,320291.463725597,42.5,DT
367696:8786,1073:1073,05/18/23 21:28:07,STABLE BEAMS,6800,328615.017997213,319938.747891509,42.5,DT
367696:8786,1074:1074,05/18/23 21:28:30,STABLE BEAMS,6800,328525.453759436,319898.433558424,42.5,DT
367696:8786,1075:1075,05/18/23 21:28:53,STABLE BEAMS,6800,327773.972739434,319134.796675376,42.4,DT
367696:8786,1076:1076,05/18/23 21:29:17,STABLE BEAMS,6800,328014.655272614,319340.676894424,42.4,DT
367696:8786,1077:1077,05/18/23 21:29:40,STABLE BEAMS,6800,328305.130946780,319628.277784757,42.4,DT
367696:8786,1078:1078,05/18/23 21:30:03,STABLE BEAMS,6800,327962.464485690,319336.709572070,42.4,DT
367696:8786,1079:1079,05/18/23 21:30:27,STABLE BEAMS,6800,328145.709209675,319285.155062511,42.4,DT
367696:8786,1080:1080,05/18/23 21:30:50,STABLE BEAMS,6800,327801.232931300,319238.906726941,42.4,DT
367696:8786,1081:1081,05/18/23 21:31:13,STABLE BEAMS,6800,327507.567635152,318309.600916044,42.3,DT
367696:8786,1082:1082,05/18/23 21:31:37,STABLE BEAMS,6800,327660.293048305,319056.309808574,42.4,DT
367696:8786,1083:1083,05/18/23 21:32:00,STABLE BEAMS,6800,327403.479975631,318865.884197420,42.3,DT
367696:8786,1084:1084,05/18/23 21:32:23,STABLE BEAMS,6800,327299.325714833,318695.703845711,42.3,DT
367696:8786,1085:1085,05/18/23 21:32:47,STABLE BEAMS,6800,326933.855555958,318417.096014354,42.3,DT
367696:8786,1086:1086,05/18/23 21:33:10,STABLE BEAMS,6800,326859.765979892,318352.093227114,42.2,DT
367696:8786,1087:1087,05/18/23 21:33:33,STABLE BEAMS,6800,326990.321855235,318469.627667751,42.3,DT
367696:8786,1088:1088,05/18/23 21:33:57,STABLE BEAMS,6800,326826.578274455,318280.944344350,42.2,DT
367696:8786,1089:1089,05/18/23 21:34:20,STABLE BEAMS,6800,326471.311141503,317998.429639099,42.2,DT
367696:8786,1090:1090,05/18/23 21:34:43,STABLE BEAMS,6800,326350.687543416,313317.799799086,42.2,DT
367696:8786,1091:1091,05/18/23 21:35:06,STABLE BEAMS,6800,325638.230527630,317231.113282111,42.1,DT
367696:8786,1092:1092,05/18/23 21:35:30,STABLE BEAMS,6800,325401.076414227,317004.454307045,42.1,DT
367696:8786,1093:1093,05/18/23 21:35:53,STABLE BEAMS,6800,325309.906506556,312433.373716639,42.0,DT
367696:8786,1094:1094,05/18/23 21:36:16,STABLE BEAMS,6800,324383.461038609,316004.231214792,41.9,DT
367696:8786,1095:1095,05/18/23 21:36:40,STABLE BEAMS,6800,324786.258317014,316293.008930418,42.0,DT
367696:8786,1096:1096,05/18/23 21:37:03,STABLE BEAMS,6800,325682.434952841,317285.419772783,42.1,DT
367696:8786,1097:1097,05/18/23 21:37:26,STABLE BEAMS,6800,325394.629121133,316983.611969708,42.1,DT
367696:8786,1098:1098,05/18/23 21:37:50,STABLE BEAMS,6800,325188.037754178,316813.709231102,42.0,DT
367696:8786,1099:1099,05/18/23 21:38:13,STABLE BEAMS,6800,325180.029674657,316722.395357942,42.0,DT
367696:8786,1100:1100,05/18/23 21:38:36,STABLE BEAMS,6800,324633.645836460,311804.828250917,42.0,DT
367696:8786,1101:1101,05/18/23 21:39:00,STABLE BEAMS,6800,324478.363513447,316104.016489557,41.9,DT
367696:8786,1102:1102,05/18/23 21:39:23,STABLE BEAMS,6800,325133.562253913,312233.989580648,42.0,DT
367696:8786,1103:1103,05/18/23 21:39:46,STABLE BEAMS,6800,324723.774737229,316381.681882410,42.0,DT
367696:8786,1104:1104,05/18/23 21:40:09,STABLE BEAMS,6800,324715.313479460,316416.974815380,42.0,DT
367696:8786,1105:1105,05/18/23 21:40:33,STABLE BEAMS,6800,324150.922683209,315500.932556012,41.9,DT
367696:8786,1106:1106,05/18/23 21:40:56,STABLE BEAMS,6800,323503.029813157,315218.702339572,41.8,DT
367696:8786,1107:1107,05/18/23 21:41:19,STABLE BEAMS,6800,324252.973212395,310330.843631086,41.9,DT
367696:8786,1108:1108,05/18/23 21:41:43,STABLE BEAMS,6800,324199.492387710,315920.678971344,41.9,DT
367696:8786,1109:1109,05/18/23 21:42:06,STABLE BEAMS,6800,323967.428928365,315726.171824744,41.9,DT
367696:8786,1110:1110,05/18/23 21:42:29,STABLE BEAMS,6800,324552.091126057,316291.212550427,42.0,DT
367696:8786,1111:1111,05/18/23 21:42:53,STABLE BEAMS,6800,323876.689033281,311683.174398224,41.9,DT
367696:8786,1112:1112,05/18/23 21:43:16,STABLE BEAMS,6800,323684.079590739,254678.785717682,41.8,DT
367696:8786,1113:1113,05/18/23 21:43:39,STABLE BEAMS,6800,323869.609028064,315597.211318644,41.9,DT
367696:8786,1114:1114,05/18/23 21:44:03,STABLE BEAMS,6800,323389.011324232,315159.931783607,41.8,DT
367696:8786,1115:1115,05/18/23 21:44:26,STABLE BEAMS,6800,322816.702215397,314606.618627150,41.7,DT
367696:8786,1116:1116,05/18/23 21:44:49,STABLE BEAMS,6800,322941.737424096,314581.010976065,41.7,DT
367696:8786,1117:1117,05/18/23 21:45:13,STABLE BEAMS,6800,323435.704610172,315130.902300710,41.8,DT
367696:8786,1118:1118,05/18/23 21:45:36,STABLE BEAMS,6800,322820.072819108,314679.901326359,41.7,DT
367696:8786,1119:1119,05/18/23 21:45:59,STABLE BEAMS,6800,322646.715488912,313908.990082777,41.7,DT
367696:8786,1120:1120,05/18/23 21:46:22,STABLE BEAMS,6800,322266.834840890,314206.350940905,41.7,DT
367696:8786,1121:1121,05/18/23 21:46:46,STABLE BEAMS,6800,322122.750219381,314065.327749441,41.6,DT
367696:8786,1122:1122,05/18/23 21:47:09,STABLE BEAMS,6800,322280.883366580,314233.095499882,41.7,DT
367696:8786,1123:1123,05/18/23 21:47:32,STABLE BEAMS,6800,322746.594237356,314694.678832325,41.7,DT
367696:8786,1124:1124,05/18/23 21:47:56,STABLE BEAMS,6800,322364.224728605,314300.860582272,41.7,DT
367696:8786,1125:1125,05/18/23 21:48:19,STABLE BEAMS,6800,322035.789222787,314004.191778407,41.6,DT
367696:8786,1126:1126,05/18/23 21:48:42,STABLE BEAMS,6800,322422.796207348,308659.887809998,41.7,DT
367696:8786,1127:1127,05/18/23 21:49:06,STABLE BEAMS,6800,321549.151072786,313646.143755256,41.6,DT
367696:8786,1128:1128,05/18/23 21:49:29,STABLE BEAMS,6800,320912.140272102,313065.262693979,41.5,DT
367696:8786,1129:1129,05/18/23 21:49:52,STABLE BEAMS,6800,320294.134000760,312423.969770893,41.4,DT
367696:8786,1130:1130,05/18/23 21:50:16,STABLE BEAMS,6800,320232.849243945,312424.172353384,41.4,DT
367696:8786,1131:1131,05/18/23 21:50:39,STABLE BEAMS,6800,319503.967774338,311630.448078730,41.3,DT
367696:8786,1132:1132,05/18/23 21:51:02,STABLE BEAMS,6800,318471.241148320,310753.315173163,41.2,DT
367696:8786,1133:1133,05/18/23 21:51:26,STABLE BEAMS,6800,318404.299626600,310624.791436769,41.2,DT
367696:8786,1134:1134,05/18/23 21:51:49,STABLE BEAMS,6800,319055.471885571,311152.808055816,41.2,DT
367696:8786,1135:1135,05/18/23 21:52:12,STABLE BEAMS,6800,318173.049861107,310464.808641975,41.1,DT
367696:8786,1136:1136,05/18/23 21:52:35,STABLE BEAMS,6800,318068.465587723,310379.532063335,41.1,DT
367696:8786,1137:1137,05/18/23 21:52:59,STABLE BEAMS,6800,317551.943734720,309987.958845460,41.0,DT
367696:8786,1138:1138,05/18/23 21:53:22,STABLE BEAMS,6800,316898.169682420,309256.376938135,41.0,DT
367696:8786,1139:1139,05/18/23 21:53:45,STABLE BEAMS,6800,316547.812221798,308912.946315635,40.9,DT
367696:8786,1140:1140,05/18/23 21:54:09,STABLE BEAMS,6800,315978.873716674,308414.860149885,40.8,DT
367696:8786,1141:1141,05/18/23 21:54:32,STABLE BEAMS,6800,315680.411680794,308235.498703501,40.8,DT
367696:8786,1142:1142,05/18/23 21:54:55,STABLE BEAMS,6800,315017.068762548,307553.108549726,40.7,DT
367696:8786,1143:1143,05/18/23 21:55:19,STABLE BEAMS,6800,314969.560334903,307486.068909435,40.7,DT
367696:8786,1144:1144,05/18/23 21:55:42,STABLE BEAMS,6800,314967.456603291,307533.276291938,40.7,DT
367696:8786,1145:1145,05/18/23 21:56:05,STABLE BEAMS,6800,314799.754590146,307331.289543770,40.7,DT
367696:8786,1146:1146,05/18/23 21:56:29,STABLE BEAMS,6800,314797.514760274,307379.860174415,40.7,DT
367696:8786,1147:1147,05/18/23 21:56:52,STABLE BEAMS,6800,314599.250000682,307173.643851842,40.7,DT
367696:8786,1148:1148,05/18/23 21:57:15,STABLE BEAMS,6800,314220.817206488,306684.749370139,40.6,DT
367696:8786,1149:1149,05/18/23 21:57:38,STABLE BEAMS,6800,315101.745045803,307680.925801565,40.7,DT
367696:8786,1150:1150,05/18/23 21:58:02,STABLE BEAMS,6800,315315.823264900,307828.650681118,40.8,DT
367696:8786,1151:1151,05/18/23 21:58:25,STABLE BEAMS,6800,315268.497266837,307828.946159747,40.8,DT
367696:8786,1152:1152,05/18/23 21:58:48,STABLE BEAMS,6800,315089.076324811,307624.970550378,40.7,DT
367696:8786,1153:1153,05/18/23 21:59:12,STABLE BEAMS,6800,314703.608408869,307350.885008978,40.7,DT
367696:8786,1156:1156,05/18/23 22:00:22,STABLE BEAMS,6800,314276.649345789,306883.234505849,40.6,DT
367696:8786,1158:1158,05/18/23 22:01:08,STABLE BEAMS,6800,314800.614615319,307395.360079693,40.7,DT
367696:8786,1159:1159,05/18/23 22:01:32,STABLE BEAMS,6800,314287.644347755,306852.966053742,40.6,DT
367696:8786,1160:1160,05/18/23 22:01:55,STABLE BEAMS,6800,314434.669560389,306993.617094652,40.6,DT
367696:8786,1161:1161,05/18/23 22:02:18,STABLE BEAMS,6800,314517.084295964,307129.401215060,40.7,DT
367696:8786,1163:1163,05/18/23 22:03:05,STABLE BEAMS,6800,313764.675201658,306508.805056344,40.6,DT
367696:8786,1164:1164,05/18/23 22:03:28,STABLE BEAMS,6800,313532.384429263,301823.366974501,40.5,DT
367696:8786,1165:1165,05/18/23 22:03:52,STABLE BEAMS,6800,312912.522009314,305625.711149424,40.4,DT
367696:8786,1167:1167,05/18/23 22:04:38,STABLE BEAMS,6800,312178.664266101,304937.707932350,40.4,DT
367696:8786,1168:1168,05/18/23 22:05:01,STABLE BEAMS,6800,312800.834565051,305547.587667820,40.4,DT
367696:8786,1170:1170,05/18/23 22:05:48,STABLE BEAMS,6800,313020.206137743,301406.344202598,40.5,DT
367696:8786,1171:1171,05/18/23 22:06:11,STABLE BEAMS,6800,312922.950900434,305705.824008938,40.4,DT
367696:8786,1172:1172,05/18/23 22:06:35,STABLE BEAMS,6800,312756.924054167,305018.846084350,40.4,DT
367696:8786,1173:1173,05/18/23 22:06:58,STABLE BEAMS,6800,312589.220593168,305396.178554654,40.4,DT
367696:8786,1175:1175,05/18/23 22:07:45,STABLE BEAMS,6800,311958.794631693,304801.311531323,40.3,DT
367696:8786,1176:1176,05/18/23 22:08:08,STABLE BEAMS,6800,312492.531466706,305292.763384033,40.4,DT
367696:8786,1177:1177,05/18/23 22:08:31,STABLE BEAMS,6800,312332.272870088,305145.921299008,40.4,DT
367696:8786,1179:1179,05/18/23 22:09:18,STABLE BEAMS,6800,311601.536699728,304464.961230144,40.3,DT
367696:8786,1181:1181,05/18/23 22:10:04,STABLE BEAMS,6800,311739.557709407,304563.173369267,40.3,DT
367696:8786,1182:1182,05/18/23 22:10:28,STABLE BEAMS,6800,311774.010839089,304658.105040538,40.3,DT
367696:8786,1183:1183,05/18/23 22:10:51,STABLE BEAMS,6800,311562.104400733,304383.560787596,40.3,DT
367696:8786,1185:1185,05/18/23 22:11:38,STABLE BEAMS,6800,311272.782666067,304177.645674561,40.2,DT
367696:8786,1188:1188,05/18/23 22:12:48,STABLE BEAMS,6800,309772.625118926,298969.542010803,40.0,DT
367696:8786,1189:1189,05/18/23 22:13:11,STABLE BEAMS,6800,309924.242923900,302845.157948026,40.1,DT
367696:8786,1191:1191,05/18/23 22:13:58,STABLE BEAMS,6800,310195.534534850,303174.427946396,40.1,DT
367696:8786,1192:1192,05/18/23 22:14:21,STABLE BEAMS,6800,309894.606803903,298493.486571797,40.1,DT
367696:8786,1193:1193,05/18/23 22:14:44,STABLE BEAMS,6800,310197.593382993,303099.819744023,40.1,DT
367696:8786,1194:1194,05/18/23 22:15:07,STABLE BEAMS,6800,310077.534447900,302982.105948062,40.1,DT
367696:8786,1195:1195,05/18/23 22:15:31,STABLE BEAMS,6800,310150.446918805,299654.788065711,40.1,DT
367696:8786,1196:1196,05/18/23 22:15:54,STABLE BEAMS,6800,309945.349736999,302923.482141528,40.1,DT
367696:8786,1198:1198,05/18/23 22:16:41,STABLE BEAMS,6800,309638.087645556,302636.693703163,40.0,DT
367696:8786,1199:1199,05/18/23 22:17:04,STABLE BEAMS,6800,308874.367917149,301922.849299989,39.9,DT
367696:8786,1200:1200,05/18/23 22:17:27,STABLE BEAMS,6800,308600.904525457,301664.840959011,39.9,DT
367696:8786,1201:1201,05/18/23 22:17:51,STABLE BEAMS,6800,307739.182467166,297463.174889147,39.8,DT
367696:8786,1202:1202,05/18/23 22:18:14,STABLE BEAMS,6800,307428.617821142,300548.757602478,39.7,DT
367696:8786,1204:1204,05/18/23 22:19:01,STABLE BEAMS,6800,306927.253549860,300123.736342623,39.7,DT
367696:8786,1205:1205,05/18/23 22:19:24,STABLE BEAMS,6800,306328.949673404,299504.284682092,39.6,DT
367696:8786,1206:1206,05/18/23 22:19:47,STABLE BEAMS,6800,306639.379669023,299828.790503346,39.6,DT
367696:8786,1207:1207,05/18/23 22:20:11,STABLE BEAMS,6800,307082.037811156,300202.499523277,39.7,DT
367696:8786,1208:1208,05/18/23 22:20:34,STABLE BEAMS,6800,306999.555026450,300104.652480610,39.7,DT
367696:8786,1209:1209,05/18/23 22:20:57,STABLE BEAMS,6800,307169.360771207,239451.815925800,39.7,DT
367696:8786,1210:1210,05/18/23 22:21:21,STABLE BEAMS,6800,306341.505461798,299498.881681437,39.6,DT
367696:8786,1212:1212,05/18/23 22:22:07,STABLE BEAMS,6800,307231.551884518,300352.047276736,39.7,DT
367696:8786,1214:1214,05/18/23 22:22:54,STABLE BEAMS,6800,306269.949629929,299424.981059560,39.6,DT
367696:8786,1215:1215,05/18/23 22:23:17,STABLE BEAMS,6800,306318.384684024,299622.130229165,39.6,DT
367696:8786,1217:1217,05/18/23 22:24:04,STABLE BEAMS,6800,304890.779092185,298214.702902419,39.4,DT
367696:8786,1218:1218,05/18/23 22:24:27,STABLE BEAMS,6800,303573.345041651,293369.977648828,39.2,DT
367696:8786,1219:1219,05/18/23 22:24:50,STABLE BEAMS,6800,303215.589047969,296650.372451720,39.2,DT
367696:8786,1220:1220,05/18/23 22:25:14,STABLE BEAMS,6800,303404.329825084,296840.516325019,39.2,DT
367696:8786,1221:1221,05/18/23 22:25:37,STABLE BEAMS,6800,303136.817112624,296613.461891047,39.2,DT
367696:8786,1222:1222,05/18/23 22:26:00,STABLE BEAMS,6800,301806.352377641,295317.593154490,39.0,DT
367696:8786,1223:1223,05/18/23 22:26:24,STABLE BEAMS,6800,302268.081650392,295743.921602729,39.1,DT
367696:8786,1224:1224,05/18/23 22:26:47,STABLE BEAMS,6800,303091.978527436,296550.487687076,39.2,DT
367696:8786,1225:1225,05/18/23 22:27:10,STABLE BEAMS,6800,303431.364151753,296828.073721897,39.2,DT
367696:8786,1226:1226,05/18/23 22:27:33,STABLE BEAMS,6800,303818.733099771,297229.324170216,39.3,DT
367696:8786,1227:1227,05/18/23 22:27:57,STABLE BEAMS,6800,303704.714610846,297151.777355870,39.3,DT
367696:8786,1228:1228,05/18/23 22:28:20,STABLE BEAMS,6800,303817.941123727,297237.735701453,39.3,DT
367696:8786,1229:1229,05/18/23 22:28:43,STABLE BEAMS,6800,304054.892537594,297488.498267473,39.3,DT
367696:8786,1230:1230,05/18/23 22:29:07,STABLE BEAMS,6800,304052.471725994,293056.195776349,39.3,DT
367696:8786,1232:1232,05/18/23 22:29:53,STABLE BEAMS,6800,304335.616916231,297770.218190282,39.3,DT
367696:8786,1233:1233,05/18/23 22:30:17,STABLE BEAMS,6800,304033.581577105,297437.676913065,39.3,DT
367696:8786,1234:1234,05/18/23 22:30:40,STABLE BEAMS,6800,304022.654624268,297457.739759514,39.3,DT
367696:8786,1235:1235,05/18/23 22:31:03,STABLE BEAMS,6800,304356.814944121,297751.305361718,39.3,DT
367696:8786,1236:1236,05/18/23 22:31:27,STABLE BEAMS,6800,304342.834467561,297747.283460591,39.3,DT
367696:8786,1237:1237,05/18/23 22:31:50,STABLE BEAMS,6800,304089.164685547,297519.753890245,39.3,DT
367696:8786,1238:1238,05/18/23 22:32:13,STABLE BEAMS,6800,304227.119093951,297584.560987681,39.3,DT
367696:8786,1239:1239,05/18/23 22:32:37,STABLE BEAMS,6800,303958.361227199,297415.841153425,39.3,DT
367696:8786,1240:1240,05/18/23 22:33:00,STABLE BEAMS,6800,303809.864995077,297218.764538260,39.3,DT
367696:8786,1241:1241,05/18/23 22:33:23,STABLE BEAMS,6800,303797.626286672,297269.137454797,39.3,DT
367696:8786,1242:1242,05/18/23 22:33:46,STABLE BEAMS,6800,303772.152746429,235105.139890354,39.3,DT
367696:8786,1244:1244,05/18/23 22:34:33,STABLE BEAMS,6800,303684.150742932,297134.605960910,39.3,DT
367696:8786,1245:1245,05/18/23 22:34:56,STABLE BEAMS,6800,303826.628246693,297009.577734279,39.3,DT
367696:8786,1246:1246,05/18/23 22:35:20,STABLE BEAMS,6800,303803.575518050,297290.529562719,39.3,DT
367696:8786,1247:1247,05/18/23 22:35:43,STABLE BEAMS,6800,303805.747298791,297298.271149784,39.3,DT
367696:8786,1248:1248,05/18/23 22:36:06,STABLE BEAMS,6800,303457.991631497,296920.514760692,39.2,DT
367696:8786,1249:1249,05/18/23 22:36:30,STABLE BEAMS,6800,303047.569954836,292283.292480578,39.2,DT
367696:8786,1250:1250,05/18/23 22:36:53,STABLE BEAMS,6800,302673.346071719,296182.887515139,39.1,DT
367696:8786,1251:1251,05/18/23 22:37:16,STABLE BEAMS,6800,302648.188163610,296147.672163843,39.1,DT
367696:8786,1252:1252,05/18/23 22:37:40,STABLE BEAMS,6800,301927.586970043,295513.244773229,39.0,DT
367696:8786,1253:1253,05/18/23 22:38:03,STABLE BEAMS,6800,301903.245651493,295477.304445167,39.0,DT
367696:8786,1254:1254,05/18/23 22:38:26,STABLE BEAMS,6800,301241.146439685,294864.086937721,38.9,DT
367696:8786,1255:1255,05/18/23 22:38:49,STABLE BEAMS,6800,301000.779538639,294672.954620995,38.9,DT
367696:8786,1256:1256,05/18/23 22:39:13,STABLE BEAMS,6800,300077.501974866,293797.562984966,38.8,DT
367696:8786,1257:1257,05/18/23 22:39:36,STABLE BEAMS,6800,299628.689006112,292796.405255756,38.7,DT
367696:8786,1258:1258,05/18/23 22:39:59,STABLE BEAMS,6800,299697.123265128,238135.376046564,38.7,DT
367696:8786,1259:1259,05/18/23 22:40:23,STABLE BEAMS,6800,299004.280325144,201544.834126464,38.6,DT
367696:8786,1261:1261,05/18/23 22:41:09,STABLE BEAMS,6800,298956.207234506,292706.760160720,38.6,DT
367696:8786,1262:1262,05/18/23 22:41:33,STABLE BEAMS,6800,299294.394035853,292022.492525756,38.7,DT
367696:8786,1263:1263,05/18/23 22:41:56,STABLE BEAMS,6800,299793.156513807,293389.051281800,38.8,DT
367696:8786,1264:1264,05/18/23 22:42:19,STABLE BEAMS,6800,299866.070432565,206133.758715103,38.8,DT
367696:8786,1265:1265,05/18/23 22:42:43,STABLE BEAMS,6800,300050.852777315,293186.668151672,38.8,DT
367696:8786,1266:1266,05/18/23 22:43:06,STABLE BEAMS,6800,300305.560670524,293845.937338891,38.8,DT
367696:8786,1267:1267,05/18/23 22:43:29,STABLE BEAMS,6800,300939.155984028,294563.605973940,38.9,DT
367696:8786,1268:1268,05/18/23 22:43:53,STABLE BEAMS,6800,300556.673542678,294127.654218017,38.8,DT
367696:8786,1269:1269,05/18/23 22:44:16,STABLE BEAMS,6800,301080.706861339,294701.693666709,38.9,DT
367696:8786,1270:1270,05/18/23 22:44:39,STABLE BEAMS,6800,300835.498337093,294460.001576210,38.9,DT
367696:8786,1271:1271,05/18/23 22:45:02,STABLE BEAMS,6800,301323.923138717,294938.943092034,38.9,DT
367696:8786,1275:1275,05/18/23 22:46:36,STABLE BEAMS,6800,300581.263892086,294205.697915911,38.9,DT
367696:8786,1276:1276,05/18/23 22:46:59,STABLE BEAMS,6800,300124.874304252,293764.542072258,38.8,DT
367696:8786,1277:1277,05/18/23 22:47:22,STABLE BEAMS,6800,300172.517382304,293826.722800032,38.8,DT
367696:8786,1279:1279,05/18/23 22:48:09,STABLE BEAMS,6800,299626.563556693,293349.221087027,38.7,DT
367696:8786,1280:1280,05/18/23 22:48:32,STABLE BEAMS,6800,299772.275565905,293466.921788908,38.7,DT
367696:8786,1281:1281,05/18/23 22:48:56,STABLE BEAMS,6800,299707.258241922,293419.237372818,38.7,DT
367696:8786,1283:1283,05/18/23 22:49:42,STABLE BEAMS,6800,299291.159530402,293049.020308074,38.7,DT
367696:8786,1286:1286,05/18/23 22:50:52,STABLE BEAMS,6800,298248.704774517,292045.217819608,38.6,DT
367696:8786,1287:1287,05/18/23 22:51:15,STABLE BEAMS,6800,298424.414867183,292152.755774339,38.6,DT
367696:8786,1288:1288,05/18/23 22:51:39,STABLE BEAMS,6800,298933.222554992,292713.453782281,38.6,DT
367696:8786,1289:1289,05/18/23 22:52:02,STABLE BEAMS,6800,298254.903036753,292068.997297318,38.6,DT
367696:8786,1290:1290,05/18/23 22:52:25,STABLE BEAMS,6800,298152.308114528,292006.240293260,38.5,DT
367696:8786,1291:1291,05/18/23 22:52:49,STABLE BEAMS,6800,297678.408182503,291524.587496867,38.5,DT
367696:8786,1292:1292,05/18/23 22:53:12,STABLE BEAMS,6800,297798.580050195,291692.237944841,38.5,DT
367696:8786,1293:1293,05/18/23 22:53:35,STABLE BEAMS,6800,296550.642983387,290454.398570252,38.3,DT
367696:8786,1294:1294,05/18/23 22:53:59,STABLE BEAMS,6800,295828.864684658,289836.073148470,38.2,DT
367696:8786,1295:1295,05/18/23 22:54:22,STABLE BEAMS,6800,294902.736296698,284773.914817728,38.1,DT
367696:8786,1296:1296,05/18/23 22:54:45,STABLE BEAMS,6800,293960.002473190,288060.623950901,38.0,DT
367696:8786,1297:1297,05/18/23 22:55:09,STABLE BEAMS,6800,293253.494688781,287360.414951389,37.9,DT
367696:8786,1298:1298,05/18/23 22:55:32,STABLE BEAMS,6800,293018.399423522,287117.382809213,37.9,DT
367696:8786,1299:1299,05/18/23 22:55:55,STABLE BEAMS,6800,293293.740681628,287398.473846384,37.9,DT
367696:8786,1300:1300,05/18/23 22:56:18,STABLE BEAMS,6800,293067.106674137,287185.460118836,37.9,DT
367696:8786,1301:1301,05/18/23 22:56:42,STABLE BEAMS,6800,292561.262743113,286726.100739918,37.8,DT
367696:8786,1302:1302,05/18/23 22:57:05,STABLE BEAMS,6800,292176.857551880,286320.839891066,37.8,DT
367696:8786,1303:1303,05/18/23 22:57:28,STABLE BEAMS,6800,293104.863806253,287092.547327068,37.9,DT
367696:8786,1304:1304,05/18/23 22:57:52,STABLE BEAMS,6800,293197.164487764,287326.060033184,37.9,DT
367696:8786,1305:1305,05/18/23 22:58:15,STABLE BEAMS,6800,293050.026342532,287204.881199442,37.9,DT
367696:8786,1306:1306,05/18/23 22:58:38,STABLE BEAMS,6800,292586.736283356,286705.937073877,37.8,DT
367696:8786,1307:1307,05/18/23 22:59:02,STABLE BEAMS,6800,292744.620399696,286917.185124413,37.8,DT
367696:8786,1308:1308,05/18/23 22:59:25,STABLE BEAMS,6800,292486.562172730,286322.708872861,37.8,DT
367696:8786,1309:1309,05/18/23 22:59:48,STABLE BEAMS,6800,292414.373628739,286574.263875020,37.8,DT
367696:8786,1310:1310,05/18/23 23:00:12,STABLE BEAMS,6800,292134.009765705,286319.522780979,37.8,DT
367696:8786,1311:1311,05/18/23 23:00:35,STABLE BEAMS,6800,292396.365222831,286566.859094061,37.8,DT
367696:8786,1312:1312,05/18/23 23:00:58,STABLE BEAMS,6800,292089.172628372,285855.162867661,37.8,DT
367696:8786,1313:1313,05/18/23 23:01:21,STABLE BEAMS,6800,292080.598438004,286302.595519100,37.8,DT
367696:8786,1314:1314,05/18/23 23:01:45,STABLE BEAMS,6800,291963.637910102,286133.413426199,37.7,DT
367696:8786,1315:1315,05/18/23 23:02:08,STABLE BEAMS,6800,291602.149349253,285808.619716143,37.7,DT
367696:8786,1316:1316,05/18/23 23:02:31,STABLE BEAMS,6800,291859.800729293,285993.711382456,37.7,DT
367696:8786,1318:1318,05/18/23 23:03:18,STABLE BEAMS,6800,291471.164909176,285546.280723888,37.7,DT
367696:8786,1319:1319,05/18/23 23:03:41,STABLE BEAMS,6800,291557.561242777,285789.154633733,37.7,DT
367696:8786,1320:1320,05/18/23 23:04:05,STABLE BEAMS,6800,291621.786590717,282555.807691296,37.7,DT
367696:8786,1321:1321,05/18/23 23:04:28,STABLE BEAMS,6800,291690.921610985,285913.046988989,37.7,DT
367696:8786,1322:1322,05/18/23 23:04:51,STABLE BEAMS,6800,291414.879591627,285652.680810208,37.7,DT
367696:8786,1323:1323,05/18/23 23:05:15,STABLE BEAMS,6800,291128.068435499,285338.767225870,37.6,DT
367696:8786,1324:1324,05/18/23 23:05:38,STABLE BEAMS,6800,291484.263642754,285694.560537632,37.7,DT
367696:8786,1325:1325,05/18/23 23:06:01,STABLE BEAMS,6800,291586.314171940,285798.889909352,37.7,DT
367696:8786,1326:1326,05/18/23 23:06:25,STABLE BEAMS,6800,291346.377283481,285586.030105700,37.7,DT
367696:8786,1327:1327,05/18/23 23:06:48,STABLE BEAMS,6800,291112.233258186,285302.541003186,37.6,DT
367696:8786,1328:1328,05/18/23 23:07:11,STABLE BEAMS,6800,290900.122672440,282091.328408356,37.6,DT
367696:8786,1329:1329,05/18/23 23:07:34,STABLE BEAMS,6800,291096.577614748,282350.393095691,37.6,DT
367696:8786,1330:1330,05/18/23 23:07:58,STABLE BEAMS,6800,290815.898119580,282055.860178889,37.6,DT
367696:8786,1331:1331,05/18/23 23:08:21,STABLE BEAMS,6800,290632.676561256,281824.740402928,37.6,DT
367696:8786,1332:1332,05/18/23 23:08:44,STABLE BEAMS,6800,290643.467415833,281980.319983722,37.6,DT
367696:8786,1333:1333,05/18/23 23:09:08,STABLE BEAMS,6800,290081.676965056,278257.926403933,37.5,DT
367696:8786,1334:1334,05/18/23 23:09:31,STABLE BEAMS,6800,289667.341739499,280571.180008197,37.4,DT
367696:8786,1335:1335,05/18/23 23:09:54,STABLE BEAMS,6800,290251.935888061,281520.953319185,37.5,DT
367696:8786,1336:1336,05/18/23 23:10:18,STABLE BEAMS,6800,290656.204185955,281769.101714440,37.6,DT
367696:8786,1337:1337,05/18/23 23:10:41,STABLE BEAMS,6800,290337.585129088,281661.640383699,37.5,DT
367696:8786,1338:1338,05/18/23 23:11:04,STABLE BEAMS,6800,289711.863244698,281108.856370671,37.4,DT
367696:8786,1339:1339,05/18/23 23:11:28,STABLE BEAMS,6800,289839.817326714,277194.512017414,37.5,DT
367696:8786,1340:1340,05/18/23 23:11:51,STABLE BEAMS,6800,289357.773216908,280851.624177550,37.4,DT
367696:8786,1341:1341,05/18/23 23:12:14,STABLE BEAMS,6800,288769.582599438,280317.496774181,37.3,DT
367696:8786,1342:1342,05/18/23 23:12:38,STABLE BEAMS,6800,288348.732031657,279804.908669366,37.3,DT
367696:8786,1343:1343,05/18/23 23:13:01,STABLE BEAMS,6800,289164.620829181,105485.713009385,37.4,DT
367696:8786,1344:1344,05/18/23 23:13:24,STABLE BEAMS,6800,288894.255844681,280470.563626208,37.3,DT
367696:8786,1345:1345,05/18/23 23:13:47,STABLE BEAMS,6800,288639.343804083,280216.394645838,37.3,DT
367696:8786,1346:1346,05/18/23 23:14:11,STABLE BEAMS,6800,288679.589796929,279796.227315788,37.3,DT
367696:8786,1347:1347,05/18/23 23:14:34,STABLE BEAMS,6800,288870.706502174,280341.630856608,37.3,DT
367696:8786,1348:1348,05/18/23 23:14:57,STABLE BEAMS,6800,288825.912800456,280250.201471885,37.3,DT
367696:8786,1349:1349,05/18/23 23:15:21,STABLE BEAMS,6800,289174.121645998,276501.233659357,37.4,DT
367696:8786,1350:1350,05/18/23 23:15:44,STABLE BEAMS,6800,288577.041206026,280154.511517907,37.3,DT
367696:8786,1351:1351,05/18/23 23:16:07,STABLE BEAMS,6800,288441.779805743,279923.717977686,37.3,DT
367696:8786,1352:1352,05/18/23 23:16:31,STABLE BEAMS,6800,287875.194063088,279531.752164513,37.2,DT
367696:8786,1353:1353,05/18/23 23:16:54,STABLE BEAMS,6800,287854.313115186,279197.445657797,37.2,DT
367696:8786,1354:1354,05/18/23 23:17:17,STABLE BEAMS,6800,287520.717458326,279239.549520613,37.2,DT
367696:8786,1355:1355,05/18/23 23:17:41,STABLE BEAMS,6800,287095.388678656,278951.630346996,37.1,DT
367696:8786,1356:1356,05/18/23 23:18:04,STABLE BEAMS,6800,287184.951468579,279085.119264273,37.1,DT
367696:8786,1357:1357,05/18/23 23:18:27,STABLE BEAMS,6800,286614.475342690,278522.517407141,37.0,DT
367696:8786,1358:1358,05/18/23 23:18:51,STABLE BEAMS,6800,286159.259964310,278137.495616037,37.0,DT
367696:8786,1359:1359,05/18/23 23:19:14,STABLE BEAMS,6800,285999.566030685,277905.745708066,37.0,DT
367696:8786,1360:1360,05/18/23 23:19:37,STABLE BEAMS,6800,286319.134879663,277821.348649318,37.0,DT
367696:8786,1361:1361,05/18/23 23:20:00,STABLE BEAMS,6800,286497.131133523,278353.506563688,37.0,DT
367696:8786,1362:1362,05/18/23 23:20:24,STABLE BEAMS,6800,286790.728380541,278682.503675023,37.1,DT
367696:8786,1363:1363,05/18/23 23:20:47,STABLE BEAMS,6800,286782.788350150,278686.437416242,37.1,DT
367696:8786,1364:1364,05/18/23 23:21:10,STABLE BEAMS,6800,286867.758547732,278732.063927036,37.1,DT
367696:8786,1365:1365,05/18/23 23:21:34,STABLE BEAMS,6800,286637.504905672,278485.427866313,37.0,DT
367696:8786,1366:1366,05/18/23 23:21:57,STABLE BEAMS,6800,286506.201937753,278390.498362524,37.0,DT
367696:8786,1367:1367,05/18/23 23:22:20,STABLE BEAMS,6800,286189.620011221,278018.623060796,37.0,DT
367696:8786,1368:1368,05/18/23 23:22:44,STABLE BEAMS,6800,286856.514514906,278678.432299141,37.1,DT
367696:8786,1369:1369,05/18/23 23:23:07,STABLE BEAMS,6800,286894.769708740,278686.021426962,37.1,DT
367696:8786,1370:1370,05/18/23 23:23:30,STABLE BEAMS,6800,286965.465515435,278766.842365042,37.1,DT
367696:8786,1371:1371,05/18/23 23:23:54,STABLE BEAMS,6800,286628.749733576,278428.308570057,37.0,DT
367696:8786,1372:1372,05/18/23 23:24:17,STABLE BEAMS,6800,286738.560759278,278564.107818893,37.1,DT
367696:8786,1373:1373,05/18/23 23:24:40,STABLE BEAMS,6800,286674.968123461,278520.328370258,37.1,DT
367696:8786,1374:1374,05/18/23 23:25:04,STABLE BEAMS,6800,286317.076031520,278153.007018081,37.0,DT
367696:8786,1375:1375,05/18/23 23:25:27,STABLE BEAMS,6800,286140.256882822,277962.527520936,37.0,DT
367696:8786,1376:1376,05/18/23 23:25:50,STABLE BEAMS,6800,286306.511042140,278161.169966741,37.0,DT
367696:8786,1377:1377,05/18/23 23:26:13,STABLE BEAMS,6800,286344.472321646,278204.507553063,37.0,DT
367696:8786,1378:1378,05/18/23 23:26:37,STABLE BEAMS,6800,286009.068295355,277901.411931399,37.0,DT
367696:8786,1379:1379,05/18/23 23:27:00,STABLE BEAMS,6800,286085.351369971,278028.583520088,37.0,DT
367696:8786,1380:1380,05/18/23 23:27:23,STABLE BEAMS,6800,285547.769035192,277444.987358070,36.9,DT
367696:8786,1381:1381,05/18/23 23:27:47,STABLE BEAMS,6800,285749.314631558,277658.455261147,36.9,DT
367696:8786,1382:1382,05/18/23 23:28:10,STABLE BEAMS,6800,285545.414824868,277558.528422205,36.9,DT
367696:8786,1383:1383,05/18/23 23:28:33,STABLE BEAMS,6800,284702.312166800,276700.024503790,36.8,DT
367696:8786,1384:1384,05/18/23 23:28:57,STABLE BEAMS,6800,284773.369936952,276800.524762248,36.8,DT
367696:8786,1385:1385,05/18/23 23:29:20,STABLE BEAMS,6800,285183.429650156,273259.866281570,36.9,DT
367696:8786,1386:1386,05/18/23 23:29:43,STABLE BEAMS,6800,284792.260085841,276888.258387924,36.8,DT
367696:8786,1387:1387,05/18/23 23:30:07,STABLE BEAMS,6800,284279.289818277,276384.333026653,36.7,DT
367696:8786,1388:1388,05/18/23 23:30:30,STABLE BEAMS,6800,284287.976941243,276413.279012028,36.7,DT
367696:8786,1389:1389,05/18/23 23:30:53,STABLE BEAMS,6800,284772.013297915,276821.604022117,36.8,DT
367696:8786,1390:1390,05/18/23 23:31:16,STABLE BEAMS,6800,284709.144589012,276808.305051413,36.8,DT
367696:8786,1391:1391,05/18/23 23:31:40,STABLE BEAMS,6800,284154.819272570,276250.680049719,36.7,DT
367696:8786,1392:1392,05/18/23 23:32:03,STABLE BEAMS,6800,284401.950546699,276505.507011930,36.8,DT
367696:8786,1393:1393,05/18/23 23:32:26,STABLE BEAMS,6800,284288.475002959,276420.320448107,36.7,DT
367696:8786,1394:1394,05/18/23 23:32:50,STABLE BEAMS,6800,284344.443240520,276460.020638730,36.8,DT
367696:8786,1395:1395,05/18/23 23:33:13,STABLE BEAMS,6800,284302.772559507,276496.465128540,36.7,DT
367696:8786,1396:1396,05/18/23 23:33:36,STABLE BEAMS,6800,284219.408031821,276409.681622783,36.7,DT
367696:8786,1397:1397,05/18/23 23:34:00,STABLE BEAMS,6800,284068.671969827,276242.960822706,36.7,DT
367696:8786,1398:1398,05/18/23 23:34:23,STABLE BEAMS,6800,284127.740062432,276341.690003623,36.7,DT
367696:8786,1399:1399,05/18/23 23:34:46,STABLE BEAMS,6800,283759.736159359,272819.766438135,36.7,DT
367696:8786,1400:1400,05/18/23 23:35:10,STABLE BEAMS,6800,283822.898782589,222929.650629016,36.7,DT
367696:8786,1401:1401,05/18/23 23:35:33,STABLE BEAMS,6800,283651.351269677,205862.157405097,36.7,DT
367696:8786,1402:1402,05/18/23 23:35:56,STABLE BEAMS,6800,283318.050974998,275694.886378411,36.6,DT
367696:8786,1403:1403,05/18/23 23:36:20,STABLE BEAMS,6800,282997.125486984,274974.314778625,36.6,DT
367696:8786,1404:1404,05/18/23 23:36:43,STABLE BEAMS,6800,282131.805511931,274534.632196716,36.5,DT
367696:8786,1405:1405,05/18/23 23:37:06,STABLE BEAMS,6800,281776.471777703,274225.098237322,36.4,DT
367696:8786,1406:1406,05/18/23 23:37:29,STABLE BEAMS,6800,281690.504008834,274186.317291960,36.4,DT
367696:8786,1407:1407,05/18/23 23:37:53,STABLE BEAMS,6800,280952.257820670,273484.785364358,36.3,DT
367696:8786,1408:1408,05/18/23 23:38:16,STABLE BEAMS,6800,280926.422316970,273481.460933566,36.3,DT
367696:8786,1409:1409,05/18/23 23:38:39,STABLE BEAMS,6800,280710.081102339,273209.643570893,36.3,DT
367696:8786,1410:1410,05/18/23 23:39:03,STABLE BEAMS,6800,280658.728622781,269280.761430110,36.3,DT
367696:8786,1411:1411,05/18/23 23:39:26,STABLE BEAMS,6800,280467.407770146,272992.286757502,36.3,DT
367696:8786,1412:1412,05/18/23 23:39:49,STABLE BEAMS,6800,280456.163737321,272945.195082946,36.3,DT
367696:8786,1413:1413,05/18/23 23:40:13,STABLE BEAMS,6800,280584.049770207,273155.608685571,36.3,DT
367696:8786,1414:1414,05/18/23 23:40:36,STABLE BEAMS,6800,280378.092563228,272978.093921656,36.2,DT
367696:8786,1415:1415,05/18/23 23:40:59,STABLE BEAMS,6800,280031.083988509,267725.603212493,36.2,DT
367696:8786,1416:1416,05/18/23 23:41:23,STABLE BEAMS,6800,279576.683751834,272191.594386432,36.1,DT
367696:8786,1417:1417,05/18/23 23:41:46,STABLE BEAMS,6800,280022.214435961,272659.489627806,36.2,DT
367696:8786,1418:1418,05/18/23 23:42:09,STABLE BEAMS,6800,279818.790973180,272191.528060425,36.2,DT
367696:8786,1419:1419,05/18/23 23:42:33,STABLE BEAMS,6800,279821.392766509,272482.758108587,36.2,DT
367696:8786,1420:1420,05/18/23 23:42:56,STABLE BEAMS,6800,279780.288196343,272133.021600185,36.2,DT
367696:8786,1421:1421,05/18/23 23:43:19,STABLE BEAMS,6800,279306.250718204,271959.591595507,36.1,DT
367696:8786,1422:1422,05/18/23 23:43:42,STABLE BEAMS,6800,279688.598509147,272389.270921448,36.2,DT
367696:8786,1423:1423,05/18/23 23:44:06,STABLE BEAMS,6800,279008.988953148,271732.094325589,36.1,DT
367696:8786,1424:1424,05/18/23 23:44:29,STABLE BEAMS,6800,279146.873864567,271798.480469584,36.1,DT
367696:8786,1425:1425,05/18/23 23:44:52,STABLE BEAMS,6800,278966.322148701,271695.403905977,36.1,DT
367696:8786,1426:1426,05/18/23 23:45:16,STABLE BEAMS,6800,278937.931182996,271702.302782117,36.1,DT
367696:8786,1427:1427,05/18/23 23:45:39,STABLE BEAMS,6800,278757.379467130,271464.297732016,36.0,DT
367696:8786,1428:1428,05/18/23 23:46:02,STABLE BEAMS,6800,278794.457555802,271472.540386348,36.0,DT
367696:8786,1429:1429,05/18/23 23:46:26,STABLE BEAMS,6800,278699.736062691,271418.742608728,36.0,DT
367696:8786,1430:1430,05/18/23 23:46:49,STABLE BEAMS,6800,278327.999592450,271092.045348385,36.0,DT
367696:8786,1431:1431,05/18/23 23:47:12,STABLE BEAMS,6800,277913.981446881,270653.648264693,35.9,DT
367696:8786,1432:1432,05/18/23 23:47:36,STABLE BEAMS,6800,278117.585891390,266992.704488291,35.9,DT
367696:8786,1433:1433,05/18/23 23:47:59,STABLE BEAMS,6800,278312.978108989,270557.802503846,36.0,DT
367696:8786,1434:1434,05/18/23 23:48:22,STABLE BEAMS,6800,278510.113542596,271275.311663059,36.0,DT
367696:8786,1435:1435,05/18/23 23:48:45,STABLE BEAMS,6800,278539.070619148,271326.908015707,36.0,DT
367696:8786,1436:1436,05/18/23 23:49:09,STABLE BEAMS,6800,278357.137650731,271176.231500722,36.0,DT
367696:8786,1437:1437,05/18/23 23:49:32,STABLE BEAMS,6800,278065.848282714,270879.094370005,35.9,DT
367696:8786,1438:1438,05/18/23 23:49:55,STABLE BEAMS,6800,278159.370952855,271044.007568739,36.0,DT
367696:8786,1439:1439,05/18/23 23:50:19,STABLE BEAMS,6800,277353.617132124,270249.640978026,35.8,DT
367696:8786,1440:1440,05/18/23 23:50:42,STABLE BEAMS,6800,277576.269541589,270363.971160451,35.9,DT
367696:8786,1441:1441,05/18/23 23:51:05,STABLE BEAMS,6800,278559.430339672,271342.243112183,36.0,DT
367696:8786,1442:1442,05/18/23 23:51:29,STABLE BEAMS,6800,277663.163936908,270528.061276724,35.9,DT
367696:8786,1443:1443,05/18/23 23:51:52,STABLE BEAMS,6800,277251.882235073,270169.247655156,35.8,DT
367696:8786,1444:1444,05/18/23 23:52:15,STABLE BEAMS,6800,277007.037122138,269898.947076311,35.8,DT
367696:8786,1445:1445,05/18/23 23:52:39,STABLE BEAMS,6800,277038.527942889,269881.634929845,35.8,DT
367696:8786,1446:1446,05/18/23 23:53:02,STABLE BEAMS,6800,277029.885703392,269962.961139130,35.8,DT
367696:8786,1447:1447,05/18/23 23:53:25,STABLE BEAMS,6800,276703.371499603,266514.218933702,35.8,DT
367696:8786,1448:1448,05/18/23 23:53:49,STABLE BEAMS,6800,276345.685002905,269323.676233380,35.7,DT
367696:8786,1449:1449,05/18/23 23:54:12,STABLE BEAMS,6800,275962.387419850,268832.868315860,35.7,DT
367696:8786,1450:1450,05/18/23 23:54:35,STABLE BEAMS,6800,275668.428209375,268746.934976328,35.6,DT
367696:8786,1451:1451,05/18/23 23:54:58,STABLE BEAMS,6800,274911.110890593,268047.574200339,35.5,DT
367696:8786,1452:1452,05/18/23 23:55:22,STABLE BEAMS,6800,274455.511830949,267414.853207878,35.5,DT
367696:8786,1453:1453,05/18/23 23:55:45,STABLE BEAMS,6800,274117.325029601,267240.210589210,35.4,DT
367696:8786,1454:1454,05/18/23 23:56:08,STABLE BEAMS,6800,274054.275338970,225721.909321687,35.4,DT
367696:8786,1455:1455,05/18/23 23:56:32,STABLE BEAMS,6800,274068.821926376,267260.680540861,35.4,DT
367696:8786,1456:1456,05/18/23 23:56:55,STABLE BEAMS,6800,274306.133855846,267447.031898757,35.5,DT
367696:8786,1457:1457,05/18/23 23:57:18,STABLE BEAMS,6800,273721.177743827,266916.020033918,35.4,DT
367696:8786,1458:1458,05/18/23 23:57:42,STABLE BEAMS,6800,273823.975365588,267024.442401973,35.4,DT
367696:8786,1459:1459,05/18/23 23:58:05,STABLE BEAMS,6800,273341.863206652,266562.315803578,35.3,DT
367696:8786,1460:1460,05/18/23 23:58:28,STABLE BEAMS,6800,273129.820670036,266419.923123971,35.3,DT
367696:8786,1461:1461,05/18/23 23:58:52,STABLE BEAMS,6800,272569.207324421,265835.028073580,35.2,DT
367696:8786,1462:1462,05/18/23 23:59:15,STABLE BEAMS,6800,272573.866518038,265806.685873405,35.2,DT
367696:8786,1463:1463,05/18/23 23:59:38,STABLE BEAMS,6800,272933.500378134,266170.624189418,35.3,DT
367696:8786,1464:1464,05/19/23 00:00:01,STABLE BEAMS,6800,273044.668042872,266206.773423522,35.3,DT
367696:8786,1465:1465,05/19/23 00:00:25,STABLE BEAMS,6800,272938.342001333,266191.525793250,35.3,DT
367696:8786,1466:1466,05/19/23 00:00:48,STABLE BEAMS,6800,272817.716955393,266072.799606027,35.3,DT
367696:8786,1467:1467,05/19/23 00:01:11,STABLE BEAMS,6800,272708.653022266,265864.475476127,35.2,DT
367696:8786,1468:1468,05/19/23 00:01:35,STABLE BEAMS,6800,272644.065710870,265941.152688209,35.2,DT
367696:8786,1469:1469,05/19/23 00:01:58,STABLE BEAMS,6800,272340.219106606,265660.941868011,35.2,DT
367696:8786,1470:1470,05/19/23 00:02:21,STABLE BEAMS,6800,271936.110072633,265285.568148111,35.1,DT
367696:8786,1471:1471,05/19/23 00:02:45,STABLE BEAMS,6800,272117.362549751,265445.535338789,35.2,DT
367696:8786,1472:1472,05/19/23 00:03:08,STABLE BEAMS,6800,272245.543944818,265540.981302075,35.2,DT
367696:8786,1473:1473,05/19/23 00:03:31,STABLE BEAMS,6800,272563.935688634,265911.202859905,35.2,DT
367696:8786,1474:1474,05/19/23 00:03:55,STABLE BEAMS,6800,272109.105439372,265473.767080145,35.2,DT
367696:8786,1475:1475,05/19/23 00:04:18,STABLE BEAMS,6800,272317.053445364,265584.562255302,35.2,DT
367696:8786,1476:1476,05/19/23 00:04:41,STABLE BEAMS,6800,272206.111645823,265585.931536474,35.2,DT
367696:8786,1477:1477,05/19/23 00:05:05,STABLE BEAMS,6800,272155.483093179,265558.590264169,35.2,DT
367696:8786,1478:1478,05/19/23 00:05:28,STABLE BEAMS,6800,271795.804349614,265220.829119540,35.1,DT
367696:8786,1479:1479,05/19/23 00:05:51,STABLE BEAMS,6800,271636.924109840,264970.689472148,35.1,DT
367696:8786,1480:1480,05/19/23 00:06:14,STABLE BEAMS,6800,271730.220914784,265132.270890391,35.1,DT
367696:8786,1481:1481,05/19/23 00:06:38,STABLE BEAMS,6800,271541.456972009,265002.896263630,35.1,DT
367696:8786,1482:1482,05/19/23 00:07:01,STABLE BEAMS,6800,271086.558673617,264523.755969309,35.0,DT
367696:8786,1483:1483,05/19/23 00:07:24,STABLE BEAMS,6800,271002.289237288,264415.404207403,35.0,DT
367696:8786,1484:1484,05/19/23 00:07:48,STABLE BEAMS,6800,271061.357329893,264498.019632552,35.0,DT
367696:8786,1485:1485,05/19/23 00:08:11,STABLE BEAMS,6800,271295.321821313,264670.080188376,35.1,DT
367696:8786,1486:1486,05/19/23 00:08:34,STABLE BEAMS,6800,270854.765962938,264307.556434859,35.0,DT
367696:8786,1487:1487,05/19/23 00:08:58,STABLE BEAMS,6800,270638.379864839,264083.670295027,35.0,DT
367696:8786,1488:1488,05/19/23 00:09:21,STABLE BEAMS,6800,270686.951017194,264117.961071913,35.0,DT
367696:8786,1489:1489,05/19/23 00:09:44,STABLE BEAMS,6800,270995.569747674,264441.241061144,35.0,DT
367696:8786,1490:1490,05/19/23 00:10:08,STABLE BEAMS,6800,270687.063949793,264063.832099823,35.0,DT
367696:8786,1491:1491,05/19/23 00:10:31,STABLE BEAMS,6800,270548.116313664,263979.257316380,35.0,DT
367696:8786,1492:1492,05/19/23 00:10:54,STABLE BEAMS,6800,270594.582286554,264041.025688124,35.0,DT
367696:8786,1493:1493,05/19/23 00:11:17,STABLE BEAMS,6800,270619.127752493,263713.321633700,35.0,DT
367696:8786,1494:1494,05/19/23 00:11:41,STABLE BEAMS,6800,270349.737173619,263856.137059179,34.9,DT
367696:8786,1495:1495,05/19/23 00:12:04,STABLE BEAMS,6800,269973.861289285,263481.421100531,34.9,DT
367696:8786,1496:1496,05/19/23 00:12:27,STABLE BEAMS,6800,269878.392703599,263417.309750796,34.9,DT
367696:8786,1497:1497,05/19/23 00:12:51,STABLE BEAMS,6800,270178.189660707,263708.585702814,34.9,DT
367696:8786,1498:1498,05/19/23 00:13:14,STABLE BEAMS,6800,269620.131777098,98392.998022092,34.9,DT
367696:8786,1499:1499,05/19/23 00:13:37,STABLE BEAMS,6800,269140.010417175,262718.194391196,34.8,DT
367696:8786,1500:1500,05/19/23 00:14:01,STABLE BEAMS,6800,269430.260226144,262947.914277133,34.8,DT
367696:8786,1501:1501,05/19/23 00:14:24,STABLE BEAMS,6800,269788.263802830,263352.316332311,34.9,DT
367696:8786,1502:1502,05/19/23 00:14:47,STABLE BEAMS,6800,269666.825063039,263234.020193017,34.9,DT
367696:8786,1503:1503,05/19/23 00:15:11,STABLE BEAMS,6800,268938.079691691,262499.059167392,34.8,DT
367696:8786,1504:1504,05/19/23 00:15:34,STABLE BEAMS,6800,269363.228937487,262889.490306832,34.8,DT
367696:8786,1505:1505,05/19/23 00:15:57,STABLE BEAMS,6800,269646.827305971,263164.677666857,34.9,DT
367696:8786,1506:1506,05/19/23 00:16:21,STABLE BEAMS,6800,269596.717084998,263151.253905458,34.8,DT
367696:8786,1507:1507,05/19/23 00:16:44,STABLE BEAMS,6800,269044.971844076,262630.606745256,34.8,DT
367696:8786,1508:1508,05/19/23 00:17:07,STABLE BEAMS,6800,269311.444997488,259098.496348182,34.8,DT
367696:8786,1527:1527,05/19/23 00:24:30,STABLE BEAMS,6800,267464.888422089,261200.752010767,34.6,DT
367696:8786,1528:1528,05/19/23 00:24:53,STABLE BEAMS,6800,267919.899653080,261551.841151081,34.6,DT
367696:8786,1529:1529,05/19/23 00:25:17,STABLE BEAMS,6800,267512.395401881,155868.873157033,34.6,DT
367696:8786,1536:1536,05/19/23 00:28:00,STABLE BEAMS,6800,266732.908545291,260476.630160953,34.5,DT
367696:8786,1537:1537,05/19/23 00:28:23,STABLE BEAMS,6800,266669.677872931,260461.216780968,34.5,DT
367696:8786,1540:1540,05/19/23 00:29:33,STABLE BEAMS,6800,266463.041622507,260325.725301163,34.4,DT
367696:8786,1541:1541,05/19/23 00:29:56,STABLE BEAMS,6800,265863.787953940,259671.020826910,34.4,DT
367696:8786,1542:1542,05/19/23 00:30:20,STABLE BEAMS,6800,266155.892463662,260003.583071858,34.4,DT
367696:8786,1543:1543,05/19/23 00:30:43,STABLE BEAMS,6800,265709.682736090,259345.567295231,34.3,DT
367696:8786,1544:1544,05/19/23 00:31:06,STABLE BEAMS,6800,265529.446652359,259416.038067066,34.3,DT
367696:8786,1545:1545,05/19/23 00:31:30,STABLE BEAMS,6800,265006.658487990,258908.788494504,34.3,DT
367696:8786,1548:1548,05/19/23 00:32:40,STABLE BEAMS,6800,264966.480544274,258873.660027069,34.2,DT
367696:8786,1549:1549,05/19/23 00:33:03,STABLE BEAMS,6800,264503.620497684,258415.210458369,34.2,DT
367696:8786,1550:1550,05/19/23 00:33:26,STABLE BEAMS,6800,264652.817491059,258599.210687271,34.2,DT
367696:8786,1551:1551,05/19/23 00:33:50,STABLE BEAMS,6800,264621.439602907,258587.426453217,34.2,DT
367696:8786,1552:1552,05/19/23 00:34:13,STABLE BEAMS,6800,264500.339660911,258472.937131758,34.2,DT
367696:8786,1553:1553,05/19/23 00:34:36,STABLE BEAMS,6800,264395.053178420,258374.316210224,34.2,DT
367696:8786,1554:1554,05/19/23 00:34:59,STABLE BEAMS,6800,264227.781177862,258207.327429646,34.2,DT
367696:8786,1555:1555,05/19/23 00:35:23,STABLE BEAMS,6800,264152.945957073,258189.085967300,34.1,DT
367696:8786,1556:1556,05/19/23 00:35:46,STABLE BEAMS,6800,263573.826143833,257641.947871894,34.1,DT
367696:8786,1557:1557,05/19/23 00:36:09,STABLE BEAMS,6800,263672.823149297,257735.985243220,34.1,DT
367696:8786,1558:1558,05/19/23 00:36:33,STABLE BEAMS,6800,263714.697977699,257760.493227902,34.1,DT
367696:8786,1559:1559,05/19/23 00:36:56,STABLE BEAMS,6800,263720.534276478,257775.421352840,34.1,DT
367696:8786,1560:1560,05/19/23 00:37:19,STABLE BEAMS,6800,262718.303795632,256472.493670505,34.0,DT
367696:8786,1561:1561,05/19/23 00:37:43,STABLE BEAMS,6800,263079.677976029,257108.394415904,34.0,DT
367696:8786,1564:1564,05/19/23 00:38:53,STABLE BEAMS,6800,263123.634818235,257155.849772602,34.0,DT
367696:8786,1565:1565,05/19/23 00:39:16,STABLE BEAMS,6800,263218.784876079,257243.580058955,34.0,DT
367696:8786,1566:1566,05/19/23 00:39:39,STABLE BEAMS,6800,262634.711954894,256731.323539624,33.9,DT
367696:8786,1567:1567,05/19/23 00:40:03,STABLE BEAMS,6800,262715.633953174,256776.471374736,34.0,DT
367696:8786,1568:1568,05/19/23 00:40:26,STABLE BEAMS,6800,262957.312609788,257027.062955111,34.0,DT
367696:8786,1569:1569,05/19/23 00:40:49,STABLE BEAMS,6800,262467.371905206,256581.700565407,33.9,DT
367696:8786,1570:1570,05/19/23 00:41:12,STABLE BEAMS,6800,262624.261345967,256664.902041006,33.9,DT
367696:8786,1571:1571,05/19/23 00:41:36,STABLE BEAMS,6800,262634.711954894,256716.028849593,33.9,DT
367696:8786,1572:1572,05/19/23 00:41:59,STABLE BEAMS,6800,262574.762119308,256654.652541881,33.9,DT
367696:8786,1573:1573,05/19/23 00:42:22,STABLE BEAMS,6800,262503.704349156,256592.407423756,33.9,DT
367696:8786,1574:1574,05/19/23 00:42:46,STABLE BEAMS,6800,262597.995829680,256361.170244005,33.9,DT
367696:8786,1575:1575,05/19/23 00:43:09,STABLE BEAMS,6800,262667.379880807,256668.622814933,34.0,DT
367696:8786,1576:1576,05/19/23 00:43:32,STABLE BEAMS,6800,262211.237875977,256359.408689965,33.9,DT
367696:8786,1577:1577,05/19/23 00:43:56,STABLE BEAMS,6800,261937.321306038,256069.518127217,33.9,DT
367696:8786,1578:1578,05/19/23 00:44:19,STABLE BEAMS,6800,262038.060079656,256179.870388810,33.9,DT
367696:8786,1579:1579,05/19/23 00:44:42,STABLE BEAMS,6800,262162.983803611,256297.544908656,33.9,DT
367696:8786,1580:1580,05/19/23 00:45:06,STABLE BEAMS,6800,262107.874143370,255466.638612861,33.9,DT
367696:8786,1581:1581,05/19/23 00:45:29,STABLE BEAMS,6800,261705.892006670,255840.031557709,33.8,DT
367696:8786,1582:1582,05/19/23 00:45:52,STABLE BEAMS,6800,261571.919196293,255727.680059807,33.8,DT
367696:8786,1583:1583,05/19/23 00:46:16,STABLE BEAMS,6800,262027.563139406,256193.547692678,33.9,DT
367696:8786,1584:1584,05/19/23 00:46:39,STABLE BEAMS,6800,261596.398060956,255774.027488063,33.8,DT
367696:8786,1585:1585,05/19/23 00:47:02,STABLE BEAMS,6800,260763.179900969,254904.823739333,33.7,DT
367696:8786,1586:1586,05/19/23 00:47:25,STABLE BEAMS,6800,261155.978300841,255334.659603967,33.8,DT
367696:8786,1587:1587,05/19/23 00:47:49,STABLE BEAMS,6800,260883.419817792,255056.806239022,33.7,DT
367696:8786,1588:1588,05/19/23 00:48:12,STABLE BEAMS,6800,261015.853559550,254686.783870733,33.7,DT
367696:8786,1589:1589,05/19/23 00:48:35,STABLE BEAMS,6800,260752.863942447,255028.394158113,33.7,DT
367696:8786,1590:1590,05/19/23 00:48:59,STABLE BEAMS,6800,260342.759345775,254110.084644137,33.7,DT
367696:8786,1591:1591,05/19/23 00:49:22,STABLE BEAMS,6800,260274.620448939,254528.694312582,33.6,DT
367696:8786,1592:1592,05/19/23 00:49:45,STABLE BEAMS,6800,260354.863403773,254335.444173722,33.7,DT
367696:8786,1593:1593,05/19/23 00:50:09,STABLE BEAMS,6800,260665.291951538,254918.364456292,33.7,DT
367696:8786,1594:1594,05/19/23 00:50:32,STABLE BEAMS,6800,260337.353059582,254647.731026316,33.7,DT
367696:8786,1595:1595,05/19/23 00:50:55,STABLE BEAMS,6800,259748.166318679,254025.311962580,33.6,DT
367696:8786,1596:1596,05/19/23 00:51:19,STABLE BEAMS,6800,260000.703879000,254291.484688890,33.6,DT
367696:8786,1597:1597,05/19/23 00:51:42,STABLE BEAMS,6800,259606.548840092,253955.837744259,33.6,DT
367696:8786,1598:1598,05/19/23 00:52:05,STABLE BEAMS,6800,258985.328333252,253352.250001657,33.5,DT
367696:8786,1599:1599,05/19/23 00:52:28,STABLE BEAMS,6800,258743.265995374,253073.259160179,33.4,DT
367696:8786,1600:1600,05/19/23 00:52:52,STABLE BEAMS,6800,259624.125785559,253903.538616248,33.6,DT
367696:8786,1601:1601,05/19/23 00:53:15,STABLE BEAMS,6800,259549.856675618,253827.906160845,33.5,DT
367696:8786,1602:1602,05/19/23 00:53:38,STABLE BEAMS,6800,259881.890098198,254182.937817286,33.6,DT
367696:8786,1603:1603,05/19/23 00:54:02,STABLE BEAMS,6800,259646.929483344,253905.224641568,33.6,DT
367696:8786,1604:1604,05/19/23 00:54:25,STABLE BEAMS,6800,259911.322070806,254209.289734568,33.6,DT
367696:8786,1605:1605,05/19/23 00:54:48,STABLE BEAMS,6800,259736.312739392,254029.991064097,33.6,DT
367696:8786,1606:1606,05/19/23 00:55:12,STABLE BEAMS,6800,259867.479609051,254175.981973509,33.6,DT
367696:8786,1607:1607,05/19/23 00:55:35,STABLE BEAMS,6800,259507.664767227,250171.008915250,33.5,DT
367696:8786,1608:1608,05/19/23 00:55:58,STABLE BEAMS,6800,259120.793880926,253435.207684192,33.5,DT
367696:8786,1609:1609,05/19/23 00:56:22,STABLE BEAMS,6800,259619.850273206,253919.850455821,33.6,DT
367696:8786,1610:1610,05/19/23 00:56:45,STABLE BEAMS,6800,259396.995164205,253713.013525772,33.5,DT
367696:8786,1611:1611,05/19/23 00:57:08,STABLE BEAMS,6800,259495.743138810,253838.067892543,33.5,DT
367696:8786,1612:1612,05/19/23 00:57:31,STABLE BEAMS,6800,259240.467686902,250712.188809868,33.5,DT
367696:8786,1613:1613,05/19/23 00:57:55,STABLE BEAMS,6800,259385.366002262,251102.288864121,33.5,DT
367696:8786,1614:1614,05/19/23 00:58:18,STABLE BEAMS,6800,258947.436550730,250725.259032508,33.5,DT
367696:8786,1615:1615,05/19/23 00:58:41,STABLE BEAMS,6800,259143.574413050,250926.962197653,33.5,DT
367696:8786,1616:1616,05/19/23 00:59:05,STABLE BEAMS,6800,259285.510419479,250846.425899807,33.5,DT
367696:8786,1617:1617,05/19/23 00:59:28,STABLE BEAMS,6800,259210.288621719,250601.807260637,33.5,DT
367696:8786,1618:1618,05/19/23 00:59:51,STABLE BEAMS,6800,259027.316094253,198354.515072675,33.5,DT
367696:8786,1619:1619,05/19/23 01:00:15,STABLE BEAMS,6800,258638.002678545,188222.913113650,33.4,DT
367696:8786,1620:1620,05/19/23 01:00:38,STABLE BEAMS,6800,258700.848221787,250567.308713563,33.4,DT
367696:8786,1621:1621,05/19/23 01:01:01,STABLE BEAMS,6800,258624.020754132,250508.888997799,33.4,DT
367696:8786,1622:1622,05/19/23 01:01:25,STABLE BEAMS,6800,258351.100307626,250261.222792286,33.4,DT
367696:8786,1623:1623,05/19/23 01:01:48,STABLE BEAMS,6800,258336.757867609,246686.921158872,33.4,DT
367696:8786,1624:1624,05/19/23 01:02:11,STABLE BEAMS,6800,258116.458220614,250076.055022166,33.4,DT
367696:8786,1625:1625,05/19/23 01:02:35,STABLE BEAMS,6800,258261.424585104,250216.418091363,33.4,DT
367696:8786,1626:1626,05/19/23 01:02:58,STABLE BEAMS,6800,258139.306801868,250045.805356459,33.4,DT
367696:8786,1627:1627,05/19/23 01:03:21,STABLE BEAMS,6800,257766.959337312,249676.730892759,33.3,DT
367696:8786,1628:1628,05/19/23 01:03:45,STABLE BEAMS,6800,257866.205373633,249828.873747790,33.3,DT
367696:8786,1629:1629,05/19/23 01:04:08,STABLE BEAMS,6800,257823.290986183,249724.536694345,33.3,DT
367696:8786,1630:1630,05/19/23 01:04:31,STABLE BEAMS,6800,257622.173954550,249671.740303628,33.3,DT
367696:8786,1631:1631,05/19/23 01:04:54,STABLE BEAMS,6800,257366.084808790,192542.535717470,33.3,DT
367696:8786,1632:1632,05/19/23 01:05:18,STABLE BEAMS,6800,257835.846774576,249933.076947716,33.3,DT
367696:8786,1633:1633,05/19/23 01:05:41,STABLE BEAMS,6800,257594.845713553,249717.908412408,33.3,DT
367696:8786,1634:1634,05/19/23 01:06:04,STABLE BEAMS,6800,257644.163958484,249798.757255542,33.3,DT
367696:8786,1635:1635,05/19/23 01:06:28,STABLE BEAMS,6800,257265.277986042,249434.755256473,33.3,DT
367696:8786,1636:1636,05/19/23 01:06:51,STABLE BEAMS,6800,257595.592806129,249772.505145938,33.3,DT
367696:8786,1637:1637,05/19/23 01:07:14,STABLE BEAMS,6800,257265.595066030,249424.541011293,33.3,DT
367696:8786,1638:1638,05/19/23 01:07:38,STABLE BEAMS,6800,257424.903870537,249621.051949357,33.3,DT
367696:8786,1639:1639,05/19/23 01:08:01,STABLE BEAMS,6800,257227.950866512,249456.375904554,33.2,DT
367696:8786,1640:1640,05/19/23 01:08:24,STABLE BEAMS,6800,256714.867666350,217322.442551445,33.2,DT
367696:8786,1643:1643,05/19/23 01:09:34,STABLE BEAMS,6800,254239.241768512,246890.687436120,32.9,DT
367696:8786,1644:1644,05/19/23 01:09:57,STABLE BEAMS,6800,253214.659320275,245652.245412442,32.7,DT
367696:8786,1645:1645,05/19/23 01:10:21,STABLE BEAMS,6800,252498.287307738,244794.886497295,32.6,DT
367696:8786,1647:1647,05/19/23 01:11:07,STABLE BEAMS,6800,252021.762416723,244863.982864072,32.6,DT
367696:8786,1648:1648,05/19/23 01:11:31,STABLE BEAMS,6800,251703.370672907,244564.491135054,32.5,DT
367696:8786,1649:1649,05/19/23 01:11:54,STABLE BEAMS,6800,251837.229102832,244687.331955767,32.6,DT
367696:8786,1650:1650,05/19/23 01:12:17,STABLE BEAMS,6800,251846.165256656,244569.091894781,32.6,DT
367696:8786,1651:1651,05/19/23 01:12:41,STABLE BEAMS,6800,251370.341126894,243827.781014096,32.5,DT
367696:8786,1652:1652,05/19/23 01:13:04,STABLE BEAMS,6800,251172.212465561,244013.640193900,32.5,DT
367696:8786,1653:1653,05/19/23 01:13:27,STABLE BEAMS,6800,251608.038185481,243916.274430524,32.5,DT
367696:8786,1654:1654,05/19/23 01:13:51,STABLE BEAMS,6800,251676.992224022,244576.259561777,32.5,DT
367696:8786,1655:1655,05/19/23 01:14:14,STABLE BEAMS,6800,251537.478477046,244407.777965032,32.5,DT
367696:8786,1656:1656,05/19/23 01:14:37,STABLE BEAMS,6800,251431.468067642,244369.354751352,32.5,DT
367696:8786,1657:1657,05/19/23 01:15:01,STABLE BEAMS,6800,251402.149027632,244317.621635307,32.5,DT
367696:8786,1658:1658,05/19/23 01:15:24,STABLE BEAMS,6800,251404.569839232,182397.721121722,32.5,DT
367696:8786,1659:1659,05/19/23 01:15:47,STABLE BEAMS,6800,251146.987956176,244149.754349707,32.5,DT
367696:8786,1660:1660,05/19/23 01:16:10,STABLE BEAMS,6800,250951.708671176,243946.808905741,32.4,DT
367696:8786,1661:1661,05/19/23 01:16:34,STABLE BEAMS,6800,251149.362436453,244164.317683275,32.5,DT
367696:8786,1662:1662,05/19/23 01:16:57,STABLE BEAMS,6800,250484.028719194,243555.179243531,32.4,DT
367696:8786,1665:1665,05/19/23 01:18:07,STABLE BEAMS,6800,249863.533587122,242915.308580981,32.3,DT
367696:8786,1666:1666,05/19/23 01:18:30,STABLE BEAMS,6800,250200.294252450,243207.282247115,32.3,DT
367696:8786,1673:1673,05/19/23 01:21:14,STABLE BEAMS,6800,250148.488594643,243237.186533257,32.3,DT
367696:8786,1674:1674,05/19/23 01:21:37,STABLE BEAMS,6800,250456.745361666,243521.345496974,32.4,DT
367696:8786,1675:1675,05/19/23 01:22:00,STABLE BEAMS,6800,250148.307612915,243248.560199376,32.3,DT
367696:8786,1676:1676,05/19/23 01:22:23,STABLE BEAMS,6800,250113.897918848,243191.540861775,32.3,DT
367696:8786,1677:1677,05/19/23 01:22:47,STABLE BEAMS,6800,250128.987451439,243214.580829381,32.3,DT
367696:8786,1678:1678,05/19/23 01:23:10,STABLE BEAMS,6800,249719.878978200,242801.891443318,32.3,DT
367696:8786,1679:1679,05/19/23 01:23:33,STABLE BEAMS,6800,249806.818256987,242900.811691343,32.3,DT
367696:8786,1680:1680,05/19/23 01:23:57,STABLE BEAMS,6800,249289.074415353,242408.410001992,32.2,DT
367696:8786,1681:1681,05/19/23 01:24:20,STABLE BEAMS,6800,249626.085559393,242752.794748676,32.3,DT
367696:8786,1682:1682,05/19/23 01:24:43,STABLE BEAMS,6800,249495.710665777,242620.773151562,32.2,DT
367696:8786,1683:1683,05/19/23 01:25:07,STABLE BEAMS,6800,249610.610897683,242733.947197990,32.3,DT
367696:8786,1684:1684,05/19/23 01:25:30,STABLE BEAMS,6800,249555.773433962,242619.969420621,32.3,DT
367696:8786,1685:1685,05/19/23 01:25:53,STABLE BEAMS,6800,249167.341761235,242298.845199881,32.2,DT
367696:8786,1686:1686,05/19/23 01:26:17,STABLE BEAMS,6800,249306.901839533,242437.645335715,32.2,DT
367696:8786,1687:1687,05/19/23 01:26:40,STABLE BEAMS,6800,249125.964994549,242271.432576527,32.2,DT
367696:8786,1688:1688,05/19/23 01:27:03,STABLE BEAMS,6800,249189.692280772,242295.585036135,32.2,DT
367696:8786,1689:1689,05/19/23 01:27:26,STABLE BEAMS,6800,248955.774120674,242127.223352564,32.2,DT
367696:8786,1691:1691,05/19/23 01:28:13,STABLE BEAMS,6800,248581.503906235,241803.548325651,32.1,DT
367696:8786,1692:1692,05/19/23 01:28:36,STABLE BEAMS,6800,248697.400261574,241471.046731894,32.1,DT
367696:8786,1693:1693,05/19/23 01:29:00,STABLE BEAMS,6800,248255.487764162,241509.422334504,32.1,DT
367696:8786,1694:1694,05/19/23 01:29:23,STABLE BEAMS,6800,248304.872610368,241545.224591894,32.1,DT
367696:8786,1695:1695,05/19/23 01:29:46,STABLE BEAMS,6800,248448.210139303,241683.051886876,32.1,DT
367696:8786,1696:1696,05/19/23 01:30:10,STABLE BEAMS,6800,248233.612140681,241489.423779717,32.1,DT
367696:8786,1697:1697,05/19/23 01:30:33,STABLE BEAMS,6800,248172.621298192,241431.709281606,32.1,DT
367696:8786,1698:1698,05/19/23 01:30:56,STABLE BEAMS,6800,248272.138083180,241500.352327685,32.1,DT
367696:8786,1699:1699,05/19/23 01:31:20,STABLE BEAMS,6800,248117.918484877,241391.299096573,32.1,DT
367696:8786,1700:1700,05/19/23 01:31:43,STABLE BEAMS,6800,247798.034003765,241039.494997323,32.0,DT
367696:8786,1701:1701,05/19/23 01:32:06,STABLE BEAMS,6800,247972.319408264,240915.831421731,32.1,DT
367696:8786,1702:1702,05/19/23 01:32:30,STABLE BEAMS,6800,247486.428350839,240829.445197669,32.0,DT
367696:8786,1703:1703,05/19/23 01:32:53,STABLE BEAMS,6800,247944.312123823,241253.268172259,32.0,DT
367696:8786,1704:1704,05/19/23 01:33:16,STABLE BEAMS,6800,247777.423804529,241080.801128281,32.0,DT
367696:8786,1707:1707,05/19/23 01:34:26,STABLE BEAMS,6800,247554.816278532,240858.732937467,32.0,DT
367696:8786,1708:1708,05/19/23 01:34:49,STABLE BEAMS,6800,247250.292078677,240620.191456213,32.0,DT
367696:8786,1709:1709,05/19/23 01:35:13,STABLE BEAMS,6800,247507.286133079,240886.722052550,32.0,DT
367696:8786,1710:1710,05/19/23 01:35:36,STABLE BEAMS,6800,247398.222199952,240528.839092140,32.0,DT
367696:8786,1711:1711,05/19/23 01:35:59,STABLE BEAMS,6800,247273.323089513,240237.755670071,32.0,DT
367696:8786,1712:1712,05/19/23 01:36:23,STABLE BEAMS,6800,246931.832285731,240392.992619800,31.9,DT
367696:8786,1713:1713,05/19/23 01:36:46,STABLE BEAMS,6800,246871.656584947,239686.963255062,31.9,DT
367696:8786,1714:1714,05/19/23 01:37:09,STABLE BEAMS,6800,246855.888008911,240372.308459612,31.9,DT
367696:8786,1715:1715,05/19/23 01:37:33,STABLE BEAMS,6800,246456.439616409,239954.468241602,31.9,DT
367696:8786,1716:1716,05/19/23 01:37:56,STABLE BEAMS,6800,246293.645827739,239779.557645964,31.8,DT
367696:8786,1717:1717,05/19/23 01:38:19,STABLE BEAMS,6800,246817.113035553,240072.691823660,31.9,DT
367696:8786,1718:1718,05/19/23 01:38:42,STABLE BEAMS,6800,246700.041022906,240132.908306570,31.9,DT
367696:8786,1719:1719,05/19/23 01:39:06,STABLE BEAMS,6800,246501.525784601,239789.860849875,31.9,DT
367696:8786,1720:1720,05/19/23 01:39:29,STABLE BEAMS,6800,246800.598814795,240240.706867183,31.9,DT
367696:8786,1721:1721,05/19/23 01:39:52,STABLE BEAMS,6800,246493.766735939,239951.644025722,31.9,DT
367696:8786,1722:1722,05/19/23 01:40:16,STABLE BEAMS,6800,246388.005357393,239827.345086970,31.8,DT
367696:8786,1723:1723,05/19/23 01:40:39,STABLE BEAMS,6800,246165.080751408,239567.176359303,31.8,DT
367696:8786,1724:1724,05/19/23 01:41:02,STABLE BEAMS,6800,246172.230253609,239697.481046607,31.8,DT
367696:8786,1725:1725,05/19/23 01:41:26,STABLE BEAMS,6800,245308.517396305,236158.569552701,31.7,DT
367696:8786,1726:1726,05/19/23 01:41:49,STABLE BEAMS,6800,245086.520864624,238645.055727035,31.7,DT
367696:8786,1727:1727,05/19/23 01:42:12,STABLE BEAMS,6800,245816.328960681,239080.519692307,31.8,DT
367696:8786,1728:1728,05/19/23 01:42:36,STABLE BEAMS,6800,245467.193488689,239036.342968469,31.7,DT
367696:8786,1729:1729,05/19/23 01:42:59,STABLE BEAMS,6800,245302.227919278,238885.363357725,31.7,DT
367696:8786,1730:1730,05/19/23 01:43:22,STABLE BEAMS,6800,245205.289761957,234271.623334319,31.7,DT
367696:8786,1733:1733,05/19/23 01:44:32,STABLE BEAMS,6800,244942.866255701,238591.077411732,31.7,DT
367696:8786,1739:1739,05/19/23 01:46:52,STABLE BEAMS,6800,244691.867763999,238351.882017231,31.6,DT
367696:8786,1742:1742,05/19/23 01:48:02,STABLE BEAMS,6800,244755.096988505,238392.738563937,31.6,DT
367696:8786,1743:1743,05/19/23 01:48:25,STABLE BEAMS,6800,244626.961924761,238025.529109436,31.6,DT
367696:8786,1744:1744,05/19/23 01:48:49,STABLE BEAMS,6800,244410.892906650,238089.757896854,31.6,DT
367696:8786,1745:1745,05/19/23 01:49:12,STABLE BEAMS,6800,244549.886874102,238203.156902749,31.6,DT
367696:8786,1746:1746,05/19/23 01:49:35,STABLE BEAMS,6800,244212.875730062,237936.736039378,31.6,DT
367696:8786,1747:1747,05/19/23 01:49:58,STABLE BEAMS,6800,244022.008055675,237746.240096401,31.5,DT
367696:8786,1748:1748,05/19/23 01:50:22,STABLE BEAMS,6800,243687.351121959,237501.348225472,31.5,DT
367696:8786,1749:1749,05/19/23 01:50:45,STABLE BEAMS,6800,243132.574075123,236999.252728915,31.4,DT
367696:8786,1750:1750,05/19/23 01:51:08,STABLE BEAMS,6800,242786.875808118,236538.134170466,31.4,DT
367696:8786,1751:1751,05/19/23 01:51:32,STABLE BEAMS,6800,243017.242382776,236823.827181082,31.4,DT
367696:8786,1752:1752,05/19/23 01:51:55,STABLE BEAMS,6800,242956.998632863,235863.307122534,31.4,DT
367696:8786,1753:1753,05/19/23 01:52:18,STABLE BEAMS,6800,243098.730491902,236979.647397735,31.4,DT
367696:8786,1754:1754,05/19/23 01:52:42,STABLE BEAMS,6800,242892.705235794,221383.584057690,31.4,DT
367696:8786,1755:1755,05/19/23 01:53:05,STABLE BEAMS,6800,243242.836831219,150979.879687588,31.4,DT
367696:8786,1756:1756,05/19/23 01:53:28,STABLE BEAMS,6800,243159.540352662,236945.508694659,31.4,DT
367696:8786,1757:1757,05/19/23 01:53:52,STABLE BEAMS,6800,243700.652555073,127032.112294559,31.5,DT
367696:8786,1759:1759,05/19/23 01:54:38,STABLE BEAMS,6800,242929.851373595,236442.201404609,31.4,DT
367696:8786,1760:1760,05/19/23 01:55:02,STABLE BEAMS,6800,243005.071723501,236146.752585020,31.4,DT
367696:8786,1761:1761,05/19/23 01:55:25,STABLE BEAMS,6800,242380.414011675,235469.701313291,31.3,DT
367696:8786,1763:1763,05/19/23 01:56:12,STABLE BEAMS,6800,241538.327746994,234911.271782890,31.2,DT
367696:8786,1764:1764,05/19/23 01:56:35,STABLE BEAMS,6800,241769.690445086,235132.731703460,31.3,DT
367696:8786,1766:1766,05/19/23 01:57:21,STABLE BEAMS,6800,240970.566347032,235029.539060683,31.1,DT
367696:8786,1767:1767,05/19/23 01:57:45,STABLE BEAMS,6800,240501.257559494,234512.431175058,31.1,DT
367696:8786,1768:1768,05/19/23 01:58:08,STABLE BEAMS,6800,240699.251570421,234716.160355218,31.1,DT
367696:8786,1769:1769,05/19/23 01:58:31,STABLE BEAMS,6800,241018.141375953,102537.525741229,31.2,DT
367696:8786,1770:1770,05/19/23 01:58:55,STABLE BEAMS,6800,240675.225884005,234621.864889541,31.1,DT
367696:8786,1771:1771,05/19/23 01:59:18,STABLE BEAMS,6800,240693.053308184,234707.605542856,31.1,DT
367696:8786,1776:1776,05/19/23 02:01:15,STABLE BEAMS,6800,240729.815764722,234776.639013907,31.1,DT
367696:8786,1780:1780,05/19/23 02:02:48,STABLE BEAMS,6800,240771.621096140,234846.827579267,31.1,DT
367696:8786,1781:1781,05/19/23 02:03:11,STABLE BEAMS,6800,240380.203948820,234454.082391968,31.1,DT
367696:8786,1784:1784,05/19/23 02:04:21,STABLE BEAMS,6800,240128.707395402,234212.315448537,31.0,DT
367696:8786,1785:1785,05/19/23 02:04:44,STABLE BEAMS,6800,240193.814486322,234157.884874011,31.0,DT
367696:8786,1786:1786,05/19/23 02:05:08,STABLE BEAMS,6800,240350.250748835,234401.974703006,31.1,DT
367696:8786,1787:1787,05/19/23 02:05:31,STABLE BEAMS,6800,240336.902984398,234290.443345635,31.1,DT
367696:8786,1788:1788,05/19/23 02:05:54,STABLE BEAMS,6800,240671.244285979,234709.305849816,31.1,DT
367696:8786,1789:1789,05/19/23 02:06:18,STABLE BEAMS,6800,240460.265921926,234521.591826949,31.1,DT
367696:8786,1793:1793,05/19/23 02:07:51,STABLE BEAMS,6800,239867.776626442,233936.834214014,31.0,DT
367696:8786,1794:1794,05/19/23 02:08:14,STABLE BEAMS,6800,240034.053951421,234150.834075169,31.0,DT
367696:8786,1795:1795,05/19/23 02:08:37,STABLE BEAMS,6800,239592.254386608,233734.525365585,31.0,DT
367696:8786,1796:1796,05/19/23 02:09:01,STABLE BEAMS,6800,239208.662889226,233256.911765145,30.9,DT
367696:8786,1797:1797,05/19/23 02:09:24,STABLE BEAMS,6800,239430.705752230,233559.074917401,30.9,DT
367696:8786,1802:1802,05/19/23 02:11:21,STABLE BEAMS,6800,238707.547648803,232908.675465580,30.9,DT
367696:8786,1803:1803,05/19/23 02:11:44,STABLE BEAMS,6800,238379.789738576,232574.765289566,30.8,DT
367696:8786,1804:1804,05/19/23 02:12:07,STABLE BEAMS,6800,238373.523427210,232594.815477178,30.8,DT
367696:8786,1805:1805,05/19/23 02:12:31,STABLE BEAMS,6800,238114.085395547,232308.664334943,30.8,DT
367696:8786,1806:1806,05/19/23 02:12:54,STABLE BEAMS,6800,238164.512696509,232429.190304096,30.8,DT
367696:8786,1807:1807,05/19/23 02:13:17,STABLE BEAMS,6800,238203.898664181,232482.331226084,30.8,DT
367696:8786,1808:1808,05/19/23 02:13:40,STABLE BEAMS,6800,238048.050230323,232309.048148774,30.8,DT
367696:8786,1809:1809,05/19/23 02:14:04,STABLE BEAMS,6800,237916.815311534,232166.364077286,30.8,DT
367696:8786,1812:1812,05/19/23 02:15:14,STABLE BEAMS,6800,237677.874546508,231965.752276364,30.7,DT
367696:8786,1813:1813,05/19/23 02:15:37,STABLE BEAMS,6800,237734.206195379,231960.076928796,30.7,DT
367696:8786,1814:1814,05/19/23 02:16:00,STABLE BEAMS,6800,237803.226835195,231643.056474888,30.7,DT
367696:8786,1815:1815,05/19/23 02:16:24,STABLE BEAMS,6800,237702.850025034,231491.299054688,30.7,DT
367696:8786,1816:1816,05/19/23 02:16:47,STABLE BEAMS,6800,236207.896064550,175607.391268224,30.5,DT
367696:8786,1817:1817,05/19/23 02:17:10,STABLE BEAMS,6800,235725.556592563,230141.424039586,30.5,DT
367696:8786,1818:1818,05/19/23 02:17:34,STABLE BEAMS,6800,235585.431851272,229764.503415380,30.5,DT
367696:8786,1819:1819,05/19/23 02:17:57,STABLE BEAMS,6800,235488.357595692,229945.380238445,30.4,DT
367696:8786,1820:1820,05/19/23 02:18:20,STABLE BEAMS,6800,235190.099707203,229707.569628383,30.4,DT
367696:8786,1821:1821,05/19/23 02:18:44,STABLE BEAMS,6800,234941.092014514,229396.429522190,30.4,DT
367696:8786,1822:1822,05/19/23 02:19:07,STABLE BEAMS,6800,229006.090144247,223864.130479154,29.6,DT
367696:8786,1823:1823,05/19/23 02:19:30,STABLE BEAMS,6800,231167.848841480,225800.449408991,29.9,DT
367696:8786,1824:1824,05/19/23 02:19:53,STABLE BEAMS,6800,233157.517080616,228319.578271117,30.1,DT
367696:8786,1825:1825,05/19/23 02:20:17,STABLE BEAMS,6800,222062.453935655,217451.397606717,28.7,DT
367696:8786,1826:1826,05/19/23 02:20:40,STABLE BEAMS,6800,222322.639059894,218698.777086326,28.7,DT
367696:8786,1827:1827,05/19/23 02:21:03,STABLE BEAMS,6800,188418.561610688,184152.303674979,24.4,DT
367696:8786,1828:1828,05/19/23 02:21:27,STABLE BEAMS,6800,230799.165894962,226170.683417434,29.8,DT
367696:8786,1829:1829,05/19/23 02:21:50,STABLE BEAMS,6800,219385.621239247,214932.513427064,28.4,DT
367696:8786,1830:1830,05/19/23 02:22:13,STABLE BEAMS,6800,219630.444634375,215197.432129757,28.4,DT
367696:8786,1831:1831,05/19/23 02:22:37,STABLE BEAMS,6800,219861.762448998,215429.410175762,28.4,DT
367696:8786,1832:1832,05/19/23 02:23:00,STABLE BEAMS,6800,219788.894861562,215360.936661205,28.4,DT
367696:8786,1833:1833,05/19/23 02:23:23,STABLE BEAMS,6800,219390.462862447,214554.761525185,28.4,DT
367696:8786,1834:1834,05/19/23 02:23:47,STABLE BEAMS,6800,219801.382600825,215358.508086671,28.4,DT
367696:8786,1835:1835,05/19/23 02:24:10,STABLE BEAMS,6800,220072.674211775,215618.074629197,28.4,DT
367696:8786,1836:1836,05/19/23 02:24:33,STABLE BEAMS,6800,220315.913654815,215041.670776123,28.5,DT
367696:8786,1837:1837,05/19/23 02:24:56,STABLE BEAMS,6800,220603.289473936,216246.384985482,28.5,DT
367696:8786,1838:1838,05/19/23 02:25:20,STABLE BEAMS,6800,217688.623620680,213501.879645469,28.1,DT
367696:8786,1839:1839,05/19/23 02:25:43,STABLE BEAMS,6800,213967.436584165,209301.427169450,27.7,DT
367696:8786,1840:1840,05/19/23 02:26:06,STABLE BEAMS,6800,227212.946344403,222799.011287706,29.4,DT
367696:8786,1841:1841,05/19/23 02:26:30,STABLE BEAMS,6800,214376.613106534,209326.158318375,27.7,DT
367696:8786,1843:1843,05/19/23 02:27:16,STABLE BEAMS,6800,233117.520118628,212851.582573001,30.1,DT
367696:8786,1844:1844,05/19/23 02:27:40,STABLE BEAMS,6800,232732.118803962,226754.711383448,30.1,DT
367696:8786,1845:1845,05/19/23 02:28:03,STABLE BEAMS,6800,232458.384663605,93821.529063023,30.0,DT
367696:8786,1846:1846,05/19/23 02:28:26,STABLE BEAMS,6800,232135.920106972,173222.880349618,30.0,DT
367696:8786,1847:1847,05/19/23 02:28:50,STABLE BEAMS,6800,232390.516515435,187935.490945388,30.0,DT
367696:8786,1848:1848,05/19/23 02:29:13,STABLE BEAMS,6800,232141.259791888,226797.879677243,30.0,DT
367696:8786,1849:1849,05/19/23 02:29:36,STABLE BEAMS,6800,232251.386449724,226933.247984772,30.0,DT
367696:8786,1850:1850,05/19/23 02:30:00,STABLE BEAMS,6800,232060.880738794,171496.751412541,30.0,DT
367696:8786,1851:1851,05/19/23 02:30:23,STABLE BEAMS,6800,232001.495566200,117720.111562746,30.0,DT
367696:8786,1852:1852,05/19/23 02:30:46,STABLE BEAMS,6800,231897.160323674,103962.690892692,30.0,DT
367696:8786,1853:1853,05/19/23 02:31:09,STABLE BEAMS,6800,231593.428099863,221208.352443523,29.9,DT
367696:8786,1854:1854,05/19/23 02:31:33,STABLE BEAMS,6800,231877.908211328,225687.033840544,30.0,DT
367696:8786,1857:1857,05/19/23 02:32:43,STABLE BEAMS,6800,231582.139183569,226331.183672549,29.9,DT
367696:8786,1858:1858,05/19/23 02:33:06,STABLE BEAMS,6800,231624.239877168,226387.644804800,29.9,DT
367696:8786,1859:1859,05/19/23 02:33:29,STABLE BEAMS,6800,231471.265433157,226130.342915509,29.9,DT
367696:8786,1860:1860,05/19/23 02:33:53,STABLE BEAMS,6800,231592.568074689,226356.908176004,29.9,DT
367696:8786,1861:1861,05/19/23 02:34:16,STABLE BEAMS,6800,231407.853779069,226215.179326865,29.9,DT
367696:8786,1862:1862,05/19/23 02:34:39,STABLE BEAMS,6800,231201.896572090,224440.314336561,29.9,DT
367696:8786,1863:1863,05/19/23 02:35:03,STABLE BEAMS,6800,231153.076388877,225682.084560531,29.9,DT
367696:8786,1864:1864,05/19/23 02:35:26,STABLE BEAMS,6800,230868.911909546,225667.560732217,29.8,DT
367696:8786,1865:1865,05/19/23 02:35:49,STABLE BEAMS,6800,231175.494957544,200293.139945153,29.9,DT
367696:8786,1866:1866,05/19/23 02:36:13,STABLE BEAMS,6800,231112.151352586,118491.094611330,29.9,DT
367696:8786,1867:1867,05/19/23 02:36:36,STABLE BEAMS,6800,230379.356334082,120888.661691868,29.8,DT
367696:8786,1868:1868,05/19/23 02:36:59,STABLE BEAMS,6800,230538.372672116,224436.312241404,29.8,DT
367696:8786,1869:1869,05/19/23 02:37:22,STABLE BEAMS,6800,230757.676195677,225561.334380906,29.8,DT
367696:8786,1870:1870,05/19/23 02:37:46,STABLE BEAMS,6800,230790.593152448,224846.613390304,29.8,DT
367696:8786,1871:1871,05/19/23 02:38:09,STABLE BEAMS,6800,230926.419215725,139853.299376698,29.8,DT
367696:8786,1872:1872,05/19/23 02:38:32,STABLE BEAMS,6800,230825.997522095,205049.846963643,29.8,DT
367696:8786,1873:1873,05/19/23 02:38:56,STABLE BEAMS,6800,230819.663161599,224952.875488727,29.8,DT
367696:8786,1874:1874,05/19/23 02:39:19,STABLE BEAMS,6800,230592.531092392,225345.546064730,29.8,DT
367696:8786,1875:1875,05/19/23 02:39:42,STABLE BEAMS,6800,230199.370729063,225059.616700529,29.8,DT
367696:8786,1876:1876,05/19/23 02:40:06,STABLE BEAMS,6800,230165.073967595,215792.436546479,29.8,DT
367696:8786,1877:1877,05/19/23 02:40:29,STABLE BEAMS,6800,230453.762990137,15628.360670341,29.8,DT
367696:8786,1878:1878,05/19/23 02:40:52,STABLE BEAMS,6800,230239.729654508,224634.100155518,29.8,DT
367696:8786,1879:1879,05/19/23 02:41:16,STABLE BEAMS,6800,229969.366117862,224556.428357366,29.7,DT
367696:8786,1880:1880,05/19/23 02:41:39,STABLE BEAMS,6800,229643.416577065,224314.830469064,29.7,DT
367696:8786,1881:1881,05/19/23 02:42:02,STABLE BEAMS,6800,229517.001563668,224019.936577681,29.7,DT
367696:8786,1882:1882,05/19/23 02:42:25,STABLE BEAMS,6800,229889.666108213,224198.401623668,29.7,DT
367696:8786,1883:1883,05/19/23 02:42:49,STABLE BEAMS,6800,229851.975577372,224783.263699316,29.7,DT
367696:8786,1884:1884,05/19/23 02:43:12,STABLE BEAMS,6800,229413.841978450,224345.739573030,29.7,DT
367696:8786,1885:1885,05/19/23 02:43:35,STABLE BEAMS,6800,229568.490141486,224501.346989030,29.7,DT
367696:8786,1886:1886,05/19/23 02:43:59,STABLE BEAMS,6800,229668.754019049,121163.266537188,29.7,DT
367696:8786,1887:1887,05/19/23 02:44:22,STABLE BEAMS,6800,229305.953702632,207493.994315727,29.6,DT
367696:8786,1888:1888,05/19/23 02:44:45,STABLE BEAMS,6800,229183.610054198,161041.535211380,29.6,DT
367696:8786,1889:1889,05/19/23 02:45:09,STABLE BEAMS,6800,229547.202346659,182107.817378137,29.7,DT
367696:8786,1890:1890,05/19/23 02:45:32,STABLE BEAMS,6800,229309.800650252,223782.466148085,29.6,DT
367696:8786,1892:1892,05/19/23 02:46:19,STABLE BEAMS,6800,229295.141130247,223554.024989625,29.6,DT
367696:8786,1893:1893,05/19/23 02:46:42,STABLE BEAMS,6800,228897.771855842,223189.574568782,29.6,DT
367696:8786,1894:1894,05/19/23 02:47:05,STABLE BEAMS,6800,229115.901169949,222938.479754770,29.6,DT
367696:8786,1895:1895,05/19/23 02:47:28,STABLE BEAMS,6800,229751.417785483,223535.821216371,29.7,DT
367696:8786,1897:1897,05/19/23 02:48:15,STABLE BEAMS,6800,228951.184631396,129911.557653243,29.6,DT
367696:8786,1898:1898,05/19/23 02:48:38,STABLE BEAMS,6800,229067.691981051,224032.558685792,29.6,DT
367696:8786,1901:1901,05/19/23 02:49:48,STABLE BEAMS,6800,229084.274250939,221668.461029543,29.6,DT
367696:8786,1902:1902,05/19/23 02:50:12,STABLE BEAMS,6800,228773.415690588,223443.230421332,29.6,DT
367696:8786,1903:1903,05/19/23 02:50:35,STABLE BEAMS,6800,228961.998651635,222389.154684832,29.6,DT
367696:8786,1904:1904,05/19/23 02:50:58,STABLE BEAMS,6800,228579.380112026,157429.994425431,29.5,DT
367696:8786,1905:1905,05/19/23 02:51:22,STABLE BEAMS,6800,228886.642203469,152847.589140934,29.6,DT
367696:8786,1906:1906,05/19/23 02:51:45,STABLE BEAMS,6800,228555.400756933,119034.887001687,29.5,DT
367696:8786,1907:1907,05/19/23 02:52:08,STABLE BEAMS,6800,228361.614209229,32946.547388183,29.5,DT
367696:8786,1915:1915,05/19/23 02:55:15,STABLE BEAMS,6800,227511.385214621,36356.385563110,29.4,DT
367696:8786,1916:1916,05/19/23 02:55:38,STABLE BEAMS,6800,227707.523076941,11291.769917553,29.4,DT
367696:8786,1917:1917,05/19/23 02:56:01,STABLE BEAMS,6800,227376.801409929,31490.068527203,29.4,DT
367696:8786,1918:1918,05/19/23 02:56:25,STABLE BEAMS,6800,226708.978831940,67759.396921839,29.3,DT
367696:8786,1919:1919,05/19/23 02:56:48,STABLE BEAMS,6800,226419.228532541,184346.753537983,29.3,DT
367696:8786,1920:1920,05/19/23 02:57:11,STABLE BEAMS,6800,226259.918280181,74337.840278521,29.2,DT
367699:8786,1:1,05/19/23 03:14:55,STABLE BEAMS,6800,226898.649113490,213768.219399441,29.3,PXL
367699:8786,2:2,05/19/23 03:15:18,STABLE BEAMS,6800,225549.063358745,223544.506868710,29.2,PXL
367699:8786,3:3,05/19/23 03:15:41,STABLE BEAMS,6800,223254.309832305,221294.740010798,28.9,DT
367699:8786,4:4,05/19/23 03:16:05,STABLE BEAMS,6800,222893.998376618,220958.935960646,28.8,DT
367699:8786,5:5,05/19/23 03:16:28,STABLE BEAMS,6800,222512.510610848,168869.379905706,28.8,DT
367699:8786,6:6,05/19/23 03:16:51,STABLE BEAMS,6800,221799.171852080,216354.103345713,28.7,DT
367699:8786,7:7,05/19/23 03:17:15,STABLE BEAMS,6800,222325.126472770,217335.961080318,28.7,DT
367699:8786,8:8,05/19/23 03:17:38,STABLE BEAMS,6800,222191.336091975,217544.806924953,28.7,DT
367699:8786,9:9,05/19/23 03:18:01,STABLE BEAMS,6800,221464.649568770,216835.004662238,28.6,DT
367699:8786,10:10,05/19/23 03:18:24,STABLE BEAMS,6800,221655.200163169,208481.929523600,28.7,DT
367699:8786,13:13,05/19/23 03:19:34,STABLE BEAMS,6800,221818.626663962,216729.532525319,28.7,DT
367699:8786,14:14,05/19/23 03:19:58,STABLE BEAMS,6800,221971.534506696,217278.162410052,28.7,DT
367699:8786,15:15,05/19/23 03:20:21,STABLE BEAMS,6800,222356.753391780,217637.798755474,28.7,DT
367699:8786,16:16,05/19/23 03:20:44,STABLE BEAMS,6800,222378.358266596,151626.447124929,28.7,DT
367699:8786,17:17,05/19/23 03:21:08,STABLE BEAMS,6800,222264.520759399,217288.172435627,28.7,DT
367699:8786,18:18,05/19/23 03:21:31,STABLE BEAMS,6800,222563.887703921,217716.141717818,28.8,DT
367699:8786,19:19,05/19/23 03:21:54,STABLE BEAMS,6800,222997.609692230,217884.821961119,28.8,DT
367699:8786,20:20,05/19/23 03:22:18,STABLE BEAMS,6800,222660.395848654,217962.451959950,28.8,DT
367699:8786,21:21,05/19/23 03:22:41,STABLE BEAMS,6800,222828.097861800,218057.166592548,28.8,DT
367699:8786,22:22,05/19/23 03:23:04,STABLE BEAMS,6800,222636.936273085,217931.487504173,28.8,DT
367699:8786,23:23,05/19/23 03:23:28,STABLE BEAMS,6800,222566.737080253,217851.480943541,28.8,DT
367699:8786,24:24,05/19/23 03:23:51,STABLE BEAMS,6800,222409.282976500,217699.733092562,28.7,DT
367699:8786,25:25,05/19/23 03:24:14,STABLE BEAMS,6800,222355.577734472,217634.949963416,28.7,DT
367699:8786,26:26,05/19/23 03:24:37,STABLE BEAMS,6800,222235.993695434,217515.017413637,28.7,DT
367699:8786,27:27,05/19/23 03:25:01,STABLE BEAMS,6800,222148.850269257,217486.785247106,28.7,DT
367699:8786,29:29,05/19/23 03:25:47,STABLE BEAMS,6800,221199.692318316,216537.636240446,28.6,DT
367699:8786,30:30,05/19/23 03:26:11,STABLE BEAMS,6800,221701.282454795,217050.788915037,28.7,DT
367699:8786,31:31,05/19/23 03:26:34,STABLE BEAMS,6800,221671.285819194,216035.453978087,28.7,DT
367699:8786,32:32,05/19/23 03:26:57,STABLE BEAMS,6800,222160.976045063,217536.582382045,28.7,DT
367699:8786,33:33,05/19/23 03:27:21,STABLE BEAMS,6800,221793.900216293,217158.544060663,28.7,DT
367699:8786,34:34,05/19/23 03:27:44,STABLE BEAMS,6800,221849.167692601,216916.613741227,28.7,DT
367699:8786,35:35,05/19/23 03:28:07,STABLE BEAMS,6800,221580.794954968,216918.328073827,28.6,DT
367699:8786,36:36,05/19/23 03:28:31,STABLE BEAMS,6800,221945.767052126,217295.132028665,28.7,DT
367699:8786,37:37,05/19/23 03:28:54,STABLE BEAMS,6800,221675.335466350,217044.816154847,28.7,DT
367699:8786,38:38,05/19/23 03:29:17,STABLE BEAMS,6800,221208.130410423,216583.407902321,28.6,DT
367699:8786,39:39,05/19/23 03:29:40,STABLE BEAMS,6800,221204.035879799,216111.127638528,28.6,DT
367699:8786,40:40,05/19/23 03:30:04,STABLE BEAMS,6800,220793.410055748,216203.170281121,28.5,DT
367699:8786,41:41,05/19/23 03:30:27,STABLE BEAMS,6800,220399.074035112,215828.995933948,28.5,DT
367699:8786,42:42,05/19/23 03:30:50,STABLE BEAMS,6800,219914.745211966,215358.461223670,28.4,DT
367699:8786,43:43,05/19/23 03:31:14,STABLE BEAMS,6800,220033.989005355,215508.853248332,28.4,DT
367699:8786,44:44,05/19/23 03:31:37,STABLE BEAMS,6800,219974.173820174,215424.142350934,28.4,DT
367699:8786,45:45,05/19/23 03:32:00,STABLE BEAMS,6800,220052.992086842,215533.678913916,28.4,DT
367699:8786,46:46,05/19/23 03:32:24,STABLE BEAMS,6800,219822.376481325,215284.348239447,28.4,DT
367699:8786,47:47,05/19/23 03:32:47,STABLE BEAMS,6800,219629.765590930,215020.073262014,28.4,DT
367699:8786,48:48,05/19/23 03:33:10,STABLE BEAMS,6800,219869.521497660,215340.081500682,28.4,DT
367699:8786,49:49,05/19/23 03:33:34,STABLE BEAMS,6800,219782.446120613,215269.715968242,28.4,DT
367699:8786,50:50,05/19/23 03:33:57,STABLE BEAMS,6800,219654.855449908,215146.562482621,28.4,DT
367699:8786,51:51,05/19/23 03:34:20,STABLE BEAMS,6800,219408.833231812,214475.058808907,28.4,DT
367699:8786,52:52,05/19/23 03:34:44,STABLE BEAMS,6800,219199.889102387,214684.195742006,28.3,DT
367699:8786,53:53,05/19/23 03:35:07,STABLE BEAMS,6800,219596.171038567,215082.935621917,28.4,DT
367699:8786,54:54,05/19/23 03:35:30,STABLE BEAMS,6800,219434.373373331,214743.576055542,28.4,DT
367699:8786,55:55,05/19/23 03:35:54,STABLE BEAMS,6800,219099.331310497,214543.965752568,28.3,DT
367699:8786,56:56,05/19/23 03:36:17,STABLE BEAMS,6800,219696.977861315,215203.058383707,28.4,DT
367699:8786,57:57,05/19/23 03:36:40,STABLE BEAMS,6800,219061.076116664,214610.103882831,28.3,DT
367699:8786,58:58,05/19/23 03:37:03,STABLE BEAMS,6800,219230.700879692,214710.084290655,28.3,DT
367699:8786,59:59,05/19/23 03:37:27,STABLE BEAMS,6800,218838.106627211,214382.387815214,28.3,DT
367699:8786,60:60,05/19/23 03:37:50,STABLE BEAMS,6800,218703.569153841,214255.481703151,28.3,DT
367699:8786,61:61,05/19/23 03:38:13,STABLE BEAMS,6800,218480.712596986,214044.439289735,28.2,DT
367699:8786,62:62,05/19/23 03:38:37,STABLE BEAMS,6800,218948.731346763,214473.447193999,28.3,DT
367699:8786,63:63,05/19/23 03:39:00,STABLE BEAMS,6800,218642.261231364,214203.426055379,28.3,DT
367699:8786,64:64,05/19/23 03:39:23,STABLE BEAMS,6800,218659.477661228,214212.319958034,28.3,DT
367699:8786,65:65,05/19/23 03:39:47,STABLE BEAMS,6800,218557.291033782,214113.438611472,28.3,DT
367699:8786,66:66,05/19/23 03:40:10,STABLE BEAMS,6800,218157.502395631,213759.342148129,28.2,DT
367699:8786,67:67,05/19/23 03:40:33,STABLE BEAMS,6800,217992.153144956,213593.608692554,28.2,DT
367699:8786,68:68,05/19/23 03:40:57,STABLE BEAMS,6800,217597.138080874,213210.979866551,28.1,DT
367699:8786,69:69,05/19/23 03:41:20,STABLE BEAMS,6800,217565.941174451,213193.929676053,28.1,DT
367699:8786,70:70,05/19/23 03:41:43,STABLE BEAMS,6800,217559.923893943,213176.933863017,28.1,DT
367699:8786,71:71,05/19/23 03:42:06,STABLE BEAMS,6800,217149.796131609,212809.550324285,28.1,DT
367699:8786,72:72,05/19/23 03:42:30,STABLE BEAMS,6800,216663.045049010,212328.135277258,28.0,DT
367699:8786,73:73,05/19/23 03:42:53,STABLE BEAMS,6800,217113.214656800,212729.653845310,28.1,DT
367699:8786,74:74,05/19/23 03:43:16,STABLE BEAMS,6800,217511.782754175,213138.334698411,28.1,DT
367699:8786,75:75,05/19/23 03:43:40,STABLE BEAMS,6800,217305.463583739,212928.223283465,28.1,DT
367699:8786,76:76,05/19/23 03:44:03,STABLE BEAMS,6800,217293.789538327,212934.474822018,28.1,DT
367699:8786,77:77,05/19/23 03:44:26,STABLE BEAMS,6800,217181.037921501,212837.126401098,28.1,DT
367699:8786,78:78,05/19/23 03:44:50,STABLE BEAMS,6800,217199.996119520,212851.275007694,28.1,DT
367699:8786,79:79,05/19/23 03:45:13,STABLE BEAMS,6800,217591.549365100,213189.422482827,28.1,DT
367699:8786,80:80,05/19/23 03:45:36,STABLE BEAMS,6800,217705.703952284,213321.045044545,28.1,DT
367699:8786,81:81,05/19/23 03:46:00,STABLE BEAMS,6800,217580.804841845,213502.061053428,28.1,DT
367699:8786,82:82,05/19/23 03:46:23,STABLE BEAMS,6800,207093.750537547,206615.104824969,26.8,DT
367699:8786,83:83,05/19/23 03:46:46,STABLE BEAMS,6800,20646.827209022,20572.124073468,2.7,DT
367699:8786,84:84,05/19/23 03:47:09,STABLE BEAMS,6800,43952.250215253,43682.631305885,5.7,DT
367699:8786,85:85,05/19/23 03:47:33,STABLE BEAMS,6800,88549.835500027,87565.298979986,11.4,DT
367699:8786,86:86,05/19/23 03:47:56,STABLE BEAMS,6800,147760.609466954,145314.994569931,19.1,DT
367699:8786,87:87,05/19/23 03:48:19,STABLE BEAMS,6800,193134.448840292,189323.148227842,25.0,DT
367699:8786,88:88,05/19/23 03:48:43,STABLE BEAMS,6800,214759.276529612,211168.854103721,27.8,DT
367699:8786,89:89,05/19/23 03:49:06,STABLE BEAMS,6800,196226.837303034,193652.396513964,25.4,DT
367699:8786,90:90,05/19/23 03:49:29,STABLE BEAMS,6800,150430.327409653,149466.229366678,19.4,DT
367699:8786,91:91,05/19/23 03:49:53,STABLE BEAMS,6800,93099.891488416,92748.904197394,12.0,DT
367699:8786,92:92,05/19/23 03:50:16,STABLE BEAMS,6800,51993.805708944,51787.379600994,6.7,DT
367699:8786,93:93,05/19/23 03:50:39,STABLE BEAMS,6800,44620.935279767,44164.371223963,5.8,DT
367699:8786,94:94,05/19/23 03:51:03,STABLE BEAMS,6800,110704.589417872,108893.215740522,14.3,DT
367699:8786,95:95,05/19/23 03:51:26,STABLE BEAMS,6800,17866.000529236,17795.502418313,2.3,DT
367699:8786,96:96,05/19/23 03:51:49,STABLE BEAMS,6800,54163.895357101,53768.343846512,7.0,DT
367699:8786,97:97,05/19/23 03:52:13,STABLE BEAMS,6800,103782.898040174,102358.129085170,13.4,DT
367699:8786,98:98,05/19/23 03:52:36,STABLE BEAMS,6800,171848.633229002,168731.229028279,22.2,DT
367699:8786,99:99,05/19/23 03:52:59,STABLE BEAMS,6800,204092.914215886,200769.819485685,26.4,DT
367699:8786,100:100,05/19/23 03:53:22,STABLE BEAMS,6800,193308.191299607,191210.098866195,25.0,DT
367699:8786,101:101,05/19/23 03:53:46,STABLE BEAMS,6800,145898.589812676,145039.780693166,18.9,DT
367699:8786,102:102,05/19/23 03:54:09,STABLE BEAMS,6800,85957.391108747,85706.347283984,11.1,DT
367699:8786,103:103,05/19/23 03:54:32,STABLE BEAMS,6800,36409.010970965,36339.920684519,4.7,DT
367699:8786,106:106,05/19/23 03:55:42,STABLE BEAMS,6800,208539.070620967,204637.083495672,27.0,DT
367699:8786,107:107,05/19/23 03:56:06,STABLE BEAMS,6800,208258.751641401,204357.464417485,26.9,DT
367699:8786,108:108,05/19/23 03:56:29,STABLE BEAMS,6800,208237.033833987,204316.664439143,26.9,DT
367699:8786,109:109,05/19/23 03:56:52,STABLE BEAMS,6800,208070.689907732,204147.543807413,26.9,DT
367699:8786,110:110,05/19/23 03:57:16,STABLE BEAMS,6800,208366.458935492,203629.420664957,26.9,DT
367699:8786,111:111,05/19/23 03:57:39,STABLE BEAMS,6800,208385.212986121,204486.116349043,26.9,DT
367699:8786,112:112,05/19/23 03:58:02,STABLE BEAMS,6800,208326.461973504,204285.911391302,26.9,DT
367699:8786,113:113,05/19/23 03:58:26,STABLE BEAMS,6800,208312.481496944,204160.950435361,26.9,DT
367699:8786,114:114,05/19/23 03:58:49,STABLE BEAMS,6800,208321.688399434,204407.219671900,26.9,DT
367699:8786,115:115,05/19/23 03:59:12,STABLE BEAMS,6800,207989.067148200,204093.176301951,26.9,DT
367699:8786,116:116,05/19/23 03:59:35,STABLE BEAMS,6800,208399.442493539,204468.028836666,26.9,DT
367699:8786,117:117,05/19/23 03:59:59,STABLE BEAMS,6800,208217.510972976,204320.996060031,26.9,DT
367699:8786,118:118,05/19/23 04:00:22,STABLE BEAMS,6800,208571.986129884,204374.198738853,27.0,DT
367699:8786,119:119,05/19/23 04:00:45,STABLE BEAMS,6800,208012.684539836,204103.148433709,26.9,DT
367699:8786,120:120,05/19/23 04:01:09,STABLE BEAMS,6800,208320.059563878,204422.677522864,26.9,DT
367699:8786,121:121,05/19/23 04:01:32,STABLE BEAMS,6800,208123.739271976,204207.550835260,26.9,DT
367699:8786,122:122,05/19/23 04:01:55,STABLE BEAMS,6800,208127.901851730,204266.323088953,26.9,DT
367699:8786,123:123,05/19/23 04:02:19,STABLE BEAMS,6800,208031.189559607,204140.861025860,26.9,DT
367699:8786,124:124,05/19/23 04:02:42,STABLE BEAMS,6800,208194.662391722,204295.969857442,26.9,DT
367699:8786,125:125,05/19/23 04:03:05,STABLE BEAMS,6800,207948.142111909,204083.812403971,26.9,DT
367699:8786,126:126,05/19/23 04:03:29,STABLE BEAMS,6800,207977.823115375,204090.641023914,26.9,DT
367699:8786,127:127,05/19/23 04:03:52,STABLE BEAMS,6800,207791.254119002,203929.936651191,26.9,DT
367699:8786,128:128,05/19/23 04:04:15,STABLE BEAMS,6800,207820.935122468,203960.295903364,26.9,DT
367699:8786,129:129,05/19/23 04:04:39,STABLE BEAMS,6800,207846.339165727,203983.872635097,26.9,DT
367699:8786,130:130,05/19/23 04:05:02,STABLE BEAMS,6800,207664.362761695,203794.564233400,26.8,DT
367699:8786,131:131,05/19/23 04:05:25,STABLE BEAMS,6800,207373.548289734,203465.892099800,26.8,DT
367699:8786,132:132,05/19/23 04:05:48,STABLE BEAMS,6800,207345.472956163,203202.784097079,26.8,DT
367699:8786,133:133,05/19/23 04:06:12,STABLE BEAMS,6800,207478.019630519,203616.839265473,26.8,DT
367699:8786,134:134,05/19/23 04:06:35,STABLE BEAMS,6800,207372.575331962,203505.196352310,26.8,DT
367699:8786,135:135,05/19/23 04:06:58,STABLE BEAMS,6800,207119.337010388,203302.464778144,26.8,DT
367699:8786,136:136,05/19/23 04:07:22,STABLE BEAMS,6800,207170.214593891,203337.831071100,26.8,DT
367699:8786,137:137,05/19/23 04:07:45,STABLE BEAMS,6800,206977.605151349,203136.114729333,26.8,DT
367699:8786,138:138,05/19/23 04:08:08,STABLE BEAMS,6800,207201.999328968,203352.008464281,26.8,DT
367699:8786,139:139,05/19/23 04:08:32,STABLE BEAMS,6800,207223.378338587,203371.451703592,26.8,DT
367699:8786,140:140,05/19/23 04:08:55,STABLE BEAMS,6800,207062.191667666,203230.343515510,26.8,DT
367699:8786,141:141,05/19/23 04:09:18,STABLE BEAMS,6800,206835.557660175,202999.969873744,26.7,DT
367699:8786,142:142,05/19/23 04:09:42,STABLE BEAMS,6800,207058.231787447,203221.947601807,26.8,DT
367699:8786,143:143,05/19/23 04:10:05,STABLE BEAMS,6800,206809.586058215,203000.485619218,26.7,DT
367699:8786,144:144,05/19/23 04:10:28,STABLE BEAMS,6800,206521.893159106,202672.000335595,26.7,DT
367699:8786,145:145,05/19/23 04:10:51,STABLE BEAMS,6800,206329.215667434,202535.030485337,26.7,DT
367699:8786,146:146,05/19/23 04:11:15,STABLE BEAMS,6800,206286.299832130,202501.712109356,26.7,DT
367699:8786,147:147,05/19/23 04:11:38,STABLE BEAMS,6800,206082.763436751,202287.418399753,26.6,DT
367699:8786,148:148,05/19/23 04:12:01,STABLE BEAMS,6800,205811.335727541,202039.469782058,26.6,DT
367699:8786,149:149,05/19/23 04:12:25,STABLE BEAMS,6800,205643.950794384,201885.514160263,26.6,DT
367699:8786,150:150,05/19/23 04:12:48,STABLE BEAMS,6800,205680.349839610,201895.217199901,26.6,DT
367699:8786,151:151,05/19/23 04:13:11,STABLE BEAMS,6800,205648.746086261,201857.172186439,26.6,DT
367730:8794,49:49,05/19/23 17:40:41,STABLE BEAMS,6800,8313.350125497,6212.484038784,1.1,DT
367730:8794,50:50,05/19/23 17:41:05,STABLE BEAMS,6800,22432.204865721,22339.475807051,2.9,DT
367730:8794,51:51,05/19/23 17:41:28,STABLE BEAMS,6800,60605.725119852,60224.943603446,7.8,DT
367730:8794,52:52,05/19/23 17:41:51,STABLE BEAMS,6800,143398.938662779,141865.968631956,18.5,DT
367730:8794,53:53,05/19/23 17:42:15,STABLE BEAMS,6800,234239.040724186,231024.937901831,30.3,DT
367730:8794,54:54,05/19/23 17:42:38,STABLE BEAMS,6800,279206.689049747,276411.170550318,36.1,DT
367730:8794,55:55,05/19/23 17:43:01,STABLE BEAMS,6800,227940.016548872,226659.312837993,29.5,DT
367730:8794,56:56,05/19/23 17:43:24,STABLE BEAMS,6800,138962.793732561,138541.523052661,18.0,DT
367730:8794,57:57,05/19/23 17:43:48,STABLE BEAMS,6800,61117.705344969,61001.921659214,7.9,DT
367730:8794,58:58,05/19/23 17:44:11,STABLE BEAMS,6800,21424.331808937,21392.285558222,2.8,DT
367730:8794,59:59,05/19/23 17:44:34,STABLE BEAMS,6800,7660.317157180,7596.561615911,1.0,DT
367730:8794,60:60,05/19/23 17:44:58,STABLE BEAMS,6800,182290.769316152,181961.950382723,23.6,DT
367730:8794,61:61,05/19/23 17:45:21,STABLE BEAMS,6800,18195.746487553,18153.252736935,2.4,DT
367730:8794,62:62,05/19/23 17:45:44,STABLE BEAMS,6800,36481.058638779,36352.186088075,4.7,DT
367730:8794,63:63,05/19/23 17:46:08,STABLE BEAMS,6800,76666.908940157,76183.880565849,9.9,DT
367730:8794,64:64,05/19/23 17:46:31,STABLE BEAMS,6800,155688.321517248,154187.663599634,20.1,DT
367730:8794,65:65,05/19/23 17:46:54,STABLE BEAMS,6800,230998.292127582,228143.669125371,29.9,DT
367730:8794,66:66,05/19/23 17:47:18,STABLE BEAMS,6800,277372.122151895,274445.263809473,35.9,DT
367730:8794,67:67,05/19/23 17:47:41,STABLE BEAMS,6800,249957.688969386,248183.432950119,32.3,DT
367730:8794,68:68,05/19/23 17:48:04,STABLE BEAMS,6800,178045.685059236,177340.425267591,23.0,DT
367730:8794,69:69,05/19/23 17:48:28,STABLE BEAMS,6800,91370.910923582,91139.887017473,11.8,DT
367730:8794,70:70,05/19/23 17:48:51,STABLE BEAMS,6800,44763.480977443,44665.621822608,5.8,DT
367730:8794,71:71,05/19/23 17:49:14,STABLE BEAMS,6800,30009.977740363,29628.175723536,3.9,DT
367730:8794,72:72,05/19/23 17:49:37,STABLE BEAMS,6800,277211.885273085,273740.705713117,35.8,DT
367730:8794,73:73,05/19/23 17:50:01,STABLE BEAMS,6800,276187.800886564,272884.714957273,35.7,DT
367730:8794,74:74,05/19/23 17:50:24,STABLE BEAMS,6800,274297.265751152,271273.401419893,35.5,DT
367730:8794,75:75,05/19/23 17:50:47,STABLE BEAMS,6800,261822.783037589,259039.843279872,33.8,DT
367730:8794,78:78,05/19/23 17:51:57,STABLE BEAMS,6800,277204.918200466,273767.040906425,35.8,DT
367730:8794,79:79,05/19/23 17:52:21,STABLE BEAMS,6800,280770.575330965,276956.276124176,36.3,DT
367730:8794,80:80,05/19/23 17:52:44,STABLE BEAMS,6800,27634.734009745,27596.385869137,3.6,DT
367730:8794,81:81,05/19/23 17:53:07,STABLE BEAMS,6800,3846.586040447,3840.009895103,0.5,DT
367730:8794,82:82,05/19/23 17:53:31,STABLE BEAMS,6800,15718.580218029,15674.526103933,2.0,DT
367730:8794,83:83,05/19/23 17:53:54,STABLE BEAMS,6800,53081.675585411,52771.543948236,6.9,DT
367730:8794,84:84,05/19/23 17:54:17,STABLE BEAMS,6800,144121.971961206,142592.514054275,18.6,DT
367730:8794,85:85,05/19/23 17:54:40,STABLE BEAMS,6800,253161.133612122,250399.399640979,32.7,DT
367730:8794,86:86,05/19/23 17:55:04,STABLE BEAMS,6800,256776.786583142,255150.719986303,33.2,DT
367730:8794,87:87,05/19/23 17:55:27,STABLE BEAMS,6800,159884.836069662,159423.460833422,20.7,DT
367730:8794,88:88,05/19/23 17:55:50,STABLE BEAMS,6800,56475.970817858,56376.973966059,7.3,DT
367730:8794,89:89,05/19/23 17:56:14,STABLE BEAMS,6800,17501.844152924,17477.455630278,2.3,DT
367730:8794,90:90,05/19/23 17:56:37,STABLE BEAMS,6800,4576.699213784,4569.800311439,0.6,DT
367730:8794,91:91,05/19/23 17:57:00,STABLE BEAMS,6800,7118.151033010,7061.014858563,0.9,DT
367730:8794,92:92,05/19/23 17:57:24,STABLE BEAMS,6800,178114.559465816,177844.680718132,23.0,DT
367730:8794,93:93,05/19/23 17:57:47,STABLE BEAMS,6800,8738.561049866,8722.095342192,1.1,DT
367730:8794,94:94,05/19/23 17:58:10,STABLE BEAMS,6800,21880.162525194,21812.039529038,2.8,DT
367730:8794,95:95,05/19/23 17:58:34,STABLE BEAMS,6800,63467.668389473,63113.553460188,8.2,DT
367730:8794,96:96,05/19/23 17:58:57,STABLE BEAMS,6800,137853.873509294,136529.236946977,17.8,DT
367730:8794,97:97,05/19/23 17:59:20,STABLE BEAMS,6800,231307.159888920,228601.918750843,29.9,DT
367730:8794,98:98,05/19/23 17:59:44,STABLE BEAMS,6800,272084.378991704,269615.719555130,35.2,DT
367730:8794,99:99,05/19/23 18:00:07,STABLE BEAMS,6800,219383.744820687,218266.881611011,28.4,DT
367730:8794,100:100,05/19/23 18:00:30,STABLE BEAMS,6800,124628.045439632,124287.713484996,16.1,DT
367730:8794,101:101,05/19/23 18:00:54,STABLE BEAMS,6800,51520.459291437,51424.953847451,6.7,DT
367730:8794,102:102,05/19/23 18:01:17,STABLE BEAMS,6800,21141.665134391,21105.807841781,2.7,DT
367730:8794,105:105,05/19/23 18:02:27,STABLE BEAMS,6800,275963.134512425,272672.861465704,35.7,DT
367730:8794,106:106,05/19/23 18:02:50,STABLE BEAMS,6800,275937.797070442,272217.095440510,35.7,DT
367730:8794,110:110,05/19/23 18:04:23,STABLE BEAMS,6800,275638.928187637,272373.545053270,35.6,DT
367730:8794,111:111,05/19/23 18:04:47,STABLE BEAMS,6800,277633.482933441,274077.363049567,35.9,DT
367730:8794,112:112,05/19/23 18:05:10,STABLE BEAMS,6800,287290.848945384,283706.490323590,37.1,DT
367730:8794,113:113,05/19/23 18:05:33,STABLE BEAMS,6800,288796.118864391,285107.524354431,37.3,DT
367730:8794,114:114,05/19/23 18:05:57,STABLE BEAMS,6800,288952.872206892,285336.959335921,37.3,DT
367730:8794,115:115,05/19/23 18:06:20,STABLE BEAMS,6800,288373.571411923,284774.252944615,37.3,DT
367730:8794,116:116,05/19/23 18:06:43,STABLE BEAMS,6800,288198.042300986,284586.416772579,37.3,DT
367730:8794,117:117,05/19/23 18:07:06,STABLE BEAMS,6800,288338.665103993,284462.496019734,37.3,DT
367730:8794,118:118,05/19/23 18:07:30,STABLE BEAMS,6800,297428.019237262,293322.142558846,38.4,DT
367730:8794,119:119,05/19/23 18:07:53,STABLE BEAMS,6800,304140.835692947,299911.826503849,39.3,DT
367730:8794,120:120,05/19/23 18:08:16,STABLE BEAMS,6800,304342.901068838,300091.667320797,39.3,DT
367730:8794,121:121,05/19/23 18:08:40,STABLE BEAMS,6800,304087.241935664,299914.270290824,39.3,DT
367730:8794,122:122,05/19/23 18:09:03,STABLE BEAMS,6800,304453.006008866,300183.127464586,39.4,DT
367730:8794,123:123,05/19/23 18:09:26,STABLE BEAMS,6800,304206.689876443,299910.142730927,39.3,DT
367730:8794,124:124,05/19/23 18:09:50,STABLE BEAMS,6800,309755.476738192,305081.980921317,40.0,DT
367730:8794,125:125,05/19/23 18:10:13,STABLE BEAMS,6800,321289.035445531,316258.041412238,41.5,DT
367730:8794,128:128,05/19/23 18:11:23,STABLE BEAMS,6800,321238.971555880,305850.120970232,41.5,DT
367730:8794,129:129,05/19/23 18:11:46,STABLE BEAMS,6800,321619.282216488,307519.487352266,41.6,DT
367730:8794,130:130,05/19/23 18:12:10,STABLE BEAMS,6800,322714.967318346,303428.091276368,41.7,DT
367730:8794,131:131,05/19/23 18:12:33,STABLE BEAMS,6800,335313.422515898,318951.249556428,43.3,DT
367730:8794,132:132,05/19/23 18:12:56,STABLE BEAMS,6800,337762.761179642,320589.964467857,43.7,DT
367730:8794,133:133,05/19/23 18:13:19,STABLE BEAMS,6800,337688.605002299,259752.916955068,43.6,DT
367730:8794,134:134,05/19/23 18:13:43,STABLE BEAMS,6800,337362.135681978,315902.604822016,43.6,DT
367730:8794,135:135,05/19/23 18:14:06,STABLE BEAMS,6800,337474.932182273,328395.442486604,43.6,DT
367730:8794,136:136,05/19/23 18:14:29,STABLE BEAMS,6800,337834.996054956,328815.433040112,43.7,DT
367730:8794,137:137,05/19/23 18:14:53,STABLE BEAMS,6800,348865.809238462,335067.249314868,45.1,DT
367730:8794,138:138,05/19/23 18:15:16,STABLE BEAMS,6800,353388.791663343,271130.757917736,45.7,DT
367730:8794,139:139,05/19/23 18:15:39,STABLE BEAMS,6800,353145.190256846,338693.864004549,45.6,DT
367730:8794,140:140,05/19/23 18:16:03,STABLE BEAMS,6800,353039.858890887,336190.033581638,45.6,DT
367730:8794,141:141,05/19/23 18:16:26,STABLE BEAMS,6800,352744.632808313,343082.238034112,45.6,DT
367730:8794,142:142,05/19/23 18:16:49,STABLE BEAMS,6800,352902.335942925,336007.126693101,45.6,DT
367730:8794,143:143,05/19/23 18:17:13,STABLE BEAMS,6800,360411.923734194,302595.931761794,46.6,DT
367730:8794,144:144,05/19/23 18:17:36,STABLE BEAMS,6800,368270.059168802,311549.709723330,47.6,DT
367730:8794,145:145,05/19/23 18:17:59,STABLE BEAMS,6800,368328.313567556,351656.663696122,47.6,DT
367730:8794,146:146,05/19/23 18:18:22,STABLE BEAMS,6800,367764.532317766,346296.419884708,47.5,DT
367730:8794,147:147,05/19/23 18:18:46,STABLE BEAMS,6800,367512.424770032,352241.912774303,47.5,DT
367730:8794,148:148,05/19/23 18:19:09,STABLE BEAMS,6800,367682.977607364,355680.287937684,47.5,DT
367730:8794,149:149,05/19/23 18:19:32,STABLE BEAMS,6800,374393.871313166,355173.857208927,48.4,DT
367730:8794,150:150,05/19/23 18:19:56,STABLE BEAMS,6800,385616.819043159,367212.064219928,49.8,DT
367730:8794,151:151,05/19/23 18:20:19,STABLE BEAMS,6800,385497.552084109,369462.063069032,49.8,DT
367730:8794,152:152,05/19/23 18:20:42,STABLE BEAMS,6800,385437.149070275,374347.872566794,49.8,DT
367730:8794,153:153,05/19/23 18:21:06,STABLE BEAMS,6800,385296.707248996,368299.851330652,49.8,DT
367730:8794,154:154,05/19/23 18:21:29,STABLE BEAMS,6800,385201.783056349,374003.682674344,49.8,DT
367730:8794,155:155,05/19/23 18:21:52,STABLE BEAMS,6800,389277.264268044,369590.477614342,50.3,DT
367730:8794,156:156,05/19/23 18:22:16,STABLE BEAMS,6800,402407.173035124,384498.833253624,52.0,DT
367730:8794,157:157,05/19/23 18:22:39,STABLE BEAMS,6800,395204.824169636,378960.448736557,51.1,DT
367730:8794,158:158,05/19/23 18:23:02,STABLE BEAMS,6800,392605.609469073,383306.382566391,50.7,DT
367730:8794,159:159,05/19/23 18:23:26,STABLE BEAMS,6800,386797.090661334,372855.620665259,50.0,DT
367730:8794,160:160,05/19/23 18:23:49,STABLE BEAMS,6800,395245.907021995,387128.363381528,51.1,DT
367730:8794,161:161,05/19/23 18:24:12,STABLE BEAMS,6800,360797.866546192,347367.724912065,46.6,DT
367730:8794,162:162,05/19/23 18:24:35,STABLE BEAMS,6800,401802.106233439,386513.724857886,51.9,DT
367730:8794,163:163,05/19/23 18:24:59,STABLE BEAMS,6800,405854.332016955,387349.933834985,52.5,DT
367730:8794,164:164,05/19/23 18:25:22,STABLE BEAMS,6800,405799.132589777,386840.447330928,52.5,DT
367730:8794,165:165,05/19/23 18:25:45,STABLE BEAMS,6800,405824.559798698,395156.396888316,52.5,DT
367730:8794,166:166,05/19/23 18:26:09,STABLE BEAMS,6800,405892.834793793,389043.589338662,52.5,DT
367730:8794,167:167,05/19/23 18:26:32,STABLE BEAMS,6800,404925.397688278,394289.822083192,52.3,DT
367730:8794,169:169,05/19/23 18:27:19,STABLE BEAMS,6800,405233.926651820,393717.626280388,52.4,DT
367730:8794,170:170,05/19/23 18:27:42,STABLE BEAMS,6800,414601.042854795,396074.191143192,53.6,DT
367730:8794,171:171,05/19/23 18:28:05,STABLE BEAMS,6800,424567.797855454,406704.616732562,54.9,DT
367730:8794,172:172,05/19/23 18:28:29,STABLE BEAMS,6800,424318.043070190,406663.867503711,54.8,DT
367730:8794,173:173,05/19/23 18:28:52,STABLE BEAMS,6800,424084.349327435,400257.721682170,54.8,DT
367730:8794,174:174,05/19/23 18:29:15,STABLE BEAMS,6800,423930.876821708,236661.778791804,54.8,DT
367730:8794,175:175,05/19/23 18:29:38,STABLE BEAMS,6800,423507.244926723,320969.243267466,54.7,DT
367730:8794,176:176,05/19/23 18:30:02,STABLE BEAMS,6800,426450.911292146,370218.997751258,55.1,DT
367730:8794,177:177,05/19/23 18:30:25,STABLE BEAMS,6800,440545.678537074,80689.745576545,56.9,DT
367730:8794,178:178,05/19/23 18:30:48,STABLE BEAMS,6800,441215.853877533,426530.209598399,57.0,DT
367730:8794,179:179,05/19/23 18:31:12,STABLE BEAMS,6800,441913.221360728,421014.270487932,57.1,DT
367730:8794,180:180,05/19/23 18:31:35,STABLE BEAMS,6800,441236.711659774,381774.912883774,57.0,DT
367730:8794,181:181,05/19/23 18:31:58,STABLE BEAMS,6800,440848.641950503,339951.039723208,57.0,DT
367730:8794,182:182,05/19/23 18:32:22,STABLE BEAMS,6800,441112.694292315,426404.307955880,57.0,DT
367730:8794,183:183,05/19/23 18:32:45,STABLE BEAMS,6800,441141.606485399,426502.546771144,57.0,DT
367730:8794,184:184,05/19/23 18:33:08,STABLE BEAMS,6800,440652.864603786,426789.414061637,57.0,DT
367730:8794,185:185,05/19/23 18:33:32,STABLE BEAMS,6800,440471.520911877,420913.921240431,56.9,DT
367730:8794,186:186,05/19/23 18:33:55,STABLE BEAMS,6800,440291.625073796,426566.926744822,56.9,DT
367730:8794,187:187,05/19/23 18:34:18,STABLE BEAMS,6800,440044.810879655,420260.366831517,56.9,DT
367730:8794,188:188,05/19/23 18:34:42,STABLE BEAMS,6800,439987.168923070,426312.257012169,56.9,DT
367730:8794,189:189,05/19/23 18:35:05,STABLE BEAMS,6800,439605.931636012,420963.167203825,56.8,DT
367730:8794,190:190,05/19/23 18:35:28,STABLE BEAMS,6800,439365.360587577,425871.862537016,56.8,DT
367730:8794,191:191,05/19/23 18:35:51,STABLE BEAMS,6800,439225.733908003,343009.774335527,56.8,DT
367730:8794,192:192,05/19/23 18:36:15,STABLE BEAMS,6800,438614.331297968,425105.882517203,56.7,DT
367730:8794,193:193,05/19/23 18:36:38,STABLE BEAMS,6800,438354.441535911,424982.439428364,56.7,DT
367730:8794,194:194,05/19/23 18:37:01,STABLE BEAMS,6800,437977.321945139,419698.711658032,56.6,DT
367730:8794,195:195,05/19/23 18:37:25,STABLE BEAMS,6800,437780.911886299,424429.822793453,56.6,DT
367730:8794,196:196,05/19/23 18:37:48,STABLE BEAMS,6800,437823.713341151,424584.225472430,56.6,DT
367730:8794,197:197,05/19/23 18:38:11,STABLE BEAMS,6800,437939.496763892,424923.924716079,56.6,DT
367730:8794,198:198,05/19/23 18:38:35,STABLE BEAMS,6800,437692.184508035,418542.042980351,56.6,DT
367730:8794,199:199,05/19/23 18:38:58,STABLE BEAMS,6800,437518.442048721,424291.795557280,56.6,DT
367730:8794,200:200,05/19/23 18:39:21,STABLE BEAMS,6800,437244.844006624,418153.012421997,56.5,DT
367730:8794,201:201,05/19/23 18:39:45,STABLE BEAMS,6800,436959.254839126,423843.641534457,56.5,DT
367730:8794,202:202,05/19/23 18:40:08,STABLE BEAMS,6800,437187.064503925,424074.707732533,56.5,DT
367730:8794,203:203,05/19/23 18:40:31,STABLE BEAMS,6800,436852.791251473,422055.156562580,56.5,DT
367730:8794,204:204,05/19/23 18:40:55,STABLE BEAMS,6800,436572.450554101,350815.237076175,56.4,DT
367730:8794,205:205,05/19/23 18:41:18,STABLE BEAMS,6800,436987.170908776,399369.075328108,56.5,DT
367730:8794,206:206,05/19/23 18:41:41,STABLE BEAMS,6800,445133.972200265,423482.625256254,57.5,DT
367730:8794,207:207,05/19/23 18:42:04,STABLE BEAMS,6800,456187.115633355,427874.918648456,59.0,DT
367730:8794,208:208,05/19/23 18:42:28,STABLE BEAMS,6800,456374.883452697,341872.845806797,59.0,DT
367730:8794,209:209,05/19/23 18:42:51,STABLE BEAMS,6800,456164.853432901,439936.644897631,59.0,DT
367730:8794,210:210,05/19/23 18:43:14,STABLE BEAMS,6800,455535.897043061,439288.794418479,58.9,DT
367730:8794,211:211,05/19/23 18:43:38,STABLE BEAMS,6800,455639.418591736,439358.276141187,58.9,DT
367730:8794,212:212,05/19/23 18:44:01,STABLE BEAMS,6800,455052.449962896,438950.509894934,58.8,DT
367730:8794,213:213,05/19/23 18:44:24,STABLE BEAMS,6800,454927.617453733,438972.003406369,58.8,DT
367730:8794,214:214,05/19/23 18:44:48,STABLE BEAMS,6800,454593.390532604,438472.771008326,58.8,DT
367730:8794,215:215,05/19/23 18:45:11,STABLE BEAMS,6800,454198.759149787,177347.943174140,58.7,DT
367730:8794,216:216,05/19/23 18:45:34,STABLE BEAMS,6800,453718.252660746,388496.052389860,58.6,DT
367730:8794,217:217,05/19/23 18:45:58,STABLE BEAMS,6800,453289.008884326,437609.680283725,58.6,DT
367730:8794,218:218,05/19/23 18:46:21,STABLE BEAMS,6800,453436.464109546,437733.785101799,58.6,DT
367730:8794,219:219,05/19/23 18:46:44,STABLE BEAMS,6800,453389.589841877,437630.359599083,58.6,DT
367730:8794,220:220,05/19/23 18:47:08,STABLE BEAMS,6800,453125.084321817,437438.792766825,58.6,DT
367730:8794,221:221,05/19/23 18:47:31,STABLE BEAMS,6800,452796.467834270,437279.947734113,58.5,DT
367730:8794,222:222,05/19/23 18:47:54,STABLE BEAMS,6800,452911.300017046,437251.684113834,58.5,DT
367730:8794,223:223,05/19/23 18:48:17,STABLE BEAMS,6800,452382.652388237,437017.727124625,58.5,DT
367730:8794,224:224,05/19/23 18:48:41,STABLE BEAMS,6800,452108.420186163,436742.619447247,58.4,DT
367730:8794,225:225,05/19/23 18:49:04,STABLE BEAMS,6800,451115.373442145,435929.405620402,58.3,DT
367730:8794,226:226,05/19/23 18:49:27,STABLE BEAMS,6800,451251.788781929,436179.755847478,58.3,DT
367730:8794,227:227,05/19/23 18:49:51,STABLE BEAMS,6800,450836.254733403,435653.571257166,58.3,DT
367730:8794,228:228,05/19/23 18:50:14,STABLE BEAMS,6800,450147.121194925,428653.697937961,58.2,DT
367730:8794,229:229,05/19/23 18:50:37,STABLE BEAMS,6800,449039.195936809,336255.676251837,58.0,DT
367730:8794,230:230,05/19/23 18:51:01,STABLE BEAMS,6800,449220.087898324,434273.634618138,58.1,DT
367730:8794,231:231,05/19/23 18:51:24,STABLE BEAMS,6800,449650.552215521,434750.519907192,58.1,DT
367730:8794,232:232,05/19/23 18:51:47,STABLE BEAMS,6800,449587.932537476,434750.793934077,58.1,DT
367730:8794,233:233,05/19/23 18:52:11,STABLE BEAMS,6800,449247.731771455,419862.439612974,58.1,DT
367730:8794,234:234,05/19/23 18:52:34,STABLE BEAMS,6800,449059.782970384,422664.741691912,58.0,DT
367730:8794,235:235,05/19/23 18:52:57,STABLE BEAMS,6800,449033.811368424,427971.331861581,58.0,DT
367730:8794,236:236,05/19/23 18:53:21,STABLE BEAMS,6800,449156.201348180,429109.241368660,58.1,DT
367730:8794,237:237,05/19/23 18:53:44,STABLE BEAMS,6800,448892.872933282,417584.974761973,58.0,DT
367730:8794,238:238,05/19/23 18:54:07,STABLE BEAMS,6800,447896.070456436,426301.483069527,57.9,DT
367730:8794,239:239,05/19/23 18:54:30,STABLE BEAMS,6800,448066.781109835,433450.119261407,57.9,DT
367730:8794,240:240,05/19/23 18:54:54,STABLE BEAMS,6800,448408.474613153,338604.509927401,58.0,DT
367730:8794,241:241,05/19/23 18:55:17,STABLE BEAMS,6800,448211.657707388,433382.608493550,57.9,DT
367730:8794,242:242,05/19/23 18:55:40,STABLE BEAMS,6800,447674.322955613,428059.089778534,57.9,DT
367730:8794,243:243,05/19/23 18:56:04,STABLE BEAMS,6800,447533.065992629,425795.134748994,57.8,DT
367730:8794,244:244,05/19/23 18:56:27,STABLE BEAMS,6800,447021.521861085,412591.925633111,57.8,DT
367730:8794,245:245,05/19/23 18:56:50,STABLE BEAMS,6800,446485.272999681,355292.674995901,57.7,DT
367730:8794,246:246,05/19/23 18:57:14,STABLE BEAMS,6800,445523.717076414,416768.780440152,57.6,DT
367730:8794,247:247,05/19/23 18:57:37,STABLE BEAMS,6800,445149.763941963,430892.147087241,57.5,DT
367730:8794,248:248,05/19/23 18:58:00,STABLE BEAMS,6800,445348.661413678,424930.989218756,57.6,DT
367730:8794,249:249,05/19/23 18:58:24,STABLE BEAMS,6800,444720.654815949,430594.777945898,57.5,DT
367730:8794,250:250,05/19/23 18:58:47,STABLE BEAMS,6800,444675.998660344,430343.024001124,57.5,DT
367730:8794,251:251,05/19/23 18:59:10,STABLE BEAMS,6800,444880.508013495,430428.365493185,57.5,DT
367730:8794,252:252,05/19/23 18:59:33,STABLE BEAMS,6800,444942.176451574,422624.769434769,57.5,DT
367730:8794,253:253,05/19/23 18:59:57,STABLE BEAMS,6800,444914.441363653,425962.233818362,57.5,DT
367730:8794,254:254,05/19/23 19:00:20,STABLE BEAMS,6800,444229.787484918,430016.631312660,57.4,DT
367730:8794,255:255,05/19/23 19:00:43,STABLE BEAMS,6800,443892.392659614,328643.541416624,57.4,DT
367730:8794,256:256,05/19/23 19:01:07,STABLE BEAMS,6800,443306.735786342,429358.356259811,57.3,DT
367730:8794,257:257,05/19/23 19:01:30,STABLE BEAMS,6800,444273.450412797,430109.637669136,57.4,DT
367730:8794,258:258,05/19/23 19:01:53,STABLE BEAMS,6800,443834.252641312,429866.960341395,57.4,DT
367730:8794,259:259,05/19/23 19:02:17,STABLE BEAMS,6800,443579.022072872,383188.460462109,57.3,DT
367730:8794,260:260,05/19/23 19:02:40,STABLE BEAMS,6800,443286.193636236,255686.811116804,57.3,DT
367730:8794,261:261,05/19/23 19:03:03,STABLE BEAMS,6800,443383.382272269,429483.979776272,57.3,DT
367730:8794,262:262,05/19/23 19:03:27,STABLE BEAMS,6800,443240.586240666,429121.970490825,57.3,DT
367730:8794,263:263,05/19/23 19:03:50,STABLE BEAMS,6800,442678.910170341,428955.536815346,57.2,DT
367730:8794,264:264,05/19/23 19:04:13,STABLE BEAMS,6800,441981.542687146,402797.052146578,57.1,DT
367730:8794,265:265,05/19/23 19:04:37,STABLE BEAMS,6800,442426.576757410,353809.255030648,57.2,DT
367730:8794,266:266,05/19/23 19:05:00,STABLE BEAMS,6800,441531.305030225,427703.941826646,57.1,DT
367730:8794,267:267,05/19/23 19:05:23,STABLE BEAMS,6800,441202.054382702,427426.798308713,57.0,DT
367730:8794,268:268,05/19/23 19:05:46,STABLE BEAMS,6800,441500.265939869,427676.225064889,57.1,DT
367730:8794,269:269,05/19/23 19:06:10,STABLE BEAMS,6800,441109.934682919,422516.466465749,57.0,DT
367730:8794,270:270,05/19/23 19:06:33,STABLE BEAMS,6800,441019.940432556,427728.253548695,57.0,DT
367730:8794,271:271,05/19/23 19:06:56,STABLE BEAMS,6800,440281.988158719,427002.201555058,56.9,DT
367730:8794,272:272,05/19/23 19:07:20,STABLE BEAMS,6800,440491.835748932,427240.427659156,56.9,DT
367730:8794,273:273,05/19/23 19:07:43,STABLE BEAMS,6800,440797.107041363,427489.040769540,57.0,DT
367730:8794,274:274,05/19/23 19:08:06,STABLE BEAMS,6800,440434.374774076,427337.326506107,56.9,DT
367730:8794,275:275,05/19/23 19:08:30,STABLE BEAMS,6800,440397.228636274,427175.419222319,56.9,DT
367730:8794,276:276,05/19/23 19:08:53,STABLE BEAMS,6800,439388.933095744,426346.744769733,56.8,DT
367730:8794,277:277,05/19/23 19:09:16,STABLE BEAMS,6800,439264.327899632,426360.597925579,56.8,DT
367730:8794,278:278,05/19/23 19:09:40,STABLE BEAMS,6800,439385.992504620,426268.211311962,56.8,DT
367730:8794,279:279,05/19/23 19:10:03,STABLE BEAMS,6800,438993.262153879,426019.825141337,56.7,DT
367730:8794,280:280,05/19/23 19:10:26,STABLE BEAMS,6800,438368.106380336,425224.368111214,56.7,DT
367730:8794,281:281,05/19/23 19:10:50,STABLE BEAMS,6800,438106.994629648,425065.924485947,56.6,DT
367730:8794,282:282,05/19/23 19:11:13,STABLE BEAMS,6800,438476.333453950,425434.617951878,56.7,DT
367730:8794,283:283,05/19/23 19:11:36,STABLE BEAMS,6800,437516.134169720,424423.012425544,56.6,DT
367730:8794,284:284,05/19/23 19:11:59,STABLE BEAMS,6800,437171.455191809,424253.753203918,56.5,DT
367730:8794,285:285,05/19/23 19:12:23,STABLE BEAMS,6800,437362.346031858,424389.484142202,56.5,DT
367730:8794,286:286,05/19/23 19:12:46,STABLE BEAMS,6800,437655.581315419,424606.881165108,56.6,DT
367730:8794,287:287,05/19/23 19:13:09,STABLE BEAMS,6800,437140.462432775,423821.171718086,56.5,DT
367730:8794,288:288,05/19/23 19:13:33,STABLE BEAMS,6800,437337.098356812,424469.965805876,56.5,DT
367730:8794,289:289,05/19/23 19:13:56,STABLE BEAMS,6800,437099.017616960,423059.887027972,56.5,DT
367730:8794,290:290,05/19/23 19:14:19,STABLE BEAMS,6800,446048.834837592,429843.571779124,57.7,DT
367730:8794,291:291,05/19/23 19:14:43,STABLE BEAMS,6800,458302.157878986,441513.091380922,59.2,DT
367730:8794,292:292,05/19/23 19:15:06,STABLE BEAMS,6800,458781.849226322,442119.661151410,59.3,DT
367730:8794,293:293,05/19/23 19:15:29,STABLE BEAMS,6800,458316.998380719,441751.599240874,59.2,DT
367730:8794,294:294,05/19/23 19:15:53,STABLE BEAMS,6800,457876.399086729,441440.338469241,59.2,DT
367730:8794,295:295,05/19/23 19:16:16,STABLE BEAMS,6800,457945.668757404,441580.782406034,59.2,DT
367730:8794,296:296,05/19/23 19:16:39,STABLE BEAMS,6800,457605.106027925,441051.791312942,59.1,DT
367730:8794,297:297,05/19/23 19:17:02,STABLE BEAMS,6800,456874.348139757,440418.580205368,59.1,DT
367730:8794,298:298,05/19/23 19:17:26,STABLE BEAMS,6800,456953.256173362,440714.763288646,59.1,DT
367730:8794,299:299,05/19/23 19:17:49,STABLE BEAMS,6800,456789.602359519,440602.419429266,59.0,DT
367730:8794,300:300,05/19/23 19:18:12,STABLE BEAMS,6800,456285.071631916,440233.701126780,59.0,DT
367730:8794,301:301,05/19/23 19:18:36,STABLE BEAMS,6800,455432.783789166,439367.035554960,58.9,DT
367730:8794,302:302,05/19/23 19:18:59,STABLE BEAMS,6800,455764.521849565,439695.557175027,58.9,DT
367730:8794,303:303,05/19/23 19:19:22,STABLE BEAMS,6800,455638.558566562,439312.140244550,58.9,DT
367730:8794,304:304,05/19/23 19:19:46,STABLE BEAMS,6800,455267.366489360,439198.793702835,58.8,DT
367730:8794,305:305,05/19/23 19:20:09,STABLE BEAMS,6800,454749.260684270,438768.986991425,58.8,DT
367730:8794,306:306,05/19/23 19:20:32,STABLE BEAMS,6800,455227.142214322,439227.933471044,58.8,DT
367730:8794,307:307,05/19/23 19:20:56,STABLE BEAMS,6800,455173.028677514,439437.259108644,58.8,DT
367730:8794,308:308,05/19/23 19:21:19,STABLE BEAMS,6800,454469.914662477,437907.182188564,58.7,DT
367730:8794,309:309,05/19/23 19:21:42,STABLE BEAMS,6800,453996.692326043,431947.466749613,58.7,DT
367730:8794,310:310,05/19/23 19:22:05,STABLE BEAMS,6800,453849.871260800,425728.589059846,58.7,DT
367730:8794,311:311,05/19/23 19:22:29,STABLE BEAMS,6800,453777.524900741,432058.189034741,58.7,DT
367730:8794,312:312,05/19/23 19:22:52,STABLE BEAMS,6800,453284.303359386,432747.125510186,58.6,DT
367730:8794,313:313,05/19/23 19:23:15,STABLE BEAMS,6800,453315.794180137,402617.521950457,58.6,DT
367730:8794,314:314,05/19/23 19:23:39,STABLE BEAMS,6800,452937.769680722,295282.520808739,58.5,DT
367730:8794,315:315,05/19/23 19:24:02,STABLE BEAMS,6800,453156.213179110,423417.881914221,58.6,DT
367730:8794,316:316,05/19/23 19:24:25,STABLE BEAMS,6800,451869.298439409,430500.464475762,58.4,DT
367730:8794,317:317,05/19/23 19:24:49,STABLE BEAMS,6800,452156.380344203,437177.247421635,58.4,DT
367730:8794,318:318,05/19/23 19:25:12,STABLE BEAMS,6800,452232.030706696,432218.010430661,58.5,DT
367730:8794,319:319,05/19/23 19:25:35,STABLE BEAMS,6800,451171.522661434,429981.289344727,58.3,DT
367730:8794,320:320,05/19/23 19:25:59,STABLE BEAMS,6800,450752.596291389,429710.573598022,58.3,DT
367730:8794,321:321,05/19/23 19:26:22,STABLE BEAMS,6800,450668.122707671,435819.323725432,58.3,DT
367730:8794,322:322,05/19/23 19:26:45,STABLE BEAMS,6800,451217.266155264,427937.740624810,58.3,DT
367730:8794,323:323,05/19/23 19:27:09,STABLE BEAMS,6800,450139.430195393,430418.357799822,58.2,DT
367730:8794,324:324,05/19/23 19:27:32,STABLE BEAMS,6800,449361.117548257,434506.411115651,58.1,DT
367730:8794,325:325,05/19/23 19:27:55,STABLE BEAMS,6800,450154.179482335,427591.581768621,58.2,DT
367730:8794,326:326,05/19/23 19:28:18,STABLE BEAMS,6800,450665.814828670,427624.685094608,58.3,DT
367730:8794,327:327,05/19/23 19:28:42,STABLE BEAMS,6800,450093.640370241,358023.868433861,58.2,DT
367730:8794,328:328,05/19/23 19:29:05,STABLE BEAMS,6800,449718.284265431,394680.576528785,58.1,DT
367730:8794,329:329,05/19/23 19:29:28,STABLE BEAMS,6800,449333.291245544,202198.502753967,58.1,DT
367730:8794,330:330,05/19/23 19:29:52,STABLE BEAMS,6800,448868.892130335,419896.289135836,58.0,DT
367730:8794,331:331,05/19/23 19:30:15,STABLE BEAMS,6800,448958.840049376,433426.420903550,58.0,DT
367730:8794,332:332,05/19/23 19:30:38,STABLE BEAMS,6800,449389.079949230,434843.227156210,58.1,DT
367730:8794,333:333,05/19/23 19:31:02,STABLE BEAMS,6800,448771.253211762,434394.904305557,58.0,DT
367730:8794,334:334,05/19/23 19:31:25,STABLE BEAMS,6800,448633.977846804,434296.194419259,58.0,DT
367730:8794,335:335,05/19/23 19:31:48,STABLE BEAMS,6800,447870.145185798,433771.827289049,57.9,DT
367730:8794,336:336,05/19/23 19:32:12,STABLE BEAMS,6800,447131.739733713,433202.191794817,57.8,DT
367730:8794,337:337,05/19/23 19:32:35,STABLE BEAMS,6800,445533.896936676,431840.588956644,57.6,DT
367730:8794,338:338,05/19/23 19:32:58,STABLE BEAMS,6800,445382.008383036,431526.499364721,57.6,DT
367730:8794,339:339,05/19/23 19:33:21,STABLE BEAMS,6800,445198.401695594,431467.618857205,57.5,DT
367730:8794,340:340,05/19/23 19:33:45,STABLE BEAMS,6800,444184.316187607,430771.002688826,57.4,DT
367730:8794,341:341,05/19/23 19:34:08,STABLE BEAMS,6800,442785.960138794,413715.698827661,57.2,DT
367730:8794,342:342,05/19/23 19:34:31,STABLE BEAMS,6800,443082.816504778,258150.070099745,57.3,DT
367730:8794,343:343,05/19/23 19:34:55,STABLE BEAMS,6800,443912.210882806,430128.734914855,57.4,DT
367730:8794,344:344,05/19/23 19:35:18,STABLE BEAMS,6800,444003.243244364,430303.472735291,57.4,DT
367730:8794,345:345,05/19/23 19:35:41,STABLE BEAMS,6800,444947.335154762,431230.290248785,57.5,DT
367730:8794,346:346,05/19/23 19:36:05,STABLE BEAMS,6800,445321.560485733,431564.152854124,57.6,DT
367730:8794,347:347,05/19/23 19:36:28,STABLE BEAMS,6800,445145.916994343,431172.546147552,57.5,DT
367730:8794,348:348,05/19/23 19:36:51,STABLE BEAMS,6800,445514.125044806,336181.840159935,57.6,DT
367730:8794,349:349,05/19/23 19:37:15,STABLE BEAMS,6800,445075.832181963,431438.298101453,57.5,DT
367730:8794,350:350,05/19/23 19:37:38,STABLE BEAMS,6800,445468.064470988,431781.618900770,57.6,DT
367730:8794,351:351,05/19/23 19:38:01,STABLE BEAMS,6800,444933.535659931,431195.334625605,57.5,DT
367730:8794,352:352,05/19/23 19:38:25,STABLE BEAMS,6800,444040.073750031,430587.896500489,57.4,DT
367730:8794,353:353,05/19/23 19:38:48,STABLE BEAMS,6800,443938.587883838,430233.304034316,57.4,DT
367730:8794,354:354,05/19/23 19:39:11,STABLE BEAMS,6800,444865.802162168,431109.899919886,57.5,DT
367730:8794,355:355,05/19/23 19:39:35,STABLE BEAMS,6800,444593.515875638,431080.944245026,57.5,DT
367730:8794,356:356,05/19/23 19:39:58,STABLE BEAMS,6800,443850.404898613,430220.911998758,57.4,DT
367730:8794,357:357,05/19/23 19:40:21,STABLE BEAMS,6800,443932.932566787,430290.824849567,57.4,DT
367730:8794,358:358,05/19/23 19:40:44,STABLE BEAMS,6800,443883.117707994,430400.403620773,57.4,DT
367730:8794,359:359,05/19/23 19:41:08,STABLE BEAMS,6800,443816.923278849,430256.043219926,57.4,DT
367730:8794,360:360,05/19/23 19:41:31,STABLE BEAMS,6800,443674.897505483,430238.210333328,57.3,DT
367730:8794,361:361,05/19/23 19:41:54,STABLE BEAMS,6800,442974.181136384,429509.370615215,57.3,DT
367730:8794,362:362,05/19/23 19:42:18,STABLE BEAMS,6800,442418.749659618,428950.578178981,57.2,DT
367730:8794,363:363,05/19/23 19:42:41,STABLE BEAMS,6800,441781.104698958,428290.418670509,57.1,DT
367730:8794,364:364,05/19/23 19:43:04,STABLE BEAMS,6800,440701.639903531,427474.661859123,57.0,DT
367730:8794,365:365,05/19/23 19:43:28,STABLE BEAMS,6800,441249.154515568,428059.339157155,57.0,DT
367730:8794,366:366,05/19/23 19:43:51,STABLE BEAMS,6800,440789.686790496,427555.335335575,57.0,DT
367730:8794,367:367,05/19/23 19:44:14,STABLE BEAMS,6800,440529.209199785,427225.996378109,56.9,DT
367730:8794,368:368,05/19/23 19:44:38,STABLE BEAMS,6800,440030.287457910,426308.467019608,56.9,DT
367730:8794,369:369,05/19/23 19:45:01,STABLE BEAMS,6800,440863.663433965,427518.046569882,57.0,DT
367730:8794,370:370,05/19/23 19:45:24,STABLE BEAMS,6800,440736.297180603,332879.298634686,57.0,DT
367730:8794,371:371,05/19/23 19:45:47,STABLE BEAMS,6800,440467.404663445,427373.286868767,56.9,DT
367730:8794,372:372,05/19/23 19:46:11,STABLE BEAMS,6800,440822.806446803,427697.470312959,57.0,DT
367730:8794,373:373,05/19/23 19:46:34,STABLE BEAMS,6800,439746.191027709,426395.488400879,56.8,DT
367730:8794,374:374,05/19/23 19:46:57,STABLE BEAMS,6800,440417.407375070,427193.829707974,56.9,DT
367730:8794,375:375,05/19/23 19:47:21,STABLE BEAMS,6800,439779.944843992,426440.237692030,56.8,DT
367730:8794,376:376,05/19/23 19:47:44,STABLE BEAMS,6800,439844.374339321,426868.056621818,56.9,DT
367730:8794,377:377,05/19/23 19:48:07,STABLE BEAMS,6800,439501.324196967,426378.766264713,56.8,DT
367730:8794,378:378,05/19/23 19:48:31,STABLE BEAMS,6800,439417.348674965,426462.932748451,56.8,DT
367730:8794,379:379,05/19/23 19:48:54,STABLE BEAMS,6800,438803.322553795,425896.296242503,56.7,DT
367730:8794,380:380,05/19/23 19:49:17,STABLE BEAMS,6800,438859.426889615,425854.697900327,56.7,DT
367730:8794,381:381,05/19/23 19:49:41,STABLE BEAMS,6800,438096.950867646,425207.619778710,56.6,DT
367730:8794,382:382,05/19/23 19:50:04,STABLE BEAMS,6800,437976.189723446,424256.942355763,56.6,DT
367730:8794,383:383,05/19/23 19:50:27,STABLE BEAMS,6800,437661.236632470,338359.875129269,56.6,DT
367730:8794,384:384,05/19/23 19:50:51,STABLE BEAMS,6800,443440.843247125,427408.535112848,57.3,DT
367730:8794,385:385,05/19/23 19:51:14,STABLE BEAMS,6800,459456.007612660,442486.683871754,59.4,DT
367730:8794,386:386,05/19/23 19:51:37,STABLE BEAMS,6800,461469.563992098,444657.635802709,59.6,DT
367730:8794,387:387,05/19/23 19:52:00,STABLE BEAMS,6800,460858.569676843,433847.249021103,59.6,DT
367730:8794,388:388,05/19/23 19:52:24,STABLE BEAMS,6800,460704.373244202,432491.809374743,59.5,DT
367730:8794,389:389,05/19/23 19:52:47,STABLE BEAMS,6800,459928.052843933,434614.304133259,59.4,DT
367730:8794,390:390,05/19/23 19:53:10,STABLE BEAMS,6800,460400.732235181,437374.495084481,59.5,DT
367730:8794,391:391,05/19/23 19:53:34,STABLE BEAMS,6800,460146.180710186,425986.001775302,59.5,DT
367730:8794,392:392,05/19/23 19:53:57,STABLE BEAMS,6800,459680.288857681,443306.038479543,59.4,DT
367730:8794,393:393,05/19/23 19:54:20,STABLE BEAMS,6800,459561.609727285,430974.563617631,59.4,DT
367730:8794,394:394,05/19/23 19:54:44,STABLE BEAMS,6800,458871.164433240,442860.959854712,59.3,DT
367730:8794,395:395,05/19/23 19:55:07,STABLE BEAMS,6800,458691.404693418,433999.481821390,59.3,DT
367730:8794,396:396,05/19/23 19:55:30,STABLE BEAMS,6800,458232.435030063,442269.329637342,59.2,DT
367730:8794,397:397,05/19/23 19:55:54,STABLE BEAMS,6800,458138.278199945,435900.626843215,59.2,DT
367730:8794,398:398,05/19/23 19:56:17,STABLE BEAMS,6800,457458.014214016,441588.563861210,59.1,DT
367730:8794,399:399,05/19/23 19:56:40,STABLE BEAMS,6800,457261.738805582,440628.874927672,59.1,DT
367730:8794,400:400,05/19/23 19:57:03,STABLE BEAMS,6800,457298.976158175,347418.959120679,59.1,DT
367730:8794,401:401,05/19/23 19:57:27,STABLE BEAMS,6800,455907.181782908,439533.780448741,58.9,DT
367730:8794,402:402,05/19/23 19:57:50,STABLE BEAMS,6800,456805.258002957,440802.918902643,59.0,DT
367730:8794,403:403,05/19/23 19:58:13,STABLE BEAMS,6800,457202.919743835,441263.827887591,59.1,DT
367730:8794,404:404,05/19/23 19:58:37,STABLE BEAMS,6800,456657.395930811,345118.629698716,59.0,DT
367730:8794,405:405,05/19/23 19:59:00,STABLE BEAMS,6800,456389.361990974,393922.086729515,59.0,DT
367730:8794,406:406,05/19/23 19:59:23,STABLE BEAMS,6800,456664.724966887,390430.955533938,59.0,DT
367730:8794,407:407,05/19/23 19:59:47,STABLE BEAMS,6800,456053.189154300,440085.250397128,58.9,DT
367730:8794,408:408,05/19/23 20:00:10,STABLE BEAMS,6800,456329.955100572,440656.790653535,59.0,DT
367730:8794,409:409,05/19/23 20:00:33,STABLE BEAMS,6800,455924.737010568,434003.696841418,58.9,DT
367730:8794,410:410,05/19/23 20:00:57,STABLE BEAMS,6800,456106.849512859,440477.566547161,59.0,DT
367730:8794,411:411,05/19/23 20:01:20,STABLE BEAMS,6800,455742.035231768,440075.571355068,58.9,DT
367730:8794,412:412,05/19/23 20:01:43,STABLE BEAMS,6800,455503.275448471,439774.702024659,58.9,DT
367730:8794,413:413,05/19/23 20:02:06,STABLE BEAMS,6800,455071.182295718,439372.430533850,58.8,DT
367730:8794,414:414,05/19/23 20:02:30,STABLE BEAMS,6800,455156.197376768,439209.006800968,58.8,DT
367730:8794,415:415,05/19/23 20:02:53,STABLE BEAMS,6800,454980.555333232,439091.495570164,58.8,DT
367730:8794,416:416,05/19/23 20:03:16,STABLE BEAMS,6800,454302.461680190,438308.605136209,58.7,DT
367730:8794,417:417,05/19/23 20:03:40,STABLE BEAMS,6800,454273.776800157,438271.578436146,58.7,DT
367730:8794,418:418,05/19/23 20:04:03,STABLE BEAMS,6800,454197.764474207,438481.387782421,58.7,DT
367730:8794,419:419,05/19/23 20:04:26,STABLE BEAMS,6800,453854.802650936,438167.078978262,58.7,DT
367730:8794,420:420,05/19/23 20:04:50,STABLE BEAMS,6800,452840.581044690,437194.044881152,58.5,DT
367730:8794,421:421,05/19/23 20:05:13,STABLE BEAMS,6800,453094.317427980,437295.783400390,58.6,DT
367730:8794,422:422,05/19/23 20:05:36,STABLE BEAMS,6800,453229.691760862,340192.428162393,58.6,DT
367730:8794,423:423,05/19/23 20:06:00,STABLE BEAMS,6800,452619.331605584,418149.880731162,58.5,DT
367730:8794,424:424,05/19/23 20:06:23,STABLE BEAMS,6800,451810.026199414,436758.977020132,58.4,DT
367730:8794,425:425,05/19/23 20:06:46,STABLE BEAMS,6800,452191.716664720,437137.790061277,58.4,DT
367730:8794,426:426,05/19/23 20:07:10,STABLE BEAMS,6800,451682.887259103,436762.265409772,58.4,DT
367730:8794,427:427,05/19/23 20:07:33,STABLE BEAMS,6800,451609.589659080,436748.255126024,58.4,DT
367730:8794,428:428,05/19/23 20:07:56,STABLE BEAMS,6800,450655.317888419,435835.638580349,58.3,DT
367730:8794,429:429,05/19/23 20:08:20,STABLE BEAMS,6800,451499.054706464,436769.723477237,58.4,DT
367730:8794,430:430,05/19/23 20:08:43,STABLE BEAMS,6800,451442.407425458,342113.697747440,58.4,DT
367730:8794,431:431,05/19/23 20:09:06,STABLE BEAMS,6800,450694.952886950,435976.810442972,58.3,DT
367730:8794,432:432,05/19/23 20:09:29,STABLE BEAMS,6800,450911.905095896,436201.029771108,58.3,DT
367730:8794,433:433,05/19/23 20:09:53,STABLE BEAMS,6800,450197.615097163,435806.540732772,58.2,DT
367730:8794,434:434,05/19/23 20:10:16,STABLE BEAMS,6800,449688.739360224,434737.293888440,58.1,DT
367730:8794,435:435,05/19/23 20:10:39,STABLE BEAMS,6800,449919.129100544,435663.579665158,58.2,DT
367730:8794,436:436,05/19/23 20:11:03,STABLE BEAMS,6800,449613.723157708,435465.824438364,58.1,DT
367730:8794,437:437,05/19/23 20:11:26,STABLE BEAMS,6800,448732.069943625,434321.181047481,58.0,DT
367730:8794,438:438,05/19/23 20:11:49,STABLE BEAMS,6800,448894.999830555,434702.117387497,58.0,DT
367730:8794,439:439,05/19/23 20:12:13,STABLE BEAMS,6800,448862.195806383,434523.337488478,58.0,DT
367730:8794,440:440,05/19/23 20:12:36,STABLE BEAMS,6800,448957.302428611,434738.428096712,58.0,DT
367730:8794,441:441,05/19/23 20:12:59,STABLE BEAMS,6800,448684.381982105,434514.479078938,58.0,DT
367730:8794,442:442,05/19/23 20:13:23,STABLE BEAMS,6800,448434.989160298,434356.304423805,58.0,DT
367730:8794,443:443,05/19/23 20:13:46,STABLE BEAMS,6800,448430.690482284,434118.494726250,58.0,DT
367730:8794,444:444,05/19/23 20:14:09,STABLE BEAMS,6800,448217.538889636,359599.236847323,57.9,DT
367730:8794,445:445,05/19/23 20:14:33,STABLE BEAMS,6800,447788.839506255,357483.775170094,57.9,DT
367730:8794,446:446,05/19/23 20:14:56,STABLE BEAMS,6800,447636.678756095,414854.547914428,57.9,DT
367730:8794,447:447,05/19/23 20:15:19,STABLE BEAMS,6800,447168.161944600,432807.958893414,57.8,DT
367730:8794,448:448,05/19/23 20:15:42,STABLE BEAMS,6800,447617.720558076,433607.282189381,57.9,DT
367730:8794,449:449,05/19/23 20:16:06,STABLE BEAMS,6800,447620.344069212,433622.615096883,57.9,DT
367730:8794,450:450,05/19/23 20:16:29,STABLE BEAMS,6800,446975.325189008,323953.298507879,57.8,DT
367730:8794,451:451,05/19/23 20:16:52,STABLE BEAMS,6800,446350.034765059,432499.894954107,57.7,DT
367730:8794,452:452,05/19/23 20:17:16,STABLE BEAMS,6800,446277.369877158,432560.847432861,57.7,DT
367730:8794,453:453,05/19/23 20:17:39,STABLE BEAMS,6800,445686.011355513,431969.363804810,57.6,DT
367730:8794,454:454,05/19/23 20:18:02,STABLE BEAMS,6800,445293.281004772,431859.246712457,57.6,DT
367730:8794,455:455,05/19/23 20:18:26,STABLE BEAMS,6800,444846.483448546,431329.550180129,57.5,DT
367730:8794,456:456,05/19/23 20:18:49,STABLE BEAMS,6800,444747.757191748,431236.069579477,57.5,DT
367730:8794,457:457,05/19/23 20:19:12,STABLE BEAMS,6800,444374.347002482,424229.212734590,57.4,DT
367730:8794,458:458,05/19/23 20:19:35,STABLE BEAMS,6800,443495.363630858,429880.391338585,57.3,DT
367730:8794,459:459,05/19/23 20:19:59,STABLE BEAMS,6800,443109.963764046,429762.373201613,57.3,DT
367730:8794,460:460,05/19/23 20:20:22,STABLE BEAMS,6800,443421.478202181,430123.062145963,57.3,DT
367730:8794,461:461,05/19/23 20:20:45,STABLE BEAMS,6800,442757.003062241,429527.192780137,57.2,DT
367730:8794,462:462,05/19/23 20:21:09,STABLE BEAMS,6800,442447.072576194,429192.120219915,57.2,DT
367730:8794,463:463,05/19/23 20:21:32,STABLE BEAMS,6800,443040.104816863,429684.298273137,57.3,DT
367730:8794,464:464,05/19/23 20:21:55,STABLE BEAMS,6800,443471.112079246,415989.761026072,57.3,DT
367730:8794,465:465,05/19/23 20:22:19,STABLE BEAMS,6800,443229.547803084,423417.710248768,57.3,DT
367730:8794,466:466,05/19/23 20:22:42,STABLE BEAMS,6800,443656.482252649,424240.526893635,57.3,DT
367730:8794,467:467,05/19/23 20:23:05,STABLE BEAMS,6800,443229.185839627,423768.355928323,57.3,DT
367730:8794,468:468,05/19/23 20:23:29,STABLE BEAMS,6800,443289.678620399,418946.107326668,57.3,DT
367730:8794,469:469,05/19/23 20:23:52,STABLE BEAMS,6800,442446.710612737,429287.939096055,57.2,DT
367730:8794,470:470,05/19/23 20:24:15,STABLE BEAMS,6800,442802.837770862,360312.617124252,57.2,DT
367730:8794,471:471,05/19/23 20:24:39,STABLE BEAMS,6800,442242.652989980,389195.921838762,57.2,DT
367730:8794,472:472,05/19/23 20:25:02,STABLE BEAMS,6800,441477.689555135,415432.775287445,57.1,DT
367730:8794,473:473,05/19/23 20:25:25,STABLE BEAMS,6800,440551.197755865,427431.852880249,56.9,DT
367730:8794,474:474,05/19/23 20:25:48,STABLE BEAMS,6800,440775.977062603,421281.150524529,57.0,DT
367730:8794,475:475,05/19/23 20:26:12,STABLE BEAMS,6800,441361.454402000,428439.662226370,57.0,DT
367730:8794,476:476,05/19/23 20:26:35,STABLE BEAMS,6800,441281.007299776,423329.001125875,57.0,DT
367730:8794,477:477,05/19/23 20:26:58,STABLE BEAMS,6800,441027.045051288,428028.398980395,57.0,DT
367730:8794,478:478,05/19/23 20:27:22,STABLE BEAMS,6800,440562.826917808,427595.579194129,56.9,DT
367730:8794,479:479,05/19/23 20:27:45,STABLE BEAMS,6800,440962.117494243,419640.950722699,57.0,DT
367730:8794,480:480,05/19/23 20:28:08,STABLE BEAMS,6800,439960.790474185,426900.259415249,56.9,DT
367730:8794,481:481,05/19/23 20:28:32,STABLE BEAMS,6800,440338.635439725,427240.509533855,56.9,DT
367730:8794,482:482,05/19/23 20:28:55,STABLE BEAMS,6800,440424.510545948,427400.031295334,56.9,DT
367730:8794,483:483,05/19/23 20:29:18,STABLE BEAMS,6800,439831.705618330,420756.207360586,56.9,DT
367730:8794,484:484,05/19/23 20:29:42,STABLE BEAMS,6800,439685.517265209,426833.505286629,56.8,DT
367730:8794,485:485,05/19/23 20:30:05,STABLE BEAMS,6800,439444.313504651,425911.362906798,56.8,DT
367730:8794,486:486,05/19/23 20:30:28,STABLE BEAMS,6800,445697.821499185,330203.958712412,57.6,DT
367730:8794,487:487,05/19/23 20:30:52,STABLE BEAMS,6800,459083.726749380,79573.506172002,59.3,DT
367730:8794,488:488,05/19/23 20:31:15,STABLE BEAMS,6800,458988.621575005,165826.566585346,59.3,DT
367730:8794,489:489,05/19/23 20:31:38,STABLE BEAMS,6800,458902.474272262,233512.281732934,59.3,DT
367730:8794,490:490,05/19/23 20:32:01,STABLE BEAMS,6800,458325.097675031,202072.761781430,59.2,DT
367730:8794,491:491,05/19/23 20:32:25,STABLE BEAMS,6800,458331.070072070,114909.252780817,59.2,DT
367730:8794,492:492,05/19/23 20:32:48,STABLE BEAMS,6800,457708.989540057,313051.198971925,59.2,DT
367730:8794,493:493,05/19/23 20:33:11,STABLE BEAMS,6800,458731.039691949,442428.471822864,59.3,DT
367730:8794,494:494,05/19/23 20:33:35,STABLE BEAMS,6800,459042.462915293,442823.715771127,59.3,DT
367730:8794,495:495,05/19/23 20:33:58,STABLE BEAMS,6800,458584.670357100,436645.336057773,59.3,DT
367730:8794,496:496,05/19/23 20:34:21,STABLE BEAMS,6800,458366.587374315,442387.231467070,59.2,DT
367730:8794,497:497,05/19/23 20:34:45,STABLE BEAMS,6800,458188.863316975,442228.916116019,59.2,DT
367730:8794,498:498,05/19/23 20:35:08,STABLE BEAMS,6800,458006.343967758,442029.988513006,59.2,DT
367730:8794,499:499,05/19/23 20:35:31,STABLE BEAMS,6800,458186.510554505,442163.376484811,59.2,DT
367730:8794,500:500,05/19/23 20:35:55,STABLE BEAMS,6800,457501.856675770,441642.568584910,59.1,DT
367730:8794,501:501,05/19/23 20:36:18,STABLE BEAMS,6800,456983.797202002,439227.056142955,59.1,DT
367730:8794,502:502,05/19/23 20:36:41,STABLE BEAMS,6800,456657.668127331,436211.235362432,59.0,DT
367730:8794,503:503,05/19/23 20:37:05,STABLE BEAMS,6800,456516.366280878,440871.286952838,59.0,DT
367730:8794,504:504,05/19/23 20:37:28,STABLE BEAMS,6800,456217.112268956,440655.050980812,59.0,DT
367730:8794,505:505,05/19/23 20:37:51,STABLE BEAMS,6800,455819.902258471,440240.276652477,58.9,DT
367730:8794,506:506,05/19/23 20:38:14,STABLE BEAMS,6800,455832.029482132,440233.373058744,58.9,DT
367730:8794,507:507,05/19/23 20:38:38,STABLE BEAMS,6800,455545.761271189,439900.187601646,58.9,DT
367730:8794,508:508,05/19/23 20:39:01,STABLE BEAMS,6800,455940.482420943,440227.675856788,58.9,DT
367730:8794,509:509,05/19/23 20:39:24,STABLE BEAMS,6800,455531.915445035,440107.661684002,58.9,DT
367730:8794,510:510,05/19/23 20:39:48,STABLE BEAMS,6800,455373.828629159,439966.354636673,58.9,DT
367730:8794,511:511,05/19/23 20:40:11,STABLE BEAMS,6800,454791.474310468,439404.634288634,58.8,DT
367730:8794,512:512,05/19/23 20:40:34,STABLE BEAMS,6800,455274.650641967,439836.611712942,58.8,DT
367730:8794,513:513,05/19/23 20:40:58,STABLE BEAMS,6800,454749.169469479,439687.963879216,58.8,DT
367730:8794,514:514,05/19/23 20:41:21,STABLE BEAMS,6800,454052.434698406,439077.855326128,58.7,DT
367730:8794,515:515,05/19/23 20:41:44,STABLE BEAMS,6800,453777.704434616,438671.069924359,58.7,DT
367730:8794,516:516,05/19/23 20:42:08,STABLE BEAMS,6800,454157.495315700,439365.370513446,58.7,DT
367730:8794,517:517,05/19/23 20:42:31,STABLE BEAMS,6800,453059.841132637,438241.693009691,58.6,DT
367730:8794,518:518,05/19/23 20:42:54,STABLE BEAMS,6800,452075.436628116,437375.504671490,58.4,DT
367730:8794,519:519,05/19/23 20:43:17,STABLE BEAMS,6800,452299.853971397,437745.164763204,58.5,DT
367730:8794,520:520,05/19/23 20:43:41,STABLE BEAMS,6800,451806.678761364,437419.213328833,58.4,DT
367730:8794,521:521,05/19/23 20:44:04,STABLE BEAMS,6800,451190.299877724,436598.440250893,58.3,DT
367730:8794,522:522,05/19/23 20:44:27,STABLE BEAMS,6800,450894.394751705,436412.996885655,58.3,DT
367730:8794,523:523,05/19/23 20:44:51,STABLE BEAMS,6800,451488.557766214,436853.089101309,58.4,DT
367730:8794,524:524,05/19/23 20:45:14,STABLE BEAMS,6800,451406.754024953,436781.230311309,58.3,DT
367730:8794,525:525,05/19/23 20:45:37,STABLE BEAMS,6800,451367.163909891,436702.782784118,58.3,DT
367730:8794,526:526,05/19/23 20:46:01,STABLE BEAMS,6800,451414.581122745,334937.571389321,58.3,DT
367730:8794,527:527,05/19/23 20:46:24,STABLE BEAMS,6800,451089.855018433,436401.136645786,58.3,DT
367730:8794,528:528,05/19/23 20:46:47,STABLE BEAMS,6800,451320.018893556,436489.231288328,58.3,DT
367730:8794,529:529,05/19/23 20:47:11,STABLE BEAMS,6800,451216.859308338,436528.421072497,58.3,DT
367730:8794,530:530,05/19/23 20:47:34,STABLE BEAMS,6800,450971.492968026,436555.296046261,58.3,DT
367730:8794,531:531,05/19/23 20:47:57,STABLE BEAMS,6800,450687.894599541,436049.368127631,58.3,DT
367730:8794,532:532,05/19/23 20:48:21,STABLE BEAMS,6800,451045.650593222,436624.945751179,58.3,DT
367730:8794,533:533,05/19/23 20:48:44,STABLE BEAMS,6800,450163.047587029,435751.862657869,58.2,DT
367730:8794,534:534,05/19/23 20:49:07,STABLE BEAMS,6800,449697.834777969,164325.466378571,58.1,DT
367730:8794,535:535,05/19/23 20:49:30,STABLE BEAMS,6800,448961.645990094,434614.762139744,58.0,DT
367730:8794,536:536,05/19/23 20:49:54,STABLE BEAMS,6800,447851.459184299,433665.657536419,57.9,DT
367730:8794,537:537,05/19/23 20:50:17,STABLE BEAMS,6800,447983.891478204,433659.123755948,57.9,DT
367730:8794,538:538,05/19/23 20:50:40,STABLE BEAMS,6800,448736.232523380,434577.029053849,58.0,DT
367730:8794,539:539,05/19/23 20:51:04,STABLE BEAMS,6800,448385.172853651,434328.435563130,58.0,DT
367730:8794,540:540,05/19/23 20:51:27,STABLE BEAMS,6800,448226.587976058,434178.245334314,57.9,DT
367730:8794,541:541,05/19/23 20:51:50,STABLE BEAMS,6800,447600.572177342,427340.905943259,57.9,DT
367730:8794,542:542,05/19/23 20:52:14,STABLE BEAMS,6800,447687.941468715,424847.032703560,57.9,DT
367730:8794,543:543,05/19/23 20:52:37,STABLE BEAMS,6800,447842.997926530,428856.522460783,57.9,DT
367730:8794,544:544,05/19/23 20:53:00,STABLE BEAMS,6800,446967.453207747,401832.870190964,57.8,DT
367730:8794,545:545,05/19/23 20:53:24,STABLE BEAMS,6800,447123.097494216,428188.358026943,57.8,DT
367730:8794,546:546,05/19/23 20:53:47,STABLE BEAMS,6800,446760.997939051,426116.995113370,57.7,DT
367730:8794,547:547,05/19/23 20:54:10,STABLE BEAMS,6800,447409.772552084,330984.818987562,57.8,DT
367730:8794,548:548,05/19/23 20:54:34,STABLE BEAMS,6800,445290.114548451,431204.882351394,57.6,DT
367730:8794,549:549,05/19/23 20:54:57,STABLE BEAMS,6800,445518.875453215,425734.437093931,57.6,DT
367730:8794,550:550,05/19/23 20:55:20,STABLE BEAMS,6800,445069.587588405,424055.209268103,57.5,DT
367730:8794,551:551,05/19/23 20:55:43,STABLE BEAMS,6800,444627.676538847,431013.128485422,57.5,DT
367730:8794,552:552,05/19/23 20:56:07,STABLE BEAMS,6800,444428.912269684,424531.520855947,57.4,DT
367730:8794,553:553,05/19/23 20:56:30,STABLE BEAMS,6800,444800.514089519,431098.857969961,57.5,DT
367730:8794,554:554,05/19/23 20:56:53,STABLE BEAMS,6800,445190.076536086,424255.842932241,57.5,DT
367730:8794,555:555,05/19/23 20:57:17,STABLE BEAMS,6800,444482.076014380,360676.161570745,57.5,DT
367730:8794,556:556,05/19/23 20:57:40,STABLE BEAMS,6800,444921.047920668,412611.532473638,57.5,DT
367730:8794,557:557,05/19/23 20:58:03,STABLE BEAMS,6800,444225.805886892,430798.422516893,57.4,DT
367730:8794,558:558,05/19/23 20:58:27,STABLE BEAMS,6800,443960.215924315,430613.902381943,57.4,DT
367730:8794,559:559,05/19/23 20:58:50,STABLE BEAMS,6800,443420.890373527,423730.391624003,57.3,DT
367730:8794,560:560,05/19/23 20:59:13,STABLE BEAMS,6800,442915.860136354,429777.211280798,57.2,DT
367730:8794,561:561,05/19/23 20:59:37,STABLE BEAMS,6800,442737.367268631,429579.305511160,57.2,DT
367730:8794,562:562,05/19/23 21:00:00,STABLE BEAMS,6800,443291.171357695,425252.929789326,57.3,DT
367742:8796,39:39,05/20/23 03:16:41,STABLE BEAMS,6800,263159.422869146,153982.082574840,34.0,DT
367742:8796,40:40,05/20/23 03:17:04,STABLE BEAMS,6800,262592.724193894,254796.660404771,33.9,DT
367742:8796,41:41,05/20/23 03:17:27,STABLE BEAMS,6800,262371.790386922,255775.868997580,33.9,DT
367742:8796,42:42,05/20/23 03:17:51,STABLE BEAMS,6800,262252.727575262,255762.339931395,33.9,DT
367742:8796,43:43,05/20/23 03:18:14,STABLE BEAMS,6800,261905.830485287,255468.170059992,33.9,DT
367742:8796,44:44,05/20/23 03:18:37,STABLE BEAMS,6800,261473.533185145,190052.786455821,33.8,DT
367742:8796,45:45,05/20/23 03:19:00,STABLE BEAMS,6800,261009.089186467,253654.113775172,33.7,DT
367742:8796,46:46,05/20/23 03:19:24,STABLE BEAMS,6800,260912.444943474,254369.112899545,33.7,DT
367742:8796,47:47,05/20/23 03:19:47,STABLE BEAMS,6800,260557.788804837,254290.646689125,33.7,DT
367742:8796,48:48,05/20/23 03:20:10,STABLE BEAMS,6800,260087.666323448,253808.841854515,33.6,DT
367742:8796,49:49,05/20/23 03:20:34,STABLE BEAMS,6800,259871.823170534,253664.327611544,33.6,DT
367742:8796,50:50,05/20/23 03:20:57,STABLE BEAMS,6800,259032.157717453,183885.097147233,33.5,DT
367742:8796,51:51,05/20/23 03:21:20,STABLE BEAMS,6800,27111.823936084,27009.821199514,3.5,DT
367742:8796,52:52,05/20/23 03:21:44,STABLE BEAMS,6800,38833.818212951,38416.410242239,5.0,DT
367742:8796,53:53,05/20/23 03:22:07,STABLE BEAMS,6800,138031.258189697,134798.783563535,17.8,DT
367742:8796,54:54,05/20/23 03:22:30,STABLE BEAMS,6800,238884.570944891,235332.543561575,30.9,DT
367742:8796,55:55,05/20/23 03:22:54,STABLE BEAMS,6800,191495.725890433,190720.354638900,24.8,DT
367742:8796,56:56,05/20/23 03:23:17,STABLE BEAMS,6800,61357.885183300,61225.557046144,7.9,DT
367742:8796,57:57,05/20/23 03:23:40,STABLE BEAMS,6800,13179.177517367,13028.002639507,1.7,DT
367742:8796,58:58,05/20/23 03:24:03,STABLE BEAMS,6800,122556.585186852,121916.189366386,15.8,DT
367742:8796,59:59,05/20/23 03:24:27,STABLE BEAMS,6800,55321.267863923,55077.803846709,7.2,DT
367742:8796,60:60,05/20/23 03:24:50,STABLE BEAMS,6800,48617.523660322,37081.113719592,6.3,DT
367742:8796,61:61,05/20/23 03:25:13,STABLE BEAMS,6800,139880.981945344,136857.839025438,18.1,DT
367742:8796,62:62,05/20/23 03:25:37,STABLE BEAMS,6800,238354.882309179,234510.626430952,30.8,DT
367742:8796,63:63,05/20/23 03:26:00,STABLE BEAMS,6800,208130.933657646,206864.402360652,26.9,DT
367742:8796,64:64,05/20/23 03:26:23,STABLE BEAMS,6800,95086.318706759,94844.073318210,12.3,DT
367742:8796,65:65,05/20/23 03:26:47,STABLE BEAMS,6800,30344.692153875,29765.109969040,3.9,DT
367742:8796,66:66,05/20/23 03:27:10,STABLE BEAMS,6800,204220.009720582,199226.850945759,26.4,DT
367742:8796,67:67,05/20/23 03:27:33,STABLE BEAMS,6800,259192.711676251,252761.221428127,33.5,DT
367742:8796,68:68,05/20/23 03:27:57,STABLE BEAMS,6800,259359.282915557,253058.000731742,33.5,DT
367742:8796,69:69,05/20/23 03:28:20,STABLE BEAMS,6800,258349.743668589,252441.999032075,33.4,DT
367742:8796,70:70,05/20/23 03:28:43,STABLE BEAMS,6800,255679.154117886,249707.987101856,33.0,DT
367742:8796,71:71,05/20/23 03:29:06,STABLE BEAMS,6800,256744.661602414,250706.103594411,33.2,DT
367742:8796,73:73,05/20/23 03:29:53,STABLE BEAMS,6800,257853.536652642,251845.525345612,33.3,DT
367742:8796,74:74,05/20/23 03:30:16,STABLE BEAMS,6800,256638.833622592,250695.310699349,33.2,DT
367742:8796,75:75,05/20/23 03:30:40,STABLE BEAMS,6800,255835.002551745,249710.163259765,33.1,DT
367742:8796,76:76,05/20/23 03:31:03,STABLE BEAMS,6800,255566.063703264,249722.588694014,33.0,DT
367742:8796,77:77,05/20/23 03:31:26,STABLE BEAMS,6800,255695.239773911,249877.813612686,33.1,DT
367742:8796,78:78,05/20/23 03:31:50,STABLE BEAMS,6800,255242.649354520,249426.771462442,33.0,DT
367742:8796,79:79,05/20/23 03:32:13,STABLE BEAMS,6800,254738.502308182,248949.318110641,32.9,DT
367742:8796,80:80,05/20/23 03:32:36,STABLE BEAMS,6800,254958.237292184,248826.386948463,33.0,DT
367742:8796,81:81,05/20/23 03:33:00,STABLE BEAMS,6800,255243.826459682,249389.896950559,33.0,DT
367742:8796,82:82,05/20/23 03:33:23,STABLE BEAMS,6800,254995.496362584,249147.011915383,33.0,DT
367742:8796,83:83,05/20/23 03:33:46,STABLE BEAMS,6800,255036.238969293,249208.751319192,33.0,DT
367742:8796,84:84,05/20/23 03:34:10,STABLE BEAMS,6800,254870.233840834,249139.826722676,32.9,DT
367742:8796,85:85,05/20/23 03:34:33,STABLE BEAMS,6800,254670.904908678,246107.993450676,32.9,DT
367742:8796,86:86,05/20/23 03:34:56,STABLE BEAMS,6800,254700.902992133,244918.742567350,32.9,DT
367742:8796,87:87,05/20/23 03:35:19,STABLE BEAMS,6800,262385.591329607,251537.930500812,33.9,DT
367742:8796,91:91,05/20/23 03:36:53,STABLE BEAMS,6800,265823.158279830,259181.924016280,34.4,DT
367742:8796,92:92,05/20/23 03:37:16,STABLE BEAMS,6800,265465.040322691,258585.743084884,34.3,DT
367742:8796,99:99,05/20/23 03:39:59,STABLE BEAMS,6800,279590.166166676,265013.043859530,36.1,DT
367742:8796,100:100,05/20/23 03:40:23,STABLE BEAMS,6800,292252.394981774,280991.310442762,37.8,DT
367742:8796,101:101,05/20/23 03:40:46,STABLE BEAMS,6800,295906.552177486,285029.109285557,38.2,DT
367742:8796,103:103,05/20/23 03:41:32,STABLE BEAMS,6800,295132.040146648,283575.292242136,38.1,DT
367742:8796,104:104,05/20/23 03:41:56,STABLE BEAMS,6800,294803.468542569,283965.505034600,38.1,DT
367742:8796,105:105,05/20/23 03:42:19,STABLE BEAMS,6800,294369.066062961,281825.407740273,38.0,DT
367742:8796,106:106,05/20/23 03:42:42,STABLE BEAMS,6800,301551.574987449,282475.850285583,39.0,DT
367742:8796,107:107,05/20/23 03:43:06,STABLE BEAMS,6800,310270.618786497,295201.593294902,40.1,DT
367742:8796,108:108,05/20/23 03:43:29,STABLE BEAMS,6800,310035.478637769,239787.359925986,40.1,DT
367742:8796,109:109,05/20/23 03:43:52,STABLE BEAMS,6800,310125.901452865,301336.761068727,40.1,DT
367742:8796,110:110,05/20/23 03:44:16,STABLE BEAMS,6800,310332.175739832,302007.193869743,40.1,DT
367742:8796,111:111,05/20/23 03:44:39,STABLE BEAMS,6800,310123.118677808,301958.033371215,40.1,DT
367742:8796,112:112,05/20/23 03:45:02,STABLE BEAMS,6800,314959.697554629,305665.348690484,40.7,DT
367742:8796,113:113,05/20/23 03:45:26,STABLE BEAMS,6800,325312.891981148,244341.215168602,42.0,DT
367742:8796,114:114,05/20/23 03:45:49,STABLE BEAMS,6800,325055.876208939,315406.034890321,42.0,DT
367742:8796,115:115,05/20/23 03:46:12,STABLE BEAMS,6800,325666.553444205,316048.110917056,42.1,DT
367742:8796,116:116,05/20/23 03:46:35,STABLE BEAMS,6800,325429.218349075,315736.511595150,42.1,DT
367742:8796,117:117,05/20/23 03:46:59,STABLE BEAMS,6800,325311.467292982,316018.359636586,42.0,DT
367742:8796,118:118,05/20/23 03:47:22,STABLE BEAMS,6800,326257.843916720,310624.980406437,42.2,DT
367742:8796,119:119,05/20/23 03:47:45,STABLE BEAMS,6800,337126.859434990,319310.853875901,43.6,DT
367742:8796,120:120,05/20/23 03:48:09,STABLE BEAMS,6800,339011.875351612,327641.950250197,43.8,DT
367742:8796,121:121,05/20/23 03:48:32,STABLE BEAMS,6800,339225.659656383,327987.012021727,43.8,DT
367742:8796,122:122,05/20/23 03:48:55,STABLE BEAMS,6800,338891.363238270,327664.707509582,43.8,DT
367742:8796,123:123,05/20/23 03:49:19,STABLE BEAMS,6800,338990.066329407,331088.894202557,43.8,DT
367742:8796,124:124,05/20/23 03:49:42,STABLE BEAMS,6800,338688.143922880,326396.571684504,43.8,DT
367742:8796,125:125,05/20/23 03:50:05,STABLE BEAMS,6800,346864.355469169,337780.211369770,44.8,DT
367742:8796,126:126,05/20/23 03:50:29,STABLE BEAMS,6800,353636.985662181,344239.826113153,45.7,DT
367742:8796,127:127,05/20/23 03:50:52,STABLE BEAMS,6800,353354.562951004,344200.935365102,45.7,DT
367742:8796,128:128,05/20/23 03:51:15,STABLE BEAMS,6800,353200.774813142,343404.691279568,45.7,DT
367742:8796,130:130,05/20/23 03:52:02,STABLE BEAMS,6800,353163.333313160,342900.759233454,45.6,DT
367742:8796,131:131,05/20/23 03:52:25,STABLE BEAMS,6800,361163.155723339,349715.256371520,46.7,DT
367742:8796,132:132,05/20/23 03:52:49,STABLE BEAMS,6800,370048.725878224,354632.035654527,47.8,DT
367742:8796,133:133,05/20/23 03:53:12,STABLE BEAMS,6800,369909.776794241,358708.682220164,47.8,DT
367742:8796,134:134,05/20/23 03:53:35,STABLE BEAMS,6800,369975.924892064,358894.290594205,47.8,DT
367742:8796,135:135,05/20/23 03:53:58,STABLE BEAMS,6800,369678.165065291,358559.668492609,47.8,DT
367742:8796,136:136,05/20/23 03:54:22,STABLE BEAMS,6800,369929.842600438,351440.705082610,47.8,DT
367742:8796,137:137,05/20/23 03:54:45,STABLE BEAMS,6800,372269.755367598,359124.259838624,48.1,DT
367742:8796,138:138,05/20/23 03:55:08,STABLE BEAMS,6800,383887.583511266,365948.565142009,49.6,DT
367742:8796,139:139,05/20/23 03:55:32,STABLE BEAMS,6800,384101.414147359,370544.508105117,49.6,DT
367742:8796,140:140,05/20/23 03:55:55,STABLE BEAMS,6800,384156.658458006,370538.809966429,49.7,DT
367742:8796,141:141,05/20/23 03:56:18,STABLE BEAMS,6800,384314.112561759,370745.757892915,49.7,DT
367742:8796,142:142,05/20/23 03:56:42,STABLE BEAMS,6800,383469.832798530,369811.882940957,49.6,DT
367742:8796,143:143,05/20/23 03:57:05,STABLE BEAMS,6800,385243.408853893,362092.700928404,49.8,DT
367742:8796,144:144,05/20/23 03:57:28,STABLE BEAMS,6800,397885.932378397,380395.107870129,51.4,DT
367742:8796,145:145,05/20/23 03:57:51,STABLE BEAMS,6800,401019.494908289,303210.684504593,51.8,DT
367742:8796,146:146,05/20/23 03:58:15,STABLE BEAMS,6800,393440.478182424,382413.153325365,50.9,DT
367742:8796,147:147,05/20/23 03:58:38,STABLE BEAMS,6800,378400.964597167,366531.435937993,48.9,DT
367742:8796,148:148,05/20/23 03:59:01,STABLE BEAMS,6800,400795.394644997,391149.799932796,51.8,DT
367742:8796,149:149,05/20/23 03:59:25,STABLE BEAMS,6800,357917.474288744,347001.791196909,46.3,DT
367742:8796,150:150,05/20/23 03:59:48,STABLE BEAMS,6800,398976.347292322,386174.353817891,51.6,DT
367742:8796,151:151,05/20/23 04:00:11,STABLE BEAMS,6800,404188.440090020,382669.638276152,52.2,DT
367742:8796,153:153,05/20/23 04:00:58,STABLE BEAMS,6800,411568.332031120,397416.277660644,53.2,DT
367742:8796,154:154,05/20/23 04:01:21,STABLE BEAMS,6800,411343.869804370,397323.610167369,53.2,DT
367742:8796,155:155,05/20/23 04:01:45,STABLE BEAMS,6800,410733.010139521,384589.637957504,53.1,DT
367742:8796,156:156,05/20/23 04:02:08,STABLE BEAMS,6800,410010.848159528,308174.520600997,53.0,DT
367742:8796,158:158,05/20/23 04:02:55,STABLE BEAMS,6800,417241.611156382,393056.700437015,53.9,DT
367742:8796,164:164,05/20/23 04:05:14,STABLE BEAMS,6800,428222.994610214,413675.279109581,55.4,DT
367742:8796,165:165,05/20/23 04:05:38,STABLE BEAMS,6800,437915.200328811,413835.862960724,56.6,DT
367742:8796,167:167,05/20/23 04:06:24,STABLE BEAMS,6800,448481.139501053,364723.867479024,58.0,DT
367742:8796,168:168,05/20/23 04:06:48,STABLE BEAMS,6800,448054.882647079,428716.266853772,57.9,DT
367742:8796,169:169,05/20/23 04:07:11,STABLE BEAMS,6800,447705.315714647,430580.721118139,57.9,DT
367742:8796,170:170,05/20/23 04:07:34,STABLE BEAMS,6800,447697.804248989,426247.374457113,57.9,DT
367742:8796,171:171,05/20/23 04:07:58,STABLE BEAMS,6800,446948.177929740,432215.967825119,57.8,DT
367742:8796,172:172,05/20/23 04:08:21,STABLE BEAMS,6800,446486.086693532,431442.745453600,57.7,DT
367742:8796,173:173,05/20/23 04:08:44,STABLE BEAMS,6800,445311.379177617,430973.108728695,57.6,DT
367742:8796,174:174,05/20/23 04:09:08,STABLE BEAMS,6800,446092.678747200,431550.731912171,57.7,DT
367742:8796,175:175,05/20/23 04:09:31,STABLE BEAMS,6800,446172.536572916,425663.658659843,57.7,DT
367742:8796,176:176,05/20/23 04:09:54,STABLE BEAMS,6800,445523.672192946,430886.829928521,57.6,DT
367742:8796,177:177,05/20/23 04:10:17,STABLE BEAMS,6800,445396.033743064,431168.228504578,57.6,DT
367742:8796,178:178,05/20/23 04:10:41,STABLE BEAMS,6800,446192.670428243,431613.851027777,57.7,DT
367742:8796,179:179,05/20/23 04:11:04,STABLE BEAMS,6800,445805.324645886,431446.237439633,57.6,DT
367742:8796,180:180,05/20/23 04:11:27,STABLE BEAMS,6800,446516.717489109,432094.221262977,57.7,DT
367742:8796,181:181,05/20/23 04:11:51,STABLE BEAMS,6800,446088.243970926,423666.850126586,57.7,DT
367742:8796,182:182,05/20/23 04:12:14,STABLE BEAMS,6800,446083.583329455,431640.239553136,57.7,DT
367742:8796,183:183,05/20/23 04:12:37,STABLE BEAMS,6800,446058.245887471,431910.060446449,57.7,DT
367742:8796,184:184,05/20/23 04:13:01,STABLE BEAMS,6800,445284.368016609,431151.615078630,57.6,DT
367742:8796,185:185,05/20/23 04:13:24,STABLE BEAMS,6800,445143.112501479,431121.765895833,57.5,DT
367742:8796,186:186,05/20/23 04:13:47,STABLE BEAMS,6800,444866.164125624,431115.319407004,57.5,DT
367742:8796,187:187,05/20/23 04:14:11,STABLE BEAMS,6800,443934.063340627,430263.074793854,57.4,DT
367742:8796,188:188,05/20/23 04:14:34,STABLE BEAMS,6800,443595.763606680,429875.769118931,57.3,DT
367742:8796,189:189,05/20/23 04:14:57,STABLE BEAMS,6800,443851.535672452,430063.414125705,57.4,DT
367742:8796,190:190,05/20/23 04:15:20,STABLE BEAMS,6800,444315.753805933,430500.260272896,57.4,DT
367742:8796,192:192,05/20/23 04:16:07,STABLE BEAMS,6800,443761.587753411,430196.716643580,57.4,DT
367742:8796,193:193,05/20/23 04:16:30,STABLE BEAMS,6800,443819.231157850,430228.475545880,57.4,DT
367742:8796,194:194,05/20/23 04:16:54,STABLE BEAMS,6800,443672.591074336,430182.005374065,57.3,DT
367742:8796,195:195,05/20/23 04:17:17,STABLE BEAMS,6800,443279.588527074,421426.964960154,57.3,DT
367742:8796,196:196,05/20/23 04:17:40,STABLE BEAMS,6800,442816.999229150,429049.208919826,57.2,DT
367742:8796,197:197,05/20/23 04:18:04,STABLE BEAMS,6800,443090.960682558,429355.046212861,57.3,DT
367742:8796,199:199,05/20/23 04:18:50,STABLE BEAMS,6800,441659.621075698,428185.609847846,57.1,DT
367742:8796,200:200,05/20/23 04:19:14,STABLE BEAMS,6800,441340.460521499,427860.099238390,57.0,DT
367742:8796,201:201,05/20/23 04:19:37,STABLE BEAMS,6800,440983.790418188,425863.017749409,57.0,DT
367742:8796,202:202,05/20/23 04:20:00,STABLE BEAMS,6800,440837.331316402,425940.794224633,57.0,DT
367742:8796,203:203,05/20/23 04:20:24,STABLE BEAMS,6800,439571.815856272,424908.286028537,56.8,DT
367742:8796,204:204,05/20/23 04:20:47,STABLE BEAMS,6800,439709.270755105,424801.919166762,56.8,DT
367742:8796,205:205,05/20/23 04:21:10,STABLE BEAMS,6800,440399.400417016,425403.893140531,56.9,DT
367742:8796,207:207,05/20/23 04:21:57,STABLE BEAMS,6800,439412.507051766,424852.237787626,56.8,DT
367742:8796,208:208,05/20/23 04:22:20,STABLE BEAMS,6800,439130.039457120,424366.886743691,56.8,DT
367742:8796,209:209,05/20/23 04:22:43,STABLE BEAMS,6800,440073.361109282,425316.010813478,56.9,DT
367742:8796,210:210,05/20/23 04:23:07,STABLE BEAMS,6800,440005.222212447,425251.417402563,56.9,DT
367742:8796,211:211,05/20/23 04:23:30,STABLE BEAMS,6800,440081.777483582,425468.324854414,56.9,DT
367742:8796,212:212,05/20/23 04:23:53,STABLE BEAMS,6800,439841.704496863,425318.760212078,56.9,DT
367742:8796,213:213,05/20/23 04:24:17,STABLE BEAMS,6800,439589.281316995,425196.184712243,56.8,DT
367742:8796,214:214,05/20/23 04:24:40,STABLE BEAMS,6800,438503.390946281,424177.088757001,56.7,DT
367742:8796,215:215,05/20/23 04:25:03,STABLE BEAMS,6800,438343.537748735,423959.504392562,56.7,DT
367742:8796,216:216,05/20/23 04:25:27,STABLE BEAMS,6800,437943.704227115,423583.226057400,56.6,DT
367742:8796,217:217,05/20/23 04:25:50,STABLE BEAMS,6800,437670.421817152,423601.130674152,56.6,DT
367742:8796,219:219,05/20/23 04:26:36,STABLE BEAMS,6800,436873.061205060,422365.373467532,56.5,DT
367742:8796,220:220,05/20/23 04:27:00,STABLE BEAMS,6800,437509.484177089,423335.204949538,56.6,DT
367742:8796,222:222,05/20/23 04:27:46,STABLE BEAMS,6800,436879.622878607,422895.224850456,56.5,DT
367742:8796,223:223,05/20/23 04:28:10,STABLE BEAMS,6800,436902.380245069,422940.526675792,56.5,DT
367742:8796,224:224,05/20/23 04:28:33,STABLE BEAMS,6800,437046.758780906,423087.573982231,56.5,DT
367742:8796,225:225,05/20/23 04:28:56,STABLE BEAMS,6800,436600.819801999,422726.780692523,56.4,DT
367742:8796,227:227,05/20/23 04:29:43,STABLE BEAMS,6800,436355.544676478,422369.579563874,56.4,DT
367742:8796,230:230,05/20/23 04:30:53,STABLE BEAMS,6800,445738.949235013,425035.343009748,57.6,DT
367742:8796,231:231,05/20/23 04:31:16,STABLE BEAMS,6800,458407.217048425,437145.254504772,59.3,DT
367742:8796,233:233,05/20/23 04:32:03,STABLE BEAMS,6800,458650.864786245,430489.898174400,59.3,DT
367742:8796,235:235,05/20/23 04:32:50,STABLE BEAMS,6800,457736.272897584,430264.647094756,59.2,DT
367742:8796,237:237,05/20/23 04:33:36,STABLE BEAMS,6800,457488.327929605,428918.362878532,59.1,DT
367742:8796,238:238,05/20/23 04:33:59,STABLE BEAMS,6800,457100.937263779,432868.375952742,59.1,DT
367742:8796,239:239,05/20/23 04:34:23,STABLE BEAMS,6800,456716.170109090,432173.533487623,59.0,DT
367742:8796,240:240,05/20/23 04:34:46,STABLE BEAMS,6800,456525.822214226,434261.934029197,59.0,DT
367742:8796,244:244,05/20/23 04:36:19,STABLE BEAMS,6800,455535.128232679,439919.237126784,58.9,DT
367742:8796,247:247,05/20/23 04:37:29,STABLE BEAMS,6800,454958.611660621,439266.549972995,58.8,DT
367742:8796,248:248,05/20/23 04:37:53,STABLE BEAMS,6800,453081.241860063,430913.671083770,58.6,DT
367742:8796,253:253,05/20/23 04:39:49,STABLE BEAMS,6800,453728.342754071,438238.695165242,58.6,DT
367742:8796,254:254,05/20/23 04:40:12,STABLE BEAMS,6800,453356.923363818,432763.238480126,58.6,DT
367742:8796,256:256,05/20/23 04:40:59,STABLE BEAMS,6800,453582.606131344,437873.843884742,58.6,DT
367742:8796,258:258,05/20/23 04:41:46,STABLE BEAMS,6800,453588.579976237,429989.061964955,58.6,DT
367742:8796,259:259,05/20/23 04:42:09,STABLE BEAMS,6800,452822.618970104,437499.146826418,58.5,DT
367742:8796,260:260,05/20/23 04:42:32,STABLE BEAMS,6800,452102.402905655,437030.304322272,58.4,DT
367742:8796,261:261,05/20/23 04:42:56,STABLE BEAMS,6800,451900.291198443,436801.461709011,58.4,DT
367742:8796,263:263,05/20/23 04:43:42,STABLE BEAMS,6800,450647.309808899,436125.248199181,58.2,DT
367742:8796,264:264,05/20/23 04:44:06,STABLE BEAMS,6800,450405.156256230,435663.403013729,58.2,DT
367742:8796,266:266,05/20/23 04:44:52,STABLE BEAMS,6800,450693.911880048,436145.986759903,58.3,DT
367742:8796,267:267,05/20/23 04:45:15,STABLE BEAMS,6800,450228.245892741,435728.388378551,58.2,DT
367742:8796,268:268,05/20/23 04:45:39,STABLE BEAMS,6800,450156.713226533,435302.936995806,58.2,DT
367742:8796,269:269,05/20/23 04:46:02,STABLE BEAMS,6800,450823.224048954,436218.635384874,58.3,DT
367742:8796,270:270,05/20/23 04:46:25,STABLE BEAMS,6800,450831.457993672,436179.202709347,58.3,DT
367742:8796,271:271,05/20/23 04:46:49,STABLE BEAMS,6800,450378.688040407,435697.877745896,58.2,DT
367742:8796,272:272,05/20/23 04:47:12,STABLE BEAMS,6800,450288.376710055,435634.724334466,58.2,DT
367742:8796,275:275,05/20/23 04:48:22,STABLE BEAMS,6800,449646.480850558,435199.289510070,58.1,DT
367742:8796,276:276,05/20/23 04:48:45,STABLE BEAMS,6800,448857.038551049,434495.657636797,58.0,DT
367742:8796,277:277,05/20/23 04:49:09,STABLE BEAMS,6800,448440.599593880,433972.209893478,58.0,DT
367742:8796,278:278,05/20/23 04:49:32,STABLE BEAMS,6800,448018.639970066,433748.968022643,57.9,DT
367742:8796,280:280,05/20/23 04:50:19,STABLE BEAMS,6800,446735.751711859,432632.053322212,57.7,DT
367742:8796,281:281,05/20/23 04:50:42,STABLE BEAMS,6800,446282.165169035,432182.748402472,57.7,DT
367742:8796,282:282,05/20/23 04:51:05,STABLE BEAMS,6800,447109.930711508,433119.865003534,57.8,DT
367742:8796,284:284,05/20/23 04:51:52,STABLE BEAMS,6800,446239.499812443,432163.906228839,57.7,DT
367742:8796,286:286,05/20/23 04:52:38,STABLE BEAMS,6800,447259.783582666,431227.579883079,57.8,DT
367742:8796,288:288,05/20/23 04:53:25,STABLE BEAMS,6800,447021.159897629,431020.610560220,57.8,DT
367742:8796,292:292,05/20/23 04:54:58,STABLE BEAMS,6800,445744.785533792,430241.780511118,57.6,DT
367742:8796,294:294,05/20/23 04:55:45,STABLE BEAMS,6800,443757.878351905,427508.149920071,57.4,DT
367742:8796,295:295,05/20/23 04:56:08,STABLE BEAMS,6800,444385.612753115,196085.984405950,57.4,DT
367742:8796,297:297,05/20/23 04:56:55,STABLE BEAMS,6800,443490.161492056,428431.238143261,57.3,DT
367742:8796,298:298,05/20/23 04:57:18,STABLE BEAMS,6800,443544.545777528,428187.877769979,57.3,DT
367742:8796,303:303,05/20/23 04:59:15,STABLE BEAMS,6800,443228.777544848,428084.816794283,57.3,DT
367742:8796,304:304,05/20/23 04:59:38,STABLE BEAMS,6800,443211.267200657,428191.502083485,57.3,DT
367742:8796,309:309,05/20/23 05:01:35,STABLE BEAMS,6800,441426.833689440,426789.963009550,57.1,DT
367742:8796,318:318,05/20/23 05:05:04,STABLE BEAMS,6800,439484.763644887,420195.171890354,56.8,DT
367742:8796,321:321,05/20/23 05:06:14,STABLE BEAMS,6800,439612.310879977,419037.218848704,56.8,DT
367742:8796,323:323,05/20/23 05:07:01,STABLE BEAMS,6800,439032.897152410,424794.647870254,56.7,DT
367742:8796,324:324,05/20/23 05:07:24,STABLE BEAMS,6800,438889.152776550,424649.058025624,56.7,DT
367742:8796,326:326,05/20/23 05:08:11,STABLE BEAMS,6800,437872.895487822,423846.968064173,56.6,DT
367742:8796,335:335,05/20/23 05:11:41,STABLE BEAMS,6800,455550.285814400,295062.097652353,58.9,DT
367742:8796,338:338,05/20/23 05:12:50,STABLE BEAMS,6800,452603.767176937,438029.387501658,58.5,DT
367742:8796,344:344,05/20/23 05:15:10,STABLE BEAMS,6800,450770.422267715,413327.044750774,58.3,DT
367742:8796,345:345,05/20/23 05:15:34,STABLE BEAMS,6800,452839.224405653,323909.214216090,58.5,DT
367742:8796,347:347,05/20/23 05:16:20,STABLE BEAMS,6800,453836.342514634,438710.950606809,58.7,DT
367742:8796,349:349,05/20/23 05:17:07,STABLE BEAMS,6800,454568.504821015,439224.920550737,58.8,DT
367742:8796,352:352,05/20/23 05:18:17,STABLE BEAMS,6800,454566.152058545,439305.625072915,58.8,DT
367742:8796,357:357,05/20/23 05:20:13,STABLE BEAMS,6800,453678.572778746,438707.893195868,58.6,DT
367742:8796,358:358,05/20/23 05:20:37,STABLE BEAMS,6800,453082.644830422,437944.089602046,58.6,DT
367742:8796,362:362,05/20/23 05:22:10,STABLE BEAMS,6800,451707.500774172,436828.533227760,58.4,DT
367742:8796,363:363,05/20/23 05:22:33,STABLE BEAMS,6800,451799.484375695,437079.993753719,58.4,DT
367742:8796,364:364,05/20/23 05:22:57,STABLE BEAMS,6800,451883.323799437,437078.987329501,58.4,DT
367742:8796,369:369,05/20/23 05:24:53,STABLE BEAMS,6800,450496.777894295,435224.235565046,58.2,DT
367742:8796,376:376,05/20/23 05:27:36,STABLE BEAMS,6800,449499.613453992,322018.186442809,58.1,DT
367742:8796,381:381,05/20/23 05:29:33,STABLE BEAMS,6800,447844.671645555,431991.719603007,57.9,DT
367742:8796,382:382,05/20/23 05:29:56,STABLE BEAMS,6800,447769.790093445,432034.297130614,57.9,DT
367742:8796,384:384,05/20/23 05:30:43,STABLE BEAMS,6800,446620.059503910,431034.069966927,57.7,DT
367742:8796,389:389,05/20/23 05:32:39,STABLE BEAMS,6800,445613.980627589,418285.256267885,57.6,DT
367742:8796,398:398,05/20/23 05:36:09,STABLE BEAMS,6800,445238.398657582,424377.968098833,57.6,DT
367742:8796,402:402,05/20/23 05:37:42,STABLE BEAMS,6800,443326.643776472,422063.471655123,57.3,DT
367742:8796,404:404,05/20/23 05:38:29,STABLE BEAMS,6800,441751.695892011,420553.174950317,57.1,DT
367742:8796,428:428,05/20/23 05:47:49,STABLE BEAMS,6800,447518.406472624,428082.363401661,57.8,DT
367742:8796,432:432,05/20/23 05:49:22,STABLE BEAMS,6800,458832.615325079,443091.130628430,59.3,DT
367742:8796,433:433,05/20/23 05:49:45,STABLE BEAMS,6800,457185.500614435,441571.195018790,59.1,DT
367742:8796,434:434,05/20/23 05:50:08,STABLE BEAMS,6800,456986.239731409,441005.299681554,59.1,DT
367742:8796,441:441,05/20/23 05:52:52,STABLE BEAMS,6800,457523.846679704,441782.910626398,59.1,DT
367742:8796,442:442,05/20/23 05:53:15,STABLE BEAMS,6800,457801.788283284,441927.931536603,59.2,DT
367742:8796,443:443,05/20/23 05:53:38,STABLE BEAMS,6800,457680.394426961,441860.761161646,59.2,DT
367758:8804,52:52,05/21/23 03:47:38,STABLE BEAMS,6800,231707.400257465,140209.719433660,29.9,DT
367758:8804,53:53,05/21/23 03:48:02,STABLE BEAMS,6800,231431.833134162,229139.189972359,29.9,DT
367758:8804,54:54,05/21/23 03:48:25,STABLE BEAMS,6800,232491.074307325,230241.744199194,30.1,DT
367758:8804,55:55,05/21/23 03:48:48,STABLE BEAMS,6800,231540.083373438,229165.067173509,29.9,DT
367758:8804,56:56,05/21/23 03:49:12,STABLE BEAMS,6800,232167.953872908,229934.252817808,30.0,DT
367758:8804,57:57,05/21/23 03:49:35,STABLE BEAMS,6800,232791.865940013,230518.352858089,30.1,DT
367758:8804,58:58,05/21/23 03:49:58,STABLE BEAMS,6800,234882.272952767,232572.011073825,30.4,DT
367758:8804,59:59,05/21/23 03:50:22,STABLE BEAMS,6800,235807.157634288,233472.525574740,30.5,DT
367758:8804,60:60,05/21/23 03:50:45,STABLE BEAMS,6800,235655.675927573,233310.531077191,30.5,DT
367758:8804,61:61,05/21/23 03:51:08,STABLE BEAMS,6800,234814.200657207,228190.960000397,30.4,DT
367758:8804,62:62,05/21/23 03:51:32,STABLE BEAMS,6800,233755.819509218,178240.324775931,30.2,DT
367758:8804,63:63,05/21/23 03:51:55,STABLE BEAMS,6800,206022.157723381,200859.489224173,26.6,DT
367758:8804,64:64,05/21/23 03:52:18,STABLE BEAMS,6800,9897.488146301,9845.042909133,1.3,DT
367758:8804,65:65,05/21/23 03:52:42,STABLE BEAMS,6800,49681.854618830,48983.648026901,6.4,DT
367758:8804,66:66,05/21/23 03:53:05,STABLE BEAMS,6800,151636.333181760,147767.699403826,19.6,DT
367758:8804,78:78,05/21/23 03:57:45,STABLE BEAMS,6800,31861.751657029,31028.661410505,4.1,DT
367758:8804,79:79,05/21/23 03:58:08,STABLE BEAMS,6800,230661.031952684,224489.860273445,29.8,DT
367758:8804,80:80,05/21/23 03:58:31,STABLE BEAMS,6800,232071.196697316,221743.970333657,30.0,DT
367758:8804,81:81,05/21/23 03:58:54,STABLE BEAMS,6800,231628.085376934,225848.588969188,29.9,DT
367758:8804,82:82,05/21/23 03:59:18,STABLE BEAMS,6800,229227.950577669,223556.723996401,29.6,DT
367758:8804,83:83,05/21/23 03:59:41,STABLE BEAMS,6800,227579.094098870,221952.178649008,29.4,DT
367758:8804,84:84,05/21/23 04:00:04,STABLE BEAMS,6800,228809.318121951,219832.006788583,29.6,DT
367758:8804,85:85,05/21/23 04:00:28,STABLE BEAMS,6800,229419.181663367,223702.046731909,29.7,DT
367758:8804,86:86,05/21/23 04:00:51,STABLE BEAMS,6800,229209.309459638,220348.168689550,29.6,DT
367758:8804,87:87,05/21/23 04:01:14,STABLE BEAMS,6800,228387.471430736,222815.602963438,29.5,DT
367758:8804,88:88,05/21/23 04:01:38,STABLE BEAMS,6800,227632.008812708,222136.132522068,29.4,DT
367758:8804,89:89,05/21/23 04:02:01,STABLE BEAMS,6800,227024.249002904,162941.623864476,29.3,DT
367758:8804,90:90,05/21/23 04:02:24,STABLE BEAMS,6800,226468.726311346,220620.894184002,29.3,DT
367758:8804,91:91,05/21/23 04:02:48,STABLE BEAMS,6800,225917.364751689,220491.378923243,29.2,DT
367758:8804,92:92,05/21/23 04:03:11,STABLE BEAMS,6800,225869.744839299,216181.747807202,29.2,DT
367758:8804,95:95,05/21/23 04:04:21,STABLE BEAMS,6800,225999.847536395,220610.845757713,29.2,DT
367758:8804,96:96,05/21/23 04:04:44,STABLE BEAMS,6800,225740.613652121,220383.738324259,29.2,DT
367758:8804,97:97,05/21/23 04:05:08,STABLE BEAMS,6800,225646.707300716,220330.217294941,29.2,DT
367758:8804,98:98,05/21/23 04:05:31,STABLE BEAMS,6800,225386.885587788,220013.026013275,29.1,DT
367758:8804,99:99,05/21/23 04:05:54,STABLE BEAMS,6800,225238.503736119,219939.933328360,29.1,DT
367758:8804,100:100,05/21/23 04:06:17,STABLE BEAMS,6800,225023.610375316,219676.392548880,29.1,DT
367758:8804,101:101,05/21/23 04:06:41,STABLE BEAMS,6800,225048.064626464,219581.627625020,29.1,DT
367758:8804,102:102,05/21/23 04:07:04,STABLE BEAMS,6800,226742.823863014,218500.439943452,29.3,DT
367758:8804,103:103,05/21/23 04:07:27,STABLE BEAMS,6800,231132.648619223,224988.809964797,29.9,DT
367758:8804,104:104,05/21/23 04:07:51,STABLE BEAMS,6800,231601.459345044,225708.054938126,29.9,DT
367758:8804,105:105,05/21/23 04:08:14,STABLE BEAMS,6800,231733.620890283,225754.591545579,30.0,DT
367758:8804,106:106,05/21/23 04:08:37,STABLE BEAMS,6800,231708.532479158,225827.486684327,29.9,DT
367758:8804,107:107,05/21/23 04:09:01,STABLE BEAMS,6800,231405.115887481,222299.556630359,29.9,DT
367758:8804,108:108,05/21/23 04:09:24,STABLE BEAMS,6800,231255.669863248,224370.865530374,29.9,DT
367758:8804,109:109,05/21/23 04:09:47,STABLE BEAMS,6800,237825.827833445,230659.896245345,30.7,DT
367758:8804,111:111,05/21/23 04:10:34,STABLE BEAMS,6800,244920.379637905,234823.591433132,31.7,DT
367758:8804,112:112,05/21/23 04:10:57,STABLE BEAMS,6800,244165.730713727,236679.070096778,31.6,DT
367758:8804,113:113,05/21/23 04:11:21,STABLE BEAMS,6800,243615.750406622,236402.794319334,31.5,DT
367758:8804,114:114,05/21/23 04:11:44,STABLE BEAMS,6800,243420.584054220,236187.306565564,31.5,DT
367758:8804,115:115,05/21/23 04:12:07,STABLE BEAMS,6800,242750.724345896,231966.210632521,31.4,DT
367758:8804,116:116,05/21/23 04:12:30,STABLE BEAMS,6800,241733.336283328,234337.975176119,31.2,DT
367758:8804,117:117,05/21/23 04:12:54,STABLE BEAMS,6800,244515.726210893,235513.926501845,31.6,DT
367758:8804,118:118,05/21/23 04:13:17,STABLE BEAMS,6800,255772.768002818,240624.126421522,33.1,DT
367758:8804,119:119,05/21/23 04:13:40,STABLE BEAMS,6800,256404.303020326,246677.338355562,33.1,DT
367758:8804,120:120,05/21/23 04:14:04,STABLE BEAMS,6800,256517.529533207,242895.308417619,33.2,DT
367758:8804,121:121,05/21/23 04:14:27,STABLE BEAMS,6800,256134.188514537,246669.100968476,33.1,DT
367758:8804,122:122,05/21/23 04:14:50,STABLE BEAMS,6800,255975.240225634,246445.393637238,33.1,DT
367758:8804,123:123,05/21/23 04:15:14,STABLE BEAMS,6800,256479.591419362,241002.642533879,33.2,DT
367758:8804,124:124,05/21/23 04:15:37,STABLE BEAMS,6800,265360.138969319,247130.314409049,34.3,DT
367758:8804,125:125,05/21/23 04:16:00,STABLE BEAMS,6800,272647.911210636,254523.804765332,35.2,DT
367758:8804,126:126,05/21/23 04:16:24,STABLE BEAMS,6800,272671.574933595,264773.382718762,35.2,DT
367758:8804,132:132,05/21/23 04:18:43,STABLE BEAMS,6800,288249.034264941,272791.495467226,37.3,DT
367758:8804,133:133,05/21/23 04:19:07,STABLE BEAMS,6800,287806.940785801,277661.816693363,37.2,DT
367758:8804,136:136,05/21/23 04:20:17,STABLE BEAMS,6800,286959.493118396,214268.707818476,37.1,DT
367758:8804,137:137,05/21/23 04:20:40,STABLE BEAMS,6800,290707.941794631,283339.319394586,37.6,DT
367758:8804,138:138,05/21/23 04:21:03,STABLE BEAMS,6800,299463.905866283,291909.832203804,38.7,DT
367758:8804,139:139,05/21/23 04:21:27,STABLE BEAMS,6800,299937.060153587,292478.311843536,38.8,DT
367758:8804,140:140,05/21/23 04:21:50,STABLE BEAMS,6800,299399.748567474,292067.794292246,38.7,DT
367758:8804,141:141,05/21/23 04:22:13,STABLE BEAMS,6800,299197.432712872,287296.295596796,38.7,DT
367758:8804,142:142,05/21/23 04:22:37,STABLE BEAMS,6800,298665.776443809,291452.167114234,38.6,DT
367758:8804,143:143,05/21/23 04:23:00,STABLE BEAMS,6800,299149.811352627,291287.938982246,38.7,DT
367758:8804,144:144,05/21/23 04:23:23,STABLE BEAMS,6800,310421.625597156,302029.057276947,40.1,DT
367758:8804,145:145,05/21/23 04:23:46,STABLE BEAMS,6800,312415.750330373,299704.768153109,40.4,DT
367758:8804,146:146,05/21/23 04:24:10,STABLE BEAMS,6800,311824.572790457,302951.599239504,40.3,DT
367758:8804,147:147,05/21/23 04:24:33,STABLE BEAMS,6800,311334.090588544,230582.402688247,40.2,DT
367758:8804,148:148,05/21/23 04:24:56,STABLE BEAMS,6800,310568.695693258,301890.118810946,40.1,DT
367758:8804,149:149,05/21/23 04:25:20,STABLE BEAMS,6800,310163.613701513,300481.053765372,40.1,DT
367758:8804,150:150,05/21/23 04:25:43,STABLE BEAMS,6800,319913.212345837,309826.535781837,41.4,DT
367758:8804,151:151,05/21/23 04:26:06,STABLE BEAMS,6800,323812.214654483,309468.740930318,41.9,DT
367758:8804,152:152,05/21/23 04:26:30,STABLE BEAMS,6800,322733.789418105,254254.348616048,41.7,DT
367758:8804,153:153,05/21/23 04:26:53,STABLE BEAMS,6800,322175.347853231,309127.984336679,41.6,DT
367758:8804,154:154,05/21/23 04:27:16,STABLE BEAMS,6800,321969.390646252,312203.858569809,41.6,DT
367758:8804,155:155,05/21/23 04:27:40,STABLE BEAMS,6800,322847.196912714,307559.589355321,41.7,DT
367758:8804,156:156,05/21/23 04:28:03,STABLE BEAMS,6800,332469.724665857,315824.488063695,43.0,DT
367758:8804,158:158,05/21/23 04:28:49,STABLE BEAMS,6800,338713.187450536,321880.368717924,43.8,DT
367758:8804,159:159,05/21/23 04:29:13,STABLE BEAMS,6800,338131.014113574,326074.042319972,43.7,DT
367758:8804,160:160,05/21/23 04:29:36,STABLE BEAMS,6800,337775.927962350,323416.769063670,43.7,DT
367758:8804,161:161,05/21/23 04:29:59,STABLE BEAMS,6800,337802.577159901,324861.114170827,43.7,DT
367758:8804,162:162,05/21/23 04:30:23,STABLE BEAMS,6800,339214.732703546,330090.976989690,43.8,DT
367758:8804,163:163,05/21/23 04:30:46,STABLE BEAMS,6800,350241.768436416,336487.612868559,45.3,DT
367758:8804,164:164,05/21/23 04:31:09,STABLE BEAMS,6800,352738.366496947,339326.494321756,45.6,DT
367758:8804,166:166,05/21/23 04:31:56,STABLE BEAMS,6800,352278.875606214,342747.050368581,45.5,DT
367758:8804,167:167,05/21/23 04:32:19,STABLE BEAMS,6800,352744.383777454,338499.947552360,45.6,DT
367758:8804,168:168,05/21/23 04:32:43,STABLE BEAMS,6800,353161.274465017,252686.491041673,45.6,DT
367758:8804,169:169,05/21/23 04:33:06,STABLE BEAMS,6800,354700.457464228,342953.418263578,45.8,DT
367758:8804,170:170,05/21/23 04:33:29,STABLE BEAMS,6800,365891.778275210,349267.456643361,47.3,DT
367758:8804,171:171,05/21/23 04:33:52,STABLE BEAMS,6800,370310.583273633,358043.242998877,47.9,DT
367758:8804,172:172,05/21/23 04:34:16,STABLE BEAMS,6800,370975.103297041,237165.507221386,48.0,DT
367758:8804,173:173,05/21/23 04:34:39,STABLE BEAMS,6800,371695.908637998,359105.085071414,48.0,DT
367758:8804,174:174,05/21/23 04:35:03,STABLE BEAMS,6800,372305.951713288,359765.411478780,48.1,DT
367758:8804,176:176,05/21/23 04:35:49,STABLE BEAMS,6800,372641.289138303,353503.886015508,48.2,DT
367758:8804,177:177,05/21/23 04:36:12,STABLE BEAMS,6800,382176.039305293,366672.830901336,49.4,DT
367758:8804,178:178,05/21/23 04:36:36,STABLE BEAMS,6800,389594.028624158,368913.606928840,50.4,DT
367758:8804,179:179,05/21/23 04:36:59,STABLE BEAMS,6800,389177.453568730,369441.871945785,50.3,DT
367758:8804,180:180,05/21/23 04:37:22,STABLE BEAMS,6800,388600.302836695,372993.451528357,50.2,DT
367758:8804,181:181,05/21/23 04:37:46,STABLE BEAMS,6800,389756.550216308,369054.619787605,50.4,DT
367758:8804,182:182,05/21/23 04:38:09,STABLE BEAMS,6800,389080.176613614,368402.741546568,50.3,DT
367758:8804,184:184,05/21/23 04:38:56,STABLE BEAMS,6800,398581.943222556,298955.350599608,51.5,DT
367758:8804,185:185,05/21/23 04:39:19,STABLE BEAMS,6800,406503.784225579,390243.763466222,52.5,DT
367758:8804,186:186,05/21/23 04:39:42,STABLE BEAMS,6800,414197.317502086,400415.913646251,53.5,DT
367758:8804,188:188,05/21/23 04:40:29,STABLE BEAMS,6800,401932.276979665,391740.024079351,52.0,DT
367758:8804,189:189,05/21/23 04:40:52,STABLE BEAMS,6800,390953.925331749,381768.690860409,50.5,DT
367758:8804,190:190,05/21/23 04:41:15,STABLE BEAMS,6800,378999.720204018,368319.778694469,49.0,DT
367758:8804,191:191,05/21/23 04:41:39,STABLE BEAMS,6800,410947.112972134,389793.991690814,53.1,DT
367758:8804,192:192,05/21/23 04:42:02,STABLE BEAMS,6800,427981.654751396,414014.130849269,55.3,DT
367758:8804,193:193,05/21/23 04:42:25,STABLE BEAMS,6800,428378.095951497,414333.682464131,55.4,DT
367758:8804,194:194,05/21/23 04:42:49,STABLE BEAMS,6800,427959.666195316,414072.562430816,55.3,DT
367758:8804,195:195,05/21/23 04:43:12,STABLE BEAMS,6800,427526.170072204,317684.880979790,55.3,DT
367758:8804,198:198,05/21/23 04:44:22,STABLE BEAMS,6800,427481.874432202,411985.324116877,55.3,DT
367758:8804,201:201,05/21/23 04:45:32,STABLE BEAMS,6800,445045.518466375,429919.608630641,57.5,DT
367758:8804,202:202,05/21/23 04:45:55,STABLE BEAMS,6800,444836.981183875,429974.063858395,57.5,DT
367758:8804,203:203,05/21/23 04:46:18,STABLE BEAMS,6800,444921.635749322,423933.176309258,57.5,DT
367758:8804,204:204,05/21/23 04:46:42,STABLE BEAMS,6800,444299.149818237,429620.792731870,57.4,DT
367758:8804,205:205,05/21/23 04:47:05,STABLE BEAMS,6800,443836.378090731,406261.831354450,57.4,DT
367758:8804,206:206,05/21/23 04:47:28,STABLE BEAMS,6800,444022.835602359,340308.414584625,57.4,DT
367758:8804,207:207,05/21/23 04:47:52,STABLE BEAMS,6800,443602.187734114,428753.865217132,57.3,DT
367758:8804,208:208,05/21/23 04:48:15,STABLE BEAMS,6800,443353.156875763,428500.272461003,57.3,DT
367758:8804,209:209,05/21/23 04:48:38,STABLE BEAMS,6800,443272.666337924,423797.502797819,57.3,DT
367758:8804,210:210,05/21/23 04:49:02,STABLE BEAMS,6800,442679.180919007,428384.161302506,57.2,DT
367758:8804,211:211,05/21/23 04:49:25,STABLE BEAMS,6800,442785.282543202,428580.017130734,57.2,DT
367758:8804,212:212,05/21/23 04:49:48,STABLE BEAMS,6800,442267.312836372,420152.838032359,57.2,DT
367758:8804,213:213,05/21/23 04:50:12,STABLE BEAMS,6800,442121.848410165,428053.528231537,57.1,DT
367758:8804,214:214,05/21/23 04:50:35,STABLE BEAMS,6800,442056.514006194,428101.913522471,57.1,DT
367758:8804,215:215,05/21/23 04:50:58,STABLE BEAMS,6800,442150.760603249,428153.905646903,57.2,DT
367758:8804,216:216,05/21/23 04:51:21,STABLE BEAMS,6800,441899.015018972,328345.125719739,57.1,DT
367758:8804,217:217,05/21/23 04:51:45,STABLE BEAMS,6800,441536.146653425,427316.960033755,57.1,DT
367758:8804,218:218,05/21/23 04:52:08,STABLE BEAMS,6800,441688.940115707,427480.721119953,57.1,DT
367758:8804,219:219,05/21/23 04:52:31,STABLE BEAMS,6800,441196.171752600,427258.339387639,57.0,DT
367758:8804,220:220,05/21/23 04:52:55,STABLE BEAMS,6800,440953.385487808,426965.008055472,57.0,DT
367758:8804,221:221,05/21/23 04:53:18,STABLE BEAMS,6800,440410.938364168,420424.876690185,56.9,DT
367758:8804,222:222,05/21/23 04:53:41,STABLE BEAMS,6800,440190.909465839,426373.941536645,56.9,DT
367758:8804,224:224,05/21/23 04:54:28,STABLE BEAMS,6800,439596.610353070,425914.457484222,56.8,DT
367758:8804,225:225,05/21/23 04:54:51,STABLE BEAMS,6800,439762.072536344,426305.253114837,56.8,DT
367758:8804,227:227,05/21/23 04:55:38,STABLE BEAMS,6800,439004.619119303,425297.498963510,56.7,DT
367758:8804,228:228,05/21/23 04:56:01,STABLE BEAMS,6800,438603.970455978,423324.845130301,56.7,DT
367758:8804,229:229,05/21/23 04:56:25,STABLE BEAMS,6800,438308.789256872,423090.626524608,56.7,DT
367758:8804,231:231,05/21/23 04:57:11,STABLE BEAMS,6800,437970.127559469,422871.437553739,56.6,DT
367758:8804,234:234,05/21/23 04:58:21,STABLE BEAMS,6800,437841.539317477,410718.176693732,56.6,DT
367758:8804,236:236,05/21/23 04:59:08,STABLE BEAMS,6800,437156.569806608,410964.850733141,56.5,DT
367758:8804,237:237,05/21/23 04:59:31,STABLE BEAMS,6800,436781.937628711,421874.293658155,56.5,DT
367758:8804,238:238,05/21/23 04:59:54,STABLE BEAMS,6800,437187.064503925,417394.099765801,56.5,DT
367758:8804,239:239,05/21/23 05:00:18,STABLE BEAMS,6800,437041.329329052,421960.899832241,56.5,DT
367758:8804,240:240,05/21/23 05:00:41,STABLE BEAMS,6800,436846.954952694,415712.085042336,56.5,DT
367758:8804,241:241,05/21/23 05:01:04,STABLE BEAMS,6800,436595.164484949,421706.584707475,56.4,DT
367758:8804,242:242,05/21/23 05:01:28,STABLE BEAMS,6800,436372.918922409,415438.132970555,56.4,DT
367758:8804,243:243,05/21/23 05:01:51,STABLE BEAMS,6800,435609.401893538,416023.927890986,56.3,DT
367758:8804,244:244,05/21/23 05:02:14,STABLE BEAMS,6800,435421.949706330,420670.344335395,56.3,DT
367758:8804,245:245,05/21/23 05:02:37,STABLE BEAMS,6800,435545.515343394,414714.578673179,56.3,DT
367758:8804,246:246,05/21/23 05:03:01,STABLE BEAMS,6800,435161.608213878,287635.954004763,56.2,DT
367758:8804,247:247,05/21/23 05:03:24,STABLE BEAMS,6800,434698.927701163,414096.918482788,56.2,DT
367758:8804,248:248,05/21/23 05:03:47,STABLE BEAMS,6800,434331.127945479,419782.466714703,56.1,DT
367758:8804,249:249,05/21/23 05:04:11,STABLE BEAMS,6800,433978.982385379,419431.254289470,56.1,DT
367758:8804,250:250,05/21/23 05:04:34,STABLE BEAMS,6800,434057.257706862,419577.175215882,56.1,DT
367758:8804,251:251,05/21/23 05:04:57,STABLE BEAMS,6800,434019.387642147,412369.752857955,56.1,DT
367758:8804,252:252,05/21/23 05:05:21,STABLE BEAMS,6800,433867.001026790,410806.962633250,56.1,DT
367758:8804,253:253,05/21/23 05:05:44,STABLE BEAMS,6800,446042.183397108,424645.150732348,57.7,DT
367758:8804,254:254,05/21/23 05:06:07,STABLE BEAMS,6800,455407.942961045,433847.494812321,58.9,DT
367758:8804,256:256,05/21/23 05:06:54,STABLE BEAMS,6800,453967.147420837,293720.498689590,58.7,DT
367758:8804,257:257,05/21/23 05:07:17,STABLE BEAMS,6800,453380.992485848,2695.145978882,58.6,DT
367758:8804,258:258,05/21/23 05:07:41,STABLE BEAMS,6800,452603.450096949,189834.205026158,58.5,DT
367758:8804,260:260,05/21/23 05:08:27,STABLE BEAMS,6800,451789.621595421,436240.570199561,58.4,DT
367758:8804,261:261,05/21/23 05:08:51,STABLE BEAMS,6800,450896.204568989,435723.747347889,58.3,DT
367758:8804,262:262,05/21/23 05:09:14,STABLE BEAMS,6800,449773.349042203,434596.234078515,58.1,DT
367758:8804,263:263,05/21/23 05:09:37,STABLE BEAMS,6800,450407.328036971,435067.507541405,58.2,DT
367758:8804,264:264,05/21/23 05:10:00,STABLE BEAMS,6800,450895.344543816,435297.650755901,58.3,DT
367758:8804,265:265,05/21/23 05:10:24,STABLE BEAMS,6800,451497.063907451,436154.428027155,58.4,DT
367758:8804,266:266,05/21/23 05:10:47,STABLE BEAMS,6800,451270.927961677,435982.893126833,58.3,DT
367758:8804,267:267,05/21/23 05:11:10,STABLE BEAMS,6800,451013.073882101,429281.340637208,58.3,DT
367758:8804,268:268,05/21/23 05:11:34,STABLE BEAMS,6800,450976.379474694,435457.433925302,58.3,DT
367758:8804,269:269,05/21/23 05:11:57,STABLE BEAMS,6800,450540.665239518,435072.048665144,58.2,DT
367758:8804,270:270,05/21/23 05:12:20,STABLE BEAMS,6800,450298.015072986,434960.141050690,58.2,DT
367758:8804,271:271,05/21/23 05:12:44,STABLE BEAMS,6800,449648.471649571,429435.021962739,58.1,DT
367758:8804,272:272,05/21/23 05:13:07,STABLE BEAMS,6800,449427.718824327,434095.404423402,58.1,DT
367758:8804,273:273,05/21/23 05:13:30,STABLE BEAMS,6800,450314.891257201,434965.113878262,58.2,DT
367758:8804,274:274,05/21/23 05:13:54,STABLE BEAMS,6800,450075.633412187,434670.113961186,58.2,DT
367758:8804,275:275,05/21/23 05:14:17,STABLE BEAMS,6800,449713.171893565,434435.759447737,58.1,DT
367758:8804,276:276,05/21/23 05:14:40,STABLE BEAMS,6800,449582.547969091,433875.051251115,58.1,DT
367758:8804,277:277,05/21/23 05:15:03,STABLE BEAMS,6800,448794.735952992,433747.367111499,58.0,DT
367758:8804,278:278,05/21/23 05:15:27,STABLE BEAMS,6800,448836.044670548,433902.521434207,58.0,DT
367758:8804,279:279,05/21/23 05:15:50,STABLE BEAMS,6800,448441.821582510,433271.516698800,58.0,DT
367758:8804,280:280,05/21/23 05:16:13,STABLE BEAMS,6800,448151.254693553,433261.629624786,57.9,DT
367758:8804,281:281,05/21/23 05:16:37,STABLE BEAMS,6800,447248.066101639,432401.274936988,57.8,DT
367758:8804,282:282,05/21/23 05:17:00,STABLE BEAMS,6800,447353.713099733,432590.595674174,57.8,DT
367758:8804,283:283,05/21/23 05:17:23,STABLE BEAMS,6800,447365.613010342,432620.471797442,57.8,DT
367758:8804,284:284,05/21/23 05:17:47,STABLE BEAMS,6800,446676.072624939,431925.904802074,57.7,DT
367758:8804,285:285,05/21/23 05:18:10,STABLE BEAMS,6800,446727.426552350,431929.689504623,57.7,DT
367758:8804,286:286,05/21/23 05:18:33,STABLE BEAMS,6800,446632.862875307,431939.817179742,57.7,DT
367758:8804,287:287,05/21/23 05:18:57,STABLE BEAMS,6800,446768.011342992,432105.221117544,57.7,DT
367758:8804,292:292,05/21/23 05:20:53,STABLE BEAMS,6800,445560.546134227,431318.334984744,57.6,DT
367758:8804,293:293,05/21/23 05:21:16,STABLE BEAMS,6800,444600.393181319,430457.868082410,57.5,DT
367758:8804,294:294,05/21/23 05:21:40,STABLE BEAMS,6800,443822.805908951,429800.023038233,57.4,DT
367758:8804,296:296,05/21/23 05:22:26,STABLE BEAMS,6800,443807.648327230,429787.622609363,57.4,DT
367758:8804,297:297,05/21/23 05:22:50,STABLE BEAMS,6800,442873.646510156,429005.943086949,57.2,DT
367758:8804,298:298,05/21/23 05:23:13,STABLE BEAMS,6800,442060.857567677,428225.831198346,57.1,DT
367758:8804,299:299,05/21/23 05:23:36,STABLE BEAMS,6800,441481.760920098,427624.373666905,57.1,DT
367758:8804,300:300,05/21/23 05:24:00,STABLE BEAMS,6800,442269.800249248,426767.323962008,57.2,DT
367758:8804,301:301,05/21/23 05:24:23,STABLE BEAMS,6800,441866.166111331,426539.619692500,57.1,DT
367758:8804,302:302,05/21/23 05:24:46,STABLE BEAMS,6800,441316.298736824,426112.175352128,57.0,DT
367758:8804,303:303,05/21/23 05:25:10,STABLE BEAMS,6800,441306.842803476,425917.773414658,57.0,DT
367758:8804,304:304,05/21/23 05:25:33,STABLE BEAMS,6800,441645.233752213,426272.958720072,57.1,DT
367758:8804,305:305,05/21/23 05:25:56,STABLE BEAMS,6800,441381.541926004,426290.667945287,57.1,DT
367758:8804,306:306,05/21/23 05:26:19,STABLE BEAMS,6800,440316.374687125,425079.347848238,56.9,DT
367758:8804,307:307,05/21/23 05:26:43,STABLE BEAMS,6800,440699.693987987,425476.377806707,57.0,DT
367758:8804,308:308,05/21/23 05:27:06,STABLE BEAMS,6800,441013.245556457,426056.213152762,57.0,DT
367758:8804,309:309,05/21/23 05:27:29,STABLE BEAMS,6800,440672.817477385,425574.537272165,57.0,DT
367758:8804,310:310,05/21/23 05:27:53,STABLE BEAMS,6800,440268.052565628,424850.830872619,56.9,DT
367758:8804,311:311,05/21/23 05:28:16,STABLE BEAMS,6800,440379.899273812,412727.888097646,56.9,DT
367758:8804,312:312,05/21/23 05:28:39,STABLE BEAMS,6800,439559.553982206,415931.306772720,56.8,DT
367758:8804,313:313,05/21/23 05:29:03,STABLE BEAMS,6800,439599.642158985,384300.372661059,56.8,DT
367758:8804,314:314,05/21/23 05:29:26,STABLE BEAMS,6800,439619.550149115,371661.792430644,56.8,DT
367758:8804,315:315,05/21/23 05:29:49,STABLE BEAMS,6800,439234.963976154,416596.514799003,56.8,DT
367758:8804,316:316,05/21/23 05:30:13,STABLE BEAMS,6800,438679.439836743,418836.270293871,56.7,DT
367758:8804,317:317,05/21/23 05:30:36,STABLE BEAMS,6800,438671.205892025,413034.075900369,56.7,DT
367758:8804,318:318,05/21/23 05:30:59,STABLE BEAMS,6800,438510.675098888,417654.364597952,56.7,DT
367758:8804,319:319,05/21/23 05:31:23,STABLE BEAMS,6800,437863.710303139,423248.605093144,56.6,DT
367758:8804,320:320,05/21/23 05:31:46,STABLE BEAMS,6800,438135.318994078,417173.628102348,56.6,DT
367758:8804,321:321,05/21/23 05:32:09,STABLE BEAMS,6800,437348.998267421,417693.536211134,56.5,DT
367758:8804,322:322,05/21/23 05:32:32,STABLE BEAMS,6800,437442.791686228,416747.359213383,56.5,DT
367758:8804,323:323,05/21/23 05:32:56,STABLE BEAMS,6800,436885.593827792,421858.548460663,56.5,DT
367758:8804,324:324,05/21/23 05:33:19,STABLE BEAMS,6800,437223.667696541,422614.670745933,56.5,DT
367758:8804,326:326,05/21/23 05:34:06,STABLE BEAMS,6800,436274.916592525,421895.150105716,56.4,DT
367758:8804,330:330,05/21/23 05:35:39,STABLE BEAMS,6800,435263.907773922,257218.290503737,56.3,DT
367758:8804,332:332,05/21/23 05:36:26,STABLE BEAMS,6800,435617.546071318,421475.284252242,56.3,DT
367758:8804,333:333,05/21/23 05:36:49,STABLE BEAMS,6800,435398.241099902,421271.020751823,56.3,DT
367758:8804,334:334,05/21/23 05:37:12,STABLE BEAMS,6800,434661.645465102,420802.539094520,56.2,DT
367758:8804,335:335,05/21/23 05:37:36,STABLE BEAMS,6800,434449.807075875,414417.997913783,56.2,DT
367758:8804,337:337,05/21/23 05:38:22,STABLE BEAMS,6800,434243.260592388,420388.284871787,56.1,DT
367758:8804,338:338,05/21/23 05:38:45,STABLE BEAMS,6800,434062.278863936,414108.589388983,56.1,DT
367758:8804,339:339,05/21/23 05:39:09,STABLE BEAMS,6800,433738.548883057,419969.576075749,56.1,DT
367758:8804,340:340,05/21/23 05:39:32,STABLE BEAMS,6800,433351.790929355,419414.250112722,56.0,DT
367758:8804,342:342,05/21/23 05:40:19,STABLE BEAMS,6800,443608.251345944,424310.091564859,57.3,DT
367758:8804,344:344,05/21/23 05:41:05,STABLE BEAMS,6800,456241.455035359,436205.786688576,59.0,DT
367758:8804,348:348,05/21/23 05:42:39,STABLE BEAMS,6800,455146.017516506,438976.010088012,58.8,DT
367758:8804,350:350,05/21/23 05:43:25,STABLE BEAMS,6800,454909.791477407,439194.039333481,58.8,DT
367758:8804,351:351,05/21/23 05:43:49,STABLE BEAMS,6800,454097.997210508,295074.774446526,58.7,DT
367758:8804,352:352,05/21/23 05:44:12,STABLE BEAMS,6800,453817.747727926,333268.350903213,58.7,DT
367758:8804,353:353,05/21/23 05:44:35,STABLE BEAMS,6800,453802.500379268,438042.550495402,58.7,DT
367758:8804,354:354,05/21/23 05:44:58,STABLE BEAMS,6800,453537.451914022,437947.221647658,58.6,DT
367758:8804,356:356,05/21/23 05:45:45,STABLE BEAMS,6800,452570.783618890,436869.150744790,58.5,DT
367758:8804,358:358,05/21/23 05:46:32,STABLE BEAMS,6800,452155.701300758,327646.743804319,58.4,DT
367758:8804,359:359,05/21/23 05:46:55,STABLE BEAMS,6800,451530.907490672,435956.773642559,58.4,DT
367758:8804,361:361,05/21/23 05:47:42,STABLE BEAMS,6800,452099.279884949,436381.111398781,58.4,DT
367758:8804,363:363,05/21/23 05:48:28,STABLE BEAMS,6800,451853.191065577,436248.606851877,58.4,DT
367758:8804,364:364,05/21/23 05:48:52,STABLE BEAMS,6800,451360.060739013,435746.457618164,58.3,DT
367758:8804,366:366,05/21/23 05:49:38,STABLE BEAMS,6800,450885.843726999,237032.180930312,58.3,DT
367758:8804,367:367,05/21/23 05:50:02,STABLE BEAMS,6800,450336.338315949,435234.173344050,58.2,DT
367758:8804,368:368,05/21/23 05:50:25,STABLE BEAMS,6800,450202.003542115,434991.566394812,58.2,DT
367758:8804,369:369,05/21/23 05:50:48,STABLE BEAMS,6800,449573.002268806,434620.037196975,58.1,DT
367758:8804,371:371,05/21/23 05:51:35,STABLE BEAMS,6800,450099.614215133,435098.455989836,58.2,DT
367758:8804,372:372,05/21/23 05:51:58,STABLE BEAMS,6800,450038.939004780,434781.592883737,58.2,DT
367758:8804,373:373,05/21/23 05:52:21,STABLE BEAMS,6800,449636.028793776,434598.521049981,58.1,DT
367758:8804,374:374,05/21/23 05:52:45,STABLE BEAMS,6800,449634.806805146,434611.044933015,58.1,DT
367758:8804,375:375,05/21/23 05:53:08,STABLE BEAMS,6800,449035.621185709,433865.765478424,58.0,DT
367758:8804,377:377,05/21/23 05:53:55,STABLE BEAMS,6800,449157.468220279,434064.124658089,58.1,DT
367758:8804,378:378,05/21/23 05:54:18,STABLE BEAMS,6800,448869.390192052,434021.048101320,58.0,DT
367758:8804,379:379,05/21/23 05:54:41,STABLE BEAMS,6800,448621.896954467,433973.393700596,58.0,DT
367758:8804,381:381,05/21/23 05:55:28,STABLE BEAMS,6800,448584.299086271,433978.211240770,58.0,DT
367758:8804,382:382,05/21/23 05:55:51,STABLE BEAMS,6800,448223.330304946,433702.388465893,57.9,DT
367758:8804,383:383,05/21/23 05:56:14,STABLE BEAMS,6800,447908.151348773,433369.070941063,57.9,DT
367758:8804,384:384,05/21/23 05:56:38,STABLE BEAMS,6800,447936.158633215,433516.852294016,57.9,DT
367758:8804,385:385,05/21/23 05:57:01,STABLE BEAMS,6800,447101.288472010,432727.323364759,57.8,DT
367758:8804,387:387,05/21/23 05:57:48,STABLE BEAMS,6800,446251.398275198,425773.295790147,57.7,DT
367758:8804,388:388,05/21/23 05:58:11,STABLE BEAMS,6800,445288.078865969,424793.137446431,57.6,DT
367758:8804,389:389,05/21/23 05:58:34,STABLE BEAMS,6800,444769.655980891,425712.980001231,57.5,DT
367758:8804,390:390,05/21/23 05:58:58,STABLE BEAMS,6800,444355.616117514,416054.156972493,57.4,DT
367758:8804,391:391,05/21/23 05:59:21,STABLE BEAMS,6800,442917.307990181,429002.151361853,57.3,DT
367758:8804,392:392,05/21/23 05:59:44,STABLE BEAMS,6800,443750.639082767,415411.229251290,57.4,DT
367758:8804,393:393,05/21/23 06:00:08,STABLE BEAMS,6800,443631.915068902,419644.141002380,57.3,DT
367758:8804,394:394,05/21/23 06:00:31,STABLE BEAMS,6800,443129.056612471,421284.114734690,57.3,DT
367758:8804,395:395,05/21/23 06:00:54,STABLE BEAMS,6800,442768.813205913,414890.248446451,57.2,DT
367758:8804,396:396,05/21/23 06:01:18,STABLE BEAMS,6800,442612.670857728,426472.092298546,57.2,DT
367758:8804,397:397,05/21/23 06:01:41,STABLE BEAMS,6800,442975.811419794,427355.997788798,57.3,DT
367758:8804,398:398,05/21/23 06:02:04,STABLE BEAMS,6800,443202.535194222,427259.890046768,57.3,DT
367758:8804,399:399,05/21/23 06:02:27,STABLE BEAMS,6800,443243.437064853,419348.709192376,57.3,DT
367758:8804,400:400,05/21/23 06:02:51,STABLE BEAMS,6800,443167.290088497,419224.121484031,57.3,DT
367758:8804,401:401,05/21/23 06:03:14,STABLE BEAMS,6800,442650.813118962,427053.350929582,57.2,DT
367758:8804,402:402,05/21/23 06:03:37,STABLE BEAMS,6800,443077.295838133,427545.836755507,57.3,DT
367758:8804,403:403,05/21/23 06:04:01,STABLE BEAMS,6800,442866.090161030,427453.605942675,57.2,DT
367758:8804,404:404,05/21/23 06:04:24,STABLE BEAMS,6800,441944.531199751,419324.335986964,57.1,DT
367758:8804,405:405,05/21/23 06:04:47,STABLE BEAMS,6800,441194.723898773,425974.584513006,57.0,DT
367758:8804,406:406,05/21/23 06:05:11,STABLE BEAMS,6800,441549.492970008,426314.797225299,57.1,DT
367758:8804,407:407,05/21/23 06:05:34,STABLE BEAMS,6800,440728.470082811,419617.279755584,57.0,DT
367758:8804,408:408,05/21/23 06:05:57,STABLE BEAMS,6800,439883.195644001,424811.307344889,56.9,DT
367758:8804,409:409,05/21/23 06:06:21,STABLE BEAMS,6800,440372.523906414,425179.209572604,56.9,DT
367758:8804,410:410,05/21/23 06:06:44,STABLE BEAMS,6800,440993.563431525,425679.907858214,57.0,DT
367758:8804,411:411,05/21/23 06:07:07,STABLE BEAMS,6800,440811.449481379,425763.326427929,57.0,DT
367758:8804,412:412,05/21/23 06:07:30,STABLE BEAMS,6800,440603.502923241,425407.864274550,57.0,DT
367758:8804,413:413,05/21/23 06:07:54,STABLE BEAMS,6800,440354.923795285,425372.638830949,56.9,DT
367758:8804,414:414,05/21/23 06:08:17,STABLE BEAMS,6800,440322.709047621,425268.981501192,56.9,DT
367758:8804,415:415,05/21/23 06:08:40,STABLE BEAMS,6800,440395.418818990,425387.163479224,56.9,DT
367758:8804,416:416,05/21/23 06:09:04,STABLE BEAMS,6800,439878.669652936,424862.798865249,56.9,DT
367758:8804,417:417,05/21/23 06:09:27,STABLE BEAMS,6800,439775.918362498,424750.900976908,56.8,DT
367758:8804,418:418,05/21/23 06:09:50,STABLE BEAMS,6800,439835.008172910,424895.740566183,56.9,DT
367758:8804,419:419,05/21/23 06:10:14,STABLE BEAMS,6800,439450.920061666,417606.588390855,56.8,DT
367758:8804,420:420,05/21/23 06:10:37,STABLE BEAMS,6800,439077.056694152,424058.744564241,56.8,DT
367758:8804,422:422,05/21/23 06:11:24,STABLE BEAMS,6800,438573.339660401,424155.603205214,56.7,DT
367758:8804,423:423,05/21/23 06:11:47,STABLE BEAMS,6800,438076.408717539,423797.536150354,56.6,DT
367758:8804,424:424,05/21/23 06:12:10,STABLE BEAMS,6800,437851.312330813,423768.254576971,56.6,DT
367758:8804,425:425,05/21/23 06:12:34,STABLE BEAMS,6800,436741.306506747,422428.398878561,56.5,DT
367758:8804,427:427,05/21/23 06:13:20,STABLE BEAMS,6800,437331.125959773,423123.073373389,56.5,DT
367758:8804,428:428,05/21/23 06:13:43,STABLE BEAMS,6800,436792.751648950,422589.715887743,56.5,DT
367758:8804,429:429,05/21/23 06:14:07,STABLE BEAMS,6800,436512.636816774,422406.572853163,56.4,DT
367758:8804,430:430,05/21/23 06:14:30,STABLE BEAMS,6800,436749.088721070,422383.518215847,56.5,DT
367758:8804,431:431,05/21/23 06:14:53,STABLE BEAMS,6800,436856.274787783,422626.464395644,56.5,DT
367758:8804,432:432,05/21/23 06:15:17,STABLE BEAMS,6800,436617.108157560,422313.866012038,56.4,DT
367758:8804,433:433,05/21/23 06:15:40,STABLE BEAMS,6800,436148.229382609,421821.545986499,56.4,DT
367758:8804,434:434,05/21/23 06:16:03,STABLE BEAMS,6800,436277.360569786,421704.928355068,56.4,DT
367758:8804,435:435,05/21/23 06:16:27,STABLE BEAMS,6800,436794.561466234,422398.856790348,56.5,DT
367758:8804,436:436,05/21/23 06:16:50,STABLE BEAMS,6800,436176.598630507,421896.124537388,56.4,DT
367758:8804,437:437,05/21/23 06:17:13,STABLE BEAMS,6800,435780.067663468,421628.173982189,56.3,DT
367758:8804,438:438,05/21/23 06:17:37,STABLE BEAMS,6800,435619.717852059,421596.720455236,56.3,DT
367758:8804,439:439,05/21/23 06:18:00,STABLE BEAMS,6800,435097.223602018,421109.889921063,56.2,DT
367758:8804,440:440,05/21/23 06:18:23,STABLE BEAMS,6800,434037.982428855,420227.251518670,56.1,DT
367758:8804,441:441,05/21/23 06:18:46,STABLE BEAMS,6800,433229.400949599,419603.452025203,56.0,DT
367758:8804,442:442,05/21/23 06:19:10,STABLE BEAMS,6800,431577.897794003,418065.288890683,55.8,DT
367758:8804,443:443,05/21/23 06:19:33,STABLE BEAMS,6800,430476.217129445,417054.504320906,55.6,DT
367758:8804,444:444,05/21/23 06:19:56,STABLE BEAMS,6800,430799.902226855,417287.125204037,55.7,DT
367758:8804,445:445,05/21/23 06:20:20,STABLE BEAMS,6800,431396.238469959,324094.966658871,55.8,DT
367758:8804,446:446,05/21/23 06:20:43,STABLE BEAMS,6800,430176.873350585,416496.900248733,55.6,DT
367758:8804,447:447,05/21/23 06:21:06,STABLE BEAMS,6800,433875.190088039,417646.585172951,56.1,DT
367758:8804,448:448,05/21/23 06:21:30,STABLE BEAMS,6800,448710.714099668,431498.686092091,58.0,DT
367758:8804,449:449,05/21/23 06:21:53,STABLE BEAMS,6800,448903.550855261,432181.842994472,58.0,DT
367758:8804,450:450,05/21/23 06:22:16,STABLE BEAMS,6800,449023.722722953,434359.062934560,58.0,DT
367758:8804,451:451,05/21/23 06:22:40,STABLE BEAMS,6800,448623.074059628,433774.490265236,58.0,DT
367758:8804,452:452,05/21/23 06:23:03,STABLE BEAMS,6800,448529.144542562,433995.650320362,58.0,DT
367758:8804,453:453,05/21/23 06:23:26,STABLE BEAMS,6800,448493.491142057,434243.522068888,58.0,DT
367758:8804,454:454,05/21/23 06:23:50,STABLE BEAMS,6800,446456.767653523,432486.367711232,57.7,DT
367758:8804,455:455,05/21/23 06:24:13,STABLE BEAMS,6800,445405.987738129,431562.566311395,57.6,DT
367758:8804,456:456,05/21/23 06:24:36,STABLE BEAMS,6800,442912.647348710,429243.672816460,57.2,DT
367758:8804,457:457,05/21/23 06:24:59,STABLE BEAMS,6800,443337.683661908,427854.178324303,57.3,DT
367758:8804,458:458,05/21/23 06:25:23,STABLE BEAMS,6800,444867.296347318,429221.663200478,57.5,DT
367758:8804,459:459,05/21/23 06:25:46,STABLE BEAMS,6800,445007.646953806,429369.841050773,57.5,DT
367758:8804,460:460,05/21/23 06:26:09,STABLE BEAMS,6800,444113.824528302,428634.824204021,57.4,DT
367758:8804,461:461,05/21/23 06:26:33,STABLE BEAMS,6800,445104.563393319,429254.175305973,57.5,DT
367758:8804,462:462,05/21/23 06:26:56,STABLE BEAMS,6800,446088.697149174,430180.327264834,57.7,DT
367758:8804,463:463,05/21/23 06:27:19,STABLE BEAMS,6800,446531.151143917,430393.371245973,57.7,DT
367758:8804,464:464,05/21/23 06:27:43,STABLE BEAMS,6800,447548.811403004,430703.843701976,57.8,DT
367758:8804,465:465,05/21/23 06:28:06,STABLE BEAMS,6800,447899.962287524,420224.028109445,57.9,DT
367758:8804,466:466,05/21/23 06:28:29,STABLE BEAMS,6800,447743.683841079,415315.387034510,57.9,DT
367758:8804,467:467,05/21/23 06:28:53,STABLE BEAMS,6800,448334.227221019,425704.137281867,58.0,DT
367758:8804,468:468,05/21/23 06:29:16,STABLE BEAMS,6800,448496.657598378,425730.846523384,58.0,DT
367758:8804,469:469,05/21/23 06:29:39,STABLE BEAMS,6800,448274.186170641,421094.829116683,57.9,DT
367758:8804,470:470,05/21/23 06:30:02,STABLE BEAMS,6800,447618.987430175,426215.260673931,57.9,DT
367758:8804,471:471,05/21/23 06:30:26,STABLE BEAMS,6800,448021.535677722,425518.966066438,57.9,DT
367758:8804,472:472,05/21/23 06:30:49,STABLE BEAMS,6800,447379.593486901,430882.578392912,57.8,DT
367758:8804,473:473,05/21/23 06:31:12,STABLE BEAMS,6800,448571.313285291,427219.264809782,58.0,DT
367758:8804,474:474,05/21/23 06:31:36,STABLE BEAMS,6800,448092.073668349,425712.007954978,57.9,DT
367758:8804,475:475,05/21/23 06:31:59,STABLE BEAMS,6800,448313.233340518,431342.882341413,57.9,DT
367758:8804,476:476,05/21/23 06:32:22,STABLE BEAMS,6800,448813.873684886,432353.369627043,58.0,DT
367758:8804,477:477,05/21/23 06:32:46,STABLE BEAMS,6800,448386.620707479,432098.096303150,58.0,DT
367758:8804,478:478,05/21/23 06:33:09,STABLE BEAMS,6800,448143.381264439,425552.968120377,57.9,DT
367758:8804,479:479,05/21/23 06:33:32,STABLE BEAMS,6800,447745.765854883,431480.913762811,57.9,DT
367758:8804,480:480,05/21/23 06:33:56,STABLE BEAMS,6800,447094.683362849,430615.197895205,57.8,DT
367758:8804,481:481,05/21/23 06:34:19,STABLE BEAMS,6800,447475.332821253,426363.514634997,57.8,DT
367758:8804,482:482,05/21/23 06:34:42,STABLE BEAMS,6800,446150.637783773,429703.612091898,57.7,DT
367758:8804,483:483,05/21/23 06:35:06,STABLE BEAMS,6800,445821.883750113,429681.144396476,57.6,DT
367758:8804,484:484,05/21/23 06:35:29,STABLE BEAMS,6800,446442.108133518,430373.228136336,57.7,DT
367758:8804,485:485,05/21/23 06:35:52,STABLE BEAMS,6800,445987.526915115,429348.383338504,57.6,DT
367758:8804,486:486,05/21/23 06:36:15,STABLE BEAMS,6800,445876.902195562,429733.029796211,57.6,DT
367758:8804,487:487,05/21/23 06:36:39,STABLE BEAMS,6800,445626.378599915,429798.206719647,57.6,DT
367758:8804,488:488,05/21/23 06:37:02,STABLE BEAMS,6800,445031.355560233,429082.931710635,57.5,DT
367758:8804,489:489,05/21/23 06:37:25,STABLE BEAMS,6800,445188.132068395,429261.167465863,57.5,DT
367758:8804,490:490,05/21/23 06:37:49,STABLE BEAMS,6800,445243.376379042,424505.060406787,57.6,DT
367758:8804,491:491,05/21/23 06:38:12,STABLE BEAMS,6800,445287.354939055,429511.842815562,57.6,DT
367758:8804,492:492,05/21/23 06:38:35,STABLE BEAMS,6800,445394.268809248,429538.722684256,57.6,DT
367758:8804,493:493,05/21/23 06:38:59,STABLE BEAMS,6800,444552.750103268,428783.797672532,57.5,DT
367758:8804,494:494,05/21/23 06:39:22,STABLE BEAMS,6800,444359.913347675,428838.129363361,57.4,DT
367758:8804,495:495,05/21/23 06:39:45,STABLE BEAMS,6800,444138.663908569,428554.170985118,57.4,DT
367758:8804,496:496,05/21/23 06:40:09,STABLE BEAMS,6800,443934.108224095,428584.940733073,57.4,DT
367758:8804,497:497,05/21/23 06:40:32,STABLE BEAMS,6800,443127.201911718,427783.160987115,57.3,DT
367758:8804,498:498,05/21/23 06:40:55,STABLE BEAMS,6800,443211.584280645,428157.586234518,57.3,DT
367758:8804,499:499,05/21/23 06:41:19,STABLE BEAMS,6800,442570.864078455,427465.757444351,57.2,DT
367758:8804,500:500,05/21/23 06:41:42,STABLE BEAMS,6800,442661.491040941,427848.977819102,57.2,DT
367758:8804,501:501,05/21/23 06:42:05,STABLE BEAMS,6800,440560.744904004,425840.434604189,56.9,DT
367758:8804,502:502,05/21/23 06:42:28,STABLE BEAMS,6800,440987.410052757,425950.031876907,57.0,DT
367758:8804,503:503,05/21/23 06:42:52,STABLE BEAMS,6800,441663.557790255,426938.114854536,57.1,DT
367758:8804,504:504,05/21/23 06:43:15,STABLE BEAMS,6800,441448.325631657,426563.044251866,57.1,DT
367758:8804,505:505,05/21/23 06:43:38,STABLE BEAMS,6800,441214.225041977,426325.688479431,57.0,DT
367758:8804,506:506,05/21/23 06:44:02,STABLE BEAMS,6800,441027.226033017,426137.744356593,57.0,DT
367758:8804,507:507,05/21/23 06:44:25,STABLE BEAMS,6800,440864.975189532,425906.528465247,57.0,DT
367758:8804,508:508,05/21/23 06:44:48,STABLE BEAMS,6800,440811.449481379,426005.200419639,57.0,DT
367758:8804,509:509,05/21/23 06:45:12,STABLE BEAMS,6800,440973.474459666,425962.024290854,57.0,DT
367758:8804,510:510,05/21/23 06:45:35,STABLE BEAMS,6800,440658.385270431,425719.708062957,57.0,DT
367758:8804,511:511,05/21/23 06:45:58,STABLE BEAMS,6800,441239.381502232,426275.802308333,57.0,DT
367758:8804,512:512,05/21/23 06:46:22,STABLE BEAMS,6800,440943.566143149,426230.334210246,57.0,DT
367758:8804,513:513,05/21/23 06:46:45,STABLE BEAMS,6800,440288.232752278,425693.378819435,56.9,DT
367758:8804,514:514,05/21/23 06:47:08,STABLE BEAMS,6800,439270.979340116,424362.278374291,56.8,DT
367758:8804,515:515,05/21/23 06:47:32,STABLE BEAMS,6800,438683.964379954,424241.539135940,56.7,DT
367758:8804,516:516,05/21/23 06:47:55,STABLE BEAMS,6800,438150.159495811,423676.104482577,56.6,DT
367758:8804,517:517,05/21/23 06:48:18,STABLE BEAMS,6800,437586.084331693,423062.347561382,56.6,DT
367758:8804,518:518,05/21/23 06:48:41,STABLE BEAMS,6800,437088.203596721,422887.326662438,56.5,DT
367758:8804,519:519,05/21/23 06:49:05,STABLE BEAMS,6800,436437.303534270,422707.359031688,56.4,DT
367758:8804,520:520,05/21/23 06:49:28,STABLE BEAMS,6800,434250.184229392,420496.469656443,56.1,DT
367758:8804,521:521,05/21/23 06:49:51,STABLE BEAMS,6800,434201.500144438,420264.220984137,56.1,DT
367758:8804,522:522,05/21/23 06:50:15,STABLE BEAMS,6800,436134.702084297,411434.955794697,56.4,DT
367758:8804,523:523,05/21/23 06:50:38,STABLE BEAMS,6800,436348.576156005,422359.137957084,56.4,DT
367758:8804,524:524,05/21/23 06:51:01,STABLE BEAMS,6800,436473.001818243,422455.535883631,56.4,DT
367758:8804,525:525,05/21/23 06:51:25,STABLE BEAMS,6800,436172.617032481,299854.284439022,56.4,DT
367758:8804,526:526,05/21/23 06:51:48,STABLE BEAMS,6800,435396.748362606,421210.132514532,56.3,DT
367758:8804,527:527,05/21/23 06:52:11,STABLE BEAMS,6800,435581.847787344,421246.448136455,56.3,DT
367758:8804,528:528,05/21/23 06:52:35,STABLE BEAMS,6800,435448.147173486,421520.601066189,56.3,DT
367758:8804,529:529,05/21/23 06:52:58,STABLE BEAMS,6800,434911.717330354,421044.365253243,56.2,DT
367758:8804,530:530,05/21/23 06:53:21,STABLE BEAMS,6800,434271.584956818,420272.020076711,56.1,DT
367758:8804,531:531,05/21/23 06:53:44,STABLE BEAMS,6800,435375.392518649,420898.755078150,56.3,DT
367758:8804,532:532,05/21/23 06:54:08,STABLE BEAMS,6800,435325.893291990,421026.518959802,56.3,DT
367758:8804,533:533,05/21/23 06:54:31,STABLE BEAMS,6800,435348.924302826,421067.003016268,56.3,DT
367758:8804,534:534,05/21/23 06:54:54,STABLE BEAMS,6800,435772.194234353,421294.112797821,56.3,DT
367758:8804,535:535,05/21/23 06:55:18,STABLE BEAMS,6800,436207.953352998,421780.628340081,56.4,DT
367758:8804,536:536,05/21/23 06:55:41,STABLE BEAMS,6800,435809.658899997,421635.662816038,56.3,DT
367758:8804,537:537,05/21/23 06:56:04,STABLE BEAMS,6800,435249.112155658,421113.339147811,56.3,DT
367758:8804,538:538,05/21/23 06:56:28,STABLE BEAMS,6800,435084.011935840,421006.204486895,56.2,DT
367758:8804,539:539,05/21/23 06:56:51,STABLE BEAMS,6800,435192.149242518,420645.438439141,56.3,DT
367758:8804,540:540,05/21/23 06:57:14,STABLE BEAMS,6800,434959.496506665,421146.477685043,56.2,DT
367758:8804,541:541,05/21/23 06:57:38,STABLE BEAMS,6800,434765.077246839,421089.232841452,56.2,DT
367758:8804,542:542,05/21/23 06:58:01,STABLE BEAMS,6800,434493.604654160,408183.448240090,56.2,DT
367758:8804,543:543,05/21/23 06:58:24,STABLE BEAMS,6800,434589.976700634,414730.057174626,56.2,DT
367758:8804,544:544,05/21/23 06:58:47,STABLE BEAMS,6800,434765.801173753,406545.437182492,56.2,DT
367758:8804,545:545,05/21/23 06:59:11,STABLE BEAMS,6800,450538.765655296,427361.409831779,58.2,DT
367758:8804,546:546,05/21/23 06:59:34,STABLE BEAMS,6800,455670.638663821,427631.464968067,58.9,DT
367758:8804,547:547,05/21/23 06:59:57,STABLE BEAMS,6800,454915.220929261,430492.120226762,58.8,DT
367758:8804,548:548,05/21/23 07:00:21,STABLE BEAMS,6800,454905.447915924,432672.874385184,58.8,DT
367758:8804,549:549,05/21/23 07:00:44,STABLE BEAMS,6800,455280.397173809,434457.246890463,58.8,DT
367758:8804,550:550,05/21/23 07:01:07,STABLE BEAMS,6800,454585.291238292,439019.701541922,58.8,DT
367758:8804,551:551,05/21/23 07:01:31,STABLE BEAMS,6800,453880.050325982,430329.418068297,58.7,DT
367758:8804,552:552,05/21/23 07:01:54,STABLE BEAMS,6800,453181.460854157,437582.163852680,58.6,DT
367758:8804,553:553,05/21/23 07:02:17,STABLE BEAMS,6800,454368.339029347,438845.595161158,58.7,DT
367758:8804,554:554,05/21/23 07:02:41,STABLE BEAMS,6800,454103.471545830,438659.967120536,58.7,DT
367758:8804,555:555,05/21/23 07:03:04,STABLE BEAMS,6800,453204.716282336,438013.485807506,58.6,DT
367758:8804,556:556,05/21/23 07:03:27,STABLE BEAMS,6800,452604.446220382,437155.562785687,58.5,DT
367758:8804,557:557,05/21/23 07:03:51,STABLE BEAMS,6800,453289.281080845,430939.225180842,58.6,DT
367758:8804,558:558,05/21/23 07:04:14,STABLE BEAMS,6800,452755.157668860,437211.609620633,58.5,DT
367758:8804,559:559,05/21/23 07:04:37,STABLE BEAMS,6800,453281.136903065,437804.020741468,58.6,DT
367758:8804,560:560,05/21/23 07:05:00,STABLE BEAMS,6800,453770.737361997,438526.622405998,58.7,DT
367758:8804,561:561,05/21/23 07:05:24,STABLE BEAMS,6800,452733.124229311,437511.310708210,58.5,DT
367758:8804,562:562,05/21/23 07:05:47,STABLE BEAMS,6800,451703.246979627,436707.024180389,58.4,DT
367758:8804,563:563,05/21/23 07:06:10,STABLE BEAMS,6800,451513.307379543,433821.941485044,58.4,DT
367758:8804,564:564,05/21/23 07:06:34,STABLE BEAMS,6800,450820.462991705,432601.131616155,58.3,DT
367758:8804,565:565,05/21/23 07:06:57,STABLE BEAMS,6800,451600.766437854,436611.011159071,58.4,DT
367758:8804,566:566,05/21/23 07:07:20,STABLE BEAMS,6800,451880.112459647,436770.429356248,58.4,DT
367758:8804,567:567,05/21/23 07:07:44,STABLE BEAMS,6800,451530.093796820,436501.111672526,58.4,DT
367758:8804,568:568,05/21/23 07:08:07,STABLE BEAMS,6800,450976.515572953,436396.878754083,58.3,DT
367758:8804,569:569,05/21/23 07:08:30,STABLE BEAMS,6800,450311.000873966,435824.017250225,58.2,DT
367758:8804,570:570,05/21/23 07:08:54,STABLE BEAMS,6800,450610.072456306,435980.101715565,58.2,DT
367758:8804,571:571,05/21/23 07:09:17,STABLE BEAMS,6800,450211.052628538,435268.564224500,58.2,DT
367758:8804,573:573,05/21/23 07:10:04,STABLE BEAMS,6800,449126.203264726,434780.922352067,58.1,DT
367758:8804,575:575,05/21/23 07:10:50,STABLE BEAMS,6800,448984.494571348,428203.034960244,58.0,DT
367758:8804,578:578,05/21/23 07:12:00,STABLE BEAMS,6800,446976.955472417,432712.857465116,57.8,DT
367758:8804,580:580,05/21/23 07:12:47,STABLE BEAMS,6800,446800.496839323,432852.413862743,57.8,DT
367758:8804,582:582,05/21/23 07:13:33,STABLE BEAMS,6800,446460.433619415,430641.432712925,57.7,DT
367758:8804,584:584,05/21/23 07:14:20,STABLE BEAMS,6800,446200.633624294,430530.735958439,57.7,DT
367758:8804,586:586,05/21/23 07:15:07,STABLE BEAMS,6800,445428.746552445,429266.902962602,57.6,DT
367758:8804,587:587,05/21/23 07:15:30,STABLE BEAMS,6800,446159.686870196,430386.546396450,57.7,DT
367758:8804,588:588,05/21/23 07:15:53,STABLE BEAMS,6800,446406.409849545,430514.524998014,57.7,DT
367758:8804,589:589,05/21/23 07:16:16,STABLE BEAMS,6800,447421.355382705,431892.881369980,57.8,DT
367758:8804,590:590,05/21/23 07:16:40,STABLE BEAMS,6800,446536.580595771,430866.397894356,57.7,DT
367758:8804,591:591,05/21/23 07:17:03,STABLE BEAMS,6800,446639.605530582,431016.688319969,57.7,DT
367758:8804,592:592,05/21/23 07:17:26,STABLE BEAMS,6800,446317.820017394,430959.664767910,57.7,DT
367758:8804,593:593,05/21/23 07:17:50,STABLE BEAMS,6800,446255.379873224,430840.322049937,57.7,DT
367758:8804,594:594,05/21/23 07:18:13,STABLE BEAMS,6800,445774.240672061,430157.490362487,57.6,DT
367758:8804,595:595,05/21/23 07:18:36,STABLE BEAMS,6800,445118.226789890,429811.588183141,57.5,DT
367758:8804,596:596,05/21/23 07:19:00,STABLE BEAMS,6800,444411.720453335,429170.550905512,57.4,DT
367758:8804,597:597,05/21/23 07:19:23,STABLE BEAMS,6800,443496.132441241,379183.016223128,57.3,DT
367758:8804,598:598,05/21/23 07:19:46,STABLE BEAMS,6800,443582.462173566,237863.703482425,57.3,DT
367758:8804,603:603,05/21/23 07:21:43,STABLE BEAMS,6800,443467.040714282,428343.372471109,57.3,DT
367758:8804,604:604,05/21/23 07:22:06,STABLE BEAMS,6800,442594.165837957,427568.175920457,57.2,DT
367758:8804,605:605,05/21/23 07:22:29,STABLE BEAMS,6800,442858.535259757,427887.556597699,57.2,DT
367758:8804,606:606,05/21/23 07:22:53,STABLE BEAMS,6800,441794.950525112,426979.565916623,57.1,DT
367758:8804,610:610,05/21/23 07:24:26,STABLE BEAMS,6800,441905.032299479,426970.996987102,57.1,DT
367758:8804,612:612,05/21/23 07:25:13,STABLE BEAMS,6800,441678.896353705,426915.412517095,57.1,DT
367758:8804,613:613,05/21/23 07:25:36,STABLE BEAMS,6800,441279.152599023,426618.188687451,57.0,DT
367758:8804,614:614,05/21/23 07:25:59,STABLE BEAMS,6800,441121.879476997,426476.814070668,57.0,DT
367758:8804,615:615,05/21/23 07:26:23,STABLE BEAMS,6800,441085.455818256,426534.110191226,57.0,DT
367758:8804,616:616,05/21/23 07:26:46,STABLE BEAMS,6800,440554.501758299,425975.370406280,56.9,DT
367758:8804,617:617,05/21/23 07:27:09,STABLE BEAMS,6800,440921.939550526,426435.830139057,57.0,DT
367758:8804,619:619,05/21/23 07:27:56,STABLE BEAMS,6800,440185.480013985,425830.497301631,56.9,DT
367758:8804,620:620,05/21/23 07:28:19,STABLE BEAMS,6800,440056.529808536,425699.214619040,56.9,DT
367758:8804,621:621,05/21/23 07:28:42,STABLE BEAMS,6800,440162.810966606,425832.794564692,56.9,DT
367758:8804,622:622,05/21/23 07:29:06,STABLE BEAMS,6800,439717.551031145,425412.891040375,56.8,DT
367758:8804,624:624,05/21/23 07:29:52,STABLE BEAMS,6800,438125.590864210,423841.291095141,56.6,DT
367758:8804,625:625,05/21/23 07:30:16,STABLE BEAMS,6800,437800.366698181,423727.475692857,56.6,DT
367758:8804,626:626,05/21/23 07:30:39,STABLE BEAMS,6800,437200.638133559,413686.376730384,56.5,DT
367758:8804,627:627,05/21/23 07:31:02,STABLE BEAMS,6800,435214.997823771,416573.577921672,56.3,DT
367758:8804,628:628,05/21/23 07:31:26,STABLE BEAMS,6800,434911.355366897,410449.243246872,56.2,DT
367758:8804,629:629,05/21/23 07:31:49,STABLE BEAMS,6800,434849.731812286,414309.338689067,56.2,DT
367758:8804,630:630,05/21/23 07:32:12,STABLE BEAMS,6800,434883.756377235,410435.990266844,56.2,DT
367758:8804,631:631,05/21/23 07:32:36,STABLE BEAMS,6800,433985.904574529,420427.844019693,56.1,DT
367758:8804,632:632,05/21/23 07:32:59,STABLE BEAMS,6800,433905.503803628,414314.280486189,56.1,DT
367758:8804,633:633,05/21/23 07:33:22,STABLE BEAMS,6800,434132.682204158,414605.733476719,56.1,DT
367758:8804,634:634,05/21/23 07:33:45,STABLE BEAMS,6800,433826.595770023,420341.998096152,56.1,DT
367758:8804,635:635,05/21/23 07:34:09,STABLE BEAMS,6800,433491.055645472,414019.445973394,56.0,DT
367758:8804,636:636,05/21/23 07:34:32,STABLE BEAMS,6800,433195.467599441,419916.139561381,56.0,DT
367758:8804,637:637,05/21/23 07:34:55,STABLE BEAMS,6800,433410.565107633,412992.143461905,56.0,DT
367758:8804,638:638,05/21/23 07:35:19,STABLE BEAMS,6800,447240.554635981,423315.525641123,57.8,DT
367758:8804,642:642,05/21/23 07:36:52,STABLE BEAMS,6800,454926.622778153,432967.571366252,58.8,DT
367758:8804,643:643,05/21/23 07:37:15,STABLE BEAMS,6800,454224.458555227,439018.059359986,58.7,DT
367758:8804,646:646,05/21/23 07:38:25,STABLE BEAMS,6800,453789.423363496,438628.696690133,58.7,DT
367758:8804,647:647,05/21/23 07:38:49,STABLE BEAMS,6800,453633.191248373,432839.009620731,58.6,DT
367758:8804,651:651,05/21/23 07:40:22,STABLE BEAMS,6800,449909.130222010,435170.335939721,58.2,DT
367758:8804,653:653,05/21/23 07:41:08,STABLE BEAMS,6800,450793.270848969,436314.956199746,58.3,DT
367758:8804,654:654,05/21/23 07:41:32,STABLE BEAMS,6800,450103.413383577,435644.924447504,58.2,DT
367758:8804,655:655,05/21/23 07:41:55,STABLE BEAMS,6800,450056.132268982,435399.369651249,58.2,DT
367758:8804,656:656,05/21/23 07:42:18,STABLE BEAMS,6800,450714.724778820,412243.473028126,58.3,DT
367758:8804,657:657,05/21/23 07:42:42,STABLE BEAMS,6800,450458.137571344,356135.218029761,58.2,DT
367758:8804,660:660,05/21/23 07:43:52,STABLE BEAMS,6800,450341.721436480,436094.100208844,58.2,DT
367758:8804,661:661,05/21/23 07:44:15,STABLE BEAMS,6800,449444.369143345,350711.021149280,58.1,DT
367758:8804,665:665,05/21/23 07:45:48,STABLE BEAMS,6800,449309.311890451,434979.322638610,58.1,DT
367758:8804,667:667,05/21/23 07:46:35,STABLE BEAMS,6800,448710.895081397,434231.710190998,58.0,DT
367758:8804,668:668,05/21/23 07:46:58,STABLE BEAMS,6800,448591.312490212,434150.742566160,58.0,DT
367758:8804,669:669,05/21/23 07:47:21,STABLE BEAMS,6800,448319.205737557,425368.648334595,57.9,DT
367758:8804,670:670,05/21/23 07:47:45,STABLE BEAMS,6800,448032.032617972,420048.874134593,57.9,DT
367758:8804,671:671,05/21/23 07:48:08,STABLE BEAMS,6800,447355.433150080,419578.138492597,57.8,DT
367758:8804,672:672,05/21/23 07:48:31,STABLE BEAMS,6800,447441.354587626,420646.994592417,57.8,DT
367758:8804,673:673,05/21/23 07:48:55,STABLE BEAMS,6800,446395.188982381,420584.235121638,57.7,DT
367758:8804,675:675,05/21/23 07:49:41,STABLE BEAMS,6800,444985.748164663,419522.910694296,57.5,DT
367758:8804,676:676,05/21/23 07:50:05,STABLE BEAMS,6800,445027.284195270,419742.562393266,57.5,DT
367758:8804,680:680,05/21/23 07:51:38,STABLE BEAMS,6800,445230.797424987,429635.148824255,57.5,DT
367758:8804,681:681,05/21/23 07:52:01,STABLE BEAMS,6800,445040.495861447,429574.322513801,57.5,DT
367758:8804,682:682,05/21/23 07:52:24,STABLE BEAMS,6800,444877.612305839,429584.627496503,57.5,DT
367758:8804,683:683,05/21/23 07:52:48,STABLE BEAMS,6800,444577.544600066,428394.669589951,57.5,DT
367758:8804,684:684,05/21/23 07:53:11,STABLE BEAMS,6800,444029.350944584,428645.819051783,57.4,DT
367758:8804,685:685,05/21/23 07:53:34,STABLE BEAMS,6800,443502.783881725,428684.315946909,57.3,DT
367758:8804,686:686,05/21/23 07:53:58,STABLE BEAMS,6800,442176.866855615,427541.833195338,57.2,DT
367758:8804,689:689,05/21/23 07:55:08,STABLE BEAMS,6800,441446.017752655,425023.278593247,57.1,DT
367758:8804,690:690,05/21/23 07:55:31,STABLE BEAMS,6800,440871.173451768,426230.420689373,57.0,DT
367758:8804,691:691,05/21/23 07:55:54,STABLE BEAMS,6800,441367.471682507,426630.500986996,57.0,DT
367758:8804,692:692,05/21/23 07:56:18,STABLE BEAMS,6800,441824.269565121,427066.338627317,57.1,DT
367758:8804,693:693,05/21/23 07:56:41,STABLE BEAMS,6800,441923.537319250,427266.978410770,57.1,DT
367758:8804,694:694,05/21/23 07:57:04,STABLE BEAMS,6800,442098.003705478,427418.751046606,57.1,DT
367758:8804,695:695,05/21/23 07:57:27,STABLE BEAMS,6800,442264.598110445,427584.862055609,57.2,DT
367758:8804,696:696,05/21/23 07:57:51,STABLE BEAMS,6800,441865.759264405,427123.258782841,57.1,DT
367758:8804,697:697,05/21/23 07:58:14,STABLE BEAMS,6800,441656.544386314,426914.933307763,57.1,DT
367758:8804,698:698,05/21/23 07:58:37,STABLE BEAMS,6800,441677.810463334,426951.671889839,57.1,DT
367758:8804,699:699,05/21/23 07:59:01,STABLE BEAMS,6800,441341.725945744,426780.656749467,57.0,DT
367758:8804,700:700,05/21/23 07:59:24,STABLE BEAMS,6800,441158.030939219,421168.117792126,57.0,DT
367758:8804,702:702,05/21/23 08:00:11,STABLE BEAMS,6800,440631.238011163,426031.451886853,57.0,DT
367758:8804,705:705,05/21/23 08:01:21,STABLE BEAMS,6800,440018.025583844,413353.001480259,56.9,DT
367758:8804,706:706,05/21/23 08:01:44,STABLE BEAMS,6800,439810.666854361,425520.385902594,56.8,DT
367758:8804,707:707,05/21/23 08:02:07,STABLE BEAMS,6800,440195.932070767,417715.025367201,56.9,DT
367758:8804,708:708,05/21/23 08:02:31,STABLE BEAMS,6800,439624.707404449,419349.804204739,56.8,DT
367758:8804,709:709,05/21/23 08:02:54,STABLE BEAMS,6800,439174.697060579,424829.029669788,56.8,DT
367758:8804,711:711,05/21/23 08:03:41,STABLE BEAMS,6800,439016.789778578,424863.307342035,56.7,DT
367758:8804,714:714,05/21/23 08:04:50,STABLE BEAMS,6800,437554.955474400,423740.019257247,56.6,DT
367758:8804,716:716,05/21/23 08:05:37,STABLE BEAMS,6800,436455.853437509,422729.084477803,56.4,DT
367758:8804,719:719,05/21/23 08:06:47,STABLE BEAMS,6800,435463.575503874,417000.910016041,56.3,DT
367758:8804,720:720,05/21/23 08:07:10,STABLE BEAMS,6800,434379.043220050,420732.151519781,56.1,DT
367758:8804,721:721,05/21/23 08:07:34,STABLE BEAMS,6800,434904.205864696,421088.453480137,56.2,DT
367758:8804,722:722,05/21/23 08:07:57,STABLE BEAMS,6800,435154.867006456,421382.622640111,56.2,DT
367758:8804,723:723,05/21/23 08:08:20,STABLE BEAMS,6800,435684.419543908,416926.819806089,56.3,DT
367758:8804,724:724,05/21/23 08:08:44,STABLE BEAMS,6800,434910.179709589,421229.471263045,56.2,DT
367758:8804,725:725,05/21/23 08:09:07,STABLE BEAMS,6800,434841.360321455,421125.221823023,56.2,DT
367758:8804,727:727,05/21/23 08:09:53,STABLE BEAMS,6800,435022.342049907,421245.396594080,56.2,DT
367758:8804,728:728,05/21/23 08:10:17,STABLE BEAMS,6800,434961.396090887,416235.316929633,56.2,DT
367758:8804,729:729,05/21/23 08:10:40,STABLE BEAMS,6800,434736.301152015,420967.831447098,56.2,DT
367758:8804,730:730,05/21/23 08:11:03,STABLE BEAMS,6800,434671.645791489,420779.755632596,56.2,DT
367758:8804,731:731,05/21/23 08:11:27,STABLE BEAMS,6800,434072.143092064,420520.148735377,56.1,DT
367758:8804,732:732,05/21/23 08:11:50,STABLE BEAMS,6800,434163.449097995,420705.127200436,56.1,DT
367758:8804,733:733,05/21/23 08:12:13,STABLE BEAMS,6800,433917.403714237,420549.058991381,56.1,DT
367758:8804,734:734,05/21/23 08:12:37,STABLE BEAMS,6800,433482.278755569,420256.312565783,56.0,DT
367758:8804,735:735,05/21/23 08:13:00,STABLE BEAMS,6800,433782.436228280,420616.219149448,56.1,DT
367758:8804,736:736,05/21/23 08:13:23,STABLE BEAMS,6800,433565.756215854,420257.479261638,56.0,DT
367758:8804,737:737,05/21/23 08:13:47,STABLE BEAMS,6800,433307.947019747,420122.130236932,56.0,DT
367758:8804,738:738,05/21/23 08:14:10,STABLE BEAMS,6800,433734.838033697,418269.584788528,56.1,DT
367758:8804,741:741,05/21/23 08:15:20,STABLE BEAMS,6800,453370.495545598,436696.042297528,58.6,DT
367758:8804,742:742,05/21/23 08:15:43,STABLE BEAMS,6800,452727.739660927,435770.871111795,58.5,DT
367758:8804,743:743,05/21/23 08:16:06,STABLE BEAMS,6800,452208.639180257,434925.403794083,58.5,DT
367758:8804,744:744,05/21/23 08:16:30,STABLE BEAMS,6800,452660.867636190,437825.872364989,58.5,DT
367758:8804,745:745,05/21/23 08:16:53,STABLE BEAMS,6800,451741.751204318,436906.618365284,58.4,DT
367758:8804,746:746,05/21/23 08:17:16,STABLE BEAMS,6800,451782.291111492,436953.664783286,58.4,DT
367758:8804,747:747,05/21/23 08:17:40,STABLE BEAMS,6800,451725.417965289,168661.200393270,58.4,DT
367758:8804,748:748,05/21/23 08:18:03,STABLE BEAMS,6800,451293.504346411,436376.453141033,58.3,DT
367758:8804,749:749,05/21/23 08:18:26,STABLE BEAMS,6800,451288.934919731,436503.461191695,58.3,DT
367758:8804,750:750,05/21/23 08:18:50,STABLE BEAMS,6800,451258.666087611,436671.018793426,58.3,DT
367758:8804,751:751,05/21/23 08:19:13,STABLE BEAMS,6800,450360.498652771,435773.262428641,58.2,DT
367758:8804,752:752,05/21/23 08:19:36,STABLE BEAMS,6800,450473.612233053,436012.718118709,58.2,DT
367758:8804,753:753,05/21/23 08:20:00,STABLE BEAMS,6800,449900.849945970,435423.828281117,58.2,DT
367758:8804,754:754,05/21/23 08:20:23,STABLE BEAMS,6800,450018.713934661,435465.736817134,58.2,DT
367758:8804,755:755,05/21/23 08:20:46,STABLE BEAMS,6800,449639.150366628,435091.965402467,58.1,DT
367758:8804,756:756,05/21/23 08:21:09,STABLE BEAMS,6800,449701.182216019,433335.524625636,58.1,DT
367758:8804,757:757,05/21/23 08:21:33,STABLE BEAMS,6800,449419.302450027,344415.844538380,58.1,DT
367758:8804,758:758,05/21/23 08:21:56,STABLE BEAMS,6800,448659.451387047,432362.468317822,58.0,DT
367758:8804,759:759,05/21/23 08:22:19,STABLE BEAMS,6800,448648.094421624,432313.315303117,58.0,DT
367758:8804,760:760,05/21/23 08:22:43,STABLE BEAMS,6800,448720.261247807,432626.381921592,58.0,DT
367758:8804,761:761,05/21/23 08:23:06,STABLE BEAMS,6800,448701.937209765,432536.414048491,58.0,DT
367758:8804,762:762,05/21/23 08:23:29,STABLE BEAMS,6800,448405.035960312,432192.597600348,58.0,DT
367758:8804,763:763,05/21/23 08:23:53,STABLE BEAMS,6800,447814.176948238,430951.280524272,57.9,DT
367758:8804,764:764,05/21/23 08:24:16,STABLE BEAMS,6800,448156.910010604,432124.947067159,57.9,DT
367758:8804,765:765,05/21/23 08:24:39,STABLE BEAMS,6800,447770.333038630,431164.301332800,57.9,DT
367758:8804,766:766,05/21/23 08:25:03,STABLE BEAMS,6800,447424.568170349,431598.811308151,57.8,DT
367758:8804,767:767,05/21/23 08:25:26,STABLE BEAMS,6800,446428.851583873,430696.406934231,57.7,DT
#Summary:
#nfill,nrun,nls,ncms,totdelivered(/ub),totrecorded(/ub)
#5,11,3938,3938,1466369203.692584515,1384370192.265708923
#Check JSON:
#(run,ls) in json but not in results: []
