#Data tag : 24v2 , Norm tag: None
#run:fill,ls,time,beamstatus,E(GeV),delivered(/ub),recorded(/ub),avgpu,source
367758:8804,52:52,05/21/23 03:47:38,STABLE BEAMS,6800,227255.897116061,137703.692391933,29.3,HFOC
367758:8804,53:53,05/21/23 03:48:02,STABLE BEAMS,6800,228367.939695823,226105.724162565,29.5,HFOC
367758:8804,54:54,05/21/23 03:48:25,STABLE BEAMS,6800,227701.488252317,225498.505874858,29.5,HFOC
367758:8804,55:55,05/21/23 03:48:48,STABLE BEAMS,6800,228169.411114909,225828.976961850,29.4,HFOC
367758:8804,56:56,05/21/23 03:49:11,STABLE BEAMS,6800,228973.132276830,226770.127054808,29.6,HFOC
367758:8804,57:57,05/21/23 03:49:35,STABLE BEAMS,6800,230774.026560124,228520.165610081,29.7,HFOC
367758:8804,58:58,05/21/23 03:49:58,STABLE BEAMS,6800,231792.916935698,229513.036260963,29.9,HFOC
367758:8804,59:59,05/21/23 03:50:21,STABLE BEAMS,6800,231496.751622920,229204.783143706,30.0,HFOC
367758:8804,60:60,05/21/23 03:50:45,STABLE BEAMS,6800,230448.722773526,228155.479194698,29.8,HFOC
367758:8804,61:61,05/21/23 03:51:08,STABLE BEAMS,6800,229675.756454845,223197.567874079,29.7,HFOC
367758:8804,62:62,05/21/23 03:51:31,STABLE BEAMS,6800,202177.300606023,174561.471488034,29.7,HFOC
367758:8804,63:63,05/21/23 03:51:55,STABLE BEAMS,6800,8594.185830433,8346.355860935,1.3,HFOC
367758:8804,64:64,05/21/23 03:52:18,STABLE BEAMS,6800,47363.954676399,47051.859942753,3.1,HFOC
367758:8804,65:65,05/21/23 03:52:41,STABLE BEAMS,6800,147914.746749247,145560.085095299,11.0,HFOC
367758:8804,66:66,05/21/23 03:53:05,STABLE BEAMS,6800,220860.275314713,215190.747916166,24.5,HFOC
367758:8804,78:78,05/21/23 03:57:44,STABLE BEAMS,6800,226577.904039629,220650.136800290,27.7,HFOC
367758:8804,79:79,05/21/23 03:58:08,STABLE BEAMS,6800,228113.274096784,222010.243366461,29.5,HFOC
367758:8804,80:80,05/21/23 03:58:31,STABLE BEAMS,6800,227753.800904029,217615.751943888,29.5,HFOC
367758:8804,81:81,05/21/23 03:58:54,STABLE BEAMS,6800,225379.789205494,219755.858856320,29.2,HFOC
367758:8804,82:82,05/21/23 03:59:18,STABLE BEAMS,6800,223623.991256039,218091.505829596,28.9,HFOC
367758:8804,83:83,05/21/23 03:59:41,STABLE BEAMS,6800,224831.894985623,219272.843196720,28.9,HFOC
367758:8804,84:84,05/21/23 04:00:04,STABLE BEAMS,6800,225678.094447789,216822.980554213,29.2,HFOC
367758:8804,85:85,05/21/23 04:00:27,STABLE BEAMS,6800,225507.998490306,219888.325155603,29.2,HFOC
367758:8804,86:86,05/21/23 04:00:51,STABLE BEAMS,6800,224915.372050964,216221.703484763,29.1,HFOC
367758:8804,87:87,05/21/23 04:01:14,STABLE BEAMS,6800,224043.152864108,218577.207590267,29.0,HFOC
367758:8804,88:88,05/21/23 04:01:37,STABLE BEAMS,6800,223250.381474433,217860.287377672,28.9,HFOC
367758:8804,89:89,05/21/23 04:02:01,STABLE BEAMS,6800,222828.442620147,159915.529759795,28.8,HFOC
367758:8804,90:90,05/21/23 04:02:24,STABLE BEAMS,6800,222148.013800411,216411.718269843,28.7,HFOC
367758:8804,91:91,05/21/23 04:02:47,STABLE BEAMS,6800,221996.334290814,216664.517374802,28.7,HFOC
367758:8804,92:92,05/21/23 04:03:11,STABLE BEAMS,6800,222247.221212567,212721.580918198,28.7,HFOC
367758:8804,95:95,05/21/23 04:04:21,STABLE BEAMS,6800,221809.643389720,216520.554898612,28.7,HFOC
367758:8804,96:96,05/21/23 04:04:44,STABLE BEAMS,6800,221663.199714207,216403.090484298,28.7,HFOC
367758:8804,97:97,05/21/23 04:05:07,STABLE BEAMS,6800,221525.201767054,216305.818099912,28.6,HFOC
367758:8804,98:98,05/21/23 04:05:31,STABLE BEAMS,6800,221468.859614074,216188.421986181,28.6,HFOC
367758:8804,99:99,05/21/23 04:05:54,STABLE BEAMS,6800,221287.313401918,216081.702209258,28.6,HFOC
367758:8804,100:100,05/21/23 04:06:17,STABLE BEAMS,6800,221257.287020523,215999.568077898,28.6,HFOC
367758:8804,101:101,05/21/23 04:06:40,STABLE BEAMS,6800,223284.732937774,217860.537735439,28.6,HFOC
367758:8804,102:102,05/21/23 04:07:04,STABLE BEAMS,6800,227494.468487023,219234.394164636,29.3,HFOC
367758:8804,103:103,05/21/23 04:07:27,STABLE BEAMS,6800,227830.835802470,221774.768133173,29.4,HFOC
367758:8804,104:104,05/21/23 04:07:50,STABLE BEAMS,6800,227954.036766401,222153.454536243,29.5,HFOC
367758:8804,105:105,05/21/23 04:08:14,STABLE BEAMS,6800,227795.436985826,221918.001914411,29.5,HFOC
367758:8804,106:106,05/21/23 04:08:37,STABLE BEAMS,6800,227723.023449333,221943.111120071,29.5,HFOC
367758:8804,107:107,05/21/23 04:09:00,STABLE BEAMS,6800,227586.664483055,218634.095914800,29.4,HFOC
367758:8804,108:108,05/21/23 04:09:24,STABLE BEAMS,6800,233921.595505590,226956.749888427,29.5,HFOC
367758:8804,109:109,05/21/23 04:09:47,STABLE BEAMS,6800,240874.583162554,233616.758116787,31.0,HFOC
367758:8804,111:111,05/21/23 04:10:34,STABLE BEAMS,6800,240480.530760146,230564.639119002,31.1,HFOC
367758:8804,112:112,05/21/23 04:10:57,STABLE BEAMS,6800,239993.211930732,232634.540725042,31.0,HFOC
367758:8804,113:113,05/21/23 04:11:20,STABLE BEAMS,6800,239602.483645418,232508.311924019,31.0,HFOC
367758:8804,114:114,05/21/23 04:11:43,STABLE BEAMS,6800,239138.930155253,232032.922385787,30.9,HFOC
367758:8804,115:115,05/21/23 04:12:07,STABLE BEAMS,6800,238430.797640146,227840.783677432,30.9,HFOC
367758:8804,116:116,05/21/23 04:12:30,STABLE BEAMS,6800,240716.757532951,233347.045409868,30.8,HFOC
367758:8804,117:117,05/21/23 04:12:53,STABLE BEAMS,6800,252083.993197063,242802.820502110,32.2,HFOC
367758:8804,118:118,05/21/23 04:13:17,STABLE BEAMS,6800,252706.395660032,237741.696045062,32.6,HFOC
367758:8804,119:119,05/21/23 04:13:40,STABLE BEAMS,6800,252688.411393990,243102.468911495,32.7,HFOC
367758:8804,120:120,05/21/23 04:14:03,STABLE BEAMS,6800,252345.943414556,238944.408697258,32.6,HFOC
367758:8804,121:121,05/21/23 04:14:27,STABLE BEAMS,6800,252203.211514392,242883.338264050,32.6,HFOC
367758:8804,122:122,05/21/23 04:14:50,STABLE BEAMS,6800,252610.716567394,243205.957115117,32.6,HFOC
367758:8804,123:123,05/21/23 04:15:13,STABLE BEAMS,6800,261828.560868883,246055.037828672,32.9,HFOC
367758:8804,124:124,05/21/23 04:15:37,STABLE BEAMS,6800,268931.858760283,250457.588486888,34.8,HFOC
367758:8804,125:125,05/21/23 04:16:00,STABLE BEAMS,6800,268953.258055457,251075.118997035,34.8,HFOC
367758:8804,126:126,05/21/23 04:16:23,STABLE BEAMS,6800,269102.274541655,261307.436747681,34.8,HFOC
367758:8804,132:132,05/21/23 04:18:43,STABLE BEAMS,6800,284134.244402826,268898.941609177,36.7,HFOC
367758:8804,133:133,05/21/23 04:19:06,STABLE BEAMS,6800,283858.179508614,273852.232733387,36.7,HFOC
367758:8804,136:136,05/21/23 04:20:16,STABLE BEAMS,6800,286857.756942836,213414.985449988,36.6,HFOC
367758:8804,137:137,05/21/23 04:20:40,STABLE BEAMS,6800,295609.884513863,288116.925970830,38.1,HFOC
367758:8804,138:138,05/21/23 04:21:03,STABLE BEAMS,6800,295767.097069977,288306.211827848,38.2,HFOC
367758:8804,139:139,05/21/23 04:21:26,STABLE BEAMS,6800,295446.005074939,288098.941704787,38.2,HFOC
367758:8804,140:140,05/21/23 04:21:50,STABLE BEAMS,6800,295102.693245304,287876.011400357,38.1,HFOC
367758:8804,141:141,05/21/23 04:22:13,STABLE BEAMS,6800,294893.602550399,283163.317820025,38.1,HFOC
367758:8804,142:142,05/21/23 04:22:36,STABLE BEAMS,6800,295134.631343689,288005.768520898,38.1,HFOC
367758:8804,143:143,05/21/23 04:23:00,STABLE BEAMS,6800,306160.790681878,298112.152118768,38.8,HFOC
367758:8804,144:144,05/21/23 04:23:23,STABLE BEAMS,6800,308186.618597955,299854.451029179,39.9,HFOC
367758:8804,145:145,05/21/23 04:23:46,STABLE BEAMS,6800,307809.890766542,295291.342718054,39.7,HFOC
367758:8804,146:146,05/21/23 04:24:09,STABLE BEAMS,6800,307399.401933821,298651.736045905,39.8,HFOC
367758:8804,147:147,05/21/23 04:24:33,STABLE BEAMS,6800,306834.845169081,227255.601302275,39.7,HFOC
367758:8804,148:148,05/21/23 04:24:56,STABLE BEAMS,6800,306160.107676051,297604.890917872,39.6,HFOC
367758:8804,149:149,05/21/23 04:25:20,STABLE BEAMS,6800,315939.730097417,306077.153937700,39.8,HFOC
367758:8804,150:150,05/21/23 04:25:43,STABLE BEAMS,6800,319760.261886302,309678.396565843,41.4,HFOC
367758:8804,151:151,05/21/23 04:26:06,STABLE BEAMS,6800,318934.528821933,304802.026350364,41.3,HFOC
367758:8804,152:152,05/21/23 04:26:29,STABLE BEAMS,6800,318124.637763010,250658.233686541,41.1,HFOC
367758:8804,153:153,05/21/23 04:26:53,STABLE BEAMS,6800,317967.427537974,305091.816631286,41.1,HFOC
367758:8804,154:154,05/21/23 04:27:16,STABLE BEAMS,6800,318795.846004091,309126.562824312,41.1,HFOC
367758:8804,155:155,05/21/23 04:27:39,STABLE BEAMS,6800,328606.453112978,313002.935584427,41.4,HFOC
367758:8804,156:156,05/21/23 04:28:03,STABLE BEAMS,6800,334996.769847228,318224.846140019,43.3,HFOC
367758:8804,158:158,05/21/23 04:28:49,STABLE BEAMS,6800,333862.485986953,317270.038960935,43.2,HFOC
367758:8804,159:159,05/21/23 04:29:13,STABLE BEAMS,6800,333760.592240619,321858.278622962,43.2,HFOC
367758:8804,160:160,05/21/23 04:29:36,STABLE BEAMS,6800,333661.840787301,319477.891426354,43.1,HFOC
367758:8804,161:161,05/21/23 04:29:59,STABLE BEAMS,6800,335041.547522718,322209.714259098,43.1,HFOC
367758:8804,162:162,05/21/23 04:30:22,STABLE BEAMS,6800,346062.151902257,336753.001610281,44.1,HFOC
367758:8804,163:163,05/21/23 04:30:46,STABLE BEAMS,6800,347998.037508422,334332.662069449,45.0,HFOC
367758:8804,164:164,05/21/23 04:31:09,STABLE BEAMS,6800,348114.183465072,334877.735685053,45.0,HFOC
367758:8804,166:166,05/21/23 04:31:56,STABLE BEAMS,6800,348138.927857041,338719.142276584,44.9,HFOC
367758:8804,167:167,05/21/23 04:32:19,STABLE BEAMS,6800,348625.015877320,334545.806508832,45.0,HFOC
367758:8804,168:168,05/21/23 04:32:42,STABLE BEAMS,6800,350237.877024863,249983.223457396,45.1,HFOC
367758:8804,169:169,05/21/23 04:33:06,STABLE BEAMS,6800,361257.819378277,349295.177464421,45.9,HFOC
367758:8804,170:170,05/21/23 04:33:29,STABLE BEAMS,6800,365695.312894299,349080.965391358,47.3,HFOC
367758:8804,171:171,05/21/23 04:33:52,STABLE BEAMS,6800,366013.332528658,353888.379991309,47.3,HFOC
367758:8804,172:172,05/21/23 04:34:16,STABLE BEAMS,6800,366840.956097209,234627.065929727,47.3,HFOC
367758:8804,173:173,05/21/23 04:34:39,STABLE BEAMS,6800,367551.776345140,355101.293440420,47.5,HFOC
367758:8804,174:174,05/21/23 04:35:02,STABLE BEAMS,6800,368076.837656925,355678.780694303,47.6,HFOC
367758:8804,176:176,05/21/23 04:35:49,STABLE BEAMS,6800,377083.062043981,357647.289735757,47.9,HFOC
367758:8804,177:177,05/21/23 04:36:12,STABLE BEAMS,6800,384455.618082109,368859.932975321,49.6,HFOC
367758:8804,178:178,05/21/23 04:36:35,STABLE BEAMS,6800,384026.464308598,363641.369847602,49.7,HFOC
367758:8804,179:179,05/21/23 04:36:59,STABLE BEAMS,6800,383930.489169065,364459.613158660,49.6,HFOC
367758:8804,180:180,05/21/23 04:37:22,STABLE BEAMS,6800,384523.776468993,369080.634769274,49.7,HFOC
367758:8804,181:181,05/21/23 04:37:45,STABLE BEAMS,6800,384402.623357002,363986.250492668,49.7,HFOC
367758:8804,182:182,05/21/23 04:38:09,STABLE BEAMS,6800,384008.389130517,363606.221854940,49.6,HFOC
367758:8804,184:184,05/21/23 04:38:55,STABLE BEAMS,6800,401576.019287592,301185.030297735,51.8,HFOC
367758:8804,185:185,05/21/23 04:39:19,STABLE BEAMS,6800,408321.168038488,391962.145829632,51.9,HFOC
367758:8804,186:186,05/21/23 04:39:42,STABLE BEAMS,6800,396299.680393981,383062.754742992,53.7,HFOC
367758:8804,188:188,05/21/23 04:40:29,STABLE BEAMS,6800,385838.056840832,375961.435936734,50.6,HFOC
367758:8804,189:189,05/21/23 04:40:52,STABLE BEAMS,6800,373640.829233017,364743.372941039,43.7,HFOC
367758:8804,190:190,05/21/23 04:41:15,STABLE BEAMS,6800,405122.080639553,393693.745092455,51.8,HFOC
367758:8804,191:191,05/21/23 04:41:38,STABLE BEAMS,6800,422253.682674373,400517.656303627,54.6,HFOC
367758:8804,192:192,05/21/23 04:42:02,STABLE BEAMS,6800,422008.008042816,408235.435655273,54.6,HFOC
367758:8804,193:193,05/21/23 04:42:25,STABLE BEAMS,6800,421839.461785925,408009.477280643,54.5,HFOC
367758:8804,194:194,05/21/23 04:42:48,STABLE BEAMS,6800,421677.060250393,407993.768146636,54.5,HFOC
367758:8804,195:195,05/21/23 04:43:12,STABLE BEAMS,6800,421491.392226284,313200.872071554,54.5,HFOC
367758:8804,198:198,05/21/23 04:44:22,STABLE BEAMS,6800,429726.836379520,414139.482545167,54.6,HFOC
367758:8804,201:201,05/21/23 04:45:32,STABLE BEAMS,6800,438212.962319653,423319.195074275,56.6,HFOC
367758:8804,202:202,05/21/23 04:45:55,STABLE BEAMS,6800,438151.270342880,423511.737447127,56.6,HFOC
367758:8804,203:203,05/21/23 04:46:18,STABLE BEAMS,6800,437959.639421488,417299.869388712,56.6,HFOC
367758:8804,204:204,05/21/23 04:46:41,STABLE BEAMS,6800,437732.268413647,423270.843856355,56.6,HFOC
367758:8804,205:205,05/21/23 04:47:05,STABLE BEAMS,6800,437585.210032890,400550.209806580,56.6,HFOC
367758:8804,206:206,05/21/23 04:47:28,STABLE BEAMS,6800,437164.933004043,335026.910684549,56.5,HFOC
367758:8804,207:207,05/21/23 04:47:51,STABLE BEAMS,6800,436938.881386297,422313.598369782,56.5,HFOC
367758:8804,208:208,05/21/23 04:48:15,STABLE BEAMS,6800,436745.975365291,422114.454384301,56.5,HFOC
367758:8804,209:209,05/21/23 04:48:38,STABLE BEAMS,6800,436463.879972537,417289.624301316,56.4,HFOC
367758:8804,210:210,05/21/23 04:49:01,STABLE BEAMS,6800,436248.437090339,422161.075942414,56.4,HFOC
367758:8804,211:211,05/21/23 04:49:25,STABLE BEAMS,6800,436068.233112841,422078.441561736,56.4,HFOC
367758:8804,212:212,05/21/23 04:49:48,STABLE BEAMS,6800,435913.388931879,414117.857135436,56.4,HFOC
367758:8804,213:213,05/21/23 04:50:11,STABLE BEAMS,6800,435691.710416284,421827.988220473,56.3,HFOC
367758:8804,214:214,05/21/23 04:50:35,STABLE BEAMS,6800,435457.828707853,421711.569527708,56.3,HFOC
367758:8804,215:215,05/21/23 04:50:58,STABLE BEAMS,6800,435364.448058029,421582.404500955,56.3,HFOC
367758:8804,216:216,05/21/23 04:51:21,STABLE BEAMS,6800,435251.672840031,323423.240781699,56.3,HFOC
367758:8804,217:217,05/21/23 04:51:45,STABLE BEAMS,6800,435149.142709428,421135.630109555,56.2,HFOC
367758:8804,218:218,05/21/23 04:52:08,STABLE BEAMS,6800,434767.745728970,420782.145455939,56.2,HFOC
367758:8804,219:219,05/21/23 04:52:31,STABLE BEAMS,6800,434261.328378275,420542.571255262,56.2,HFOC
367758:8804,220:220,05/21/23 04:52:54,STABLE BEAMS,6800,433909.937032619,420145.012911684,56.1,HFOC
367758:8804,221:221,05/21/23 04:53:18,STABLE BEAMS,6800,433832.218895244,414143.944228278,56.1,HFOC
367758:8804,222:222,05/21/23 04:53:41,STABLE BEAMS,6800,433603.801233423,419993.674671892,56.1,HFOC
367758:8804,224:224,05/21/23 04:54:28,STABLE BEAMS,6800,433077.989314553,419598.757439581,56.0,HFOC
367758:8804,225:225,05/21/23 04:54:51,STABLE BEAMS,6800,432919.774394940,419672.333251518,56.0,HFOC
367758:8804,227:227,05/21/23 04:55:38,STABLE BEAMS,6800,432368.602679534,418868.703467850,55.9,HFOC
367758:8804,228:228,05/21/23 04:56:01,STABLE BEAMS,6800,431923.103387748,416876.722802963,55.9,HFOC
367758:8804,229:229,05/21/23 04:56:24,STABLE BEAMS,6800,431580.817232391,416596.219536418,55.8,HFOC
367758:8804,231:231,05/21/23 04:57:11,STABLE BEAMS,6800,431544.347518557,416667.200858646,55.8,HFOC
367758:8804,234:234,05/21/23 04:58:21,STABLE BEAMS,6800,431160.267467429,404450.212703425,55.7,HFOC
367758:8804,236:236,05/21/23 04:59:07,STABLE BEAMS,6800,430973.599410899,405152.904482699,55.7,HFOC
367758:8804,237:237,05/21/23 04:59:31,STABLE BEAMS,6800,430869.108843778,416163.240464064,55.7,HFOC
367758:8804,238:238,05/21/23 04:59:54,STABLE BEAMS,6800,430780.101296105,411277.219586056,55.7,HFOC
367758:8804,239:239,05/21/23 05:00:17,STABLE BEAMS,6800,430664.092873052,415803.743960529,55.7,HFOC
367758:8804,240:240,05/21/23 05:00:41,STABLE BEAMS,6800,430406.082177219,409581.905881912,55.7,HFOC
367758:8804,241:241,05/21/23 05:01:04,STABLE BEAMS,6800,430002.104045089,415338.348918818,55.6,HFOC
367758:8804,242:242,05/21/23 05:01:27,STABLE BEAMS,6800,429798.498376496,409177.792547263,55.6,HFOC
367758:8804,243:243,05/21/23 05:01:51,STABLE BEAMS,6800,429537.755657357,410224.227405585,55.5,HFOC
367758:8804,244:244,05/21/23 05:02:14,STABLE BEAMS,6800,429391.562106503,414844.269963478,55.5,HFOC
367758:8804,245:245,05/21/23 05:02:37,STABLE BEAMS,6800,428966.914306583,408452.335461162,55.5,HFOC
367758:8804,246:246,05/21/23 05:03:01,STABLE BEAMS,6800,428504.750138850,283262.479543054,55.4,HFOC
367758:8804,247:247,05/21/23 05:03:24,STABLE BEAMS,6800,428176.215012059,407881.951001657,55.4,HFOC
367758:8804,248:248,05/21/23 05:03:47,STABLE BEAMS,6800,427987.407026011,413651.231284591,55.3,HFOC
367758:8804,249:249,05/21/23 05:04:10,STABLE BEAMS,6800,427855.325820798,413512.870155500,55.3,HFOC
367758:8804,250:250,05/21/23 05:04:34,STABLE BEAMS,6800,427674.667283109,413407.561380033,55.3,HFOC
367758:8804,251:251,05/21/23 05:04:57,STABLE BEAMS,6800,427717.738609572,406383.459529401,55.3,HFOC
367758:8804,252:252,05/21/23 05:05:20,STABLE BEAMS,6800,439259.488090014,415822.683968513,55.7,HFOC
367758:8804,253:253,05/21/23 05:05:44,STABLE BEAMS,6800,447837.945694912,426354.694419024,57.8,HFOC
367758:8804,254:254,05/21/23 05:06:07,STABLE BEAMS,6800,447408.199827613,426226.440843732,57.9,HFOC
367758:8804,256:256,05/21/23 05:06:54,STABLE BEAMS,6800,446368.410872400,288938.540020540,57.8,HFOC
367758:8804,257:257,05/21/23 05:07:17,STABLE BEAMS,6800,445257.050832249,2646.852945112,57.6,HFOC
367758:8804,258:258,05/21/23 05:07:40,STABLE BEAMS,6800,445102.936278672,186696.029465001,57.6,HFOC
367758:8804,260:260,05/21/23 05:08:27,STABLE BEAMS,6800,443834.366013485,428558.929051533,57.4,HFOC
367758:8804,261:261,05/21/23 05:08:50,STABLE BEAMS,6800,442806.596095953,427906.318149984,57.3,HFOC
367758:8804,262:262,05/21/23 05:09:13,STABLE BEAMS,6800,443404.435991031,428441.967217616,57.2,HFOC
367758:8804,263:263,05/21/23 05:09:37,STABLE BEAMS,6800,444160.898744355,429033.795262775,57.4,HFOC
367758:8804,264:264,05/21/23 05:10:00,STABLE BEAMS,6800,444114.960192068,428751.925984577,57.4,HFOC
367758:8804,265:265,05/21/23 05:10:23,STABLE BEAMS,6800,444146.329507444,429053.464898143,57.4,HFOC
367758:8804,266:266,05/21/23 05:10:47,STABLE BEAMS,6800,444124.748388194,429078.824694679,57.4,HFOC
367758:8804,267:267,05/21/23 05:11:10,STABLE BEAMS,6800,443930.429733977,422541.333025776,57.4,HFOC
367758:8804,268:268,05/21/23 05:11:33,STABLE BEAMS,6800,443705.154365173,428436.456549447,57.4,HFOC
367758:8804,269:269,05/21/23 05:11:57,STABLE BEAMS,6800,443387.407466930,428164.375467376,57.3,HFOC
367758:8804,270:270,05/21/23 05:12:20,STABLE BEAMS,6800,442876.437521085,427791.312090430,57.3,HFOC
367758:8804,271:271,05/21/23 05:12:43,STABLE BEAMS,6800,442616.876658445,422719.716431430,57.2,HFOC
367758:8804,272:272,05/21/23 05:13:07,STABLE BEAMS,6800,443132.492442555,428014.904420986,57.2,HFOC
367758:8804,273:273,05/21/23 05:13:30,STABLE BEAMS,6800,443058.552982465,427956.128622673,57.3,HFOC
367758:8804,274:274,05/21/23 05:13:53,STABLE BEAMS,6800,442734.843186939,427580.605958537,57.3,HFOC
367758:8804,275:275,05/21/23 05:14:17,STABLE BEAMS,6800,442340.242981223,427313.350207730,57.2,HFOC
367758:8804,276:276,05/21/23 05:14:40,STABLE BEAMS,6800,441691.275554441,426259.402285318,57.1,HFOC
367758:8804,277:277,05/21/23 05:15:03,STABLE BEAMS,6800,441522.682675991,426719.153787419,57.1,HFOC
367758:8804,278:278,05/21/23 05:15:26,STABLE BEAMS,6800,441475.879293801,426787.218931187,57.1,HFOC
367758:8804,279:279,05/21/23 05:15:50,STABLE BEAMS,6800,441044.310523579,426124.227739724,57.0,HFOC
367758:8804,280:280,05/21/23 05:16:13,STABLE BEAMS,6800,440516.312053634,425880.376011090,56.9,HFOC
367758:8804,281:281,05/21/23 05:16:36,STABLE BEAMS,6800,440473.515794364,425851.647806980,56.9,HFOC
367758:8804,282:282,05/21/23 05:17:00,STABLE BEAMS,6800,440483.303990490,425946.893319128,56.9,HFOC
367758:8804,283:283,05/21/23 05:17:23,STABLE BEAMS,6800,440125.628058800,425619.038867085,56.9,HFOC
367758:8804,284:284,05/21/23 05:17:46,STABLE BEAMS,6800,439734.489503774,425213.559520784,56.9,HFOC
367758:8804,285:285,05/21/23 05:18:10,STABLE BEAMS,6800,439740.774089807,425174.404405202,56.8,HFOC
367758:8804,286:286,05/21/23 05:18:33,STABLE BEAMS,6800,439758.574200695,425291.641306312,56.9,HFOC
367758:8804,287:287,05/21/23 05:18:56,STABLE BEAMS,6800,439452.575935096,425029.896223674,56.8,HFOC
367758:8804,292:292,05/21/23 05:20:53,STABLE BEAMS,6800,438034.259556327,424032.633122694,56.6,HFOC
367758:8804,293:293,05/21/23 05:21:16,STABLE BEAMS,6800,436940.247397950,423041.423831035,56.5,HFOC
367758:8804,294:294,05/21/23 05:21:39,STABLE BEAMS,6800,436683.784537846,422886.623940554,56.5,HFOC
367758:8804,296:296,05/21/23 05:22:26,STABLE BEAMS,6800,436191.752268907,422412.214620581,56.4,HFOC
367758:8804,297:297,05/21/23 05:22:49,STABLE BEAMS,6800,435190.391132969,421563.238378415,56.3,HFOC
367758:8804,298:298,05/21/23 05:23:13,STABLE BEAMS,6800,435049.388892611,421433.616460392,56.2,HFOC
367758:8804,299:299,05/21/23 05:23:36,STABLE BEAMS,6800,435636.209782428,421962.297936164,56.3,HFOC
367758:8804,300:300,05/21/23 05:23:59,STABLE BEAMS,6800,435303.940268832,420045.622743020,56.3,HFOC
367758:8804,301:301,05/21/23 05:24:23,STABLE BEAMS,6800,434877.562809106,419793.393120393,56.2,HFOC
367758:8804,302:302,05/21/23 05:24:46,STABLE BEAMS,6800,434828.209227687,419847.527742596,56.2,HFOC
367758:8804,303:303,05/21/23 05:25:09,STABLE BEAMS,6800,434986.967288453,419818.298356737,56.2,HFOC
367758:8804,304:304,05/21/23 05:25:33,STABLE BEAMS,6800,434433.063549742,419311.699181965,56.2,HFOC
367758:8804,305:305,05/21/23 05:25:56,STABLE BEAMS,6800,433677.330423802,418849.898662385,56.0,HFOC
367758:8804,306:306,05/21/23 05:26:19,STABLE BEAMS,6800,434109.262842177,419087.013575872,56.1,HFOC
367758:8804,307:307,05/21/23 05:26:43,STABLE BEAMS,6800,434150.830623391,419153.759329545,56.1,HFOC
367758:8804,308:308,05/21/23 05:27:06,STABLE BEAMS,6800,433742.346517669,419031.923211727,56.1,HFOC
367758:8804,309:309,05/21/23 05:27:29,STABLE BEAMS,6800,433443.677161005,418593.116444608,56.0,HFOC
367758:8804,310:310,05/21/23 05:27:52,STABLE BEAMS,6800,433624.107253060,418439.547363261,56.0,HFOC
367758:8804,311:311,05/21/23 05:28:16,STABLE BEAMS,6800,433508.464809237,406287.393477830,56.0,HFOC
367758:8804,312:312,05/21/23 05:28:39,STABLE BEAMS,6800,433417.042264855,410117.053767794,56.0,HFOC
367758:8804,313:313,05/21/23 05:29:02,STABLE BEAMS,6800,433177.151037582,378689.251646558,56.0,HFOC
367758:8804,314:314,05/21/23 05:29:26,STABLE BEAMS,6800,432787.877344881,365864.793913431,56.0,HFOC
367758:8804,315:315,05/21/23 05:29:49,STABLE BEAMS,6800,432482.198436955,410190.401134096,55.9,HFOC
367758:8804,316:316,05/21/23 05:30:12,STABLE BEAMS,6800,432392.596464417,412834.216451589,55.9,HFOC
367758:8804,317:317,05/21/23 05:30:36,STABLE BEAMS,6800,432396.284229664,407132.500130673,55.9,HFOC
367758:8804,318:318,05/21/23 05:30:59,STABLE BEAMS,6800,431476.783556539,410957.789649564,55.8,HFOC
367758:8804,319:319,05/21/23 05:31:22,STABLE BEAMS,6800,431259.247366382,416864.612853243,55.7,HFOC
367758:8804,320:320,05/21/23 05:31:46,STABLE BEAMS,6800,431213.945198363,410583.996645234,55.7,HFOC
367758:8804,321:321,05/21/23 05:32:09,STABLE BEAMS,6800,430910.585712953,411547.978946955,55.7,HFOC
367758:8804,322:322,05/21/23 05:32:32,STABLE BEAMS,6800,430429.302044237,410066.788734914,55.6,HFOC
367758:8804,323:323,05/21/23 05:32:55,STABLE BEAMS,6800,430523.636104924,415715.146682569,55.6,HFOC
367758:8804,324:324,05/21/23 05:33:19,STABLE BEAMS,6800,430537.023485336,416151.403250459,55.7,HFOC
367758:8804,326:326,05/21/23 05:34:05,STABLE BEAMS,6800,429452.888104046,415297.965325181,55.5,HFOC
367758:8804,330:330,05/21/23 05:35:39,STABLE BEAMS,6800,428872.533624339,253461.196354810,55.4,HFOC
367758:8804,332:332,05/21/23 05:36:25,STABLE BEAMS,6800,428813.072489121,414891.709729937,55.4,HFOC
367758:8804,333:333,05/21/23 05:36:49,STABLE BEAMS,6800,428380.137707246,414480.675424986,55.4,HFOC
367758:8804,334:334,05/21/23 05:37:12,STABLE BEAMS,6800,428075.412210184,414426.314688226,55.4,HFOC
367758:8804,335:335,05/21/23 05:37:35,STABLE BEAMS,6800,428082.515004562,408343.567366083,55.3,HFOC
367758:8804,337:337,05/21/23 05:38:22,STABLE BEAMS,6800,427585.158553687,413942.569401241,55.3,HFOC
367758:8804,338:338,05/21/23 05:38:45,STABLE BEAMS,6800,427336.936053979,407689.818898516,55.3,HFOC
367758:8804,339:339,05/21/23 05:39:08,STABLE BEAMS,6800,427033.439034973,413477.311893127,55.2,HFOC
367758:8804,340:340,05/21/23 05:39:32,STABLE BEAMS,6800,426860.475385450,413131.701620676,55.2,HFOC
367758:8804,342:342,05/21/23 05:40:18,STABLE BEAMS,6800,448493.379531805,428982.210839800,57.8,HFOC
367758:8804,344:344,05/21/23 05:41:05,STABLE BEAMS,6800,448472.162060708,428777.649429266,58.0,HFOC
367758:8804,348:348,05/21/23 05:42:38,STABLE BEAMS,6800,447835.577319760,431925.287607745,57.9,HFOC
367758:8804,350:350,05/21/23 05:43:25,STABLE BEAMS,6800,447025.756193175,431582.365068120,57.8,HFOC
367758:8804,351:351,05/21/23 05:43:48,STABLE BEAMS,6800,446948.993797741,290447.299890971,57.8,HFOC
367758:8804,352:352,05/21/23 05:44:12,STABLE BEAMS,6800,446845.370391601,328160.634463519,57.8,HFOC
367758:8804,353:353,05/21/23 05:44:35,STABLE BEAMS,6800,446332.624164392,430832.095988791,57.7,HFOC
367758:8804,354:354,05/21/23 05:44:58,STABLE BEAMS,6800,445717.848988330,430396.382562053,57.6,HFOC
367758:8804,356:356,05/21/23 05:45:45,STABLE BEAMS,6800,445817.055001839,430349.761003940,57.6,HFOC
367758:8804,358:358,05/21/23 05:46:31,STABLE BEAMS,6800,444693.494099930,322221.894141155,57.5,HFOC
367758:8804,359:359,05/21/23 05:46:55,STABLE BEAMS,6800,444948.364833825,429601.312496455,57.5,HFOC
367758:8804,361:361,05/21/23 05:47:41,STABLE BEAMS,6800,444863.728057226,429397.117065153,57.5,HFOC
367758:8804,363:363,05/21/23 05:48:28,STABLE BEAMS,6800,444319.155623371,428974.791018827,57.5,HFOC
367758:8804,364:364,05/21/23 05:48:51,STABLE BEAMS,6800,443966.353975582,428608.511078587,57.4,HFOC
367758:8804,366:366,05/21/23 05:49:38,STABLE BEAMS,6800,443749.864439404,233271.033621520,57.4,HFOC
367758:8804,367:367,05/21/23 05:50:01,STABLE BEAMS,6800,443093.791887165,428234.491959700,57.3,HFOC
367758:8804,368:368,05/21/23 05:50:24,STABLE BEAMS,6800,442818.389019078,427857.330547797,57.2,HFOC
367758:8804,369:369,05/21/23 05:50:48,STABLE BEAMS,6800,443315.153376166,428570.311704947,57.3,HFOC
367758:8804,371:371,05/21/23 05:51:34,STABLE BEAMS,6800,442972.732018290,428209.085541606,57.3,HFOC
367758:8804,372:372,05/21/23 05:51:58,STABLE BEAMS,6800,442717.770372358,427708.633419272,57.2,HFOC
367758:8804,373:373,05/21/23 05:52:21,STABLE BEAMS,6800,442596.936618040,427794.818031600,57.2,HFOC
367758:8804,374:374,05/21/23 05:52:44,STABLE BEAMS,6800,442208.984646511,427433.228220107,57.2,HFOC
367758:8804,375:375,05/21/23 05:53:08,STABLE BEAMS,6800,441647.705377306,426727.440769374,57.1,HFOC
367758:8804,377:377,05/21/23 05:53:54,STABLE BEAMS,6800,442085.647314522,427229.941909187,57.2,HFOC
367758:8804,378:378,05/21/23 05:54:18,STABLE BEAMS,6800,441751.692431600,427138.794431998,57.1,HFOC
367758:8804,379:379,05/21/23 05:54:41,STABLE BEAMS,6800,441503.877870526,427087.755481253,57.1,HFOC
367758:8804,381:381,05/21/23 05:55:28,STABLE BEAMS,6800,441461.627083486,427087.391833100,57.1,HFOC
367758:8804,382:382,05/21/23 05:55:51,STABLE BEAMS,6800,441087.153404408,426797.417397024,57.0,HFOC
367758:8804,383:383,05/21/23 05:56:14,STABLE BEAMS,6800,440842.891406062,426533.168736715,57.0,HFOC
367758:8804,384:384,05/21/23 05:56:37,STABLE BEAMS,6800,440321.266103111,426147.128249069,57.0,HFOC
367758:8804,385:385,05/21/23 05:57:01,STABLE BEAMS,6800,440005.614843904,425859.797255339,56.9,HFOC
367758:8804,387:387,05/21/23 05:57:47,STABLE BEAMS,6800,438703.353509746,418574.768530413,56.7,HFOC
367758:8804,388:388,05/21/23 05:58:11,STABLE BEAMS,6800,438382.921209755,418207.987408423,56.7,HFOC
367758:8804,389:389,05/21/23 05:58:34,STABLE BEAMS,6800,437678.544061155,418922.653934899,56.6,HFOC
367758:8804,390:390,05/21/23 05:58:57,STABLE BEAMS,6800,436646.221548474,408836.734869962,56.5,HFOC
367758:8804,391:391,05/21/23 05:59:21,STABLE BEAMS,6800,436774.612657362,423052.305302699,56.4,HFOC
367758:8804,392:392,05/21/23 05:59:44,STABLE BEAMS,6800,437191.430366597,409271.217487566,56.5,HFOC
367758:8804,393:393,05/21/23 06:00:07,STABLE BEAMS,6800,436720.753102352,413112.078606867,56.5,HFOC
367758:8804,394:394,05/21/23 06:00:31,STABLE BEAMS,6800,436251.441849760,414744.926416372,56.4,HFOC
367758:8804,395:395,05/21/23 06:00:54,STABLE BEAMS,6800,436213.925481946,408748.683064231,56.4,HFOC
367758:8804,396:396,05/21/23 06:01:17,STABLE BEAMS,6800,436329.022453538,420417.595175505,56.4,HFOC
367758:8804,397:397,05/21/23 06:01:41,STABLE BEAMS,6800,436434.240316966,421044.981483037,56.4,HFOC
367758:8804,398:398,05/21/23 06:02:04,STABLE BEAMS,6800,436388.346055160,420690.767202037,56.4,HFOC
367758:8804,399:399,05/21/23 06:02:27,STABLE BEAMS,6800,436455.912348255,412924.226362760,56.4,HFOC
367758:8804,400:400,05/21/23 06:02:50,STABLE BEAMS,6800,436301.522727485,412730.000951660,56.4,HFOC
367758:8804,401:401,05/21/23 06:03:14,STABLE BEAMS,6800,436089.585786457,420723.320704990,56.4,HFOC
367758:8804,402:402,05/21/23 06:03:37,STABLE BEAMS,6800,435865.538895710,420586.871059781,56.4,HFOC
367758:8804,403:403,05/21/23 06:04:00,STABLE BEAMS,6800,435226.313043495,420079.770703260,56.3,HFOC
367758:8804,404:404,05/21/23 06:04:24,STABLE BEAMS,6800,434879.430002509,412621.960152888,56.2,HFOC
367758:8804,405:405,05/21/23 06:04:47,STABLE BEAMS,6800,434724.175551835,419727.239460508,56.2,HFOC
367758:8804,406:406,05/21/23 06:05:10,STABLE BEAMS,6800,434187.617363820,419206.844966691,56.2,HFOC
367758:8804,407:407,05/21/23 06:05:34,STABLE BEAMS,6800,433391.910913954,412631.247167264,56.0,HFOC
367758:8804,408:408,05/21/23 06:05:57,STABLE BEAMS,6800,433664.080576986,418805.417033789,56.0,HFOC
367758:8804,409:409,05/21/23 06:06:20,STABLE BEAMS,6800,434170.180901086,419190.865427647,56.1,HFOC
367758:8804,410:410,05/21/23 06:06:44,STABLE BEAMS,6800,434073.294310092,418999.961802563,56.1,HFOC
367758:8804,411:411,05/21/23 06:07:07,STABLE BEAMS,6800,433995.713706314,419180.256692099,56.1,HFOC
367758:8804,412:412,05/21/23 06:07:30,STABLE BEAMS,6800,433703.191402087,418745.501338380,56.1,HFOC
367758:8804,413:413,05/21/23 06:07:53,STABLE BEAMS,6800,433493.303478539,418744.454684400,56.0,HFOC
367758:8804,414:414,05/21/23 06:08:17,STABLE BEAMS,6800,433551.806540737,418729.521799336,56.0,HFOC
367758:8804,415:415,05/21/23 06:08:40,STABLE BEAMS,6800,433506.916973508,418733.391388660,56.0,HFOC
367758:8804,416:416,05/21/23 06:09:03,STABLE BEAMS,6800,433165.449026496,418378.766837948,56.0,HFOC
367758:8804,417:417,05/21/23 06:09:27,STABLE BEAMS,6800,432996.856148046,418203.434813273,56.0,HFOC
367758:8804,418:418,05/21/23 06:09:50,STABLE BEAMS,6800,432841.193758740,418139.511994944,56.0,HFOC
367758:8804,419:419,05/21/23 06:10:13,STABLE BEAMS,6800,432681.659449031,411173.915537588,55.9,HFOC
367758:8804,420:420,05/21/23 06:10:37,STABLE BEAMS,6800,432047.352171198,417269.546727315,55.9,HFOC
367758:8804,422:422,05/21/23 06:11:23,STABLE BEAMS,6800,431594.248903284,417405.996372523,55.8,HFOC
367758:8804,423:423,05/21/23 06:11:47,STABLE BEAMS,6800,431113.144727566,417061.162349016,55.8,HFOC
367758:8804,424:424,05/21/23 06:12:10,STABLE BEAMS,6800,430125.532289116,416290.948567126,55.6,HFOC
367758:8804,425:425,05/21/23 06:12:33,STABLE BEAMS,6800,430444.780401531,416338.117928547,55.6,HFOC
367758:8804,427:427,05/21/23 06:13:20,STABLE BEAMS,6800,430199.380837167,416223.020956955,55.6,HFOC
367758:8804,428:428,05/21/23 06:13:43,STABLE BEAMS,6800,429648.024966607,415677.310957082,55.5,HFOC
367758:8804,429:429,05/21/23 06:14:06,STABLE BEAMS,6800,429949.109319981,416054.882638697,55.5,HFOC
367758:8804,430:430,05/21/23 06:14:30,STABLE BEAMS,6800,430231.251334294,416080.060611156,55.6,HFOC
367758:8804,431:431,05/21/23 06:14:53,STABLE BEAMS,6800,429946.876147347,415942.151711178,55.6,HFOC
367758:8804,432:432,05/21/23 06:15:16,STABLE BEAMS,6800,429767.129061119,415688.283340784,55.6,HFOC
367758:8804,433:433,05/21/23 06:15:40,STABLE BEAMS,6800,429710.127213092,415594.949312519,55.5,HFOC
367758:8804,434:434,05/21/23 06:16:03,STABLE BEAMS,6800,429709.989679495,415356.925278649,55.6,HFOC
367758:8804,435:435,05/21/23 06:16:26,STABLE BEAMS,6800,429603.135399378,415444.431612150,55.5,HFOC
367758:8804,436:436,05/21/23 06:16:50,STABLE BEAMS,6800,429276.966316661,415222.431407803,55.5,HFOC
367758:8804,437:437,05/21/23 06:17:13,STABLE BEAMS,6800,428916.285625550,414987.276930835,55.5,HFOC
367758:8804,438:438,05/21/23 06:17:36,STABLE BEAMS,6800,428717.507619300,414916.661587839,55.4,HFOC
367758:8804,439:439,05/21/23 06:18:00,STABLE BEAMS,6800,427386.562371513,413647.088959152,55.3,HFOC
367758:8804,440:440,05/21/23 06:18:23,STABLE BEAMS,6800,426801.925701694,413221.256971656,55.2,HFOC
367758:8804,441:441,05/21/23 06:18:46,STABLE BEAMS,6800,425270.652280849,411895.001852616,55.0,HFOC
367758:8804,442:442,05/21/23 06:19:10,STABLE BEAMS,6800,424270.020772296,410986.154205520,54.9,HFOC
367758:8804,443:443,05/21/23 06:19:33,STABLE BEAMS,6800,424457.870685324,411223.814591237,54.9,HFOC
367758:8804,444:444,05/21/23 06:19:56,STABLE BEAMS,6800,425089.767628603,411755.911096140,54.9,HFOC
367758:8804,445:445,05/21/23 06:20:19,STABLE BEAMS,6800,423981.048699720,318500.228028405,54.8,HFOC
367758:8804,446:446,05/21/23 06:20:43,STABLE BEAMS,6800,427513.631759229,413910.563701596,54.7,HFOC
367758:8804,447:447,05/21/23 06:21:06,STABLE BEAMS,6800,441450.018315516,424937.336113274,56.5,HFOC
367758:8804,448:448,05/21/23 06:21:29,STABLE BEAMS,6800,441854.222562203,424905.239501591,57.1,HFOC
367758:8804,449:449,05/21/23 06:21:53,STABLE BEAMS,6800,441828.636651110,425370.406097667,57.1,HFOC
367758:8804,450:450,05/21/23 06:22:16,STABLE BEAMS,6800,441872.435273880,427441.333377985,57.1,HFOC
367758:8804,451:451,05/21/23 06:22:39,STABLE BEAMS,6800,441320.806667204,426713.918186443,57.1,HFOC
367758:8804,452:452,05/21/23 06:23:03,STABLE BEAMS,6800,441340.476302572,427039.905445083,57.0,HFOC
367758:8804,453:453,05/21/23 06:23:26,STABLE BEAMS,6800,439453.760122672,425490.922825390,57.1,HFOC
367758:8804,454:454,05/21/23 06:23:49,STABLE BEAMS,6800,438910.963970181,425176.271598605,56.8,HFOC
367758:8804,455:455,05/21/23 06:24:13,STABLE BEAMS,6800,435906.743028770,422358.627801686,56.4,HFOC
367758:8804,456:456,05/21/23 06:24:36,STABLE BEAMS,6800,436357.568833571,422890.449239397,56.3,HFOC
367758:8804,457:457,05/21/23 06:24:59,STABLE BEAMS,6800,438195.523525841,422891.633426973,56.6,HFOC
367758:8804,458:458,05/21/23 06:25:22,STABLE BEAMS,6800,437925.218725133,422523.668117407,56.6,HFOC
367758:8804,459:459,05/21/23 06:25:46,STABLE BEAMS,6800,437341.857154928,421973.361231904,56.5,HFOC
367758:8804,460:460,05/21/23 06:26:09,STABLE BEAMS,6800,437960.366717795,422695.585112950,56.5,HFOC
367758:8804,461:461,05/21/23 06:26:32,STABLE BEAMS,6800,439255.571879132,423613.402747827,56.8,HFOC
367758:8804,462:462,05/21/23 06:26:56,STABLE BEAMS,6800,439774.828806931,424091.182806451,56.7,HFOC
367758:8804,463:463,05/21/23 06:27:19,STABLE BEAMS,6800,440395.524920874,424479.451804575,56.9,HFOC
367758:8804,464:464,05/21/23 06:27:42,STABLE BEAMS,6800,440816.118976315,424224.173132047,56.9,HFOC
367758:8804,465:465,05/21/23 06:28:06,STABLE BEAMS,6800,441113.650766961,413857.841712604,57.0,HFOC
367758:8804,466:466,05/21/23 06:28:29,STABLE BEAMS,6800,441595.710684620,409606.857739814,57.0,HFOC
367758:8804,467:467,05/21/23 06:28:52,STABLE BEAMS,6800,441585.784954898,419295.353663691,57.1,HFOC
367758:8804,468:468,05/21/23 06:29:16,STABLE BEAMS,6800,441507.749790927,419094.025458212,57.1,HFOC
367758:8804,469:469,05/21/23 06:29:39,STABLE BEAMS,6800,441223.693961654,414470.933850418,57.0,HFOC
367758:8804,470:470,05/21/23 06:30:02,STABLE BEAMS,6800,440911.184995465,419827.541080633,57.0,HFOC
367758:8804,471:471,05/21/23 06:30:26,STABLE BEAMS,6800,440893.928025729,418751.692681297,57.0,HFOC
367758:8804,472:472,05/21/23 06:30:49,STABLE BEAMS,6800,441619.112375715,425334.484187140,57.1,HFOC
367758:8804,473:473,05/21/23 06:31:12,STABLE BEAMS,6800,441549.317572141,420533.146707289,57.1,HFOC
367758:8804,474:474,05/21/23 06:31:35,STABLE BEAMS,6800,441698.240815223,419638.458027393,57.1,HFOC
367758:8804,475:475,05/21/23 06:31:59,STABLE BEAMS,6800,441616.060994736,424899.227651672,57.1,HFOC
367758:8804,476:476,05/21/23 06:32:22,STABLE BEAMS,6800,441454.116350474,425263.549486471,57.1,HFOC
367758:8804,477:477,05/21/23 06:32:45,STABLE BEAMS,6800,441162.684990707,425136.615301274,57.0,HFOC
367758:8804,478:478,05/21/23 06:33:09,STABLE BEAMS,6800,440909.954186330,418682.944531703,57.0,HFOC
367758:8804,479:479,05/21/23 06:33:32,STABLE BEAMS,6800,440464.956076294,424464.609831549,57.0,HFOC
367758:8804,480:480,05/21/23 06:33:55,STABLE BEAMS,6800,440281.201867146,424052.845899214,56.9,HFOC
367758:8804,481:481,05/21/23 06:34:19,STABLE BEAMS,6800,439408.231840096,418669.104922177,56.9,HFOC
367758:8804,482:482,05/21/23 06:34:42,STABLE BEAMS,6800,439023.147094391,422839.002350019,56.8,HFOC
367758:8804,483:483,05/21/23 06:35:05,STABLE BEAMS,6800,439583.652445732,423668.719226529,56.8,HFOC
367758:8804,484:484,05/21/23 06:35:29,STABLE BEAMS,6800,439370.123378494,423555.808806012,56.8,HFOC
367758:8804,485:485,05/21/23 06:35:52,STABLE BEAMS,6800,439035.895759457,422656.066349216,56.8,HFOC
367758:8804,486:486,05/21/23 06:36:15,STABLE BEAMS,6800,438879.321918690,422988.792754081,56.7,HFOC
367758:8804,487:487,05/21/23 06:36:38,STABLE BEAMS,6800,438169.618257075,422606.304829163,56.6,HFOC
367758:8804,488:488,05/21/23 06:37:02,STABLE BEAMS,6800,438352.053076128,422643.000657554,56.6,HFOC
367758:8804,489:489,05/21/23 06:37:25,STABLE BEAMS,6800,438641.980890646,422949.227368788,56.7,HFOC
367758:8804,490:490,05/21/23 06:37:48,STABLE BEAMS,6800,438444.065383221,418023.230835776,56.7,HFOC
367758:8804,491:491,05/21/23 06:38:12,STABLE BEAMS,6800,438194.978053611,422670.726498164,56.6,HFOC
367758:8804,492:492,05/21/23 06:38:35,STABLE BEAMS,6800,437705.088045267,422123.289169563,56.6,HFOC
367758:8804,493:493,05/21/23 06:38:58,STABLE BEAMS,6800,437401.863762376,421886.584525788,56.5,HFOC
367758:8804,494:494,05/21/23 06:39:22,STABLE BEAMS,6800,437284.172301074,422009.555878546,56.5,HFOC
367758:8804,495:495,05/21/23 06:39:45,STABLE BEAMS,6800,437166.753575888,421826.894944936,56.5,HFOC
367758:8804,496:496,05/21/23 06:40:08,STABLE BEAMS,6800,436554.754713611,421460.796828772,56.5,HFOC
367758:8804,497:497,05/21/23 06:40:32,STABLE BEAMS,6800,436361.939604644,421252.184004838,56.4,HFOC
367758:8804,498:498,05/21/23 06:40:55,STABLE BEAMS,6800,435725.354863697,420925.604652410,56.4,HFOC
367758:8804,499:499,05/21/23 06:41:18,STABLE BEAMS,6800,435405.561279052,420544.939630414,56.3,HFOC
367758:8804,500:500,05/21/23 06:41:42,STABLE BEAMS,6800,433627.384748595,419117.154413192,56.1,HFOC
367758:8804,501:501,05/21/23 06:42:05,STABLE BEAMS,6800,433801.122315982,419306.598783508,56.1,HFOC
367758:8804,502:502,05/21/23 06:42:28,STABLE BEAMS,6800,434838.589517601,420010.840729589,56.2,HFOC
367758:8804,503:503,05/21/23 06:42:51,STABLE BEAMS,6800,434781.587669574,420285.607213409,56.2,HFOC
367758:8804,504:504,05/21/23 06:43:15,STABLE BEAMS,6800,434475.270046302,419825.172705481,56.2,HFOC
367758:8804,505:505,05/21/23 06:43:38,STABLE BEAMS,6800,434197.906741696,419546.172984185,56.1,HFOC
367758:8804,506:506,05/21/23 06:44:01,STABLE BEAMS,6800,434058.953518817,419404.713852557,56.1,HFOC
367758:8804,507:507,05/21/23 06:44:25,STABLE BEAMS,6800,433978.685182213,419253.923416073,56.1,HFOC
367758:8804,508:508,05/21/23 06:44:48,STABLE BEAMS,6800,434210.608785204,419626.075341558,56.1,HFOC
367758:8804,509:509,05/21/23 06:45:11,STABLE BEAMS,6800,434276.809066647,419493.313461596,56.1,HFOC
367758:8804,510:510,05/21/23 06:45:35,STABLE BEAMS,6800,434091.369488173,419375.302642622,56.1,HFOC
367758:8804,511:511,05/21/23 06:45:58,STABLE BEAMS,6800,433924.461979049,419208.893984170,56.1,HFOC
367758:8804,512:512,05/21/23 06:46:21,STABLE BEAMS,6800,433461.705717527,418998.141230718,56.1,HFOC
367758:8804,513:513,05/21/23 06:46:45,STABLE BEAMS,6800,432519.486359134,418181.944606061,56.0,HFOC
367758:8804,514:514,05/21/23 06:47:08,STABLE BEAMS,6800,432102.577737861,417437.230485381,55.9,HFOC
367758:8804,515:515,05/21/23 06:47:31,STABLE BEAMS,6800,431393.829818188,417191.464941787,55.8,HFOC
367758:8804,516:516,05/21/23 06:47:55,STABLE BEAMS,6800,431004.877814237,416766.863763425,55.7,HFOC
367758:8804,517:517,05/21/23 06:48:18,STABLE BEAMS,6800,430475.103062928,416186.642155159,55.7,HFOC
367758:8804,518:518,05/21/23 06:48:41,STABLE BEAMS,6800,429948.971786385,415980.031727146,55.6,HFOC
367758:8804,519:519,05/21/23 06:49:04,STABLE BEAMS,6800,427837.159730679,414377.735024671,55.4,HFOC
367758:8804,520:520,05/21/23 06:49:28,STABLE BEAMS,6800,427833.518586990,414282.990694273,55.3,HFOC
367758:8804,521:521,05/21/23 06:49:51,STABLE BEAMS,6800,429418.012847499,415634.286252177,55.5,HFOC
367758:8804,522:522,05/21/23 06:50:14,STABLE BEAMS,6800,429508.661474017,405184.273798076,55.5,HFOC
367758:8804,523:523,05/21/23 06:50:38,STABLE BEAMS,6800,429586.332989834,415813.669690252,55.5,HFOC
367758:8804,524:524,05/21/23 06:51:01,STABLE BEAMS,6800,429316.986262145,415529.343455941,55.5,HFOC
367758:8804,525:525,05/21/23 06:51:24,STABLE BEAMS,6800,429136.509548532,295029.301588522,55.5,HFOC
367758:8804,526:526,05/21/23 06:51:48,STABLE BEAMS,6800,428914.509344186,414939.105205915,55.5,HFOC
367758:8804,527:527,05/21/23 06:52:11,STABLE BEAMS,6800,428778.332435093,414666.888921324,55.4,HFOC
367758:8804,528:528,05/21/23 06:52:34,STABLE BEAMS,6800,428208.721893453,414512.818658227,55.4,HFOC
367758:8804,529:529,05/21/23 06:52:58,STABLE BEAMS,6800,427819.541443868,414178.364924633,55.3,HFOC
367758:8804,530:530,05/21/23 06:53:21,STABLE BEAMS,6800,428646.300182516,414827.833533165,55.3,HFOC
367758:8804,531:531,05/21/23 06:53:44,STABLE BEAMS,6800,428797.500888711,414539.817202531,55.5,HFOC
367758:8804,532:532,05/21/23 06:54:07,STABLE BEAMS,6800,428848.630751494,414761.817406877,55.4,HFOC
367758:8804,533:533,05/21/23 06:54:31,STABLE BEAMS,6800,429103.818511983,415026.795694570,55.5,HFOC
367758:8804,534:534,05/21/23 06:54:54,STABLE BEAMS,6800,429423.113245956,415155.960721323,55.5,HFOC
367758:8804,535:535,05/21/23 06:55:17,STABLE BEAMS,6800,429234.305259909,415037.630544676,55.5,HFOC
367758:8804,536:536,05/21/23 06:55:41,STABLE BEAMS,6800,428710.223000845,414767.143919891,55.4,HFOC
367758:8804,537:537,05/21/23 06:56:04,STABLE BEAMS,6800,428574.454030385,414655.461977431,55.4,HFOC
367758:8804,538:538,05/21/23 06:56:27,STABLE BEAMS,6800,428362.563710916,414502.256544236,55.4,HFOC
367758:8804,539:539,05/21/23 06:56:51,STABLE BEAMS,6800,428213.365400641,413899.910675568,55.4,HFOC
367758:8804,540:540,05/21/23 06:57:14,STABLE BEAMS,6800,428047.276099862,414453.767792721,55.3,HFOC
367758:8804,541:541,05/21/23 06:57:37,STABLE BEAMS,6800,427793.134993353,414336.577513169,55.3,HFOC
367758:8804,542:542,05/21/23 06:58:01,STABLE BEAMS,6800,428428.535546724,402487.508045955,55.3,HFOC
367758:8804,543:543,05/21/23 06:58:24,STABLE BEAMS,6800,428487.267054557,408925.700458232,55.3,HFOC
367758:8804,544:544,05/21/23 06:58:47,STABLE BEAMS,6800,443743.398029294,414872.634519434,56.2,HFOC
367758:8804,545:545,05/21/23 06:59:11,STABLE BEAMS,6800,448993.922566178,425896.220347615,58.1,HFOC
367758:8804,546:546,05/21/23 06:59:34,STABLE BEAMS,6800,448016.646127161,420449.920232823,58.0,HFOC
367758:8804,547:547,05/21/23 06:59:57,STABLE BEAMS,6800,448060.125392257,424005.725490429,57.9,HFOC
367758:8804,548:548,05/21/23 07:00:20,STABLE BEAMS,6800,448037.043058836,426137.158228867,57.9,HFOC
367758:8804,549:549,05/21/23 07:00:44,STABLE BEAMS,6800,447513.552893560,427044.229594598,57.9,HFOC
367758:8804,550:550,05/21/23 07:01:07,STABLE BEAMS,6800,446655.926021285,431361.686584947,57.8,HFOC
367758:8804,551:551,05/21/23 07:01:30,STABLE BEAMS,6800,446177.416335277,423028.355808296,57.7,HFOC
367758:8804,552:552,05/21/23 07:01:54,STABLE BEAMS,6800,446741.292425268,431363.688980868,57.7,HFOC
367758:8804,553:553,05/21/23 07:02:17,STABLE BEAMS,6800,446683.607571415,431423.422852200,57.8,HFOC
367758:8804,554:554,05/21/23 07:02:40,STABLE BEAMS,6800,445807.448629790,430646.064316530,57.7,HFOC
367758:8804,555:555,05/21/23 07:03:04,STABLE BEAMS,6800,445372.511451995,430443.824659590,57.6,HFOC
367758:8804,556:556,05/21/23 07:03:27,STABLE BEAMS,6800,446157.930855063,430929.071160745,57.6,HFOC
367758:8804,557:557,05/21/23 07:03:50,STABLE BEAMS,6800,445933.564606643,423946.900739480,57.7,HFOC
367758:8804,558:558,05/21/23 07:04:14,STABLE BEAMS,6800,445835.768895266,430529.738866881,57.6,HFOC
367758:8804,559:559,05/21/23 07:04:37,STABLE BEAMS,6800,446360.305714522,431119.473604080,57.6,HFOC
367758:8804,560:560,05/21/23 07:05:00,STABLE BEAMS,6800,445410.757447193,430447.559046394,57.7,HFOC
367758:8804,561:561,05/21/23 07:05:23,STABLE BEAMS,6800,444622.013927031,429672.930202951,57.5,HFOC
367758:8804,562:562,05/21/23 07:05:47,STABLE BEAMS,6800,444320.067074832,429568.943148657,57.5,HFOC
367758:8804,563:563,05/21/23 07:06:10,STABLE BEAMS,6800,443910.944253764,426515.275382712,57.4,HFOC
367758:8804,564:564,05/21/23 07:06:33,STABLE BEAMS,6800,444411.307795138,426452.583373516,57.4,HFOC
367758:8804,565:565,05/21/23 07:06:57,STABLE BEAMS,6800,444593.330013402,429836.149946828,57.5,HFOC
367758:8804,566:566,05/21/23 07:07:20,STABLE BEAMS,6800,444352.893313899,429494.912776529,57.5,HFOC
367758:8804,567:567,05/21/23 07:07:43,STABLE BEAMS,6800,443687.351923208,428919.199472932,57.4,HFOC
367758:8804,568:568,05/21/23 07:08:07,STABLE BEAMS,6800,443313.514628398,428981.618746012,57.3,HFOC
367758:8804,569:569,05/21/23 07:08:30,STABLE BEAMS,6800,443271.126307761,429010.666307795,57.3,HFOC
367758:8804,570:570,05/21/23 07:08:53,STABLE BEAMS,6800,442971.366006638,428589.389246527,57.3,HFOC
367758:8804,571:571,05/21/23 07:09:17,STABLE BEAMS,6800,442199.879456211,427523.102928760,57.2,HFOC
367758:8804,573:573,05/21/23 07:10:03,STABLE BEAMS,6800,442228.197390609,428103.184672352,57.2,HFOC
367758:8804,575:575,05/21/23 07:10:50,STABLE BEAMS,6800,442397.065336252,421933.387907978,57.1,HFOC
367758:8804,578:578,05/21/23 07:12:00,STABLE BEAMS,6800,440156.451901946,426110.068772525,56.9,HFOC
367758:8804,580:580,05/21/23 07:12:46,STABLE BEAMS,6800,439671.524758464,425945.937577187,56.9,HFOC
367758:8804,582:582,05/21/23 07:13:33,STABLE BEAMS,6800,439365.069601595,423797.429693090,56.7,HFOC
367758:8804,584:584,05/21/23 07:14:20,STABLE BEAMS,6800,439019.916220414,423602.157628010,56.8,HFOC
367758:8804,586:586,05/21/23 07:15:06,STABLE BEAMS,6800,439134.556300737,423200.955809666,56.7,HFOC
367758:8804,587:587,05/21/23 07:15:30,STABLE BEAMS,6800,439317.492301540,423786.228863753,56.8,HFOC
367758:8804,588:588,05/21/23 07:15:53,STABLE BEAMS,6800,440338.523072846,424662.707163051,56.9,HFOC
367758:8804,589:589,05/21/23 07:16:16,STABLE BEAMS,6800,439377.771645103,424128.470728630,56.8,HFOC
367758:8804,590:590,05/21/23 07:16:40,STABLE BEAMS,6800,439622.490534718,424194.941415110,56.8,HFOC
367758:8804,591:591,05/21/23 07:17:03,STABLE BEAMS,6800,439226.480026869,423862.900347149,56.8,HFOC
367758:8804,592:592,05/21/23 07:17:26,STABLE BEAMS,6800,438982.490764639,423876.742287753,56.7,HFOC
367758:8804,593:593,05/21/23 07:17:49,STABLE BEAMS,6800,438743.555279308,423587.996329733,56.7,HFOC
367758:8804,594:594,05/21/23 07:18:13,STABLE BEAMS,6800,438137.337490237,422788.054311312,56.6,HFOC
367758:8804,595:595,05/21/23 07:18:36,STABLE BEAMS,6800,437654.049094522,422603.889832453,56.6,HFOC
367758:8804,596:596,05/21/23 07:18:59,STABLE BEAMS,6800,436720.342832641,421742.985464643,56.5,HFOC
367758:8804,597:597,05/21/23 07:19:23,STABLE BEAMS,6800,436804.981940318,373409.882351669,56.4,HFOC
367758:8804,598:598,05/21/23 07:19:46,STABLE BEAMS,6800,437032.397238639,234286.192407582,56.5,HFOC
367758:8804,603:603,05/21/23 07:21:43,STABLE BEAMS,6800,436148.727564002,421274.585663512,56.4,HFOC
367758:8804,604:604,05/21/23 07:22:06,STABLE BEAMS,6800,436061.403054578,421257.193491257,56.4,HFOC
367758:8804,605:605,05/21/23 07:22:29,STABLE BEAMS,6800,435284.044518907,420569.115239374,56.3,HFOC
367758:8804,606:606,05/21/23 07:22:53,STABLE BEAMS,6800,434764.057963723,420184.440763380,56.2,HFOC
367758:8804,610:610,05/21/23 07:24:26,STABLE BEAMS,6800,434834.400570605,420139.322750516,56.2,HFOC
367758:8804,612:612,05/21/23 07:25:12,STABLE BEAMS,6800,434476.407612320,419953.654726408,56.2,HFOC
367758:8804,613:613,05/21/23 07:25:36,STABLE BEAMS,6800,434437.343408776,420003.691313653,56.2,HFOC
367758:8804,614:614,05/21/23 07:25:59,STABLE BEAMS,6800,434150.602177756,419736.892454115,56.1,HFOC
367758:8804,615:615,05/21/23 07:26:22,STABLE BEAMS,6800,433853.298832745,419540.527113498,56.1,HFOC
367758:8804,616:616,05/21/23 07:26:46,STABLE BEAMS,6800,433864.226925967,419506.516686854,56.1,HFOC
367758:8804,617:617,05/21/23 07:27:09,STABLE BEAMS,6800,433787.009970341,419535.291512521,56.1,HFOC
367758:8804,619:619,05/21/23 07:27:56,STABLE BEAMS,6800,433129.116846258,419004.241661597,56.0,HFOC
367758:8804,620:620,05/21/23 07:28:19,STABLE BEAMS,6800,433288.513622370,419152.029669739,56.0,HFOC
367758:8804,621:621,05/21/23 07:28:42,STABLE BEAMS,6800,433160.031601443,419058.012635647,56.0,HFOC
367758:8804,622:622,05/21/23 07:29:05,STABLE BEAMS,6800,432381.896816830,418315.890673599,56.0,HFOC
367758:8804,624:624,05/21/23 07:29:52,STABLE BEAMS,6800,431158.127537912,417100.953848865,55.8,HFOC
367758:8804,625:625,05/21/23 07:30:15,STABLE BEAMS,6800,430544.123948637,416704.397868787,55.7,HFOC
367758:8804,626:626,05/21/23 07:30:39,STABLE BEAMS,6800,429122.031223660,406042.765500253,55.6,HFOC
367758:8804,627:627,05/21/23 07:31:02,STABLE BEAMS,6800,428522.051399066,410167.090355039,55.4,HFOC
367758:8804,628:628,05/21/23 07:31:25,STABLE BEAMS,6800,428655.542906412,404542.863725864,55.4,HFOC
367758:8804,629:629,05/21/23 07:31:49,STABLE BEAMS,6800,428353.959702366,408118.881759989,55.4,HFOC
367758:8804,630:630,05/21/23 07:32:12,STABLE BEAMS,6800,427674.758195147,403632.512533519,55.3,HFOC
367758:8804,631:631,05/21/23 07:32:35,STABLE BEAMS,6800,427549.418467237,414192.432979794,55.3,HFOC
367758:8804,632:632,05/21/23 07:32:59,STABLE BEAMS,6800,427686.597739830,408376.985698939,55.3,HFOC
367758:8804,633:633,05/21/23 07:33:22,STABLE BEAMS,6800,427341.805675724,408119.928413969,55.2,HFOC
367758:8804,634:634,05/21/23 07:33:45,STABLE BEAMS,6800,426948.984082451,413678.185538414,55.2,HFOC
367758:8804,635:635,05/21/23 07:34:08,STABLE BEAMS,6800,426696.526014189,407528.326483367,55.2,HFOC
367758:8804,636:636,05/21/23 07:34:32,STABLE BEAMS,6800,426692.427979231,413612.439817162,55.1,HFOC
367758:8804,637:637,05/21/23 07:34:55,STABLE BEAMS,6800,440406.723419132,419615.331403491,55.6,HFOC
367758:8804,638:638,05/21/23 07:35:18,STABLE BEAMS,6800,448775.612458156,424771.384346091,58.0,HFOC
367758:8804,642:642,05/21/23 07:36:52,STABLE BEAMS,6800,447310.357494678,425711.918335159,57.9,HFOC
367758:8804,643:643,05/21/23 07:37:15,STABLE BEAMS,6800,447208.235302709,432236.705629475,57.8,HFOC
367758:8804,646:646,05/21/23 07:38:25,STABLE BEAMS,6800,445927.189108571,431029.097713677,57.7,HFOC
367758:8804,647:647,05/21/23 07:38:48,STABLE BEAMS,6800,444630.620266659,424243.521078664,57.6,HFOC
367758:8804,651:651,05/21/23 07:40:22,STABLE BEAMS,6800,443656.847437734,429122.849432005,57.4,HFOC
367758:8804,653:653,05/21/23 07:41:08,STABLE BEAMS,6800,442900.477927526,428675.664770893,57.3,HFOC
367758:8804,654:654,05/21/23 07:41:31,STABLE BEAMS,6800,442900.202860333,428673.070281184,57.2,HFOC
367758:8804,655:655,05/21/23 07:41:55,STABLE BEAMS,6800,443604.761833010,429158.090667783,57.4,HFOC
367758:8804,656:656,05/21/23 07:42:18,STABLE BEAMS,6800,443475.505894219,405622.353268888,57.3,HFOC
367758:8804,657:657,05/21/23 07:42:41,STABLE BEAMS,6800,443335.550307840,350485.780166897,57.3,HFOC
367758:8804,660:660,05/21/23 07:43:51,STABLE BEAMS,6800,442142.057068761,428153.813353385,57.2,HFOC
367758:8804,661:661,05/21/23 07:44:15,STABLE BEAMS,6800,441682.032830545,344645.726027670,57.1,HFOC
367758:8804,665:665,05/21/23 07:45:48,STABLE BEAMS,6800,441742.950889454,427654.270351434,57.1,HFOC
367758:8804,667:667,05/21/23 07:46:34,STABLE BEAMS,6800,441369.749978912,427127.456069065,57.1,HFOC
367758:8804,668:668,05/21/23 07:46:58,STABLE BEAMS,6800,441082.964457411,426884.105522180,57.0,HFOC
367758:8804,669:669,05/21/23 07:47:21,STABLE BEAMS,6800,440799.318897849,418235.349600880,57.0,HFOC
367758:8804,670:670,05/21/23 07:47:44,STABLE BEAMS,6800,440429.535347517,412921.265893820,56.9,HFOC
367758:8804,671:671,05/21/23 07:48:08,STABLE BEAMS,6800,440241.909217968,412906.151184680,56.9,HFOC
367758:8804,672:672,05/21/23 07:48:31,STABLE BEAMS,6800,439545.136045496,413223.441191654,56.8,HFOC
367758:8804,673:673,05/21/23 07:48:54,STABLE BEAMS,6800,438574.552131147,413214.928095143,56.8,HFOC
367758:8804,675:675,05/21/23 07:49:41,STABLE BEAMS,6800,438072.414639487,413005.131083632,56.6,HFOC
367758:8804,676:676,05/21/23 07:50:04,STABLE BEAMS,6800,437956.315304395,413073.287139438,56.6,HFOC
367758:8804,680:680,05/21/23 07:51:38,STABLE BEAMS,6800,437938.149214276,422597.926935170,56.6,HFOC
367758:8804,681:681,05/21/23 07:52:01,STABLE BEAMS,6800,437501.708491231,422297.481297142,56.6,HFOC
367758:8804,682:682,05/21/23 07:52:24,STABLE BEAMS,6800,437341.903776486,422307.952499095,56.5,HFOC
367758:8804,683:683,05/21/23 07:52:47,STABLE BEAMS,6800,436930.594404342,421025.950563015,56.5,HFOC
367758:8804,684:684,05/21/23 07:53:11,STABLE BEAMS,6800,436427.228434626,421307.001632868,56.4,HFOC
367758:8804,685:685,05/21/23 07:53:34,STABLE BEAMS,6800,435370.275752794,420823.529081999,56.3,HFOC
367758:8804,686:686,05/21/23 07:53:57,STABLE BEAMS,6800,435108.621582194,420707.476368465,56.2,HFOC
367758:8804,689:689,05/21/23 07:55:07,STABLE BEAMS,6800,433929.788492064,417786.983083270,56.1,HFOC
367758:8804,690:690,05/21/23 07:55:31,STABLE BEAMS,6800,434285.322163158,419863.281167083,56.1,HFOC
367758:8804,691:691,05/21/23 07:55:54,STABLE BEAMS,6800,434859.669455102,420340.014571727,56.2,HFOC
367758:8804,692:692,05/21/23 07:56:17,STABLE BEAMS,6800,434977.407537962,420448.190573017,56.2,HFOC
367758:8804,693:693,05/21/23 07:56:41,STABLE BEAMS,6800,435011.280431009,420583.957212399,56.2,HFOC
367758:8804,694:694,05/21/23 07:57:04,STABLE BEAMS,6800,435077.070442741,420630.898128186,56.2,HFOC
367758:8804,695:695,05/21/23 07:57:27,STABLE BEAMS,6800,435009.322325568,420570.434629468,56.2,HFOC
367758:8804,696:696,05/21/23 07:57:50,STABLE BEAMS,6800,434750.036530121,420244.948552578,56.2,HFOC
367758:8804,697:697,05/21/23 07:58:14,STABLE BEAMS,6800,434623.694438711,420116.830179804,56.2,HFOC
367758:8804,698:698,05/21/23 07:58:37,STABLE BEAMS,6800,434226.453121728,419748.729667720,56.2,HFOC
367758:8804,699:699,05/21/23 07:59:00,STABLE BEAMS,6800,434026.127279749,419706.434590200,56.1,HFOC
367758:8804,700:700,05/21/23 07:59:24,STABLE BEAMS,6800,434316.055094267,414636.020787697,56.2,HFOC
367758:8804,702:702,05/21/23 08:00:10,STABLE BEAMS,6800,433685.843520313,419316.205155557,56.1,HFOC
367758:8804,705:705,05/21/23 08:01:20,STABLE BEAMS,6800,433217.716455297,406964.907284645,56.0,HFOC
367758:8804,706:706,05/21/23 08:01:44,STABLE BEAMS,6800,433045.253987524,418974.783830103,56.0,HFOC
367758:8804,707:707,05/21/23 08:02:07,STABLE BEAMS,6800,432864.047646527,410757.188740392,56.0,HFOC
367758:8804,708:708,05/21/23 08:02:30,STABLE BEAMS,6800,432595.199769510,412645.543668060,55.9,HFOC
367758:8804,709:709,05/21/23 08:02:54,STABLE BEAMS,6800,432378.847766929,418255.156769844,55.9,HFOC
367758:8804,711:711,05/21/23 08:03:40,STABLE BEAMS,6800,431644.921874797,417729.114074262,55.8,HFOC
367758:8804,714:714,05/21/23 08:04:50,STABLE BEAMS,6800,430581.731228489,416986.856909695,55.7,HFOC
367758:8804,716:716,05/21/23 08:05:37,STABLE BEAMS,6800,429316.804438068,415814.534520155,55.5,HFOC
367758:8804,719:719,05/21/23 08:06:47,STABLE BEAMS,6800,427928.447072543,409784.054626813,55.4,HFOC
367758:8804,720:720,05/21/23 08:07:10,STABLE BEAMS,6800,428088.524523403,414639.116459156,55.3,HFOC
367758:8804,721:721,05/21/23 08:07:33,STABLE BEAMS,6800,428646.983188342,415030.026568547,55.4,HFOC
367758:8804,722:722,05/21/23 08:07:57,STABLE BEAMS,6800,428442.330865770,414882.513627599,55.4,HFOC
367758:8804,723:723,05/21/23 08:08:20,STABLE BEAMS,6800,428229.027913089,409791.749514980,55.4,HFOC
367758:8804,724:724,05/21/23 08:08:43,STABLE BEAMS,6800,427844.127322539,414385.702648953,55.3,HFOC
367758:8804,725:725,05/21/23 08:09:07,STABLE BEAMS,6800,427568.813035412,414082.070427428,55.3,HFOC
367758:8804,727:727,05/21/23 08:09:53,STABLE BEAMS,6800,427972.609343466,414418.939157732,55.3,HFOC
367758:8804,728:728,05/21/23 08:10:16,STABLE BEAMS,6800,428063.073814829,409636.770131499,55.3,HFOC
367758:8804,729:729,05/21/23 08:10:40,STABLE BEAMS,6800,427773.738094099,414225.804691092,55.3,HFOC
367758:8804,730:730,05/21/23 08:11:03,STABLE BEAMS,6800,427208.726769168,413555.347057097,55.2,HFOC
367758:8804,731:731,05/21/23 08:11:26,STABLE BEAMS,6800,427098.818776993,413764.551974819,55.2,HFOC
367758:8804,732:732,05/21/23 08:11:50,STABLE BEAMS,6800,427145.211889472,413904.463270717,55.2,HFOC
367758:8804,733:733,05/21/23 08:12:13,STABLE BEAMS,6800,426902.315902779,413750.120271505,55.2,HFOC
367758:8804,734:734,05/21/23 08:12:36,STABLE BEAMS,6800,426868.853279443,413844.682777826,55.2,HFOC
367758:8804,735:735,05/21/23 08:13:00,STABLE BEAMS,6800,426717.286594017,413765.507716760,55.2,HFOC
367758:8804,736:736,05/21/23 08:13:23,STABLE BEAMS,6800,426541.362475554,413448.718891536,55.1,HFOC
367758:8804,737:737,05/21/23 08:13:46,STABLE BEAMS,6800,426889.522947233,413898.588954395,55.1,HFOC
367758:8804,738:738,05/21/23 08:14:10,STABLE BEAMS,6800,439842.486012065,424146.909554864,55.7,HFOC
367758:8804,741:741,05/21/23 08:15:19,STABLE BEAMS,6800,445309.089815415,428931.127598576,57.6,HFOC
367758:8804,742:742,05/21/23 08:15:43,STABLE BEAMS,6800,444973.953075995,428307.473346771,57.5,HFOC
367758:8804,743:743,05/21/23 08:16:06,STABLE BEAMS,6800,444908.801779610,427904.544199698,57.5,HFOC
367758:8804,744:744,05/21/23 08:16:29,STABLE BEAMS,6800,444512.381002049,429944.463481715,57.5,HFOC
367758:8804,745:745,05/21/23 08:16:53,STABLE BEAMS,6800,444339.962824757,429747.869695463,57.5,HFOC
367758:8804,746:746,05/21/23 08:17:16,STABLE BEAMS,6800,444144.553226080,429566.665685543,57.4,HFOC
367758:8804,747:747,05/21/23 08:17:39,STABLE BEAMS,6800,443971.997515191,165775.675226384,57.4,HFOC
367758:8804,748:748,05/21/23 08:18:03,STABLE BEAMS,6800,443850.618288643,429179.578543918,57.4,HFOC
367758:8804,749:749,05/21/23 08:18:26,STABLE BEAMS,6800,443648.061605108,429112.926033361,57.4,HFOC
367758:8804,750:750,05/21/23 08:18:49,STABLE BEAMS,6800,443165.591417738,428839.614142155,57.3,HFOC
367758:8804,751:751,05/21/23 08:19:13,STABLE BEAMS,6800,443110.638587190,428758.254861091,57.3,HFOC
367758:8804,752:752,05/21/23 08:19:36,STABLE BEAMS,6800,442879.852550217,428662.689991270,57.3,HFOC
367758:8804,753:753,05/21/23 08:19:59,STABLE BEAMS,6800,442656.987515967,428413.101479910,57.2,HFOC
367758:8804,754:754,05/21/23 08:20:23,STABLE BEAMS,6800,442274.317766973,427971.744513563,57.2,HFOC
367758:8804,755:755,05/21/23 08:20:46,STABLE BEAMS,6800,442211.033663990,427904.178220467,57.2,HFOC
367758:8804,756:756,05/21/23 08:21:09,STABLE BEAMS,6800,441915.641802861,425833.344183265,57.1,HFOC
367758:8804,757:757,05/21/23 08:21:32,STABLE BEAMS,6800,441568.166668086,338364.130766940,57.1,HFOC
367758:8804,758:758,05/21/23 08:21:56,STABLE BEAMS,6800,441252.331253725,425224.440992448,57.0,HFOC
367758:8804,759:759,05/21/23 08:22:19,STABLE BEAMS,6800,441335.284992077,425266.691779488,57.0,HFOC
367758:8804,760:760,05/21/23 08:22:42,STABLE BEAMS,6800,441292.260287172,425464.789110989,57.0,HFOC
367758:8804,761:761,05/21/23 08:23:06,STABLE BEAMS,6800,440656.039194377,424780.398624353,57.0,HFOC
367758:8804,762:762,05/21/23 08:23:29,STABLE BEAMS,6800,440264.674524795,424346.554722095,56.9,HFOC
367758:8804,763:763,05/21/23 08:23:52,STABLE BEAMS,6800,440668.834481002,424075.156645849,56.9,HFOC
367758:8804,764:764,05/21/23 08:24:16,STABLE BEAMS,6800,440489.814691080,424732.091696913,56.9,HFOC
367758:8804,765:765,05/21/23 08:24:39,STABLE BEAMS,6800,440052.600050171,423732.732956896,56.9,HFOC
367758:8804,766:766,05/21/23 08:25:02,STABLE BEAMS,6800,439322.863105035,423783.634374044,56.8,HFOC
367758:8804,767:767,05/21/23 08:25:26,STABLE BEAMS,6800,438961.047178984,423491.748454086,56.8,HFOC
367696:8786,1:1,05/18/23 14:31:37,STABLE BEAMS,6800,450212.458575197,391871.497203114,58.2,PLTZERO
367696:8786,2:2,05/18/23 14:32:01,STABLE BEAMS,6800,449904.684028234,373840.155042575,58.2,PLTZERO
367696:8786,3:3,05/18/23 14:32:24,STABLE BEAMS,6800,449729.261091521,423666.262270416,58.1,PLTZERO
367696:8786,4:4,05/18/23 14:32:47,STABLE BEAMS,6800,449358.472846611,428685.408676539,58.1,PLTZERO
367696:8786,5:5,05/18/23 14:33:11,STABLE BEAMS,6800,449046.646886248,326275.328585752,58.1,PLTZERO
367696:8786,6:6,05/18/23 14:33:34,STABLE BEAMS,6800,448995.288577830,266120.110259387,58.0,PLTZERO
367696:8786,7:7,05/18/23 14:33:57,STABLE BEAMS,6800,448967.835473335,424424.270528392,58.1,PLTZERO
367696:8786,8:8,05/18/23 14:34:21,STABLE BEAMS,6800,448625.640230017,417020.459397705,58.0,PLTZERO
367696:8786,9:9,05/18/23 14:34:44,STABLE BEAMS,6800,448511.727446000,429583.603297606,58.0,PLTZERO
367696:8786,10:10,05/18/23 14:35:07,STABLE BEAMS,6800,448298.697229435,383310.932952219,58.0,PLTZERO
367696:8786,11:11,05/18/23 14:35:30,STABLE BEAMS,6800,447855.428779205,330140.342003233,57.9,PLTZERO
367696:8786,12:12,05/18/23 14:35:54,STABLE BEAMS,6800,447421.493964909,430700.515965328,57.9,PLTZERO
367696:8786,13:13,05/18/23 14:36:17,STABLE BEAMS,6800,446958.418345714,432570.569600359,57.8,PLTZERO
367696:8786,14:14,05/18/23 14:36:40,STABLE BEAMS,6800,446642.995532142,428194.835662369,57.7,PLTZERO
367696:8786,15:15,05/18/23 14:37:04,STABLE BEAMS,6800,446437.932939858,433054.039820150,57.7,PLTZERO
367696:8786,16:16,05/18/23 14:37:27,STABLE BEAMS,6800,446201.137384045,301087.987524522,57.7,PLTZERO
367696:8786,17:17,05/18/23 14:37:50,STABLE BEAMS,6800,446041.605405415,432601.164997871,57.7,PLTZERO
367696:8786,18:18,05/18/23 14:38:14,STABLE BEAMS,6800,445885.031564647,432509.742453488,57.6,PLTZERO
367696:8786,19:19,05/18/23 14:38:37,STABLE BEAMS,6800,445704.097959764,425934.601545332,57.6,PLTZERO
367696:8786,20:20,05/18/23 14:39:00,STABLE BEAMS,6800,445502.769754286,431997.544029587,57.6,PLTZERO
367696:8786,21:21,05/18/23 14:39:24,STABLE BEAMS,6800,445132.347488607,425504.624901319,57.5,PLTZERO
367696:8786,22:22,05/18/23 14:39:47,STABLE BEAMS,6800,444462.572860439,430993.131512671,57.5,PLTZERO
367696:8786,23:23,05/18/23 14:40:10,STABLE BEAMS,6800,444114.095362165,430530.055893476,57.1,PLTZERO
367696:8786,24:24,05/18/23 14:40:33,STABLE BEAMS,6800,444105.307198460,431014.801212882,57.4,PLTZERO
367696:8786,25:25,05/18/23 14:40:57,STABLE BEAMS,6800,443880.759125963,430913.317736259,57.4,PLTZERO
367696:8786,26:26,05/18/23 14:41:20,STABLE BEAMS,6800,443834.911485714,424871.912080773,57.4,PLTZERO
367696:8786,27:27,05/18/23 14:41:43,STABLE BEAMS,6800,443546.258770811,430611.508417656,57.3,PLTZERO
367696:8786,28:28,05/18/23 14:42:07,STABLE BEAMS,6800,443253.827378623,430347.213135789,57.3,PLTZERO
367696:8786,29:29,05/18/23 14:42:30,STABLE BEAMS,6800,443075.080324817,424000.079619742,57.3,PLTZERO
367696:8786,30:30,05/18/23 14:42:53,STABLE BEAMS,6800,442709.301566326,429876.580162024,57.2,PLTZERO
367696:8786,31:31,05/18/23 14:43:17,STABLE BEAMS,6800,442705.431977003,429909.588225168,57.2,PLTZERO
367696:8786,32:32,05/18/23 14:43:40,STABLE BEAMS,6800,442722.232055469,429964.314941160,57.2,PLTZERO
367696:8786,33:33,05/18/23 14:44:03,STABLE BEAMS,6800,453334.282396949,433643.821178908,57.5,PLTZERO
367696:8786,34:34,05/18/23 14:44:27,STABLE BEAMS,6800,463210.176004741,446176.369681297,59.8,PLTZERO
367696:8786,35:35,05/18/23 14:44:50,STABLE BEAMS,6800,462819.855658060,446780.491831330,59.9,PLTZERO
367696:8786,36:36,05/18/23 14:45:13,STABLE BEAMS,6800,462185.410846630,445743.936081172,59.8,PLTZERO
367696:8786,37:37,05/18/23 14:45:37,STABLE BEAMS,6800,461568.906010762,431182.666795025,59.7,PLTZERO
367696:8786,38:38,05/18/23 14:46:00,STABLE BEAMS,6800,460870.992941194,445107.761609936,59.6,PLTZERO
367696:8786,39:39,05/18/23 14:46:23,STABLE BEAMS,6800,460481.584045974,444705.559759170,59.5,PLTZERO
367696:8786,40:40,05/18/23 14:46:46,STABLE BEAMS,6800,459853.241996501,444341.783396601,59.5,PLTZERO
367696:8786,41:41,05/18/23 14:47:10,STABLE BEAMS,6800,459221.118938665,443653.842678314,59.4,PLTZERO
367696:8786,42:42,05/18/23 14:47:33,STABLE BEAMS,6800,458539.686589891,443357.131427091,59.3,PLTZERO
367696:8786,43:43,05/18/23 14:47:56,STABLE BEAMS,6800,457778.626950936,442749.685159964,59.2,PLTZERO
367696:8786,44:44,05/18/23 14:48:20,STABLE BEAMS,6800,457365.133358795,299925.770357703,59.1,PLTZERO
367696:8786,45:45,05/18/23 14:48:43,STABLE BEAMS,6800,457126.563852695,272890.844921375,59.1,PLTZERO
367696:8786,46:46,05/18/23 14:49:06,STABLE BEAMS,6800,456951.777300250,441953.794554943,59.1,PLTZERO
367696:8786,47:47,05/18/23 14:49:30,STABLE BEAMS,6800,456618.414511117,441705.070873487,59.1,PLTZERO
367696:8786,48:48,05/18/23 14:49:53,STABLE BEAMS,6800,456523.213289449,349578.300862532,59.0,PLTZERO
367696:8786,49:49,05/18/23 14:50:16,STABLE BEAMS,6800,456076.028628337,441323.629602548,59.0,PLTZERO
367696:8786,50:50,05/18/23 14:50:40,STABLE BEAMS,6800,455615.004357699,434659.250370007,58.9,PLTZERO
367696:8786,51:51,05/18/23 14:51:03,STABLE BEAMS,6800,455055.545660339,440643.111036313,58.8,PLTZERO
367696:8786,52:52,05/18/23 14:51:26,STABLE BEAMS,6800,454611.412380206,440241.091009623,58.8,PLTZERO
367696:8786,53:53,05/18/23 14:51:49,STABLE BEAMS,6800,454293.029097694,439966.869998034,58.8,PLTZERO
367696:8786,54:54,05/18/23 14:52:13,STABLE BEAMS,6800,453570.119879743,439379.228568794,58.7,PLTZERO
367696:8786,55:55,05/18/23 14:52:36,STABLE BEAMS,6800,452788.800842711,438575.097603377,58.6,PLTZERO
367696:8786,56:56,05/18/23 14:52:59,STABLE BEAMS,6800,452152.626371475,438193.064238650,58.5,PLTZERO
367696:8786,57:57,05/18/23 14:53:23,STABLE BEAMS,6800,451594.396152171,437694.889579430,58.4,PLTZERO
367696:8786,58:58,05/18/23 14:53:46,STABLE BEAMS,6800,451289.852479185,437384.518211680,58.4,PLTZERO
367696:8786,59:59,05/18/23 14:54:09,STABLE BEAMS,6800,450854.278917121,436759.225212107,58.3,PLTZERO
367696:8786,60:60,05/18/23 14:54:33,STABLE BEAMS,6800,450023.967615745,436098.509152680,58.2,PLTZERO
367696:8786,61:61,05/18/23 14:54:56,STABLE BEAMS,6800,449647.125561515,435807.033502433,58.1,PLTZERO
367696:8786,62:62,05/18/23 14:55:19,STABLE BEAMS,6800,449699.483902354,435969.616862042,58.1,PLTZERO
367696:8786,63:63,05/18/23 14:55:43,STABLE BEAMS,6800,450296.640791605,436539.730916509,58.2,PLTZERO
367696:8786,64:64,05/18/23 14:56:06,STABLE BEAMS,6800,450532.252159842,436592.406283944,58.2,PLTZERO
367696:8786,65:65,05/18/23 14:56:29,STABLE BEAMS,6800,450834.655903311,436849.780595509,58.3,PLTZERO
367696:8786,66:66,05/18/23 14:56:53,STABLE BEAMS,6800,450870.533523357,436984.274466354,58.3,PLTZERO
367696:8786,67:67,05/18/23 14:57:16,STABLE BEAMS,6800,450987.495357274,437209.549835158,58.3,PLTZERO
367696:8786,68:68,05/18/23 14:57:39,STABLE BEAMS,6800,451438.687141306,437439.790399901,58.3,PLTZERO
367696:8786,69:69,05/18/23 14:58:02,STABLE BEAMS,6800,451679.307995963,437382.970375950,58.4,PLTZERO
367696:8786,70:70,05/18/23 14:58:26,STABLE BEAMS,6800,451630.045326582,437517.918806987,58.4,PLTZERO
367696:8786,71:71,05/18/23 14:58:49,STABLE BEAMS,6800,451068.400078146,437171.669819191,58.3,PLTZERO
367696:8786,72:72,05/18/23 14:59:12,STABLE BEAMS,6800,450680.949288367,436796.149486133,58.3,PLTZERO
367696:8786,73:73,05/18/23 14:59:36,STABLE BEAMS,6800,450425.987642434,436715.016319626,58.2,PLTZERO
367696:8786,74:74,05/18/23 14:59:59,STABLE BEAMS,6800,450381.734459473,436646.130636436,58.2,PLTZERO
367696:8786,75:75,05/18/23 15:00:22,STABLE BEAMS,6800,450474.886663662,436655.827920523,58.2,PLTZERO
367696:8786,76:76,05/18/23 15:00:46,STABLE BEAMS,6800,450396.804878133,436659.380483252,58.2,PLTZERO
367696:8786,77:77,05/18/23 15:01:09,STABLE BEAMS,6800,450492.050390281,436588.900342774,58.2,PLTZERO
367696:8786,78:78,05/18/23 15:01:32,STABLE BEAMS,6800,450485.812425806,436686.651763670,58.2,PLTZERO
367696:8786,79:79,05/18/23 15:01:56,STABLE BEAMS,6800,450342.989613603,425990.190760148,58.2,PLTZERO
367696:8786,80:80,05/18/23 15:02:19,STABLE BEAMS,6800,450125.770450041,431279.187406787,58.2,PLTZERO
367696:8786,81:81,05/18/23 15:02:42,STABLE BEAMS,6800,450092.580562820,428105.825783619,58.2,PLTZERO
367696:8786,82:82,05/18/23 15:03:06,STABLE BEAMS,6800,450035.487802755,424584.532134407,58.2,PLTZERO
367696:8786,83:83,05/18/23 15:03:29,STABLE BEAMS,6800,449890.522729957,430040.576154844,58.2,PLTZERO
367696:8786,84:84,05/18/23 15:03:52,STABLE BEAMS,6800,449821.364310652,427738.226453285,58.1,PLTZERO
367696:8786,85:85,05/18/23 15:04:15,STABLE BEAMS,6800,449776.337209826,434792.149783565,58.2,PLTZERO
367696:8786,86:86,05/18/23 15:04:39,STABLE BEAMS,6800,449052.199513819,424236.236460209,58.1,PLTZERO
367696:8786,87:87,05/18/23 15:05:02,STABLE BEAMS,6800,448942.247231165,435478.451754084,58.0,PLTZERO
367696:8786,88:88,05/18/23 15:05:25,STABLE BEAMS,6800,448637.342241103,426840.306899411,58.0,PLTZERO
367696:8786,89:89,05/18/23 15:05:49,STABLE BEAMS,6800,448231.224179456,429820.443143900,58.0,PLTZERO
367696:8786,90:90,05/18/23 15:06:12,STABLE BEAMS,6800,448111.073430964,434468.076339885,57.9,PLTZERO
367696:8786,91:91,05/18/23 15:06:35,STABLE BEAMS,6800,447860.209819989,428319.811742126,57.9,PLTZERO
367696:8786,93:93,05/18/23 15:07:22,STABLE BEAMS,6800,447178.050174908,434003.909776230,57.8,PLTZERO
367696:8786,94:94,05/18/23 15:07:45,STABLE BEAMS,6800,446590.728103341,275840.250565834,57.8,PLTZERO
367696:8786,95:95,05/18/23 15:08:09,STABLE BEAMS,6800,446356.207679564,433457.015588781,57.7,PLTZERO
367696:8786,96:96,05/18/23 15:08:32,STABLE BEAMS,6800,445709.151736664,425844.179033371,57.7,PLTZERO
367696:8786,97:97,05/18/23 15:08:55,STABLE BEAMS,6800,444976.137295993,432053.953783827,57.5,PLTZERO
367696:8786,98:98,05/18/23 15:09:18,STABLE BEAMS,6800,444330.218919111,431726.008419746,57.5,PLTZERO
367696:8786,99:99,05/18/23 15:09:42,STABLE BEAMS,6800,443671.372384164,430986.028718292,57.4,PLTZERO
367696:8786,100:100,05/18/23 15:10:05,STABLE BEAMS,6800,442998.317929383,430422.061716262,57.3,PLTZERO
367696:8786,102:102,05/18/23 15:10:52,STABLE BEAMS,6800,441887.459070982,429371.575444540,57.1,PLTZERO
367696:8786,103:103,05/18/23 15:11:15,STABLE BEAMS,6800,441735.848095075,429314.799711070,57.1,PLTZERO
367696:8786,104:104,05/18/23 15:11:38,STABLE BEAMS,6800,441295.631025823,428896.935347855,57.1,PLTZERO
367696:8786,106:106,05/18/23 15:12:25,STABLE BEAMS,6800,439454.806776652,426697.118107977,56.9,PLTZERO
367696:8786,108:108,05/18/23 15:13:12,STABLE BEAMS,6800,437749.385518709,311066.889133887,56.6,PLTZERO
367696:8786,109:109,05/18/23 15:13:35,STABLE BEAMS,6800,436966.243578754,424979.724433910,56.5,PLTZERO
367696:8786,110:110,05/18/23 15:13:58,STABLE BEAMS,6800,436224.077326225,424353.291537242,56.4,PLTZERO
367696:8786,111:111,05/18/23 15:14:22,STABLE BEAMS,6800,435452.956755030,423801.982288240,56.3,PLTZERO
367696:8786,112:112,05/18/23 15:14:45,STABLE BEAMS,6800,434882.388140371,423001.995979339,56.2,PLTZERO
367696:8786,113:113,05/18/23 15:15:08,STABLE BEAMS,6800,434331.990342830,418635.959325437,56.2,PLTZERO
367696:8786,114:114,05/18/23 15:15:31,STABLE BEAMS,6800,433625.974446462,422153.201561249,56.1,PLTZERO
367696:8786,115:115,05/18/23 15:15:55,STABLE BEAMS,6800,432798.122432277,421265.888411846,56.0,PLTZERO
367696:8786,116:116,05/18/23 15:16:18,STABLE BEAMS,6800,432004.735404926,420681.116539508,55.9,PLTZERO
367696:8786,117:117,05/18/23 15:16:41,STABLE BEAMS,6800,431021.267622992,419656.808272666,55.8,PLTZERO
367696:8786,118:118,05/18/23 15:17:05,STABLE BEAMS,6800,430259.387444615,412809.994221071,55.6,PLTZERO
367696:8786,119:119,05/18/23 15:17:28,STABLE BEAMS,6800,429912.868051782,320091.780792812,55.6,PLTZERO
367696:8786,120:120,05/18/23 15:17:51,STABLE BEAMS,6800,429788.437444255,418487.080372835,55.5,PLTZERO
367696:8786,121:121,05/18/23 15:18:15,STABLE BEAMS,6800,429301.458952215,418085.878554491,55.5,PLTZERO
367696:8786,122:122,05/18/23 15:18:38,STABLE BEAMS,6800,428615.658163446,417461.224270264,55.5,PLTZERO
367696:8786,123:123,05/18/23 15:19:01,STABLE BEAMS,6800,428588.615328662,417308.018837070,55.3,PLTZERO
367696:8786,124:124,05/18/23 15:19:25,STABLE BEAMS,6800,441514.805963748,428484.353207175,55.9,PLTZERO
367696:8786,125:125,05/18/23 15:19:48,STABLE BEAMS,6800,447674.224769286,434176.735892156,58.0,PLTZERO
367696:8786,126:126,05/18/23 15:20:11,STABLE BEAMS,6800,447034.544356879,324271.489727559,57.8,PLTZERO
367696:8786,128:128,05/18/23 15:20:58,STABLE BEAMS,6800,445637.445449208,432404.524590060,57.7,PLTZERO
367696:8786,129:129,05/18/23 15:21:21,STABLE BEAMS,6800,444412.489651636,431320.801809559,57.5,PLTZERO
367696:8786,130:130,05/18/23 15:21:44,STABLE BEAMS,6800,443481.060852868,430396.475805170,57.4,PLTZERO
367696:8786,133:133,05/18/23 15:22:54,STABLE BEAMS,6800,442558.191772169,429925.933743443,57.2,PLTZERO
367696:8786,134:134,05/18/23 15:23:18,STABLE BEAMS,6800,442653.027014606,429948.016044443,57.2,PLTZERO
367696:8786,135:135,05/18/23 15:23:41,STABLE BEAMS,6800,443029.370218164,403006.627440158,57.2,PLTZERO
367696:8786,138:138,05/18/23 15:24:51,STABLE BEAMS,6800,443986.886109775,429863.787206478,57.4,PLTZERO
367696:8786,139:139,05/18/23 15:25:14,STABLE BEAMS,6800,443834.592128041,429838.746767615,57.3,PLTZERO
367696:8786,140:140,05/18/23 15:25:38,STABLE BEAMS,6800,445281.044617132,430982.748891679,57.5,PLTZERO
367696:8786,141:141,05/18/23 15:26:01,STABLE BEAMS,6800,446509.277910239,432129.485370126,57.7,PLTZERO
367696:8786,142:142,05/18/23 15:26:24,STABLE BEAMS,6800,445254.773369135,430988.168647810,57.6,PLTZERO
367696:8786,145:145,05/18/23 15:27:34,STABLE BEAMS,6800,444531.593746148,430697.285091351,57.5,PLTZERO
367696:8786,146:146,05/18/23 15:27:57,STABLE BEAMS,6800,444054.906963062,430137.961596509,57.4,PLTZERO
367696:8786,147:147,05/18/23 15:28:21,STABLE BEAMS,6800,443890.318876454,429913.914705761,57.4,PLTZERO
367696:8786,148:148,05/18/23 15:28:44,STABLE BEAMS,6800,443480.832407233,429579.868910801,57.3,PLTZERO
367696:8786,149:149,05/18/23 15:29:07,STABLE BEAMS,6800,442732.612345383,383182.404309734,57.3,PLTZERO
367696:8786,150:150,05/18/23 15:29:31,STABLE BEAMS,6800,442354.266745904,167826.010696914,57.2,PLTZERO
367696:8786,151:151,05/18/23 15:29:54,STABLE BEAMS,6800,442362.190079705,428657.181654179,57.2,PLTZERO
367696:8786,152:152,05/18/23 15:30:17,STABLE BEAMS,6800,442847.161513668,428687.003133827,57.2,PLTZERO
367696:8786,153:153,05/18/23 15:30:41,STABLE BEAMS,6800,443393.918167520,429473.604393393,57.3,PLTZERO
367696:8786,154:154,05/18/23 15:31:04,STABLE BEAMS,6800,444049.123558778,430054.735122043,57.3,PLTZERO
367696:8786,155:155,05/18/23 15:31:27,STABLE BEAMS,6800,444490.799882799,424363.035442888,57.4,PLTZERO
367696:8786,156:156,05/18/23 15:31:51,STABLE BEAMS,6800,444621.377542763,424404.421400025,57.5,PLTZERO
367696:8786,157:157,05/18/23 15:32:14,STABLE BEAMS,6800,444737.884816488,396970.501676129,57.5,PLTZERO
367696:8786,158:158,05/18/23 15:32:37,STABLE BEAMS,6800,444924.235846423,253545.721239669,57.5,PLTZERO
367696:8786,159:159,05/18/23 15:33:00,STABLE BEAMS,6800,445337.044101660,426205.088170116,57.5,PLTZERO
367696:8786,160:160,05/18/23 15:33:24,STABLE BEAMS,6800,445480.734074843,426452.082191767,57.6,PLTZERO
367696:8786,161:161,05/18/23 15:33:47,STABLE BEAMS,6800,445570.608783496,425065.407864489,57.6,PLTZERO
367696:8786,162:162,05/18/23 15:34:10,STABLE BEAMS,6800,445819.376755434,423490.519976030,57.6,PLTZERO
367696:8786,163:163,05/18/23 15:34:34,STABLE BEAMS,6800,446231.322511845,425894.171330136,57.6,PLTZERO
367696:8786,164:164,05/18/23 15:34:57,STABLE BEAMS,6800,446099.744819460,426869.853311865,57.7,PLTZERO
367696:8786,165:165,05/18/23 15:35:20,STABLE BEAMS,6800,445954.234274432,431013.572734826,57.6,PLTZERO
367696:8786,166:166,05/18/23 15:35:44,STABLE BEAMS,6800,445602.978131294,431331.774193261,57.6,PLTZERO
367696:8786,167:167,05/18/23 15:36:07,STABLE BEAMS,6800,445279.634314999,431216.768133707,57.6,PLTZERO
367696:8786,168:168,05/18/23 15:36:30,STABLE BEAMS,6800,445186.391198772,431093.703537833,57.5,PLTZERO
367696:8786,169:169,05/18/23 15:36:54,STABLE BEAMS,6800,445298.937971136,424975.171838761,57.6,PLTZERO
367696:8786,170:170,05/18/23 15:37:17,STABLE BEAMS,6800,445017.478962650,431161.906215197,57.5,PLTZERO
367696:8786,171:171,05/18/23 15:37:40,STABLE BEAMS,6800,444837.410187671,426218.473219450,57.5,PLTZERO
367696:8786,172:172,05/18/23 15:38:04,STABLE BEAMS,6800,444348.294097192,430498.141105869,57.5,PLTZERO
367696:8786,174:174,05/18/23 15:38:50,STABLE BEAMS,6800,443131.718524691,423346.375442655,57.3,PLTZERO
367696:8786,175:175,05/18/23 15:39:13,STABLE BEAMS,6800,442751.414819770,429284.341847154,57.2,PLTZERO
367696:8786,176:176,05/18/23 15:39:37,STABLE BEAMS,6800,442241.673351982,428406.954427473,57.2,PLTZERO
367696:8786,177:177,05/18/23 15:40:00,STABLE BEAMS,6800,441766.033222875,428561.798608435,57.1,PLTZERO
367696:8786,179:179,05/18/23 15:40:47,STABLE BEAMS,6800,440362.015675980,427054.246236359,56.9,PLTZERO
367696:8786,181:181,05/18/23 15:41:33,STABLE BEAMS,6800,439343.761218459,420035.242453106,56.8,PLTZERO
367696:8786,182:182,05/18/23 15:41:57,STABLE BEAMS,6800,438866.983523335,425798.105278565,56.8,PLTZERO
367696:8786,183:183,05/18/23 15:42:20,STABLE BEAMS,6800,438413.425695229,425311.765501872,56.7,PLTZERO
367696:8786,184:184,05/18/23 15:42:43,STABLE BEAMS,6800,437550.607512458,423999.942086145,56.6,PLTZERO
367696:8786,185:185,05/18/23 15:43:07,STABLE BEAMS,6800,437218.930092650,424415.713141400,56.5,PLTZERO
367696:8786,186:186,05/18/23 15:43:30,STABLE BEAMS,6800,437006.354436277,424301.616202229,56.5,PLTZERO
367696:8786,187:187,05/18/23 15:43:53,STABLE BEAMS,6800,436826.516438010,423902.876002153,56.4,PLTZERO
367696:8786,189:189,05/18/23 15:44:40,STABLE BEAMS,6800,439289.582305776,426290.454574099,56.5,PLTZERO
367696:8786,190:190,05/18/23 15:45:03,STABLE BEAMS,6800,413911.155795384,397410.175604229,54.1,PLTZERO
367696:8786,191:191,05/18/23 15:45:26,STABLE BEAMS,6800,388536.006780529,379714.949235831,56.4,PLTZERO
367696:8786,192:192,05/18/23 15:45:50,STABLE BEAMS,6800,436753.579341420,423774.892831898,56.6,PLTZERO
367696:8786,193:193,05/18/23 15:46:13,STABLE BEAMS,6800,384585.785472362,376016.523969801,56.1,PLTZERO
367696:8786,194:194,05/18/23 15:46:36,STABLE BEAMS,6800,443873.110859355,429992.817030712,56.5,PLTZERO
367696:8786,195:195,05/18/23 15:47:00,STABLE BEAMS,6800,449751.205858925,435011.189518971,58.1,PLTZERO
367696:8786,196:196,05/18/23 15:47:23,STABLE BEAMS,6800,449537.128988380,434684.838612177,58.1,PLTZERO
367696:8786,197:197,05/18/23 15:47:46,STABLE BEAMS,6800,449323.280563470,434485.149154466,58.1,PLTZERO
367696:8786,198:198,05/18/23 15:48:10,STABLE BEAMS,6800,449205.815216725,434388.218272992,58.1,PLTZERO
367696:8786,199:199,05/18/23 15:48:33,STABLE BEAMS,6800,449066.496014615,434180.561191000,58.1,PLTZERO
367696:8786,200:200,05/18/23 15:48:56,STABLE BEAMS,6800,449087.986221827,434463.022562985,58.1,PLTZERO
367696:8786,202:202,05/18/23 15:49:43,STABLE BEAMS,6800,448767.325476201,433848.564413518,58.0,PLTZERO
367696:8786,203:203,05/18/23 15:50:06,STABLE BEAMS,6800,448026.480944845,433576.849310678,58.0,PLTZERO
367696:8786,204:204,05/18/23 15:50:29,STABLE BEAMS,6800,447817.457851199,433402.200291829,57.9,PLTZERO
367696:8786,205:205,05/18/23 15:50:53,STABLE BEAMS,6800,447618.586601833,433192.037301088,57.9,PLTZERO
367696:8786,206:206,05/18/23 15:51:16,STABLE BEAMS,6800,447590.315288993,433255.004377476,57.8,PLTZERO
367696:8786,207:207,05/18/23 15:51:39,STABLE BEAMS,6800,446720.165866209,432286.422859047,57.8,PLTZERO
367696:8786,208:208,05/18/23 15:52:03,STABLE BEAMS,6800,446525.849543071,432303.041113437,57.7,PLTZERO
367696:8786,209:209,05/18/23 15:52:26,STABLE BEAMS,6800,447198.036836871,433048.121213348,57.8,PLTZERO
367696:8786,210:210,05/18/23 15:52:49,STABLE BEAMS,6800,446884.434595144,432706.016882068,57.8,PLTZERO
367696:8786,211:211,05/18/23 15:53:13,STABLE BEAMS,6800,446701.999776090,432722.362400342,57.7,PLTZERO
367696:8786,212:212,05/18/23 15:53:36,STABLE BEAMS,6800,446183.381563637,432246.722271236,57.7,PLTZERO
367696:8786,214:214,05/18/23 15:54:23,STABLE BEAMS,6800,445820.425740491,432010.427897172,57.7,PLTZERO
367696:8786,215:215,05/18/23 15:54:46,STABLE BEAMS,6800,445169.999058940,431521.628833288,57.6,PLTZERO
367696:8786,216:216,05/18/23 15:55:09,STABLE BEAMS,6800,445023.078211779,430748.048974903,57.5,PLTZERO
367696:8786,217:217,05/18/23 15:55:33,STABLE BEAMS,6800,444694.906733141,431148.931435574,57.5,PLTZERO
367696:8786,219:219,05/18/23 15:56:19,STABLE BEAMS,6800,443795.255188383,430177.207624129,57.3,PLTZERO
367696:8786,220:220,05/18/23 15:56:42,STABLE BEAMS,6800,444173.645078343,430535.338116010,57.4,PLTZERO
367696:8786,221:221,05/18/23 15:57:06,STABLE BEAMS,6800,444050.354367912,430493.222531489,57.4,PLTZERO
367696:8786,222:222,05/18/23 15:57:29,STABLE BEAMS,6800,443489.301213264,429891.923316799,57.4,PLTZERO
367696:8786,223:223,05/18/23 15:57:52,STABLE BEAMS,6800,442953.381740595,429624.397160955,57.3,PLTZERO
367696:8786,224:224,05/18/23 15:58:16,STABLE BEAMS,6800,443269.214823878,238299.219947761,57.2,PLTZERO
367696:8786,225:225,05/18/23 15:58:39,STABLE BEAMS,6800,443355.082409612,429978.655732435,57.3,PLTZERO
367696:8786,226:226,05/18/23 15:59:02,STABLE BEAMS,6800,443286.014902345,430035.158729791,57.3,PLTZERO
367696:8786,227:227,05/18/23 15:59:26,STABLE BEAMS,6800,443133.767542170,429715.453726106,57.3,PLTZERO
367696:8786,228:228,05/18/23 15:59:49,STABLE BEAMS,6800,443706.611288864,430268.448344434,57.4,PLTZERO
367696:8786,229:229,05/18/23 16:00:12,STABLE BEAMS,6800,442868.971078553,429512.577684898,57.3,PLTZERO
367696:8786,231:231,05/18/23 16:00:59,STABLE BEAMS,6800,464182.899848608,446614.358240071,59.9,PLTZERO
367696:8786,232:232,05/18/23 16:01:22,STABLE BEAMS,6800,463636.779579023,441198.108050562,59.9,PLTZERO
367696:8786,233:233,05/18/23 16:01:45,STABLE BEAMS,6800,464077.544451583,433010.012751746,59.9,PLTZERO
367696:8786,234:234,05/18/23 16:02:09,STABLE BEAMS,6800,464092.297843648,431757.878916872,60.0,PLTZERO
367696:8786,235:235,05/18/23 16:02:32,STABLE BEAMS,6800,463539.848697550,433187.484705938,60.0,PLTZERO
367696:8786,236:236,05/18/23 16:02:55,STABLE BEAMS,6800,463334.559990709,433243.941081736,59.9,PLTZERO
367696:8786,237:237,05/18/23 16:03:19,STABLE BEAMS,6800,463217.460623196,439552.511575990,59.9,PLTZERO
367696:8786,238:238,05/18/23 16:03:42,STABLE BEAMS,6800,462623.944877634,439107.968026145,59.8,PLTZERO
367696:8786,239:239,05/18/23 16:04:05,STABLE BEAMS,6800,461999.153059811,439766.087264785,59.7,PLTZERO
367696:8786,241:241,05/18/23 16:04:52,STABLE BEAMS,6800,462121.352825782,313351.846663192,59.8,PLTZERO
367696:8786,243:243,05/18/23 16:05:39,STABLE BEAMS,6800,462148.670727758,440692.872556365,59.9,PLTZERO
367696:8786,244:244,05/18/23 16:06:02,STABLE BEAMS,6800,461016.321662145,165218.754839755,59.6,PLTZERO
367696:8786,245:245,05/18/23 16:06:25,STABLE BEAMS,6800,461042.681491102,445446.269088008,59.6,PLTZERO
367696:8786,246:246,05/18/23 16:06:49,STABLE BEAMS,6800,460395.991527434,445249.994659429,59.6,PLTZERO
367696:8786,248:248,05/18/23 16:07:35,STABLE BEAMS,6800,459972.982475282,444983.331002410,59.5,PLTZERO
367696:8786,249:249,05/18/23 16:07:58,STABLE BEAMS,6800,459767.327789210,217005.687876273,59.4,PLTZERO
367696:8786,250:250,05/18/23 16:08:22,STABLE BEAMS,6800,458464.110713111,443768.939649906,59.4,PLTZERO
367696:8786,251:251,05/18/23 16:08:45,STABLE BEAMS,6800,458101.562828598,443434.257470678,59.2,PLTZERO
367696:8786,252:252,05/18/23 16:09:08,STABLE BEAMS,6800,458393.266924480,443652.567578699,59.3,PLTZERO
367696:8786,253:253,05/18/23 16:09:32,STABLE BEAMS,6800,458041.919869304,443457.612540215,59.2,PLTZERO
367696:8786,254:254,05/18/23 16:09:55,STABLE BEAMS,6800,457231.052088739,442751.142083655,59.1,PLTZERO
367696:8786,255:255,05/18/23 16:10:18,STABLE BEAMS,6800,457404.971480203,442772.995939021,59.1,PLTZERO
367696:8786,256:256,05/18/23 16:10:42,STABLE BEAMS,6800,458164.667438583,436970.751883423,59.3,PLTZERO
367696:8786,257:257,05/18/23 16:11:05,STABLE BEAMS,6800,458157.972582838,443309.143857325,59.2,PLTZERO
367696:8786,258:258,05/18/23 16:11:28,STABLE BEAMS,6800,458511.960749281,443591.104047561,59.2,PLTZERO
367696:8786,259:259,05/18/23 16:11:52,STABLE BEAMS,6800,457047.980885417,441764.303563069,59.2,PLTZERO
367696:8786,260:260,05/18/23 16:12:15,STABLE BEAMS,6800,455945.453299451,441388.372960300,58.9,PLTZERO
367696:8786,261:261,05/18/23 16:12:38,STABLE BEAMS,6800,456504.182369427,441999.688816750,58.9,PLTZERO
367696:8786,262:262,05/18/23 16:13:01,STABLE BEAMS,6800,456686.936546154,442108.594445425,59.0,PLTZERO
367696:8786,263:263,05/18/23 16:13:25,STABLE BEAMS,6800,456761.831748185,442193.823315812,59.0,PLTZERO
367696:8786,264:264,05/18/23 16:13:48,STABLE BEAMS,6800,456360.175369649,441973.053920600,59.0,PLTZERO
367696:8786,265:265,05/18/23 16:14:11,STABLE BEAMS,6800,456250.815180782,441898.888345953,59.0,PLTZERO
367696:8786,266:266,05/18/23 16:14:35,STABLE BEAMS,6800,455926.739406024,440142.656582900,59.0,PLTZERO
367696:8786,267:267,05/18/23 16:14:58,STABLE BEAMS,6800,455666.588780674,440247.827824770,58.9,PLTZERO
367696:8786,268:268,05/18/23 16:15:21,STABLE BEAMS,6800,455373.791409255,441040.986406486,58.9,PLTZERO
367696:8786,269:269,05/18/23 16:15:45,STABLE BEAMS,6800,454641.233859853,440492.819450500,58.8,PLTZERO
367696:8786,270:270,05/18/23 16:16:08,STABLE BEAMS,6800,454406.167963845,440524.871771703,58.8,PLTZERO
367696:8786,271:271,05/18/23 16:16:31,STABLE BEAMS,6800,453797.719333219,363836.210663269,58.7,PLTZERO
367696:8786,272:272,05/18/23 16:16:55,STABLE BEAMS,6800,453194.417722609,437432.233045331,58.6,PLTZERO
367696:8786,273:273,05/18/23 16:17:18,STABLE BEAMS,6800,450741.823056796,436673.949720162,58.4,PLTZERO
367696:8786,274:274,05/18/23 16:17:41,STABLE BEAMS,6800,450829.100944662,437280.622069424,58.2,PLTZERO
367696:8786,275:275,05/18/23 16:18:05,STABLE BEAMS,6800,449968.832961120,436385.614031854,58.2,PLTZERO
367696:8786,276:276,05/18/23 16:18:28,STABLE BEAMS,6800,450151.267780174,436678.865963465,58.2,PLTZERO
367696:8786,277:277,05/18/23 16:18:51,STABLE BEAMS,6800,449995.878126982,339828.497589736,58.2,PLTZERO
367696:8786,278:278,05/18/23 16:19:14,STABLE BEAMS,6800,449141.710574319,435655.240702450,58.1,PLTZERO
367696:8786,279:279,05/18/23 16:19:38,STABLE BEAMS,6800,448274.612532514,434423.412887212,57.9,PLTZERO
367696:8786,280:280,05/18/23 16:20:01,STABLE BEAMS,6800,449170.301244832,435849.149086955,57.9,PLTZERO
367696:8786,281:281,05/18/23 16:20:24,STABLE BEAMS,6800,450000.202276497,436546.878001368,58.2,PLTZERO
367696:8786,282:282,05/18/23 16:20:48,STABLE BEAMS,6800,450265.726036420,436885.338857882,58.2,PLTZERO
367696:8786,283:283,05/18/23 16:21:11,STABLE BEAMS,6800,450379.139969764,436785.904398738,58.2,PLTZERO
367696:8786,284:284,05/18/23 16:21:34,STABLE BEAMS,6800,450508.897090305,436920.715296178,58.2,PLTZERO
367696:8786,285:285,05/18/23 16:21:58,STABLE BEAMS,6800,450401.676830956,436721.617932255,58.3,PLTZERO
367696:8786,286:286,05/18/23 16:22:21,STABLE BEAMS,6800,450137.244015493,436680.187684638,58.2,PLTZERO
367696:8786,287:287,05/18/23 16:22:44,STABLE BEAMS,6800,450049.327412281,436300.203337390,58.2,PLTZERO
367696:8786,288:288,05/18/23 16:23:08,STABLE BEAMS,6800,449857.924936524,436438.338351924,58.1,PLTZERO
367696:8786,289:289,05/18/23 16:23:31,STABLE BEAMS,6800,449606.240786127,435283.997897349,58.1,PLTZERO
367696:8786,290:290,05/18/23 16:23:54,STABLE BEAMS,6800,449063.719700829,435227.177873398,58.0,PLTZERO
367696:8786,291:291,05/18/23 16:24:18,STABLE BEAMS,6800,449034.809672643,435755.996882767,58.0,PLTZERO
367696:8786,292:292,05/18/23 16:24:41,STABLE BEAMS,6800,449696.570054972,310475.287203285,58.1,PLTZERO
367696:8786,293:293,05/18/23 16:25:04,STABLE BEAMS,6800,449439.151452927,379542.962307951,58.1,PLTZERO
367696:8786,294:294,05/18/23 16:25:27,STABLE BEAMS,6800,449340.080641936,435942.527405700,58.1,PLTZERO
367696:8786,295:295,05/18/23 16:25:51,STABLE BEAMS,6800,445957.740215602,432851.254690980,58.1,PLTZERO
367696:8786,296:296,05/18/23 16:26:14,STABLE BEAMS,6800,448579.065293462,435524.346015891,58.0,PLTZERO
367696:8786,297:297,05/18/23 16:26:37,STABLE BEAMS,6800,448678.819110279,435543.195111836,58.0,PLTZERO
367696:8786,298:298,05/18/23 16:27:01,STABLE BEAMS,6800,448541.821661763,434430.196323918,58.0,PLTZERO
367696:8786,299:299,05/18/23 16:27:24,STABLE BEAMS,6800,448380.967961960,435199.678147345,58.0,PLTZERO
367696:8786,300:300,05/18/23 16:27:47,STABLE BEAMS,6800,448032.900733397,433854.119372168,58.0,PLTZERO
367696:8786,301:301,05/18/23 16:28:11,STABLE BEAMS,6800,447461.513910393,433270.802092443,57.9,PLTZERO
367696:8786,302:302,05/18/23 16:28:34,STABLE BEAMS,6800,447460.420634856,434252.269809534,57.8,PLTZERO
367696:8786,303:303,05/18/23 16:28:57,STABLE BEAMS,6800,447052.118353210,434061.685542122,57.9,PLTZERO
367696:8786,304:304,05/18/23 16:29:21,STABLE BEAMS,6800,446732.595173602,430021.817970937,57.8,PLTZERO
367696:8786,305:305,05/18/23 16:29:44,STABLE BEAMS,6800,445792.243008611,432961.479709750,57.7,PLTZERO
367696:8786,306:306,05/18/23 16:30:07,STABLE BEAMS,6800,445547.843476670,432102.395913784,57.6,PLTZERO
367696:8786,307:307,05/18/23 16:30:30,STABLE BEAMS,6800,445703.233129861,432810.871097343,57.6,PLTZERO
367696:8786,308:308,05/18/23 16:30:54,STABLE BEAMS,6800,445195.631591590,432411.627384439,57.6,PLTZERO
367696:8786,309:309,05/18/23 16:31:17,STABLE BEAMS,6800,444572.616055132,431822.713186662,57.5,PLTZERO
367696:8786,311:311,05/18/23 16:32:04,STABLE BEAMS,6800,444922.095916906,423641.219500476,57.5,PLTZERO
367696:8786,312:312,05/18/23 16:32:27,STABLE BEAMS,6800,444668.682106703,426988.775582300,57.5,PLTZERO
367696:8786,313:313,05/18/23 16:32:50,STABLE BEAMS,6800,444576.714090090,428219.967013270,57.5,PLTZERO
367696:8786,314:314,05/18/23 16:33:14,STABLE BEAMS,6800,444041.612825766,421606.444907396,57.5,PLTZERO
367696:8786,315:315,05/18/23 16:33:37,STABLE BEAMS,6800,443586.595742891,423987.058218560,57.3,PLTZERO
367696:8786,316:316,05/18/23 16:34:00,STABLE BEAMS,6800,443901.566327349,425106.294970954,57.3,PLTZERO
367696:8786,317:317,05/18/23 16:34:24,STABLE BEAMS,6800,444069.977381722,424849.783158215,57.4,PLTZERO
367696:8786,318:318,05/18/23 16:34:47,STABLE BEAMS,6800,439948.475462280,420293.073655940,57.4,PLTZERO
367696:8786,319:319,05/18/23 16:35:10,STABLE BEAMS,6800,444138.769821796,431587.008575308,57.4,PLTZERO
367696:8786,320:320,05/18/23 16:35:34,STABLE BEAMS,6800,444001.912237955,331098.384718450,57.4,PLTZERO
367696:8786,321:321,05/18/23 16:35:57,STABLE BEAMS,6800,443749.407548135,430487.031188571,57.4,PLTZERO
367696:8786,322:322,05/18/23 16:36:20,STABLE BEAMS,6800,443330.405618902,430801.363057683,57.3,PLTZERO
367696:8786,323:323,05/18/23 16:36:43,STABLE BEAMS,6800,442688.813722614,427238.273181622,57.3,PLTZERO
367696:8786,324:324,05/18/23 16:37:07,STABLE BEAMS,6800,443219.406682268,429633.182993582,57.3,PLTZERO
367696:8786,325:325,05/18/23 16:37:30,STABLE BEAMS,6800,442742.309629471,430168.829730136,57.3,PLTZERO
367696:8786,326:326,05/18/23 16:37:53,STABLE BEAMS,6800,442615.237910677,430117.291928719,57.2,PLTZERO
367696:8786,327:327,05/18/23 16:38:17,STABLE BEAMS,6800,442382.813125936,429962.128390084,57.2,PLTZERO
367696:8786,328:328,05/18/23 16:38:40,STABLE BEAMS,6800,442113.191331055,428596.536331385,57.2,PLTZERO
367696:8786,330:330,05/18/23 16:39:27,STABLE BEAMS,6800,461462.184602084,439868.892462581,58.7,PLTZERO
367696:8786,331:331,05/18/23 16:39:50,STABLE BEAMS,6800,464516.717197933,448796.601483619,60.0,HFOC
367696:8786,332:332,05/18/23 16:40:13,STABLE BEAMS,6800,464547.813777195,442278.553335527,60.1,PLTZERO
367696:8786,333:333,05/18/23 16:40:37,STABLE BEAMS,6800,464105.864717059,447197.081094930,60.0,PLTZERO
367696:8786,334:334,05/18/23 16:41:00,STABLE BEAMS,6800,463717.094537185,442704.292079907,60.0,PLTZERO
367696:8786,335:335,05/18/23 16:41:23,STABLE BEAMS,6800,463276.737603259,447623.276730579,59.9,PLTZERO
367696:8786,336:336,05/18/23 16:41:47,STABLE BEAMS,6800,462052.012582400,445992.659762629,59.9,PLTZERO
367696:8786,337:337,05/18/23 16:42:10,STABLE BEAMS,6800,460549.376453627,445547.524118997,59.6,PLTZERO
367696:8786,338:338,05/18/23 16:42:33,STABLE BEAMS,6800,458190.754531425,443373.020054096,59.4,PLTZERO
367696:8786,339:339,05/18/23 16:42:56,STABLE BEAMS,6800,457178.966484015,442725.008369255,59.1,PLTZERO
367696:8786,340:340,05/18/23 16:43:20,STABLE BEAMS,6800,458360.303151816,443566.473878409,59.1,PLTZERO
367696:8786,341:341,05/18/23 16:43:43,STABLE BEAMS,6800,458307.261805150,437200.535556897,59.3,PLTZERO
367696:8786,342:342,05/18/23 16:44:06,STABLE BEAMS,6800,457772.617432096,442762.935006780,59.2,PLTZERO
367696:8786,343:343,05/18/23 16:44:30,STABLE BEAMS,6800,457570.286863117,443183.347238145,59.1,PLTZERO
367696:8786,344:344,05/18/23 16:44:53,STABLE BEAMS,6800,458490.335339550,444027.360615451,59.1,PLTZERO
367696:8786,345:345,05/18/23 16:45:16,STABLE BEAMS,6800,458217.753075728,443759.470811453,59.2,PLTZERO
367696:8786,346:346,05/18/23 16:45:40,STABLE BEAMS,6800,458621.001580474,442986.571627816,59.3,PLTZERO
367696:8786,347:347,05/18/23 16:46:03,STABLE BEAMS,6800,458413.708146635,443849.709168260,59.3,PLTZERO
367696:8786,348:348,05/18/23 16:46:26,STABLE BEAMS,6800,457519.840006161,443220.907896439,59.2,PLTZERO
367696:8786,349:349,05/18/23 16:46:50,STABLE BEAMS,6800,456325.300113102,442197.739526694,59.1,PLTZERO
367696:8786,351:351,05/18/23 16:47:36,STABLE BEAMS,6800,453955.113713410,440058.793724166,58.8,PLTZERO
367696:8786,352:352,05/18/23 16:47:59,STABLE BEAMS,6800,452406.084472158,438684.094144090,58.5,PLTZERO
367696:8786,353:353,05/18/23 16:48:23,STABLE BEAMS,6800,451871.938949775,432225.141151985,58.5,PLTZERO
367696:8786,354:354,05/18/23 16:48:46,STABLE BEAMS,6800,451225.111452510,437832.614324253,58.3,PLTZERO
367696:8786,355:355,05/18/23 16:49:09,STABLE BEAMS,6800,450310.345198612,437050.337214201,58.3,PLTZERO
367696:8786,356:356,05/18/23 16:49:33,STABLE BEAMS,6800,449503.347007371,436265.146256767,58.1,PLTZERO
367696:8786,357:357,05/18/23 16:49:56,STABLE BEAMS,6800,450326.417980772,437062.628987997,58.1,PLTZERO
367696:8786,358:358,05/18/23 16:50:19,STABLE BEAMS,6800,450589.937013696,437252.530249583,58.3,PLTZERO
367696:8786,359:359,05/18/23 16:50:43,STABLE BEAMS,6800,450322.821127563,437058.896932270,58.2,PLTZERO
367696:8786,360:360,05/18/23 16:51:06,STABLE BEAMS,6800,450038.264116540,436848.598739011,58.2,PLTZERO
367696:8786,361:361,05/18/23 16:51:29,STABLE BEAMS,6800,450004.936695723,435264.193059462,58.2,PLTZERO
367696:8786,362:362,05/18/23 16:51:53,STABLE BEAMS,6800,449847.316200976,436399.637796535,58.2,PLTZERO
367696:8786,363:363,05/18/23 16:52:16,STABLE BEAMS,6800,449303.520016063,435957.005730573,58.1,PLTZERO
367696:8786,364:364,05/18/23 16:52:39,STABLE BEAMS,6800,449054.658801010,435906.878231289,58.1,PLTZERO
367696:8786,365:365,05/18/23 16:53:03,STABLE BEAMS,6800,449721.384379278,436416.666320636,58.1,PLTZERO
367696:8786,366:366,05/18/23 16:53:26,STABLE BEAMS,6800,449405.548964916,436200.039250862,58.1,PLTZERO
367696:8786,367:367,05/18/23 16:53:49,STABLE BEAMS,6800,449447.937285553,435550.204663098,58.1,PLTZERO
367696:8786,368:368,05/18/23 16:54:12,STABLE BEAMS,6800,449174.082253195,435992.473080907,58.1,PLTZERO
367696:8786,369:369,05/18/23 16:54:36,STABLE BEAMS,6800,448903.959276564,435574.426893616,58.0,PLTZERO
367696:8786,370:370,05/18/23 16:54:59,STABLE BEAMS,6800,448456.818905933,435304.122092909,58.0,PLTZERO
367696:8786,371:371,05/18/23 16:55:22,STABLE BEAMS,6800,447330.162332565,434524.714539759,57.9,PLTZERO
367696:8786,372:372,05/18/23 16:55:46,STABLE BEAMS,6800,447337.537863058,434457.649428413,57.7,PLTZERO
367696:8786,373:373,05/18/23 16:56:09,STABLE BEAMS,6800,447499.620040917,434566.555057088,57.9,PLTZERO
367696:8786,374:374,05/18/23 16:56:32,STABLE BEAMS,6800,446906.106626433,434173.959578371,57.8,PLTZERO
367696:8786,375:375,05/18/23 16:56:56,STABLE BEAMS,6800,446580.711461581,433794.840061027,57.8,PLTZERO
367696:8786,377:377,05/18/23 16:57:42,STABLE BEAMS,6800,446438.525033646,433008.555828055,57.7,PLTZERO
367696:8786,378:378,05/18/23 16:58:06,STABLE BEAMS,6800,445851.839346348,433156.707484350,57.7,PLTZERO
367696:8786,379:379,05/18/23 16:58:29,STABLE BEAMS,6800,445561.911531830,431197.508768050,57.6,PLTZERO
367696:8786,380:380,05/18/23 16:58:52,STABLE BEAMS,6800,446208.559536097,430015.351560826,57.7,PLTZERO
367696:8786,381:381,05/18/23 16:59:16,STABLE BEAMS,6800,445955.828731720,433172.598442433,57.7,PLTZERO
367696:8786,382:382,05/18/23 16:59:39,STABLE BEAMS,6800,445867.273413161,433116.461424308,57.7,PLTZERO
367696:8786,383:383,05/18/23 17:00:02,STABLE BEAMS,6800,445560.363696101,432785.602212845,57.6,PLTZERO
367696:8786,384:384,05/18/23 17:00:25,STABLE BEAMS,6800,445308.406809589,432212.348196439,57.6,PLTZERO
367696:8786,385:385,05/18/23 17:00:49,STABLE BEAMS,6800,444919.454805639,432410.352284824,57.5,PLTZERO
367696:8786,386:386,05/18/23 17:01:12,STABLE BEAMS,6800,444940.171094986,432185.349652136,57.5,PLTZERO
367696:8786,390:390,05/18/23 17:02:45,STABLE BEAMS,6800,443647.742247435,419073.581904979,57.4,PLTZERO
367696:8786,392:392,05/18/23 17:03:32,STABLE BEAMS,6800,442770.401449312,422986.925560679,57.2,PLTZERO
367696:8786,394:394,05/18/23 17:04:19,STABLE BEAMS,6800,442525.955295812,220768.329909557,57.2,PLTZERO
367696:8786,396:396,05/18/23 17:05:05,STABLE BEAMS,6800,441479.385234971,429216.411905905,57.1,PLTZERO
367696:8786,397:397,05/18/23 17:05:28,STABLE BEAMS,6800,441970.184363698,429829.275598084,57.1,PLTZERO
367696:8786,398:398,05/18/23 17:05:52,STABLE BEAMS,6800,441973.781216907,423559.132923105,57.1,PLTZERO
367696:8786,399:399,05/18/23 17:06:15,STABLE BEAMS,6800,441888.461434481,423423.363952645,57.1,PLTZERO
367696:8786,400:400,05/18/23 17:06:38,STABLE BEAMS,6800,441620.842035521,429224.743178340,57.1,PLTZERO
367696:8786,401:401,05/18/23 17:07:02,STABLE BEAMS,6800,441306.647700005,421921.914342526,57.1,PLTZERO
367696:8786,402:402,05/18/23 17:07:25,STABLE BEAMS,6800,441046.494743577,428951.207503655,57.0,PLTZERO
367696:8786,403:403,05/18/23 17:07:48,STABLE BEAMS,6800,440929.532909660,422117.004583530,57.0,PLTZERO
367696:8786,404:404,05/18/23 17:08:12,STABLE BEAMS,6800,440583.468077018,428362.745534992,57.0,PLTZERO
367696:8786,405:405,05/18/23 17:08:35,STABLE BEAMS,6800,440103.137819166,428021.872012846,56.9,PLTZERO
367696:8786,406:406,05/18/23 17:08:58,STABLE BEAMS,6800,439474.066142308,422245.533226015,56.9,PLTZERO
367696:8786,407:407,05/18/23 17:09:22,STABLE BEAMS,6800,438957.767352371,427056.705523550,56.8,PLTZERO
367696:8786,408:408,05/18/23 17:09:45,STABLE BEAMS,6800,442771.128745618,363511.293369388,56.7,PLTZERO
367696:8786,409:409,05/18/23 17:10:08,STABLE BEAMS,6800,456209.701959760,442080.593537622,58.4,PLTZERO
367696:8786,410:410,05/18/23 17:10:32,STABLE BEAMS,6800,456312.688981632,435408.200059241,59.0,PLTZERO
367696:8786,411:411,05/18/23 17:10:55,STABLE BEAMS,6800,455088.052541733,440473.926064075,58.9,PLTZERO
367696:8786,412:412,05/18/23 17:11:18,STABLE BEAMS,6800,453903.300844801,439026.151853812,58.7,PLTZERO
367696:8786,413:413,05/18/23 17:11:41,STABLE BEAMS,6800,451431.766171004,438172.077544265,58.6,PLTZERO
367696:8786,414:414,05/18/23 17:12:05,STABLE BEAMS,6800,449399.222419481,436283.538461443,58.2,PLTZERO
367696:8786,415:415,05/18/23 17:12:28,STABLE BEAMS,6800,449218.016078483,436231.317654200,58.0,PLTZERO
367696:8786,416:416,05/18/23 17:12:51,STABLE BEAMS,6800,448598.597395233,434525.761193738,58.0,PLTZERO
367696:8786,417:417,05/18/23 17:13:15,STABLE BEAMS,6800,447876.737162341,433841.417328660,58.0,PLTZERO
367696:8786,418:418,05/18/23 17:13:38,STABLE BEAMS,6800,445884.665585415,432205.427226137,57.7,PLTZERO
367696:8786,419:419,05/18/23 17:14:01,STABLE BEAMS,6800,446203.095489486,432409.261340365,57.6,PLTZERO
367696:8786,420:420,05/18/23 17:14:25,STABLE BEAMS,6800,448067.046362559,433843.191278946,57.9,PLTZERO
367696:8786,421:421,05/18/23 17:14:48,STABLE BEAMS,6800,448605.199007862,434352.522477023,57.9,PLTZERO
367696:8786,422:422,05/18/23 17:15:11,STABLE BEAMS,6800,449615.301685946,435271.342475399,58.1,PLTZERO
367696:8786,423:423,05/18/23 17:15:35,STABLE BEAMS,6800,450344.490827774,435726.811787388,58.1,PLTZERO
367696:8786,424:424,05/18/23 17:15:58,STABLE BEAMS,6800,451261.534544787,436646.585196627,58.3,PLTZERO
367696:8786,425:425,05/18/23 17:16:21,STABLE BEAMS,6800,451421.977974878,436613.668045521,58.3,PLTZERO
367696:8786,426:426,05/18/23 17:16:45,STABLE BEAMS,6800,451268.364603050,435580.117054784,58.3,PLTZERO
367696:8786,428:428,05/18/23 17:17:31,STABLE BEAMS,6800,451642.474633975,430582.141498200,58.4,PLTZERO
367696:8786,429:429,05/18/23 17:17:54,STABLE BEAMS,6800,452023.687459279,437097.867892697,58.3,PLTZERO
367696:8786,430:430,05/18/23 17:18:18,STABLE BEAMS,6800,451810.340216118,436235.550891677,58.4,PLTZERO
367696:8786,433:433,05/18/23 17:19:28,STABLE BEAMS,6800,452593.526446553,437230.767306255,58.5,PLTZERO
367696:8786,434:434,05/18/23 17:19:51,STABLE BEAMS,6800,452517.675502580,437444.615731166,58.5,PLTZERO
367696:8786,437:437,05/18/23 17:21:01,STABLE BEAMS,6800,453937.082825810,438535.942487795,58.7,PLTZERO
367696:8786,438:438,05/18/23 17:21:24,STABLE BEAMS,6800,453578.635307333,438333.521006778,58.7,PLTZERO
367696:8786,439:439,05/18/23 17:21:48,STABLE BEAMS,6800,453105.270310262,437994.605590073,58.6,PLTZERO
367696:8786,440:440,05/18/23 17:22:11,STABLE BEAMS,6800,453260.070200744,438059.575062382,58.6,PLTZERO
367696:8786,441:441,05/18/23 17:22:34,STABLE BEAMS,6800,453515.486406868,438042.865895954,58.6,PLTZERO
367696:8786,442:442,05/18/23 17:22:57,STABLE BEAMS,6800,453062.019490801,437963.963571003,58.6,PLTZERO
367696:8786,443:443,05/18/23 17:23:21,STABLE BEAMS,6800,452713.539661449,437596.044882996,58.5,PLTZERO
367696:8786,444:444,05/18/23 17:23:44,STABLE BEAMS,6800,452702.977547458,437636.020538000,58.5,PLTZERO
367696:8786,445:445,05/18/23 17:24:07,STABLE BEAMS,6800,452527.601232303,437560.759356738,58.5,PLTZERO
367696:8786,446:446,05/18/23 17:24:31,STABLE BEAMS,6800,452437.773145208,437374.911839630,58.5,PLTZERO
367696:8786,447:447,05/18/23 17:24:54,STABLE BEAMS,6800,452104.090998401,437084.345309767,58.5,PLTZERO
367696:8786,448:448,05/18/23 17:25:17,STABLE BEAMS,6800,451898.072664176,437317.453100333,58.4,PLTZERO
367696:8786,449:449,05/18/23 17:25:41,STABLE BEAMS,6800,451609.375658793,436827.926740143,58.4,PLTZERO
367696:8786,450:450,05/18/23 17:26:04,STABLE BEAMS,6800,451286.120423458,436693.936382125,58.3,PLTZERO
367696:8786,451:451,05/18/23 17:26:27,STABLE BEAMS,6800,450926.031826135,436299.063440294,58.3,PLTZERO
367696:8786,452:452,05/18/23 17:26:51,STABLE BEAMS,6800,450493.689138049,435835.081031794,58.2,PLTZERO
367696:8786,453:453,05/18/23 17:27:14,STABLE BEAMS,6800,450178.629972630,435933.240391324,58.2,PLTZERO
367696:8786,454:454,05/18/23 17:27:37,STABLE BEAMS,6800,449358.472846611,435112.992353267,58.1,PLTZERO
367696:8786,455:455,05/18/23 17:28:01,STABLE BEAMS,6800,449657.962742698,435211.242624835,58.1,PLTZERO
367696:8786,456:456,05/18/23 17:28:24,STABLE BEAMS,6800,449711.549561594,435333.852660517,58.1,PLTZERO
367696:8786,458:458,05/18/23 17:29:10,STABLE BEAMS,6800,448829.290189090,434436.888848585,58.0,PLTZERO
367696:8786,460:460,05/18/23 17:29:57,STABLE BEAMS,6800,448784.717648456,434594.462721774,58.0,PLTZERO
367696:8786,461:461,05/18/23 17:30:20,STABLE BEAMS,6800,448220.386998272,434163.078106707,58.0,PLTZERO
367696:8786,462:462,05/18/23 17:30:44,STABLE BEAMS,6800,447343.684915496,433403.337857847,57.9,PLTZERO
367696:8786,463:463,05/18/23 17:31:07,STABLE BEAMS,6800,446685.155407144,431879.349055458,57.8,PLTZERO
367696:8786,464:464,05/18/23 17:31:30,STABLE BEAMS,6800,445740.385849522,426402.274050156,57.7,PLTZERO
367696:8786,465:465,05/18/23 17:31:54,STABLE BEAMS,6800,444541.200118197,426131.330534103,57.5,PLTZERO
367696:8786,466:466,05/18/23 17:32:17,STABLE BEAMS,6800,443638.727969173,425308.942566528,57.4,PLTZERO
367696:8786,467:467,05/18/23 17:32:40,STABLE BEAMS,6800,443223.595629265,424917.121005676,57.3,PLTZERO
367696:8786,468:468,05/18/23 17:33:04,STABLE BEAMS,6800,442646.698138092,428536.574014418,57.3,PLTZERO
367696:8786,469:469,05/18/23 17:33:27,STABLE BEAMS,6800,441632.634958646,421609.358754778,57.2,PLTZERO
367696:8786,470:470,05/18/23 17:33:50,STABLE BEAMS,6800,441032.608512493,423073.930712430,57.0,PLTZERO
367696:8786,472:472,05/18/23 17:34:37,STABLE BEAMS,6800,442383.270017206,422962.293060449,57.2,PLTZERO
367696:8786,473:473,05/18/23 17:35:00,STABLE BEAMS,6800,442161.178900821,420822.300603942,57.2,PLTZERO
367696:8786,474:474,05/18/23 17:35:23,STABLE BEAMS,6800,442296.763716127,429023.186527226,57.2,PLTZERO
367696:8786,476:476,05/18/23 17:36:10,STABLE BEAMS,6800,441806.328235553,427892.706986093,57.1,PLTZERO
367696:8786,478:478,05/18/23 17:36:57,STABLE BEAMS,6800,440666.055836138,419821.895209945,57.0,PLTZERO
367696:8786,480:480,05/18/23 17:37:43,STABLE BEAMS,6800,441243.818157214,426456.543874878,57.0,PLTZERO
367696:8786,482:482,05/18/23 17:38:30,STABLE BEAMS,6800,440509.528616928,419815.612954990,56.9,PLTZERO
367696:8786,483:483,05/18/23 17:38:53,STABLE BEAMS,6800,440558.653752712,425940.655354653,56.9,PLTZERO
367696:8786,484:484,05/18/23 17:39:17,STABLE BEAMS,6800,440364.428341612,419859.364956201,56.9,PLTZERO
367696:8786,485:485,05/18/23 17:39:40,STABLE BEAMS,6800,440180.401396349,425880.329389532,56.9,PLTZERO
367696:8786,486:486,05/18/23 17:40:03,STABLE BEAMS,6800,439882.596869588,425509.133205989,56.9,PLTZERO
367696:8786,487:487,05/18/23 17:40:26,STABLE BEAMS,6800,439475.112796288,419147.658898666,56.8,PLTZERO
367696:8786,488:488,05/18/23 17:40:50,STABLE BEAMS,6800,439487.679637277,332908.953907484,56.8,PLTZERO
367696:8786,489:489,05/18/23 17:41:13,STABLE BEAMS,6800,439123.539626555,270188.729345461,56.8,PLTZERO
367696:8786,490:490,05/18/23 17:41:36,STABLE BEAMS,6800,438842.306732626,424881.471831264,56.8,PLTZERO
367696:8786,491:491,05/18/23 17:42:00,STABLE BEAMS,6800,437816.814278208,424073.107628370,56.6,PLTZERO
367696:8786,492:492,05/18/23 17:42:23,STABLE BEAMS,6800,437416.206884729,423694.533583256,56.6,PLTZERO
367696:8786,493:493,05/18/23 17:42:46,STABLE BEAMS,6800,437524.473798058,422247.218595340,56.6,PLTZERO
367696:8786,494:494,05/18/23 17:43:10,STABLE BEAMS,6800,437226.440825663,423310.271708052,56.5,PLTZERO
367696:8786,495:495,05/18/23 17:43:33,STABLE BEAMS,6800,436838.171827539,422709.746411227,56.5,PLTZERO
367696:8786,496:496,05/18/23 17:43:56,STABLE BEAMS,6800,436898.315968583,418055.283156979,56.4,PLTZERO
367696:8786,497:497,05/18/23 17:44:20,STABLE BEAMS,6800,436533.812309707,422499.448217967,56.5,PLTZERO
367696:8786,498:498,05/18/23 17:44:43,STABLE BEAMS,6800,436143.172605353,422218.080121519,56.4,PLTZERO
367696:8786,499:499,05/18/23 17:45:06,STABLE BEAMS,6800,436650.638941105,422714.844478607,56.4,PLTZERO
367696:8786,500:500,05/18/23 17:45:30,STABLE BEAMS,6800,436900.364986062,422929.513442940,56.6,PLTZERO
367696:8786,501:501,05/18/23 17:45:53,STABLE BEAMS,6800,435772.295779483,422122.104981987,56.4,PLTZERO
367696:8786,502:502,05/18/23 17:46:16,STABLE BEAMS,6800,434659.387903603,421195.454892926,56.3,PLTZERO
367696:8786,503:503,05/18/23 17:46:39,STABLE BEAMS,6800,434117.139554420,420744.127906376,56.1,PLTZERO
367696:8786,504:504,05/18/23 17:47:03,STABLE BEAMS,6800,435455.187596586,421766.158710103,56.1,PLTZERO
367696:8786,505:505,05/18/23 17:47:26,STABLE BEAMS,6800,435671.266863051,421912.809152227,56.3,PLTZERO
367696:8786,506:506,05/18/23 17:47:49,STABLE BEAMS,6800,435248.486256534,420911.946866961,56.3,PLTZERO
367696:8786,508:508,05/18/23 17:48:36,STABLE BEAMS,6800,434985.375162243,421332.270517365,56.2,PLTZERO
367696:8786,509:509,05/18/23 17:48:59,STABLE BEAMS,6800,434957.101518326,421427.560319993,56.2,PLTZERO
367696:8786,510:510,05/18/23 17:49:23,STABLE BEAMS,6800,434629.657335994,420866.964056615,56.2,PLTZERO
367696:8786,511:511,05/18/23 17:49:46,STABLE BEAMS,6800,434290.194115981,324507.534676287,56.2,PLTZERO
367696:8786,512:512,05/18/23 17:50:09,STABLE BEAMS,6800,433613.088247799,420230.470227706,56.0,PLTZERO
367696:8786,514:514,05/18/23 17:50:56,STABLE BEAMS,6800,433708.016733352,418264.763141894,56.1,PLTZERO
367696:8786,516:516,05/18/23 17:51:42,STABLE BEAMS,6800,431952.605509722,418713.220571542,55.8,PLTZERO
367696:8786,517:517,05/18/23 17:52:06,STABLE BEAMS,6800,431984.385094810,418683.308179857,55.8,PLTZERO
367696:8786,518:518,05/18/23 17:52:29,STABLE BEAMS,6800,431936.078167371,418781.012979195,55.9,PLTZERO
367696:8786,521:521,05/18/23 17:53:39,STABLE BEAMS,6800,430602.265693760,415856.694395157,55.6,PLTZERO
367696:8786,522:522,05/18/23 17:54:02,STABLE BEAMS,6800,430781.558219797,417825.364280987,55.7,PLTZERO
367696:8786,524:524,05/18/23 17:54:49,STABLE BEAMS,6800,430704.886736401,320835.222144956,55.7,PLTZERO
367696:8786,525:525,05/18/23 17:55:12,STABLE BEAMS,6800,430676.522180445,417674.709047021,55.7,PLTZERO
367696:8786,526:526,05/18/23 17:55:36,STABLE BEAMS,6800,430608.776394350,263478.754229085,55.7,PLTZERO
367696:8786,528:528,05/18/23 17:56:22,STABLE BEAMS,6800,430339.380714026,417263.082648283,55.6,PLTZERO
367696:8786,529:529,05/18/23 17:56:46,STABLE BEAMS,6800,430223.192797974,417419.108685743,55.6,PLTZERO
367696:8786,531:531,05/18/23 17:57:32,STABLE BEAMS,6800,429158.589518455,415398.810086458,55.5,PLTZERO
367696:8786,532:532,05/18/23 17:57:55,STABLE BEAMS,6800,428569.446875044,198815.995593603,55.4,PLTZERO
367696:8786,533:533,05/18/23 17:58:19,STABLE BEAMS,6800,428280.248687911,415780.342269434,55.4,PLTZERO
367696:8786,534:534,05/18/23 17:58:42,STABLE BEAMS,6800,427392.070708604,414774.472828827,55.3,PLTZERO
367696:8786,535:535,05/18/23 17:59:05,STABLE BEAMS,6800,426467.651461099,414046.330340978,55.1,PLTZERO
367696:8786,536:536,05/18/23 17:59:29,STABLE BEAMS,6800,426786.445013322,413674.861421321,55.1,PLTZERO
367696:8786,537:537,05/18/23 17:59:52,STABLE BEAMS,6800,426955.448161483,413366.037889300,55.2,PLTZERO
367696:8786,538:538,05/18/23 18:00:15,STABLE BEAMS,6800,426702.400330511,414219.841793809,55.1,PLTZERO
367696:8786,539:539,05/18/23 18:00:39,STABLE BEAMS,6800,426529.891241180,413656.012325375,55.2,PLTZERO
367696:8786,540:540,05/18/23 18:01:02,STABLE BEAMS,6800,426420.346897159,413980.950598958,55.1,PLTZERO
367696:8786,541:541,05/18/23 18:01:25,STABLE BEAMS,6800,426149.223888106,413764.689508415,55.1,PLTZERO
367696:8786,542:542,05/18/23 18:01:49,STABLE BEAMS,6800,426364.394034189,408511.386326668,55.1,PLTZERO
367696:8786,543:543,05/18/23 18:02:12,STABLE BEAMS,6800,426196.346627970,405750.697756218,55.1,PLTZERO
367696:8786,544:544,05/18/23 18:02:35,STABLE BEAMS,6800,426267.460821638,399475.317149185,55.1,PLTZERO
367696:8786,545:545,05/18/23 18:02:59,STABLE BEAMS,6800,426188.241470092,407867.516967265,55.1,PLTZERO
367696:8786,546:546,05/18/23 18:03:22,STABLE BEAMS,6800,426150.270542086,413798.061219713,55.1,PLTZERO
367696:8786,547:547,05/18/23 18:03:45,STABLE BEAMS,6800,425868.356973408,407663.046468770,55.1,PLTZERO
367696:8786,548:548,05/18/23 18:04:08,STABLE BEAMS,6800,425859.386985627,413511.685967924,55.1,PLTZERO
367696:8786,549:549,05/18/23 18:04:32,STABLE BEAMS,6800,425572.417308972,405291.584969463,55.0,PLTZERO
367696:8786,550:550,05/18/23 18:04:55,STABLE BEAMS,6800,425405.146151695,413022.068695695,55.0,PLTZERO
367696:8786,551:551,05/18/23 18:05:18,STABLE BEAMS,6800,424858.251964246,412694.123331614,55.0,PLTZERO
367696:8786,552:552,05/18/23 18:05:42,STABLE BEAMS,6800,424538.593582120,412346.373129646,54.9,PLTZERO
367696:8786,553:553,05/18/23 18:06:05,STABLE BEAMS,6800,424855.704096095,407829.546039260,54.8,PLTZERO
367696:8786,554:554,05/18/23 18:06:28,STABLE BEAMS,6800,424832.484229077,406354.411967618,54.9,PLTZERO
367696:8786,555:555,05/18/23 18:06:52,STABLE BEAMS,6800,424583.532101985,403542.365088751,54.9,PLTZERO
367696:8786,556:556,05/18/23 18:07:15,STABLE BEAMS,6800,424425.363803930,412262.601182950,54.9,PLTZERO
367696:8786,557:557,05/18/23 18:07:38,STABLE BEAMS,6800,423126.470877346,411139.905110944,54.7,PLTZERO
367696:8786,558:558,05/18/23 18:08:02,STABLE BEAMS,6800,422851.249833335,404992.642876684,54.7,PLTZERO
367696:8786,559:559,05/18/23 18:08:25,STABLE BEAMS,6800,423569.830239614,321579.686840299,54.8,PLTZERO
367696:8786,560:560,05/18/23 18:08:48,STABLE BEAMS,6800,423467.528554646,411383.894373175,54.7,PLTZERO
367696:8786,561:561,05/18/23 18:09:11,STABLE BEAMS,6800,423379.975599587,406685.725739273,54.7,PLTZERO
367696:8786,562:562,05/18/23 18:09:35,STABLE BEAMS,6800,423008.550970410,411113.680484505,54.7,PLTZERO
367696:8786,563:563,05/18/23 18:09:58,STABLE BEAMS,6800,422792.425082385,410428.105810292,54.6,PLTZERO
367696:8786,564:564,05/18/23 18:10:21,STABLE BEAMS,6800,422597.197307786,410225.866153352,54.6,PLTZERO
367696:8786,565:565,05/18/23 18:10:45,STABLE BEAMS,6800,422631.799828217,410675.237365540,54.6,PLTZERO
367696:8786,566:566,05/18/23 18:11:08,STABLE BEAMS,6800,422348.883896040,177976.500619838,54.6,PLTZERO
367696:8786,567:567,05/18/23 18:11:31,STABLE BEAMS,6800,422021.985185939,410295.525754408,54.6,PLTZERO
367696:8786,568:568,05/18/23 18:11:55,STABLE BEAMS,6800,421809.048212490,410103.120915152,54.6,PLTZERO
367696:8786,569:569,05/18/23 18:12:18,STABLE BEAMS,6800,421418.683575328,402160.565045374,54.5,PLTZERO
367696:8786,570:570,05/18/23 18:12:41,STABLE BEAMS,6800,420613.415043893,408336.783929378,54.5,PLTZERO
367696:8786,571:571,05/18/23 18:13:05,STABLE BEAMS,6800,419826.310271499,227267.484205007,54.3,PLTZERO
367696:8786,572:572,05/18/23 18:13:28,STABLE BEAMS,6800,419874.344462823,178449.807339961,54.3,PLTZERO
367696:8786,573:573,05/18/23 18:13:51,STABLE BEAMS,6800,419445.598627945,145122.131502694,54.2,PLTZERO
367696:8786,574:574,05/18/23 18:14:15,STABLE BEAMS,6800,418048.455429793,402983.773552371,54.2,PLTZERO
367696:8786,575:575,05/18/23 18:14:38,STABLE BEAMS,6800,417388.331464154,397310.055808181,54.0,PLTZERO
367696:8786,576:576,05/18/23 18:15:01,STABLE BEAMS,6800,418607.275411807,406845.667987614,54.0,PLTZERO
367696:8786,577:577,05/18/23 18:15:24,STABLE BEAMS,6800,418271.546578599,406580.006694095,54.1,PLTZERO
367696:8786,578:578,05/18/23 18:15:48,STABLE BEAMS,6800,418532.837101046,349743.136043398,54.1,PLTZERO
367696:8786,579:579,05/18/23 18:16:11,STABLE BEAMS,6800,418042.762937547,366012.171651861,54.1,PLTZERO
367696:8786,580:580,05/18/23 18:16:34,STABLE BEAMS,6800,418158.862272639,404998.242125814,54.1,PLTZERO
367696:8786,581:581,05/18/23 18:16:58,STABLE BEAMS,6800,417736.398692717,405693.924353826,54.0,PLTZERO
367696:8786,582:582,05/18/23 18:17:21,STABLE BEAMS,6800,417692.690981986,402928.044472880,54.0,PLTZERO
367696:8786,583:583,05/18/23 18:17:44,STABLE BEAMS,6800,417306.151643668,402386.068859812,54.0,PLTZERO
367696:8786,584:584,05/18/23 18:18:08,STABLE BEAMS,6800,417382.641302986,305422.494018672,54.0,PLTZERO
367696:8786,585:585,05/18/23 18:18:31,STABLE BEAMS,6800,417226.932292121,399760.419632438,53.9,PLTZERO
367696:8786,586:586,05/18/23 18:18:54,STABLE BEAMS,6800,417065.213762416,401617.677980845,53.9,PLTZERO
367696:8786,587:587,05/18/23 18:19:18,STABLE BEAMS,6800,416904.679420286,396437.631253361,53.9,PLTZERO
367696:8786,588:588,05/18/23 18:19:41,STABLE BEAMS,6800,416683.954315554,402038.684637076,53.9,PLTZERO
367696:8786,589:589,05/18/23 18:20:04,STABLE BEAMS,6800,416481.532834537,336326.850265112,53.8,PLTZERO
367696:8786,590:590,05/18/23 18:20:28,STABLE BEAMS,6800,416339.027048930,382912.600690776,53.8,PLTZERO
367696:8786,592:592,05/18/23 18:21:14,STABLE BEAMS,6800,415314.173309859,401159.430023992,53.7,PLTZERO
367696:8786,593:593,05/18/23 18:21:37,STABLE BEAMS,6800,415944.701910407,401658.063905560,53.8,PLTZERO
367696:8786,594:594,05/18/23 18:22:01,STABLE BEAMS,6800,415628.959739162,401387.894307371,53.7,PLTZERO
367696:8786,595:595,05/18/23 18:22:24,STABLE BEAMS,6800,414751.117759290,400836.904416042,53.7,PLTZERO
367696:8786,596:596,05/18/23 18:22:47,STABLE BEAMS,6800,413669.168929075,399895.913535705,53.5,PLTZERO
367696:8786,597:597,05/18/23 18:23:11,STABLE BEAMS,6800,413325.472471585,399684.841424580,53.5,PLTZERO
367696:8786,598:598,05/18/23 18:23:34,STABLE BEAMS,6800,412792.648670375,399097.973913205,53.4,PLTZERO
367696:8786,599:599,05/18/23 18:23:57,STABLE BEAMS,6800,412396.274514373,398837.322106105,53.4,PLTZERO
367696:8786,600:600,05/18/23 18:24:21,STABLE BEAMS,6800,411704.508497243,398163.130085305,53.3,PLTZERO
367696:8786,601:601,05/18/23 18:24:44,STABLE BEAMS,6800,410935.115254775,397862.912892912,53.1,PLTZERO
367696:8786,602:602,05/18/23 18:25:07,STABLE BEAMS,6800,410104.076657093,396970.548297687,53.1,PLTZERO
367696:8786,603:603,05/18/23 18:25:31,STABLE BEAMS,6800,409361.092196219,396268.628105200,52.9,PLTZERO
367696:8786,604:604,05/18/23 18:25:54,STABLE BEAMS,6800,409303.680078480,393160.601933572,52.9,PLTZERO
367696:8786,605:605,05/18/23 18:26:17,STABLE BEAMS,6800,408764.618312795,384079.368121667,52.9,PLTZERO
367696:8786,606:606,05/18/23 18:26:40,STABLE BEAMS,6800,407585.055595280,384400.301603408,52.8,PLTZERO
367696:8786,607:607,05/18/23 18:27:04,STABLE BEAMS,6800,406989.630696913,384770.814781124,52.6,PLTZERO
367696:8786,608:608,05/18/23 18:27:27,STABLE BEAMS,6800,407433.353707335,384920.150624995,52.6,PLTZERO
367696:8786,609:609,05/18/23 18:27:50,STABLE BEAMS,6800,407497.003789549,385096.347479573,52.7,PLTZERO
367696:8786,610:610,05/18/23 18:28:14,STABLE BEAMS,6800,407833.051980430,385144.607785454,52.7,PLTZERO
367696:8786,611:611,05/18/23 18:28:37,STABLE BEAMS,6800,407562.609646126,385144.561163896,52.7,PLTZERO
367696:8786,612:612,05/18/23 18:29:00,STABLE BEAMS,6800,407383.727389801,384679.210412665,52.7,PLTZERO
367696:8786,613:613,05/18/23 18:29:24,STABLE BEAMS,6800,407186.951779472,385050.408927286,52.7,PLTZERO
367696:8786,614:614,05/18/23 18:29:47,STABLE BEAMS,6800,406220.374988042,384882.086453873,52.5,PLTZERO
367696:8786,615:615,05/18/23 18:30:10,STABLE BEAMS,6800,406084.925375255,384716.544956402,52.5,PLTZERO
367696:8786,616:616,05/18/23 18:30:34,STABLE BEAMS,6800,406309.701893387,383618.707499182,52.6,PLTZERO
367696:8786,617:617,05/18/23 18:30:57,STABLE BEAMS,6800,405975.884544062,383816.576385049,52.5,PLTZERO
367696:8786,618:618,05/18/23 18:31:20,STABLE BEAMS,6800,405560.705582595,383526.557658493,52.4,PLTZERO
367696:8786,620:620,05/18/23 18:32:07,STABLE BEAMS,6800,404447.207944005,383593.620438761,52.4,PLTZERO
367696:8786,621:621,05/18/23 18:32:30,STABLE BEAMS,6800,404539.129339059,383788.120917055,52.3,PLTZERO
367696:8786,622:622,05/18/23 18:32:53,STABLE BEAMS,6800,404415.519270955,135981.972703489,52.3,PLTZERO
367696:8786,623:623,05/18/23 18:33:17,STABLE BEAMS,6800,403856.561755344,391595.318086084,52.2,PLTZERO
367696:8786,624:624,05/18/23 18:33:40,STABLE BEAMS,6800,403371.268632630,385475.010105647,52.2,PLTZERO
367696:8786,625:625,05/18/23 18:34:03,STABLE BEAMS,6800,403160.243143064,385103.447942873,52.1,PLTZERO
367696:8786,626:626,05/18/23 18:34:27,STABLE BEAMS,6800,402625.461236413,385456.753103490,52.1,PLTZERO
367696:8786,627:627,05/18/23 18:34:50,STABLE BEAMS,6800,401703.955836289,389691.300645968,52.0,PLTZERO
367696:8786,628:628,05/18/23 18:35:13,STABLE BEAMS,6800,401463.519136787,382273.237304965,51.9,PLTZERO
367696:8786,631:631,05/18/23 18:36:23,STABLE BEAMS,6800,402136.480348452,386880.349373716,52.0,PLTZERO
367696:8786,632:632,05/18/23 18:36:47,STABLE BEAMS,6800,402274.114181237,384651.985753805,52.0,PLTZERO
367696:8786,633:633,05/18/23 18:37:10,STABLE BEAMS,6800,403258.267300075,390946.394949782,52.1,PLTZERO
367696:8786,636:636,05/18/23 18:38:20,STABLE BEAMS,6800,403228.079841197,390957.959427272,52.1,PLTZERO
367696:8786,637:637,05/18/23 18:38:43,STABLE BEAMS,6800,403313.537157219,386110.956131249,52.1,PLTZERO
367696:8786,638:638,05/18/23 18:39:06,STABLE BEAMS,6800,403183.507300562,390741.469891094,52.1,PLTZERO
367696:8786,639:639,05/18/23 18:39:30,STABLE BEAMS,6800,402963.420911177,390936.334017541,52.1,PLTZERO
367696:8786,640:640,05/18/23 18:39:53,STABLE BEAMS,6800,402537.225275528,390283.359467839,52.1,PLTZERO
367696:8786,641:641,05/18/23 18:40:16,STABLE BEAMS,6800,402207.233225045,384456.074973379,52.0,PLTZERO
367696:8786,642:642,05/18/23 18:40:40,STABLE BEAMS,6800,401972.258241076,389890.673077084,52.0,PLTZERO
367696:8786,643:643,05/18/23 18:41:03,STABLE BEAMS,6800,401771.065238116,384170.881578087,51.9,PLTZERO
367696:8786,644:644,05/18/23 18:41:26,STABLE BEAMS,6800,400955.234592690,388911.664647183,51.9,PLTZERO
367696:8786,645:645,05/18/23 18:41:50,STABLE BEAMS,6800,400579.758550112,384012.212098282,51.8,PLTZERO
367696:8786,646:646,05/18/23 18:42:13,STABLE BEAMS,6800,401093.141161589,389231.961744656,51.8,PLTZERO
367696:8786,647:647,05/18/23 18:42:36,STABLE BEAMS,6800,401233.642220197,389288.826059086,51.9,PLTZERO
367696:8786,648:648,05/18/23 18:43:00,STABLE BEAMS,6800,400762.191038087,278447.733703089,51.9,PLTZERO
367696:8786,649:649,05/18/23 18:43:23,STABLE BEAMS,6800,400190.850836642,327518.653277220,51.8,PLTZERO
367696:8786,651:651,05/18/23 18:44:09,STABLE BEAMS,6800,399946.996776930,387816.468301230,51.7,PLTZERO
367696:8786,652:652,05/18/23 18:44:33,STABLE BEAMS,6800,399326.710932699,387733.241826764,51.6,PLTZERO
367696:8786,653:653,05/18/23 18:44:56,STABLE BEAMS,6800,399032.321435070,387565.150130064,51.6,PLTZERO
367696:8786,654:654,05/18/23 18:45:19,STABLE BEAMS,6800,399304.950320449,387809.139392295,51.6,PLTZERO
367696:8786,655:655,05/18/23 18:45:43,STABLE BEAMS,6800,399246.444927173,387238.615068116,51.6,PLTZERO
367696:8786,656:656,05/18/23 18:46:06,STABLE BEAMS,6800,399341.555236802,387731.875815111,51.6,PLTZERO
367696:8786,657:657,05/18/23 18:46:29,STABLE BEAMS,6800,399164.265106687,387332.133251536,51.6,PLTZERO
367696:8786,658:658,05/18/23 18:46:53,STABLE BEAMS,6800,398945.544728953,387393.459249078,51.6,PLTZERO
367696:8786,659:659,05/18/23 18:47:16,STABLE BEAMS,6800,399002.728401057,387388.270269660,51.6,PLTZERO
367696:8786,660:660,05/18/23 18:47:39,STABLE BEAMS,6800,398687.895350196,386998.814752882,51.6,PLTZERO
367696:8786,661:661,05/18/23 18:48:03,STABLE BEAMS,6800,398839.189299507,387284.646863519,51.5,PLTZERO
367696:8786,662:662,05/18/23 18:48:26,STABLE BEAMS,6800,398656.936304531,387003.323057551,51.5,PLTZERO
367696:8786,663:663,05/18/23 18:48:49,STABLE BEAMS,6800,398585.819779784,386945.773406216,51.5,PLTZERO
367696:8786,664:664,05/18/23 18:49:13,STABLE BEAMS,6800,398211.847282456,386570.889457427,51.5,PLTZERO
367696:8786,665:665,05/18/23 18:49:36,STABLE BEAMS,6800,397677.382402400,386158.444850343,51.4,PLTZERO
367696:8786,667:667,05/18/23 18:50:22,STABLE BEAMS,6800,397596.934572798,385996.726320637,51.4,PLTZERO
367696:8786,668:668,05/18/23 18:50:46,STABLE BEAMS,6800,397264.982085797,385921.693585010,51.4,PLTZERO
367696:8786,669:669,05/18/23 18:51:09,STABLE BEAMS,6800,396630.765720001,385280.738072989,51.3,PLTZERO
367696:8786,671:671,05/18/23 18:51:56,STABLE BEAMS,6800,397033.741488632,385769.854163468,51.4,PLTZERO
367696:8786,672:672,05/18/23 18:52:19,STABLE BEAMS,6800,396955.932439219,385499.549362760,51.3,PLTZERO
367696:8786,673:673,05/18/23 18:52:42,STABLE BEAMS,6800,396732.023082068,385445.006801924,51.3,PLTZERO
367696:8786,674:674,05/18/23 18:53:06,STABLE BEAMS,6800,396766.441447345,385479.380876721,51.3,PLTZERO
367696:8786,675:675,05/18/23 18:53:29,STABLE BEAMS,6800,396523.044278902,385183.578745881,51.3,PLTZERO
367696:8786,678:678,05/18/23 18:54:39,STABLE BEAMS,6800,395779.285900164,384595.165729854,51.2,PLTZERO
367696:8786,680:680,05/18/23 18:55:26,STABLE BEAMS,6800,395502.924959057,384273.229884614,51.1,PLTZERO
367696:8786,681:681,05/18/23 18:55:49,STABLE BEAMS,6800,395450.293882103,384305.419739413,51.1,PLTZERO
367696:8786,682:682,05/18/23 18:56:12,STABLE BEAMS,6800,395137.099579009,383398.574488238,51.1,PLTZERO
367696:8786,683:683,05/18/23 18:56:35,STABLE BEAMS,6800,394936.636203433,383797.498843469,51.1,PLTZERO
367696:8786,684:684,05/18/23 18:56:59,STABLE BEAMS,6800,393968.420664236,383036.073225284,51.0,PLTZERO
367696:8786,685:685,05/18/23 18:57:22,STABLE BEAMS,6800,393892.203741032,382847.356151274,50.9,PLTZERO
367696:8786,686:686,05/18/23 18:57:45,STABLE BEAMS,6800,393931.405478172,382981.302218812,50.9,PLTZERO
367696:8786,687:687,05/18/23 18:58:09,STABLE BEAMS,6800,393453.124237798,382466.234238009,50.9,PLTZERO
367696:8786,688:688,05/18/23 18:58:32,STABLE BEAMS,6800,392655.184615298,381673.940486197,50.8,PLTZERO
367696:8786,689:689,05/18/23 18:58:55,STABLE BEAMS,6800,392602.371714268,381741.574380552,50.7,PLTZERO
367696:8786,690:690,05/18/23 18:59:19,STABLE BEAMS,6800,392542.456018858,381740.595327831,50.7,PLTZERO
367696:8786,691:691,05/18/23 18:59:42,STABLE BEAMS,6800,392191.929503105,381550.945822660,50.7,PLTZERO
367696:8786,692:692,05/18/23 19:00:05,STABLE BEAMS,6800,391632.379893706,381024.518499223,50.6,PLTZERO
367696:8786,693:693,05/18/23 19:00:29,STABLE BEAMS,6800,392122.815374280,374187.767710947,50.6,PLTZERO
367696:8786,694:694,05/18/23 19:00:52,STABLE BEAMS,6800,392549.969082948,382041.131877898,50.7,PLTZERO
367696:8786,697:697,05/18/23 19:02:02,STABLE BEAMS,6800,391823.008451598,380643.555099255,50.6,PLTZERO
367696:8786,698:698,05/18/23 19:02:25,STABLE BEAMS,6800,391750.707739276,381175.127111630,50.6,PLTZERO
367696:8786,700:700,05/18/23 19:03:12,STABLE BEAMS,6800,390765.419385497,375027.797276111,50.5,PLTZERO
367696:8786,701:701,05/18/23 19:03:35,STABLE BEAMS,6800,391139.757862057,379095.323086647,50.5,PLTZERO
367696:8786,702:702,05/18/23 19:03:58,STABLE BEAMS,6800,390970.936537973,375453.515040790,50.6,PLTZERO
367696:8786,706:706,05/18/23 19:05:32,STABLE BEAMS,6800,390728.676935548,365003.341742313,50.5,PLTZERO
367696:8786,707:707,05/18/23 19:05:55,STABLE BEAMS,6800,390552.890350682,380090.994061418,50.5,PLTZERO
367696:8786,709:709,05/18/23 19:06:42,STABLE BEAMS,6800,389884.388491050,374913.861181316,50.4,PLTZERO
367696:8786,717:717,05/18/23 19:09:48,STABLE BEAMS,6800,388698.317404022,378479.135277374,50.3,PLTZERO
367696:8786,720:720,05/18/23 19:10:58,STABLE BEAMS,6800,388317.787584545,377291.059463348,50.2,PLTZERO
367696:8786,721:721,05/18/23 19:11:21,STABLE BEAMS,6800,388199.319874301,378019.362795572,50.2,PLTZERO
367696:8786,722:722,05/18/23 19:11:45,STABLE BEAMS,6800,387824.435925512,377532.454235870,50.2,PLTZERO
367696:8786,723:723,05/18/23 19:12:08,STABLE BEAMS,6800,387565.376244621,377351.066070796,50.1,PLTZERO
367696:8786,724:724,05/18/23 19:12:31,STABLE BEAMS,6800,387359.539734473,368753.624167433,50.0,PLTZERO
367696:8786,725:725,05/18/23 19:12:54,STABLE BEAMS,6800,387236.339936080,373685.993867440,50.0,PLTZERO
367696:8786,726:726,05/18/23 19:13:18,STABLE BEAMS,6800,387064.194494902,373988.418590610,50.0,PLTZERO
367696:8786,727:727,05/18/23 19:13:41,STABLE BEAMS,6800,386727.873567906,368585.031288984,50.0,PLTZERO
367696:8786,728:728,05/18/23 19:14:04,STABLE BEAMS,6800,386467.676320997,373412.523462936,50.0,PLTZERO
367696:8786,729:729,05/18/23 19:14:28,STABLE BEAMS,6800,386187.946972317,372406.404596993,49.9,PLTZERO
367696:8786,730:730,05/18/23 19:14:51,STABLE BEAMS,6800,385851.807869398,372965.066065709,49.9,PLTZERO
367696:8786,733:733,05/18/23 19:16:01,STABLE BEAMS,6800,384701.427916184,372009.575880799,49.7,PLTZERO
367696:8786,736:736,05/18/23 19:17:11,STABLE BEAMS,6800,382261.309179322,369792.524981964,49.4,PLTZERO
367696:8786,737:737,05/18/23 19:17:34,STABLE BEAMS,6800,382318.357648907,369900.176490726,49.4,PLTZERO
367696:8786,739:739,05/18/23 19:18:21,STABLE BEAMS,6800,381569.543162191,289361.138802980,49.4,PLTZERO
367696:8786,740:740,05/18/23 19:18:44,STABLE BEAMS,6800,381403.453861412,368972.435457205,49.3,PLTZERO
367696:8786,741:741,05/18/23 19:19:07,STABLE BEAMS,6800,380827.036572288,368549.745762725,49.3,HFOC
367696:8786,742:742,05/18/23 19:19:31,STABLE BEAMS,6800,380461.668083510,368479.813425555,49.2,PLTZERO
367696:8786,743:743,05/18/23 19:19:54,STABLE BEAMS,6800,379791.891124263,367823.081178269,49.1,PLTZERO
367696:8786,744:744,05/18/23 19:20:17,STABLE BEAMS,6800,381299.944678089,368964.582055740,49.3,HFOC
367696:8786,745:745,05/18/23 19:20:41,STABLE BEAMS,6800,380652.296641401,368491.263680228,49.3,PLTZERO
367696:8786,746:746,05/18/23 19:21:04,STABLE BEAMS,6800,380520.604726199,368518.238913752,49.2,PLTZERO
367696:8786,747:747,05/18/23 19:21:27,STABLE BEAMS,6800,380325.696309272,368344.750771701,49.2,PLTZERO
367696:8786,748:748,05/18/23 19:21:51,STABLE BEAMS,6800,378892.241910583,367103.976279461,49.0,PLTZERO
367696:8786,749:749,05/18/23 19:22:14,STABLE BEAMS,6800,378359.895980344,365676.918358546,48.9,PLTZERO
367696:8786,750:750,05/18/23 19:22:37,STABLE BEAMS,6800,378747.460992940,367051.685539881,48.9,PLTZERO
367696:8786,751:751,05/18/23 19:23:01,STABLE BEAMS,6800,379034.384048037,367331.461510120,49.0,PLTZERO
367696:8786,752:752,05/18/23 19:23:24,STABLE BEAMS,6800,379591.793727919,367067.916835338,49.0,PLTZERO
367696:8786,753:753,05/18/23 19:23:47,STABLE BEAMS,6800,379600.626182103,367682.328363247,49.1,PLTZERO
367696:8786,754:754,05/18/23 19:24:11,STABLE BEAMS,6800,379791.504165331,367843.161083349,49.1,PLTZERO
367696:8786,755:755,05/18/23 19:24:34,STABLE BEAMS,6800,379764.438019768,362597.324344133,49.1,PLTZERO
367696:8786,756:756,05/18/23 19:24:57,STABLE BEAMS,6800,379413.477923525,367507.611743139,49.0,PLTZERO
367696:8786,757:757,05/18/23 19:25:20,STABLE BEAMS,6800,379329.911111684,367333.487216820,49.0,PLTZERO
367696:8786,758:758,05/18/23 19:25:44,STABLE BEAMS,6800,379347.962978986,367377.127326292,49.0,PLTZERO
367696:8786,760:760,05/18/23 19:26:30,STABLE BEAMS,6800,379303.572262428,284302.632146420,49.1,PLTZERO
367696:8786,761:761,05/18/23 19:26:54,STABLE BEAMS,6800,378162.619188265,366371.780047135,48.9,PLTZERO
367696:8786,762:762,05/18/23 19:27:17,STABLE BEAMS,6800,378024.642687028,277072.626184380,48.9,PLTZERO
367696:8786,763:763,05/18/23 19:27:40,STABLE BEAMS,6800,377615.818243932,365872.556402857,48.8,PLTZERO
367696:8786,764:764,05/18/23 19:28:04,STABLE BEAMS,6800,377453.757045774,365752.566498741,48.8,PLTZERO
367696:8786,765:765,05/18/23 19:28:27,STABLE BEAMS,6800,376551.284896750,364818.312433551,48.8,PLTZERO
367696:8786,767:767,05/18/23 19:29:14,STABLE BEAMS,6800,376307.568370635,364798.759352078,48.6,PLTZERO
367696:8786,769:769,05/18/23 19:30:00,STABLE BEAMS,6800,375355.194836884,364156.666274040,48.6,PLTZERO
367696:8786,770:770,05/18/23 19:30:23,STABLE BEAMS,6800,375376.183862347,364138.702987698,48.5,PLTZERO
367696:8786,771:771,05/18/23 19:30:47,STABLE BEAMS,6800,376482.695260454,365021.918102144,48.6,PLTZERO
367696:8786,772:772,05/18/23 19:31:10,STABLE BEAMS,6800,376437.598227291,364958.018594593,48.7,PLTZERO
367696:8786,773:773,05/18/23 19:31:33,STABLE BEAMS,6800,376203.511384004,362776.388424535,48.6,PLTZERO
367696:8786,774:774,05/18/23 19:31:57,STABLE BEAMS,6800,376811.799170254,361904.033802052,48.7,PLTZERO
367696:8786,776:776,05/18/23 19:32:43,STABLE BEAMS,6800,374773.928905716,363342.357822486,48.4,PLTZERO
367696:8786,777:777,05/18/23 19:33:07,STABLE BEAMS,6800,374710.712403993,292609.213804103,48.6,PLTZERO
367696:8786,778:778,05/18/23 19:33:30,STABLE BEAMS,6800,373754.264146063,356684.011419564,48.3,PLTZERO
367696:8786,779:779,05/18/23 19:33:53,STABLE BEAMS,6800,374085.692140535,362969.203533502,48.3,PLTZERO
367696:8786,781:781,05/18/23 19:34:40,STABLE BEAMS,6800,372961.264077645,356683.237501700,48.3,PLTZERO
367696:8786,783:783,05/18/23 19:35:27,STABLE BEAMS,6800,370714.666766356,359851.547679046,47.9,PLTZERO
367696:8786,784:784,05/18/23 19:35:50,STABLE BEAMS,6800,370067.746025975,359147.601779859,47.9,PLTZERO
367696:8786,785:785,05/18/23 19:36:13,STABLE BEAMS,6800,369205.976828262,358628.321541280,47.8,PLTZERO
367696:8786,786:786,05/18/23 19:36:36,STABLE BEAMS,6800,369921.279739006,354126.746693631,47.7,PLTZERO
367696:8786,787:787,05/18/23 19:37:00,STABLE BEAMS,6800,370510.991165426,359668.702590281,47.9,PLTZERO
367696:8786,788:788,05/18/23 19:37:23,STABLE BEAMS,6800,370626.498406730,354540.489711108,47.9,PLTZERO
367696:8786,789:789,05/18/23 19:37:46,STABLE BEAMS,6800,371530.474101003,360643.612985224,47.9,PLTZERO
367696:8786,790:790,05/18/23 19:38:10,STABLE BEAMS,6800,370942.058753898,360061.843541228,48.0,PLTZERO
367696:8786,791:791,05/18/23 19:38:33,STABLE BEAMS,6800,370338.528697653,359652.608828421,47.9,PLTZERO
367696:8786,793:793,05/18/23 19:39:20,STABLE BEAMS,6800,369150.452883627,358220.406218567,47.8,PLTZERO
367696:8786,794:794,05/18/23 19:39:43,STABLE BEAMS,6800,370243.259874726,359547.754613146,47.8,PLTZERO
367696:8786,795:795,05/18/23 19:40:06,STABLE BEAMS,6800,370513.746499511,359097.315767277,47.9,PLTZERO
367696:8786,796:796,05/18/23 19:40:30,STABLE BEAMS,6800,370257.943334454,355580.143463802,47.9,PLTZERO
367696:8786,797:797,05/18/23 19:40:53,STABLE BEAMS,6800,370090.168664349,359372.378297991,47.9,PLTZERO
367696:8786,798:798,05/18/23 19:41:16,STABLE BEAMS,6800,369566.291540141,358743.488445210,47.8,PLTZERO
367696:8786,799:799,05/18/23 19:41:40,STABLE BEAMS,6800,369554.158279642,353901.266189971,47.7,PLTZERO
367696:8786,800:800,05/18/23 19:42:03,STABLE BEAMS,6800,369799.056662256,358336.754978995,47.8,PLTZERO
367696:8786,801:801,05/18/23 19:42:26,STABLE BEAMS,6800,369536.514350974,354822.314698825,47.8,PLTZERO
367696:8786,802:802,05/18/23 19:42:49,STABLE BEAMS,6800,368273.795091330,357715.923662534,47.8,PLTZERO
367696:8786,803:803,05/18/23 19:43:13,STABLE BEAMS,6800,369231.334293720,358787.627405354,47.7,PLTZERO
367696:8786,804:804,05/18/23 19:43:36,STABLE BEAMS,6800,369627.277200309,359117.188206423,47.7,PLTZERO
367696:8786,805:805,05/18/23 19:43:59,STABLE BEAMS,6800,368380.173831556,353811.253947722,47.7,PLTZERO
367696:8786,806:806,05/18/23 19:44:23,STABLE BEAMS,6800,367831.960254012,357462.738297966,47.6,PLTZERO
367696:8786,807:807,05/18/23 19:44:46,STABLE BEAMS,6800,367947.010604046,356380.243995521,47.6,PLTZERO
367696:8786,808:808,05/18/23 19:45:09,STABLE BEAMS,6800,367568.940071760,357311.672794289,47.5,PLTZERO
367696:8786,809:809,05/18/23 19:45:33,STABLE BEAMS,6800,367469.435680278,357191.272620461,47.5,PLTZERO
367696:8786,811:811,05/18/23 19:46:19,STABLE BEAMS,6800,366811.635799311,356635.956248539,47.4,PLTZERO
367696:8786,812:812,05/18/23 19:46:43,STABLE BEAMS,6800,366902.396317569,356724.031365049,47.4,PLTZERO
367696:8786,813:813,05/18/23 19:47:06,STABLE BEAMS,6800,367490.448016520,357208.436347080,47.5,PLTZERO
367696:8786,815:815,05/18/23 19:47:52,STABLE BEAMS,6800,366985.760325631,356712.581110376,47.4,PLTZERO
367696:8786,816:816,05/18/23 19:48:16,STABLE BEAMS,6800,366993.203457384,356760.477768104,47.4,PLTZERO
367696:8786,817:817,05/18/23 19:48:39,STABLE BEAMS,6800,367065.436568447,352331.385456853,47.5,PLTZERO
367696:8786,818:818,05/18/23 19:49:02,STABLE BEAMS,6800,366839.179815845,356686.494017534,47.4,PLTZERO
367696:8786,820:820,05/18/23 19:49:49,STABLE BEAMS,6800,366585.947829718,356431.623283640,47.3,PLTZERO
367696:8786,822:822,05/18/23 19:50:36,STABLE BEAMS,6800,366351.793385172,356236.940981270,47.4,PLTZERO
367696:8786,823:823,05/18/23 19:50:59,STABLE BEAMS,6800,366045.293937823,355998.870325842,47.3,PLTZERO
367696:8786,824:824,05/18/23 19:51:22,STABLE BEAMS,6800,365506.595820290,355315.528824262,47.3,PLTZERO
367696:8786,825:825,05/18/23 19:51:46,STABLE BEAMS,6800,365123.448200325,354624.035543247,47.2,PLTZERO
367696:8786,826:826,05/18/23 19:52:09,STABLE BEAMS,6800,364833.268629394,354942.010887126,47.2,PLTZERO
367696:8786,828:828,05/18/23 19:52:56,STABLE BEAMS,6800,364732.946029567,354788.782143152,47.1,PLTZERO
367696:8786,829:829,05/18/23 19:53:19,STABLE BEAMS,6800,364568.565408893,354141.998936367,47.1,PLTZERO
367696:8786,830:830,05/18/23 19:53:42,STABLE BEAMS,6800,363977.532261301,354128.567265475,47.1,PLTZERO
367696:8786,831:831,05/18/23 19:54:05,STABLE BEAMS,6800,363906.779384708,354053.469259666,47.1,PLTZERO
367696:8786,832:832,05/18/23 19:54:29,STABLE BEAMS,6800,364811.552307624,354885.349376472,47.1,PLTZERO
367696:8786,833:833,05/18/23 19:54:52,STABLE BEAMS,6800,364955.764442259,355048.501519090,47.3,PLTZERO
367696:8786,834:834,05/18/23 19:55:15,STABLE BEAMS,6800,363772.241223382,353962.342762178,47.1,PLTZERO
367696:8786,835:835,05/18/23 19:55:39,STABLE BEAMS,6800,363649.360782663,353323.937449386,47.0,PLTZERO
367696:8786,836:836,05/18/23 19:56:02,STABLE BEAMS,6800,363166.753061696,353449.664136228,47.0,PLTZERO
367696:8786,837:837,05/18/23 19:56:25,STABLE BEAMS,6800,362898.658122843,353221.223163628,46.9,PLTZERO
367696:8786,838:838,05/18/23 19:56:49,STABLE BEAMS,6800,361777.099616855,352096.592296961,46.8,PLTZERO
367696:8786,840:840,05/18/23 19:57:35,STABLE BEAMS,6800,361242.543824761,351588.421975681,46.7,PLTZERO
367696:8786,841:841,05/18/23 19:57:59,STABLE BEAMS,6800,360551.689259092,350967.066166691,46.7,PLTZERO
367696:8786,842:842,05/18/23 19:58:22,STABLE BEAMS,6800,359703.440313231,350241.403945734,46.5,PLTZERO
367696:8786,843:843,05/18/23 19:58:45,STABLE BEAMS,6800,360373.786055487,350897.203761858,46.5,PLTZERO
367696:8786,844:844,05/18/23 19:59:09,STABLE BEAMS,6800,361084.035189331,351393.648761273,46.7,PLTZERO
367696:8786,845:845,05/18/23 19:59:32,STABLE BEAMS,6800,361240.107848349,351693.434704253,46.7,PLTZERO
367696:8786,847:847,05/18/23 20:00:18,STABLE BEAMS,6800,361395.066252129,351749.548411598,46.7,PLTZERO
367696:8786,848:848,05/18/23 20:00:42,STABLE BEAMS,6800,361254.269146626,351665.319573633,46.7,PLTZERO
367696:8786,849:849,05/18/23 20:01:05,STABLE BEAMS,6800,361396.341351743,351847.754392686,46.7,PLTZERO
367696:8786,850:850,05/18/23 20:01:28,STABLE BEAMS,6800,361478.383638633,351812.333663910,46.7,PLTZERO
367696:8786,851:851,05/18/23 20:01:52,STABLE BEAMS,6800,361501.512593613,345192.345147926,46.7,PLTZERO
367696:8786,852:852,05/18/23 20:02:15,STABLE BEAMS,6800,361513.282205959,351822.326994891,46.7,PLTZERO
367696:8786,853:853,05/18/23 20:02:38,STABLE BEAMS,6800,361151.713374166,346461.735952535,46.7,PLTZERO
367696:8786,854:854,05/18/23 20:03:02,STABLE BEAMS,6800,360941.279978388,351349.509801129,46.7,PLTZERO
367696:8786,855:855,05/18/23 20:03:25,STABLE BEAMS,6800,360458.993946173,345871.567634846,46.6,PLTZERO
367696:8786,858:858,05/18/23 20:04:35,STABLE BEAMS,6800,360896.956863090,351167.643765084,46.7,PLTZERO
367696:8786,859:859,05/18/23 20:04:58,STABLE BEAMS,6800,360718.939436667,351109.914620750,46.6,PLTZERO
367696:8786,860:860,05/18/23 20:05:21,STABLE BEAMS,6800,360758.868470114,347174.511974830,46.6,PLTZERO
367696:8786,861:861,05/18/23 20:05:45,STABLE BEAMS,6800,360801.734661721,351208.619452510,46.7,PLTZERO
367696:8786,862:862,05/18/23 20:06:08,STABLE BEAMS,6800,360836.996877200,344484.051788444,46.6,PLTZERO
367696:8786,864:864,05/18/23 20:06:55,STABLE BEAMS,6800,360616.045657911,351118.723764156,46.6,PLTZERO
367696:8786,865:865,05/18/23 20:07:18,STABLE BEAMS,6800,360679.579186230,351186.196814135,46.6,PLTZERO
367696:8786,866:866,05/18/23 20:07:41,STABLE BEAMS,6800,360270.162649346,350774.526124916,46.6,PLTZERO
367696:8786,867:867,05/18/23 20:08:05,STABLE BEAMS,6800,359912.372494839,345453.976007746,46.5,PLTZERO
367696:8786,870:870,05/18/23 20:09:15,STABLE BEAMS,6800,357686.216405704,348461.043195280,46.2,PLTZERO
367696:8786,871:871,05/18/23 20:09:38,STABLE BEAMS,6800,357814.880250708,348596.879766999,46.2,PLTZERO
367696:8786,872:872,05/18/23 20:10:01,STABLE BEAMS,6800,357676.246385502,347612.887492536,46.3,PLTZERO
367696:8786,873:873,05/18/23 20:10:25,STABLE BEAMS,6800,357025.728791912,347547.120791583,46.2,PLTZERO
367696:8786,874:874,05/18/23 20:10:48,STABLE BEAMS,6800,356458.689429202,346868.467087672,46.1,PLTZERO
367696:8786,875:875,05/18/23 20:11:11,STABLE BEAMS,6800,356324.675760405,347162.038376956,46.1,PLTZERO
367696:8786,878:878,05/18/23 20:12:21,STABLE BEAMS,6800,354804.990127830,345747.752431886,45.9,PLTZERO
367696:8786,879:879,05/18/23 20:12:44,STABLE BEAMS,6800,354841.368929626,345340.587716259,45.9,PLTZERO
367696:8786,880:880,05/18/23 20:13:08,STABLE BEAMS,6800,354625.471487237,345702.564486685,45.8,PLTZERO
367696:8786,883:883,05/18/23 20:14:18,STABLE BEAMS,6800,353943.060085742,345088.812653823,45.8,PLTZERO
367696:8786,884:884,05/18/23 20:14:41,STABLE BEAMS,6800,353545.434140905,344640.968297664,45.7,PLTZERO
367696:8786,885:885,05/18/23 20:15:04,STABLE BEAMS,6800,352967.604218570,344168.104482344,45.7,PLTZERO
367696:8786,887:887,05/18/23 20:15:51,STABLE BEAMS,6800,351108.273541905,342540.767341007,45.4,PLTZERO
367696:8786,889:889,05/18/23 20:16:38,STABLE BEAMS,6800,352025.932663484,343358.761226729,45.5,PLTZERO
367696:8786,890:890,05/18/23 20:17:01,STABLE BEAMS,6800,351852.831480365,343165.013686599,45.5,PLTZERO
367696:8786,891:891,05/18/23 20:17:24,STABLE BEAMS,6800,351808.349851769,343170.340199614,45.5,PLTZERO
367696:8786,892:892,05/18/23 20:17:47,STABLE BEAMS,6800,351745.928247611,343072.087596968,45.5,PLTZERO
367696:8786,893:893,05/18/23 20:18:11,STABLE BEAMS,6800,351878.212256602,343294.292936170,45.5,PLTZERO
367696:8786,895:895,05/18/23 20:18:57,STABLE BEAMS,6800,351833.730628006,343171.706211267,45.5,PLTZERO
367696:8786,896:896,05/18/23 20:19:21,STABLE BEAMS,6800,351630.353405048,342962.044402275,45.4,PLTZERO
367696:8786,897:897,05/18/23 20:19:44,STABLE BEAMS,6800,351417.938593050,342839.390076112,45.4,PLTZERO
367696:8786,898:898,05/18/23 20:20:07,STABLE BEAMS,6800,351295.876360675,342688.051836321,45.4,PLTZERO
367696:8786,899:899,05/18/23 20:20:31,STABLE BEAMS,6800,351098.235920443,342541.746393727,45.4,PLTZERO
367696:8786,902:902,05/18/23 20:21:41,STABLE BEAMS,6800,351582.661882176,342901.014451627,45.4,PLTZERO
367696:8786,903:903,05/18/23 20:22:04,STABLE BEAMS,6800,351355.109050258,342668.657268145,45.4,PLTZERO
367696:8786,904:904,05/18/23 20:22:27,STABLE BEAMS,6800,351613.031165131,342898.259117542,45.5,PLTZERO
367696:8786,905:905,05/18/23 20:22:50,STABLE BEAMS,6800,351594.932676271,342900.695093954,45.4,PLTZERO
367696:8786,906:906,05/18/23 20:23:14,STABLE BEAMS,6800,351586.076911308,342859.332447595,45.5,PLTZERO
367696:8786,907:907,05/18/23 20:23:37,STABLE BEAMS,6800,351325.264259832,342642.204196072,45.4,PLTZERO
367696:8786,908:908,05/18/23 20:24:00,STABLE BEAMS,6800,351149.841323119,338531.266721699,45.4,PLTZERO
367696:8786,909:909,05/18/23 20:24:24,STABLE BEAMS,6800,351083.552460715,342411.646604734,45.4,PLTZERO
367696:8786,910:910,05/18/23 20:24:47,STABLE BEAMS,6800,350799.657475817,342242.461632496,45.4,PLTZERO
367696:8786,911:911,05/18/23 20:25:10,STABLE BEAMS,6800,350642.309717185,341983.311039567,45.3,PLTZERO
367696:8786,912:912,05/18/23 20:25:34,STABLE BEAMS,6800,350480.362741844,341828.786216278,45.3,PLTZERO
367696:8786,913:913,05/18/23 20:25:57,STABLE BEAMS,6800,350033.110479473,341368.535863505,45.3,PLTZERO
367696:8786,914:914,05/18/23 20:26:20,STABLE BEAMS,6800,349828.024576410,337412.211793381,45.2,PLTZERO
367696:8786,915:915,05/18/23 20:26:44,STABLE BEAMS,6800,349781.587173452,341123.772683410,45.2,PLTZERO
367696:8786,916:916,05/18/23 20:27:07,STABLE BEAMS,6800,349581.464135250,341060.441958869,45.2,PLTZERO
367696:8786,917:917,05/18/23 20:27:30,STABLE BEAMS,6800,349007.389579421,340573.395865570,45.2,PLTZERO
367696:8786,918:918,05/18/23 20:27:54,STABLE BEAMS,6800,348752.497865826,339830.523296436,45.1,PLTZERO
367696:8786,919:919,05/18/23 20:28:17,STABLE BEAMS,6800,349419.267734574,340967.198842642,45.2,PLTZERO
367696:8786,920:920,05/18/23 20:28:40,STABLE BEAMS,6800,349333.285926023,340879.851022439,45.2,PLTZERO
367696:8786,921:921,05/18/23 20:29:03,STABLE BEAMS,6800,349210.699201120,264457.214855678,45.1,PLTZERO
367696:8786,922:922,05/18/23 20:29:27,STABLE BEAMS,6800,349163.030989027,340686.968312212,45.2,PLTZERO
367696:8786,923:923,05/18/23 20:29:50,STABLE BEAMS,6800,348805.697725789,340391.327025748,45.1,PLTZERO
367696:8786,924:924,05/18/23 20:30:13,STABLE BEAMS,6800,348763.561161566,340283.696496687,45.1,PLTZERO
367696:8786,925:925,05/18/23 20:30:37,STABLE BEAMS,6800,348552.169692768,340175.793231512,45.1,PLTZERO
367696:8786,926:926,05/18/23 20:31:00,STABLE BEAMS,6800,348136.014009659,339778.507624049,45.0,PLTZERO
367696:8786,927:927,05/18/23 20:31:23,STABLE BEAMS,6800,347867.462179536,339496.318988178,45.0,PLTZERO
367696:8786,928:928,05/18/23 20:31:47,STABLE BEAMS,6800,347918.340285905,339566.001900012,44.9,PLTZERO
367696:8786,929:929,05/18/23 20:32:10,STABLE BEAMS,6800,347886.812457231,333731.022517385,45.0,PLTZERO
367696:8786,930:930,05/18/23 20:32:33,STABLE BEAMS,6800,347666.154953758,339362.578055496,45.0,PLTZERO
367696:8786,931:931,05/18/23 20:32:57,STABLE BEAMS,6800,347476.027577616,339136.960018240,44.9,PLTZERO
367696:8786,932:932,05/18/23 20:33:20,STABLE BEAMS,6800,347533.849965066,339235.690491857,44.9,PLTZERO
367696:8786,933:933,05/18/23 20:33:43,STABLE BEAMS,6800,347297.348125069,335205.816251653,44.9,PLTZERO
367696:8786,934:934,05/18/23 20:34:06,STABLE BEAMS,6800,346902.999675767,338656.904827580,44.9,PLTZERO
367696:8786,935:935,05/18/23 20:34:30,STABLE BEAMS,6800,346528.388463092,333480.067994373,44.8,PLTZERO
367696:8786,936:936,05/18/23 20:34:53,STABLE BEAMS,6800,346751.139274524,338548.544671135,44.8,PLTZERO
367696:8786,937:937,05/18/23 20:35:16,STABLE BEAMS,6800,346741.623814513,338499.692271466,44.8,PLTZERO
367696:8786,938:938,05/18/23 20:35:40,STABLE BEAMS,6800,346280.690455914,329639.001740216,44.8,PLTZERO
367696:8786,939:939,05/18/23 20:36:03,STABLE BEAMS,6800,346008.175793352,333809.239505432,44.7,PLTZERO
367696:8786,940:940,05/18/23 20:36:26,STABLE BEAMS,6800,346291.935575731,330697.751683114,44.8,PLTZERO
367696:8786,941:941,05/18/23 20:36:50,STABLE BEAMS,6800,345968.657029617,334422.149819170,44.7,PLTZERO
367696:8786,942:942,05/18/23 20:37:13,STABLE BEAMS,6800,345364.763325219,327469.595742695,44.7,PLTZERO
367696:8786,943:943,05/18/23 20:37:36,STABLE BEAMS,6800,344790.621168130,333120.776625694,44.6,PLTZERO
367696:8786,944:944,05/18/23 20:38:00,STABLE BEAMS,6800,344549.750888137,329330.339052571,44.6,PLTZERO
367696:8786,945:945,05/18/23 20:38:23,STABLE BEAMS,6800,343799.707923365,332616.977075487,44.5,PLTZERO
367696:8786,946:946,05/18/23 20:38:46,STABLE BEAMS,6800,343371.258135381,327316.709667174,44.4,PLTZERO
367696:8786,947:947,05/18/23 20:39:10,STABLE BEAMS,6800,342551.147630921,331369.554349060,44.3,PLTZERO
367696:8786,948:948,05/18/23 20:39:33,STABLE BEAMS,6800,341750.249870558,330832.996161045,44.2,PLTZERO
367696:8786,949:949,05/18/23 20:39:56,STABLE BEAMS,6800,341279.525984755,325785.370976149,44.1,PLTZERO
367696:8786,950:950,05/18/23 20:40:19,STABLE BEAMS,6800,340897.583532067,330107.539074944,44.1,PLTZERO
367696:8786,951:951,05/18/23 20:40:43,STABLE BEAMS,6800,340355.903965893,329705.132089322,44.1,PLTZERO
367696:8786,952:952,05/18/23 20:41:06,STABLE BEAMS,6800,339579.205125270,328304.618152519,43.9,PLTZERO
367696:8786,953:953,05/18/23 20:41:29,STABLE BEAMS,6800,339118.020010256,328605.017168989,43.9,PLTZERO
367696:8786,954:954,05/18/23 20:41:53,STABLE BEAMS,6800,338708.692054333,327787.958045506,43.8,PLTZERO
367696:8786,955:955,05/18/23 20:42:16,STABLE BEAMS,6800,339292.531495509,328772.996973949,43.8,PLTZERO
367696:8786,956:956,05/18/23 20:42:39,STABLE BEAMS,6800,339782.332922892,329216.789916708,43.9,PLTZERO
367696:8786,957:957,05/18/23 20:43:03,STABLE BEAMS,6800,339597.166080533,322596.710488686,43.9,PLTZERO
367696:8786,958:958,05/18/23 20:43:26,STABLE BEAMS,6800,339536.954338230,328890.142963020,43.9,PLTZERO
367696:8786,959:959,05/18/23 20:43:49,STABLE BEAMS,6800,339096.825849938,328450.128697546,43.9,PLTZERO
367696:8786,960:960,05/18/23 20:44:13,STABLE BEAMS,6800,338888.327248821,328415.162528961,43.8,PLTZERO
367696:8786,961:961,05/18/23 20:44:36,STABLE BEAMS,6800,339385.229139505,328786.563847360,43.8,PLTZERO
367696:8786,962:962,05/18/23 20:44:59,STABLE BEAMS,6800,339875.347593484,329279.619459499,44.0,PLTZERO
367696:8786,964:964,05/18/23 20:45:46,STABLE BEAMS,6800,339669.783819450,329114.872859594,43.9,PLTZERO
367696:8786,965:965,05/18/23 20:46:09,STABLE BEAMS,6800,339276.484355206,328767.896575491,43.9,PLTZERO
367696:8786,967:967,05/18/23 20:46:56,STABLE BEAMS,6800,339661.133189342,329057.985234384,43.9,PLTZERO
367696:8786,968:968,05/18/23 20:47:19,STABLE BEAMS,6800,339505.379887997,324281.573970579,43.9,PLTZERO
367696:8786,969:969,05/18/23 20:47:42,STABLE BEAMS,6800,339426.046313634,328955.748819598,43.9,PLTZERO
367696:8786,971:971,05/18/23 20:48:29,STABLE BEAMS,6800,338635.687356483,328158.289399146,43.8,PLTZERO
367696:8786,972:972,05/18/23 20:48:52,STABLE BEAMS,6800,338698.722034130,328146.543097580,43.8,PLTZERO
367696:8786,973:973,05/18/23 20:49:16,STABLE BEAMS,6800,338848.580039452,328364.055976957,43.8,PLTZERO
367696:8786,974:974,05/18/23 20:49:39,STABLE BEAMS,6800,338715.727247452,328164.436451583,43.8,PLTZERO
367696:8786,975:975,05/18/23 20:50:02,STABLE BEAMS,6800,338568.396130580,323320.710651096,43.8,PLTZERO
367696:8786,980:980,05/18/23 20:51:59,STABLE BEAMS,6800,337806.310817347,327384.047514635,43.7,PLTZERO
367696:8786,983:983,05/18/23 20:53:09,STABLE BEAMS,6800,337857.188923716,327471.166889204,43.7,PLTZERO
367696:8786,984:984,05/18/23 20:53:32,STABLE BEAMS,6800,337585.312976500,327217.934903077,43.7,PLTZERO
367696:8786,985:985,05/18/23 20:53:55,STABLE BEAMS,6800,337463.933749952,327045.996927833,43.6,PLTZERO
367696:8786,989:989,05/18/23 20:55:29,STABLE BEAMS,6800,336803.492757718,326588.385355249,43.6,PLTZERO
367696:8786,991:991,05/18/23 20:56:15,STABLE BEAMS,6800,336289.653254972,326020.821500011,43.5,PLTZERO
367696:8786,992:992,05/18/23 20:56:39,STABLE BEAMS,6800,336127.228408660,325937.436512247,43.5,PLTZERO
367696:8786,994:994,05/18/23 20:57:25,STABLE BEAMS,6800,335289.338773013,325345.538534751,43.4,PLTZERO
367696:8786,995:995,05/18/23 20:57:48,STABLE BEAMS,6800,335769.372983972,325677.353488156,43.4,PLTZERO
367696:8786,996:996,05/18/23 20:58:12,STABLE BEAMS,6800,335594.814877162,325547.663968874,43.4,PLTZERO
367696:8786,997:997,05/18/23 20:58:35,STABLE BEAMS,6800,335133.788275446,325120.808638177,43.4,PLTZERO
367696:8786,998:998,05/18/23 20:58:58,STABLE BEAMS,6800,334554.615652237,324517.437095230,43.3,PLTZERO
367696:8786,999:999,05/18/23 20:59:22,STABLE BEAMS,6800,334352.809575788,324026.316277752,43.2,PLTZERO
367696:8786,1000:1000,05/18/23 20:59:45,STABLE BEAMS,6800,333768.720709276,323854.786241141,43.2,PLTZERO
367696:8786,1001:1001,05/18/23 21:00:08,STABLE BEAMS,6800,333168.421527008,322815.932048168,43.1,PLTZERO
367696:8786,1002:1002,05/18/23 21:00:32,STABLE BEAMS,6800,332667.286398847,323012.570124901,43.0,PLTZERO
367696:8786,1003:1003,05/18/23 21:00:55,STABLE BEAMS,6800,332918.331833898,323161.563300320,43.0,PLTZERO
367696:8786,1004:1004,05/18/23 21:01:18,STABLE BEAMS,6800,332866.703120444,323175.358619366,43.0,PLTZERO
367696:8786,1005:1005,05/18/23 21:01:42,STABLE BEAMS,6800,332510.439821964,316898.544399420,43.0,PLTZERO
367696:8786,1006:1006,05/18/23 21:02:05,STABLE BEAMS,6800,332270.888932066,321707.213119285,43.0,PLTZERO
367696:8786,1007:1007,05/18/23 21:02:28,STABLE BEAMS,6800,332077.891999022,322491.334111960,43.0,PLTZERO
367696:8786,1008:1008,05/18/23 21:02:52,STABLE BEAMS,6800,331877.132576552,322314.887832046,42.9,PLTZERO
367696:8786,1009:1009,05/18/23 21:03:15,STABLE BEAMS,6800,331103.711231464,316847.440178495,42.9,PLTZERO
367696:8786,1010:1010,05/18/23 21:03:38,STABLE BEAMS,6800,331178.492210678,321763.373448188,42.8,PLTZERO
367696:8786,1011:1011,05/18/23 21:04:01,STABLE BEAMS,6800,331677.147071947,322192.506241999,42.9,PLTZERO
367696:8786,1012:1012,05/18/23 21:04:25,STABLE BEAMS,6800,331553.513693064,322121.867588223,42.9,PLTZERO
367696:8786,1013:1013,05/18/23 21:04:48,STABLE BEAMS,6800,331474.338631998,322068.005702135,42.8,PLTZERO
367696:8786,1014:1014,05/18/23 21:05:11,STABLE BEAMS,6800,331181.177612425,317102.287601610,42.8,PLTZERO
367696:8786,1015:1015,05/18/23 21:05:35,STABLE BEAMS,6800,331007.234910182,321546.678777155,42.8,PLTZERO
367696:8786,1017:1017,05/18/23 21:06:21,STABLE BEAMS,6800,330603.485223687,316597.872646836,42.7,PLTZERO
367696:8786,1018:1018,05/18/23 21:06:45,STABLE BEAMS,6800,330786.829163124,293973.805830380,42.7,PLTZERO
367696:8786,1019:1019,05/18/23 21:07:08,STABLE BEAMS,6800,330921.276412411,173567.177947198,42.8,PLTZERO
367696:8786,1020:1020,05/18/23 21:07:31,STABLE BEAMS,6800,330521.123579124,321081.577451260,42.8,PLTZERO
367696:8786,1021:1021,05/18/23 21:07:55,STABLE BEAMS,6800,330127.229690013,320580.146276206,42.7,PLTZERO
367696:8786,1022:1022,05/18/23 21:08:18,STABLE BEAMS,6800,330165.883623845,316140.808877560,42.7,PLTZERO
367696:8786,1023:1023,05/18/23 21:08:41,STABLE BEAMS,6800,330264.432273385,320856.574818572,42.7,PLTZERO
367696:8786,1024:1024,05/18/23 21:09:04,STABLE BEAMS,6800,330155.776070046,320806.400697730,42.7,PLTZERO
367696:8786,1025:1025,05/18/23 21:09:28,STABLE BEAMS,6800,329918.707778118,316061.179256302,42.7,PLTZERO
367696:8786,1026:1026,05/18/23 21:09:51,STABLE BEAMS,6800,329574.008957129,320339.753867184,42.6,PLTZERO
367696:8786,1027:1027,05/18/23 21:10:14,STABLE BEAMS,6800,329508.901951223,319164.039759291,42.6,PLTZERO
367696:8786,1028:1028,05/18/23 21:10:38,STABLE BEAMS,6800,329315.814106141,320093.738898253,42.6,PLTZERO
367696:8786,1029:1029,05/18/23 21:11:01,STABLE BEAMS,6800,329156.827599740,319894.867648887,42.6,PLTZERO
367696:8786,1030:1030,05/18/23 21:11:24,STABLE BEAMS,6800,328663.545873044,319539.811848763,42.5,PLTZERO
367696:8786,1031:1031,05/18/23 21:11:48,STABLE BEAMS,6800,328831.889326158,314300.872769070,42.5,PLTZERO
367696:8786,1032:1032,05/18/23 21:12:11,STABLE BEAMS,6800,329108.112733668,319848.019976217,42.6,PLTZERO
367696:8786,1033:1033,05/18/23 21:12:34,STABLE BEAMS,6800,328926.337609662,319719.901603443,42.5,PLTZERO
367696:8786,1034:1034,05/18/23 21:12:58,STABLE BEAMS,6800,328716.859955825,319513.610533103,42.5,PLTZERO
367696:8786,1036:1036,05/18/23 21:13:44,STABLE BEAMS,6800,328690.066546377,319510.559152125,42.5,PLTZERO
367696:8786,1037:1037,05/18/23 21:14:08,STABLE BEAMS,6800,328383.951726882,319229.897372282,42.5,PLTZERO
367696:8786,1038:1038,05/18/23 21:14:31,STABLE BEAMS,6800,328103.858730049,318981.059468008,42.4,PLTZERO
367696:8786,1039:1039,05/18/23 21:14:54,STABLE BEAMS,6800,328238.077533701,319081.950850843,42.4,PLTZERO
367696:8786,1040:1040,05/18/23 21:15:17,STABLE BEAMS,6800,328199.470221428,319080.948487343,42.4,PLTZERO
367696:8786,1041:1041,05/18/23 21:15:41,STABLE BEAMS,6800,328064.976350582,319047.667688084,42.4,PLTZERO
367696:8786,1042:1042,05/18/23 21:16:04,STABLE BEAMS,6800,327832.097005650,318821.023976550,42.4,PLTZERO
367696:8786,1043:1043,05/18/23 21:16:27,STABLE BEAMS,6800,327751.807689345,314250.927093863,42.4,PLTZERO
367696:8786,1044:1044,05/18/23 21:16:51,STABLE BEAMS,6800,327497.482427681,318575.351676071,42.3,PLTZERO
367696:8786,1045:1045,05/18/23 21:17:14,STABLE BEAMS,6800,326870.072809370,318063.174231872,42.3,PLTZERO
367696:8786,1046:1046,05/18/23 21:17:37,STABLE BEAMS,6800,326578.459625527,317758.199309473,42.2,PLTZERO
367696:8786,1047:1047,05/18/23 21:18:01,STABLE BEAMS,6800,326862.650657319,318043.094326792,42.3,PLTZERO
367696:8786,1048:1048,05/18/23 21:18:24,STABLE BEAMS,6800,326563.116470752,317680.366949281,42.3,PLTZERO
367696:8786,1049:1049,05/18/23 21:18:47,STABLE BEAMS,6800,326315.735490169,312849.571637936,42.2,PLTZERO
367696:8786,1050:1050,05/18/23 21:19:11,STABLE BEAMS,6800,326241.136335031,317339.992277807,42.2,PLTZERO
367696:8786,1051:1051,05/18/23 21:19:34,STABLE BEAMS,6800,326304.126722198,317427.386719568,42.2,PLTZERO
367696:8786,1052:1052,05/18/23 21:19:57,STABLE BEAMS,6800,326090.686235922,261501.275199849,42.2,PLTZERO
367696:8786,1053:1053,05/18/23 21:20:21,STABLE BEAMS,6800,325833.130100280,291638.061106745,42.1,PLTZERO
367696:8786,1054:1054,05/18/23 21:20:44,STABLE BEAMS,6800,325730.439125302,317008.519992854,42.1,PLTZERO
367696:8786,1055:1055,05/18/23 21:21:07,STABLE BEAMS,6800,325413.512766481,316759.432663244,42.1,PLTZERO
367696:8786,1057:1057,05/18/23 21:21:54,STABLE BEAMS,6800,324363.322541652,315782.997743351,41.9,PLTZERO
367696:8786,1058:1058,05/18/23 21:22:17,STABLE BEAMS,6800,324183.209476193,315602.840387412,41.9,PLTZERO
367696:8786,1059:1059,05/18/23 21:22:40,STABLE BEAMS,6800,324173.647394624,315593.597663516,41.9,PLTZERO
367696:8786,1060:1060,05/18/23 21:23:04,STABLE BEAMS,6800,323587.896469566,315079.916674067,41.9,PLTZERO
367696:8786,1061:1061,05/18/23 21:23:27,STABLE BEAMS,6800,323000.597708778,314537.600723624,41.8,PLTZERO
367696:8786,1062:1062,05/18/23 21:23:50,STABLE BEAMS,6800,323639.184845646,314663.397342804,41.7,PLTZERO
367696:8786,1063:1063,05/18/23 21:24:14,STABLE BEAMS,6800,324212.371260793,315645.363910567,41.9,PLTZERO
367696:8786,1064:1064,05/18/23 21:24:37,STABLE BEAMS,6800,324440.311051643,315835.104327777,41.9,PLTZERO
367696:8786,1065:1065,05/18/23 21:25:00,STABLE BEAMS,6800,324386.677611189,315780.696969458,41.9,PLTZERO
367696:8786,1066:1066,05/18/23 21:25:24,STABLE BEAMS,6800,324199.713507765,315583.944669908,41.9,PLTZERO
367696:8786,1067:1067,05/18/23 21:25:47,STABLE BEAMS,6800,323975.461482162,315422.044316126,41.9,PLTZERO
367696:8786,1068:1068,05/18/23 21:26:10,STABLE BEAMS,6800,324260.039472886,315688.980709260,41.8,PLTZERO
367696:8786,1069:1069,05/18/23 21:26:33,STABLE BEAMS,6800,324163.085280633,315541.216011897,41.9,PLTZERO
367696:8786,1070:1070,05/18/23 21:26:57,STABLE BEAMS,6800,324160.080521213,311077.201822542,41.9,PLTZERO
367696:8786,1071:1071,05/18/23 21:27:20,STABLE BEAMS,6800,324076.695533449,315122.624352376,41.9,PLTZERO
367696:8786,1072:1072,05/18/23 21:27:43,STABLE BEAMS,6800,323889.866632544,315367.226688096,41.9,PLTZERO
367696:8786,1073:1073,05/18/23 21:28:07,STABLE BEAMS,6800,323544.144468354,315001.676375241,41.9,PLTZERO
367696:8786,1074:1074,05/18/23 21:28:30,STABLE BEAMS,6800,322854.471759183,314376.383375668,41.8,PLTZERO
367696:8786,1075:1075,05/18/23 21:28:53,STABLE BEAMS,6800,323035.769012218,314521.369428167,41.7,PLTZERO
367696:8786,1076:1076,05/18/23 21:29:17,STABLE BEAMS,6800,323420.783825586,314868.299090712,41.8,PLTZERO
367696:8786,1077:1077,05/18/23 21:29:40,STABLE BEAMS,6800,323175.472842183,314634.188936646,41.8,PLTZERO
367696:8786,1078:1078,05/18/23 21:30:03,STABLE BEAMS,6800,323180.048748112,314680.083198453,41.8,PLTZERO
367696:8786,1079:1079,05/18/23 21:30:27,STABLE BEAMS,6800,322851.513621321,314133.941949167,41.7,PLTZERO
367696:8786,1080:1080,05/18/23 21:30:50,STABLE BEAMS,6800,322732.136790693,314302.215469944,41.7,PLTZERO
367696:8786,1081:1081,05/18/23 21:31:13,STABLE BEAMS,6800,322781.739797448,313716.124207511,41.7,PLTZERO
367696:8786,1082:1082,05/18/23 21:31:37,STABLE BEAMS,6800,322722.574709124,314248.241692116,41.7,PLTZERO
367696:8786,1083:1083,05/18/23 21:32:00,STABLE BEAMS,6800,322385.183817370,313978.438073158,41.7,PLTZERO
367696:8786,1084:1084,05/18/23 21:32:23,STABLE BEAMS,6800,322184.878955091,313715.690627021,41.7,PLTZERO
367696:8786,1085:1085,05/18/23 21:32:46,STABLE BEAMS,6800,322106.046562477,313715.030931973,41.6,PLTZERO
367696:8786,1086:1086,05/18/23 21:33:10,STABLE BEAMS,6800,321998.210898561,313617.053396520,41.6,PLTZERO
367696:8786,1087:1087,05/18/23 21:33:33,STABLE BEAMS,6800,321865.698443935,313478.552402755,41.6,PLTZERO
367696:8786,1088:1088,05/18/23 21:33:56,STABLE BEAMS,6800,321754.107413513,313341.102725125,41.6,PLTZERO
367696:8786,1089:1089,05/18/23 21:34:20,STABLE BEAMS,6800,321391.470948040,313050.421972444,41.6,PLTZERO
367696:8786,1090:1090,05/18/23 21:34:43,STABLE BEAMS,6800,321187.114672362,308361.267616803,41.5,PLTZERO
367696:8786,1091:1091,05/18/23 21:35:06,STABLE BEAMS,6800,320899.303476582,312614.529052707,41.5,PLTZERO
367696:8786,1092:1092,05/18/23 21:35:30,STABLE BEAMS,6800,320581.421375820,312309.190482155,41.4,PLTZERO
367696:8786,1093:1093,05/18/23 21:35:53,STABLE BEAMS,6800,319784.211380705,307126.936223895,41.3,PLTZERO
367696:8786,1094:1094,05/18/23 21:36:16,STABLE BEAMS,6800,319992.367313369,311726.693741853,41.3,PLTZERO
367696:8786,1095:1095,05/18/23 21:36:40,STABLE BEAMS,6800,320668.153791456,312282.578896784,41.5,PLTZERO
367696:8786,1096:1096,05/18/23 21:37:03,STABLE BEAMS,6800,320635.213329571,312368.332259700,41.4,PLTZERO
367696:8786,1097:1097,05/18/23 21:37:26,STABLE BEAMS,6800,320508.847927383,312224.120125066,41.4,PLTZERO
367696:8786,1098:1098,05/18/23 21:37:50,STABLE BEAMS,6800,320448.020780512,312195.755569110,41.4,PLTZERO
367696:8786,1099:1099,05/18/23 21:38:13,STABLE BEAMS,6800,319985.173606952,311662.656700706,41.4,PLTZERO
367696:8786,1100:1100,05/18/23 21:38:36,STABLE BEAMS,6800,320073.362946280,307428.085847450,41.4,PLTZERO
367696:8786,1101:1101,05/18/23 21:38:59,STABLE BEAMS,6800,320203.304221975,311939.290377928,41.4,PLTZERO
367696:8786,1102:1102,05/18/23 21:39:23,STABLE BEAMS,6800,320100.657537477,307401.588484896,41.4,PLTZERO
367696:8786,1103:1103,05/18/23 21:39:46,STABLE BEAMS,6800,320052.830812086,311830.727417705,41.4,PLTZERO
367696:8786,1104:1104,05/18/23 21:40:09,STABLE BEAMS,6800,319440.489281358,311276.937901811,41.4,PLTZERO
367696:8786,1105:1105,05/18/23 21:40:33,STABLE BEAMS,6800,319220.584716049,310702.136049676,41.3,PLTZERO
367696:8786,1106:1106,05/18/23 21:40:56,STABLE BEAMS,6800,319660.575670744,311474.669254082,41.3,PLTZERO
367696:8786,1107:1107,05/18/23 21:41:19,STABLE BEAMS,6800,319734.424218795,306006.310149069,41.3,PLTZERO
367696:8786,1108:1108,05/18/23 21:41:43,STABLE BEAMS,6800,319389.792999066,311233.798974089,41.3,PLTZERO
367696:8786,1109:1109,05/18/23 21:42:06,STABLE BEAMS,6800,319448.890486130,311322.557096425,41.3,PLTZERO
367696:8786,1110:1110,05/18/23 21:42:29,STABLE BEAMS,6800,318998.018059771,310878.514728330,41.3,PLTZERO
367696:8786,1111:1111,05/18/23 21:42:53,STABLE BEAMS,6800,318864.892531657,306861.524355711,41.2,PLTZERO
367696:8786,1112:1112,05/18/23 21:43:16,STABLE BEAMS,6800,318979.805348094,250978.665986532,41.2,PLTZERO
367696:8786,1113:1113,05/18/23 21:43:39,STABLE BEAMS,6800,318829.243357245,310685.585396545,41.2,PLTZERO
367696:8786,1114:1114,05/18/23 21:44:02,STABLE BEAMS,6800,318269.010742020,310170.221368849,41.1,PLTZERO
367696:8786,1115:1115,05/18/23 21:44:26,STABLE BEAMS,6800,318333.614235098,310237.535905531,41.2,PLTZERO
367696:8786,1116:1116,05/18/23 21:44:49,STABLE BEAMS,6800,318314.720848672,310073.745047567,41.2,PLTZERO
367696:8786,1117:1117,05/18/23 21:45:12,STABLE BEAMS,6800,318213.486797385,310042.762691122,41.1,PLTZERO
367696:8786,1118:1118,05/18/23 21:45:36,STABLE BEAMS,6800,318052.975766034,310033.021116555,41.1,PLTZERO
367696:8786,1119:1119,05/18/23 21:45:59,STABLE BEAMS,6800,317681.187488703,309077.481979008,41.1,PLTZERO
367696:8786,1120:1120,05/18/23 21:46:22,STABLE BEAMS,6800,317458.003096781,309517.792291376,41.0,PLTZERO
367696:8786,1121:1121,05/18/23 21:46:46,STABLE BEAMS,6800,317730.834785938,309783.316051299,41.0,PLTZERO
367696:8786,1122:1122,05/18/23 21:47:09,STABLE BEAMS,6800,317919.621792285,309980.753687754,41.1,PLTZERO
367696:8786,1123:1123,05/18/23 21:47:32,STABLE BEAMS,6800,317576.470807025,309653.514640278,41.1,PLTZERO
367696:8786,1124:1124,05/18/23 21:47:56,STABLE BEAMS,6800,317450.105404837,309509.666153797,41.0,PLTZERO
367696:8786,1125:1125,05/18/23 21:48:19,STABLE BEAMS,6800,317499.799323630,309581.328150773,41.0,PLTZERO
367696:8786,1126:1126,05/18/23 21:48:42,STABLE BEAMS,6800,316919.738559739,303387.013108988,41.0,PLTZERO
367696:8786,1127:1127,05/18/23 21:49:06,STABLE BEAMS,6800,316049.659069292,308281.819819622,40.9,PLTZERO
367696:8786,1128:1128,05/18/23 21:49:29,STABLE BEAMS,6800,315486.330782608,307772.101662613,40.8,PLTZERO
367696:8786,1129:1129,05/18/23 21:49:52,STABLE BEAMS,6800,315398.323267358,307648.444972951,40.8,PLTZERO
367696:8786,1130:1130,05/18/23 21:50:15,STABLE BEAMS,6800,314596.880034766,306925.628998117,40.7,PLTZERO
367696:8786,1131:1131,05/18/23 21:50:39,STABLE BEAMS,6800,314060.480360048,306321.096578372,40.6,PLTZERO
367696:8786,1132:1132,05/18/23 21:51:02,STABLE BEAMS,6800,313778.200812139,306173.970596356,40.6,PLTZERO
367696:8786,1133:1133,05/18/23 21:51:25,STABLE BEAMS,6800,314241.754302304,306563.948274585,40.6,PLTZERO
367696:8786,1134:1134,05/18/23 21:51:49,STABLE BEAMS,6800,313586.935869979,305819.688714097,40.6,PLTZERO
367696:8786,1135:1135,05/18/23 21:52:12,STABLE BEAMS,6800,313338.505904338,305747.388001775,40.5,PLTZERO
367696:8786,1136:1136,05/18/23 21:52:35,STABLE BEAMS,6800,312871.859073792,305308.557923877,40.5,PLTZERO
367696:8786,1137:1137,05/18/23 21:52:59,STABLE BEAMS,6800,312157.989775960,304722.464330366,40.4,PLTZERO
367696:8786,1138:1138,05/18/23 21:53:22,STABLE BEAMS,6800,311644.877569520,304129.792435006,40.3,PLTZERO
367696:8786,1139:1139,05/18/23 21:53:45,STABLE BEAMS,6800,311396.883515447,303886.304354525,40.3,PLTZERO
367696:8786,1140:1140,05/18/23 21:54:09,STABLE BEAMS,6800,310985.142893891,303540.673102373,40.2,PLTZERO
367696:8786,1141:1141,05/18/23 21:54:32,STABLE BEAMS,6800,310563.772589507,303239.521147740,40.1,PLTZERO
367696:8786,1142:1142,05/18/23 21:54:55,STABLE BEAMS,6800,310271.226974501,302919.704252316,40.1,PLTZERO
367696:8786,1143:1143,05/18/23 21:55:18,STABLE BEAMS,6800,309815.186548426,302454.194987788,40.1,PLTZERO
367696:8786,1144:1144,05/18/23 21:55:42,STABLE BEAMS,6800,310054.373790170,302736.155178024,40.0,PLTZERO
367696:8786,1145:1145,05/18/23 21:56:05,STABLE BEAMS,6800,310153.216155527,302794.977597895,40.1,PLTZERO
367696:8786,1146:1146,05/18/23 21:56:28,STABLE BEAMS,6800,309856.915174015,302555.722754891,40.1,PLTZERO
367696:8786,1147:1147,05/18/23 21:56:52,STABLE BEAMS,6800,309598.400965354,302290.858690015,40.0,PLTZERO
367696:8786,1148:1148,05/18/23 21:57:15,STABLE BEAMS,6800,310318.827585335,302876.224987219,40.0,PLTZERO
367696:8786,1149:1149,05/18/23 21:57:38,STABLE BEAMS,6800,310511.027289735,303198.317014679,40.1,PLTZERO
367696:8786,1150:1150,05/18/23 21:58:02,STABLE BEAMS,6800,310428.938381287,303057.792645292,40.1,PLTZERO
367696:8786,1151:1151,05/18/23 21:58:25,STABLE BEAMS,6800,310344.119780611,303020.754148449,40.1,PLTZERO
367696:8786,1152:1152,05/18/23 21:58:48,STABLE BEAMS,6800,310126.126699185,302779.587821562,40.1,PLTZERO
367696:8786,1153:1153,05/18/23 21:59:12,STABLE BEAMS,6800,310058.630338426,302814.442098408,40.1,PLTZERO
367696:8786,1156:1156,05/18/23 22:00:22,STABLE BEAMS,6800,310099.377580217,302804.243632570,40.1,PLTZERO
367696:8786,1158:1158,05/18/23 22:01:08,STABLE BEAMS,6800,309723.446977448,302437.621023878,40.0,PLTZERO
367696:8786,1159:1159,05/18/23 22:01:31,STABLE BEAMS,6800,309702.070993053,302375.838135067,40.0,PLTZERO
367696:8786,1160:1160,05/18/23 22:01:55,STABLE BEAMS,6800,309502.721872716,302178.402829690,40.0,PLTZERO
367696:8786,1161:1161,05/18/23 22:02:18,STABLE BEAMS,6800,309237.060579197,301973.386858965,40.0,PLTZERO
367696:8786,1163:1163,05/18/23 22:03:05,STABLE BEAMS,6800,308508.190795042,301373.861594561,39.9,PLTZERO
367696:8786,1164:1164,05/18/23 22:03:28,STABLE BEAMS,6800,308260.739882121,296746.650972108,39.9,PLTZERO
367696:8786,1165:1165,05/18/23 22:03:51,STABLE BEAMS,6800,307726.664292075,300560.581148364,39.8,PLTZERO
367696:8786,1167:1167,05/18/23 22:04:38,STABLE BEAMS,6800,307943.244740291,300800.516666117,39.7,PLTZERO
367696:8786,1168:1168,05/18/23 22:05:01,STABLE BEAMS,6800,308054.472122560,300911.289488194,39.8,PLTZERO
367696:8786,1170:1170,05/18/23 22:05:48,STABLE BEAMS,6800,307990.822040346,296564.442267611,39.8,PLTZERO
367696:8786,1171:1171,05/18/23 22:06:11,STABLE BEAMS,6800,308013.950995326,300910.037699359,39.8,PLTZERO
367696:8786,1172:1172,05/18/23 22:06:35,STABLE BEAMS,6800,307861.041609026,300244.223572552,39.8,PLTZERO
367696:8786,1173:1173,05/18/23 22:06:58,STABLE BEAMS,6800,307541.385557977,300464.491786015,39.8,PLTZERO
367696:8786,1175:1175,05/18/23 22:07:44,STABLE BEAMS,6800,307759.854179296,300698.692852119,39.8,PLTZERO
367696:8786,1176:1176,05/18/23 22:08:08,STABLE BEAMS,6800,307599.844329696,300512.798713454,39.8,PLTZERO
367696:8786,1177:1177,05/18/23 22:08:31,STABLE BEAMS,6800,307483.903507901,300409.105374976,39.7,PLTZERO
367696:8786,1179:1179,05/18/23 22:09:18,STABLE BEAMS,6800,306909.330101400,299880.218764348,39.7,PLTZERO
367696:8786,1181:1181,05/18/23 22:10:04,STABLE BEAMS,6800,307137.155669433,300066.728307581,39.7,PLTZERO
367696:8786,1182:1182,05/18/23 22:10:28,STABLE BEAMS,6800,306948.781263876,299943.004016660,39.7,PLTZERO
367696:8786,1183:1183,05/18/23 22:10:51,STABLE BEAMS,6800,306762.840503652,299694.872428991,39.7,PLTZERO
367696:8786,1185:1185,05/18/23 22:11:38,STABLE BEAMS,6800,306239.623074491,299259.228934590,39.6,PLTZERO
367696:8786,1188:1188,05/18/23 22:12:47,STABLE BEAMS,6800,305674.404283626,295021.196430644,39.4,PLTZERO
367696:8786,1189:1189,05/18/23 22:13:11,STABLE BEAMS,6800,305699.743100461,298717.139098705,39.6,PLTZERO
367696:8786,1191:1191,05/18/23 22:13:57,STABLE BEAMS,6800,305398.250808453,298485.716677463,39.5,PLTZERO
367696:8786,1192:1192,05/18/23 22:14:21,STABLE BEAMS,6800,305571.487194091,294327.952510121,39.5,PLTZERO
367696:8786,1193:1193,05/18/23 22:14:44,STABLE BEAMS,6800,305425.976649063,298437.409750024,39.5,PLTZERO
367696:8786,1194:1194,05/18/23 22:15:07,STABLE BEAMS,6800,305477.220734663,298487.059378337,39.5,PLTZERO
367696:8786,1195:1195,05/18/23 22:15:31,STABLE BEAMS,6800,305264.213828877,294933.666786364,39.5,PLTZERO
367696:8786,1196:1196,05/18/23 22:15:54,STABLE BEAMS,6800,305016.170822169,298105.981755552,39.5,PLTZERO
367696:8786,1198:1198,05/18/23 22:16:41,STABLE BEAMS,6800,304114.768637904,297238.270640258,39.4,PLTZERO
367696:8786,1199:1199,05/18/23 22:17:04,STABLE BEAMS,6800,303810.886991043,296973.292352565,39.3,PLTZERO
367696:8786,1200:1200,05/18/23 22:17:27,STABLE BEAMS,6800,302850.408299414,296043.569902823,39.2,PLTZERO
367696:8786,1201:1201,05/18/23 22:17:51,STABLE BEAMS,6800,302595.311450963,292484.351947164,39.1,PLTZERO
367696:8786,1202:1202,05/18/23 22:18:14,STABLE BEAMS,6800,302735.516462678,295960.707076511,39.1,PLTZERO
367696:8786,1204:1204,05/18/23 22:19:00,STABLE BEAMS,6800,301575.532468492,294890.621101758,39.0,PLTZERO
367696:8786,1205:1205,05/18/23 22:19:24,STABLE BEAMS,6800,301662.789376657,294941.953768318,39.0,PLTZERO
367696:8786,1206:1206,05/18/23 22:19:47,STABLE BEAMS,6800,302359.811974465,295644.281899439,39.1,PLTZERO
367696:8786,1207:1207,05/18/23 22:20:10,STABLE BEAMS,6800,302200.394218652,295430.228339673,39.1,PLTZERO
367696:8786,1208:1208,05/18/23 22:20:34,STABLE BEAMS,6800,302378.206510219,295587.074916556,39.1,PLTZERO
367696:8786,1209:1209,05/18/23 22:20:57,STABLE BEAMS,6800,301899.060439942,235324.249371911,39.1,PLTZERO
367696:8786,1210:1210,05/18/23 22:21:20,STABLE BEAMS,6800,301973.319257705,295228.331351186,39.0,PLTZERO
367696:8786,1212:1212,05/18/23 22:22:07,STABLE BEAMS,6800,302189.034876018,295422.374938209,39.2,PLTZERO
367696:8786,1214:1214,05/18/23 22:22:54,STABLE BEAMS,6800,301511.882386278,294773.293288610,39.0,PLTZERO
367696:8786,1215:1215,05/18/23 22:23:17,STABLE BEAMS,6800,300538.317023287,293968.432695808,39.0,PLTZERO
367696:8786,1217:1217,05/18/23 22:24:04,STABLE BEAMS,6800,298780.856782178,292238.472180752,38.7,PLTZERO
367696:8786,1218:1218,05/18/23 22:24:27,STABLE BEAMS,6800,298604.706549158,288567.707485150,38.6,PLTZERO
367696:8786,1219:1219,05/18/23 22:24:50,STABLE BEAMS,6800,298701.705031891,292234.215632496,38.7,PLTZERO
367696:8786,1220:1220,05/18/23 22:25:13,STABLE BEAMS,6800,298234.964958229,291782.956247205,38.6,PLTZERO
367696:8786,1221:1221,05/18/23 22:25:37,STABLE BEAMS,6800,297081.468353855,290688.442907079,38.4,PLTZERO
367696:8786,1222:1222,05/18/23 22:26:00,STABLE BEAMS,6800,297243.869889387,290853.119574647,38.4,PLTZERO
367696:8786,1223:1223,05/18/23 22:26:23,STABLE BEAMS,6800,298374.079025483,291933.951818545,38.6,PLTZERO
367696:8786,1224:1224,05/18/23 22:26:47,STABLE BEAMS,6800,298520.158353520,292077.369055613,38.6,PLTZERO
367696:8786,1225:1225,05/18/23 22:27:10,STABLE BEAMS,6800,298932.878027796,292427.485301655,38.7,PLTZERO
367696:8786,1226:1226,05/18/23 22:27:33,STABLE BEAMS,6800,299132.998734920,292645.205646967,38.6,PLTZERO
367696:8786,1227:1227,05/18/23 22:27:57,STABLE BEAMS,6800,299313.841427764,292855.615731966,38.7,PLTZERO
367696:8786,1228:1228,05/18/23 22:28:20,STABLE BEAMS,6800,299227.903909694,292747.099393301,38.7,PLTZERO
367696:8786,1229:1229,05/18/23 22:28:43,STABLE BEAMS,6800,299159.041537282,292698.358885372,38.7,PLTZERO
367696:8786,1230:1230,05/18/23 22:29:07,STABLE BEAMS,6800,299487.669907190,288655.533176324,38.7,PLTZERO
367696:8786,1232:1232,05/18/23 22:29:53,STABLE BEAMS,6800,299609.391802190,293145.953816195,38.7,PLTZERO
367696:8786,1233:1233,05/18/23 22:30:16,STABLE BEAMS,6800,299557.010150572,293058.219037059,38.7,PLTZERO
367696:8786,1234:1234,05/18/23 22:30:40,STABLE BEAMS,6800,299753.170356334,293280.445355962,38.7,PLTZERO
367696:8786,1235:1235,05/18/23 22:31:03,STABLE BEAMS,6800,299882.974098433,293374.555633170,38.8,PLTZERO
367696:8786,1236:1236,05/18/23 22:31:26,STABLE BEAMS,6800,299531.764576853,293040.486527431,38.7,PLTZERO
367696:8786,1237:1237,05/18/23 22:31:50,STABLE BEAMS,6800,299286.409302970,292820.740475419,38.7,PLTZERO
367696:8786,1238:1238,05/18/23 22:32:13,STABLE BEAMS,6800,299445.624255005,292907.496201834,38.7,PLTZERO
367696:8786,1239:1239,05/18/23 22:32:36,STABLE BEAMS,6800,299347.849523330,292904.559043673,38.7,PLTZERO
367696:8786,1240:1240,05/18/23 22:33:00,STABLE BEAMS,6800,299329.524919913,292835.629070003,38.7,PLTZERO
367696:8786,1241:1241,05/18/23 22:33:23,STABLE BEAMS,6800,299139.078186098,292710.652990246,38.7,PLTZERO
367696:8786,1242:1242,05/18/23 22:33:46,STABLE BEAMS,6800,298855.183201200,231302.570968516,38.6,PLTZERO
367696:8786,1244:1244,05/18/23 22:34:33,STABLE BEAMS,6800,299104.885935378,292654.105702410,38.7,PLTZERO
367696:8786,1245:1245,05/18/23 22:34:56,STABLE BEAMS,6800,299106.729818001,292395.570514049,38.7,PLTZERO
367696:8786,1246:1246,05/18/23 22:35:20,STABLE BEAMS,6800,298958.305425591,292549.116284617,38.7,PLTZERO
367696:8786,1247:1247,05/18/23 22:35:43,STABLE BEAMS,6800,298816.209909695,292415.603797570,38.6,PLTZERO
367696:8786,1248:1248,05/18/23 22:36:06,STABLE BEAMS,6800,298638.260084533,292204.622598484,38.6,PLTZERO
367696:8786,1249:1249,05/18/23 22:36:29,STABLE BEAMS,6800,298276.556050222,287681.466631583,38.6,PLTZERO
367696:8786,1250:1250,05/18/23 22:36:53,STABLE BEAMS,6800,297986.446411627,291596.516636310,38.5,PLTZERO
367696:8786,1251:1251,05/18/23 22:37:16,STABLE BEAMS,6800,297427.738321353,291039.333070985,38.5,PLTZERO
367696:8786,1252:1252,05/18/23 22:37:39,STABLE BEAMS,6800,297298.755118676,290982.741492669,38.4,PLTZERO
367696:8786,1253:1253,05/18/23 22:38:03,STABLE BEAMS,6800,296699.686745543,290384.514638660,38.4,PLTZERO
367696:8786,1254:1254,05/18/23 22:38:26,STABLE BEAMS,6800,296419.889795603,290144.896147502,38.3,PLTZERO
367696:8786,1255:1255,05/18/23 22:38:49,STABLE BEAMS,6800,295376.163649807,289166.594034207,38.2,PLTZERO
367696:8786,1256:1256,05/18/23 22:39:13,STABLE BEAMS,6800,295240.417990126,289061.674548751,38.2,PLTZERO
367696:8786,1257:1257,05/18/23 22:39:36,STABLE BEAMS,6800,295259.061951216,288526.526662868,38.2,PLTZERO
367696:8786,1258:1258,05/18/23 22:39:59,STABLE BEAMS,6800,294644.536200490,234188.599499983,38.1,PLTZERO
367696:8786,1259:1259,05/18/23 22:40:23,STABLE BEAMS,6800,294161.907499822,198260.042604304,38.0,PLTZERO
367696:8786,1261:1261,05/18/23 22:41:09,STABLE BEAMS,6800,295012.114551123,288845.115080236,38.1,PLTZERO
367696:8786,1262:1262,05/18/23 22:41:33,STABLE BEAMS,6800,295255.420807527,288080.321054477,38.1,PLTZERO
367696:8786,1263:1263,05/18/23 22:41:56,STABLE BEAMS,6800,295529.571886779,289216.516398635,38.2,PLTZERO
367696:8786,1264:1264,05/18/23 22:42:19,STABLE BEAMS,6800,295816.700076732,203414.274275738,38.2,PLTZERO
367696:8786,1265:1265,05/18/23 22:42:42,STABLE BEAMS,6800,295796.303145058,289029.417092692,38.2,PLTZERO
367696:8786,1266:1266,05/18/23 22:43:06,STABLE BEAMS,6800,296140.661628672,289770.604292501,38.2,PLTZERO
367696:8786,1267:1267,05/18/23 22:43:29,STABLE BEAMS,6800,296033.189612910,289761.566703460,38.3,PLTZERO
367696:8786,1268:1268,05/18/23 22:43:52,STABLE BEAMS,6800,296344.059831332,290005.145695979,38.3,PLTZERO
367696:8786,1269:1269,05/18/23 22:44:16,STABLE BEAMS,6800,296360.862240876,290081.861469855,38.3,PLTZERO
367696:8786,1270:1270,05/18/23 22:44:39,STABLE BEAMS,6800,296436.393827175,290154.115560619,38.3,PLTZERO
367696:8786,1271:1271,05/18/23 22:45:02,STABLE BEAMS,6800,296282.118429222,290003.961508403,38.3,PLTZERO
367696:8786,1275:1275,05/18/23 22:46:36,STABLE BEAMS,6800,295891.049806533,289614.986193674,38.2,PLTZERO
367696:8786,1276:1276,05/18/23 22:46:59,STABLE BEAMS,6800,295719.974330114,289452.994927853,38.2,PLTZERO
367696:8786,1277:1277,05/18/23 22:47:22,STABLE BEAMS,6800,295246.609333044,289004.922126059,38.2,PLTZERO
367696:8786,1279:1279,05/18/23 22:48:09,STABLE BEAMS,6800,295134.792188065,288951.561421721,38.1,PLTZERO
367696:8786,1280:1280,05/18/23 22:48:32,STABLE BEAMS,6800,295079.610911882,288872.978454443,38.1,PLTZERO
367696:8786,1281:1281,05/18/23 22:48:55,STABLE BEAMS,6800,294695.985420946,288513.094991976,38.1,PLTZERO
367696:8786,1283:1283,05/18/23 22:49:42,STABLE BEAMS,6800,294363.417529378,288224.055318141,38.1,PLTZERO
367696:8786,1286:1286,05/18/23 22:50:52,STABLE BEAMS,6800,293837.036827499,287725.265254353,38.0,PLTZERO
367696:8786,1287:1287,05/18/23 22:51:15,STABLE BEAMS,6800,294265.008744512,288080.798925448,38.1,PLTZERO
367696:8786,1288:1288,05/18/23 22:51:39,STABLE BEAMS,6800,293815.637532325,287702.341434229,38.0,PLTZERO
367696:8786,1289:1289,05/18/23 22:52:02,STABLE BEAMS,6800,293588.448348560,287499.327859424,37.9,PLTZERO
367696:8786,1290:1290,05/18/23 22:52:25,STABLE BEAMS,6800,293218.914223564,287174.524788360,37.9,PLTZERO
367696:8786,1291:1291,05/18/23 22:52:49,STABLE BEAMS,6800,292815.619097260,286762.352917391,37.9,PLTZERO
367696:8786,1292:1292,05/18/23 22:53:12,STABLE BEAMS,6800,291976.703787335,285989.749780648,37.8,PLTZERO
367696:8786,1293:1293,05/18/23 22:53:35,STABLE BEAMS,6800,291171.321033082,285185.642126010,37.7,PLTZERO
367696:8786,1294:1294,05/18/23 22:53:58,STABLE BEAMS,6800,290441.880134840,284558.230176621,37.6,PLTZERO
367696:8786,1295:1295,05/18/23 22:54:22,STABLE BEAMS,6800,289617.240346009,279667.134542012,37.5,PLTZERO
367696:8786,1296:1296,05/18/23 22:54:45,STABLE BEAMS,6800,288718.908191345,282924.701692367,37.4,PLTZERO
367696:8786,1297:1297,05/18/23 22:55:08,STABLE BEAMS,6800,288358.344054130,282563.634042324,37.3,PLTZERO
367696:8786,1298:1298,05/18/23 22:55:32,STABLE BEAMS,6800,288498.322951288,282688.337385966,37.3,PLTZERO
367696:8786,1299:1299,05/18/23 22:55:55,STABLE BEAMS,6800,288500.803218179,282701.883279675,37.3,PLTZERO
367696:8786,1300:1300,05/18/23 22:56:18,STABLE BEAMS,6800,287779.444167037,282003.902608848,37.3,PLTZERO
367696:8786,1301:1301,05/18/23 22:56:42,STABLE BEAMS,6800,287683.240581870,281945.376235871,37.2,PLTZERO
367696:8786,1302:1302,05/18/23 22:57:05,STABLE BEAMS,6800,288467.657621439,282685.971341891,37.2,PLTZERO
367696:8786,1303:1303,05/18/23 22:57:28,STABLE BEAMS,6800,288367.698669766,282452.497572093,37.3,PLTZERO
367696:8786,1304:1304,05/18/23 22:57:52,STABLE BEAMS,6800,288309.673478538,282536.453673944,37.2,PLTZERO
367696:8786,1305:1305,05/18/23 22:58:15,STABLE BEAMS,6800,288007.087910993,282262.528709249,37.2,PLTZERO
367696:8786,1306:1306,05/18/23 22:58:38,STABLE BEAMS,6800,287959.328786861,282171.539745357,37.2,PLTZERO
367696:8786,1307:1307,05/18/23 22:59:02,STABLE BEAMS,6800,287604.249675958,281879.152643649,37.2,PLTZERO
367696:8786,1308:1308,05/18/23 22:59:25,STABLE BEAMS,6800,287417.511687091,281360.375917898,37.2,PLTZERO
367696:8786,1309:1309,05/18/23 22:59:48,STABLE BEAMS,6800,287403.215186295,281663.210910779,37.1,PLTZERO
367696:8786,1310:1310,05/18/23 23:00:11,STABLE BEAMS,6800,287561.269261533,281837.813308070,37.2,PLTZERO
367696:8786,1311:1311,05/18/23 23:00:35,STABLE BEAMS,6800,287521.181714790,281788.869996362,37.2,PLTZERO
367696:8786,1312:1312,05/18/23 23:00:58,STABLE BEAMS,6800,287416.828681264,281282.611158965,37.2,PLTZERO
367696:8786,1313:1313,05/18/23 23:01:21,STABLE BEAMS,6800,287182.560013901,281501.445759515,37.1,PLTZERO
367696:8786,1314:1314,05/18/23 23:01:45,STABLE BEAMS,6800,286919.472230389,281189.983447305,37.1,PLTZERO
367696:8786,1315:1315,05/18/23 23:02:08,STABLE BEAMS,6800,287115.154565180,281410.752842517,37.1,PLTZERO
367696:8786,1316:1316,05/18/23 23:02:31,STABLE BEAMS,6800,287136.395347057,281365.224559942,37.1,PLTZERO
367696:8786,1318:1318,05/18/23 23:03:18,STABLE BEAMS,6800,286598.175100495,280772.300908167,37.0,PLTZERO
367696:8786,1319:1319,05/18/23 23:03:41,STABLE BEAMS,6800,286998.281312224,281320.080905221,37.1,PLTZERO
367696:8786,1320:1320,05/18/23 23:04:05,STABLE BEAMS,6800,287089.976592721,278165.318952662,37.1,PLTZERO
367696:8786,1321:1321,05/18/23 23:04:28,STABLE BEAMS,6800,286783.362922555,281102.703228361,37.1,PLTZERO
367696:8786,1322:1322,05/18/23 23:04:51,STABLE BEAMS,6800,286377.473306542,280714.865479650,37.0,PLTZERO
367696:8786,1323:1323,05/18/23 23:05:14,STABLE BEAMS,6800,286737.878930459,281035.868893728,37.1,PLTZERO
367696:8786,1324:1324,05/18/23 23:05:38,STABLE BEAMS,6800,286697.952228091,281003.315390775,37.1,PLTZERO
367696:8786,1325:1325,05/18/23 23:06:01,STABLE BEAMS,6800,286640.358286276,280951.092252454,37.1,PLTZERO
367696:8786,1326:1326,05/18/23 23:06:24,STABLE BEAMS,6800,286540.147578189,280874.810059069,37.0,PLTZERO
367696:8786,1327:1327,05/18/23 23:06:48,STABLE BEAMS,6800,286286.962213621,280573.567192398,37.0,PLTZERO
367696:8786,1328:1328,05/18/23 23:07:11,STABLE BEAMS,6800,286367.776022454,277696.233814626,37.0,PLTZERO
367696:8786,1329:1329,05/18/23 23:07:34,STABLE BEAMS,6800,285889.494782081,277299.768746586,37.0,PLTZERO
367696:8786,1330:1330,05/18/23 23:07:58,STABLE BEAMS,6800,286136.101844799,277517.032200628,37.0,PLTZERO
367696:8786,1331:1331,05/18/23 23:08:21,STABLE BEAMS,6800,285793.542953328,277132.245832895,36.9,PLTZERO
367696:8786,1332:1332,05/18/23 23:08:44,STABLE BEAMS,6800,285385.035536827,276878.559286577,36.9,PLTZERO
367696:8786,1333:1333,05/18/23 23:09:08,STABLE BEAMS,6800,284976.026938576,273359.883437853,36.8,PLTZERO
367696:8786,1334:1334,05/18/23 23:09:31,STABLE BEAMS,6800,285413.696139677,276451.906759658,36.8,PLTZERO
367696:8786,1335:1335,05/18/23 23:09:54,STABLE BEAMS,6800,285728.526859461,277133.611844548,36.9,PLTZERO
367696:8786,1336:1336,05/18/23 23:10:18,STABLE BEAMS,6800,285558.136719946,276826.998174382,36.9,PLTZERO
367696:8786,1337:1337,05/18/23 23:10:41,STABLE BEAMS,6800,285316.832859463,276790.938730259,36.9,PLTZERO
367696:8786,1338:1338,05/18/23 23:11:04,STABLE BEAMS,6800,285171.049578320,276702.884593450,36.9,PLTZERO
367696:8786,1339:1339,05/18/23 23:11:27,STABLE BEAMS,6800,284750.294678503,272323.327687695,36.8,PLTZERO
367696:8786,1340:1340,05/18/23 23:11:51,STABLE BEAMS,6800,284106.471940658,275754.655716216,36.8,PLTZERO
367696:8786,1341:1341,05/18/23 23:12:14,STABLE BEAMS,6800,283829.017724014,275521.524614870,36.7,PLTZERO
367696:8786,1342:1342,05/18/23 23:12:37,STABLE BEAMS,6800,284524.312993093,276093.822889335,36.8,PLTZERO
367696:8786,1343:1343,05/18/23 23:13:01,STABLE BEAMS,6800,284344.132326375,103776.685935267,36.8,PLTZERO
367696:8786,1344:1344,05/18/23 23:13:24,STABLE BEAMS,6800,284182.117749775,275895.818800949,36.7,PLTZERO
367696:8786,1345:1345,05/18/23 23:13:47,STABLE BEAMS,6800,284054.931808164,275765.742322735,36.7,PLTZERO
367696:8786,1346:1346,05/18/23 23:14:11,STABLE BEAMS,6800,284239.644090331,275492.933944357,36.7,PLTZERO
367696:8786,1347:1347,05/18/23 23:14:34,STABLE BEAMS,6800,284177.178195693,275786.708037419,36.7,PLTZERO
367696:8786,1348:1348,05/18/23 23:14:57,STABLE BEAMS,6800,284306.182378070,275864.631309649,36.8,PLTZERO
367696:8786,1349:1349,05/18/23 23:15:21,STABLE BEAMS,6800,284110.842711731,271658.014742638,36.7,PLTZERO
367696:8786,1350:1350,05/18/23 23:15:44,STABLE BEAMS,6800,283857.223766672,275572.449342797,36.7,PLTZERO
367696:8786,1351:1351,05/18/23 23:16:07,STABLE BEAMS,6800,283446.415576279,275075.684985710,36.7,PLTZERO
367696:8786,1352:1352,05/18/23 23:16:30,STABLE BEAMS,6800,283362.962987256,275150.284140847,36.6,PLTZERO
367696:8786,1353:1353,05/18/23 23:16:54,STABLE BEAMS,6800,283062.813396122,274549.961647800,36.6,PLTZERO
367696:8786,1354:1354,05/18/23 23:17:17,STABLE BEAMS,6800,282676.705307216,274535.052073515,36.5,PLTZERO
367696:8786,1355:1355,05/18/23 23:17:40,STABLE BEAMS,6800,282629.263209680,274612.178117102,36.5,PLTZERO
367696:8786,1356:1356,05/18/23 23:18:04,STABLE BEAMS,6800,282408.085875834,274442.969834086,36.5,PLTZERO
367696:8786,1357:1357,05/18/23 23:18:27,STABLE BEAMS,6800,281865.835195574,273907.868569761,36.5,PLTZERO
367696:8786,1358:1358,05/18/23 23:18:50,STABLE BEAMS,6800,281446.264483332,273556.612426624,36.4,PLTZERO
367696:8786,1359:1359,05/18/23 23:19:14,STABLE BEAMS,6800,281960.992126761,273981.351138582,36.4,PLTZERO
367696:8786,1360:1360,05/18/23 23:19:37,STABLE BEAMS,6800,282091.637387984,273719.379941387,36.5,PLTZERO
367696:8786,1361:1361,05/18/23 23:20:00,STABLE BEAMS,6800,282209.806720256,274188.031498932,36.5,PLTZERO
367696:8786,1362:1362,05/18/23 23:20:24,STABLE BEAMS,6800,282140.762523768,274164.014403270,36.5,PLTZERO
367696:8786,1363:1363,05/18/23 23:20:47,STABLE BEAMS,6800,282185.563510037,274219.013855376,36.5,PLTZERO
367696:8786,1364:1364,05/18/23 23:21:10,STABLE BEAMS,6800,281960.239188597,273963.732851771,36.5,PLTZERO
367696:8786,1365:1365,05/18/23 23:21:34,STABLE BEAMS,6800,281852.587679836,273836.593531718,36.4,PLTZERO
367696:8786,1366:1366,05/18/23 23:21:57,STABLE BEAMS,6800,281818.213605039,273835.318432103,36.4,PLTZERO
367696:8786,1367:1367,05/18/23 23:22:20,STABLE BEAMS,6800,282314.068841743,274253.728267548,36.5,PLTZERO
367696:8786,1368:1368,05/18/23 23:22:43,STABLE BEAMS,6800,282214.655362300,274168.886356093,36.5,PLTZERO
367696:8786,1369:1369,05/18/23 23:23:07,STABLE BEAMS,6800,282286.135535199,274209.246638952,36.5,PLTZERO
367696:8786,1370:1370,05/18/23 23:23:30,STABLE BEAMS,6800,282020.315728382,273962.958933906,36.5,PLTZERO
367696:8786,1371:1371,05/18/23 23:23:53,STABLE BEAMS,6800,281985.578005432,273917.976123560,36.4,PLTZERO
367696:8786,1372:1372,05/18/23 23:24:17,STABLE BEAMS,6800,281666.852054468,273636.948364487,36.4,PLTZERO
367696:8786,1373:1373,05/18/23 23:24:40,STABLE BEAMS,6800,281349.925695647,273346.747813854,36.4,PLTZERO
367696:8786,1374:1374,05/18/23 23:25:03,STABLE BEAMS,6800,281516.152530022,273488.957552567,36.4,PLTZERO
367696:8786,1375:1375,05/18/23 23:25:27,STABLE BEAMS,6800,281668.059552823,273618.145890100,36.4,PLTZERO
367696:8786,1376:1376,05/18/23 23:25:50,STABLE BEAMS,6800,281568.350026486,273557.819924979,36.4,PLTZERO
367696:8786,1377:1377,05/18/23 23:26:13,STABLE BEAMS,6800,281473.559074530,273472.066562063,36.4,PLTZERO
367696:8786,1378:1378,05/18/23 23:26:37,STABLE BEAMS,6800,281231.800653855,273259.560838026,36.4,PLTZERO
367696:8786,1379:1379,05/18/23 23:27:00,STABLE BEAMS,6800,281096.397662626,273180.136351624,36.3,PLTZERO
367696:8786,1380:1380,05/18/23 23:27:23,STABLE BEAMS,6800,280972.195500734,272999.249368300,36.3,PLTZERO
367696:8786,1381:1381,05/18/23 23:27:47,STABLE BEAMS,6800,280893.931891130,272940.538840168,36.3,PLTZERO
367696:8786,1382:1382,05/18/23 23:28:10,STABLE BEAMS,6800,280152.402022869,272316.315805355,36.3,PLTZERO
367696:8786,1383:1383,05/18/23 23:28:33,STABLE BEAMS,6800,280018.092307178,272147.494481270,36.2,PLTZERO
367696:8786,1384:1384,05/18/23 23:28:56,STABLE BEAMS,6800,280306.745022081,272458.959124558,36.3,PLTZERO
367696:8786,1385:1385,05/18/23 23:29:20,STABLE BEAMS,6800,280117.459165063,268404.088735972,36.2,PLTZERO
367696:8786,1386:1386,05/18/23 23:29:43,STABLE BEAMS,6800,279612.067488646,271851.829884027,36.2,PLTZERO
367696:8786,1387:1387,05/18/23 23:30:06,STABLE BEAMS,6800,279596.882847169,271831.910823323,36.1,PLTZERO
367696:8786,1388:1388,05/18/23 23:30:30,STABLE BEAMS,6800,279902.564086173,272149.361674673,36.2,PLTZERO
367696:8786,1389:1389,05/18/23 23:30:53,STABLE BEAMS,6800,279800.828853136,271989.214291475,36.2,PLTZERO
367696:8786,1390:1390,05/18/23 23:31:16,STABLE BEAMS,6800,279375.134399236,271622.318946668,36.1,PLTZERO
367696:8786,1391:1391,05/18/23 23:31:40,STABLE BEAMS,6800,279590.507349097,271813.313483791,36.1,PLTZERO
367696:8786,1392:1392,05/18/23 23:32:03,STABLE BEAMS,6800,279533.596413108,271772.337796366,36.1,PLTZERO
367696:8786,1393:1393,05/18/23 23:32:26,STABLE BEAMS,6800,279679.085978434,271938.494698404,36.1,PLTZERO
367696:8786,1394:1394,05/18/23 23:32:50,STABLE BEAMS,6800,279618.780993015,271865.399088516,36.2,PLTZERO
367696:8786,1395:1395,05/18/23 23:33:13,STABLE BEAMS,6800,279527.906251940,271852.694713930,36.1,PLTZERO
367696:8786,1396:1396,05/18/23 23:33:36,STABLE BEAMS,6800,279396.419471593,271719.228848441,36.1,PLTZERO
367696:8786,1397:1397,05/18/23 23:33:59,STABLE BEAMS,6800,279345.154406292,271649.569247386,36.1,PLTZERO
367696:8786,1398:1398,05/18/23 23:34:23,STABLE BEAMS,6800,279238.502929951,271586.443657700,36.1,PLTZERO
367696:8786,1399:1399,05/18/23 23:34:46,STABLE BEAMS,6800,279099.207038620,268337.137847443,36.1,PLTZERO
367696:8786,1400:1400,05/18/23 23:35:09,STABLE BEAMS,6800,279123.109911465,219260.687091658,36.1,PLTZERO
367696:8786,1401:1401,05/18/23 23:35:33,STABLE BEAMS,6800,278939.672728912,202433.969533414,36.1,PLTZERO
367696:8786,1402:1402,05/18/23 23:35:56,STABLE BEAMS,6800,278295.644856212,270807.602556481,36.0,PLTZERO
367696:8786,1403:1403,05/18/23 23:36:19,STABLE BEAMS,6800,277568.821758458,269699.818389838,35.9,PLTZERO
367696:8786,1404:1404,05/18/23 23:36:43,STABLE BEAMS,6800,277187.450419857,269723.401905010,35.8,PLTZERO
367696:8786,1405:1405,05/18/23 23:37:06,STABLE BEAMS,6800,276956.960429778,269534.729121481,35.8,PLTZERO
367696:8786,1406:1406,05/18/23 23:37:29,STABLE BEAMS,6800,276419.763526417,269055.972341214,35.8,PLTZERO
367696:8786,1407:1407,05/18/23 23:37:53,STABLE BEAMS,6800,275931.057705649,268597.041378536,35.7,PLTZERO
367696:8786,1408:1408,05/18/23 23:38:16,STABLE BEAMS,6800,275906.630340276,268594.696314163,35.7,PLTZERO
367696:8786,1409:1409,05/18/23 23:38:39,STABLE BEAMS,6800,275881.179631702,268509.784470371,35.7,PLTZERO
367696:8786,1410:1410,05/18/23 23:39:03,STABLE BEAMS,6800,275693.033671779,264514.034879628,35.6,PLTZERO
367696:8786,1411:1411,05/18/23 23:39:26,STABLE BEAMS,6800,275533.270916437,268189.671528053,35.6,PLTZERO
367696:8786,1412:1412,05/18/23 23:39:49,STABLE BEAMS,6800,275540.625467229,268161.283661318,35.6,PLTZERO
367696:8786,1413:1413,05/18/23 23:40:12,STABLE BEAMS,6800,275534.525036350,268239.775716557,35.6,PLTZERO
367696:8786,1414:1414,05/18/23 23:40:36,STABLE BEAMS,6800,275220.556815391,267956.654649524,35.6,PLTZERO
367696:8786,1415:1415,05/18/23 23:40:59,STABLE BEAMS,6800,275053.807819565,262967.488236346,35.6,PLTZERO
367696:8786,1416:1416,05/18/23 23:41:22,STABLE BEAMS,6800,275385.030679181,268110.654980284,35.5,PLTZERO
367696:8786,1417:1417,05/18/23 23:41:46,STABLE BEAMS,6800,275346.968839138,268107.172349893,35.6,PLTZERO
367696:8786,1418:1418,05/18/23 23:42:09,STABLE BEAMS,6800,275173.981878836,267673.463650154,35.6,PLTZERO
367696:8786,1419:1419,05/18/23 23:42:32,STABLE BEAMS,6800,275076.957754246,267862.751838250,35.5,PLTZERO
367696:8786,1420:1420,05/18/23 23:42:56,STABLE BEAMS,6800,274840.824224558,267328.606315867,35.5,PLTZERO
367696:8786,1421:1421,05/18/23 23:43:19,STABLE BEAMS,6800,274844.738104361,267615.415148147,35.5,PLTZERO
367696:8786,1422:1422,05/18/23 23:43:42,STABLE BEAMS,6800,274366.731931181,267206.292327079,35.5,PLTZERO
367696:8786,1423:1423,05/18/23 23:44:06,STABLE BEAMS,6800,274392.637199946,267236.160428284,35.5,PLTZERO
367696:8786,1424:1424,05/18/23 23:44:29,STABLE BEAMS,6800,274210.272313230,266991.805186823,35.5,PLTZERO
367696:8786,1425:1425,05/18/23 23:44:52,STABLE BEAMS,6800,274079.944078602,266936.374485304,35.4,PLTZERO
367696:8786,1426:1426,05/18/23 23:45:16,STABLE BEAMS,6800,273745.080075297,266644.148227971,35.4,PLTZERO
367696:8786,1427:1427,05/18/23 23:45:39,STABLE BEAMS,6800,273755.893945701,266593.657080534,35.4,PLTZERO
367696:8786,1428:1428,05/18/23 23:46:02,STABLE BEAMS,6800,273850.866721734,266658.785066141,35.4,PLTZERO
367696:8786,1429:1429,05/18/23 23:46:25,STABLE BEAMS,6800,273510.424449001,266364.964351521,35.4,PLTZERO
367696:8786,1430:1430,05/18/23 23:46:49,STABLE BEAMS,6800,273191.220627066,266088.808545270,35.3,PLTZERO
367696:8786,1431:1431,05/18/23 23:47:12,STABLE BEAMS,6800,273401.178482952,266258.790746151,35.3,PLTZERO
367696:8786,1432:1432,05/18/23 23:47:35,STABLE BEAMS,6800,273544.001295154,262603.369205325,35.4,PLTZERO
367696:8786,1433:1433,05/18/23 23:47:59,STABLE BEAMS,6800,273539.175963889,265916.914860506,35.4,PLTZERO
367696:8786,1434:1434,05/18/23 23:48:22,STABLE BEAMS,6800,273545.208793509,266439.404993361,35.3,PLTZERO
367696:8786,1435:1435,05/18/23 23:48:45,STABLE BEAMS,6800,273401.336996249,266322.191403030,35.4,PLTZERO
367696:8786,1436:1436,05/18/23 23:49:09,STABLE BEAMS,6800,273443.907140962,266389.755365048,35.4,PLTZERO
367696:8786,1437:1437,05/18/23 23:49:32,STABLE BEAMS,6800,273217.969746033,266156.510040884,35.3,PLTZERO
367696:8786,1438:1438,05/18/23 23:49:55,STABLE BEAMS,6800,272734.429593905,265757.814131288,35.3,PLTZERO
367696:8786,1439:1439,05/18/23 23:50:19,STABLE BEAMS,6800,272896.308967986,265906.490280112,35.3,PLTZERO
367696:8786,1440:1440,05/18/23 23:50:42,STABLE BEAMS,6800,273645.985953527,266535.743781046,35.3,PLTZERO
367696:8786,1441:1441,05/18/23 23:51:05,STABLE BEAMS,6800,273107.243545514,266031.328826272,35.4,PLTZERO
367696:8786,1442:1442,05/18/23 23:51:28,STABLE BEAMS,6800,272513.683509472,265510.911021676,35.3,PLTZERO
367696:8786,1443:1443,05/18/23 23:51:52,STABLE BEAMS,6800,272244.290160225,265289.572843455,35.2,PLTZERO
367696:8786,1444:1444,05/18/23 23:52:15,STABLE BEAMS,6800,272280.575718905,265293.785101230,35.2,PLTZERO
367696:8786,1445:1445,05/18/23 23:52:38,STABLE BEAMS,6800,272311.604696907,265276.824178389,35.2,PLTZERO
367696:8786,1446:1446,05/18/23 23:53:02,STABLE BEAMS,6800,271963.490846786,265025.802054117,35.2,PLTZERO
367696:8786,1447:1447,05/18/23 23:53:25,STABLE BEAMS,6800,271524.294789657,261523.606926185,35.1,PLTZERO
367696:8786,1448:1448,05/18/23 23:53:48,STABLE BEAMS,6800,271157.606910784,264267.427816910,35.1,PLTZERO
367696:8786,1449:1449,05/18/23 23:54:12,STABLE BEAMS,6800,270889.623863670,263891.198836168,35.0,PLTZERO
367696:8786,1450:1450,05/18/23 23:54:35,STABLE BEAMS,6800,270285.956273829,263499.582410172,35.0,PLTZERO
367696:8786,1451:1451,05/18/23 23:54:58,STABLE BEAMS,6800,269772.116771082,263036.896080987,34.9,PLTZERO
367696:8786,1452:1452,05/18/23 23:55:22,STABLE BEAMS,6800,269488.699657155,262575.391608301,34.8,PLTZERO
367696:8786,1453:1453,05/18/23 23:55:45,STABLE BEAMS,6800,269406.314701813,262647.396273729,34.8,PLTZERO
367696:8786,1454:1454,05/18/23 23:56:08,STABLE BEAMS,6800,269370.779750219,221864.596686484,34.8,PLTZERO
367696:8786,1455:1455,05/18/23 23:56:32,STABLE BEAMS,6800,269245.803670462,262557.477274596,34.8,PLTZERO
367696:8786,1456:1456,05/18/23 23:56:55,STABLE BEAMS,6800,269083.061797556,262354.577922609,34.8,PLTZERO
367696:8786,1457:1457,05/18/23 23:57:18,STABLE BEAMS,6800,268866.754085455,262182.273968133,34.8,PLTZERO
367696:8786,1458:1458,05/18/23 23:57:41,STABLE BEAMS,6800,268617.254155056,261947.026248049,34.7,PLTZERO
367696:8786,1459:1459,05/18/23 23:58:05,STABLE BEAMS,6800,268435.138693676,261777.272492802,34.7,PLTZERO
367696:8786,1460:1460,05/18/23 23:58:28,STABLE BEAMS,6800,267967.808857303,261384.744615345,34.6,PLTZERO
367696:8786,1461:1461,05/18/23 23:58:51,STABLE BEAMS,6800,267948.892160098,261328.836042855,34.6,PLTZERO
367696:8786,1462:1462,05/18/23 23:59:15,STABLE BEAMS,6800,268355.168735044,261692.724297164,34.7,PLTZERO
367696:8786,1463:1463,05/18/23 23:59:38,STABLE BEAMS,6800,268278.860899802,261631.305056505,34.7,PLTZERO
367696:8786,1464:1464,05/19/23 00:00:01,STABLE BEAMS,6800,268248.244522589,261530.413673670,34.7,PLTZERO
367696:8786,1465:1465,05/19/23 00:00:25,STABLE BEAMS,6800,268100.479825226,261473.253312345,34.7,PLTZERO
367696:8786,1466:1466,05/19/23 00:00:48,STABLE BEAMS,6800,267991.073014801,261365.485249688,34.6,PLTZERO
367696:8786,1467:1467,05/19/23 00:01:11,STABLE BEAMS,6800,267909.235862767,261185.509717825,34.6,PLTZERO
367696:8786,1468:1468,05/19/23 00:01:35,STABLE BEAMS,6800,267790.199369514,261206.612966105,34.6,PLTZERO
367696:8786,1469:1469,05/19/23 00:01:58,STABLE BEAMS,6800,267579.742662957,261017.212886270,34.6,PLTZERO
367696:8786,1470:1470,05/19/23 00:02:21,STABLE BEAMS,6800,267465.489541566,260924.265816937,34.6,PLTZERO
367696:8786,1471:1471,05/19/23 00:02:45,STABLE BEAMS,6800,267817.358758193,261250.957061105,34.6,PLTZERO
367696:8786,1472:1472,05/19/23 00:03:08,STABLE BEAMS,6800,267801.036550698,261205.929960279,34.6,PLTZERO
367696:8786,1473:1473,05/19/23 00:03:31,STABLE BEAMS,6800,267548.555171657,261018.236229470,34.6,PLTZERO
367696:8786,1474:1474,05/19/23 00:03:54,STABLE BEAMS,6800,267506.987390443,260983.885465452,34.6,PLTZERO
367696:8786,1475:1475,05/19/23 00:04:18,STABLE BEAMS,6800,267513.703225889,260899.929363602,34.6,PLTZERO
367696:8786,1476:1476,05/19/23 00:04:41,STABLE BEAMS,6800,267505.644689569,260999.797403236,34.6,PLTZERO
367696:8786,1477:1477,05/19/23 00:05:04,STABLE BEAMS,6800,267253.119020048,260775.067506662,34.5,PLTZERO
367696:8786,1478:1478,05/19/23 00:05:28,STABLE BEAMS,6800,267179.408005593,260716.107553194,34.5,PLTZERO
367696:8786,1479:1479,05/19/23 00:05:51,STABLE BEAMS,6800,267084.274385185,260529.758854337,34.5,PLTZERO
367696:8786,1480:1480,05/19/23 00:06:14,STABLE BEAMS,6800,267020.078830741,260536.472358706,34.5,PLTZERO
367696:8786,1481:1481,05/19/23 00:06:38,STABLE BEAMS,6800,266510.474896549,260093.068705957,34.5,PLTZERO
367696:8786,1482:1482,05/19/23 00:07:01,STABLE BEAMS,6800,266399.816297289,259950.472008311,34.4,PLTZERO
367696:8786,1483:1483,05/19/23 00:07:24,STABLE BEAMS,6800,266480.972774574,260003.967915168,34.4,PLTZERO
367696:8786,1484:1484,05/19/23 00:07:48,STABLE BEAMS,6800,266380.922910863,259930.916595761,34.4,PLTZERO
367696:8786,1485:1485,05/19/23 00:08:11,STABLE BEAMS,6800,266329.361798668,259825.381705737,34.4,PLTZERO
367696:8786,1486:1486,05/19/23 00:08:34,STABLE BEAMS,6800,266067.889452145,259636.412875314,34.4,PLTZERO
367696:8786,1487:1487,05/19/23 00:08:57,STABLE BEAMS,6800,265936.083314124,259495.252121659,34.4,PLTZERO
367696:8786,1488:1488,05/19/23 00:09:21,STABLE BEAMS,6800,266006.197475371,259550.797045995,34.4,PLTZERO
367696:8786,1489:1489,05/19/23 00:09:44,STABLE BEAMS,6800,266101.170251404,259665.231991462,34.4,PLTZERO
367696:8786,1490:1490,05/19/23 00:10:07,STABLE BEAMS,6800,265838.105778671,259333.533591953,34.4,PLTZERO
367696:8786,1491:1491,05/19/23 00:10:31,STABLE BEAMS,6800,265699.150224714,259248.006343594,34.3,PLTZERO
367696:8786,1492:1492,05/19/23 00:10:54,STABLE BEAMS,6800,265810.946389992,259373.257490543,34.3,PLTZERO
367696:8786,1493:1493,05/19/23 00:11:17,STABLE BEAMS,6800,265818.687899717,259035.363085961,34.4,PLTZERO
367696:8786,1494:1494,05/19/23 00:11:41,STABLE BEAMS,6800,265544.968069878,259166.782265049,34.3,PLTZERO
367696:8786,1495:1495,05/19/23 00:12:04,STABLE BEAMS,6800,265445.964860146,259062.431562601,34.3,PLTZERO
367696:8786,1496:1496,05/19/23 00:12:27,STABLE BEAMS,6800,265308.603763477,258956.917652279,34.3,PLTZERO
367696:8786,1497:1497,05/19/23 00:12:51,STABLE BEAMS,6800,265126.851950249,258778.217220031,34.3,PLTZERO
367696:8786,1498:1498,05/19/23 00:13:14,STABLE BEAMS,6800,264693.714364597,96607.744890044,34.2,PLTZERO
367696:8786,1499:1499,05/19/23 00:13:37,STABLE BEAMS,6800,264798.545269093,258480.321781232,34.2,PLTZERO
367696:8786,1500:1500,05/19/23 00:14:01,STABLE BEAMS,6800,265072.833881941,258695.307772160,34.3,PLTZERO
367696:8786,1501:1501,05/19/23 00:14:24,STABLE BEAMS,6800,265012.370383224,258690.368218078,34.3,PLTZERO
367696:8786,1502:1502,05/19/23 00:14:47,STABLE BEAMS,6800,264414.940757858,258107.416917584,34.2,PLTZERO
367696:8786,1503:1503,05/19/23 00:15:10,STABLE BEAMS,6800,264739.676227663,258401.170030945,34.2,PLTZERO
367696:8786,1504:1504,05/19/23 00:15:34,STABLE BEAMS,6800,265090.202743417,258719.143043745,34.3,PLTZERO
367696:8786,1505:1505,05/19/23 00:15:57,STABLE BEAMS,6800,264909.816941842,258541.535887034,34.3,PLTZERO
367696:8786,1506:1506,05/19/23 00:16:20,STABLE BEAMS,6800,264720.985645016,258392.085820346,34.2,PLTZERO
367696:8786,1507:1507,05/19/23 00:16:44,STABLE BEAMS,6800,264720.918043756,258409.638836976,34.2,PLTZERO
367696:8786,1508:1508,05/19/23 00:17:07,STABLE BEAMS,6800,264728.794756000,254690.247856262,34.2,PLTZERO
367696:8786,1527:1527,05/19/23 00:24:30,STABLE BEAMS,6800,263381.641523535,257213.117527697,34.1,PLTZERO
367696:8786,1528:1528,05/19/23 00:24:53,STABLE BEAMS,6800,262777.039171453,256531.186328251,34.0,PLTZERO
367696:8786,1529:1529,05/19/23 00:25:17,STABLE BEAMS,6800,262649.081643055,153020.160287856,33.9,PLTZERO
367696:8786,1536:1536,05/19/23 00:28:00,STABLE BEAMS,6800,262183.367243671,256033.783255817,33.9,PLTZERO
367696:8786,1537:1537,05/19/23 00:28:23,STABLE BEAMS,6800,262129.801404477,256027.044109592,33.9,PLTZERO
367696:8786,1540:1540,05/19/23 00:29:33,STABLE BEAMS,6800,261547.281353395,255523.176958126,33.8,PLTZERO
367696:8786,1541:1541,05/19/23 00:29:56,STABLE BEAMS,6800,261467.607441658,255377.256143387,33.8,PLTZERO
367696:8786,1542:1542,05/19/23 00:30:20,STABLE BEAMS,6800,261349.253954231,255308.053433601,33.8,PLTZERO
367696:8786,1543:1543,05/19/23 00:30:43,STABLE BEAMS,6800,260985.479922740,254734.433437964,33.8,PLTZERO
367696:8786,1544:1544,05/19/23 00:31:06,STABLE BEAMS,6800,260415.731847504,254420.080589151,33.7,PLTZERO
367696:8786,1545:1545,05/19/23 00:31:30,STABLE BEAMS,6800,260675.747270336,254677.522501975,33.7,PLTZERO
367696:8786,1548:1548,05/19/23 00:32:39,STABLE BEAMS,6800,259768.948640719,253795.652419481,33.6,PLTZERO
367696:8786,1549:1549,05/19/23 00:33:03,STABLE BEAMS,6800,260125.598898130,254137.982865318,33.6,PLTZERO
367696:8786,1550:1550,05/19/23 00:33:26,STABLE BEAMS,6800,260124.391399775,254174.361667114,33.7,PLTZERO
367696:8786,1551:1551,05/19/23 00:33:49,STABLE BEAMS,6800,260042.188268510,254112.599758003,33.6,PLTZERO
367696:8786,1552:1552,05/19/23 00:34:13,STABLE BEAMS,6800,259902.528729025,253979.907810379,33.6,PLTZERO
367696:8786,1553:1553,05/19/23 00:34:36,STABLE BEAMS,6800,259892.512087265,253974.306230172,33.6,PLTZERO
367696:8786,1554:1554,05/19/23 00:34:59,STABLE BEAMS,6800,259598.397656829,253683.422673713,33.6,PLTZERO
367696:8786,1555:1555,05/19/23 00:35:23,STABLE BEAMS,6800,259157.108291740,253306.035147253,33.5,PLTZERO
367696:8786,1556:1556,05/19/23 00:35:46,STABLE BEAMS,6800,259018.905675947,253189.525542449,33.5,PLTZERO
367696:8786,1557:1557,05/19/23 00:36:09,STABLE BEAMS,6800,258963.952845399,253133.160078690,33.5,PLTZERO
367696:8786,1558:1558,05/19/23 00:36:33,STABLE BEAMS,6800,258858.644069932,253014.058315256,33.5,PLTZERO
367696:8786,1559:1559,05/19/23 00:36:56,STABLE BEAMS,6800,258382.206712182,252557.449106171,33.4,PLTZERO
367696:8786,1560:1560,05/19/23 00:37:19,STABLE BEAMS,6800,258445.924395655,252301.349894221,33.4,PLTZERO
367696:8786,1561:1561,05/19/23 00:37:42,STABLE BEAMS,6800,258613.493930904,252743.571690472,33.4,PLTZERO
367696:8786,1564:1564,05/19/23 00:38:52,STABLE BEAMS,6800,258292.196801010,252433.974240586,33.4,PLTZERO
367696:8786,1565:1565,05/19/23 00:39:16,STABLE BEAMS,6800,257997.625479305,252140.950754610,33.4,PLTZERO
367696:8786,1566:1566,05/19/23 00:39:39,STABLE BEAMS,6800,258126.151790712,252324.112869970,33.3,PLTZERO
367696:8786,1567:1567,05/19/23 00:40:02,STABLE BEAMS,6800,258186.386843794,252349.610200102,33.4,PLTZERO
367696:8786,1568:1568,05/19/23 00:40:26,STABLE BEAMS,6800,257943.831194476,252126.630943035,33.4,PLTZERO
367696:8786,1569:1569,05/19/23 00:40:49,STABLE BEAMS,6800,257814.894613357,252033.548671184,33.3,PLTZERO
367696:8786,1570:1570,05/19/23 00:41:12,STABLE BEAMS,6800,258001.266622993,252146.822739854,33.3,PLTZERO
367696:8786,1571:1571,05/19/23 00:41:36,STABLE BEAMS,6800,257962.134818191,252148.759865594,33.3,PLTZERO
367696:8786,1572:1572,05/19/23 00:41:59,STABLE BEAMS,6800,258025.101894579,252207.558974686,33.3,PLTZERO
367696:8786,1573:1573,05/19/23 00:42:22,STABLE BEAMS,6800,258034.981002743,252224.314762672,33.4,PLTZERO
367696:8786,1574:1574,05/19/23 00:42:46,STABLE BEAMS,6800,258010.919616601,251882.846815661,33.4,PLTZERO
367696:8786,1575:1575,05/19/23 00:43:09,STABLE BEAMS,6800,257866.933596523,251977.775301213,33.3,PLTZERO
367696:8786,1576:1576,05/19/23 00:43:32,STABLE BEAMS,6800,257733.421109476,251981.530667719,33.3,PLTZERO
367696:8786,1577:1577,05/19/23 00:43:55,STABLE BEAMS,6800,257706.443544874,251933.407895434,33.3,PLTZERO
367696:8786,1578:1578,05/19/23 00:44:19,STABLE BEAMS,6800,257630.366486345,251870.713555161,33.3,PLTZERO
367696:8786,1579:1579,05/19/23 00:44:42,STABLE BEAMS,6800,257484.014422193,251723.244904693,33.3,PLTZERO
367696:8786,1580:1580,05/19/23 00:45:05,STABLE BEAMS,6800,257158.071454033,250642.186546238,33.2,PLTZERO
367696:8786,1581:1581,05/19/23 00:45:29,STABLE BEAMS,6800,257115.002458648,251352.048721150,33.2,PLTZERO
367696:8786,1582:1582,05/19/23 00:45:52,STABLE BEAMS,6800,257165.812963758,251420.022952880,33.2,PLTZERO
367696:8786,1583:1583,05/19/23 00:46:15,STABLE BEAMS,6800,256709.385578750,250993.713094413,33.2,PLTZERO
367696:8786,1584:1584,05/19/23 00:46:39,STABLE BEAMS,6800,256263.065747541,250559.391321185,33.1,PLTZERO
367696:8786,1585:1585,05/19/23 00:47:02,STABLE BEAMS,6800,256442.358273577,250681.066594627,33.1,PLTZERO
367696:8786,1586:1586,05/19/23 00:47:25,STABLE BEAMS,6800,256407.688151886,250692.199822704,33.1,PLTZERO
367696:8786,1587:1587,05/19/23 00:47:49,STABLE BEAMS,6800,256416.292160436,250689.444488620,33.2,PLTZERO
367696:8786,1588:1588,05/19/23 00:48:12,STABLE BEAMS,6800,256209.910178058,249997.405735374,33.1,PLTZERO
367696:8786,1589:1589,05/19/23 00:48:35,STABLE BEAMS,6800,255835.231364124,250218.722933894,33.1,PLTZERO
367696:8786,1590:1590,05/19/23 00:48:59,STABLE BEAMS,6800,255744.286690712,249621.724557941,33.1,PLTZERO
367696:8786,1591:1591,05/19/23 00:49:22,STABLE BEAMS,6800,256073.598066446,250420.414787527,33.0,PLTZERO
367696:8786,1592:1592,05/19/23 00:49:45,STABLE BEAMS,6800,256019.008884051,250099.844953939,33.1,PLTZERO
367696:8786,1593:1593,05/19/23 00:50:08,STABLE BEAMS,6800,255755.531810529,250116.829187560,33.1,PLTZERO
367696:8786,1594:1594,05/19/23 00:50:32,STABLE BEAMS,6800,255513.251228404,249929.044544713,33.1,PLTZERO
367696:8786,1595:1595,05/19/23 00:50:55,STABLE BEAMS,6800,255457.272723577,249828.971370222,33.1,PLTZERO
367696:8786,1596:1596,05/19/23 00:51:18,STABLE BEAMS,6800,255176.587632955,249573.305738762,33.0,PLTZERO
367696:8786,1597:1597,05/19/23 00:51:42,STABLE BEAMS,6800,254393.583226597,248856.338438394,32.9,PLTZERO
367696:8786,1598:1598,05/19/23 00:52:05,STABLE BEAMS,6800,254447.442781607,248913.067550306,32.9,PLTZERO
367696:8786,1599:1599,05/19/23 00:52:28,STABLE BEAMS,6800,255159.377284778,249567.909293411,33.0,PLTZERO
367696:8786,1600:1600,05/19/23 00:52:52,STABLE BEAMS,6800,255145.376830876,249523.474286373,33.0,PLTZERO
367696:8786,1601:1601,05/19/23 00:53:15,STABLE BEAMS,6800,255319.981559245,249691.293246958,33.0,PLTZERO
367696:8786,1602:1602,05/19/23 00:53:38,STABLE BEAMS,6800,255269.080142096,249671.283274216,33.0,PLTZERO
367696:8786,1603:1603,05/19/23 00:54:02,STABLE BEAMS,6800,255345.819226751,249699.214249681,33.0,PLTZERO
367696:8786,1604:1604,05/19/23 00:54:25,STABLE BEAMS,6800,255239.780823900,249640.233316512,33.0,PLTZERO
367696:8786,1605:1605,05/19/23 00:54:48,STABLE BEAMS,6800,255232.542827003,249625.183877553,33.0,PLTZERO
367696:8786,1606:1606,05/19/23 00:55:11,STABLE BEAMS,6800,254944.687340743,249361.002818504,33.0,PLTZERO
367696:8786,1607:1607,05/19/23 00:55:35,STABLE BEAMS,6800,254707.481515218,245542.657580694,32.9,PLTZERO
367696:8786,1608:1608,05/19/23 00:55:58,STABLE BEAMS,6800,254905.007732633,249311.924304278,32.9,PLTZERO
367696:8786,1609:1609,05/19/23 00:56:21,STABLE BEAMS,6800,254902.140506809,249305.730630282,33.0,PLTZERO
367696:8786,1610:1610,05/19/23 00:56:45,STABLE BEAMS,6800,254654.258344476,249074.193986224,32.9,PLTZERO
367696:8786,1611:1611,05/19/23 00:57:08,STABLE BEAMS,6800,254537.226578222,248987.666705443,32.9,PLTZERO
367696:8786,1612:1612,05/19/23 00:57:31,STABLE BEAMS,6800,254629.581553767,246252.862424058,32.9,PLTZERO
367696:8786,1613:1613,05/19/23 00:57:55,STABLE BEAMS,6800,254597.233185670,246467.053517421,32.9,PLTZERO
367696:8786,1614:1614,05/19/23 00:58:18,STABLE BEAMS,6800,254643.262649995,246557.769745198,32.9,PLTZERO
367696:8786,1615:1615,05/19/23 00:58:41,STABLE BEAMS,6800,254541.641639775,246470.944086445,32.9,PLTZERO
367696:8786,1616:1616,05/19/23 00:59:05,STABLE BEAMS,6800,254496.045755941,246212.865789353,32.9,PLTZERO
367696:8786,1617:1617,05/19/23 00:59:28,STABLE BEAMS,6800,254373.981192488,245926.033646294,32.9,PLTZERO
367696:8786,1618:1618,05/19/23 00:59:51,STABLE BEAMS,6800,254300.976494638,194744.303680634,32.9,PLTZERO
367696:8786,1619:1619,05/19/23 01:00:15,STABLE BEAMS,6800,254288.819923360,185043.365861543,32.9,PLTZERO
367696:8786,1620:1620,05/19/23 01:00:38,STABLE BEAMS,6800,254188.383100717,246196.702095155,32.9,PLTZERO
367696:8786,1621:1621,05/19/23 01:01:01,STABLE BEAMS,6800,253844.299684295,245879.116041287,32.8,PLTZERO
367696:8786,1622:1622,05/19/23 01:01:24,STABLE BEAMS,6800,253823.152145534,245875.041317107,32.8,PLTZERO
367696:8786,1623:1623,05/19/23 01:01:48,STABLE BEAMS,6800,253707.281256077,242266.901029441,32.8,PLTZERO
367696:8786,1624:1624,05/19/23 01:02:11,STABLE BEAMS,6800,253651.531196885,245750.200439869,32.8,PLTZERO
367696:8786,1625:1625,05/19/23 01:02:34,STABLE BEAMS,6800,253349.241676234,245457.244555152,32.8,PLTZERO
367696:8786,1626:1626,05/19/23 01:02:58,STABLE BEAMS,6800,253197.926747221,245259.331378805,32.7,PLTZERO
367696:8786,1627:1627,05/19/23 01:03:21,STABLE BEAMS,6800,253332.758624363,245381.712968853,32.7,PLTZERO
367696:8786,1628:1628,05/19/23 01:03:44,STABLE BEAMS,6800,253313.091320073,245417.679169859,32.7,PLTZERO
367696:8786,1629:1629,05/19/23 01:04:08,STABLE BEAMS,6800,252933.857579911,244988.730531204,32.7,PLTZERO
367696:8786,1630:1630,05/19/23 01:04:31,STABLE BEAMS,6800,252755.704950971,244955.447400866,32.7,PLTZERO
367696:8786,1631:1631,05/19/23 01:04:54,STABLE BEAMS,6800,253097.261478943,189347.585126680,32.7,PLTZERO
367696:8786,1632:1632,05/19/23 01:05:18,STABLE BEAMS,6800,253042.443850913,245286.602659224,32.7,PLTZERO
367696:8786,1633:1633,05/19/23 01:05:41,STABLE BEAMS,6800,252730.389444915,245002.183181797,32.7,PLTZERO
367696:8786,1634:1634,05/19/23 01:06:04,STABLE BEAMS,6800,252587.543321934,244896.123799245,32.7,PLTZERO
367696:8786,1635:1635,05/19/23 01:06:28,STABLE BEAMS,6800,252803.030494612,245108.333476388,32.7,PLTZERO
367696:8786,1636:1636,05/19/23 01:06:51,STABLE BEAMS,6800,252695.810235262,245021.533459492,32.7,PLTZERO
367696:8786,1637:1637,05/19/23 01:07:14,STABLE BEAMS,6800,252756.203801643,245052.606727975,32.7,PLTZERO
367696:8786,1638:1638,05/19/23 01:07:37,STABLE BEAMS,6800,252694.626047686,245034.191212520,32.7,PLTZERO
367696:8786,1639:1639,05/19/23 01:08:01,STABLE BEAMS,6800,252035.483465846,244420.712115774,32.7,PLTZERO
367696:8786,1640:1640,05/19/23 01:08:24,STABLE BEAMS,6800,251331.651789476,212788.872610317,32.5,PLTZERO
367696:8786,1643:1643,05/19/23 01:09:34,STABLE BEAMS,6800,248768.125788287,241577.752812799,32.2,PLTZERO
367696:8786,1644:1644,05/19/23 01:09:57,STABLE BEAMS,6800,248006.770102439,240599.406409024,32.1,PLTZERO
367696:8786,1645:1645,05/19/23 01:10:21,STABLE BEAMS,6800,247635.755742973,240080.718264233,32.0,PLTZERO
367696:8786,1647:1647,05/19/23 01:11:07,STABLE BEAMS,6800,247109.850580987,240091.555445417,31.9,PLTZERO
367696:8786,1648:1648,05/19/23 01:11:31,STABLE BEAMS,6800,247126.287011299,240117.208957769,31.9,PLTZERO
367696:8786,1649:1649,05/19/23 01:11:54,STABLE BEAMS,6800,247008.959198151,239996.125778115,31.9,PLTZERO
367696:8786,1650:1650,05/19/23 01:12:17,STABLE BEAMS,6800,246515.290512523,239392.276364196,31.9,PLTZERO
367696:8786,1651:1651,05/19/23 01:12:40,STABLE BEAMS,6800,246345.261690083,238953.604799596,31.9,PLTZERO
367696:8786,1652:1652,05/19/23 01:13:04,STABLE BEAMS,6800,246920.930703200,239883.532384193,31.9,PLTZERO
367696:8786,1653:1653,05/19/23 01:13:27,STABLE BEAMS,6800,246886.281561210,239338.803768118,31.9,PLTZERO
367696:8786,1654:1654,05/19/23 01:13:50,STABLE BEAMS,6800,246972.787862289,240004.776408223,31.9,PLTZERO
367696:8786,1655:1655,05/19/23 01:14:14,STABLE BEAMS,6800,246912.051627457,239913.444775878,31.9,PLTZERO
367696:8786,1656:1656,05/19/23 01:14:37,STABLE BEAMS,6800,246955.917851486,240019.527469210,31.9,PLTZERO
367696:8786,1657:1657,05/19/23 01:15:00,STABLE BEAMS,6800,246779.835219725,239825.598105003,31.9,PLTZERO
367696:8786,1658:1658,05/19/23 01:15:24,STABLE BEAMS,6800,246617.184258857,178933.938420339,31.9,PLTZERO
367696:8786,1659:1659,05/19/23 01:15:47,STABLE BEAMS,6800,246523.439960881,239655.023810334,31.8,PLTZERO
367696:8786,1660:1660,05/19/23 01:16:10,STABLE BEAMS,6800,246530.018262731,239648.536420522,31.9,PLTZERO
367696:8786,1661:1661,05/19/23 01:16:34,STABLE BEAMS,6800,246229.824381116,239381.600027388,31.9,PLTZERO
367696:8786,1662:1662,05/19/23 01:16:57,STABLE BEAMS,6800,245817.037105581,239017.278192589,31.8,PLTZERO
367696:8786,1665:1665,05/19/23 01:18:07,STABLE BEAMS,6800,245597.906458136,238768.279443940,31.7,PLTZERO
367696:8786,1666:1666,05/19/23 01:18:30,STABLE BEAMS,6800,245543.909369529,238681.001556074,31.8,PLTZERO
367696:8786,1673:1673,05/19/23 01:21:13,STABLE BEAMS,6800,245629.117260215,238842.675795299,31.8,PLTZERO
367696:8786,1674:1674,05/19/23 01:21:37,STABLE BEAMS,6800,245558.888876151,238759.106652381,31.7,PLTZERO
367696:8786,1675:1675,05/19/23 01:22:00,STABLE BEAMS,6800,245534.188774663,238761.701142090,31.7,PLTZERO
367696:8786,1676:1676,05/19/23 01:22:23,STABLE BEAMS,6800,245428.789087158,238636.109657766,31.7,PLTZERO
367696:8786,1677:1677,05/19/23 01:22:47,STABLE BEAMS,6800,245369.327951940,238586.506651011,31.7,PLTZERO
367696:8786,1678:1678,05/19/23 01:23:10,STABLE BEAMS,6800,245215.031574286,238421.850963145,31.7,PLTZERO
367696:8786,1679:1679,05/19/23 01:23:33,STABLE BEAMS,6800,245006.166993938,238232.861153020,31.7,PLTZERO
367696:8786,1680:1680,05/19/23 01:23:57,STABLE BEAMS,6800,245104.783244737,238339.626852178,31.7,PLTZERO
367696:8786,1681:1681,05/19/23 01:24:20,STABLE BEAMS,6800,245114.958399796,238365.874789396,31.7,PLTZERO
367696:8786,1682:1682,05/19/23 01:24:43,STABLE BEAMS,6800,244912.560229558,238163.907868571,31.7,PLTZERO
367696:8786,1683:1683,05/19/23 01:25:06,STABLE BEAMS,6800,244773.038223670,238029.642443360,31.6,PLTZERO
367696:8786,1684:1684,05/19/23 01:25:30,STABLE BEAMS,6800,244894.643564775,238088.376282271,31.6,PLTZERO
367696:8786,1685:1685,05/19/23 01:25:53,STABLE BEAMS,6800,244863.684519110,238113.826990845,31.7,PLTZERO
367696:8786,1686:1686,05/19/23 01:26:16,STABLE BEAMS,6800,244714.623742432,237971.889988247,31.6,PLTZERO
367696:8786,1687:1687,05/19/23 01:26:40,STABLE BEAMS,6800,244646.239240991,237914.979052258,31.6,PLTZERO
367696:8786,1688:1688,05/19/23 01:27:03,STABLE BEAMS,6800,244430.978182870,237668.530502837,31.6,PLTZERO
367696:8786,1689:1689,05/19/23 01:27:26,STABLE BEAMS,6800,244380.167677760,237677.136842465,31.6,PLTZERO
367696:8786,1691:1691,05/19/23 01:28:13,STABLE BEAMS,6800,244078.563494013,237423.380363809,31.6,PLTZERO
367696:8786,1692:1692,05/19/23 01:28:36,STABLE BEAMS,6800,243688.949463938,236608.118501393,31.5,PLTZERO
367696:8786,1693:1693,05/19/23 01:29:00,STABLE BEAMS,6800,243726.943702722,237103.927116539,31.5,PLTZERO
367696:8786,1694:1694,05/19/23 01:29:23,STABLE BEAMS,6800,243792.209221925,237155.397316696,31.5,PLTZERO
367696:8786,1695:1695,05/19/23 01:29:46,STABLE BEAMS,6800,243544.919153380,236913.251937089,31.5,PLTZERO
367696:8786,1696:1696,05/19/23 01:30:09,STABLE BEAMS,6800,243307.440591740,236697.081758584,31.5,PLTZERO
367696:8786,1697:1697,05/19/23 01:30:33,STABLE BEAMS,6800,243465.858315131,236852.767458670,31.4,PLTZERO
367696:8786,1698:1698,05/19/23 01:30:56,STABLE BEAMS,6800,243576.516914391,236932.807349639,31.5,PLTZERO
367696:8786,1699:1699,05/19/23 01:31:19,STABLE BEAMS,6800,243317.046963789,236720.527740160,31.5,PLTZERO
367696:8786,1700:1700,05/19/23 01:31:43,STABLE BEAMS,6800,243196.714391221,236563.660183576,31.4,PLTZERO
367696:8786,1701:1701,05/19/23 01:32:06,STABLE BEAMS,6800,243329.795628855,236405.219149405,31.4,PLTZERO
367696:8786,1702:1702,05/19/23 01:32:29,STABLE BEAMS,6800,243304.550055137,236760.048834972,31.5,PLTZERO
367696:8786,1703:1703,05/19/23 01:32:53,STABLE BEAMS,6800,243277.733334910,236712.606737436,31.4,PLTZERO
367696:8786,1704:1704,05/19/23 01:33:16,STABLE BEAMS,6800,243199.012834036,236626.123747136,31.4,PLTZERO
367696:8786,1707:1707,05/19/23 01:34:26,STABLE BEAMS,6800,243099.578374892,236524.003886244,31.4,PLTZERO
367696:8786,1708:1708,05/19/23 01:34:49,STABLE BEAMS,6800,242991.675109716,236475.764560064,31.4,PLTZERO
367696:8786,1709:1709,05/19/23 01:35:13,STABLE BEAMS,6800,242941.685144029,236443.234367891,31.4,PLTZERO
367696:8786,1710:1710,05/19/23 01:35:36,STABLE BEAMS,6800,242835.488227881,236092.912986993,31.4,PLTZERO
367696:8786,1711:1711,05/19/23 01:35:59,STABLE BEAMS,6800,242619.066292962,235715.980020725,31.4,PLTZERO
367696:8786,1712:1712,05/19/23 01:36:22,STABLE BEAMS,6800,242521.452405663,236099.379397104,31.3,PLTZERO
367696:8786,1713:1713,05/19/23 01:36:46,STABLE BEAMS,6800,242404.056991255,235349.131297476,31.3,PLTZERO
367696:8786,1714:1714,05/19/23 01:37:09,STABLE BEAMS,6800,242188.933466731,235827.913719599,31.3,PLTZERO
367696:8786,1715:1715,05/19/23 01:37:32,STABLE BEAMS,6800,242024.116934488,235639.082422772,31.3,PLTZERO
367696:8786,1716:1716,05/19/23 01:37:56,STABLE BEAMS,6800,242243.886297279,235836.881376302,31.3,PLTZERO
367696:8786,1717:1717,05/19/23 01:38:19,STABLE BEAMS,6800,242272.842947023,235652.602674625,31.3,PLTZERO
367696:8786,1718:1718,05/19/23 01:38:42,STABLE BEAMS,6800,242224.626931622,235776.625343518,31.3,PLTZERO
367696:8786,1719:1719,05/19/23 01:39:06,STABLE BEAMS,6800,242170.014438448,235576.297170461,31.3,PLTZERO
367696:8786,1720:1720,05/19/23 01:39:29,STABLE BEAMS,6800,241956.075101500,235524.917882342,31.3,PLTZERO
367696:8786,1721:1721,05/19/23 01:39:52,STABLE BEAMS,6800,241868.909105373,235449.521498561,31.3,PLTZERO
367696:8786,1722:1722,05/19/23 01:40:16,STABLE BEAMS,6800,241699.132039347,235263.310333301,31.3,PLTZERO
367696:8786,1723:1723,05/19/23 01:40:39,STABLE BEAMS,6800,241533.795676732,235060.000711602,31.2,PLTZERO
367696:8786,1724:1724,05/19/23 01:41:02,STABLE BEAMS,6800,240851.955389324,234517.136957852,31.1,PLTZERO
367696:8786,1725:1725,05/19/23 01:41:26,STABLE BEAMS,6800,240798.708907803,231813.746282324,31.1,PLTZERO
367696:8786,1726:1726,05/19/23 01:41:49,STABLE BEAMS,6800,241203.710383133,234864.295066032,31.2,PLTZERO
367696:8786,1727:1727,05/19/23 01:42:12,STABLE BEAMS,6800,241080.645787259,234474.452590321,31.2,PLTZERO
367696:8786,1728:1728,05/19/23 01:42:35,STABLE BEAMS,6800,240747.534754539,234440.351251639,31.1,PLTZERO
367696:8786,1729:1729,05/19/23 01:42:59,STABLE BEAMS,6800,240687.800883207,234391.636385567,31.1,PLTZERO
367696:8786,1730:1730,05/19/23 01:43:22,STABLE BEAMS,6800,240924.253770568,230182.560997580,31.1,PLTZERO
367696:8786,1733:1733,05/19/23 01:44:32,STABLE BEAMS,6800,240379.888802647,234146.439624981,31.1,PLTZERO
367696:8786,1739:1739,05/19/23 01:46:52,STABLE BEAMS,6800,240339.367675413,234112.156462222,31.0,PLTZERO
367696:8786,1742:1742,05/19/23 01:48:02,STABLE BEAMS,6800,240211.703862831,233967.443145838,31.1,PLTZERO
367696:8786,1743:1743,05/19/23 01:48:25,STABLE BEAMS,6800,240103.756307175,233624.383072617,31.0,PLTZERO
367696:8786,1744:1744,05/19/23 01:48:48,STABLE BEAMS,6800,239993.074397136,233786.192514361,31.0,PLTZERO
367696:8786,1745:1745,05/19/23 01:49:12,STABLE BEAMS,6800,239752.866143269,233530.638774640,31.0,PLTZERO
367696:8786,1746:1746,05/19/23 01:49:35,STABLE BEAMS,6800,239552.379456914,233396.012032354,31.0,PLTZERO
367696:8786,1747:1747,05/19/23 01:49:58,STABLE BEAMS,6800,239135.608369237,232985.500121962,30.9,PLTZERO
367696:8786,1748:1748,05/19/23 01:50:22,STABLE BEAMS,6800,238637.636513794,232579.769485463,30.9,PLTZERO
367696:8786,1749:1749,05/19/23 01:50:45,STABLE BEAMS,6800,238150.863156611,232143.215938247,30.8,PLTZERO
367696:8786,1750:1750,05/19/23 01:51:08,STABLE BEAMS,6800,238634.356687181,232492.558965748,30.8,PLTZERO
367696:8786,1751:1751,05/19/23 01:51:32,STABLE BEAMS,6800,238709.753070962,232626.095229790,30.9,PLTZERO
367696:8786,1752:1752,05/19/23 01:51:55,STABLE BEAMS,6800,238573.895519542,231608.365731014,30.8,PLTZERO
367696:8786,1753:1753,05/19/23 01:52:18,STABLE BEAMS,6800,238418.209819456,232416.935534979,30.8,PLTZERO
367696:8786,1754:1754,05/19/23 01:52:42,STABLE BEAMS,6800,238698.347106770,217550.509036141,30.8,PLTZERO
367696:8786,1755:1755,05/19/23 01:53:05,STABLE BEAMS,6800,238788.881510470,148200.975376236,30.9,PLTZERO
367696:8786,1756:1756,05/19/23 01:53:28,STABLE BEAMS,6800,239059.482358072,232950.237906483,30.9,PLTZERO
367696:8786,1757:1757,05/19/23 01:53:51,STABLE BEAMS,6800,238628.074432225,124394.796808576,30.9,PLTZERO
367696:8786,1759:1759,05/19/23 01:54:38,STABLE BEAMS,6800,238368.809616479,232002.827703810,30.8,PLTZERO
367696:8786,1760:1760,05/19/23 01:55:01,STABLE BEAMS,6800,237875.299444148,231161.909531747,30.7,PLTZERO
367696:8786,1761:1761,05/19/23 01:55:25,STABLE BEAMS,6800,237649.431981556,230874.485994224,30.7,PLTZERO
367696:8786,1763:1763,05/19/23 01:56:11,STABLE BEAMS,6800,237161.497747575,230654.444827749,30.7,PLTZERO
367696:8786,1764:1764,05/19/23 01:56:35,STABLE BEAMS,6800,236798.656147246,230298.044928105,30.6,PLTZERO
367696:8786,1766:1766,05/19/23 01:57:21,STABLE BEAMS,6800,236012.395225054,230193.624526428,30.5,PLTZERO
367696:8786,1767:1767,05/19/23 01:57:45,STABLE BEAMS,6800,236219.574436076,230337.427323782,30.5,PLTZERO
367696:8786,1768:1768,05/19/23 01:58:08,STABLE BEAMS,6800,236435.949749436,230558.765968219,30.3,PLTZERO
367696:8786,1769:1769,05/19/23 01:58:31,STABLE BEAMS,6800,236439.684136241,100629.707918051,30.6,PLTZERO
367696:8786,1770:1770,05/19/23 01:58:54,STABLE BEAMS,6800,236287.639579843,230344.621030199,30.5,PLTZERO
367696:8786,1771:1771,05/19/23 01:59:18,STABLE BEAMS,6800,236152.374122211,230279.833381967,30.5,PLTZERO
367696:8786,1776:1776,05/19/23 02:01:14,STABLE BEAMS,6800,236251.330710385,230408.907729789,30.5,PLTZERO
367696:8786,1780:1780,05/19/23 02:02:48,STABLE BEAMS,6800,236110.076713613,230299.979955874,30.5,PLTZERO
367696:8786,1781:1781,05/19/23 02:03:11,STABLE BEAMS,6800,235794.085117032,229981.027424138,30.5,PLTZERO
367696:8786,1784:1784,05/19/23 02:04:21,STABLE BEAMS,6800,235882.684726071,230070.901433467,30.5,PLTZERO
367696:8786,1785:1785,05/19/23 02:04:44,STABLE BEAMS,6800,235830.007027558,229903.765012493,30.5,PLTZERO
367696:8786,1786:1786,05/19/23 02:05:07,STABLE BEAMS,6800,235930.443850202,230091.548722909,30.5,PLTZERO
367696:8786,1787:1787,05/19/23 02:05:31,STABLE BEAMS,6800,236018.087717299,230080.280292313,30.5,PLTZERO
367696:8786,1788:1788,05/19/23 02:05:54,STABLE BEAMS,6800,235977.883616660,230132.183373637,30.5,PLTZERO
367696:8786,1789:1789,05/19/23 02:06:17,STABLE BEAMS,6800,235912.277760083,230085.925929893,30.5,PLTZERO
367696:8786,1793:1793,05/19/23 02:07:51,STABLE BEAMS,6800,235399.258796759,229578.802728808,30.4,PLTZERO
367696:8786,1794:1794,05/19/23 02:08:14,STABLE BEAMS,6800,235117.070160889,229354.368179805,30.4,PLTZERO
367696:8786,1795:1795,05/19/23 02:08:37,STABLE BEAMS,6800,235086.726519790,229339.138781632,30.4,PLTZERO
367696:8786,1796:1796,05/19/23 02:09:01,STABLE BEAMS,6800,235026.582378746,229178.899787073,30.4,PLTZERO
367696:8786,1797:1797,05/19/23 02:09:24,STABLE BEAMS,6800,198158.103401951,193296.986594748,30.4,PLTZERO
367696:8786,1802:1802,05/19/23 02:11:20,STABLE BEAMS,6800,133627.105914685,130380.931907595,17.3,PLTZERO
367696:8786,1803:1803,05/19/23 02:11:44,STABLE BEAMS,6800,133545.768545754,130293.664509579,17.3,PLTZERO
367696:8786,1804:1804,05/19/23 02:12:07,STABLE BEAMS,6800,133518.758579169,130281.963664031,17.3,PLTZERO
367696:8786,1805:1805,05/19/23 02:12:30,STABLE BEAMS,6800,133423.159442503,130170.201765599,17.2,PLTZERO
367696:8786,1806:1806,05/19/23 02:12:54,STABLE BEAMS,6800,133356.300165336,130144.910269646,17.2,PLTZERO
367696:8786,1807:1807,05/19/23 02:13:17,STABLE BEAMS,6800,133288.382578799,130086.849646034,17.2,PLTZERO
367696:8786,1808:1808,05/19/23 02:13:40,STABLE BEAMS,6800,133262.613211876,130049.834693077,17.2,PLTZERO
367696:8786,1809:1809,05/19/23 02:14:04,STABLE BEAMS,6800,133234.669881697,130014.390420414,17.2,PLTZERO
367696:8786,1812:1812,05/19/23 02:15:14,STABLE BEAMS,6800,133201.786764328,130000.538456175,17.2,PLTZERO
367696:8786,1813:1813,05/19/23 02:15:37,STABLE BEAMS,6800,129785.141263104,126631.504754958,17.2,PLTZERO
367696:8786,1814:1814,05/19/23 02:16:00,STABLE BEAMS,6800,133065.427798051,129618.232355334,17.2,PLTZERO
367696:8786,1815:1815,05/19/23 02:16:23,STABLE BEAMS,6800,132338.445487676,128879.663189121,17.2,PLTZERO
367696:8786,1816:1816,05/19/23 02:16:47,STABLE BEAMS,6800,132157.673193385,98263.003682535,17.1,PLTZERO
367696:8786,1817:1817,05/19/23 02:17:10,STABLE BEAMS,6800,132018.354923706,128890.954464280,17.1,PLTZERO
367696:8786,1818:1818,05/19/23 02:17:33,STABLE BEAMS,6800,131833.849175041,128576.418159636,17.1,PLTZERO
367696:8786,1819:1819,05/19/23 02:17:57,STABLE BEAMS,6800,131620.284675420,128522.170480154,17.0,PLTZERO
367696:8786,1820:1820,05/19/23 02:18:20,STABLE BEAMS,6800,144004.909967149,140651.447167019,17.0,PLTZERO
367696:8786,1821:1821,05/19/23 02:18:43,STABLE BEAMS,6800,133924.614394552,130779.275358211,17.0,PLTZERO
367696:8786,1822:1822,05/19/23 02:19:07,STABLE BEAMS,6800,135649.236274988,132597.982806429,15.9,PLTZERO
367696:8786,1823:1823,05/19/23 02:19:30,STABLE BEAMS,6800,136707.827937696,133533.339238361,16.7,PLTZERO
367696:8786,1824:1824,05/19/23 02:19:53,STABLE BEAMS,6800,130114.189693250,127405.529616116,17.0,PLTZERO
367696:8786,1825:1825,05/19/23 02:20:17,STABLE BEAMS,6800,129462.398631801,126772.735207843,17.0,PLTZERO
367696:8786,1826:1826,05/19/23 02:20:40,STABLE BEAMS,6800,104073.113028094,102292.148994677,13.2,PLTZERO
367696:8786,1827:1827,05/19/23 02:21:03,STABLE BEAMS,6800,128952.725697703,126026.517075699,17.0,PLTZERO
367696:8786,1828:1828,05/19/23 02:21:27,STABLE BEAMS,6800,122123.293328511,119674.216026150,15.8,PLTZERO
367696:8786,1829:1829,05/19/23 02:21:50,STABLE BEAMS,6800,122398.629294663,119914.176020221,15.8,PLTZERO
367696:8786,1830:1830,05/19/23 02:22:13,STABLE BEAMS,6800,122372.381823661,119902.429485546,15.8,PLTZERO
367696:8786,1831:1831,05/19/23 02:22:36,STABLE BEAMS,6800,122250.296280507,119785.761833661,15.8,PLTZERO
367696:8786,1832:1832,05/19/23 02:23:00,STABLE BEAMS,6800,122174.240201679,119712.858770808,15.8,PLTZERO
367696:8786,1833:1833,05/19/23 02:23:23,STABLE BEAMS,6800,122273.709393884,119578.855824969,15.8,PLTZERO
367696:8786,1834:1834,05/19/23 02:23:46,STABLE BEAMS,6800,122435.371045289,119960.569832023,15.8,PLTZERO
367696:8786,1835:1835,05/19/23 02:24:10,STABLE BEAMS,6800,122698.596129289,120214.985073294,15.8,PLTZERO
367696:8786,1836:1836,05/19/23 02:24:33,STABLE BEAMS,6800,122890.022382040,119948.117680066,15.9,PLTZERO
367696:8786,1837:1837,05/19/23 02:24:56,STABLE BEAMS,6800,121139.767502737,118746.702039617,15.9,PLTZERO
367696:8786,1838:1838,05/19/23 02:25:20,STABLE BEAMS,6800,118768.385260080,116481.697837861,15.9,PLTZERO
367696:8786,1839:1839,05/19/23 02:25:43,STABLE BEAMS,6800,126760.556258217,123991.923141157,15.9,PLTZERO
367696:8786,1840:1840,05/19/23 02:26:06,STABLE BEAMS,6800,118956.146125932,116634.185532168,16.8,PLTZERO
367696:8786,1841:1841,05/19/23 02:26:30,STABLE BEAMS,6800,126423.767950101,123432.009184282,15.8,PLTZERO
367696:8786,1843:1843,05/19/23 02:27:16,STABLE BEAMS,6800,130080.532658017,118766.700590077,16.8,PLTZERO
367696:8786,1844:1844,05/19/23 02:27:40,STABLE BEAMS,6800,129851.989117989,126516.897309726,16.8,PLTZERO
367696:8786,1845:1845,05/19/23 02:28:03,STABLE BEAMS,6800,129734.752216880,52362.241431883,16.8,PLTZERO
367696:8786,1846:1846,05/19/23 02:28:26,STABLE BEAMS,6800,129713.399077048,96798.294657502,16.8,PLTZERO
367696:8786,1847:1847,05/19/23 02:28:49,STABLE BEAMS,6800,129612.051968482,104815.244780670,16.8,PLTZERO
367696:8786,1848:1848,05/19/23 02:29:13,STABLE BEAMS,6800,129565.111752019,126582.811567910,16.8,PLTZERO
367696:8786,1849:1849,05/19/23 02:29:36,STABLE BEAMS,6800,129433.806329533,126470.002549282,16.7,PLTZERO
367696:8786,1850:1850,05/19/23 02:29:59,STABLE BEAMS,6800,129440.658533037,95665.172140240,16.7,PLTZERO
367696:8786,1851:1851,05/19/23 02:30:23,STABLE BEAMS,6800,129428.968876663,65675.513380900,16.7,PLTZERO
367696:8786,1852:1852,05/19/23 02:30:46,STABLE BEAMS,6800,129442.661861389,58030.818683076,16.7,PLTZERO
367696:8786,1853:1853,05/19/23 02:31:09,STABLE BEAMS,6800,129381.778302433,123580.228441836,16.7,PLTZERO
367696:8786,1854:1854,05/19/23 02:31:33,STABLE BEAMS,6800,129389.779960452,125935.220409523,16.7,PLTZERO
367696:8786,1857:1857,05/19/23 02:32:43,STABLE BEAMS,6800,129357.135778569,126424.063763887,16.7,PLTZERO
367696:8786,1858:1858,05/19/23 02:33:06,STABLE BEAMS,6800,129300.270298599,126377.021213104,16.7,PLTZERO
367696:8786,1859:1859,05/19/23 02:33:29,STABLE BEAMS,6800,129256.608043887,126274.216947740,16.7,PLTZERO
367696:8786,1860:1860,05/19/23 02:33:52,STABLE BEAMS,6800,129186.595983853,126266.055843992,16.7,PLTZERO
367696:8786,1861:1861,05/19/23 02:34:16,STABLE BEAMS,6800,129159.620284113,126261.343803113,16.7,PLTZERO
367696:8786,1862:1862,05/19/23 02:34:39,STABLE BEAMS,6800,128972.234721803,125200.407309140,16.7,PLTZERO
367696:8786,1863:1863,05/19/23 02:35:02,STABLE BEAMS,6800,128981.465790310,125928.709708933,16.7,PLTZERO
367696:8786,1864:1864,05/19/23 02:35:26,STABLE BEAMS,6800,129089.630835534,126181.315334426,16.7,PLTZERO
367696:8786,1865:1865,05/19/23 02:35:49,STABLE BEAMS,6800,129051.967143596,111814.249314139,16.7,PLTZERO
367696:8786,1866:1866,05/19/23 02:36:12,STABLE BEAMS,6800,128884.193405923,66082.387877328,16.7,PLTZERO
367696:8786,1867:1867,05/19/23 02:36:36,STABLE BEAMS,6800,128925.214782476,67653.429720351,16.7,PLTZERO
367696:8786,1868:1868,05/19/23 02:36:59,STABLE BEAMS,6800,128984.686873760,125570.682250695,16.7,PLTZERO
367696:8786,1869:1869,05/19/23 02:37:22,STABLE BEAMS,6800,128973.896547242,126069.576047449,16.7,PLTZERO
367696:8786,1870:1870,05/19/23 02:37:46,STABLE BEAMS,6800,128935.276647148,125614.401383708,16.7,PLTZERO
367696:8786,1871:1871,05/19/23 02:38:09,STABLE BEAMS,6800,128917.713839991,78088.053796765,16.7,PLTZERO
367696:8786,1872:1872,05/19/23 02:38:32,STABLE BEAMS,6800,128882.861661115,114488.330414728,16.7,PLTZERO
367696:8786,1873:1873,05/19/23 02:38:56,STABLE BEAMS,6800,128701.736441629,125430.544374024,16.7,PLTZERO
367696:8786,1874:1874,05/19/23 02:39:19,STABLE BEAMS,6800,128549.328470187,125624.246924350,16.6,PLTZERO
367696:8786,1875:1875,05/19/23 02:39:42,STABLE BEAMS,6800,128567.130212829,125696.580971086,16.6,PLTZERO
367696:8786,1876:1876,05/19/23 02:40:05,STABLE BEAMS,6800,128545.936518726,120520.529478025,16.6,PLTZERO
367696:8786,1877:1877,05/19/23 02:40:29,STABLE BEAMS,6800,128515.660012672,8713.391793050,16.6,PLTZERO
367696:8786,1878:1878,05/19/23 02:40:52,STABLE BEAMS,6800,128455.584638426,125328.093033854,16.6,PLTZERO
367696:8786,1879:1879,05/19/23 02:41:15,STABLE BEAMS,6800,128177.334824892,125160.375941374,16.6,PLTZERO
367696:8786,1880:1880,05/19/23 02:41:39,STABLE BEAMS,6800,128034.681715161,124992.693348846,16.5,PLTZERO
367696:8786,1881:1881,05/19/23 02:42:15,STABLE BEAMS,6800,226698.783249966,221654.116669147,29.3,HFOC
367696:8786,1882:1882,05/19/23 02:42:25,STABLE BEAMS,6800,226625.390660753,221014.959816839,29.3,HFOC
367696:8786,1883:1883,05/19/23 02:42:48,STABLE BEAMS,6800,226527.139456754,221531.735079100,29.3,HFOC
367696:8786,1884:1884,05/19/23 02:43:12,STABLE BEAMS,6800,226436.992245093,221434.644751897,29.3,HFOC
367696:8786,1885:1885,05/19/23 02:43:35,STABLE BEAMS,6800,226362.962339181,221366.579141914,29.3,HFOC
367696:8786,1886:1886,05/19/23 02:43:58,STABLE BEAMS,6800,226316.135879319,119399.472153787,29.3,HFOC
367696:8786,1887:1887,05/19/23 02:44:22,STABLE BEAMS,6800,226255.673546141,204731.424437586,29.2,HFOC
367696:8786,1888:1888,05/19/23 02:44:45,STABLE BEAMS,6800,226201.721913553,158949.873977246,29.2,HFOC
367696:8786,1889:1889,05/19/23 02:45:08,STABLE BEAMS,6800,226136.092046874,179402.054762397,29.2,HFOC
367696:8786,1890:1890,05/19/23 02:45:32,STABLE BEAMS,6800,226078.315814766,220628.806738130,29.2,HFOC
367696:8786,1892:1892,05/19/23 02:46:18,STABLE BEAMS,6800,225723.304538230,220071.669794363,29.2,HFOC
367696:8786,1893:1893,05/19/23 02:46:42,STABLE BEAMS,6800,225883.315786478,220250.188635643,29.2,HFOC
367696:8786,1894:1894,05/19/23 02:47:05,STABLE BEAMS,6800,226633.426585617,220522.747122470,29.2,HFOC
367696:8786,1895:1895,05/19/23 02:47:28,STABLE BEAMS,6800,225997.615995642,219884.273042880,29.3,HFOC
367696:8786,1897:1897,05/19/23 02:48:15,STABLE BEAMS,6800,225880.083280746,128150.609482919,29.2,HFOC
367696:8786,1898:1898,05/19/23 02:48:38,STABLE BEAMS,6800,225874.779146079,220909.833564772,29.2,HFOC
367696:8786,1901:1901,05/19/23 02:49:48,STABLE BEAMS,6800,225707.779093163,218401.602829477,29.2,HFOC
367696:8786,1902:1902,05/19/23 02:50:11,STABLE BEAMS,6800,225665.619451269,220407.855052625,29.2,HFOC
367696:8786,1903:1903,05/19/23 02:50:35,STABLE BEAMS,6800,225602.539317602,219126.149163440,29.2,HFOC
367696:8786,1904:1904,05/19/23 02:50:58,STABLE BEAMS,6800,225567.140500958,155362.756981888,29.2,HFOC
367696:8786,1905:1905,05/19/23 02:51:21,STABLE BEAMS,6800,225476.583718910,150547.339558379,29.2,HFOC
367696:8786,1906:1906,05/19/23 02:51:45,STABLE BEAMS,6800,225294.081065489,117325.108631528,29.1,HFOC
367696:8786,1907:1907,05/19/23 02:52:08,STABLE BEAMS,6800,225215.202517533,32496.091068032,29.1,HFOC
367696:8786,1915:1915,05/19/23 02:55:14,STABLE BEAMS,6800,224561.544495789,35910.736038197,29.0,HFOC
367696:8786,1916:1916,05/19/23 02:55:38,STABLE BEAMS,6800,224324.999297742,11122.265717406,29.0,HFOC
367696:8786,1917:1917,05/19/23 02:56:01,STABLE BEAMS,6800,223900.283197240,30982.435467783,29.0,HFOC
367696:8786,1918:1918,05/19/23 02:56:24,STABLE BEAMS,6800,223469.079473818,66798.904114122,28.9,HFOC
367696:8786,1919:1919,05/19/23 02:56:48,STABLE BEAMS,6800,223402.903202477,181902.716487733,28.9,HFOC
367696:8786,1920:1920,05/19/23 02:57:11,STABLE BEAMS,6800,223220.537383330,73329.718177255,28.9,HFOC
367661:8784,50:50,05/17/23 22:24:43,STABLE BEAMS,6800,270310.108572009,34039.713140973,35.0,PLTZERO
367661:8784,51:51,05/17/23 22:25:06,STABLE BEAMS,6800,269975.678149195,215432.232901403,34.9,PLTZERO
367661:8784,52:52,05/17/23 22:25:29,STABLE BEAMS,6800,269568.625325307,236579.525499802,34.9,PLTZERO
367661:8784,53:53,05/17/23 22:25:53,STABLE BEAMS,6800,269227.910316459,9342.528856643,34.8,PLTZERO
367661:8784,54:54,05/17/23 22:26:16,STABLE BEAMS,6800,269087.931419301,9513.210171099,34.8,PLTZERO
367661:8784,55:55,05/17/23 22:26:39,STABLE BEAMS,6800,268741.549560064,102758.034495180,34.8,PLTZERO
367661:8784,56:56,05/17/23 22:27:03,STABLE BEAMS,6800,268290.882268561,262248.357695681,34.7,PLTZERO
367661:8784,57:57,05/17/23 22:27:26,STABLE BEAMS,6800,268067.972943832,262440.513109601,34.7,PLTZERO
367661:8784,58:58,05/17/23 22:27:49,STABLE BEAMS,6800,267830.380159374,256099.731780846,34.7,PLTZERO
367661:8784,59:59,05/17/23 22:28:13,STABLE BEAMS,6800,267740.074201309,255784.558392611,34.6,PLTZERO
367661:8784,60:60,05/17/23 22:28:36,STABLE BEAMS,6800,267429.952258894,259634.387168614,34.6,PLTZERO
367661:8784,61:61,05/17/23 22:28:59,STABLE BEAMS,6800,267315.312178571,204243.855716621,34.6,PLTZERO
367661:8784,62:62,05/17/23 22:29:22,STABLE BEAMS,6800,267095.566126560,258620.687637321,34.5,PLTZERO
367661:8784,63:63,05/17/23 22:29:46,STABLE BEAMS,6800,266979.263987690,254186.334083238,34.5,PLTZERO
367661:8784,64:64,05/17/23 22:30:09,STABLE BEAMS,6800,266674.151531695,258793.355239950,34.5,PLTZERO
367661:8784,65:65,05/17/23 22:30:32,STABLE BEAMS,6800,266248.797415170,258275.965505553,34.4,PLTZERO
367661:8784,66:66,05/17/23 22:30:56,STABLE BEAMS,6800,266263.958745868,249911.925108573,34.4,PLTZERO
367661:8784,67:67,05/17/23 22:31:19,STABLE BEAMS,6800,266102.307817422,205409.918229553,34.4,PLTZERO
367661:8784,68:68,05/17/23 22:31:42,STABLE BEAMS,6800,265975.648699417,254213.607694734,34.4,PLTZERO
367661:8784,69:69,05/17/23 22:32:06,STABLE BEAMS,6800,265767.352902078,257928.557972038,34.4,PLTZERO
367661:8784,70:70,05/17/23 22:32:29,STABLE BEAMS,6800,239811.049847794,233090.762742086,34.3,PLTZERO
367661:8784,71:71,05/17/23 22:32:52,STABLE BEAMS,6800,4399.566668700,4389.851225516,1.8,PLTZERO
367661:8784,72:72,05/17/23 22:33:16,STABLE BEAMS,6800,28455.108309176,24999.894191571,1.8,PLTZERO
367661:8784,73:73,05/17/23 22:33:39,STABLE BEAMS,6800,121057.974874291,119726.836147038,8.3,PLTZERO
367661:8784,74:74,05/17/23 22:34:02,STABLE BEAMS,6800,239921.776048313,233972.998104488,23.5,PLTZERO
367661:8784,75:75,05/17/23 22:34:26,STABLE BEAMS,6800,197580.364857870,194190.422087162,34.3,PLTZERO
367661:8784,76:76,05/17/23 22:34:49,STABLE BEAMS,6800,59788.238596537,59475.466451652,10.3,PLTZERO
367661:8784,77:77,05/17/23 22:35:12,STABLE BEAMS,6800,10958.307021833,10930.459009430,2.2,PLTZERO
367661:8784,78:78,05/17/23 22:35:35,STABLE BEAMS,6800,131574.687392938,128266.173136308,0.4,PLTZERO
367661:8784,79:79,05/17/23 22:35:59,STABLE BEAMS,6800,42576.233022595,41946.528924301,32.8,PLTZERO
367661:8784,80:80,05/17/23 22:36:22,STABLE BEAMS,6800,37157.939643301,36999.758058101,2.1,PLTZERO
367661:8784,81:81,05/17/23 22:36:45,STABLE BEAMS,6800,130215.548457206,128738.284712789,10.6,PLTZERO
367661:8784,82:82,05/17/23 22:37:09,STABLE BEAMS,6800,242806.690091434,236491.995855522,24.1,PLTZERO
367661:8784,83:83,05/17/23 22:37:32,STABLE BEAMS,6800,220749.184999825,216511.107739183,34.2,PLTZERO
367661:8784,84:84,05/17/23 22:37:55,STABLE BEAMS,6800,93376.800281127,92682.092443679,15.2,PLTZERO
367661:8784,85:85,05/17/23 22:38:19,STABLE BEAMS,6800,26429.833557886,26340.480311361,5.4,PLTZERO
367661:8784,86:86,05/17/23 22:38:42,STABLE BEAMS,6800,171276.893904878,166950.661338646,1.6,PLTZERO
367661:8784,87:87,05/17/23 22:39:05,STABLE BEAMS,6800,262651.904578399,255354.695971416,33.9,PLTZERO
367661:8784,88:88,05/17/23 22:39:29,STABLE BEAMS,6800,262697.251036898,255435.327956173,34.0,PLTZERO
367661:8784,89:89,05/17/23 22:39:52,STABLE BEAMS,6800,262679.744641826,251889.152381395,34.0,PLTZERO
367661:8784,90:90,05/17/23 22:40:15,STABLE BEAMS,6800,262496.239858014,255420.189936253,33.9,PLTZERO
367661:8784,91:91,05/17/23 22:40:38,STABLE BEAMS,6800,262191.675205327,255165.934606926,33.9,PLTZERO
367661:8784,92:92,05/17/23 22:41:02,STABLE BEAMS,6800,261915.838756749,254882.561783480,33.9,PLTZERO
367661:8784,93:93,05/17/23 22:41:25,STABLE BEAMS,6800,261749.203983740,251105.693414845,33.8,PLTZERO
367661:8784,94:94,05/17/23 22:41:48,STABLE BEAMS,6800,261621.563481937,254624.231729973,33.8,PLTZERO
367661:8784,95:95,05/17/23 22:42:12,STABLE BEAMS,6800,261432.890698408,254437.200025290,33.8,PLTZERO
367661:8784,96:96,05/17/23 22:42:35,STABLE BEAMS,6800,261153.776754295,254211.740501332,33.8,PLTZERO
367661:8784,97:97,05/17/23 22:42:58,STABLE BEAMS,6800,260965.651774074,251154.317368880,33.8,PLTZERO
367661:8784,98:98,05/17/23 22:43:22,STABLE BEAMS,6800,260865.669511622,254006.428483712,33.7,PLTZERO
367661:8784,99:99,05/17/23 22:43:45,STABLE BEAMS,6800,260605.814933166,253770.656271099,33.7,PLTZERO
367661:8784,100:100,05/17/23 22:44:08,STABLE BEAMS,6800,260386.455840086,250628.845787384,33.7,PLTZERO
367661:8784,101:101,05/17/23 22:44:32,STABLE BEAMS,6800,260207.140003271,253120.276211106,33.6,PLTZERO
367661:8784,102:102,05/17/23 22:44:55,STABLE BEAMS,6800,260146.928260967,253314.501622206,33.6,PLTZERO
367661:8784,103:103,05/17/23 22:45:18,STABLE BEAMS,6800,259958.439632593,253129.155286848,33.6,PLTZERO
367661:8784,104:104,05/17/23 22:45:42,STABLE BEAMS,6800,259721.755968519,248214.837454143,33.6,PLTZERO
367661:8784,105:105,05/17/23 22:46:05,STABLE BEAMS,6800,259574.699918839,252841.253179031,33.6,PLTZERO
367661:8784,106:106,05/17/23 22:46:28,STABLE BEAMS,6800,259190.274868182,252319.536964041,33.5,PLTZERO
367661:8784,107:107,05/17/23 22:46:51,STABLE BEAMS,6800,259101.812792740,252427.759586890,33.5,PLTZERO
367661:8784,108:108,05/17/23 22:47:15,STABLE BEAMS,6800,258953.253197811,252287.302818761,33.5,PLTZERO
367661:8784,109:109,05/17/23 22:47:38,STABLE BEAMS,6800,262213.552371471,251552.989967697,33.5,PLTZERO
367661:8784,110:110,05/17/23 22:48:01,STABLE BEAMS,6800,271703.976605704,263522.074980884,34.8,PLTZERO
367661:8784,111:111,05/17/23 22:48:25,STABLE BEAMS,6800,272324.989746242,261089.921537225,35.2,PLTZERO
367661:8784,112:112,05/17/23 22:48:48,STABLE BEAMS,6800,271909.309603025,263699.523624297,35.2,PLTZERO
367661:8784,113:113,05/17/23 22:49:11,STABLE BEAMS,6800,271603.220425387,259676.318597981,35.1,PLTZERO
367661:8784,114:114,05/17/23 22:49:35,STABLE BEAMS,6800,271082.735019532,263074.729475396,35.1,PLTZERO
367661:8784,115:115,05/17/23 22:49:58,STABLE BEAMS,6800,271044.468044632,263017.249756398,35.0,PLTZERO
367661:8784,116:116,05/17/23 22:50:21,STABLE BEAMS,6800,270979.405329207,257878.999255763,35.0,PLTZERO
367661:8784,117:117,05/17/23 22:50:45,STABLE BEAMS,6800,270925.431551379,262901.059509268,35.0,PLTZERO
367661:8784,118:118,05/17/23 22:51:08,STABLE BEAMS,6800,270722.895847545,262712.913549346,35.0,PLTZERO
367661:8784,119:119,05/17/23 22:51:31,STABLE BEAMS,6800,271011.231535853,259987.030303106,35.0,PLTZERO
367661:8784,120:120,05/17/23 22:51:55,STABLE BEAMS,6800,281161.003486782,271428.116846347,35.5,PLTZERO
367661:8784,121:121,05/17/23 22:52:18,STABLE BEAMS,6800,284452.058902329,274227.776377224,36.7,PLTZERO
367661:8784,122:122,05/17/23 22:52:41,STABLE BEAMS,6800,284563.081149743,270432.035601865,36.8,PLTZERO
367661:8784,123:123,05/17/23 22:53:04,STABLE BEAMS,6800,284674.080086377,274378.522523228,36.8,PLTZERO
367661:8784,124:124,05/17/23 22:53:28,STABLE BEAMS,6800,284676.560353268,274517.522367665,36.8,PLTZERO
367661:8784,125:125,05/17/23 22:53:51,STABLE BEAMS,6800,284631.577542923,274285.349339338,36.8,PLTZERO
367661:8784,126:126,05/17/23 22:54:14,STABLE BEAMS,6800,284543.297291557,269334.221455425,36.8,PLTZERO
367661:8784,127:127,05/17/23 22:54:38,STABLE BEAMS,6800,284383.742002148,278095.020636261,36.8,PLTZERO
367661:8784,128:128,05/17/23 22:55:01,STABLE BEAMS,6800,284369.014251940,278119.014421144,36.8,PLTZERO
367661:8784,129:129,05/17/23 22:55:24,STABLE BEAMS,6800,287166.032671549,280680.834073305,36.7,PLTZERO
367661:8784,130:130,05/17/23 22:55:48,STABLE BEAMS,6800,297628.225007707,290340.147232881,38.0,PLTZERO
367661:8784,131:131,05/17/23 22:56:11,STABLE BEAMS,6800,298576.204459606,291172.118261726,38.6,PLTZERO
367661:8784,132:132,05/17/23 22:56:34,STABLE BEAMS,6800,298488.492991249,291132.576187212,38.6,PLTZERO
367661:8784,133:133,05/17/23 22:56:58,STABLE BEAMS,6800,298180.786045545,290791.746955546,38.5,PLTZERO
367661:8784,134:134,05/17/23 22:57:21,STABLE BEAMS,6800,298039.350224697,290572.502085284,38.5,PLTZERO
367661:8784,135:135,05/17/23 22:57:44,STABLE BEAMS,6800,297735.808915210,290430.840149879,38.5,PLTZERO
367661:8784,136:136,05/17/23 22:58:07,STABLE BEAMS,6800,297461.112363728,290100.367897348,38.5,PLTZERO
367661:8784,137:137,05/17/23 22:58:31,STABLE BEAMS,6800,297242.937458225,286623.420674213,38.4,PLTZERO
367661:8784,138:138,05/17/23 22:58:54,STABLE BEAMS,6800,297136.696251596,285924.689396301,38.4,PLTZERO
367661:8784,139:139,05/17/23 22:59:17,STABLE BEAMS,6800,302813.894295100,295075.832234597,38.4,PLTZERO
367661:8784,140:140,05/17/23 22:59:41,STABLE BEAMS,6800,312256.125824711,230323.245278912,40.2,PLTZERO
367661:8784,141:141,05/17/23 23:00:04,STABLE BEAMS,6800,312247.953065573,302942.150201470,40.4,PLTZERO
367661:8784,142:142,05/17/23 23:00:27,STABLE BEAMS,6800,312174.538098012,302741.071421327,40.4,PLTZERO
367661:8784,143:143,05/17/23 23:00:51,STABLE BEAMS,6800,311924.812053056,298464.408294328,40.3,PLTZERO
367661:8784,144:144,05/17/23 23:01:14,STABLE BEAMS,6800,311772.881719476,303208.925750228,40.3,PLTZERO
367661:8784,145:145,05/17/23 23:01:37,STABLE BEAMS,6800,311492.606898566,302923.028369409,40.3,PLTZERO
367661:8784,146:146,05/17/23 23:02:01,STABLE BEAMS,6800,311357.977825202,229902.512990550,40.2,PLTZERO
367661:8784,147:147,05/17/23 23:02:24,STABLE BEAMS,6800,311259.021237028,302050.102632840,40.2,PLTZERO
367661:8784,148:148,05/17/23 23:02:47,STABLE BEAMS,6800,311071.145682143,296114.504603493,40.2,PLTZERO
367661:8784,149:149,05/17/23 23:03:11,STABLE BEAMS,6800,318929.882983667,309252.655490385,40.3,PLTZERO
367661:8784,150:150,05/17/23 23:03:34,STABLE BEAMS,6800,325469.491271307,314913.850684067,42.1,PLTZERO
367661:8784,151:151,05/17/23 23:03:57,STABLE BEAMS,6800,325297.527654206,220462.808349389,42.0,PLTZERO
367661:8784,152:152,05/17/23 23:04:20,STABLE BEAMS,6800,325252.045993189,314762.582376612,42.0,PLTZERO
367661:8784,153:153,05/17/23 23:04:44,STABLE BEAMS,6800,325202.692411770,314629.841476352,42.1,PLTZERO
367661:8784,154:154,05/17/23 23:05:07,STABLE BEAMS,6800,324883.101630903,309989.084960188,42.0,PLTZERO
367661:8784,155:155,05/17/23 23:05:30,STABLE BEAMS,6800,324494.149626952,314339.708526979,42.0,PLTZERO
367661:8784,156:156,05/17/23 23:05:54,STABLE BEAMS,6800,324205.678736126,309618.935430625,41.9,PLTZERO
367661:8784,157:157,05/17/23 23:06:17,STABLE BEAMS,6800,323718.882068163,309113.564733910,41.9,PLTZERO
367661:8784,158:158,05/17/23 23:06:40,STABLE BEAMS,6800,323493.378253724,313099.297682892,41.8,PLTZERO
367661:8784,159:159,05/17/23 23:07:04,STABLE BEAMS,6800,325809.863611704,315489.177028731,41.6,PLTZERO
367661:8784,160:160,05/17/23 23:07:27,STABLE BEAMS,6800,336637.995550727,319816.580728503,43.4,PLTZERO
367661:8784,161:161,05/17/23 23:07:50,STABLE BEAMS,6800,336649.741852294,324421.690401333,43.5,PLTZERO
367661:8784,162:162,05/17/23 23:08:14,STABLE BEAMS,6800,336192.153590489,319182.865544457,43.5,PLTZERO
367661:8784,163:163,05/17/23 23:08:37,STABLE BEAMS,6800,335743.465384128,320092.531399898,43.4,PLTZERO
367661:8784,164:164,05/17/23 23:09:00,STABLE BEAMS,6800,335183.141856865,318708.453893407,43.4,PLTZERO
367661:8784,165:165,05/17/23 23:09:23,STABLE BEAMS,6800,334841.995598604,323104.060270543,43.3,PLTZERO
367661:8784,166:166,05/17/23 23:09:47,STABLE BEAMS,6800,334645.378501572,316474.626226885,43.3,PLTZERO
367661:8784,167:167,05/17/23 23:10:10,STABLE BEAMS,6800,334460.144057954,326374.923889271,43.2,PLTZERO
367661:8784,168:168,05/17/23 23:10:33,STABLE BEAMS,6800,335330.496284516,322820.417042059,43.2,PLTZERO
367661:8784,169:169,05/17/23 23:10:57,STABLE BEAMS,6800,346762.566218418,337409.640614451,43.7,PLTZERO
367661:8784,170:170,05/17/23 23:11:20,STABLE BEAMS,6800,352124.523272426,342299.850439456,45.5,PLTZERO
367661:8784,171:171,05/17/23 23:11:43,STABLE BEAMS,6800,352054.660867593,342230.486885295,45.5,PLTZERO
367661:8784,172:172,05/17/23 23:12:07,STABLE BEAMS,6800,351855.971442304,337990.132627755,45.5,PLTZERO
367661:8784,173:173,05/17/23 23:12:30,STABLE BEAMS,6800,351388.685896411,341615.163905925,45.4,PLTZERO
367661:8784,174:174,05/17/23 23:12:53,STABLE BEAMS,6800,350799.496631442,341096.932652404,45.4,PLTZERO
367661:8784,175:175,05/17/23 23:13:17,STABLE BEAMS,6800,350502.808690998,335867.485721943,45.3,PLTZERO
367661:8784,176:176,05/17/23 23:13:40,STABLE BEAMS,6800,350203.001768316,340462.669665051,45.3,PLTZERO
367661:8784,177:177,05/17/23 23:14:03,STABLE BEAMS,6800,349616.635438691,339811.744132828,45.2,PLTZERO
367661:8784,178:178,05/17/23 23:14:27,STABLE BEAMS,6800,350049.910557939,333424.954319449,45.2,PLTZERO
367661:8784,179:179,05/17/23 23:14:50,STABLE BEAMS,6800,363326.718620817,351887.683426133,46.3,PLTZERO
367661:8784,180:180,05/17/23 23:15:13,STABLE BEAMS,6800,364499.999083376,347928.673954261,47.1,PLTZERO
367661:8784,181:181,05/17/23 23:15:36,STABLE BEAMS,6800,363964.077279629,352389.935140610,47.1,PLTZERO
367661:8784,182:182,05/17/23 23:16:00,STABLE BEAMS,6800,363360.614824643,348027.928920407,47.0,PLTZERO
367661:8784,183:183,05/17/23 23:16:23,STABLE BEAMS,6800,363237.687762366,268156.297485677,46.9,PLTZERO
367661:8784,184:184,05/17/23 23:16:46,STABLE BEAMS,6800,362900.364471870,350890.282791556,46.9,PLTZERO
367661:8784,185:185,05/17/23 23:17:10,STABLE BEAMS,6800,362116.835572983,350300.659946096,46.9,PLTZERO
367661:8784,186:186,05/17/23 23:17:33,STABLE BEAMS,6800,361465.544061529,344503.765714292,46.7,PLTZERO
367661:8784,187:187,05/17/23 23:17:56,STABLE BEAMS,6800,360911.982991270,349806.490078718,46.7,PLTZERO
367661:8784,188:188,05/17/23 23:18:20,STABLE BEAMS,6800,365906.566829501,354043.587820424,46.6,PLTZERO
367661:8784,189:189,05/17/23 23:18:43,STABLE BEAMS,6800,373809.284577871,353807.158243841,48.2,PLTZERO
367661:8784,190:190,05/17/23 23:19:06,STABLE BEAMS,6800,373595.368551701,360538.350831315,48.3,PLTZERO
367661:8784,191:191,05/17/23 23:19:30,STABLE BEAMS,6800,365311.277133652,348686.845387690,48.3,PLTZERO
367661:8784,192:192,05/17/23 23:19:53,STABLE BEAMS,6800,359693.265158173,348388.744814035,47.6,PLTZERO
367661:8784,193:193,05/17/23 23:20:16,STABLE BEAMS,6800,351156.240131970,340665.067835288,43.5,PLTZERO
367661:8784,194:194,05/17/23 23:20:40,STABLE BEAMS,6800,325954.418414790,318876.091029915,36.6,PLTZERO
367661:8784,195:195,05/17/23 23:21:03,STABLE BEAMS,6800,372756.203816439,362117.381045213,48.4,PLTZERO
367661:8784,196:196,05/17/23 23:21:26,STABLE BEAMS,6800,354163.580055618,345548.790270481,42.1,PLTZERO
367661:8784,197:197,05/17/23 23:21:49,STABLE BEAMS,6800,382437.869682053,371008.736906312,47.8,PLTZERO
367661:8784,198:198,05/17/23 23:22:13,STABLE BEAMS,6800,392232.084651108,374311.286867012,50.7,PLTZERO
367661:8784,199:199,05/17/23 23:22:36,STABLE BEAMS,6800,392019.373792216,379404.897225754,50.7,PLTZERO
367661:8784,200:200,05/17/23 23:22:59,STABLE BEAMS,6800,391765.778157936,379282.674149004,50.7,PLTZERO
367661:8784,201:201,05/17/23 23:23:23,STABLE BEAMS,6800,391592.359948222,379001.010005662,50.6,PLTZERO
367661:8784,202:202,05/17/23 23:23:46,STABLE BEAMS,6800,391376.143148159,379127.785677562,50.6,PLTZERO
367661:8784,203:203,05/17/23 23:24:09,STABLE BEAMS,6800,390868.450697850,371292.995539363,50.6,PLTZERO
367661:8784,204:204,05/17/23 23:24:33,STABLE BEAMS,6800,390643.263910007,260290.231275218,50.5,PLTZERO
367661:8784,205:205,05/17/23 23:24:56,STABLE BEAMS,6800,390306.215686704,377691.053783338,50.5,PLTZERO
367661:8784,206:206,05/17/23 23:25:19,STABLE BEAMS,6800,389971.395973879,377344.578680984,50.4,PLTZERO
367661:8784,207:207,05/17/23 23:25:43,STABLE BEAMS,6800,393531.660583518,381007.240549786,50.4,PLTZERO
367661:8784,208:208,05/17/23 23:26:06,STABLE BEAMS,6800,404768.731188455,390150.688499916,51.9,PLTZERO
367661:8784,209:209,05/17/23 23:26:29,STABLE BEAMS,6800,405245.327059503,385005.426116940,52.4,PLTZERO
367661:8784,210:210,05/17/23 23:26:52,STABLE BEAMS,6800,404749.609356395,390160.886965753,52.4,PLTZERO
367661:8784,211:211,05/17/23 23:27:16,STABLE BEAMS,6800,404408.234652500,389969.528780476,52.3,PLTZERO
367661:8784,212:212,05/17/23 23:27:39,STABLE BEAMS,6800,404070.682916369,389780.811706467,52.3,PLTZERO
367661:8784,213:213,05/17/23 23:28:02,STABLE BEAMS,6800,403620.540117395,389448.677395390,52.2,PLTZERO
367661:8784,214:214,05/17/23 23:28:26,STABLE BEAMS,6800,403443.203365721,315000.834856117,52.2,PLTZERO
367661:8784,215:215,05/17/23 23:28:49,STABLE BEAMS,6800,403124.274610979,375668.160694344,52.1,PLTZERO
367661:8784,216:216,05/17/23 23:29:12,STABLE BEAMS,6800,402992.606006556,388665.262719320,52.1,PLTZERO
367661:8784,217:217,05/17/23 23:29:36,STABLE BEAMS,6800,406799.638523289,391571.690280432,52.1,PLTZERO
367661:8784,218:218,05/17/23 23:29:59,STABLE BEAMS,6800,418760.252399367,399881.936392583,53.5,PLTZERO
367661:8784,219:219,05/17/23 23:30:22,STABLE BEAMS,6800,421044.345098769,394480.483885618,54.4,PLTZERO
367661:8784,220:220,05/17/23 23:30:46,STABLE BEAMS,6800,420741.897064820,401447.264530551,54.4,PLTZERO
367661:8784,221:221,05/17/23 23:31:09,STABLE BEAMS,6800,420612.641126028,401506.769956249,54.4,PLTZERO
367661:8784,222:222,05/17/23 23:31:32,STABLE BEAMS,6800,420583.866300361,395669.515441586,54.4,PLTZERO
367661:8784,223:223,05/17/23 23:31:56,STABLE BEAMS,6800,420474.186753821,401462.654306884,54.3,PLTZERO
367661:8784,224:224,05/17/23 23:32:19,STABLE BEAMS,6800,420271.037976498,407045.630181441,54.3,PLTZERO
367661:8784,225:225,05/17/23 23:32:42,STABLE BEAMS,6800,419952.062600198,406890.284818729,54.3,PLTZERO
367661:8784,226:226,05/17/23 23:33:05,STABLE BEAMS,6800,419694.413221440,406545.996267451,54.3,PLTZERO
367661:8784,227:227,05/17/23 23:33:29,STABLE BEAMS,6800,420018.260550563,406866.018297731,54.2,PLTZERO
367661:8784,228:228,05/17/23 23:33:52,STABLE BEAMS,6800,429258.571780907,414481.586876447,54.6,PLTZERO
367661:8784,229:229,05/17/23 23:34:15,STABLE BEAMS,6800,437218.247086824,420704.972790794,56.4,PLTZERO
367661:8784,230:230,05/17/23 23:34:39,STABLE BEAMS,6800,437064.085911688,420603.990495921,56.5,PLTZERO
367661:8784,231:231,05/17/23 23:35:02,STABLE BEAMS,6800,436511.911832783,420127.893475545,56.4,PLTZERO
367661:8784,232:232,05/17/23 23:35:25,STABLE BEAMS,6800,436413.113757907,420136.271369538,56.4,PLTZERO
367661:8784,233:233,05/17/23 23:35:49,STABLE BEAMS,6800,436040.504941154,397522.449640478,56.4,PLTZERO
367661:8784,234:234,05/17/23 23:36:12,STABLE BEAMS,6800,435959.418396205,403103.924300863,56.4,PLTZERO
367661:8784,235:235,05/17/23 23:36:35,STABLE BEAMS,6800,435900.367530698,410095.836296696,56.4,PLTZERO
367661:8784,236:236,05/17/23 23:36:59,STABLE BEAMS,6800,435940.387476183,414849.414652416,56.3,PLTZERO
367661:8784,237:237,05/17/23 23:37:22,STABLE BEAMS,6800,436603.926470954,418785.840641537,56.5,PLTZERO
367661:8784,238:238,05/17/23 23:37:45,STABLE BEAMS,6800,436594.182565308,414049.199897880,56.5,PLTZERO
367661:8784,239:239,05/17/23 23:38:09,STABLE BEAMS,6800,437096.184854450,417688.229298874,56.5,PLTZERO
367661:8784,240:240,05/17/23 23:38:32,STABLE BEAMS,6800,437420.395831726,423291.695348222,56.5,PLTZERO
367661:8784,241:241,05/17/23 23:38:55,STABLE BEAMS,6800,437166.117191620,328519.788298601,56.5,PLTZERO
367661:8784,242:242,05/17/23 23:39:18,STABLE BEAMS,6800,437186.103853583,416657.275128924,56.5,PLTZERO
367661:8784,243:243,05/17/23 23:39:42,STABLE BEAMS,6800,436640.575677787,421959.521622379,56.4,PLTZERO
367661:8784,244:244,05/17/23 23:40:05,STABLE BEAMS,6800,436361.347510856,422154.201593670,56.4,PLTZERO
367661:8784,245:245,05/17/23 23:40:28,STABLE BEAMS,6800,436057.442553216,421804.129638109,56.4,PLTZERO
367661:8784,246:246,05/17/23 23:40:52,STABLE BEAMS,6800,435682.693806945,413499.391863049,56.3,PLTZERO
367661:8784,247:247,05/17/23 23:41:15,STABLE BEAMS,6800,435276.396252299,413117.496031919,56.3,PLTZERO
367661:8784,248:248,05/17/23 23:41:38,STABLE BEAMS,6800,439590.118855842,383670.608948752,56.3,PLTZERO
367661:8784,249:249,05/17/23 23:42:02,STABLE BEAMS,6800,455281.140386816,423184.610291391,57.9,PLTZERO
367661:8784,250:250,05/17/23 23:42:25,STABLE BEAMS,6800,458417.580067036,427441.787938177,59.3,PLTZERO
367661:8784,251:251,05/17/23 23:42:48,STABLE BEAMS,6800,458159.977309836,433298.893912284,59.2,PLTZERO
367661:8784,252:252,05/17/23 23:43:12,STABLE BEAMS,6800,457713.384742513,428536.574014418,59.2,PLTZERO
367661:8784,253:253,05/17/23 23:43:35,STABLE BEAMS,6800,457490.428796225,433820.428303197,59.1,PLTZERO
367661:8784,254:254,05/17/23 23:43:58,STABLE BEAMS,6800,457528.947527538,443628.163524105,59.1,PLTZERO
367661:8784,255:255,05/17/23 23:44:22,STABLE BEAMS,6800,457488.197954669,443517.847593297,59.1,PLTZERO
367661:8784,256:256,05/17/23 23:44:45,STABLE BEAMS,6800,457278.174828602,443300.903496928,59.1,PLTZERO
367661:8784,257:257,05/17/23 23:45:08,STABLE BEAMS,6800,456996.168016808,438136.062390623,59.1,PLTZERO
367661:8784,258:258,05/17/23 23:45:32,STABLE BEAMS,6800,456728.595239406,443169.780364734,59.0,PLTZERO
367661:8784,259:259,05/17/23 23:45:55,STABLE BEAMS,6800,455952.099202560,442343.294362202,59.0,PLTZERO
367661:8784,260:260,05/17/23 23:46:18,STABLE BEAMS,6800,455604.351331670,442137.823831284,58.9,PLTZERO
367661:8784,261:261,05/17/23 23:46:41,STABLE BEAMS,6800,455757.829500980,442150.570165272,58.9,PLTZERO
367661:8784,262:262,05/17/23 23:47:05,STABLE BEAMS,6800,455589.691182722,442135.910016324,58.9,PLTZERO
367661:8784,263:263,05/17/23 23:47:28,STABLE BEAMS,6800,454654.527997149,441259.662493739,58.8,PLTZERO
367661:8784,264:264,05/17/23 23:47:51,STABLE BEAMS,6800,454543.710884591,441087.381850042,58.7,PLTZERO
367661:8784,265:265,05/17/23 23:48:15,STABLE BEAMS,6800,455047.167766346,441575.495577022,58.8,PLTZERO
367661:8784,266:266,05/17/23 23:48:38,STABLE BEAMS,6800,454227.649355673,440928.940815872,58.8,PLTZERO
367661:8784,267:267,05/17/23 23:49:01,STABLE BEAMS,6800,454123.569058263,440703.800649587,58.7,PLTZERO
367661:8784,268:268,05/17/23 23:49:25,STABLE BEAMS,6800,454724.140976646,441201.021897944,58.7,PLTZERO
367661:8784,269:269,05/17/23 23:49:48,STABLE BEAMS,6800,454177.340032313,440853.681965687,58.8,PLTZERO
367661:8784,270:270,05/17/23 23:50:11,STABLE BEAMS,6800,453278.371493382,440017.088409356,58.7,PLTZERO
367661:8784,271:271,05/17/23 23:50:35,STABLE BEAMS,6800,452964.086245828,439718.738410365,58.6,PLTZERO
367661:8784,272:272,05/17/23 23:50:58,STABLE BEAMS,6800,452584.831525965,439536.804773061,58.5,PLTZERO
367661:8784,273:273,05/17/23 23:51:21,STABLE BEAMS,6800,452222.283641452,438689.558190701,58.4,PLTZERO
367661:8784,274:274,05/17/23 23:51:44,STABLE BEAMS,6800,451764.900514503,438722.384429768,58.5,PLTZERO
367661:8784,275:275,05/17/23 23:52:08,STABLE BEAMS,6800,451281.567828308,438380.872192276,58.3,PLTZERO
367661:8784,276:276,05/17/23 23:52:31,STABLE BEAMS,6800,451076.050675832,438258.719047863,58.3,PLTZERO
367661:8784,277:277,05/17/23 23:52:54,STABLE BEAMS,6800,451149.395711056,187343.108485572,58.3,PLTZERO
367661:8784,278:278,05/17/23 23:53:18,STABLE BEAMS,6800,450644.617108129,370914.151089211,58.3,PLTZERO
367661:8784,279:279,05/17/23 23:53:41,STABLE BEAMS,6800,450564.532926680,437843.129816685,58.2,PLTZERO
367661:8784,280:280,05/17/23 23:54:04,STABLE BEAMS,6800,451150.353784076,437615.896342440,58.3,PLTZERO
367661:8784,281:281,05/17/23 23:54:28,STABLE BEAMS,6800,450920.614401083,438186.371713983,58.3,PLTZERO
367661:8784,282:282,05/17/23 23:54:51,STABLE BEAMS,6800,450748.788317578,438049.148150910,58.3,PLTZERO
367661:8784,283:283,05/17/23 23:55:14,STABLE BEAMS,6800,450515.908972646,437864.118842148,58.2,PLTZERO
367661:8784,284:284,05/17/23 23:55:38,STABLE BEAMS,6800,450178.492439034,250547.712620877,58.2,PLTZERO
367661:8784,285:285,05/17/23 23:56:01,STABLE BEAMS,6800,449816.401445790,306902.842711589,58.2,PLTZERO
367661:8784,286:286,05/17/23 23:56:24,STABLE BEAMS,6800,449788.813138777,437180.229537260,58.1,PLTZERO
367661:8784,287:287,05/17/23 23:56:48,STABLE BEAMS,6800,449502.617379986,436937.333550568,58.2,PLTZERO
367661:8784,288:288,05/17/23 23:57:11,STABLE BEAMS,6800,448394.080275179,435088.087116923,58.0,PLTZERO
367661:8784,289:289,05/17/23 23:57:34,STABLE BEAMS,6800,448302.475906720,435846.552266168,57.9,PLTZERO
367661:8784,290:290,05/17/23 23:57:57,STABLE BEAMS,6800,447671.903015692,435309.949787673,57.9,PLTZERO
367661:8784,291:291,05/17/23 23:58:21,STABLE BEAMS,6800,447206.869291056,207677.506198060,57.8,PLTZERO
367661:8784,292:292,05/17/23 23:58:44,STABLE BEAMS,6800,446983.733851770,434596.558360811,57.8,PLTZERO
367661:8784,293:293,05/17/23 23:59:07,STABLE BEAMS,6800,447167.942621109,245924.667634641,57.8,PLTZERO
367661:8784,294:294,05/17/23 23:59:31,STABLE BEAMS,6800,447162.296750422,434704.279801910,57.8,PLTZERO
367661:8784,295:295,05/17/23 23:59:54,STABLE BEAMS,6800,446404.150958850,433966.211584340,57.8,PLTZERO
367661:8784,296:296,05/18/23 00:00:17,STABLE BEAMS,6800,446106.574877724,433589.915002339,57.7,PLTZERO
367661:8784,297:297,05/18/23 00:00:41,STABLE BEAMS,6800,446672.861302270,434257.549700990,57.7,PLTZERO
367661:8784,298:298,05/18/23 00:01:04,STABLE BEAMS,6800,446547.157926206,434144.000565127,57.7,PLTZERO
367661:8784,299:299,05/18/23 00:01:27,STABLE BEAMS,6800,446063.594463299,433249.586952423,57.7,PLTZERO
367661:8784,300:300,05/18/23 00:01:51,STABLE BEAMS,6800,445526.719248688,433280.501707608,57.6,PLTZERO
367661:8784,301:301,05/18/23 00:02:14,STABLE BEAMS,6800,446528.308830261,434173.139038948,57.6,PLTZERO
367661:8784,302:302,05/18/23 00:02:37,STABLE BEAMS,6800,445689.120784221,433365.868111592,57.7,PLTZERO
367661:8784,303:303,05/18/23 00:03:01,STABLE BEAMS,6800,445250.176483505,433097.155437094,57.6,PLTZERO
367661:8784,304:304,05/18/23 00:03:24,STABLE BEAMS,6800,444649.604565123,432200.510982834,57.5,PLTZERO
367661:8784,305:305,05/18/23 00:03:47,STABLE BEAMS,6800,443438.719153789,431298.719508559,57.3,PLTZERO
367661:8784,306:306,05/18/23 00:04:10,STABLE BEAMS,6800,443348.298972906,431220.728635069,57.3,PLTZERO
367661:8784,307:307,05/18/23 00:04:34,STABLE BEAMS,6800,442598.120805616,430613.783549692,57.2,PLTZERO
367661:8784,308:308,05/18/23 00:04:57,STABLE BEAMS,6800,442691.408212323,430539.844089602,57.2,PLTZERO
367661:8784,309:309,05/18/23 00:05:20,STABLE BEAMS,6800,442589.379263469,422772.529332461,57.2,PLTZERO
367661:8784,310:310,05/18/23 00:05:44,STABLE BEAMS,6800,442032.559346298,425395.584070126,57.2,PLTZERO
367661:8784,311:311,05/18/23 00:06:07,STABLE BEAMS,6800,441515.078699863,424940.205670176,57.1,PLTZERO
367661:8784,312:312,05/18/23 00:06:30,STABLE BEAMS,6800,442130.355057675,424930.916324722,57.1,PLTZERO
367661:8784,313:313,05/18/23 00:06:54,STABLE BEAMS,6800,442373.162463407,424402.053024873,57.2,PLTZERO
367661:8784,314:314,05/18/23 00:07:17,STABLE BEAMS,6800,441800.682364865,430080.549478770,57.1,PLTZERO
367661:8784,315:315,05/18/23 00:07:40,STABLE BEAMS,6800,441386.550057378,424410.249094789,57.1,PLTZERO
367661:8784,316:316,05/18/23 00:08:04,STABLE BEAMS,6800,442015.577443755,420433.301978434,57.0,PLTZERO
367661:8784,317:317,05/18/23 00:08:27,STABLE BEAMS,6800,441786.385864070,429949.608170653,57.2,PLTZERO
367661:8784,318:318,05/18/23 00:08:50,STABLE BEAMS,6800,441280.786721720,420936.579367190,57.1,PLTZERO
367661:8784,319:319,05/18/23 00:09:13,STABLE BEAMS,6800,441123.940144837,429462.130827942,57.0,PLTZERO
367661:8784,320:320,05/18/23 00:09:37,STABLE BEAMS,6800,440032.795212284,423671.905810026,56.9,PLTZERO
367661:8784,321:321,05/18/23 00:10:00,STABLE BEAMS,6800,439830.784000979,421868.371814111,56.8,PLTZERO
367661:8784,322:322,05/18/23 00:10:23,STABLE BEAMS,6800,439898.804854266,423286.140389572,56.8,PLTZERO
367661:8784,323:323,05/18/23 00:10:47,STABLE BEAMS,6800,439783.250991404,428213.502934238,56.9,PLTZERO
367661:8784,324:324,05/18/23 00:11:10,STABLE BEAMS,6800,439379.137656756,421844.424650786,56.8,PLTZERO
367661:8784,325:325,05/18/23 00:11:33,STABLE BEAMS,6800,439119.896151788,427603.096198171,56.8,PLTZERO
367661:8784,326:326,05/18/23 00:11:57,STABLE BEAMS,6800,438503.298072804,426864.118860217,56.7,PLTZERO
367661:8784,327:327,05/18/23 00:12:20,STABLE BEAMS,6800,438500.158110865,420830.221606666,56.7,PLTZERO
367661:8784,328:328,05/18/23 00:12:43,STABLE BEAMS,6800,438359.018336911,426937.419604961,56.7,PLTZERO
367661:8784,329:329,05/18/23 00:13:07,STABLE BEAMS,6800,437340.446852795,426164.112482690,56.6,PLTZERO
367661:8784,330:330,05/18/23 00:13:30,STABLE BEAMS,6800,437082.252001807,425937.468771156,56.4,PLTZERO
367661:8784,331:331,05/18/23 00:13:53,STABLE BEAMS,6800,438134.696378970,420790.476728374,56.6,PLTZERO
367661:8784,332:332,05/18/23 00:14:17,STABLE BEAMS,6800,437161.517974912,426023.154532812,56.6,PLTZERO
367661:8784,333:333,05/18/23 00:14:40,STABLE BEAMS,6800,436451.541577182,425367.401338246,56.5,PLTZERO
367661:8784,334:334,05/18/23 00:15:03,STABLE BEAMS,6800,435227.359697475,424218.345437283,56.3,PLTZERO
367661:8784,335:335,05/18/23 00:15:26,STABLE BEAMS,6800,435078.298920797,424141.946690003,56.3,PLTZERO
367661:8784,336:336,05/18/23 00:15:50,STABLE BEAMS,6800,434746.621500989,423162.712145545,56.2,PLTZERO
367661:8784,337:337,05/18/23 00:16:13,STABLE BEAMS,6800,434500.445687683,423616.360885689,56.2,PLTZERO
367661:8784,338:338,05/18/23 00:16:36,STABLE BEAMS,6800,434669.313633325,423856.799916270,56.1,PLTZERO
367661:8784,339:339,05/18/23 00:17:00,STABLE BEAMS,6800,435127.197942024,424176.821946549,56.2,PLTZERO
367661:8784,340:340,05/18/23 00:17:23,STABLE BEAMS,6800,435311.315799326,424145.862900884,56.2,PLTZERO
367661:8784,341:341,05/18/23 00:17:46,STABLE BEAMS,6800,439814.121456109,423439.800382958,56.3,PLTZERO
367661:8784,342:342,05/18/23 00:18:10,STABLE BEAMS,6800,451907.497212148,439188.462477306,57.9,PLTZERO
367661:8784,343:343,05/18/23 00:18:33,STABLE BEAMS,6800,452960.125744466,439965.457364823,58.5,PLTZERO
367661:8784,344:344,05/18/23 00:18:56,STABLE BEAMS,6800,452903.214808477,440198.749310545,58.5,PLTZERO
367661:8784,345:345,05/18/23 00:19:20,STABLE BEAMS,6800,453015.852492879,440061.068856202,58.5,PLTZERO
367661:8784,346:346,05/18/23 00:19:43,STABLE BEAMS,6800,453530.510203970,434272.118937901,58.6,PLTZERO
367661:8784,347:347,05/18/23 00:20:06,STABLE BEAMS,6800,453102.174638804,440198.474243352,58.6,PLTZERO
367661:8784,348:348,05/18/23 00:20:29,STABLE BEAMS,6800,453004.833487619,440109.420074121,58.5,PLTZERO
367661:8784,349:349,05/18/23 00:20:53,STABLE BEAMS,6800,452034.205282789,439230.302994634,58.5,PLTZERO
367661:8784,350:350,05/18/23 00:21:16,STABLE BEAMS,6800,452757.795175488,439878.041943361,58.4,PLTZERO
367661:8784,351:351,05/18/23 00:21:39,STABLE BEAMS,6800,452937.131992004,440048.821372886,58.6,PLTZERO
367661:8784,352:352,05/18/23 00:22:03,STABLE BEAMS,6800,453494.770117521,440681.354700433,58.6,PLTZERO
367661:8784,353:353,05/18/23 00:22:26,STABLE BEAMS,6800,453317.890257116,440461.450135124,58.6,PLTZERO
367661:8784,354:354,05/18/23 00:22:49,STABLE BEAMS,6800,453252.829872769,424695.987962310,58.6,PLTZERO
367661:8784,355:355,05/18/23 00:23:13,STABLE BEAMS,6800,452768.266377440,242098.830312443,58.6,PLTZERO
367661:8784,356:356,05/18/23 00:23:36,STABLE BEAMS,6800,452465.771721933,439626.770393753,58.5,PLTZERO
367661:8784,357:357,05/18/23 00:23:59,STABLE BEAMS,6800,452043.538918723,189032.183759025,58.4,PLTZERO
367661:8784,358:358,05/18/23 00:24:23,STABLE BEAMS,6800,451623.397092395,177184.218523415,58.4,PLTZERO
367661:8784,359:359,05/18/23 00:24:46,STABLE BEAMS,6800,450936.913297799,438351.733718455,58.4,PLTZERO
367661:8784,360:360,05/18/23 00:25:09,STABLE BEAMS,6800,451670.291386623,439017.366021185,58.3,PLTZERO
367661:8784,361:361,05/18/23 00:25:33,STABLE BEAMS,6800,450542.951807429,438063.353739667,58.4,PLTZERO
367661:8784,362:362,05/18/23 00:25:56,STABLE BEAMS,6800,450126.227341311,387414.084626387,58.2,PLTZERO
367661:8784,363:363,05/18/23 00:26:19,STABLE BEAMS,6800,450417.155188250,285923.027337754,58.2,PLTZERO
367661:8784,364:364,05/18/23 00:26:42,STABLE BEAMS,6800,449528.842006425,437112.618953684,58.2,PLTZERO
367661:8784,365:365,05/18/23 00:27:06,STABLE BEAMS,6800,448555.115799059,436283.538461443,58.1,PLTZERO
367661:8784,366:366,05/18/23 00:27:29,STABLE BEAMS,6800,448594.818717948,244754.963045589,58.0,PLTZERO
367662:8784,1:1,05/18/23 00:29:53,STABLE BEAMS,6800,448832.705218222,422935.203604108,58.0,PLTZERO
367662:8784,2:2,05/18/23 00:30:16,STABLE BEAMS,6800,449033.989133220,429218.915483576,58.1,PLTZERO
367662:8784,3:3,05/18/23 00:30:39,STABLE BEAMS,6800,448724.620128969,430899.569038771,58.0,PLTZERO
367662:8784,4:4,05/18/23 00:31:03,STABLE BEAMS,6800,448397.586216350,428888.967723574,58.0,PLTZERO
367662:8784,5:5,05/18/23 00:31:26,STABLE BEAMS,6800,448111.073430964,337149.897927734,57.9,PLTZERO
367662:8784,6:6,05/18/23 00:31:49,STABLE BEAMS,6800,448419.577605312,416473.747034332,57.9,PLTZERO
367662:8784,7:7,05/18/23 00:32:12,STABLE BEAMS,6800,447502.899867531,427066.994901425,58.0,PLTZERO
367662:8784,8:8,05/18/23 00:32:36,STABLE BEAMS,6800,446727.497106223,426955.629985560,57.8,PLTZERO
367662:8784,9:9,05/18/23 00:32:59,STABLE BEAMS,6800,446870.912012213,427553.926771907,57.7,PLTZERO
367662:8784,10:10,05/18/23 00:33:22,STABLE BEAMS,6800,446004.270861677,406902.031120296,57.7,PLTZERO
367662:8784,11:11,05/18/23 00:33:46,STABLE BEAMS,6800,444879.253036077,360423.321460982,57.5,PLTZERO
367662:8784,12:12,05/18/23 00:34:09,STABLE BEAMS,6800,445762.785177118,423594.008179652,57.5,PLTZERO
367662:8784,13:13,05/18/23 00:34:32,STABLE BEAMS,6800,446154.196468258,237901.980961856,57.8,PLTZERO
367662:8784,14:14,05/18/23 00:34:56,STABLE BEAMS,6800,445466.894465317,430639.735440016,57.6,PLTZERO
367662:8784,15:15,05/18/23 00:35:19,STABLE BEAMS,6800,445457.742653460,430394.426787690,57.6,PLTZERO
367662:8784,16:16,05/18/23 00:35:42,STABLE BEAMS,6800,445003.364285931,327834.782407397,57.6,PLTZERO
367662:8784,17:17,05/18/23 00:36:06,STABLE BEAMS,6800,444581.767866990,430090.703654127,57.5,PLTZERO
367662:8784,18:18,05/18/23 00:36:29,STABLE BEAMS,6800,444498.222034851,429121.210684238,57.5,PLTZERO
367742:8796,39:39,05/20/23 03:16:40,STABLE BEAMS,6800,257994.187139394,150926.777267857,33.4,HFOC
367742:8796,40:40,05/20/23 03:17:04,STABLE BEAMS,6800,257699.797641765,250049.127691945,33.3,HFOC
367742:8796,41:41,05/20/23 03:17:27,STABLE BEAMS,6800,257468.738868677,250996.037179085,33.3,HFOC
367742:8796,42:42,05/20/23 03:17:50,STABLE BEAMS,6800,257162.920096077,250798.508630592,33.3,HFOC
367742:8796,43:43,05/20/23 03:18:13,STABLE BEAMS,6800,256836.137939870,250523.082451726,33.2,HFOC
367742:8796,44:44,05/20/23 03:18:37,STABLE BEAMS,6800,256503.868426274,186457.276036855,33.2,HFOC
367742:8796,45:45,05/20/23 03:19:00,STABLE BEAMS,6800,256297.281309040,249075.082126906,33.1,HFOC
367742:8796,46:46,05/20/23 03:19:23,STABLE BEAMS,6800,256023.901816575,249603.103907631,33.1,HFOC
367742:8796,47:47,05/20/23 03:19:47,STABLE BEAMS,6800,255700.215331828,249549.904047667,33.1,HFOC
367742:8796,48:48,05/20/23 03:20:10,STABLE BEAMS,6800,255428.362695391,249262.022919551,33.0,HFOC
367742:8796,49:49,05/20/23 03:20:33,STABLE BEAMS,6800,254585.601106921,248503.786215940,33.0,HFOC
367742:8796,50:50,05/20/23 03:20:57,STABLE BEAMS,6800,24963.536602584,3980.145868079,24.4,HFOC
367742:8796,51:51,05/20/23 03:21:20,STABLE BEAMS,6800,36423.391120260,36266.851546337,1.9,HFOC
367742:8796,52:52,05/20/23 03:21:43,STABLE BEAMS,6800,134176.821405723,132502.542882384,11.4,HFOC
367742:8796,53:53,05/20/23 03:22:07,STABLE BEAMS,6800,234544.953710500,228978.345266351,26.1,HFOC
367742:8796,54:54,05/20/23 03:22:30,STABLE BEAMS,6800,187186.534644804,184216.971470372,32.7,HFOC
367742:8796,55:55,05/20/23 03:22:53,STABLE BEAMS,6800,58286.964050369,58030.323562129,12.2,HFOC
367742:8796,56:56,05/20/23 03:23:17,STABLE BEAMS,6800,11450.444888601,11421.908975108,2.2,HFOC
367742:8796,57:57,05/20/23 03:23:40,STABLE BEAMS,6800,119547.668566777,117001.318880029,0.4,HFOC
367742:8796,58:58,05/20/23 03:24:03,STABLE BEAMS,6800,52713.621821473,51893.362594242,32.5,HFOC
367742:8796,59:59,05/20/23 03:24:26,STABLE BEAMS,6800,45756.930781040,45526.711195998,2.5,HFOC
367742:8796,60:60,05/20/23 03:24:50,STABLE BEAMS,6800,136238.197793646,91615.021018874,12.1,HFOC
367742:8796,61:61,05/20/23 03:25:13,STABLE BEAMS,6800,234177.993095512,228991.503035589,24.5,HFOC
367742:8796,62:62,05/20/23 03:25:36,STABLE BEAMS,6800,203918.756831771,200498.287197242,32.7,HFOC
367742:8796,63:63,05/20/23 03:26:00,STABLE BEAMS,6800,91744.152244997,91122.506916132,15.3,HFOC
367742:8796,64:64,05/20/23 03:26:23,STABLE BEAMS,6800,28182.734676827,28101.257909437,6.3,HFOC
367742:8796,65:65,05/20/23 03:26:46,STABLE BEAMS,6800,199977.846548082,195382.322267601,2.2,HFOC
367742:8796,66:66,05/20/23 03:27:10,STABLE BEAMS,6800,255017.715349372,248782.536511900,33.0,HFOC
367742:8796,67:67,05/20/23 03:27:33,STABLE BEAMS,6800,255152.502936034,248821.258046991,33.0,HFOC
367742:8796,68:68,05/20/23 03:27:56,STABLE BEAMS,6800,254056.942941928,247884.274289574,33.0,HFOC
367742:8796,69:69,05/20/23 03:28:20,STABLE BEAMS,6800,251760.444245912,246003.341513958,32.6,HFOC
367742:8796,70:70,05/20/23 03:28:43,STABLE BEAMS,6800,252686.432308848,246785.117442260,32.5,HFOC
367742:8796,71:71,05/20/23 03:29:06,STABLE BEAMS,6800,253995.271944855,248021.362650129,32.8,HFOC
367742:8796,73:73,05/20/23 03:29:53,STABLE BEAMS,6800,252669.995878535,246782.795688665,32.7,HFOC
367742:8796,74:74,05/20/23 03:30:16,STABLE BEAMS,6800,251943.788185348,246108.944005240,32.6,HFOC
367742:8796,75:75,05/20/23 03:30:39,STABLE BEAMS,6800,251473.360346439,245453.011317676,32.5,HFOC
367742:8796,76:76,05/20/23 03:31:03,STABLE BEAMS,6800,251515.452620182,245764.587852703,32.5,HFOC
367742:8796,77:77,05/20/23 03:31:26,STABLE BEAMS,6800,250971.814948567,245261.858267255,32.5,HFOC
367742:8796,78:78,05/20/23 03:31:49,STABLE BEAMS,6800,250786.694727766,245072.343964602,32.4,HFOC
367742:8796,79:79,05/20/23 03:32:13,STABLE BEAMS,6800,251140.111780123,245432.749588520,32.4,HFOC
367742:8796,80:80,05/20/23 03:32:36,STABLE BEAMS,6800,251422.505550849,245375.542605637,32.4,HFOC
367742:8796,81:81,05/20/23 03:32:59,STABLE BEAMS,6800,251304.198684981,245540.608563215,32.5,HFOC
367742:8796,82:82,05/20/23 03:33:23,STABLE BEAMS,6800,251122.561094571,245362.908163388,32.5,HFOC
367742:8796,83:83,05/20/23 03:33:46,STABLE BEAMS,6800,250962.935872824,245228.530846438,32.5,HFOC
367742:8796,84:84,05/20/23 03:34:09,STABLE BEAMS,6800,250777.132646197,245138.747049823,32.4,HFOC
367742:8796,85:85,05/20/23 03:34:33,STABLE BEAMS,6800,250851.892645710,242417.283527292,32.4,HFOC
367742:8796,86:86,05/20/23 03:34:56,STABLE BEAMS,6800,258130.727696640,248208.918847341,32.6,HFOC
367742:8796,87:87,05/20/23 03:35:19,STABLE BEAMS,6800,262596.949416773,251740.569475688,34.0,HFOC
367742:8796,91:91,05/20/23 03:36:52,STABLE BEAMS,6800,261339.966939855,254810.762252907,33.8,HFOC
367742:8796,92:92,05/20/23 03:37:16,STABLE BEAMS,6800,263631.707905865,256798.052789048,33.8,HFOC
367742:8796,99:99,05/20/23 03:39:59,STABLE BEAMS,6800,287851.243697609,272769.920255019,36.2,HFOC
367742:8796,100:100,05/20/23 03:40:22,STABLE BEAMS,6800,291591.052589699,280355.189483117,37.7,HFOC
367742:8796,101:101,05/20/23 03:40:45,STABLE BEAMS,6800,291250.724539783,280544.428718577,37.7,HFOC
367742:8796,103:103,05/20/23 03:41:32,STABLE BEAMS,6800,290549.624886718,279172.258358028,37.6,HFOC
367742:8796,104:104,05/20/23 03:41:56,STABLE BEAMS,6800,290207.089306025,279538.058096219,37.5,HFOC
367742:8796,105:105,05/20/23 03:42:19,STABLE BEAMS,6800,297241.252088899,284559.847944687,37.6,HFOC
367742:8796,106:106,05/20/23 03:42:42,STABLE BEAMS,6800,305944.459658998,286591.368353010,39.5,HFOC
367742:8796,107:107,05/20/23 03:43:05,STABLE BEAMS,6800,305948.215025504,291089.187834154,39.5,HFOC
367742:8796,108:108,05/20/23 03:43:29,STABLE BEAMS,6800,305811.219908066,236543.694501314,39.5,HFOC
367742:8796,109:109,05/20/23 03:43:52,STABLE BEAMS,6800,305878.739579603,297209.952705860,39.5,HFOC
367742:8796,110:110,05/20/23 03:44:16,STABLE BEAMS,6800,305782.354170360,297579.328317558,39.5,HFOC
367742:8796,111:111,05/20/23 03:44:39,STABLE BEAMS,6800,310550.751188326,302369.327434476,39.5,HFOC
367742:8796,112:112,05/20/23 03:45:02,STABLE BEAMS,6800,320685.159004778,311221.800916108,41.3,HFOC
367742:8796,113:113,05/20/23 03:45:25,STABLE BEAMS,6800,320940.551900123,241070.242186566,41.5,HFOC
367742:8796,114:114,05/20/23 03:45:49,STABLE BEAMS,6800,320947.950741396,311420.103382466,41.5,HFOC
367742:8796,115:115,05/20/23 03:46:12,STABLE BEAMS,6800,321006.500425153,311525.752495306,41.5,HFOC
367742:8796,116:116,05/20/23 03:46:35,STABLE BEAMS,6800,320855.344009437,311298.882669215,41.5,HFOC
367742:8796,117:117,05/20/23 03:46:58,STABLE BEAMS,6800,321487.194331158,312302.588869526,41.5,HFOC
367742:8796,118:118,05/20/23 03:47:22,STABLE BEAMS,6800,332543.172817916,316622.777883180,42.2,HFOC
367742:8796,119:119,05/20/23 03:47:45,STABLE BEAMS,6800,334743.311746545,317053.775539315,43.3,HFOC
367742:8796,120:120,05/20/23 03:48:09,STABLE BEAMS,6800,334597.435222286,323375.528279125,43.3,HFOC
367742:8796,121:121,05/20/23 03:48:32,STABLE BEAMS,6800,334556.277710784,323472.344937782,43.2,HFOC
367742:8796,122:122,05/20/23 03:48:55,STABLE BEAMS,6800,334519.332457057,323437.513971715,43.2,HFOC
367742:8796,123:123,05/20/23 03:49:18,STABLE BEAMS,6800,334285.996220855,326494.435922417,43.2,HFOC
367742:8796,124:124,05/20/23 03:49:42,STABLE BEAMS,6800,342281.775261375,329779.367596306,43.2,HFOC
367742:8796,125:125,05/20/23 03:50:05,STABLE BEAMS,6800,348901.400129206,339763.891765580,45.1,HFOC
367742:8796,126:126,05/20/23 03:50:29,STABLE BEAMS,6800,348680.947760589,339415.481868565,45.1,HFOC
367742:8796,127:127,05/20/23 03:50:52,STABLE BEAMS,6800,348423.869495918,339397.977804571,45.0,HFOC
367742:8796,128:128,05/20/23 03:51:15,STABLE BEAMS,6800,348360.515460598,338698.153251121,45.0,HFOC
367742:8796,130:130,05/20/23 03:52:02,STABLE BEAMS,6800,356374.166875421,346007.471807824,45.1,HFOC
367742:8796,131:131,05/20/23 03:52:25,STABLE BEAMS,6800,365024.787659045,353454.421866234,47.2,HFOC
367742:8796,132:132,05/20/23 03:52:48,STABLE BEAMS,6800,364973.772019080,349767.495807512,47.2,HFOC
367742:8796,133:133,05/20/23 03:53:11,STABLE BEAMS,6800,364897.466514916,353848.110620488,47.2,HFOC
367742:8796,134:134,05/20/23 03:53:35,STABLE BEAMS,6800,364772.558036418,353846.791230394,47.1,HFOC
367742:8796,135:135,05/20/23 03:53:58,STABLE BEAMS,6800,364715.236830718,353746.011739298,47.1,HFOC
367742:8796,136:136,05/20/23 03:54:22,STABLE BEAMS,6800,367350.149761689,349031.087317410,47.2,HFOC
367742:8796,137:137,05/20/23 03:54:45,STABLE BEAMS,6800,378355.821256165,364995.057091437,48.5,HFOC
367742:8796,138:138,05/20/23 03:55:08,STABLE BEAMS,6800,378912.683132738,361205.871307149,49.0,HFOC
367742:8796,139:139,05/20/23 03:55:31,STABLE BEAMS,6800,378871.707445312,365499.402113873,48.9,HFOC
367742:8796,140:140,05/20/23 03:55:55,STABLE BEAMS,6800,378849.102982861,365419.338912125,49.0,HFOC
367742:8796,141:141,05/20/23 03:56:18,STABLE BEAMS,6800,378400.370486020,365040.904731685,48.9,HFOC
367742:8796,142:142,05/20/23 03:56:41,STABLE BEAMS,6800,379938.585856867,366404.333550088,48.9,HFOC
367742:8796,143:143,05/20/23 03:57:05,STABLE BEAMS,6800,392092.767780076,368558.487304872,49.8,HFOC
367742:8796,144:144,05/20/23 03:57:28,STABLE BEAMS,6800,395265.628221494,377889.992633963,51.1,HFOC
367742:8796,145:145,05/20/23 03:57:51,STABLE BEAMS,6800,388059.273375884,294433.237974809,51.1,HFOC
367742:8796,146:146,05/20/23 03:58:15,STABLE BEAMS,6800,373412.910421869,362884.315000490,51.1,HFOC
367742:8796,147:147,05/20/23 03:58:38,STABLE BEAMS,6800,394883.823302402,382493.507849505,49.4,HFOC
367742:8796,148:148,05/20/23 03:59:01,STABLE BEAMS,6800,352705.381264961,344033.703854614,51.2,HFOC
367742:8796,149:149,05/20/23 03:59:25,STABLE BEAMS,6800,393118.623882647,381129.370383420,50.7,HFOC
367742:8796,150:150,05/20/23 03:59:48,STABLE BEAMS,6800,398463.895081006,385667.461566462,50.9,HFOC
367742:8796,151:151,05/20/23 04:00:11,STABLE BEAMS,6800,405844.943235945,384237.990979914,52.5,HFOC
367742:8796,153:153,05/20/23 04:00:58,STABLE BEAMS,6800,405384.282613460,391444.891297753,52.4,HFOC
367742:8796,154:154,05/20/23 04:01:21,STABLE BEAMS,6800,405035.805115186,391230.585981574,52.4,HFOC
367742:8796,155:155,05/20/23 04:01:44,STABLE BEAMS,6800,404747.378514840,378982.638780687,52.3,HFOC
367742:8796,156:156,05/20/23 04:02:08,STABLE BEAMS,6800,404639.885519376,304154.037976302,52.3,HFOC
367742:8796,158:158,05/20/23 04:02:54,STABLE BEAMS,6800,422582.628070875,398096.976425420,54.3,HFOC
367742:8796,164:164,05/20/23 04:05:14,STABLE BEAMS,6800,431096.162825023,416441.331064976,54.8,HFOC
367742:8796,165:165,05/20/23 04:05:37,STABLE BEAMS,6800,441678.664422971,417386.965452501,56.8,HFOC
367742:8796,167:167,05/20/23 04:06:24,STABLE BEAMS,6800,441375.214025523,358915.496352791,57.1,HFOC
367742:8796,168:168,05/20/23 04:06:48,STABLE BEAMS,6800,441003.971220422,421968.717724716,57.0,HFOC
367742:8796,169:169,05/20/23 04:07:11,STABLE BEAMS,6800,440730.617369814,423872.779455313,57.0,HFOC
367742:8796,170:170,05/20/23 04:07:34,STABLE BEAMS,6800,440502.381532070,419395.471128662,56.9,HFOC
367742:8796,171:171,05/20/23 04:07:57,STABLE BEAMS,6800,439698.796038882,425205.046424272,56.9,HFOC
367742:8796,172:172,05/20/23 04:08:21,STABLE BEAMS,6800,438904.318067072,424116.223245314,56.8,HFOC
367742:8796,173:173,05/20/23 04:08:44,STABLE BEAMS,6800,439274.511887115,425130.423958356,56.7,HFOC
367742:8796,174:174,05/20/23 04:09:07,STABLE BEAMS,6800,439318.401421923,424997.298430241,56.8,HFOC
367742:8796,175:175,05/20/23 04:09:30,STABLE BEAMS,6800,438869.715546640,418697.560390172,56.8,HFOC
367742:8796,176:176,05/20/23 04:09:54,STABLE BEAMS,6800,438665.837141933,424254.358259848,56.7,HFOC
367742:8796,177:177,05/20/23 04:10:17,STABLE BEAMS,6800,439288.125382085,425255.446659671,56.7,HFOC
367742:8796,178:178,05/20/23 04:10:40,STABLE BEAMS,6800,439177.308269527,424827.794100331,56.8,HFOC
367742:8796,179:179,05/20/23 04:11:04,STABLE BEAMS,6800,439438.050988666,425284.083951742,56.8,HFOC
367742:8796,180:180,05/20/23 04:11:27,STABLE BEAMS,6800,439320.678885037,425130.605782433,56.8,HFOC
367742:8796,181:181,05/20/23 04:11:50,STABLE BEAMS,6800,439344.033954574,417262.124575263,56.8,HFOC
367742:8796,182:182,05/20/23 04:12:14,STABLE BEAMS,6800,439049.735368983,424834.122976844,56.8,HFOC
367742:8796,183:183,05/20/23 04:12:37,STABLE BEAMS,6800,438467.513695874,424560.083789332,56.7,HFOC
367742:8796,184:184,05/20/23 04:13:00,STABLE BEAMS,6800,438144.668730251,424238.467301765,56.7,HFOC
367742:8796,185:185,05/20/23 04:13:24,STABLE BEAMS,6800,437841.309244841,424049.978673390,56.6,HFOC
367742:8796,186:186,05/20/23 04:13:47,STABLE BEAMS,6800,436970.022256039,423463.202074053,56.5,HFOC
367742:8796,187:187,05/20/23 04:14:10,STABLE BEAMS,6800,436720.298542160,423271.480240624,56.4,HFOC
367742:8796,188:188,05/20/23 04:14:34,STABLE BEAMS,6800,437329.017577823,423802.847118143,56.5,HFOC
367742:8796,189:189,05/20/23 04:14:57,STABLE BEAMS,6800,437456.909836040,423867.452942298,56.6,HFOC
367742:8796,190:190,05/20/23 04:15:20,STABLE BEAMS,6800,437084.755579478,423494.116829238,56.5,HFOC
367742:8796,192:192,05/20/23 04:16:07,STABLE BEAMS,6800,436824.376508493,423471.579968046,56.4,HFOC
367742:8796,193:193,05/20/23 04:16:30,STABLE BEAMS,6800,436732.270958284,423358.576304413,56.5,HFOC
367742:8796,194:194,05/20/23 04:16:53,STABLE BEAMS,6800,436405.010931107,423135.394243569,56.4,HFOC
367742:8796,195:195,05/20/23 04:17:17,STABLE BEAMS,6800,436185.742750066,414683.325351637,56.4,HFOC
367742:8796,196:196,05/20/23 04:17:40,STABLE BEAMS,6800,436332.665928305,422766.475523140,56.4,HFOC
367742:8796,197:197,05/20/23 04:18:03,STABLE BEAMS,6800,435685.791809482,422179.470478168,56.4,HFOC
367742:8796,199:199,05/20/23 04:18:50,STABLE BEAMS,6800,434403.561427768,421150.928973850,56.2,HFOC
367742:8796,200:200,05/20/23 04:19:13,STABLE BEAMS,6800,433972.493839295,420717.173652552,56.1,HFOC
367742:8796,201:201,05/20/23 04:19:37,STABLE BEAMS,6800,434068.697424462,419184.900199287,56.1,HFOC
367742:8796,202:202,05/20/23 04:20:00,STABLE BEAMS,6800,433102.300126031,418467.138001352,56.0,HFOC
367742:8796,203:203,05/20/23 04:20:23,STABLE BEAMS,6800,433030.227859344,418584.876084212,56.0,HFOC
367742:8796,204:204,05/20/23 04:20:47,STABLE BEAMS,6800,433599.521374388,418899.343155842,56.1,HFOC
367742:8796,205:205,05/20/23 04:21:10,STABLE BEAMS,6800,433204.832587712,418454.298424248,56.0,HFOC
367742:8796,207:207,05/20/23 04:21:56,STABLE BEAMS,6800,432763.109642133,418423.110932948,55.9,HFOC
367742:8796,208:208,05/20/23 04:22:20,STABLE BEAMS,6800,433313.372237156,418745.774074495,56.0,HFOC
367742:8796,209:209,05/20/23 04:22:43,STABLE BEAMS,6800,433182.386638559,418656.127811476,56.0,HFOC
367742:8796,210:210,05/20/23 04:23:06,STABLE BEAMS,6800,433117.825104883,418594.983638011,56.0,HFOC
367742:8796,211:211,05/20/23 04:23:30,STABLE BEAMS,6800,432945.863818860,418569.351105360,56.0,HFOC
367742:8796,212:212,05/20/23 04:23:53,STABLE BEAMS,6800,432789.199066054,418499.143700997,56.0,HFOC
367742:8796,213:213,05/20/23 04:24:16,STABLE BEAMS,6800,431782.737531658,417645.160303489,55.9,HFOC
367742:8796,214:214,05/20/23 04:24:40,STABLE BEAMS,6800,431696.869945925,417592.983786727,55.8,HFOC
367742:8796,215:215,05/20/23 04:25:03,STABLE BEAMS,6800,431381.262977198,417225.610570949,55.8,HFOC
367742:8796,216:216,05/20/23 04:25:26,STABLE BEAMS,6800,431152.481667224,417014.722614979,55.8,HFOC
367742:8796,217:217,05/20/23 04:25:50,STABLE BEAMS,6800,430558.968252740,416718.284099871,55.7,HFOC
367742:8796,219:219,05/20/23 04:26:36,STABLE BEAMS,6800,430990.900671115,416678.581180981,55.7,HFOC
367742:8796,220:220,05/20/23 04:27:00,STABLE BEAMS,6800,430861.006016977,416902.082599499,55.7,HFOC
367742:8796,222:222,05/20/23 04:27:46,STABLE BEAMS,6800,430218.731114862,416447.522407894,55.6,HFOC
367742:8796,223:223,05/20/23 04:28:09,STABLE BEAMS,6800,430400.298772935,416646.256123664,55.6,HFOC
367742:8796,224:224,05/20/23 04:28:33,STABLE BEAMS,6800,430178.482723743,416438.645663229,55.6,HFOC
367742:8796,225:225,05/20/23 04:28:56,STABLE BEAMS,6800,429888.874266899,416228.119024334,55.6,HFOC
367742:8796,227:227,05/20/23 04:29:43,STABLE BEAMS,6800,429893.063213895,416114.252861876,55.6,HFOC
367742:8796,230:230,05/20/23 04:30:53,STABLE BEAMS,6800,451063.665658920,430110.007310264,58.0,HFOC
367742:8796,231:231,05/20/23 04:31:16,STABLE BEAMS,6800,451357.919954030,430422.835634127,58.4,HFOC
367742:8796,233:233,05/20/23 04:32:03,STABLE BEAMS,6800,450537.033200627,422876.199360159,58.2,HFOC
367742:8796,235:235,05/20/23 04:32:49,STABLE BEAMS,6800,450314.853503282,423286.960928995,58.2,HFOC
367742:8796,237:237,05/20/23 04:33:36,STABLE BEAMS,6800,449970.972890637,421870.966303820,58.2,HFOC
367742:8796,238:238,05/20/23 04:33:59,STABLE BEAMS,6800,449759.628043398,425914.248904137,58.1,HFOC
367742:8796,239:239,05/20/23 04:34:22,STABLE BEAMS,6800,449432.412306701,425278.848350766,58.1,HFOC
367742:8796,240:240,05/20/23 04:34:46,STABLE BEAMS,6800,449252.937956588,427343.537666608,58.1,HFOC
367742:8796,244:244,05/20/23 04:36:19,STABLE BEAMS,6800,447737.098602557,432388.545051017,57.9,HFOC
367742:8796,247:247,05/20/23 04:37:29,STABLE BEAMS,6800,446092.278376928,430705.980011939,57.8,HFOC
367742:8796,248:248,05/20/23 04:37:52,STABLE BEAMS,6800,445668.222670796,423864.175446763,57.6,HFOC
367742:8796,253:253,05/20/23 04:39:49,STABLE BEAMS,6800,446170.404452937,430938.815066391,57.7,HFOC
367742:8796,254:254,05/20/23 04:40:12,STABLE BEAMS,6800,446290.419998910,426012.454885225,57.7,HFOC
367742:8796,256:256,05/20/23 04:40:59,STABLE BEAMS,6800,446461.152806877,430999.003497915,57.7,HFOC
367742:8796,258:258,05/20/23 04:41:45,STABLE BEAMS,6800,445527.992017225,422351.343183231,57.7,HFOC
367742:8796,259:259,05/20/23 04:42:09,STABLE BEAMS,6800,445026.765977026,429967.137876504,57.5,HFOC
367742:8796,260:260,05/20/23 04:42:32,STABLE BEAMS,6800,444933.250124684,430100.128202100,57.5,HFOC
367742:8796,261:261,05/20/23 04:42:55,STABLE BEAMS,6800,444577.441386397,429723.283816792,57.5,HFOC
367742:8796,263:263,05/20/23 04:43:42,STABLE BEAMS,6800,443139.639527414,428859.512223158,57.3,HFOC
367742:8796,264:264,05/20/23 04:44:05,STABLE BEAMS,6800,443798.033833247,429272.504633549,57.3,HFOC
367742:8796,266:266,05/20/23 04:44:52,STABLE BEAMS,6800,442979.515454996,428680.583345274,57.3,HFOC
367742:8796,267:267,05/20/23 04:45:15,STABLE BEAMS,6800,443020.945702613,428753.247705750,57.3,HFOC
367742:8796,268:268,05/20/23 04:45:38,STABLE BEAMS,6800,443575.532447151,428939.004310819,57.3,HFOC
367742:8796,269:269,05/20/23 04:46:02,STABLE BEAMS,6800,443386.360812950,429022.641054996,57.3,HFOC
367742:8796,270:270,05/20/23 04:46:25,STABLE BEAMS,6800,443349.618363001,428940.552146548,57.3,HFOC
367742:8796,271:271,05/20/23 04:46:48,STABLE BEAMS,6800,443116.009390684,428672.023627205,57.3,HFOC
367742:8796,272:272,05/20/23 04:47:12,STABLE BEAMS,6800,442824.489449957,428413.737864179,57.2,HFOC
367742:8796,275:275,05/20/23 04:48:22,STABLE BEAMS,6800,441758.112220152,427564.260440262,57.2,HFOC
367742:8796,276:276,05/20/23 04:48:45,STABLE BEAMS,6800,441228.838650592,427111.520820501,57.1,HFOC
367742:8796,277:277,05/20/23 04:49:08,STABLE BEAMS,6800,441216.910524949,426981.490963845,57.0,HFOC
367742:8796,278:278,05/20/23 04:49:32,STABLE BEAMS,6800,440887.144589023,426844.631048926,57.0,HFOC
367742:8796,280:280,05/20/23 04:50:18,STABLE BEAMS,6800,439423.209015640,425550.337339049,56.8,HFOC
367742:8796,281:281,05/20/23 04:50:41,STABLE BEAMS,6800,440166.650367783,426260.404648817,56.9,HFOC
367742:8796,282:282,05/20/23 04:51:05,STABLE BEAMS,6800,440000.561067005,426232.904922764,56.9,HFOC
367742:8796,284:284,05/20/23 04:51:51,STABLE BEAMS,6800,439669.156383311,425800.790680312,56.8,HFOC
367742:8796,286:286,05/20/23 04:52:38,STABLE BEAMS,6800,439908.364604757,424139.671557967,56.9,HFOC
367742:8796,288:288,05/20/23 04:53:25,STABLE BEAMS,6800,439518.638682942,423786.639133465,56.8,HFOC
367742:8796,292:292,05/20/23 04:54:58,STABLE BEAMS,6800,437650.314707718,422428.741962933,56.7,HFOC
367742:8796,294:294,05/20/23 04:55:45,STABLE BEAMS,6800,437458.912231961,421439.854424868,56.5,HFOC
367742:8796,295:295,05/20/23 04:56:08,STABLE BEAMS,6800,437377.643862936,192974.824168735,56.5,HFOC
367742:8796,297:297,05/20/23 04:56:54,STABLE BEAMS,6800,436338.174265396,421522.078535834,56.4,HFOC
367742:8796,298:298,05/20/23 04:57:18,STABLE BEAMS,6800,437091.723171338,421958.428346841,56.5,HFOC
367742:8796,303:303,05/20/23 04:59:14,STABLE BEAMS,6800,436272.339963184,421366.096788854,56.4,HFOC
367742:8796,304:304,05/20/23 04:59:38,STABLE BEAMS,6800,436143.219226911,421362.956826916,56.4,HFOC
367742:8796,309:309,05/20/23 05:01:34,STABLE BEAMS,6800,433772.757760026,419389.643433897,56.2,HFOC
367742:8796,318:318,05/20/23 05:05:04,STABLE BEAMS,6800,432684.936944567,413693.027511439,55.9,HFOC
367742:8796,321:321,05/20/23 05:06:14,STABLE BEAMS,6800,432685.757483990,412433.380612475,55.9,HFOC
367742:8796,323:323,05/20/23 05:07:01,STABLE BEAMS,6800,431879.624122651,417873.305229195,55.9,HFOC
367742:8796,324:324,05/20/23 05:07:24,STABLE BEAMS,6800,431617.011879032,417612.879536651,55.8,HFOC
367742:8796,326:326,05/20/23 05:08:10,STABLE BEAMS,6800,431421.784104433,417602.499246737,55.8,HFOC
367742:8796,335:335,05/20/23 05:11:40,STABLE BEAMS,6800,447987.188295667,290153.751912466,57.9,HFOC
367742:8796,338:338,05/20/23 05:12:50,STABLE BEAMS,6800,442849.210531147,428588.978976815,57.5,HFOC
367742:8796,344:344,05/20/23 05:15:10,STABLE BEAMS,6800,445393.227741342,408400.387390034,57.6,HFOC
367742:8796,345:345,05/20/23 05:15:33,STABLE BEAMS,6800,445532.500321894,318765.684187069,57.5,HFOC
367742:8796,347:347,05/20/23 05:16:20,STABLE BEAMS,6800,446883.432231645,431989.711607824,57.7,HFOC
367742:8796,349:349,05/20/23 05:17:07,STABLE BEAMS,6800,447408.698678285,432306.775500242,57.8,HFOC
367742:8796,352:352,05/20/23 05:18:17,STABLE BEAMS,6800,447153.238181680,432141.595319846,57.8,HFOC
367742:8796,357:357,05/20/23 05:20:13,STABLE BEAMS,6800,445683.246467898,430976.422346243,57.6,HFOC
367742:8796,358:358,05/20/23 05:20:36,STABLE BEAMS,6800,445582.445997101,430694.506446487,57.6,HFOC
367742:8796,362:362,05/20/23 05:22:10,STABLE BEAMS,6800,444748.721997672,430098.944014524,57.5,HFOC
367742:8796,363:363,05/20/23 05:22:33,STABLE BEAMS,6800,444780.774318874,430289.936220569,57.5,HFOC
367742:8796,364:364,05/20/23 05:22:56,STABLE BEAMS,6800,444374.427811592,429816.118994385,57.5,HFOC
367742:8796,369:369,05/20/23 05:24:53,STABLE BEAMS,6800,442508.472211519,427506.804032043,57.2,HFOC
367742:8796,376:376,05/20/23 05:27:36,STABLE BEAMS,6800,442082.369818986,316711.832052410,57.2,HFOC
367742:8796,381:381,05/20/23 05:29:33,STABLE BEAMS,6800,440421.339277601,424831.071595866,57.0,HFOC
367742:8796,382:382,05/20/23 05:29:56,STABLE BEAMS,6800,439587.386832536,424139.396490774,56.8,HFOC
367742:8796,384:384,05/20/23 05:30:43,STABLE BEAMS,6800,439601.363975659,424260.321157130,56.8,HFOC
367742:8796,389:389,05/20/23 05:32:39,STABLE BEAMS,6800,439138.017951427,412206.918725018,56.8,HFOC
367742:8796,398:398,05/20/23 05:36:09,STABLE BEAMS,6800,437645.808734126,417141.973826771,56.6,HFOC
367742:8796,402:402,05/20/23 05:37:42,STABLE BEAMS,6800,435614.309305504,414714.876491090,56.4,HFOC
367742:8796,404:404,05/20/23 05:38:29,STABLE BEAMS,6800,435245.663321190,414350.692189888,56.2,HFOC
367742:8796,428:428,05/20/23 05:47:48,STABLE BEAMS,6800,451972.513306016,432342.287141057,58.2,HFOC
367742:8796,432:432,05/20/23 05:49:21,STABLE BEAMS,6800,449510.631625826,434088.956822541,58.1,HFOC
367742:8796,433:433,05/20/23 05:49:45,STABLE BEAMS,6800,449386.063484703,434038.011114912,58.1,HFOC
367742:8796,434:434,05/20/23 05:50:08,STABLE BEAMS,6800,450286.213880133,434539.600803264,58.2,HFOC
367742:8796,441:441,05/20/23 05:52:51,STABLE BEAMS,6800,450164.881275143,434677.099433530,58.2,HFOC
367742:8796,442:442,05/20/23 05:53:15,STABLE BEAMS,6800,450036.261720619,434431.653247609,58.2,HFOC
367742:8796,443:443,05/20/23 05:53:38,STABLE BEAMS,6800,449847.773092245,434298.891367647,58.1,HFOC
367691:8786,46:46,05/18/23 12:45:42,STABLE BEAMS,6800,5381.424748098,2981.648041754,2.0,PLTZERO
367691:8786,47:47,05/18/23 12:46:06,STABLE BEAMS,6800,30958.646817756,30459.357203973,2.1,PLTZERO
367691:8786,48:48,05/18/23 12:46:29,STABLE BEAMS,6800,120681.246343555,118969.531641482,8.5,PLTZERO
367691:8786,49:49,05/18/23 12:46:52,STABLE BEAMS,6800,229089.321824637,222017.072725401,22.8,PLTZERO
367691:8786,50:50,05/18/23 12:47:16,STABLE BEAMS,6800,183093.683304578,181651.556363649,32.3,PLTZERO
367691:8786,51:51,05/18/23 12:47:39,STABLE BEAMS,6800,57510.850543407,57320.534116847,9.7,PLTZERO
367691:8786,52:52,05/18/23 12:48:02,STABLE BEAMS,6800,11529.241126197,11508.006894649,2.3,PLTZERO
367691:8786,53:53,05/18/23 12:48:26,STABLE BEAMS,6800,115798.264025596,114680.883277431,0.4,PLTZERO
367691:8786,54:54,05/18/23 12:48:49,STABLE BEAMS,6800,50693.124847458,50305.287331855,32.1,PLTZERO
367691:8786,55:55,05/18/23 12:49:12,STABLE BEAMS,6800,35975.093835664,35878.586977261,1.7,PLTZERO
367691:8786,56:56,05/18/23 12:49:36,STABLE BEAMS,6800,119821.991446471,119143.793468290,10.6,PLTZERO
367691:8786,57:57,05/18/23 12:49:59,STABLE BEAMS,6800,223320.541324806,221195.003649284,23.2,PLTZERO
367691:8786,58:58,05/18/23 12:50:22,STABLE BEAMS,6800,206998.784659782,205190.947260945,32.1,PLTZERO
367691:8786,59:59,05/18/23 12:50:45,STABLE BEAMS,6800,86861.665281094,86488.089533225,14.1,PLTZERO
367691:8786,60:60,05/18/23 12:51:09,STABLE BEAMS,6800,25792.250183164,25732.425166685,5.4,PLTZERO
367691:8786,61:61,05/18/23 12:51:32,STABLE BEAMS,6800,171504.811317380,169824.614187239,1.8,PLTZERO
367691:8786,62:62,05/18/23 12:51:55,STABLE BEAMS,6800,248214.450495211,245603.962598535,31.9,PLTZERO
367691:8786,63:63,05/18/23 12:52:19,STABLE BEAMS,6800,249299.198949991,246376.108844009,32.2,PLTZERO
367691:8786,64:64,05/18/23 12:52:42,STABLE BEAMS,6800,249255.125260028,246288.420686431,32.2,PLTZERO
367691:8786,65:65,05/18/23 12:53:05,STABLE BEAMS,6800,249213.967748526,246571.723577541,32.2,PLTZERO
367691:8786,66:66,05/18/23 12:53:29,STABLE BEAMS,6800,248376.714497147,245747.832064717,32.2,PLTZERO
367691:8786,67:67,05/18/23 12:53:52,STABLE BEAMS,6800,246295.954730222,243223.302665813,31.9,PLTZERO
367691:8786,68:68,05/18/23 12:54:15,STABLE BEAMS,6800,244956.018514953,242433.787558864,31.7,PLTZERO
367691:8786,69:69,05/18/23 12:54:39,STABLE BEAMS,6800,245318.018596158,242745.613519227,31.6,PLTZERO
367691:8786,70:70,05/18/23 12:55:02,STABLE BEAMS,6800,246604.913464762,243682.529675385,31.8,PLTZERO
367691:8786,71:71,05/18/23 12:55:25,STABLE BEAMS,6800,247289.327262178,244660.193073334,31.9,PLTZERO
367691:8786,72:72,05/18/23 12:55:49,STABLE BEAMS,6800,247174.684850777,244574.826669351,32.0,PLTZERO
367691:8786,73:73,05/18/23 12:56:12,STABLE BEAMS,6800,246480.438566755,243888.979259023,31.9,PLTZERO
367691:8786,74:74,05/18/23 12:56:35,STABLE BEAMS,6800,245492.415858593,242960.510929195,31.7,PLTZERO
367691:8786,75:75,05/18/23 12:56:58,STABLE BEAMS,6800,244792.432791845,242227.608380264,31.7,PLTZERO
367691:8786,76:76,05/18/23 12:57:22,STABLE BEAMS,6800,244106.928049969,241610.124491675,31.6,PLTZERO
367691:8786,77:77,05/18/23 12:57:45,STABLE BEAMS,6800,243659.377409626,241164.897936004,31.5,PLTZERO
367691:8786,78:78,05/18/23 12:58:08,STABLE BEAMS,6800,243513.890175378,238160.926419929,31.5,PLTZERO
367691:8786,79:79,05/18/23 12:58:32,STABLE BEAMS,6800,243190.886696457,235195.447993311,31.5,PLTZERO
367691:8786,80:80,05/18/23 12:58:55,STABLE BEAMS,6800,242505.153508946,237098.738137121,31.4,PLTZERO
367691:8786,81:81,05/18/23 12:59:18,STABLE BEAMS,6800,242314.911909987,237206.436267440,31.3,PLTZERO
367691:8786,82:82,05/18/23 12:59:42,STABLE BEAMS,6800,242648.750239013,237524.045632088,31.3,PLTZERO
367691:8786,83:83,05/18/23 13:00:05,STABLE BEAMS,6800,243035.268597630,190442.212689624,31.4,PLTZERO
367691:8786,84:84,05/18/23 13:00:28,STABLE BEAMS,6800,243048.700268523,97072.253189719,31.4,PLTZERO
367691:8786,85:85,05/18/23 13:00:52,STABLE BEAMS,6800,243027.415196166,237058.920995414,31.4,PLTZERO
367691:8786,86:86,05/18/23 13:01:15,STABLE BEAMS,6800,242872.456792387,237678.183496444,31.4,PLTZERO
367691:8786,87:87,05/18/23 13:01:38,STABLE BEAMS,6800,242727.629253185,237492.949052826,31.4,PLTZERO
367691:8786,88:88,05/18/23 13:02:01,STABLE BEAMS,6800,242609.322387317,182554.940197241,31.4,PLTZERO
367691:8786,89:89,05/18/23 13:02:25,STABLE BEAMS,6800,242450.450103734,236514.602649051,31.3,PLTZERO
367691:8786,90:90,05/18/23 13:02:48,STABLE BEAMS,6800,242352.153210608,236860.485657616,31.3,PLTZERO
367691:8786,91:91,05/18/23 13:03:11,STABLE BEAMS,6800,242083.557090005,236956.982958599,31.3,PLTZERO
367691:8786,92:92,05/18/23 13:03:35,STABLE BEAMS,6800,241984.076009303,233590.486868791,31.3,PLTZERO
367691:8786,93:93,05/18/23 13:03:58,STABLE BEAMS,6800,241963.679077628,222146.283674389,31.3,PLTZERO
367691:8786,94:94,05/18/23 13:04:21,STABLE BEAMS,6800,250324.257823918,188893.172725414,31.7,PLTZERO
367691:8786,95:95,05/18/23 13:04:45,STABLE BEAMS,6800,253255.429776998,247059.496967146,32.7,PLTZERO
367691:8786,96:96,05/18/23 13:05:08,STABLE BEAMS,6800,253215.545034032,245727.595977418,32.7,PLTZERO
367691:8786,97:97,05/18/23 13:05:31,STABLE BEAMS,6800,253218.253746559,246792.173615080,32.7,PLTZERO
367691:8786,98:98,05/18/23 13:05:55,STABLE BEAMS,6800,253167.536484565,247178.419237582,32.7,PLTZERO
367691:8786,99:99,05/18/23 13:06:18,STABLE BEAMS,6800,252945.855637892,247033.659299640,32.7,PLTZERO
367691:8786,100:100,05/18/23 13:06:41,STABLE BEAMS,6800,254780.532834626,248745.908284768,32.7,PLTZERO
367691:8786,101:101,05/18/23 13:07:05,STABLE BEAMS,6800,264989.924434070,254312.154013196,33.7,PLTZERO
367691:8786,102:102,05/18/23 13:07:28,STABLE BEAMS,6800,266574.693761772,256455.039337384,34.5,PLTZERO
367691:8786,103:103,05/18/23 13:07:51,STABLE BEAMS,6800,266336.623106344,259202.363838201,34.4,PLTZERO
367691:8786,104:104,05/18/23 13:08:14,STABLE BEAMS,6800,266173.948834697,258831.053431841,34.4,PLTZERO
367691:8786,105:105,05/18/23 13:08:38,STABLE BEAMS,6800,265968.795330375,255342.653622955,34.4,PLTZERO
367691:8786,106:106,05/18/23 13:09:01,STABLE BEAMS,6800,265592.407836336,258692.282033038,34.4,PLTZERO
367691:8786,107:107,05/18/23 13:09:24,STABLE BEAMS,6800,269296.385729938,262020.713951725,34.1,PLTZERO
367691:8786,108:108,05/18/23 13:09:48,STABLE BEAMS,6800,277821.986143325,269487.266044243,35.8,PLTZERO
367691:8786,109:109,05/18/23 13:10:11,STABLE BEAMS,6800,277642.646995731,266142.306783205,35.9,PLTZERO
367691:8786,110:110,05/18/23 13:10:34,STABLE BEAMS,6800,277431.050392077,265307.261062603,35.9,PLTZERO
367691:8786,111:111,05/18/23 13:10:58,STABLE BEAMS,6800,276924.019967893,268783.480989431,35.8,PLTZERO
367691:8786,112:112,05/18/23 13:11:21,STABLE BEAMS,6800,276606.319691208,268516.658819115,35.8,PLTZERO
367691:8786,113:113,05/18/23 13:11:44,STABLE BEAMS,6800,276893.447881160,268673.687220074,35.7,PLTZERO
367691:8786,114:114,05/18/23 13:12:08,STABLE BEAMS,6800,287407.861024561,277494.996521186,36.2,PLTZERO
367691:8786,115:115,05/18/23 13:12:31,STABLE BEAMS,6800,291367.436948364,230765.330473997,37.7,PLTZERO
367691:8786,116:116,05/18/23 13:12:54,STABLE BEAMS,6800,290858.697844075,274192.288047188,37.6,PLTZERO
367691:8786,117:117,05/18/23 13:13:18,STABLE BEAMS,6800,290614.776183104,279368.371942232,37.6,PLTZERO
367691:8786,118:118,05/18/23 13:13:41,STABLE BEAMS,6800,290313.831694404,278280.711971148,37.5,PLTZERO
367691:8786,119:119,05/18/23 13:14:04,STABLE BEAMS,6800,290178.405392396,279759.284382701,37.5,PLTZERO
367691:8786,120:120,05/18/23 13:14:27,STABLE BEAMS,6800,294281.899735017,216932.363587643,37.5,PLTZERO
367691:8786,121:121,05/18/23 13:14:51,STABLE BEAMS,6800,303818.192589199,287327.821133592,39.1,PLTZERO
367691:8786,122:122,05/18/23 13:15:14,STABLE BEAMS,6800,304120.253664216,295650.018682165,39.3,PLTZERO
367691:8786,124:124,05/18/23 13:16:01,STABLE BEAMS,6800,304018.588363516,295978.304383621,39.3,PLTZERO
367691:8786,127:127,05/18/23 13:17:11,STABLE BEAMS,6800,312700.032990287,303189.918140985,39.4,PLTZERO
367691:8786,129:129,05/18/23 13:17:57,STABLE BEAMS,6800,316827.908076723,255614.667103768,41.0,PLTZERO
367691:8786,133:133,05/18/23 13:19:30,STABLE BEAMS,6800,318839.940673754,143755.980917729,40.5,PLTZERO
367691:8786,135:135,05/18/23 13:20:17,STABLE BEAMS,6800,328088.105305562,176555.692551896,42.4,PLTZERO
367691:8786,137:137,05/18/23 13:21:04,STABLE BEAMS,6800,328220.641070967,313555.429021006,42.4,PLTZERO
367691:8786,138:138,05/18/23 13:21:27,STABLE BEAMS,6800,327938.816083250,243961.051525711,42.4,PLTZERO
367691:8786,140:140,05/18/23 13:22:14,STABLE BEAMS,6800,338880.040266867,320013.130224275,43.0,PLTZERO
367691:8786,141:141,05/18/23 13:22:37,STABLE BEAMS,6800,340507.766698214,327217.594565703,44.1,PLTZERO
367691:8786,142:142,05/18/23 13:23:00,STABLE BEAMS,6800,340162.179736543,317639.687308749,44.0,PLTZERO
367691:8786,143:143,05/18/23 13:23:24,STABLE BEAMS,6800,339990.717301191,141330.282695006,44.0,PLTZERO
367691:8786,144:144,05/18/23 13:23:47,STABLE BEAMS,6800,339214.997513288,260001.303493122,43.9,PLTZERO
367691:8786,145:145,05/18/23 13:24:10,STABLE BEAMS,6800,337338.547400484,327260.663561088,43.8,PLTZERO
367691:8786,146:146,05/18/23 13:24:34,STABLE BEAMS,6800,342152.132363652,332216.663397825,43.3,PLTZERO
367691:8786,147:147,05/18/23 13:24:57,STABLE BEAMS,6800,349913.596115250,340578.449642470,45.2,PLTZERO
367691:8786,148:148,05/18/23 13:25:20,STABLE BEAMS,6800,349617.476957815,335584.774924622,45.2,PLTZERO
367691:8786,149:149,05/18/23 13:25:43,STABLE BEAMS,6800,348838.022783107,253535.271017418,45.1,PLTZERO
367691:8786,150:150,05/18/23 13:26:07,STABLE BEAMS,6800,348663.534608634,337841.300296711,45.1,PLTZERO
367691:8786,151:151,05/18/23 13:26:30,STABLE BEAMS,6800,347013.157093277,337981.962199695,45.1,PLTZERO
367691:8786,152:152,05/18/23 13:26:53,STABLE BEAMS,6800,348248.675004840,332821.811222136,45.1,PLTZERO
367691:8786,153:153,05/18/23 13:27:17,STABLE BEAMS,6800,356249.666335557,253139.854934435,45.3,PLTZERO
367691:8786,154:154,05/18/23 13:27:40,STABLE BEAMS,6800,358634.037344305,313487.522390536,46.4,PLTZERO
367691:8786,155:155,05/18/23 13:28:03,STABLE BEAMS,6800,350197.810457820,340728.445181388,44.9,PLTZERO
367691:8786,156:156,05/18/23 13:28:27,STABLE BEAMS,6800,336518.161828831,328489.512258763,46.2,PLTZERO
367691:8786,158:158,05/18/23 13:29:13,STABLE BEAMS,6800,349918.262933217,334253.375116643,34.1,PLTZERO
367691:8786,159:159,05/18/23 13:29:37,STABLE BEAMS,6800,365920.590594181,347016.276075515,50.5,PLTZERO
367691:8786,160:160,05/18/23 13:30:00,STABLE BEAMS,6800,370716.554939460,353127.047616239,44.7,PLTZERO
367691:8786,161:161,05/18/23 13:30:23,STABLE BEAMS,6800,389584.991838079,369216.469009915,50.4,PLTZERO
367691:8786,162:162,05/18/23 13:30:46,STABLE BEAMS,6800,389377.106310452,364232.060326743,50.4,PLTZERO
367691:8786,163:163,05/18/23 13:31:10,STABLE BEAMS,6800,389004.453203218,366812.523939993,50.3,PLTZERO
367691:8786,164:164,05/18/23 13:31:33,STABLE BEAMS,6800,388892.270079008,368538.544933389,50.3,PLTZERO
367691:8786,171:171,05/18/23 13:34:16,STABLE BEAMS,6800,403843.722178240,386132.082690308,52.2,PLTZERO
367691:8786,172:172,05/18/23 13:34:40,STABLE BEAMS,6800,403794.960690609,389656.835659132,52.2,PLTZERO
367691:8786,173:173,05/18/23 13:35:03,STABLE BEAMS,6800,403709.685198664,389830.528936039,52.2,PLTZERO
367691:8786,174:174,05/18/23 13:35:26,STABLE BEAMS,6800,403772.605653494,389432.287586635,52.2,PLTZERO
367691:8786,175:175,05/18/23 13:35:50,STABLE BEAMS,6800,404565.717613651,389977.950964950,52.2,PLTZERO
367691:8786,176:176,05/18/23 13:36:13,STABLE BEAMS,6800,415927.810919903,400418.720695155,52.9,PLTZERO
367691:8786,177:177,05/18/23 13:36:36,STABLE BEAMS,6800,421808.092470548,402711.827672818,54.5,PLTZERO
367691:8786,178:178,05/18/23 13:36:59,STABLE BEAMS,6800,421680.065009813,404692.469974772,54.5,PLTZERO
367691:8786,179:179,05/18/23 13:37:23,STABLE BEAMS,6800,421458.521696736,404211.002150901,54.5,PLTZERO
367691:8786,181:181,05/18/23 13:38:09,STABLE BEAMS,6800,421103.305052237,302102.985466208,54.4,PLTZERO
367691:8786,182:182,05/18/23 13:38:33,STABLE BEAMS,6800,422283.867802173,408975.051708573,54.4,PLTZERO
367691:8786,183:183,05/18/23 13:38:56,STABLE BEAMS,6800,435301.800339315,419967.405754973,55.3,PLTZERO
367691:8786,184:184,05/18/23 13:39:19,STABLE BEAMS,6800,440560.474324557,424094.733038101,57.0,PLTZERO
367691:8786,185:185,05/18/23 13:39:43,STABLE BEAMS,6800,410616.095587995,398901.608572587,53.9,PLTZERO
367691:8786,186:186,05/18/23 13:40:06,STABLE BEAMS,6800,437170.895901326,420554.956272175,56.9,PLTZERO
367691:8786,187:187,05/18/23 13:40:29,STABLE BEAMS,6800,408728.195220519,388823.249193299,50.5,PLTZERO
367691:8786,188:188,05/18/23 13:40:53,STABLE BEAMS,6800,411785.958690344,229434.726496016,56.7,PLTZERO
367691:8786,189:189,05/18/23 13:41:16,STABLE BEAMS,6800,415466.558203630,403056.845851480,56.7,PLTZERO
367691:8786,190:190,05/18/23 13:41:39,STABLE BEAMS,6800,435104.614459274,284186.374298031,50.9,PLTZERO
367691:8786,191:191,05/18/23 13:42:03,STABLE BEAMS,6800,443306.411834019,396384.226258542,57.3,PLTZERO
367691:8786,192:192,05/18/23 13:42:26,STABLE BEAMS,6800,442996.770093653,362991.034078089,57.3,PLTZERO
367691:8786,193:193,05/18/23 13:42:49,STABLE BEAMS,6800,443046.944214495,421784.371421780,57.3,PLTZERO
367691:8786,194:194,05/18/23 13:43:12,STABLE BEAMS,6800,442898.018640336,428287.076415096,57.2,PLTZERO
367691:8786,195:195,05/18/23 13:43:36,STABLE BEAMS,6800,442676.475327259,198941.245341905,57.2,PLTZERO
367691:8786,196:196,05/18/23 13:43:59,STABLE BEAMS,6800,442469.228514977,427112.751629636,57.2,PLTZERO
367691:8786,197:197,05/18/23 13:44:22,STABLE BEAMS,6800,442418.327097829,427898.306235223,57.2,PLTZERO
367691:8786,198:198,05/18/23 13:44:46,STABLE BEAMS,6800,452627.035691447,434529.129601312,57.4,PLTZERO
367691:8786,199:199,05/18/23 13:45:09,STABLE BEAMS,6800,462302.512545221,439724.792219686,59.7,PLTZERO
367691:8786,200:200,05/18/23 13:45:32,STABLE BEAMS,6800,462082.743182430,431277.548659019,59.7,PLTZERO
367691:8786,201:201,05/18/23 13:45:56,STABLE BEAMS,6800,461859.197473433,435516.469303648,59.7,PLTZERO
367691:8786,202:202,05/18/23 13:46:19,STABLE BEAMS,6800,461323.459824840,218495.938755026,59.7,PLTZERO
367691:8786,203:203,05/18/23 13:46:42,STABLE BEAMS,6800,461112.569537792,443415.179929098,59.6,PLTZERO
367665:8784,2:2,05/18/23 00:51:41,STABLE BEAMS,6800,454864.642035254,367342.433893822,58.8,PLTZERO
367665:8784,3:3,05/18/23 00:52:05,STABLE BEAMS,6800,454694.683145152,341888.338263534,58.8,PLTZERO
367665:8784,4:4,05/18/23 00:52:28,STABLE BEAMS,6800,454776.089047774,303730.208384727,58.8,PLTZERO
367665:8784,5:5,05/18/23 00:52:51,STABLE BEAMS,6800,454633.538971686,304992.839063411,58.8,PLTZERO
367665:8784,6:6,05/18/23 00:53:15,STABLE BEAMS,6800,454460.983260797,433908.571020966,58.8,PLTZERO
367665:8784,7:7,05/18/23 00:53:38,STABLE BEAMS,6800,454212.441403417,440664.053440217,58.7,PLTZERO
367665:8784,8:8,05/18/23 00:54:01,STABLE BEAMS,6800,453880.491247494,432590.192614169,58.7,PLTZERO
367665:8784,9:9,05/18/23 00:54:24,STABLE BEAMS,6800,453668.325860831,415211.734091294,58.6,PLTZERO
367665:8784,10:10,05/18/23 00:54:48,STABLE BEAMS,6800,453446.327987563,339556.486440001,58.6,PLTZERO
367665:8784,14:14,05/18/23 00:56:21,STABLE BEAMS,6800,453221.689003027,434376.061701714,58.5,PLTZERO
367665:8784,24:24,05/18/23 01:00:14,STABLE BEAMS,6800,448812.126462470,426235.636946070,57.9,PLTZERO
367665:8784,26:26,05/18/23 01:01:01,STABLE BEAMS,6800,449811.939762679,434830.712805358,58.1,PLTZERO
367665:8784,28:28,05/18/23 01:01:47,STABLE BEAMS,6800,449167.114661335,426035.812285840,58.1,PLTZERO
367665:8784,29:29,05/18/23 01:02:11,STABLE BEAMS,6800,449265.868445731,433192.221456243,58.1,PLTZERO
367665:8784,30:30,05/18/23 01:02:34,STABLE BEAMS,6800,449207.864234204,432497.131322019,58.1,PLTZERO
367665:8784,31:31,05/18/23 01:02:57,STABLE BEAMS,6800,448948.440905160,433084.271569509,58.0,PLTZERO
367665:8784,32:32,05/18/23 01:03:21,STABLE BEAMS,6800,448323.875201894,432418.867712414,58.0,PLTZERO
367665:8784,33:33,05/18/23 01:03:44,STABLE BEAMS,6800,448372.545777487,433262.288995931,57.9,PLTZERO
367665:8784,34:34,05/18/23 01:04:07,STABLE BEAMS,6800,447988.920286551,433297.301786074,57.9,PLTZERO
367665:8784,35:35,05/18/23 01:04:31,STABLE BEAMS,6800,447172.178189664,424400.596101182,57.9,PLTZERO
367665:8784,36:36,05/18/23 01:04:54,STABLE BEAMS,6800,446585.993684115,432157.486277929,57.8,PLTZERO
367665:8784,37:37,05/18/23 01:05:17,STABLE BEAMS,6800,446803.802610387,431898.790245192,57.8,PLTZERO
367665:8784,38:38,05/18/23 01:05:40,STABLE BEAMS,6800,446447.219954235,431948.008624092,57.7,PLTZERO
367665:8784,40:40,05/18/23 01:06:27,STABLE BEAMS,6800,445296.024123754,431048.676437007,57.5,PLTZERO
367665:8784,41:41,05/18/23 01:06:50,STABLE BEAMS,6800,446098.196983731,431189.816210962,57.7,PLTZERO
367665:8784,42:42,05/18/23 01:07:14,STABLE BEAMS,6800,445781.496739466,431376.027376222,57.6,PLTZERO
367665:8784,43:43,05/18/23 01:07:37,STABLE BEAMS,6800,445760.782781197,431277.823726212,57.6,PLTZERO
367665:8784,44:44,05/18/23 01:08:00,STABLE BEAMS,6800,445348.564288670,430298.495938639,57.6,PLTZERO
367665:8784,45:45,05/18/23 01:08:24,STABLE BEAMS,6800,445317.649533485,429439.001872962,57.5,PLTZERO
367665:8784,46:46,05/18/23 01:08:47,STABLE BEAMS,6800,444822.568214645,429661.456637500,57.5,PLTZERO
367665:8784,47:47,05/18/23 01:09:10,STABLE BEAMS,6800,444570.385213576,429842.252708785,57.5,PLTZERO
367665:8784,48:48,05/18/23 01:09:34,STABLE BEAMS,6800,444578.898310088,430625.303736702,57.4,PLTZERO
367665:8784,49:49,05/18/23 01:09:57,STABLE BEAMS,6800,444366.961369060,430458.666632615,57.5,PLTZERO
367665:8784,50:50,05/18/23 01:10:20,STABLE BEAMS,6800,443753.277137458,429248.601760704,57.4,PLTZERO
367665:8784,51:51,05/18/23 01:10:44,STABLE BEAMS,6800,443379.258018571,429770.315644616,57.3,PLTZERO
367665:8784,52:52,05/18/23 01:11:07,STABLE BEAMS,6800,443324.123363947,429586.197787315,57.3,PLTZERO
367665:8784,53:53,05/18/23 01:11:30,STABLE BEAMS,6800,442717.861284396,429105.503881309,57.3,PLTZERO
367665:8784,54:54,05/18/23 01:11:53,STABLE BEAMS,6800,442609.592039989,424523.206136864,57.2,PLTZERO
367665:8784,55:55,05/18/23 01:12:17,STABLE BEAMS,6800,442315.659433630,425006.130884426,57.2,PLTZERO
367665:8784,56:56,05/18/23 01:12:40,STABLE BEAMS,6800,442238.759504600,426253.210942400,57.2,PLTZERO
367665:8784,57:57,05/18/23 01:13:03,STABLE BEAMS,6800,441878.535704759,427216.829595968,57.1,PLTZERO
367665:8784,58:58,05/18/23 01:13:27,STABLE BEAMS,6800,441694.734874053,427125.362761105,57.1,PLTZERO
367665:8784,59:59,05/18/23 01:13:50,STABLE BEAMS,6800,441055.965913108,427001.204889693,57.1,PLTZERO
367665:8784,63:63,05/18/23 01:15:23,STABLE BEAMS,6800,438456.494690614,330821.273170258,56.6,PLTZERO
367665:8784,64:64,05/18/23 01:15:47,STABLE BEAMS,6800,438348.955073592,425161.473916060,56.7,PLTZERO
367665:8784,66:66,05/18/23 01:16:33,STABLE BEAMS,6800,436544.327802139,422995.620481267,56.4,PLTZERO
367665:8784,67:67,05/18/23 01:16:57,STABLE BEAMS,6800,437673.490284256,424516.466990639,56.4,PLTZERO
367665:8784,68:68,05/18/23 01:17:20,STABLE BEAMS,6800,438218.561568782,424982.046187504,56.6,PLTZERO
367665:8784,69:69,05/18/23 01:17:43,STABLE BEAMS,6800,438145.032378404,423846.829896067,56.6,PLTZERO
367665:8784,70:70,05/18/23 01:18:06,STABLE BEAMS,6800,438162.014280947,423849.242561699,56.6,PLTZERO
367665:8784,71:71,05/18/23 01:18:30,STABLE BEAMS,6800,437725.165619269,424662.707163051,56.6,PLTZERO
367665:8784,72:72,05/18/23 01:18:53,STABLE BEAMS,6800,437580.475613664,424376.875052414,56.6,PLTZERO
367665:8784,73:73,05/18/23 01:19:16,STABLE BEAMS,6800,438441.652717589,425297.196264961,56.7,PLTZERO
367665:8784,75:75,05/18/23 01:20:03,STABLE BEAMS,6800,438232.494421425,425071.282180811,56.6,PLTZERO
367665:8784,76:76,05/18/23 01:20:26,STABLE BEAMS,6800,437940.242522235,424105.661131323,56.7,PLTZERO
367665:8784,77:77,05/18/23 01:20:50,STABLE BEAMS,6800,437537.677023316,423702.366005019,56.6,PLTZERO
367665:8784,78:78,05/18/23 01:21:13,STABLE BEAMS,6800,437308.895713342,412241.248509334,56.6,PLTZERO
367665:8784,80:80,05/18/23 01:22:00,STABLE BEAMS,6800,436547.742831271,417475.702595136,56.5,PLTZERO
367665:8784,85:85,05/18/23 01:23:56,STABLE BEAMS,6800,435399.003956903,416698.978112656,56.3,PLTZERO
367665:8784,86:86,05/18/23 01:24:19,STABLE BEAMS,6800,435277.624730355,422537.372524415,56.3,PLTZERO
367665:8784,87:87,05/18/23 01:24:43,STABLE BEAMS,6800,440572.176335643,420785.649066031,56.3,PLTZERO
367665:8784,88:88,05/18/23 01:25:06,STABLE BEAMS,6800,456310.138782403,412902.463419433,58.2,PLTZERO
367665:8784,89:89,05/18/23 01:25:29,STABLE BEAMS,6800,457888.532612033,426057.801343724,59.2,PLTZERO
367665:8784,90:90,05/18/23 01:25:53,STABLE BEAMS,6800,457601.110706264,317767.099364917,59.2,PLTZERO
367665:8784,91:91,05/18/23 01:26:16,STABLE BEAMS,6800,457371.280411232,441068.849780692,59.1,PLTZERO
367665:8784,92:92,05/18/23 01:26:39,STABLE BEAMS,6800,457446.084701225,434645.548294077,59.1,PLTZERO
367665:8784,93:93,05/18/23 01:27:03,STABLE BEAMS,6800,457203.233005013,441169.151400817,59.1,PLTZERO
367665:8784,94:94,05/18/23 01:27:26,STABLE BEAMS,6800,457020.481159364,434501.084403029,59.1,PLTZERO
367665:8784,95:95,05/18/23 01:27:49,STABLE BEAMS,6800,456700.640953161,440685.587937910,59.0,PLTZERO
367665:8784,96:96,05/18/23 01:28:13,STABLE BEAMS,6800,456331.901725731,440381.228420078,59.0,PLTZERO
367665:8784,98:98,05/18/23 01:28:59,STABLE BEAMS,6800,455071.891178613,417629.544412599,58.8,PLTZERO
367665:8784,100:100,05/18/23 01:29:46,STABLE BEAMS,6800,452815.160671668,437560.442330143,58.5,PLTZERO
367665:8784,104:104,05/18/23 01:31:19,STABLE BEAMS,6800,452524.505560844,437284.218922632,58.5,PLTZERO
367665:8784,105:105,05/18/23 01:31:42,STABLE BEAMS,6800,452948.561266976,437638.295670036,58.5,PLTZERO
367665:8784,106:106,05/18/23 01:32:06,STABLE BEAMS,6800,453418.874883068,432851.072866904,58.6,PLTZERO
367665:8784,108:108,05/18/23 01:32:52,STABLE BEAMS,6800,453334.781247621,437760.677260084,58.6,PLTZERO
367665:8784,109:109,05/18/23 01:33:16,STABLE BEAMS,6800,452997.504578683,437857.244493404,58.6,PLTZERO
367665:8784,110:110,05/18/23 01:33:39,STABLE BEAMS,6800,452807.193047387,437517.552827756,58.5,PLTZERO
367665:8784,111:111,05/18/23 01:34:02,STABLE BEAMS,6800,452065.117706896,436787.815882620,58.5,PLTZERO
367665:8784,113:113,05/18/23 01:34:49,STABLE BEAMS,6800,451465.049301341,436569.277328964,58.4,PLTZERO
367665:8784,114:114,05/18/23 01:35:12,STABLE BEAMS,6800,451008.757118852,436072.240235761,58.3,PLTZERO
367665:8784,115:115,05/18/23 01:35:36,STABLE BEAMS,6800,449925.307074465,434799.571935616,58.2,PLTZERO
367665:8784,116:116,05/18/23 01:35:59,STABLE BEAMS,6800,449937.009085552,435235.737591468,58.2,PLTZERO
367665:8784,117:117,05/18/23 01:36:22,STABLE BEAMS,6800,450370.169981983,435800.296687286,58.2,PLTZERO
367665:8784,118:118,05/18/23 01:36:46,STABLE BEAMS,6800,450037.627732272,429161.277251280,58.2,PLTZERO
367665:8784,124:124,05/18/23 01:39:05,STABLE BEAMS,6800,449775.882649634,434632.435980858,58.2,PLTZERO
367665:8784,125:125,05/18/23 01:39:29,STABLE BEAMS,6800,449804.839299378,435194.398255889,58.1,PLTZERO
367665:8784,126:126,05/18/23 01:39:52,STABLE BEAMS,6800,449194.887123503,355894.815670289,58.1,PLTZERO
367665:8784,127:127,05/18/23 01:40:15,STABLE BEAMS,6800,448765.276458722,412569.921169722,58.0,PLTZERO
367665:8784,131:131,05/18/23 01:41:49,STABLE BEAMS,6800,447822.921897810,432478.191314035,57.9,PLTZERO
367665:8784,133:133,05/18/23 01:42:35,STABLE BEAMS,6800,447769.060011722,432426.606891061,57.9,PLTZERO
367665:8784,134:134,05/18/23 01:42:58,STABLE BEAMS,6800,447401.369769349,432422.098586391,57.9,PLTZERO
367665:8784,135:135,05/18/23 01:43:22,STABLE BEAMS,6800,447273.661666287,429544.128824351,57.8,PLTZERO
367665:8784,136:136,05/18/23 01:43:45,STABLE BEAMS,6800,446633.843720285,430146.703138655,57.8,PLTZERO
367665:8784,137:137,05/18/23 01:44:08,STABLE BEAMS,6800,446412.482231284,432330.312393855,57.7,PLTZERO
367665:8784,139:139,05/18/23 01:44:55,STABLE BEAMS,6800,445975.997217760,431651.250751311,57.7,PLTZERO
367665:8784,140:140,05/18/23 01:45:18,STABLE BEAMS,6800,445463.432814627,431170.510223747,57.6,PLTZERO
367665:8784,141:141,05/18/23 01:45:42,STABLE BEAMS,6800,445420.545643319,431563.380769657,57.5,PLTZERO
367665:8784,143:143,05/18/23 01:46:28,STABLE BEAMS,6800,444444.861330512,430702.884340480,57.5,PLTZERO
367665:8784,144:144,05/18/23 01:46:52,STABLE BEAMS,6800,443767.482726215,428993.411669137,57.4,PLTZERO
367665:8784,145:145,05/18/23 01:47:15,STABLE BEAMS,6800,443915.042288722,365706.672236934,57.3,PLTZERO
367665:8784,146:146,05/18/23 01:47:38,STABLE BEAMS,6800,443580.495312012,294161.520540890,57.4,PLTZERO
367665:8784,147:147,05/18/23 01:48:02,STABLE BEAMS,6800,442658.581973255,428219.603365117,57.3,PLTZERO
367665:8784,148:148,05/18/23 01:48:25,STABLE BEAMS,6800,441969.911627583,428521.869574989,57.1,PLTZERO
367665:8784,149:149,05/18/23 01:48:48,STABLE BEAMS,6800,443059.508724407,428292.677995304,57.2,PLTZERO
367665:8784,150:150,05/18/23 01:49:11,STABLE BEAMS,6800,442692.727602417,429204.120132108,57.2,PLTZERO
367665:8784,151:151,05/18/23 01:49:35,STABLE BEAMS,6800,442893.100065955,429436.771031406,57.3,PLTZERO
367665:8784,152:152,05/18/23 01:49:58,STABLE BEAMS,6800,442778.504276112,429232.983538736,57.2,PLTZERO
367665:8784,153:153,05/18/23 01:50:21,STABLE BEAMS,6800,442962.988112645,429498.691453814,57.3,PLTZERO
367665:8784,154:154,05/18/23 01:50:45,STABLE BEAMS,6800,442620.611045249,429126.674730848,57.2,PLTZERO
367665:8784,155:155,05/18/23 01:51:08,STABLE BEAMS,6800,442493.448414417,414841.127670461,57.2,PLTZERO
367665:8784,156:156,05/18/23 01:51:31,STABLE BEAMS,6800,441898.841724395,422250.587002914,57.2,PLTZERO
367665:8784,157:157,05/18/23 01:51:55,STABLE BEAMS,6800,441467.820757481,415229.308087625,57.1,PLTZERO
367665:8784,158:158,05/18/23 01:52:18,STABLE BEAMS,6800,441507.612257331,287722.169582894,57.0,PLTZERO
367665:8784,159:159,05/18/23 01:52:41,STABLE BEAMS,6800,441411.956475472,427483.537543467,57.1,PLTZERO
367665:8784,160:160,05/18/23 01:53:05,STABLE BEAMS,6800,440825.634436326,421251.820356685,57.0,PLTZERO
367665:8784,161:161,05/18/23 01:53:28,STABLE BEAMS,6800,440429.215989844,421004.597889399,56.9,PLTZERO
367665:8784,162:162,05/18/23 01:53:51,STABLE BEAMS,6800,440664.645534005,421890.635939188,56.9,PLTZERO
367665:8784,163:163,05/18/23 01:54:15,STABLE BEAMS,6800,440674.524642169,426911.057444925,57.0,PLTZERO
367665:8784,164:164,05/18/23 01:54:38,STABLE BEAMS,6800,440478.522949705,427201.076171481,56.9,PLTZERO
367665:8784,165:165,05/18/23 01:55:01,STABLE BEAMS,6800,440267.723574695,421091.558750670,56.9,PLTZERO
367665:8784,166:166,05/18/23 01:55:24,STABLE BEAMS,6800,439754.068227103,426645.487063444,56.8,PLTZERO
367665:8784,167:167,05/18/23 01:55:48,STABLE BEAMS,6800,439497.057563692,424800.247752719,56.8,PLTZERO
367665:8784,168:168,05/18/23 01:56:11,STABLE BEAMS,6800,439343.535103902,420260.657686584,56.8,PLTZERO
367665:8784,169:169,05/18/23 01:56:34,STABLE BEAMS,6800,438759.262082236,424967.248504959,56.8,PLTZERO
367665:8784,170:170,05/18/23 01:56:58,STABLE BEAMS,6800,437953.401457013,418330.459910509,56.6,PLTZERO
367665:8784,171:171,05/18/23 01:57:21,STABLE BEAMS,6800,438081.519829786,425268.104412699,56.6,PLTZERO
367665:8784,172:172,05/18/23 01:57:44,STABLE BEAMS,6800,438497.516999598,425656.601856457,56.7,PLTZERO
367665:8784,173:173,05/18/23 01:58:08,STABLE BEAMS,6800,438169.800081152,419261.023879374,56.7,PLTZERO
367665:8784,175:175,05/18/23 01:58:54,STABLE BEAMS,6800,437656.962941905,420036.153904567,56.5,PLTZERO
367665:8784,176:176,05/18/23 01:59:18,STABLE BEAMS,6800,437706.088077689,425125.279269418,56.6,PLTZERO
367665:8784,177:177,05/18/23 01:59:41,STABLE BEAMS,6800,437039.500033017,424171.085163824,56.6,PLTZERO
367665:8784,179:179,05/18/23 02:00:27,STABLE BEAMS,6800,437108.476628246,424204.184139006,56.5,PLTZERO
367665:8784,180:180,05/18/23 02:00:51,STABLE BEAMS,6800,436824.423130051,418132.637646200,56.5,PLTZERO
367665:8784,181:181,05/18/23 02:01:14,STABLE BEAMS,6800,436598.644248419,423839.407744015,56.4,PLTZERO
367665:8784,182:182,05/18/23 02:01:37,STABLE BEAMS,6800,436517.877061144,423695.673480352,56.4,PLTZERO
367665:8784,183:183,05/18/23 02:02:01,STABLE BEAMS,6800,436159.790859742,423481.822724364,56.4,PLTZERO
367665:8784,185:185,05/18/23 02:02:47,STABLE BEAMS,6800,444812.460660846,430794.351175343,56.4,PLTZERO
367665:8784,186:186,05/18/23 02:03:11,STABLE BEAMS,6800,455976.368054636,440075.775626709,58.8,PLTZERO
367665:8784,187:187,05/18/23 02:03:34,STABLE BEAMS,6800,455737.796217458,434844.006942654,58.9,PLTZERO
367665:8784,188:188,05/18/23 02:03:57,STABLE BEAMS,6800,455515.478986517,439808.109606191,58.9,PLTZERO
367665:8784,189:189,05/18/23 02:04:21,STABLE BEAMS,6800,455190.766827491,439430.358431577,58.8,PLTZERO
367665:8784,190:190,05/18/23 02:04:44,STABLE BEAMS,6800,454321.939125880,438811.028329287,58.7,PLTZERO
367665:8784,192:192,05/18/23 02:05:31,STABLE BEAMS,6800,454030.736211748,438495.649806196,58.7,PLTZERO
367665:8784,193:193,05/18/23 02:05:54,STABLE BEAMS,6800,453758.247191042,438569.908623959,58.7,PLTZERO
367665:8784,194:194,05/18/23 02:06:17,STABLE BEAMS,6800,452882.225783014,437253.213255409,58.5,PLTZERO
367665:8784,195:195,05/18/23 02:06:40,STABLE BEAMS,6800,452844.163942971,437721.659678099,58.5,PLTZERO
367665:8784,196:196,05/18/23 02:07:04,STABLE BEAMS,6800,453267.490021718,436966.926584580,58.6,PLTZERO
367665:8784,197:197,05/18/23 02:07:27,STABLE BEAMS,6800,453013.393205688,437039.863681171,58.6,PLTZERO
367665:8784,198:198,05/18/23 02:07:50,STABLE BEAMS,6800,452590.841044806,436409.381702180,58.5,PLTZERO
367665:8784,199:199,05/18/23 02:08:14,STABLE BEAMS,6800,452715.772834082,437604.285243392,58.5,PLTZERO
367665:8784,200:200,05/18/23 02:08:37,STABLE BEAMS,6800,452758.205445199,437718.564006640,58.5,PLTZERO
367665:8784,201:201,05/18/23 02:09:00,STABLE BEAMS,6800,452379.039306297,414800.744076824,58.5,PLTZERO
367665:8784,203:203,05/18/23 02:09:47,STABLE BEAMS,6800,451967.277705039,437119.085363795,58.4,PLTZERO
367665:8784,205:205,05/18/23 02:10:34,STABLE BEAMS,6800,451792.672976671,436221.939727785,58.4,PLTZERO
367665:8784,206:206,05/18/23 02:10:57,STABLE BEAMS,6800,451621.895878224,436645.265806533,58.4,PLTZERO
367665:8784,207:207,05/18/23 02:11:20,STABLE BEAMS,6800,451211.726403176,435574.382603136,58.3,PLTZERO
367665:8784,208:208,05/18/23 02:11:44,STABLE BEAMS,6800,451032.205431505,435143.769574856,58.3,PLTZERO
367665:8784,210:210,05/18/23 02:12:30,STABLE BEAMS,6800,450645.391025994,435190.983226757,58.3,PLTZERO
367665:8784,211:211,05/18/23 02:12:53,STABLE BEAMS,6800,449593.356918542,435248.395344496,58.1,PLTZERO
367665:8784,212:212,05/18/23 02:13:17,STABLE BEAMS,6800,449548.966201985,435019.884439559,58.1,PLTZERO
367665:8784,213:213,05/18/23 02:13:40,STABLE BEAMS,6800,449812.168208314,435536.183229496,58.1,PLTZERO
367665:8784,214:214,05/18/23 02:14:03,STABLE BEAMS,6800,449478.213325392,435027.761151802,58.1,PLTZERO
367665:8784,215:215,05/18/23 02:14:27,STABLE BEAMS,6800,449245.333980460,434931.378073636,58.1,PLTZERO
367665:8784,216:216,05/18/23 02:14:50,STABLE BEAMS,6800,448985.591293743,434872.735146764,58.1,PLTZERO
367665:8784,218:218,05/18/23 02:15:37,STABLE BEAMS,6800,448673.217530072,432268.394302525,58.0,PLTZERO
367665:8784,220:220,05/18/23 02:16:23,STABLE BEAMS,6800,447782.445061056,433577.940255138,57.9,PLTZERO
367665:8784,221:221,05/18/23 02:16:47,STABLE BEAMS,6800,447445.487749792,433324.118506301,57.8,PLTZERO
367665:8784,222:222,05/18/23 02:17:10,STABLE BEAMS,6800,446950.406430952,433098.612360785,57.9,PLTZERO
367665:8784,223:223,05/18/23 02:17:33,STABLE BEAMS,6800,446557.263148928,432720.131558787,57.7,PLTZERO
367665:8784,224:224,05/18/23 02:17:56,STABLE BEAMS,6800,446568.009418073,432836.732075628,57.7,PLTZERO
367665:8784,225:225,05/18/23 02:18:20,STABLE BEAMS,6800,446341.365706538,431713.488200314,57.7,PLTZERO
367665:8784,226:226,05/18/23 02:18:43,STABLE BEAMS,6800,446053.351706981,432323.619869188,57.7,PLTZERO
367665:8784,227:227,05/18/23 02:19:06,STABLE BEAMS,6800,445697.132698982,431926.245680765,57.6,PLTZERO
367665:8784,228:228,05/18/23 02:19:30,STABLE BEAMS,6800,446125.831912302,431759.335840563,57.6,PLTZERO
367665:8784,229:229,05/18/23 02:19:53,STABLE BEAMS,6800,445960.516529388,432155.346348412,57.7,PLTZERO
367665:8784,230:230,05/18/23 02:20:16,STABLE BEAMS,6800,445929.329038088,428925.572639926,57.6,PLTZERO
367665:8784,231:231,05/18/23 02:20:40,STABLE BEAMS,6800,445579.077589528,430694.324622411,57.6,PLTZERO
367665:8784,232:232,05/18/23 02:21:03,STABLE BEAMS,6800,444940.033561390,426495.652368902,57.6,PLTZERO
367665:8784,233:233,05/18/23 02:21:26,STABLE BEAMS,6800,444790.014711693,430737.440239354,57.5,PLTZERO
367665:8784,234:234,05/18/23 02:21:50,STABLE BEAMS,6800,445004.000670199,418708.987334065,57.5,PLTZERO
367665:8784,235:235,05/18/23 02:22:13,STABLE BEAMS,6800,444663.901065918,423569.648415538,57.5,PLTZERO
367665:8784,236:236,05/18/23 02:22:36,STABLE BEAMS,6800,444419.911803687,430793.395433402,57.5,PLTZERO
367665:8784,237:237,05/18/23 02:23:00,STABLE BEAMS,6800,444266.160898263,419373.071801066,57.4,PLTZERO
367665:8784,238:238,05/18/23 02:23:23,STABLE BEAMS,6800,443561.828040143,417012.172415750,57.4,PLTZERO
367665:8784,239:239,05/18/23 02:23:46,STABLE BEAMS,6800,443431.707271449,430071.626112547,57.3,PLTZERO
367665:8784,240:240,05/18/23 02:24:09,STABLE BEAMS,6800,443778.546021955,415981.125002683,57.4,PLTZERO
367665:8784,241:241,05/18/23 02:24:33,STABLE BEAMS,6800,443599.300117477,430113.012069684,57.4,PLTZERO
367665:8784,242:242,05/18/23 02:24:56,STABLE BEAMS,6800,442925.744480946,429579.185904975,57.3,PLTZERO
367665:8784,243:243,05/18/23 02:25:19,STABLE BEAMS,6800,442789.658483891,429533.611000841,57.2,PLTZERO
367665:8784,244:244,05/18/23 02:25:43,STABLE BEAMS,6800,442785.516158452,424484.323757398,57.3,PLTZERO
367665:8784,245:245,05/18/23 02:26:06,STABLE BEAMS,6800,442421.376147730,429135.644718629,57.2,PLTZERO
367665:8784,246:246,05/18/23 02:26:29,STABLE BEAMS,6800,441661.181338679,427766.362563606,57.1,PLTZERO
367665:8784,247:247,05/18/23 02:26:53,STABLE BEAMS,6800,441271.226971229,421962.570672279,57.1,PLTZERO
367665:8784,248:248,05/18/23 02:27:16,STABLE BEAMS,6800,441334.009892462,427317.084594535,57.0,PLTZERO
367665:8784,249:249,05/18/23 02:27:39,STABLE BEAMS,6800,440680.853518683,426672.441317267,57.0,PLTZERO
367665:8784,250:250,05/18/23 02:28:03,STABLE BEAMS,6800,439522.781008381,425656.191586746,56.9,PLTZERO
367665:8784,251:251,05/18/23 02:28:26,STABLE BEAMS,6800,439078.510194651,426434.871843589,56.7,PLTZERO
367665:8784,252:252,05/18/23 02:28:49,STABLE BEAMS,6800,438450.303347697,419546.445720300,56.7,PLTZERO
367665:8784,253:253,05/18/23 02:29:13,STABLE BEAMS,6800,437468.427691972,422410.303136699,56.6,PLTZERO
367665:8784,254:254,05/18/23 02:29:36,STABLE BEAMS,6800,436433.419777544,423879.245865423,56.5,PLTZERO
367665:8784,255:255,05/18/23 02:29:59,STABLE BEAMS,6800,436954.998458937,415822.730590071,56.4,PLTZERO
367665:8784,256:256,05/18/23 02:30:22,STABLE BEAMS,6800,437041.868408170,424332.167309261,56.5,PLTZERO
367665:8784,257:257,05/18/23 02:30:46,STABLE BEAMS,6800,436888.618684495,423094.737913816,56.5,PLTZERO
367665:8784,259:259,05/18/23 02:31:32,STABLE BEAMS,6800,436544.875605447,263607.007804377,56.4,PLTZERO
367665:8784,260:260,05/18/23 02:31:56,STABLE BEAMS,6800,436243.063955767,423634.983867078,56.4,PLTZERO
367665:8784,261:261,05/18/23 02:32:19,STABLE BEAMS,6800,436080.343062561,423501.263914097,56.4,PLTZERO
367665:8784,262:262,05/18/23 02:32:42,STABLE BEAMS,6800,435845.323788112,240363.976864863,56.3,PLTZERO
367665:8784,263:263,05/18/23 02:33:06,STABLE BEAMS,6800,435522.341288892,421970.356472484,56.3,PLTZERO
367665:8784,264:264,05/18/23 02:33:29,STABLE BEAMS,6800,436930.095553671,424222.851410875,56.3,PLTZERO
367665:8784,265:265,05/18/23 02:33:52,STABLE BEAMS,6800,452055.194308252,435820.511794884,57.4,PLTZERO
367665:8784,266:266,05/18/23 02:34:16,STABLE BEAMS,6800,455914.128274555,437813.035600923,59.0,PLTZERO
367665:8784,267:267,05/18/23 02:34:39,STABLE BEAMS,6800,456169.136542045,436357.114273379,58.9,PLTZERO
367665:8784,268:268,05/18/23 02:35:02,STABLE BEAMS,6800,454607.496169324,439141.022710847,58.8,PLTZERO
367665:8784,269:269,05/18/23 02:35:25,STABLE BEAMS,6800,454449.829053018,437887.247797128,58.7,PLTZERO
367665:8784,270:270,05/18/23 02:35:49,STABLE BEAMS,6800,454832.545423571,237153.940393005,58.8,PLTZERO
367665:8784,271:271,05/18/23 02:36:12,STABLE BEAMS,6800,454875.980398187,255113.256908414,58.7,PLTZERO
367730:8794,49:49,05/19/23 17:40:41,STABLE BEAMS,6800,20256.652977514,17406.198839478,1.4,HFOC
367730:8794,50:50,05/19/23 17:41:04,STABLE BEAMS,6800,57424.510681291,57194.339582669,3.5,HFOC
367730:8794,51:51,05/19/23 17:41:28,STABLE BEAMS,6800,139221.761188873,138291.276476656,14.9,HFOC
367730:8794,52:52,05/19/23 17:41:51,STABLE BEAMS,6800,229506.138601440,226992.945234391,24.6,HFOC
367730:8794,53:53,05/19/23 17:42:14,STABLE BEAMS,6800,274433.225928440,270655.604621642,33.2,HFOC
367730:8794,54:54,05/19/23 17:42:38,STABLE BEAMS,6800,223342.509169882,221045.236322893,32.0,HFOC
367730:8794,55:55,05/19/23 17:43:01,STABLE BEAMS,6800,134649.365630263,133852.564972428,23.2,HFOC
367730:8794,56:56,05/19/23 17:43:24,STABLE BEAMS,6800,57892.906053374,57705.480629632,13.9,HFOC
367730:8794,57:57,05/19/23 17:43:47,STABLE BEAMS,6800,19200.507081744,19162.856117492,3.2,HFOC
367730:8794,58:58,05/19/23 17:44:11,STABLE BEAMS,6800,6019.189177641,6009.946803406,1.3,HFOC
367730:8794,59:59,05/19/23 17:44:34,STABLE BEAMS,6800,177894.969771441,175899.553330829,0.5,HFOC
367730:8794,60:60,05/19/23 17:44:57,STABLE BEAMS,6800,15939.857780183,15910.017885020,4.1,HFOC
367730:8794,61:61,05/19/23 17:45:21,STABLE BEAMS,6800,33824.862352564,33742.796521787,3.1,HFOC
367730:8794,62:62,05/19/23 17:45:44,STABLE BEAMS,6800,73155.871981638,72888.697119234,5.8,HFOC
367730:8794,63:63,05/19/23 17:46:07,STABLE BEAMS,6800,151515.260682437,150529.105400785,16.8,HFOC
367730:8794,64:64,05/19/23 17:46:31,STABLE BEAMS,6800,226768.806732282,224545.677780916,25.2,HFOC
367730:8794,65:65,05/19/23 17:46:54,STABLE BEAMS,6800,272823.371871396,269448.020016623,32.5,HFOC
367730:8794,66:66,05/19/23 17:47:17,STABLE BEAMS,6800,245530.729455051,242911.134036997,34.2,HFOC
367730:8794,67:67,05/19/23 17:47:41,STABLE BEAMS,6800,173967.023777525,172699.591311463,28.1,HFOC
367730:8794,68:68,05/19/23 17:48:04,STABLE BEAMS,6800,87876.298875304,87516.205382718,15.6,HFOC
367730:8794,69:69,05/19/23 17:48:27,STABLE BEAMS,6800,42172.090316364,42061.034035214,7.3,HFOC
367730:8794,70:70,05/19/23 17:48:51,STABLE BEAMS,6800,27816.153328214,27728.959825368,4.0,HFOC
367730:8794,71:71,05/19/23 17:49:14,STABLE BEAMS,6800,272620.176472514,269144.751443252,29.0,HFOC
367730:8794,72:72,05/19/23 17:49:37,STABLE BEAMS,6800,271620.088105113,268219.106048768,35.7,HFOC
367730:8794,73:73,05/19/23 17:50:00,STABLE BEAMS,6800,269793.266640920,266565.222592241,33.9,HFOC
367730:8794,74:74,05/19/23 17:50:24,STABLE BEAMS,6800,257556.312803437,254705.318274922,31.8,HFOC
367730:8794,75:75,05/19/23 17:50:47,STABLE BEAMS,6800,249627.256205811,246959.127745762,35.6,HFOC
367730:8794,78:78,05/19/23 17:51:57,STABLE BEAMS,6800,276360.463235575,272932.732060262,35.8,HFOC
367730:8794,79:79,05/19/23 17:52:20,STABLE BEAMS,6800,25782.105798334,25606.028528053,28.7,HFOC
367730:8794,80:80,05/19/23 17:52:44,STABLE BEAMS,6800,2572.629699598,2568.973170795,0.1,HFOC
367730:8794,81:81,05/19/23 17:53:07,STABLE BEAMS,6800,14037.451231453,14011.730257707,1.0,HFOC
367730:8794,82:82,05/19/23 17:53:30,STABLE BEAMS,6800,50371.873173583,50219.499468986,3.2,HFOC
367730:8794,83:83,05/19/23 17:53:54,STABLE BEAMS,6800,140261.560867044,139391.458765142,8.6,HFOC
367730:8794,84:84,05/19/23 17:54:17,STABLE BEAMS,6800,248903.393576998,246241.890040356,30.5,HFOC
367730:8794,85:85,05/19/23 17:54:40,STABLE BEAMS,6800,252643.703650837,249859.135518322,35.7,HFOC
367730:8794,86:86,05/19/23 17:55:04,STABLE BEAMS,6800,156044.972805947,155001.451328791,30.2,HFOC
367730:8794,87:87,05/19/23 17:55:27,STABLE BEAMS,6800,53737.207454164,53572.114222974,8.7,HFOC
367730:8794,88:88,05/19/23 17:55:50,STABLE BEAMS,6800,15723.964184072,15694.516958983,3.2,HFOC
367730:8794,89:89,05/19/23 17:56:13,STABLE BEAMS,6800,3324.699862960,3319.925372504,1.0,HFOC
367730:8794,90:90,05/19/23 17:56:37,STABLE BEAMS,6800,5806.242483597,5789.169156179,0.1,HFOC
367730:8794,91:91,05/19/23 17:57:00,STABLE BEAMS,6800,174225.092750305,172307.189312213,20.0,HFOC
367730:8794,92:92,05/19/23 17:57:23,STABLE BEAMS,6800,7221.287800606,7210.086994580,0.6,HFOC
367730:8794,93:93,05/19/23 17:57:47,STABLE BEAMS,6800,19953.285613060,19914.665736277,1.4,HFOC
367730:8794,94:94,05/19/23 17:58:10,STABLE BEAMS,6800,60395.240793323,60194.907958110,4.3,HFOC
367730:8794,95:95,05/19/23 17:58:33,STABLE BEAMS,6800,134069.123042296,133280.062262431,12.9,HFOC
367730:8794,96:96,05/19/23 17:58:57,STABLE BEAMS,6800,226912.609529636,224694.101707110,22.0,HFOC
367730:8794,97:97,05/19/23 17:59:20,STABLE BEAMS,6800,267786.490624566,264647.752501531,35.3,HFOC
367730:8794,98:98,05/19/23 17:59:43,STABLE BEAMS,6800,215303.750647368,213300.526028203,32.4,HFOC
367730:8794,99:99,05/19/23 18:00:07,STABLE BEAMS,6800,121103.617612792,120451.803473671,24.1,HFOC
367730:8794,100:100,05/19/23 18:00:30,STABLE BEAMS,6800,48926.388548039,48786.495434549,7.8,HFOC
367730:8794,101:101,05/19/23 18:00:53,STABLE BEAMS,6800,19372.189314432,19334.686327005,3.8,HFOC
367730:8794,102:102,05/19/23 18:01:16,STABLE BEAMS,6800,12686.602681049,12654.317018948,1.7,HFOC
367730:8794,105:105,05/19/23 18:02:26,STABLE BEAMS,6800,271830.248764776,268589.276558032,35.1,HFOC
367730:8794,106:106,05/19/23 18:02:50,STABLE BEAMS,6800,271738.485883020,268074.392732384,35.1,HFOC
367730:8794,110:110,05/19/23 18:04:23,STABLE BEAMS,6800,273492.029913247,270251.491286993,35.1,HFOC
367730:8794,111:111,05/19/23 18:04:46,STABLE BEAMS,6800,283208.596677264,279581.220334721,36.1,HFOC
367730:8794,112:112,05/19/23 18:05:10,STABLE BEAMS,6800,284802.743931380,281249.444582523,36.8,HFOC
367730:8794,113:113,05/19/23 18:05:33,STABLE BEAMS,6800,284717.149081762,281080.646569218,36.8,HFOC
367730:8794,114:114,05/19/23 18:05:56,STABLE BEAMS,6800,284474.481540704,280914.601558919,36.8,HFOC
367730:8794,115:115,05/19/23 18:06:20,STABLE BEAMS,6800,284315.334189928,280766.655037480,36.8,HFOC
367730:8794,116:116,05/19/23 18:06:43,STABLE BEAMS,6800,284367.305571835,280803.646912765,36.7,HFOC
367730:8794,117:117,05/19/23 18:07:06,STABLE BEAMS,6800,293418.923038949,289472.389496028,37.0,HFOC
367730:8794,118:118,05/19/23 18:07:29,STABLE BEAMS,6800,300070.301850010,295927.950769780,38.8,HFOC
367730:8794,119:119,05/19/23 18:07:53,STABLE BEAMS,6800,300046.879179214,295874.795200297,38.8,HFOC
367730:8794,120:120,05/19/23 18:08:16,STABLE BEAMS,6800,300034.083892590,295843.038925988,38.8,HFOC
367730:8794,121:121,05/19/23 18:08:39,STABLE BEAMS,6800,300031.421801622,295914.085518397,38.8,HFOC
367730:8794,122:122,05/19/23 18:09:03,STABLE BEAMS,6800,299919.215366632,295712.918157294,38.8,HFOC
367730:8794,123:123,05/19/23 18:09:26,STABLE BEAMS,6800,305559.011265140,301241.099714600,38.8,HFOC
367730:8794,124:124,05/19/23 18:09:49,STABLE BEAMS,6800,316986.141644960,312203.608970574,40.7,HFOC
367730:8794,125:125,05/19/23 18:10:13,STABLE BEAMS,6800,317297.946625622,312329.540792272,41.0,HFOC
367730:8794,128:128,05/19/23 18:11:23,STABLE BEAMS,6800,317467.087307379,302257.668802795,41.1,HFOC
367730:8794,129:129,05/19/23 18:11:46,STABLE BEAMS,6800,318843.015365512,304881.383235507,41.0,HFOC
367730:8794,130:130,05/19/23 18:12:09,STABLE BEAMS,6800,331492.162053665,311705.408669496,42.0,HFOC
367730:8794,131:131,05/19/23 18:12:33,STABLE BEAMS,6800,333618.725170358,317339.561028394,43.1,HFOC
367730:8794,132:132,05/19/23 18:12:56,STABLE BEAMS,6800,333479.725325920,316525.847001706,43.1,HFOC
367730:8794,133:133,05/19/23 18:13:19,STABLE BEAMS,6800,333402.962930487,256448.663839312,43.1,HFOC
367730:8794,134:134,05/19/23 18:13:42,STABLE BEAMS,6800,333247.459054478,312053.795255732,43.1,HFOC
367730:8794,135:135,05/19/23 18:14:06,STABLE BEAMS,6800,333404.102827583,324434.688491735,43.1,HFOC
367730:8794,136:136,05/19/23 18:14:29,STABLE BEAMS,6800,344434.334558872,335234.066584792,43.4,HFOC
367730:8794,137:137,05/19/23 18:14:52,STABLE BEAMS,6800,348913.577680185,335112.936783580,45.1,HFOC
367730:8794,138:138,05/19/23 18:15:16,STABLE BEAMS,6800,348640.086295981,267500.409088593,45.1,HFOC
367730:8794,139:139,05/19/23 18:15:39,STABLE BEAMS,6800,348512.513395437,334251.302788385,45.1,HFOC
367730:8794,140:140,05/19/23 18:16:02,STABLE BEAMS,6800,348375.336453922,331750.016567278,45.0,HFOC
367730:8794,141:141,05/19/23 18:16:26,STABLE BEAMS,6800,348368.371193140,338825.838043404,45.0,HFOC
367730:8794,142:142,05/19/23 18:16:49,STABLE BEAMS,6800,355925.320155762,338943.485214225,45.0,HFOC
367730:8794,143:143,05/19/23 18:17:12,STABLE BEAMS,6800,363970.884027114,305593.842231206,47.1,HFOC
367730:8794,144:144,05/19/23 18:17:36,STABLE BEAMS,6800,363737.731946066,307699.574835734,47.0,HFOC
367730:8794,145:145,05/19/23 18:17:59,STABLE BEAMS,6800,363577.584562869,347120.151238070,47.0,HFOC
367730:8794,146:146,05/19/23 18:18:22,STABLE BEAMS,6800,363327.037978490,342118.942476431,47.0,HFOC
367730:8794,147:147,05/19/23 18:18:45,STABLE BEAMS,6800,363322.576295379,348226.683615878,47.0,HFOC
367730:8794,148:148,05/19/23 18:19:09,STABLE BEAMS,6800,369355.356962613,357286.837490282,47.0,HFOC
367730:8794,149:149,05/19/23 18:19:32,STABLE BEAMS,6800,380917.069794239,361360.897312187,49.1,HFOC
367730:8794,150:150,05/19/23 18:19:55,STABLE BEAMS,6800,380796.965667305,362622.229580477,49.2,HFOC
367730:8794,151:151,05/19/23 18:20:19,STABLE BEAMS,6800,380480.426267417,364654.090326174,49.2,HFOC
367730:8794,152:152,05/19/23 18:20:42,STABLE BEAMS,6800,380390.255511869,369446.164102428,49.2,HFOC
367730:8794,153:153,05/19/23 18:21:05,STABLE BEAMS,6800,380200.808810476,363432.050707062,49.2,HFOC
367730:8794,154:154,05/19/23 18:21:29,STABLE BEAMS,6800,384394.154550970,373213.722145907,49.1,HFOC
367730:8794,155:155,05/19/23 18:21:52,STABLE BEAMS,6800,397001.460721794,376916.198825338,51.1,HFOC
367730:8794,156:156,05/19/23 18:22:15,STABLE BEAMS,6800,389874.099113174,372404.173755437,51.3,HFOC
367730:8794,157:157,05/19/23 18:22:39,STABLE BEAMS,6800,387682.522233692,371687.891791973,48.7,HFOC
367730:8794,158:158,05/19/23 18:23:02,STABLE BEAMS,6800,381639.088540429,372564.593874749,47.4,HFOC
367730:8794,159:159,05/19/23 18:23:25,STABLE BEAMS,6800,390082.303998475,375928.630677367,51.6,HFOC
367730:8794,160:160,05/19/23 18:23:49,STABLE BEAMS,6800,356317.367831171,348904.290665809,51.1,HFOC
367730:8794,161:161,05/19/23 18:24:12,STABLE BEAMS,6800,396579.272209065,381822.159743751,51.1,HFOC
367730:8794,162:162,05/19/23 18:24:35,STABLE BEAMS,6800,401023.982742284,385764.756096088,51.8,HFOC
367730:8794,163:163,05/19/23 18:24:58,STABLE BEAMS,6800,400790.555594044,382515.496907390,51.8,HFOC
367730:8794,164:164,05/19/23 18:25:22,STABLE BEAMS,6800,400613.766645678,381897.306702196,51.8,HFOC
367730:8794,165:165,05/19/23 18:25:45,STABLE BEAMS,6800,400444.581673440,389917.853445464,51.8,HFOC
367730:8794,166:166,05/19/23 18:26:08,STABLE BEAMS,6800,400120.461608202,383512.214536140,51.7,HFOC
367730:8794,167:167,05/19/23 18:26:32,STABLE BEAMS,6800,399994.347962428,389488.289402241,51.7,HFOC
367730:8794,169:169,05/19/23 18:27:18,STABLE BEAMS,6800,408843.837664341,397216.449043801,51.7,HFOC
367730:8794,170:170,05/19/23 18:27:42,STABLE BEAMS,6800,418784.064360173,400069.788636689,54.1,HFOC
367730:8794,171:171,05/19/23 18:28:05,STABLE BEAMS,6800,418561.609595635,400951.089936173,54.1,HFOC
367730:8794,172:172,05/19/23 18:28:28,STABLE BEAMS,6800,418402.532177197,400993.340723214,54.1,HFOC
367730:8794,173:173,05/19/23 18:28:52,STABLE BEAMS,6800,418272.775056655,394773.234635480,54.1,HFOC
367730:8794,174:174,05/19/23 18:29:15,STABLE BEAMS,6800,418147.115971073,233418.206225094,54.1,HFOC
367730:8794,175:175,05/19/23 18:29:38,STABLE BEAMS,6800,420672.055639688,318881.531765747,54.0,HFOC
367730:8794,176:176,05/19/23 18:30:02,STABLE BEAMS,6800,433986.016422226,376591.349132715,55.4,HFOC
367730:8794,177:177,05/19/23 18:30:25,STABLE BEAMS,6800,435614.174102986,79788.181176784,56.3,HFOC
367730:8794,178:178,05/19/23 18:30:48,STABLE BEAMS,6800,435381.294758054,420889.864565960,56.3,HFOC
367730:8794,179:179,05/19/23 18:31:11,STABLE BEAMS,6800,435104.705371312,414525.886680966,56.3,HFOC
367730:8794,180:180,05/19/23 18:31:35,STABLE BEAMS,6800,434959.376650361,376346.905310293,56.2,HFOC
367730:8794,181:181,05/19/23 18:31:58,STABLE BEAMS,6800,434859.214894911,335320.845621986,56.2,HFOC
367730:8794,182:182,05/19/23 18:32:21,STABLE BEAMS,6800,434720.578698627,420225.325538768,56.2,HFOC
367730:8794,183:183,05/19/23 18:32:45,STABLE BEAMS,6800,434458.514258316,420041.161059908,56.2,HFOC
367730:8794,184:184,05/19/23 18:33:08,STABLE BEAMS,6800,434179.423624982,420519.624124359,56.1,HFOC
367730:8794,185:185,05/19/23 18:33:31,STABLE BEAMS,6800,433946.952218683,414678.271574738,56.1,HFOC
367730:8794,186:186,05/19/23 18:33:55,STABLE BEAMS,6800,433828.941399709,420305.684787410,56.1,HFOC
367730:8794,187:187,05/19/23 18:34:18,STABLE BEAMS,6800,433633.667003551,414137.298325169,56.1,HFOC
367730:8794,188:188,05/19/23 18:34:41,STABLE BEAMS,6800,433415.221693010,419944.596157666,56.0,HFOC
367730:8794,189:189,05/19/23 18:35:05,STABLE BEAMS,6800,433171.959727087,414802.019176438,56.0,HFOC
367730:8794,190:190,05/19/23 18:35:28,STABLE BEAMS,6800,432916.496899404,419621.021564658,56.0,HFOC
367730:8794,191:191,05/19/23 18:35:51,STABLE BEAMS,6800,432677.151144362,337915.920431550,55.9,HFOC
367730:8794,192:192,05/19/23 18:36:15,STABLE BEAMS,6800,432202.604290793,418891.603977195,55.9,HFOC
367730:8794,193:193,05/19/23 18:36:38,STABLE BEAMS,6800,431858.861211745,418685.040170740,55.8,HFOC
367730:8794,194:194,05/19/23 18:37:01,STABLE BEAMS,6800,431781.007871852,413761.547215399,55.8,HFOC
367730:8794,195:195,05/19/23 18:37:25,STABLE BEAMS,6800,431806.731316541,418637.870809319,55.8,HFOC
367730:8794,196:196,05/19/23 18:37:48,STABLE BEAMS,6800,431717.131675081,418662.319154394,55.8,HFOC
367730:8794,197:197,05/19/23 18:38:11,STABLE BEAMS,6800,431595.022821148,418768.038199572,55.8,HFOC
367730:8794,198:198,05/19/23 18:38:34,STABLE BEAMS,6800,431411.723172192,412536.731282501,55.8,HFOC
367730:8794,199:199,05/19/23 18:38:58,STABLE BEAMS,6800,431179.480211528,418144.474859805,55.7,HFOC
367730:8794,200:200,05/19/23 18:39:21,STABLE BEAMS,6800,430976.876906435,412158.840243213,55.7,HFOC
367730:8794,201:201,05/19/23 18:39:44,STABLE BEAMS,6800,430856.362509789,417923.933910228,55.7,HFOC
367730:8794,202:202,05/19/23 18:40:08,STABLE BEAMS,6800,430696.464551928,417778.787013354,55.7,HFOC
367730:8794,203:203,05/19/23 18:40:31,STABLE BEAMS,6800,430576.633161109,415991.596204636,55.7,HFOC
367730:8794,204:204,05/19/23 18:40:54,STABLE BEAMS,6800,430612.007268328,345908.855557025,55.6,HFOC
367730:8794,205:205,05/19/23 18:41:17,STABLE BEAMS,6800,438909.553668048,401448.220272492,55.9,HFOC
367730:8794,206:206,05/19/23 18:41:41,STABLE BEAMS,6800,449303.701840140,427448.116814690,57.8,HFOC
367730:8794,207:207,05/19/23 18:42:04,STABLE BEAMS,6800,449595.722962617,421694.769449242,58.1,HFOC
367730:8794,208:208,05/19/23 18:42:28,STABLE BEAMS,6800,449303.429104025,336591.418283094,58.1,HFOC
367730:8794,209:209,05/19/23 18:42:51,STABLE BEAMS,6800,449038.497437890,433063.828016276,58.1,HFOC
367730:8794,210:210,05/19/23 18:43:14,STABLE BEAMS,6800,448756.628159692,432751.319050087,58.0,HFOC
367730:8794,211:211,05/19/23 18:43:37,STABLE BEAMS,6800,448391.031225279,432368.922037207,58.0,HFOC
367730:8794,212:212,05/19/23 18:44:01,STABLE BEAMS,6800,448104.562730373,432248.451931042,57.9,HFOC
367730:8794,213:213,05/19/23 18:44:24,STABLE BEAMS,6800,447794.375517778,432088.964242892,57.9,HFOC
367730:8794,214:214,05/19/23 18:44:48,STABLE BEAMS,6800,447560.857457499,431689.631949028,57.9,HFOC
367730:8794,215:215,05/19/23 18:45:11,STABLE BEAMS,6800,447296.925823786,174672.140577144,57.8,HFOC
367730:8794,216:216,05/19/23 18:45:34,STABLE BEAMS,6800,446847.146672965,382575.913784549,57.8,HFOC
367730:8794,217:217,05/19/23 18:45:57,STABLE BEAMS,6800,446534.453551621,431088.740672972,57.7,HFOC
367730:8794,218:218,05/19/23 18:46:21,STABLE BEAMS,6800,446705.461426781,431235.799053729,57.7,HFOC
367730:8794,219:219,05/19/23 18:46:44,STABLE BEAMS,6800,446434.655444323,430917.143035102,57.7,HFOC
367730:8794,220:220,05/19/23 18:47:07,STABLE BEAMS,6800,446046.248912603,430604.997717065,57.7,HFOC
367730:8794,221:221,05/19/23 18:47:30,STABLE BEAMS,6800,445844.328613336,430566.024425560,57.6,HFOC
367730:8794,222:222,05/19/23 18:47:54,STABLE BEAMS,6800,445611.265113249,430204.024344355,57.6,HFOC
367730:8794,223:223,05/19/23 18:48:17,STABLE BEAMS,6800,445342.144500118,430216.316118152,57.6,HFOC
367730:8794,224:224,05/19/23 18:48:40,STABLE BEAMS,6800,444738.295086199,429623.031149302,57.5,HFOC
367730:8794,225:225,05/19/23 18:49:04,STABLE BEAMS,6800,444571.431867556,429605.729889087,57.5,HFOC
367730:8794,226:226,05/19/23 18:49:27,STABLE BEAMS,6800,444266.571167975,429427.847665183,57.4,HFOC
367730:8794,227:227,05/19/23 18:49:50,STABLE BEAMS,6800,443490.895670552,428555.332198325,57.4,HFOC
367730:8794,228:228,05/19/23 18:50:14,STABLE BEAMS,6800,442556.688226920,421426.651199610,57.2,HFOC
367730:8794,229:229,05/19/23 18:50:37,STABLE BEAMS,6800,443051.177451972,331886.715637823,57.2,HFOC
367730:8794,230:230,05/19/23 18:51:00,STABLE BEAMS,6800,443294.621241972,428545.315556564,57.3,HFOC
367730:8794,231:231,05/19/23 18:51:24,STABLE BEAMS,6800,442907.079540155,428230.484836780,57.3,HFOC
367730:8794,232:232,05/19/23 18:51:47,STABLE BEAMS,6800,442560.513525763,427955.261461692,57.2,HFOC
367730:8794,233:233,05/19/23 18:52:10,STABLE BEAMS,6800,442817.113919464,413851.240099975,57.2,HFOC
367730:8794,234:234,05/19/23 18:52:34,STABLE BEAMS,6800,442803.136776341,416777.789525569,57.3,HFOC
367730:8794,235:235,05/19/23 18:52:57,STABLE BEAMS,6800,442605.950896301,421844.014381075,57.2,HFOC
367730:8794,236:236,05/19/23 18:53:20,STABLE BEAMS,6800,442445.279020575,422697.771664026,57.2,HFOC
367730:8794,237:237,05/19/23 18:53:43,STABLE BEAMS,6800,441963.447548551,411139.131193080,57.2,HFOC
367730:8794,238:238,05/19/23 18:54:07,STABLE BEAMS,6800,441726.696283217,420429.432389110,57.1,HFOC
367730:8794,239:239,05/19/23 18:54:30,STABLE BEAMS,6800,441799.589089328,427387.336289378,57.1,HFOC
367730:8794,240:240,05/19/23 18:54:53,STABLE BEAMS,6800,441624.667334364,333474.443103386,57.1,HFOC
367730:8794,241:241,05/19/23 18:55:17,STABLE BEAMS,6800,441232.708239915,426634.561301300,57.0,HFOC
367730:8794,242:242,05/19/23 18:55:40,STABLE BEAMS,6800,441084.603205179,421757.918349707,57.0,HFOC
367730:8794,243:243,05/19/23 18:56:03,STABLE BEAMS,6800,440635.826417857,419231.932027111,57.0,HFOC
367730:8794,244:244,05/19/23 18:56:27,STABLE BEAMS,6800,440151.307213008,406272.323059170,56.9,HFOC
367730:8794,245:245,05/19/23 18:56:50,STABLE BEAMS,6800,439287.123018585,349540.420846565,56.8,HFOC
367730:8794,246:246,05/19/23 18:57:13,STABLE BEAMS,6800,439203.122626254,410855.031073326,56.8,HFOC
367730:8794,247:247,05/19/23 18:57:37,STABLE BEAMS,6800,439173.620504280,425107.385915414,56.8,HFOC
367730:8794,248:248,05/19/23 18:58:00,STABLE BEAMS,6800,438635.924750247,418531.743825508,56.8,HFOC
367730:8794,249:249,05/19/23 18:58:23,STABLE BEAMS,6800,438040.635054399,424126.922892901,56.6,HFOC
367730:8794,250:250,05/19/23 18:58:46,STABLE BEAMS,6800,438378.550438682,424248.530565084,56.6,HFOC
367730:8794,251:251,05/19/23 18:59:10,STABLE BEAMS,6800,438698.754293039,424447.490395410,56.7,HFOC
367730:8794,252:252,05/19/23 18:59:33,STABLE BEAMS,6800,438518.869673214,416522.326697887,56.7,HFOC
367730:8794,253:253,05/19/23 18:59:56,STABLE BEAMS,6800,438206.495909543,419539.571371556,56.7,HFOC
367730:8794,254:254,05/19/23 19:00:20,STABLE BEAMS,6800,437436.967464557,423441.166394611,56.6,HFOC
367730:8794,255:255,05/19/23 19:00:43,STABLE BEAMS,6800,437244.881982974,323721.408956613,56.5,HFOC
367730:8794,256:256,05/19/23 19:01:07,STABLE BEAMS,6800,437757.945236778,423984.144371178,56.5,HFOC
367730:8794,257:257,05/19/23 19:01:30,STABLE BEAMS,6800,437537.404287201,423588.362308964,56.6,HFOC
367730:8794,258:258,05/19/23 19:01:53,STABLE BEAMS,6800,437196.756879612,423438.343459267,56.5,HFOC
367730:8794,259:259,05/19/23 19:02:16,STABLE BEAMS,6800,437007.767069487,377504.133970394,56.5,HFOC
367730:8794,260:260,05/19/23 19:02:40,STABLE BEAMS,6800,437000.072181321,252046.113181096,56.5,HFOC
367730:8794,261:261,05/19/23 19:03:03,STABLE BEAMS,6800,436699.444719216,423009.506712351,56.5,HFOC
367730:8794,262:262,05/19/23 19:03:26,STABLE BEAMS,6800,435981.409785167,422093.922250108,56.4,HFOC
367730:8794,263:263,05/19/23 19:03:50,STABLE BEAMS,6800,435922.039561987,422408.116585623,56.3,HFOC
367730:8794,264:264,05/19/23 19:04:13,STABLE BEAMS,6800,436025.844792205,397371.885318550,56.4,HFOC
367730:8794,265:265,05/19/23 19:04:36,STABLE BEAMS,6800,435520.110447336,348227.958715492,56.3,HFOC
367730:8794,266:266,05/19/23 19:04:59,STABLE BEAMS,6800,434795.793258331,421179.337820286,56.2,HFOC
367730:8794,267:267,05/19/23 19:05:23,STABLE BEAMS,6800,434978.908752133,421397.785461904,56.2,HFOC
367730:8794,268:268,05/19/23 19:05:46,STABLE BEAMS,6800,434994.116704390,421373.791677021,56.2,HFOC
367730:8794,269:269,05/19/23 19:06:09,STABLE BEAMS,6800,434587.497460992,416269.824339145,56.2,HFOC
367730:8794,270:270,05/19/23 19:06:33,STABLE BEAMS,6800,434097.971100802,421014.933888833,56.1,HFOC
367730:8794,271:271,05/19/23 19:06:56,STABLE BEAMS,6800,434267.839078866,421169.458712122,56.1,HFOC
367730:8794,272:272,05/19/23 19:07:19,STABLE BEAMS,6800,434233.054734357,421169.913272313,56.1,HFOC
367730:8794,273:273,05/19/23 19:07:43,STABLE BEAMS,6800,434018.388101102,420914.951626381,56.1,HFOC
367730:8794,274:274,05/19/23 19:08:06,STABLE BEAMS,6800,433751.680153603,420853.350561646,56.1,HFOC
367730:8794,275:275,05/19/23 19:08:29,STABLE BEAMS,6800,433177.332861659,420172.284192102,56.0,HFOC
367730:8794,276:276,05/19/23 19:08:53,STABLE BEAMS,6800,433002.592930772,420149.931486065,56.0,HFOC
367730:8794,277:277,05/19/23 19:09:16,STABLE BEAMS,6800,432904.067592011,420187.172786686,56.0,HFOC
367730:8794,278:278,05/19/23 19:09:39,STABLE BEAMS,6800,432572.982265991,419658.582222952,55.9,HFOC
367730:8794,279:279,05/19/23 19:10:03,STABLE BEAMS,6800,431900.338080921,419136.502359809,55.8,HFOC
367730:8794,280:280,05/19/23 19:10:26,STABLE BEAMS,6800,431903.025813746,418953.114129892,55.8,HFOC
367730:8794,281:281,05/19/23 19:10:49,STABLE BEAMS,6800,432012.066644940,419152.437608372,55.9,HFOC
367730:8794,282:282,05/19/23 19:11:12,STABLE BEAMS,6800,431693.820896024,418853.952406863,55.8,HFOC
367730:8794,283:283,05/19/23 19:11:36,STABLE BEAMS,6800,431161.176587813,418258.252441303,55.7,HFOC
367730:8794,284:284,05/19/23 19:11:59,STABLE BEAMS,6800,431248.184070642,418505.563489549,55.7,HFOC
367730:8794,285:285,05/19/23 19:12:22,STABLE BEAMS,6800,431445.185795528,418647.796539042,55.8,HFOC
367730:8794,286:286,05/19/23 19:12:46,STABLE BEAMS,6800,431131.038081570,418276.873091614,55.8,HFOC
367730:8794,287:287,05/19/23 19:13:09,STABLE BEAMS,6800,430896.154009639,417767.131623825,55.7,HFOC
367730:8794,288:288,05/19/23 19:13:32,STABLE BEAMS,6800,430828.907074216,418153.216401952,55.7,HFOC
367730:8794,289:289,05/19/23 19:13:56,STABLE BEAMS,6800,439378.545562968,425259.178715398,55.9,HFOC
367730:8794,290:290,05/19/23 19:14:19,STABLE BEAMS,6800,451272.551218969,434876.742269683,58.0,HFOC
367730:8794,291:291,05/19/23 19:14:42,STABLE BEAMS,6800,451683.221875766,435136.622489997,58.4,HFOC
367730:8794,292:292,05/19/23 19:15:06,STABLE BEAMS,6800,451402.035603395,435007.865401877,58.4,HFOC
367730:8794,293:293,05/19/23 19:15:29,STABLE BEAMS,6800,451185.683600814,434878.063990856,58.3,HFOC
367730:8794,294:294,05/19/23 19:15:52,STABLE BEAMS,6800,450995.418691075,434806.355372322,58.3,HFOC
367730:8794,295:295,05/19/23 19:16:16,STABLE BEAMS,6800,450747.876866117,434640.175159504,58.3,HFOC
367730:8794,296:296,05/19/23 19:16:39,STABLE BEAMS,6800,450180.450544475,433895.731443862,58.2,HFOC
367730:8794,297:297,05/19/23 19:17:02,STABLE BEAMS,6800,449941.107120510,433735.061899214,58.2,HFOC
367730:8794,298:298,05/19/23 19:17:25,STABLE BEAMS,6800,449774.698462058,433791.289829376,58.1,HFOC
367730:8794,299:299,05/19/23 19:17:49,STABLE BEAMS,6800,449539.770099647,433609.400482553,58.1,HFOC
367730:8794,300:300,05/19/23 19:18:12,STABLE BEAMS,6800,448750.982289005,432964.622002767,58.0,HFOC
367730:8794,301:301,05/19/23 19:18:35,STABLE BEAMS,6800,448801.837084595,432969.901894223,58.0,HFOC
367730:8794,302:302,05/19/23 19:18:59,STABLE BEAMS,6800,449037.175716717,433205.424681500,58.1,HFOC
367730:8794,303:303,05/19/23 19:19:22,STABLE BEAMS,6800,448713.011360999,432634.765154803,58.0,HFOC
367730:8794,304:304,05/19/23 19:19:45,STABLE BEAMS,6800,448316.317847324,432493.079908619,58.0,HFOC
367730:8794,305:305,05/19/23 19:20:09,STABLE BEAMS,6800,448248.296994037,432496.357404154,57.9,HFOC
367730:8794,306:306,05/19/23 19:20:32,STABLE BEAMS,6800,448237.688258488,432484.156542396,58.0,HFOC
367730:8794,307:307,05/19/23 19:20:55,STABLE BEAMS,6800,447678.912566954,432202.103109044,57.9,HFOC
367730:8794,308:308,05/19/23 19:21:19,STABLE BEAMS,6800,447311.040500505,431009.020139676,57.8,HFOC
367730:8794,309:309,05/19/23 19:21:42,STABLE BEAMS,6800,447487.782827312,425751.847368605,57.8,HFOC
367730:8794,310:310,05/19/23 19:22:05,STABLE BEAMS,6800,447502.853245972,419772.814364642,57.9,HFOC
367730:8794,311:311,05/19/23 19:22:28,STABLE BEAMS,6800,447180.782198214,425778.983446505,57.8,HFOC
367730:8794,312:312,05/19/23 19:22:52,STABLE BEAMS,6800,446917.079010135,426668.935376097,57.8,HFOC
367730:8794,313:313,05/19/23 19:23:15,STABLE BEAMS,6800,446789.051549400,396820.895427221,57.7,HFOC
367730:8794,314:314,05/19/23 19:23:38,STABLE BEAMS,6800,446615.223069974,291128.753219447,57.7,HFOC
367730:8794,315:315,05/19/23 19:24:02,STABLE BEAMS,6800,445877.017318807,416611.653603232,57.7,HFOC
367730:8794,316:316,05/19/23 19:24:25,STABLE BEAMS,6800,445756.092652450,424676.684306174,57.6,HFOC
367730:8794,317:317,05/19/23 19:24:48,STABLE BEAMS,6800,445414.125854767,430658.311799846,57.6,HFOC
367730:8794,318:318,05/19/23 19:25:12,STABLE BEAMS,6800,445089.185250106,425391.350832649,57.6,HFOC
367730:8794,319:319,05/19/23 19:25:35,STABLE BEAMS,6800,444243.395591436,423378.064115705,57.4,HFOC
367730:8794,320:320,05/19/23 19:25:58,STABLE BEAMS,6800,444052.857945583,423325.659153307,57.4,HFOC
367730:8794,321:321,05/19/23 19:26:22,STABLE BEAMS,6800,444241.803465227,429604.727525587,57.4,HFOC
367730:8794,322:322,05/19/23 19:26:45,STABLE BEAMS,6800,443823.074272110,420936.350921555,57.4,HFOC
367730:8794,323:323,05/19/23 19:27:08,STABLE BEAMS,6800,443081.726227926,423670.633041489,57.3,HFOC
367730:8794,324:324,05/19/23 19:27:32,STABLE BEAMS,6800,443423.285086976,428764.583737605,57.3,HFOC
367730:8794,325:325,05/19/23 19:27:55,STABLE BEAMS,6800,443886.950468881,421638.951788791,57.4,HFOC
367730:8794,326:326,05/19/23 19:28:18,STABLE BEAMS,6800,443562.604289086,420885.085856254,57.4,HFOC
367730:8794,327:327,05/19/23 19:28:41,STABLE BEAMS,6800,443449.554003895,352750.431676566,57.3,HFOC
367730:8794,328:328,05/19/23 19:29:05,STABLE BEAMS,6800,443176.200153286,388923.639394384,57.3,HFOC
367730:8794,329:329,05/19/23 19:29:28,STABLE BEAMS,6800,442992.991416368,199356.195624630,57.3,HFOC
367730:8794,330:330,05/19/23 19:29:51,STABLE BEAMS,6800,442792.255304678,414208.277316319,57.2,HFOC
367730:8794,331:331,05/19/23 19:30:15,STABLE BEAMS,6800,442664.819937730,427350.183569717,57.2,HFOC
367730:8794,332:332,05/19/23 19:30:38,STABLE BEAMS,6800,442238.258322850,427923.847855835,57.2,HFOC
367730:8794,333:333,05/19/23 19:31:01,STABLE BEAMS,6800,441988.168629740,427829.101194359,57.1,HFOC
367730:8794,334:334,05/19/23 19:31:25,STABLE BEAMS,6800,441249.282203825,427147.442731028,57.1,HFOC
367730:8794,335:335,05/19/23 19:31:48,STABLE BEAMS,6800,440740.678302054,426866.848552444,57.0,HFOC
367730:8794,336:336,05/19/23 19:32:11,STABLE BEAMS,6800,439093.079431562,425413.841072283,56.8,HFOC
367730:8794,337:337,05/19/23 19:32:35,STABLE BEAMS,6800,438784.850324407,425298.925924767,56.7,HFOC
367730:8794,338:338,05/19/23 19:32:58,STABLE BEAMS,6800,438746.513417170,425097.415895212,56.7,HFOC
367730:8794,339:339,05/19/23 19:33:21,STABLE BEAMS,6800,437896.534811504,424390.626080979,56.7,HFOC
367730:8794,340:340,05/19/23 19:33:44,STABLE BEAMS,6800,436324.924418580,423148.963448058,56.4,HFOC
367730:8794,341:341,05/19/23 19:34:08,STABLE BEAMS,6800,436706.137243883,407979.473976919,56.4,HFOC
367730:8794,342:342,05/19/23 19:34:31,STABLE BEAMS,6800,438007.351924061,255151.978443505,56.6,HFOC
367730:8794,343:343,05/19/23 19:34:55,STABLE BEAMS,6800,437977.577065972,424378.287685625,56.6,HFOC
367730:8794,344:344,05/19/23 19:35:18,STABLE BEAMS,6800,438305.566720534,424781.627102409,56.7,HFOC
367730:8794,345:345,05/19/23 19:35:41,STABLE BEAMS,6800,438570.500717747,425050.020419234,56.6,HFOC
367730:8794,346:346,05/19/23 19:36:04,STABLE BEAMS,6800,438680.998472631,425128.738589030,56.7,HFOC
367730:8794,347:347,05/19/23 19:36:28,STABLE BEAMS,6800,438851.913104675,425076.063221596,56.7,HFOC
367730:8794,348:348,05/19/23 19:36:51,STABLE BEAMS,6800,438810.163499384,331119.508946431,56.7,HFOC
367730:8794,349:349,05/19/23 19:37:14,STABLE BEAMS,6800,438603.189423218,425164.024115288,56.7,HFOC
367730:8794,350:350,05/19/23 19:37:38,STABLE BEAMS,6800,438306.659996071,424840.223407724,56.7,HFOC
367730:8794,351:351,05/19/23 19:38:01,STABLE BEAMS,6800,437726.895279075,424211.242642904,56.6,HFOC
367730:8794,352:352,05/19/23 19:38:24,STABLE BEAMS,6800,437473.891738583,424220.667190877,56.6,HFOC
367730:8794,353:353,05/19/23 19:38:48,STABLE BEAMS,6800,438249.658148044,424720.026037674,56.6,HFOC
367730:8794,354:354,05/19/23 19:39:11,STABLE BEAMS,6800,437950.123961477,424408.062543714,56.6,HFOC
367730:8794,355:355,05/19/23 19:39:34,STABLE BEAMS,6800,437580.792640259,424281.356804151,56.6,HFOC
367730:8794,356:356,05/19/23 19:39:57,STABLE BEAMS,6800,437427.041734835,423994.753106727,56.5,HFOC
367730:8794,357:357,05/19/23 19:40:21,STABLE BEAMS,6800,437500.389101137,424055.943901751,56.6,HFOC
367730:8794,358:358,05/19/23 19:40:44,STABLE BEAMS,6800,437221.433670321,423941.028754235,56.5,HFOC
367730:8794,359:359,05/19/23 19:41:07,STABLE BEAMS,6800,436958.094130396,423606.754513640,56.5,HFOC
367730:8794,360:360,05/19/23 19:41:31,STABLE BEAMS,6800,436563.724701393,423342.324029255,56.5,HFOC
367730:8794,361:361,05/19/23 19:41:54,STABLE BEAMS,6800,436152.690396442,422895.230280181,56.4,HFOC
367730:8794,362:362,05/19/23 19:42:17,STABLE BEAMS,6800,435346.918352179,422094.150695742,56.4,HFOC
367730:8794,363:363,05/19/23 19:42:41,STABLE BEAMS,6800,434706.920913177,421432.250448740,56.2,HFOC
367730:8794,364:364,05/19/23 19:43:04,STABLE BEAMS,6800,434926.778856929,421873.152854896,56.2,HFOC
367730:8794,365:365,05/19/23 19:43:27,STABLE BEAMS,6800,434794.518158717,421797.618937518,56.2,HFOC
367730:8794,366:366,05/19/23 19:43:51,STABLE BEAMS,6800,434139.084321824,421104.398327775,56.2,HFOC
367730:8794,367:367,05/19/23 19:44:14,STABLE BEAMS,6800,433817.148476584,420716.628180323,56.1,HFOC
367730:8794,368:368,05/19/23 19:44:37,STABLE BEAMS,6800,434601.975785864,421049.398875668,56.1,HFOC
367730:8794,369:369,05/19/23 19:45:01,STABLE BEAMS,6800,434510.919220713,421357.583692343,56.2,HFOC
367730:8794,370:370,05/19/23 19:45:24,STABLE BEAMS,6800,434272.801943727,328004.104913232,56.1,HFOC
367730:8794,371:371,05/19/23 19:45:47,STABLE BEAMS,6800,434076.299069513,421172.144113869,56.1,HFOC
367730:8794,372:372,05/19/23 19:46:10,STABLE BEAMS,6800,433540.332975286,420631.807248569,56.1,HFOC
367730:8794,373:373,05/19/23 19:46:34,STABLE BEAMS,6800,433580.718900001,420417.184905794,56.0,HFOC
367730:8794,374:374,05/19/23 19:46:57,STABLE BEAMS,6800,433719.126650650,420696.685808839,56.1,HFOC
367730:8794,375:375,05/19/23 19:47:20,STABLE BEAMS,6800,433569.837428338,420418.504295889,56.0,HFOC
367730:8794,376:376,05/19/23 19:47:44,STABLE BEAMS,6800,433343.832432149,420559.280421690,56.0,HFOC
367730:8794,377:377,05/19/23 19:48:07,STABLE BEAMS,6800,432982.832383366,420055.093912551,56.0,HFOC
367730:8794,378:378,05/19/23 19:48:30,STABLE BEAMS,6800,432534.099886525,419782.602560768,55.9,HFOC
367730:8794,379:379,05/19/23 19:48:54,STABLE BEAMS,6800,432319.521834230,419603.219122693,55.9,HFOC
367730:8794,380:380,05/19/23 19:49:17,STABLE BEAMS,6800,431982.790637522,419181.851149386,55.9,HFOC
367730:8794,381:381,05/19/23 19:49:40,STABLE BEAMS,6800,431724.187847901,419022.363461236,55.8,HFOC
367730:8794,382:382,05/19/23 19:50:04,STABLE BEAMS,6800,431479.834937517,417964.226591827,55.8,HFOC
367730:8794,383:383,05/19/23 19:50:27,STABLE BEAMS,6800,437318.000903641,339168.215110799,55.8,HFOC
367730:8794,384:384,05/19/23 19:50:50,STABLE BEAMS,6800,452507.614570340,436144.767062640,57.8,HFOC
367730:8794,385:385,05/19/23 19:51:14,STABLE BEAMS,6800,454248.181489866,437471.159715277,58.7,HFOC
367730:8794,386:386,05/19/23 19:51:37,STABLE BEAMS,6800,453919.007647729,437382.149836527,58.7,HFOC
367730:8794,387:387,05/19/23 19:52:00,STABLE BEAMS,6800,453790.935896514,427193.427904873,58.7,HFOC
367730:8794,388:388,05/19/23 19:52:23,STABLE BEAMS,6800,453327.132981012,425565.407757710,58.6,HFOC
367730:8794,389:389,05/19/23 19:52:47,STABLE BEAMS,6800,453176.888016758,428233.125948048,58.6,HFOC
367730:8794,390:390,05/19/23 19:53:10,STABLE BEAMS,6800,453241.857489067,430571.670296248,58.6,HFOC
367730:8794,391:391,05/19/23 19:53:33,STABLE BEAMS,6800,453180.939430158,419537.748468634,58.6,HFOC
367730:8794,392:392,05/19/23 19:53:57,STABLE BEAMS,6800,452570.807761284,436449.718674260,58.6,HFOC
367730:8794,393:393,05/19/23 19:54:20,STABLE BEAMS,6800,452241.680540705,424107.845351321,58.5,HFOC
367730:8794,394:394,05/19/23 19:54:43,STABLE BEAMS,6800,451628.588402891,435871.093854359,58.4,HFOC
367730:8794,395:395,05/19/23 19:55:07,STABLE BEAMS,6800,451510.941232070,427203.990018863,58.4,HFOC
367730:8794,396:396,05/19/23 19:55:30,STABLE BEAMS,6800,451066.306770187,435352.746046943,58.3,HFOC
367730:8794,397:397,05/19/23 19:55:53,STABLE BEAMS,6800,450463.459719768,428593.303126330,58.3,HFOC
367730:8794,398:398,05/19/23 19:56:17,STABLE BEAMS,6800,450432.864322256,434807.082668628,58.2,HFOC
367730:8794,399:399,05/19/23 19:56:40,STABLE BEAMS,6800,450102.916562254,433731.327512409,58.2,HFOC
367730:8794,400:400,05/19/23 19:57:03,STABLE BEAMS,6800,449245.014622787,341269.304208139,58.1,HFOC
367730:8794,401:401,05/19/23 19:57:26,STABLE BEAMS,6800,449519.962930682,433375.064213930,58.0,HFOC
367730:8794,402:402,05/19/23 19:57:50,STABLE BEAMS,6800,450122.038394314,434353.797576637,58.2,HFOC
367730:8794,403:403,05/19/23 19:58:13,STABLE BEAMS,6800,449880.506088196,434196.678263639,58.2,HFOC
367730:8794,404:404,05/19/23 19:58:36,STABLE BEAMS,6800,449672.622891647,339852.332861321,58.1,HFOC
367730:8794,405:405,05/19/23 19:59:00,STABLE BEAMS,6800,449693.245937878,388140.497454430,58.1,HFOC
367730:8794,406:406,05/19/23 19:59:23,STABLE BEAMS,6800,449655.048895316,384435.950777819,58.1,HFOC
367730:8794,407:407,05/19/23 19:59:46,STABLE BEAMS,6800,449415.064424927,433679.561265357,58.1,HFOC
367730:8794,408:408,05/19/23 20:00:10,STABLE BEAMS,6800,449127.276539927,433701.506032761,58.1,HFOC
367730:8794,409:409,05/19/23 20:00:33,STABLE BEAMS,6800,449171.667256485,427573.456542600,58.0,HFOC
367730:8794,410:410,05/19/23 20:00:56,STABLE BEAMS,6800,449032.669743126,433645.823574829,58.0,HFOC
367730:8794,411:411,05/19/23 20:01:20,STABLE BEAMS,6800,448470.796049055,433054.268265785,58.0,HFOC
367730:8794,412:412,05/19/23 20:01:43,STABLE BEAMS,6800,448247.842433845,432769.804497878,57.9,HFOC
367730:8794,413:413,05/19/23 20:02:06,STABLE BEAMS,6800,448261.637752891,432797.758784123,58.0,HFOC
367730:8794,414:414,05/19/23 20:02:30,STABLE BEAMS,6800,447971.208756624,432275.814123499,57.9,HFOC
367730:8794,415:415,05/19/23 20:02:53,STABLE BEAMS,6800,447524.024095512,431895.375216060,57.9,HFOC
367730:8794,416:416,05/19/23 20:03:16,STABLE BEAMS,6800,447417.032281797,431665.547252106,57.8,HFOC
367730:8794,417:417,05/19/23 20:03:39,STABLE BEAMS,6800,447337.083302867,431579.222775104,57.8,HFOC
367730:8794,418:418,05/19/23 20:04:03,STABLE BEAMS,6800,446859.939628511,431397.426671396,57.8,HFOC
367730:8794,419:419,05/19/23 20:04:26,STABLE BEAMS,6800,446212.520037458,430788.933750290,57.7,HFOC
367730:8794,420:420,05/19/23 20:04:49,STABLE BEAMS,6800,446418.265635568,430993.630363343,57.7,HFOC
367730:8794,421:421,05/19/23 20:05:13,STABLE BEAMS,6800,446340.228140520,430777.140827165,57.7,HFOC
367730:8794,422:422,05/19/23 20:05:36,STABLE BEAMS,6800,445706.146977244,334627.098188636,57.7,HFOC
367730:8794,423:423,05/19/23 20:05:59,STABLE BEAMS,6800,445182.384075853,411274.396650712,57.6,HFOC
367730:8794,424:424,05/19/23 20:06:23,STABLE BEAMS,6800,445421.638918857,430583.369976257,57.5,HFOC
367730:8794,425:425,05/19/23 20:06:46,STABLE BEAMS,6800,445315.691428044,430490.674663338,57.6,HFOC
367730:8794,426:426,05/19/23 20:07:09,STABLE BEAMS,6800,444598.111054186,429911.502040129,57.5,HFOC
367730:8794,427:427,05/19/23 20:07:33,STABLE BEAMS,6800,444137.177695587,429521.773787236,57.4,HFOC
367730:8794,428:428,05/19/23 20:07:56,STABLE BEAMS,6800,444638.494647824,430016.673281999,57.4,HFOC
367730:8794,429:429,05/19/23 20:08:19,STABLE BEAMS,6800,444612.134818867,430107.457111035,57.5,HFOC
367730:8794,430:430,05/19/23 20:08:42,STABLE BEAMS,6800,444372.061767518,336763.358589416,57.5,HFOC
367730:8794,431:431,05/19/23 20:09:06,STABLE BEAMS,6800,444034.510031387,429533.883736956,57.4,HFOC
367730:8794,432:432,05/19/23 20:09:29,STABLE BEAMS,6800,443301.176233043,428838.614109733,57.3,HFOC
367730:8794,433:433,05/19/23 20:09:52,STABLE BEAMS,6800,443072.940395299,428909.546479325,57.3,HFOC
367730:8794,434:434,05/19/23 20:10:16,STABLE BEAMS,6800,443253.370487354,428515.769144110,57.3,HFOC
367730:8794,435:435,05/19/23 20:10:39,STABLE BEAMS,6800,442814.927368388,428784.435197050,57.3,HFOC
367730:8794,436:436,05/19/23 20:11:02,STABLE BEAMS,6800,441980.702187209,428072.999544551,57.1,HFOC
367730:8794,437:437,05/19/23 20:11:26,STABLE BEAMS,6800,442103.948607159,427905.954501831,57.1,HFOC
367730:8794,438:438,05/19/23 20:11:49,STABLE BEAMS,6800,442331.548060635,428346.173902161,57.2,HFOC
367730:8794,439:439,05/19/23 20:12:12,STABLE BEAMS,6800,442357.499950959,428226.433423380,57.2,HFOC
367730:8794,440:440,05/19/23 20:12:36,STABLE BEAMS,6800,442041.209976406,428041.357493060,57.2,HFOC
367730:8794,441:441,05/19/23 20:12:59,STABLE BEAMS,6800,441731.659148079,427781.388691786,57.1,HFOC
367730:8794,442:442,05/19/23 20:13:22,STABLE BEAMS,6800,441489.900727404,427629.276534129,57.1,HFOC
367730:8794,443:443,05/19/23 20:13:46,STABLE BEAMS,6800,441627.944829900,427532.800212847,57.1,HFOC
367730:8794,444:444,05/19/23 20:14:09,STABLE BEAMS,6800,441588.971538395,354285.894044407,57.1,HFOC
367730:8794,445:445,05/19/23 20:14:32,STABLE BEAMS,6800,441004.563314210,352091.037338311,57.1,HFOC
367730:8794,446:446,05/19/23 20:14:55,STABLE BEAMS,6800,440759.527398000,408477.604345659,57.0,HFOC
367730:8794,447:447,05/19/23 20:15:19,STABLE BEAMS,6800,440932.854695676,426772.878139911,57.0,HFOC
367730:8794,448:448,05/19/23 20:15:42,STABLE BEAMS,6800,440794.722012219,426997.836482120,57.0,HFOC
367730:8794,449:449,05/19/23 20:16:05,STABLE BEAMS,6800,440275.145726747,426507.079312795,56.9,HFOC
367730:8794,450:450,05/19/23 20:16:29,STABLE BEAMS,6800,440001.789545061,318930.020517263,56.9,HFOC
367730:8794,451:451,05/19/23 20:16:52,STABLE BEAMS,6800,439671.888406617,426028.935606018,56.9,HFOC
367730:8794,452:452,05/19/23 20:17:15,STABLE BEAMS,6800,439269.504731774,425768.328089398,56.8,HFOC
367730:8794,453:453,05/19/23 20:17:39,STABLE BEAMS,6800,438530.023880993,425033.630610479,56.7,HFOC
367730:8794,454:454,05/19/23 20:18:02,STABLE BEAMS,6800,438318.588121715,425095.003229579,56.7,HFOC
367730:8794,455:455,05/19/23 20:18:25,STABLE BEAMS,6800,438334.569991836,425015.508810840,56.7,HFOC
367730:8794,456:456,05/19/23 20:18:49,STABLE BEAMS,6800,437698.029541369,424400.276743509,56.6,HFOC
367730:8794,457:457,05/19/23 20:19:12,STABLE BEAMS,6800,436881.152241963,417078.598811750,56.5,HFOC
367730:8794,458:458,05/19/23 20:19:35,STABLE BEAMS,6800,436721.072460025,423313.912851741,56.4,HFOC
367730:8794,459:459,05/19/23 20:19:59,STABLE BEAMS,6800,436811.219904793,423653.376071754,56.5,HFOC
367730:8794,460:460,05/19/23 20:20:22,STABLE BEAMS,6800,436272.612699299,423188.617414311,56.4,HFOC
367730:8794,461:461,05/19/23 20:20:45,STABLE BEAMS,6800,435957.779648437,422931.152190708,56.4,HFOC
367730:8794,462:462,05/19/23 20:21:08,STABLE BEAMS,6800,436478.038939736,423401.966988549,56.3,HFOC
367730:8794,463:463,05/19/23 20:21:32,STABLE BEAMS,6800,436854.016164063,423684.654475092,56.5,HFOC
367730:8794,464:464,05/19/23 20:21:55,STABLE BEAMS,6800,437016.599523672,409934.891684855,56.5,HFOC
367730:8794,465:465,05/19/23 20:22:18,STABLE BEAMS,6800,437078.701770157,417541.672099867,56.5,HFOC
367730:8794,466:466,05/19/23 20:22:42,STABLE BEAMS,6800,437032.352948159,417905.903022628,56.5,HFOC
367730:8794,467:467,05/19/23 20:23:05,STABLE BEAMS,6800,436874.685831853,417693.283075774,56.5,HFOC
367730:8794,468:468,05/19/23 20:23:28,STABLE BEAMS,6800,436392.215644483,412424.956096924,56.4,HFOC
367730:8794,469:469,05/19/23 20:23:52,STABLE BEAMS,6800,436211.149168160,423237.789171653,56.4,HFOC
367730:8794,470:470,05/19/23 20:24:15,STABLE BEAMS,6800,435764.008797529,354593.806124966,56.3,HFOC
367730:8794,471:471,05/19/23 20:24:38,STABLE BEAMS,6800,435460.285663965,383204.439989176,56.3,HFOC
367730:8794,472:472,05/19/23 20:25:02,STABLE BEAMS,6800,434266.109419060,408647.518945281,56.2,HFOC
367730:8794,473:473,05/19/23 20:25:25,STABLE BEAMS,6800,434459.015440065,421521.031881855,56.1,HFOC
367730:8794,474:474,05/19/23 20:25:48,STABLE BEAMS,6800,434953.777401232,415717.102456931,56.2,HFOC
367730:8794,475:475,05/19/23 20:26:11,STABLE BEAMS,6800,434813.684281257,422083.541960194,56.2,HFOC
367730:8794,476:476,05/19/23 20:26:35,STABLE BEAMS,6800,434474.813155032,416800.326386761,56.2,HFOC
367730:8794,477:477,05/19/23 20:26:58,STABLE BEAMS,6800,434453.187745301,421648.285424725,56.1,HFOC
367730:8794,478:478,05/19/23 20:27:21,STABLE BEAMS,6800,434474.449506879,421686.393886327,56.2,HFOC
367730:8794,479:479,05/19/23 20:27:45,STABLE BEAMS,6800,434201.459304424,413207.051382899,56.1,HFOC
367730:8794,480:480,05/19/23 20:28:08,STABLE BEAMS,6800,433998.809377773,421115.279799438,56.1,HFOC
367730:8794,481:481,05/19/23 20:28:31,STABLE BEAMS,6800,433800.805289387,420897.149184415,56.1,HFOC
367730:8794,482:482,05/19/23 20:28:55,STABLE BEAMS,6800,433544.113983649,420723.092259355,56.1,HFOC
367730:8794,483:483,05/19/23 20:29:18,STABLE BEAMS,6800,433347.109927685,414552.612489155,56.0,HFOC
367730:8794,484:484,05/19/23 20:29:41,STABLE BEAMS,6800,433095.971249518,420436.579473969,56.0,HFOC
367730:8794,485:485,05/19/23 20:30:05,STABLE BEAMS,6800,439066.080887258,425538.180767771,56.0,HFOC
367730:8794,486:486,05/19/23 20:30:28,STABLE BEAMS,6800,452154.992415549,334795.374040490,58.0,HFOC
367730:8794,487:487,05/19/23 20:30:51,STABLE BEAMS,6800,452668.922830334,78457.156206133,58.5,HFOC
367730:8794,488:488,05/19/23 20:31:15,STABLE BEAMS,6800,452416.784119745,163457.777934517,58.5,HFOC
367730:8794,489:489,05/19/23 20:31:38,STABLE BEAMS,6800,452206.667750562,230101.701732727,58.5,HFOC
367730:8794,490:490,05/19/23 20:32:01,STABLE BEAMS,6800,451552.373810765,199052.427035047,58.4,HFOC
367730:8794,491:491,05/19/23 20:32:24,STABLE BEAMS,6800,451304.468337653,113150.578419457,58.3,HFOC
367730:8794,492:492,05/19/23 20:32:48,STABLE BEAMS,6800,451981.800320392,309122.830768585,58.4,HFOC
367730:8794,493:493,05/19/23 20:33:11,STABLE BEAMS,6800,451875.491512504,435816.548962444,58.4,HFOC
367730:8794,494:494,05/19/23 20:33:34,STABLE BEAMS,6800,451668.743550894,435710.559512229,58.4,HFOC
367730:8794,495:495,05/19/23 20:33:58,STABLE BEAMS,6800,451452.755196466,429853.726274237,58.4,HFOC
367730:8794,496:496,05/19/23 20:34:21,STABLE BEAMS,6800,450891.704372896,435172.908048676,58.3,HFOC
367730:8794,497:497,05/19/23 20:34:44,STABLE BEAMS,6800,450803.377499973,435100.653957912,58.3,HFOC
367730:8794,498:498,05/19/23 20:35:08,STABLE BEAMS,6800,450820.406024074,435094.735351110,58.3,HFOC
367730:8794,499:499,05/19/23 20:35:31,STABLE BEAMS,6800,450461.865262481,434708.785775502,58.2,HFOC
367730:8794,500:500,05/19/23 20:35:54,STABLE BEAMS,6800,450023.240319438,434423.137820019,58.2,HFOC
367730:8794,501:501,05/19/23 20:36:18,STABLE BEAMS,6800,449845.449007573,432365.735453710,58.2,HFOC
367730:8794,502:502,05/19/23 20:36:41,STABLE BEAMS,6800,449827.511363089,429686.452785882,58.1,HFOC
367730:8794,503:503,05/19/23 20:37:04,STABLE BEAMS,6800,449297.372963626,433899.738566782,58.1,HFOC
367730:8794,504:504,05/19/23 20:37:28,STABLE BEAMS,6800,448875.046917300,433563.461930266,58.0,HFOC
367730:8794,505:505,05/19/23 20:37:51,STABLE BEAMS,6800,448860.843659621,433519.117835266,58.0,HFOC
367730:8794,506:506,05/19/23 20:38:14,STABLE BEAMS,6800,448734.499237134,433378.751979176,58.0,HFOC
367730:8794,507:507,05/19/23 20:38:37,STABLE BEAMS,6800,448864.256357675,433448.138844116,58.0,HFOC
367730:8794,508:508,05/19/23 20:39:01,STABLE BEAMS,6800,448701.446883509,433238.066765413,58.0,HFOC
367730:8794,509:509,05/19/23 20:39:24,STABLE BEAMS,6800,448352.922763677,433171.731281452,58.0,HFOC
367730:8794,510:510,05/19/23 20:39:47,STABLE BEAMS,6800,448186.150457072,433021.852296429,57.9,HFOC
367730:8794,511:511,05/19/23 20:40:11,STABLE BEAMS,6800,448081.298572875,432921.459764266,57.9,HFOC
367730:8794,512:512,05/19/23 20:40:34,STABLE BEAMS,6800,447782.673506691,432598.661420200,57.9,HFOC
367730:8794,513:513,05/19/23 20:40:57,STABLE BEAMS,6800,447084.716146643,432277.364290306,57.8,HFOC
367730:8794,514:514,05/19/23 20:41:21,STABLE BEAMS,6800,446846.053397427,432109.088438452,57.8,HFOC
367730:8794,515:515,05/19/23 20:41:44,STABLE BEAMS,6800,447278.624531148,432388.272314902,57.8,HFOC
367730:8794,516:516,05/19/23 20:42:07,STABLE BEAMS,6800,446218.711380376,431684.986110762,57.8,HFOC
367730:8794,517:517,05/19/23 20:42:31,STABLE BEAMS,6800,445006.597490986,430451.838905429,57.5,HFOC
367730:8794,518:518,05/19/23 20:42:54,STABLE BEAMS,6800,445177.465501472,430701.881976981,57.5,HFOC
367730:8794,519:519,05/19/23 20:43:17,STABLE BEAMS,6800,444703.328917614,430393.060776038,57.5,HFOC
367730:8794,520:520,05/19/23 20:43:40,STABLE BEAMS,6800,444524.490951769,430368.929457558,57.5,HFOC
367730:8794,521:521,05/19/23 20:44:04,STABLE BEAMS,6800,444114.731746433,429751.741615864,57.4,HFOC
367730:8794,522:522,05/19/23 20:44:27,STABLE BEAMS,6800,444391.136978020,430118.385204257,57.4,HFOC
367730:8794,523:523,05/19/23 20:44:50,STABLE BEAMS,6800,444525.675139346,430115.925917067,57.5,HFOC
367730:8794,524:524,05/19/23 20:45:14,STABLE BEAMS,6800,444554.268140936,430150.710261575,57.4,HFOC
367730:8794,525:525,05/19/23 20:45:37,STABLE BEAMS,6800,444551.172469478,430108.277650458,57.5,HFOC
367730:8794,526:526,05/19/23 20:46:00,STABLE BEAMS,6800,444513.383365549,329806.457052648,57.4,HFOC
367730:8794,527:527,05/19/23 20:46:24,STABLE BEAMS,6800,444315.924749393,429847.761045876,57.4,HFOC
367730:8794,528:528,05/19/23 20:46:47,STABLE BEAMS,6800,444374.064163439,429771.499832192,57.4,HFOC
367730:8794,529:529,05/19/23 20:47:10,STABLE BEAMS,6800,444069.886469684,429614.107783079,57.4,HFOC
367730:8794,530:530,05/19/23 20:47:34,STABLE BEAMS,6800,443917.865224066,429727.155737193,57.4,HFOC
367730:8794,531:531,05/19/23 20:47:57,STABLE BEAMS,6800,444212.755903444,429784.521233373,57.4,HFOC
367730:8794,532:532,05/19/23 20:48:20,STABLE BEAMS,6800,443323.668803755,429149.803685828,57.4,HFOC
367730:8794,533:533,05/19/23 20:48:44,STABLE BEAMS,6800,442882.447039926,428704.304394042,57.3,HFOC
367730:8794,534:534,05/19/23 20:49:07,STABLE BEAMS,6800,442412.499403065,161627.654032256,57.2,HFOC
367730:8794,535:535,05/19/23 20:49:30,STABLE BEAMS,6800,441377.808515232,427273.239350207,57.1,HFOC
367730:8794,536:536,05/19/23 20:49:53,STABLE BEAMS,6800,441239.675831776,427263.269330005,57.0,HFOC
367730:8794,537:537,05/19/23 20:50:17,STABLE BEAMS,6800,441762.984172975,427637.015712776,57.1,HFOC
367730:8794,538:538,05/19/23 20:50:40,STABLE BEAMS,6800,441614.422246969,427679.902884085,57.1,HFOC
367730:8794,539:539,05/19/23 20:51:03,STABLE BEAMS,6800,441216.045695046,427384.056462765,57.1,HFOC
367730:8794,540:540,05/19/23 20:51:27,STABLE BEAMS,6800,441002.106358097,427180.178058057,57.0,HFOC
367730:8794,541:541,05/19/23 20:51:50,STABLE BEAMS,6800,441400.119261867,421421.506510672,57.0,HFOC
367730:8794,542:542,05/19/23 20:52:13,STABLE BEAMS,6800,441329.002737121,418814.067663897,57.1,HFOC
367730:8794,543:543,05/19/23 20:52:37,STABLE BEAMS,6800,440838.564925469,422149.786532117,57.0,HFOC
367730:8794,544:544,05/19/23 20:53:00,STABLE BEAMS,6800,440668.377589732,396168.193613634,57.0,HFOC
367730:8794,545:545,05/19/23 20:53:23,STABLE BEAMS,6800,440538.576178711,421883.579766368,57.0,HFOC
367730:8794,546:546,05/19/23 20:53:47,STABLE BEAMS,6800,440644.430426407,420279.688606606,56.9,HFOC
367730:8794,547:547,05/19/23 20:54:10,STABLE BEAMS,6800,439276.197256441,324969.537999645,56.8,HFOC
367730:8794,548:548,05/19/23 20:54:33,STABLE BEAMS,6800,439091.669129429,425202.678049120,56.7,HFOC
367730:8794,549:549,05/19/23 20:54:56,STABLE BEAMS,6800,438931.134787299,419435.628607742,56.8,HFOC
367730:8794,550:550,05/19/23 20:55:20,STABLE BEAMS,6800,438401.952129777,417700.887051902,56.7,HFOC
367730:8794,551:551,05/19/23 20:55:43,STABLE BEAMS,6800,437996.607985994,424585.124228195,56.6,HFOC
367730:8794,552:552,05/19/23 20:56:06,STABLE BEAMS,6800,438463.597484993,418838.061448780,56.6,HFOC
367730:8794,553:553,05/19/23 20:56:30,STABLE BEAMS,6800,438557.388404527,425048.062313793,56.7,HFOC
367730:8794,554:554,05/19/23 20:56:53,STABLE BEAMS,6800,438210.913302174,417606.916639369,56.7,HFOC
367730:8794,555:555,05/19/23 20:57:16,STABLE BEAMS,6800,437935.964994278,355382.796739386,56.6,HFOC
367730:8794,556:556,05/19/23 20:57:40,STABLE BEAMS,6800,437644.214276838,405856.006531685,56.6,HFOC
367730:8794,557:557,05/19/23 20:58:03,STABLE BEAMS,6800,437386.066047409,424165.439293136,56.6,HFOC
367730:8794,558:558,05/19/23 20:58:26,STABLE BEAMS,6800,436822.418403052,423690.710615491,56.5,HFOC
367730:8794,559:559,05/19/23 20:58:50,STABLE BEAMS,6800,436456.229374851,417073.817770965,56.4,HFOC
367730:8794,560:560,05/19/23 20:59:13,STABLE BEAMS,6800,436307.441334288,423364.814268889,56.4,HFOC
367730:8794,561:561,05/19/23 20:59:36,STABLE BEAMS,6800,436680.187684638,423702.137559384,56.4,HFOC
367730:8794,562:562,05/19/23 21:00:00,STABLE BEAMS,6800,435944.849159294,418206.166836579,56.4,HFOC
367666:8784,1:1,05/18/23 02:39:54,STABLE BEAMS,6800,453466.543095161,424380.290081546,58.6,PLTZERO
367666:8784,2:2,05/18/23 02:40:17,STABLE BEAMS,6800,453328.862640818,430175.249518688,58.6,PLTZERO
367666:8784,3:3,05/18/23 02:40:41,STABLE BEAMS,6800,452897.750761866,431162.724423542,58.6,PLTZERO
367666:8784,4:4,05/18/23 02:41:04,STABLE BEAMS,6800,452640.194626225,430916.550941314,58.5,PLTZERO
367666:8784,5:5,05/18/23 02:41:27,STABLE BEAMS,6800,452562.702603406,329227.694699151,58.5,PLTZERO
367666:8784,6:6,05/18/23 02:41:50,STABLE BEAMS,6800,452361.239195409,424936.198547256,58.5,PLTZERO
367666:8784,7:7,05/18/23 02:42:14,STABLE BEAMS,6800,452066.712164184,306237.984326724,58.4,PLTZERO
367666:8784,8:8,05/18/23 02:42:37,STABLE BEAMS,6800,451634.597921732,295095.273424330,58.4,PLTZERO
367666:8784,9:9,05/18/23 02:43:00,STABLE BEAMS,6800,451182.497017317,436109.619069979,58.3,PLTZERO
367666:8784,10:10,05/18/23 02:43:24,STABLE BEAMS,6800,451114.613697626,374829.769876947,58.3,PLTZERO
367666:8784,11:11,05/18/23 02:43:47,STABLE BEAMS,6800,450342.350898257,391001.713759561,58.3,PLTZERO
367666:8784,16:16,05/18/23 02:45:44,STABLE BEAMS,6800,448594.543650755,350969.980014073,57.9,PLTZERO
367666:8784,17:17,05/18/23 02:46:07,STABLE BEAMS,6800,448878.189210317,426910.511972696,58.0,PLTZERO
367666:8784,18:18,05/18/23 02:46:30,STABLE BEAMS,6800,448634.153326528,220259.225991576,58.0,PLTZERO
367666:8784,19:19,05/18/23 02:46:54,STABLE BEAMS,6800,448415.708015988,397231.610374499,58.0,PLTZERO
367666:8784,20:20,05/18/23 02:47:17,STABLE BEAMS,6800,447808.033303227,426906.733295410,58.0,PLTZERO
367666:8784,21:21,05/18/23 02:47:40,STABLE BEAMS,6800,447471.712376231,328456.343351243,57.8,PLTZERO
367666:8784,22:22,05/18/23 02:48:03,STABLE BEAMS,6800,448290.137511366,432629.984114019,57.9,PLTZERO
367666:8784,23:23,05/18/23 02:48:27,STABLE BEAMS,6800,447957.595261655,431922.191936287,57.9,PLTZERO
367666:8784,24:24,05/18/23 02:48:50,STABLE BEAMS,6800,447717.566500786,431980.468883928,57.9,PLTZERO
367666:8784,25:25,05/18/23 02:49:13,STABLE BEAMS,6800,447391.854309338,432938.807646039,57.8,PLTZERO
367666:8784,26:26,05/18/23 02:49:37,STABLE BEAMS,6800,447098.192108016,426496.745644439,57.8,PLTZERO
367666:8784,27:27,05/18/23 02:50:00,STABLE BEAMS,6800,446915.120904694,336415.517475410,57.8,PLTZERO
367666:8784,28:28,05/18/23 02:50:23,STABLE BEAMS,6800,446380.520822120,430925.611841133,57.7,PLTZERO
367666:8784,29:29,05/18/23 02:50:47,STABLE BEAMS,6800,446486.922873124,431113.554997278,57.7,PLTZERO
367666:8784,30:30,05/18/23 02:51:10,STABLE BEAMS,6800,446562.999931653,432395.920581510,57.7,PLTZERO
367666:8784,31:31,05/18/23 02:51:33,STABLE BEAMS,6800,446192.533375495,432353.942530585,57.7,PLTZERO
367666:8784,32:32,05/18/23 02:51:57,STABLE BEAMS,6800,445843.554695471,325996.214641639,57.6,PLTZERO
367666:8784,33:33,05/18/23 02:52:20,STABLE BEAMS,6800,445873.420465599,431620.608732241,57.6,PLTZERO
367666:8784,34:34,05/18/23 02:52:43,STABLE BEAMS,6800,445814.779869803,386317.158620628,57.6,PLTZERO
367666:8784,35:35,05/18/23 02:53:06,STABLE BEAMS,6800,445496.715944965,214510.387397013,57.6,PLTZERO
367666:8784,36:36,05/18/23 02:53:30,STABLE BEAMS,6800,445065.510822896,427879.638963354,57.6,PLTZERO
367666:8784,37:37,05/18/23 02:53:53,STABLE BEAMS,6800,445044.430885395,430695.781546102,57.5,PLTZERO
367666:8784,38:38,05/18/23 02:54:16,STABLE BEAMS,6800,444885.626203071,430748.776271209,57.5,PLTZERO
367666:8784,39:39,05/18/23 02:54:40,STABLE BEAMS,6800,444569.382850077,424215.657704458,57.5,PLTZERO
367666:8784,40:40,05/18/23 02:55:03,STABLE BEAMS,6800,444285.783912073,316807.692969125,57.4,PLTZERO
367666:8784,41:41,05/18/23 02:55:26,STABLE BEAMS,6800,443769.851101367,400050.074710841,57.4,PLTZERO
367666:8784,42:42,05/18/23 02:55:50,STABLE BEAMS,6800,443420.825799785,428424.299978169,57.3,PLTZERO
367666:8784,43:43,05/18/23 02:56:13,STABLE BEAMS,6800,443299.082925084,429392.016666695,57.3,PLTZERO
367666:8784,44:44,05/18/23 02:56:36,STABLE BEAMS,6800,442813.607978293,428836.336646620,57.3,PLTZERO
367666:8784,45:45,05/18/23 02:57:00,STABLE BEAMS,6800,442159.994713245,428188.462495375,57.2,PLTZERO
367666:8784,46:46,05/18/23 02:57:23,STABLE BEAMS,6800,442214.765719717,295310.124212740,57.1,PLTZERO
367666:8784,47:47,05/18/23 02:57:46,STABLE BEAMS,6800,442317.981187224,425537.087492234,57.2,PLTZERO
367666:8784,48:48,05/18/23 02:58:10,STABLE BEAMS,6800,442225.966549053,427815.716145025,57.2,PLTZERO
367666:8784,49:49,05/18/23 02:58:33,STABLE BEAMS,6800,442094.705883263,427754.024168251,57.2,PLTZERO
367666:8784,50:50,05/18/23 02:58:56,STABLE BEAMS,6800,441696.191797744,426971.931213354,57.1,PLTZERO
367666:8784,51:51,05/18/23 02:59:19,STABLE BEAMS,6800,441476.697502146,347446.297010007,57.1,PLTZERO
367666:8784,52:52,05/18/23 02:59:43,STABLE BEAMS,6800,441629.038105437,373331.961410516,57.0,PLTZERO
367666:8784,53:53,05/18/23 03:00:06,STABLE BEAMS,6800,441676.568783934,428282.479529466,57.1,PLTZERO
367666:8784,54:54,05/18/23 03:00:29,STABLE BEAMS,6800,441039.576104353,427764.451079723,57.1,PLTZERO
367666:8784,55:55,05/18/23 03:00:53,STABLE BEAMS,6800,440136.737976098,426858.426367971,56.9,PLTZERO
367666:8784,56:56,05/18/23 03:01:16,STABLE BEAMS,6800,439754.387584777,426310.121878389,56.9,PLTZERO
367666:8784,57:57,05/18/23 03:01:39,STABLE BEAMS,6800,439080.787657765,425785.128167864,56.8,PLTZERO
367666:8784,58:58,05/18/23 03:02:03,STABLE BEAMS,6800,438309.618133934,425463.103741664,56.7,PLTZERO
367666:8784,59:59,05/18/23 03:02:26,STABLE BEAMS,6800,437588.123880272,420052.042531572,56.6,PLTZERO
367666:8784,60:60,05/18/23 03:02:49,STABLE BEAMS,6800,436781.580249223,424187.976154328,56.5,PLTZERO
367666:8784,61:61,05/18/23 03:03:13,STABLE BEAMS,6800,436481.316435271,423260.053296730,56.5,PLTZERO
367666:8784,62:62,05/18/23 03:03:36,STABLE BEAMS,6800,435273.344871320,422738.427993779,56.3,PLTZERO
367666:8784,63:63,05/18/23 03:03:59,STABLE BEAMS,6800,435259.004080044,422610.400533043,56.2,PLTZERO
367666:8784,64:64,05/18/23 03:04:23,STABLE BEAMS,6800,435134.708675036,422585.588539816,56.3,PLTZERO
367666:8784,65:65,05/18/23 03:04:46,STABLE BEAMS,6800,434799.707138135,421209.979839356,56.2,PLTZERO
367666:8784,66:66,05/18/23 03:05:09,STABLE BEAMS,6800,434371.418194526,421262.473382714,56.2,PLTZERO
367666:8784,67:67,05/18/23 03:05:32,STABLE BEAMS,6800,433888.721892599,421274.448129915,56.1,PLTZERO
367666:8784,68:68,05/18/23 03:05:56,STABLE BEAMS,6800,433661.350884758,421204.014610995,56.1,PLTZERO
367666:8784,69:69,05/18/23 03:06:19,STABLE BEAMS,6800,433320.929591726,420810.008830146,56.0,PLTZERO
367666:8784,70:70,05/18/23 03:06:42,STABLE BEAMS,6800,438878.638912863,423529.537558015,56.0,PLTZERO
367666:8784,71:71,05/18/23 03:07:06,STABLE BEAMS,6800,454803.861509942,437026.660455913,58.1,PLTZERO
367666:8784,72:72,05/18/23 03:07:29,STABLE BEAMS,6800,455493.669421631,439137.197412004,58.9,PLTZERO
367666:8784,73:73,05/18/23 03:07:52,STABLE BEAMS,6800,455107.083461755,439513.811020600,58.9,PLTZERO
367666:8784,74:74,05/18/23 03:08:16,STABLE BEAMS,6800,454433.119886591,436058.899476907,58.8,PLTZERO
367666:8784,75:75,05/18/23 03:08:39,STABLE BEAMS,6800,453541.438297192,437109.796018341,58.7,PLTZERO
367666:8784,76:76,05/18/23 03:09:02,STABLE BEAMS,6800,452643.381209722,436173.952158019,58.5,PLTZERO
367666:8784,77:77,05/18/23 03:09:26,STABLE BEAMS,6800,454192.545653492,437825.192172201,58.5,PLTZERO
367666:8784,78:78,05/18/23 03:09:49,STABLE BEAMS,6800,454121.520040784,429730.570766325,58.7,PLTZERO
367666:8784,79:79,05/18/23 03:10:12,STABLE BEAMS,6800,454315.337513251,424326.612350612,58.7,PLTZERO
367666:8784,80:80,05/18/23 03:10:35,STABLE BEAMS,6800,454334.321811715,432320.069637538,58.7,PLTZERO
367666:8784,81:81,05/18/23 03:10:59,STABLE BEAMS,6800,454119.790380978,431909.762628894,58.7,PLTZERO
367666:8784,82:82,05/18/23 03:11:22,STABLE BEAMS,6800,453724.553790994,432163.176439097,58.7,PLTZERO
367666:8784,83:83,05/18/23 03:11:45,STABLE BEAMS,6800,453016.444586667,431699.282611557,58.6,PLTZERO
367666:8784,84:84,05/18/23 03:12:09,STABLE BEAMS,6800,453285.747023875,433151.290059297,58.5,PLTZERO
367666:8784,85:85,05/18/23 03:12:32,STABLE BEAMS,6800,453928.387905221,437913.428133086,58.7,PLTZERO
367666:8784,86:86,05/18/23 03:12:55,STABLE BEAMS,6800,453713.217759139,438436.736474286,58.7,PLTZERO
367699:8786,1:1,05/19/23 03:14:54,STABLE BEAMS,6800,220875.413800848,208092.228734473,28.6,HFOC
367699:8786,2:2,05/19/23 03:15:18,STABLE BEAMS,6800,220145.403886490,218188.846514565,28.5,HFOC
367699:8786,3:3,05/19/23 03:15:41,STABLE BEAMS,6800,219770.496393813,217841.506815417,28.4,HFOC
367699:8786,4:4,05/19/23 03:16:04,STABLE BEAMS,6800,219319.646812018,217415.584148990,28.4,HFOC
367699:8786,5:5,05/19/23 03:16:28,STABLE BEAMS,6800,219064.958368416,166252.282752821,28.3,HFOC
367699:8786,6:6,05/19/23 03:16:51,STABLE BEAMS,6800,219027.032896430,213649.595853373,28.3,HFOC
367699:8786,7:7,05/19/23 03:17:14,STABLE BEAMS,6800,218932.628670298,214019.586170316,28.3,HFOC
367699:8786,8:8,05/19/23 03:17:38,STABLE BEAMS,6800,218450.318627981,213882.020638114,28.3,HFOC
367699:8786,9:9,05/19/23 03:18:01,STABLE BEAMS,6800,218486.309305305,213918.944679032,28.2,HFOC
367699:8786,10:10,05/19/23 03:18:24,STABLE BEAMS,6800,219057.742050544,206042.792360690,28.3,HFOC
367699:8786,13:13,05/19/23 03:19:34,STABLE BEAMS,6800,218786.230683912,213766.673308754,28.3,HFOC
367699:8786,14:14,05/19/23 03:19:57,STABLE BEAMS,6800,219100.334340497,214467.681117350,28.3,HFOC
367699:8786,15:15,05/19/23 03:20:21,STABLE BEAMS,6800,219188.045575746,214536.338821121,28.3,HFOC
367699:8786,16:16,05/19/23 03:20:44,STABLE BEAMS,6800,219407.927296492,149602.535967019,28.4,HFOC
367699:8786,17:17,05/19/23 03:21:07,STABLE BEAMS,6800,219518.311994098,214603.448222947,28.4,HFOC
367699:8786,18:18,05/19/23 03:21:31,STABLE BEAMS,6800,219593.662455644,214810.559133387,28.4,HFOC
367699:8786,19:19,05/19/23 03:21:54,STABLE BEAMS,6800,219568.735307167,214534.472093934,28.4,HFOC
367699:8786,20:20,05/19/23 03:22:17,STABLE BEAMS,6800,219560.813372013,214928.251294011,28.4,HFOC
367699:8786,21:21,05/19/23 03:22:41,STABLE BEAMS,6800,219540.211538590,214839.697607207,28.4,HFOC
367699:8786,22:22,05/19/23 03:23:04,STABLE BEAMS,6800,219485.144252117,214846.299219836,28.4,HFOC
367699:8786,23:23,05/19/23 03:23:27,STABLE BEAMS,6800,219276.758708279,214631.198073660,28.4,HFOC
367699:8786,24:24,05/19/23 03:23:51,STABLE BEAMS,6800,219193.486311578,214552.046323373,28.3,HFOC
367699:8786,25:25,05/19/23 03:24:14,STABLE BEAMS,6800,219128.926409657,214476.787006972,28.3,HFOC
367699:8786,26:26,05/19/23 03:24:37,STABLE BEAMS,6800,218977.087687439,214325.358088250,28.3,HFOC
367699:8786,27:27,05/19/23 03:25:00,STABLE BEAMS,6800,218290.853784394,213709.784984221,28.2,HFOC
367699:8786,29:29,05/19/23 03:25:47,STABLE BEAMS,6800,218744.662902698,214134.364483558,28.3,HFOC
367699:8786,30:30,05/19/23 03:26:10,STABLE BEAMS,6800,218862.400519342,214271.451911682,28.3,HFOC
367699:8786,31:31,05/19/23 03:26:34,STABLE BEAMS,6800,218919.083942128,213353.066193119,28.3,HFOC
367699:8786,32:32,05/19/23 03:26:57,STABLE BEAMS,6800,218771.297332633,214217.454589967,28.3,HFOC
367699:8786,33:33,05/19/23 03:27:20,STABLE BEAMS,6800,218770.295668457,214198.127623051,28.3,HFOC
367699:8786,34:34,05/19/23 03:27:44,STABLE BEAMS,6800,218769.794719815,213905.650075520,28.3,HFOC
367699:8786,35:35,05/19/23 03:28:07,STABLE BEAMS,6800,218715.182925964,214113.011343727,28.3,HFOC
367699:8786,36:36,05/19/23 03:28:30,STABLE BEAMS,6800,218569.308499675,213989.446032319,28.3,HFOC
367699:8786,37:37,05/19/23 03:28:54,STABLE BEAMS,6800,218159.594051035,213602.496191181,28.2,HFOC
367699:8786,38:38,05/19/23 03:29:17,STABLE BEAMS,6800,217974.428141107,213417.284825235,28.2,HFOC
367699:8786,39:39,05/19/23 03:29:40,STABLE BEAMS,6800,217728.162581302,212715.252507900,28.2,HFOC
367699:8786,40:40,05/19/23 03:30:04,STABLE BEAMS,6800,217429.311167454,212909.000514245,28.1,HFOC
367699:8786,41:41,05/19/23 03:30:27,STABLE BEAMS,6800,217148.056594500,212645.388471312,28.1,HFOC
367699:8786,42:42,05/19/23 03:30:50,STABLE BEAMS,6800,216997.492505680,212501.653741433,28.1,HFOC
367699:8786,43:43,05/19/23 03:31:13,STABLE BEAMS,6800,216956.562274274,212494.733470455,28.0,HFOC
367699:8786,44:44,05/19/23 03:31:37,STABLE BEAMS,6800,216831.494350047,212346.468523774,28.0,HFOC
367699:8786,45:45,05/19/23 03:32:00,STABLE BEAMS,6800,216744.807390430,212293.427410216,28.0,HFOC
367699:8786,46:46,05/19/23 03:32:23,STABLE BEAMS,6800,216570.022003524,212099.132999210,28.0,HFOC
367699:8786,47:47,05/19/23 03:32:47,STABLE BEAMS,6800,216589.280902965,212043.360095454,28.0,HFOC
367699:8786,48:48,05/19/23 03:33:10,STABLE BEAMS,6800,216624.247071550,212161.666961323,28.0,HFOC
367699:8786,49:49,05/19/23 03:33:33,STABLE BEAMS,6800,216493.601810327,212048.391027790,28.0,HFOC
367699:8786,50:50,05/19/23 03:33:57,STABLE BEAMS,6800,216259.560889275,211820.951719367,28.0,HFOC
367699:8786,51:51,05/19/23 03:34:20,STABLE BEAMS,6800,216331.655767418,211467.306221375,27.9,HFOC
367699:8786,52:52,05/19/23 03:34:43,STABLE BEAMS,6800,216425.741102092,211967.190493132,28.0,HFOC
367699:8786,53:53,05/19/23 03:35:07,STABLE BEAMS,6800,216247.700597999,211803.286577890,28.0,HFOC
367699:8786,54:54,05/19/23 03:35:30,STABLE BEAMS,6800,216044.414053971,211426.125399094,27.9,HFOC
367699:8786,55:55,05/19/23 03:35:53,STABLE BEAMS,6800,216547.576287479,212045.249667204,27.9,HFOC
367699:8786,56:56,05/19/23 03:36:16,STABLE BEAMS,6800,216031.961902015,211612.998590480,27.9,HFOC
367699:8786,57:57,05/19/23 03:36:40,STABLE BEAMS,6800,216045.575163876,211655.864082764,27.9,HFOC
367699:8786,58:58,05/19/23 03:37:03,STABLE BEAMS,6800,215951.785642988,211498.766681898,27.9,HFOC
367699:8786,59:59,05/19/23 03:37:26,STABLE BEAMS,6800,215622.589189395,211232.331703622,27.9,HFOC
367699:8786,60:60,05/19/23 03:37:50,STABLE BEAMS,6800,215479.105050391,211096.587442588,27.9,HFOC
367699:8786,61:61,05/19/23 03:38:13,STABLE BEAMS,6800,215865.667699488,211482.512774985,27.9,HFOC
367699:8786,62:62,05/19/23 03:38:36,STABLE BEAMS,6800,215703.516754831,211294.569618841,27.9,HFOC
367699:8786,63:63,05/19/23 03:39:00,STABLE BEAMS,6800,215656.895196717,211278.657447949,27.9,HFOC
367699:8786,64:64,05/19/23 03:39:23,STABLE BEAMS,6800,215522.493869665,211139.134276522,27.9,HFOC
367699:8786,65:65,05/19/23 03:39:46,STABLE BEAMS,6800,215158.741050982,210783.986165713,27.8,HFOC
367699:8786,66:66,05/19/23 03:40:10,STABLE BEAMS,6800,214917.893382445,210585.025169847,27.8,HFOC
367699:8786,67:67,05/19/23 03:40:33,STABLE BEAMS,6800,214485.483093100,210157.691268857,27.7,HFOC
367699:8786,68:68,05/19/23 03:40:56,STABLE BEAMS,6800,214545.125819286,210220.498200192,27.7,HFOC
367699:8786,69:69,05/19/23 03:41:20,STABLE BEAMS,6800,214507.222958756,210196.686705602,27.7,HFOC
367699:8786,70:70,05/19/23 03:41:43,STABLE BEAMS,6800,214138.143393951,209824.032899044,27.7,HFOC
367699:8786,71:71,05/19/23 03:42:06,STABLE BEAMS,6800,213517.858015936,209250.209866521,27.6,HFOC
367699:8786,72:72,05/19/23 03:42:29,STABLE BEAMS,6800,213926.047007195,209645.878405241,27.6,HFOC
367699:8786,73:73,05/19/23 03:42:53,STABLE BEAMS,6800,214314.681518334,209987.640767393,27.7,HFOC
367699:8786,74:74,05/19/23 03:43:16,STABLE BEAMS,6800,214185.607170512,209879.031651827,27.7,HFOC
367699:8786,75:75,05/19/23 03:43:39,STABLE BEAMS,6800,214250.804389132,209935.100602477,27.7,HFOC
367699:8786,76:76,05/19/23 03:44:03,STABLE BEAMS,6800,214032.152078874,209738.279303021,27.7,HFOC
367699:8786,77:77,05/19/23 03:44:26,STABLE BEAMS,6800,213921.676236122,209642.941713296,27.7,HFOC
367699:8786,78:78,05/19/23 03:44:49,STABLE BEAMS,6800,214348.623178180,210056.981243882,27.6,HFOC
367699:8786,79:79,05/19/23 03:45:13,STABLE BEAMS,6800,214479.860300083,210140.686055535,27.7,HFOC
367699:8786,80:80,05/19/23 03:45:36,STABLE BEAMS,6800,214375.940613941,210058.347255535,27.7,HFOC
367699:8786,81:81,05/19/23 03:45:59,STABLE BEAMS,6800,204105.994370633,200168.862997338,27.7,HFOC
367699:8786,82:82,05/19/23 03:46:23,STABLE BEAMS,6800,19714.160890825,19665.857599867,4.7,HFOC
367699:8786,83:83,05/19/23 03:46:46,STABLE BEAMS,6800,42415.410792344,42258.182618008,3.9,HFOC
367699:8786,84:84,05/19/23 03:47:09,STABLE BEAMS,6800,86159.866304658,85607.555624587,7.0,HFOC
367699:8786,85:85,05/19/23 03:47:32,STABLE BEAMS,6800,144828.504500648,143179.858743067,16.7,HFOC
367699:8786,86:86,05/19/23 03:47:56,STABLE BEAMS,6800,190107.837513356,186934.509690817,22.0,HFOC
367699:8786,87:87,05/19/23 03:48:19,STABLE BEAMS,6800,211583.473157727,207406.131432593,26.6,HFOC
367699:8786,88:88,05/19/23 03:48:42,STABLE BEAMS,6800,193359.042219674,190102.749469611,26.6,HFOC
367699:8786,89:89,05/19/23 03:49:06,STABLE BEAMS,6800,147527.239314275,145566.356627296,23.2,HFOC
367699:8786,90:90,05/19/23 03:49:29,STABLE BEAMS,6800,90686.033091781,90087.459373379,13.1,HFOC
367699:8786,91:91,05/19/23 03:49:52,STABLE BEAMS,6800,50194.219628422,49995.708064377,8.6,HFOC
367699:8786,92:92,05/19/23 03:50:16,STABLE BEAMS,6800,43225.588573848,42868.918269167,5.1,HFOC
367699:8786,93:93,05/19/23 03:50:39,STABLE BEAMS,6800,108638.576893443,106696.281289253,27.5,HFOC
367699:8786,94:94,05/19/23 03:51:02,STABLE BEAMS,6800,17004.250097151,16852.076981808,1.0,HFOC
367699:8786,95:95,05/19/23 03:51:26,STABLE BEAMS,6800,52296.941645835,52076.872273318,5.2,HFOC
367699:8786,96:96,05/19/23 03:51:49,STABLE BEAMS,6800,101154.098112507,100388.598469465,9.5,HFOC
367699:8786,97:97,05/19/23 03:52:12,STABLE BEAMS,6800,168786.248588195,166438.643806391,18.4,HFOC
367699:8786,98:98,05/19/23 03:52:36,STABLE BEAMS,6800,201109.170638741,197454.022300245,25.0,HFOC
367699:8786,99:99,05/19/23 03:52:59,STABLE BEAMS,6800,190123.157823567,187007.150973621,26.7,HFOC
367699:8786,100:100,05/19/23 03:53:22,STABLE BEAMS,6800,143049.919332234,141454.929393455,20.9,HFOC
367699:8786,101:101,05/19/23 03:53:45,STABLE BEAMS,6800,83729.535530814,83207.598096531,15.3,HFOC
367699:8786,102:102,05/19/23 03:54:09,STABLE BEAMS,6800,35049.623038915,34941.884580947,5.7,HFOC
367699:8786,103:103,05/19/23 03:54:32,STABLE BEAMS,6800,13988.442253281,13960.681026909,2.9,HFOC
367699:8786,106:106,05/19/23 03:55:42,STABLE BEAMS,6800,205173.782835002,201334.743453085,26.5,HFOC
367699:8786,107:107,05/19/23 03:56:05,STABLE BEAMS,6800,205161.103169842,201317.829384910,26.5,HFOC
367699:8786,108:108,05/19/23 03:56:29,STABLE BEAMS,6800,205232.378440994,201368.571356329,26.5,HFOC
367699:8786,109:109,05/19/23 03:56:52,STABLE BEAMS,6800,205158.644581975,201290.398192547,26.5,HFOC
367699:8786,110:110,05/19/23 03:57:15,STABLE BEAMS,6800,205106.969246962,200444.358176110,26.5,HFOC
367699:8786,111:111,05/19/23 03:57:39,STABLE BEAMS,6800,205232.788244490,201392.656053250,26.5,HFOC
367699:8786,112:112,05/19/23 03:58:02,STABLE BEAMS,6800,205248.063331790,201267.201403200,26.5,HFOC
367699:8786,113:113,05/19/23 03:58:25,STABLE BEAMS,6800,205234.973630026,201144.796968589,26.5,HFOC
367699:8786,114:114,05/19/23 03:58:49,STABLE BEAMS,6800,205106.605132594,201252.541021143,26.5,HFOC
367699:8786,115:115,05/19/23 03:59:12,STABLE BEAMS,6800,205291.247249316,201445.879457100,26.5,HFOC
367699:8786,116:116,05/19/23 03:59:35,STABLE BEAMS,6800,205165.086981983,201294.678051582,26.5,HFOC
367699:8786,117:117,05/19/23 03:59:58,STABLE BEAMS,6800,205145.896383125,201306.879845771,26.5,HFOC
367699:8786,118:118,05/19/23 04:00:22,STABLE BEAMS,6800,205090.897630342,200963.136766723,26.5,HFOC
367699:8786,119:119,05/19/23 04:00:45,STABLE BEAMS,6800,205140.068688361,201284.525041763,26.5,HFOC
367699:8786,120:120,05/19/23 04:01:08,STABLE BEAMS,6800,205029.752291337,201193.922570588,26.5,HFOC
367699:8786,121:121,05/19/23 04:01:32,STABLE BEAMS,6800,205013.817275882,201156.156544331,26.5,HFOC
367699:8786,122:122,05/19/23 04:01:55,STABLE BEAMS,6800,205066.881000895,201262.102170281,26.5,HFOC
367699:8786,123:123,05/19/23 04:02:18,STABLE BEAMS,6800,205002.685446451,201168.995655220,26.5,HFOC
367699:8786,124:124,05/19/23 04:02:42,STABLE BEAMS,6800,204971.498188259,201133.187035079,26.5,HFOC
367699:8786,125:125,05/19/23 04:03:05,STABLE BEAMS,6800,204899.289320406,201091.619253866,26.5,HFOC
367699:8786,126:126,05/19/23 04:03:28,STABLE BEAMS,6800,204852.736062875,201023.940602815,26.5,HFOC
367699:8786,127:127,05/19/23 04:03:52,STABLE BEAMS,6800,204742.852080803,200938.187006791,26.5,HFOC
367699:8786,128:128,05/19/23 04:04:15,STABLE BEAMS,6800,204803.951963789,200999.354957251,26.5,HFOC
367699:8786,129:129,05/19/23 04:04:38,STABLE BEAMS,6800,204559.598587190,200758.211474928,26.4,HFOC
367699:8786,130:130,05/19/23 04:05:01,STABLE BEAMS,6800,204473.048228738,200662.714672582,26.4,HFOC
367699:8786,131:131,05/19/23 04:05:25,STABLE BEAMS,6800,204424.332197126,200572.248802572,26.4,HFOC
367699:8786,132:132,05/19/23 04:05:48,STABLE BEAMS,6800,204417.207024400,200333.108415493,26.4,HFOC
367699:8786,133:133,05/19/23 04:06:11,STABLE BEAMS,6800,204332.295646823,200529.656512619,26.4,HFOC
367699:8786,134:134,05/19/23 04:06:35,STABLE BEAMS,6800,204278.116267924,200468.442873032,26.4,HFOC
367699:8786,135:135,05/19/23 04:06:58,STABLE BEAMS,6800,204194.343155689,200431.382464056,26.4,HFOC
367699:8786,136:136,05/19/23 04:07:21,STABLE BEAMS,6800,204209.481408716,200431.860568134,26.4,HFOC
367699:8786,137:137,05/19/23 04:07:45,STABLE BEAMS,6800,204198.167522101,200408.276586747,26.4,HFOC
367699:8786,138:138,05/19/23 04:08:08,STABLE BEAMS,6800,204086.075543037,200293.998989039,26.4,HFOC
367699:8786,139:139,05/19/23 04:08:32,STABLE BEAMS,6800,204019.671758493,200227.276546145,26.4,HFOC
367699:8786,140:140,05/19/23 04:08:55,STABLE BEAMS,6800,203930.275853242,200156.388000818,26.4,HFOC
367699:8786,141:141,05/19/23 04:09:18,STABLE BEAMS,6800,203858.863747817,200078.488272474,26.4,HFOC
367699:8786,142:142,05/19/23 04:09:41,STABLE BEAMS,6800,203757.653007309,199982.513366050,26.3,HFOC
367699:8786,143:143,05/19/23 04:10:05,STABLE BEAMS,6800,203728.287020284,199975.934364876,26.3,HFOC
367699:8786,144:144,05/19/23 04:10:28,STABLE BEAMS,6800,203337.922383123,199547.371286506,26.3,HFOC
367699:8786,145:145,05/19/23 04:10:51,STABLE BEAMS,6800,203295.216336568,199556.818445934,26.3,HFOC
367699:8786,146:146,05/19/23 04:11:14,STABLE BEAMS,6800,203037.932703934,199312.920328850,26.3,HFOC
367699:8786,147:147,05/19/23 04:11:38,STABLE BEAMS,6800,202749.803316020,199015.844497043,26.2,HFOC
367699:8786,148:148,05/19/23 04:12:01,STABLE BEAMS,6800,202726.629138129,199011.291668785,26.2,HFOC
367699:8786,149:149,05/19/23 04:12:24,STABLE BEAMS,6800,202580.048861450,198877.618803578,26.2,HFOC
367699:8786,150:150,05/19/23 04:12:48,STABLE BEAMS,6800,202579.138342420,198851.098363353,26.2,HFOC
367699:8786,151:151,05/19/23 04:13:11,STABLE BEAMS,6800,202519.723129437,198785.832611042,26.2,HFOC
367663:8784,1:1,05/18/23 00:38:47,STABLE BEAMS,6800,443304.544640617,405404.087451347,57.3,PLTZERO
#Summary:
#nfill,nrun,nls,ncms,totdelivered(/ub),totrecorded(/ub)
#5,11,3938,3938,1437479100.052241087,1357368851.306086540
#Check JSON:
#(run,ls) in json but not in results: []
