#Data tag : 24v2 , Norm tag: None
#run:fill,ls,time,beamstatus,E(GeV),delivered(/ub),recorded(/ub),avgpu,source
391668:10590,151:151,05/05/25 15:46:48,STABLE BEAMS,6800,1071.831832699,1058.189838595,40.9,HFET
391688:10590,1:1,05/05/25 23:19:31,STABLE BEAMS,6800,1382.643325869,1360.050580382,52.7,HFET
391688:10590,2:2,05/05/25 23:19:55,STABLE BEAMS,6800,1380.988314387,1362.657467702,52.7,HFET
391688:10590,3:3,05/05/25 23:20:18,STABLE BEAMS,6800,1379.793126417,1361.903829401,52.6,HFET
391688:10590,4:4,05/05/25 23:20:41,STABLE BEAMS,6800,1377.893933583,1360.303241932,52.6,HFET
391688:10590,5:5,05/05/25 23:21:05,STABLE BEAMS,6800,1375.489071409,1357.838568964,52.5,HFET
391688:10590,6:6,05/05/25 23:21:28,STABLE BEAMS,6800,1373.048500502,1355.251231886,52.4,HFET
391688:10590,7:7,05/05/25 23:21:51,STABLE BEAMS,6800,1371.770834188,1354.272048462,52.3,HFET
391688:10590,8:8,05/05/25 23:22:15,STABLE BEAMS,6800,1370.099603355,1352.390209943,52.3,HFET
391688:10590,9:9,05/05/25 23:22:38,STABLE BEAMS,6800,1367.354968662,1349.845356707,52.2,HFET
391688:10590,10:10,05/05/25 23:23:01,STABLE BEAMS,6800,1367.553312362,1349.982471563,52.2,HFET
391688:10590,11:11,05/05/25 23:23:25,STABLE BEAMS,6800,1366.687293836,1348.879287057,52.1,HFET
391688:10590,12:12,05/05/25 23:23:48,STABLE BEAMS,6800,1365.631662593,1348.230074639,52.1,HFET
391688:10590,13:13,05/05/25 23:24:11,STABLE BEAMS,6800,1363.580756694,1326.340859795,52.0,HFET
391688:10590,14:14,05/05/25 23:24:34,STABLE BEAMS,6800,1363.005852634,1345.379051228,52.0,HFET
391688:10590,15:15,05/05/25 23:24:58,STABLE BEAMS,6800,1361.056293155,1343.534531351,51.9,HFET
391688:10590,16:16,05/05/25 23:25:21,STABLE BEAMS,6800,1360.588507118,1342.824285054,51.9,HFET
391688:10590,17:17,05/05/25 23:25:44,STABLE BEAMS,6800,1361.001405693,1343.596517269,51.9,HFET
391688:10590,18:18,05/05/25 23:26:08,STABLE BEAMS,6800,1360.889292698,1343.390446337,51.9,HFET
391688:10590,19:19,05/05/25 23:26:31,STABLE BEAMS,6800,1360.503690702,1342.871621236,51.9,HFET
391688:10590,20:20,05/05/25 23:26:54,STABLE BEAMS,6800,1361.313881632,1343.768031708,51.9,HFET
391688:10590,21:21,05/05/25 23:27:18,STABLE BEAMS,6800,1360.329357202,1342.815656370,51.9,HFET
391688:10590,22:22,05/05/25 23:27:41,STABLE BEAMS,6800,1360.006744169,1342.700826446,51.9,HFET
391688:10590,23:23,05/05/25 23:28:04,STABLE BEAMS,6800,1359.390678599,1341.913046612,51.9,HFET
391688:10590,24:24,05/05/25 23:28:28,STABLE BEAMS,6800,1358.271273586,1340.725779146,51.8,HFET
391688:10590,25:25,05/05/25 23:28:51,STABLE BEAMS,6800,1356.304096818,1338.820877359,51.7,HFET
391688:10590,26:26,05/05/25 23:29:14,STABLE BEAMS,6800,1355.656066701,1318.015258046,51.7,HFET
391688:10590,27:27,05/05/25 23:29:38,STABLE BEAMS,6800,1353.052394848,1335.745934777,51.6,HFET
391688:10590,28:28,05/05/25 23:30:01,STABLE BEAMS,6800,1351.452581480,1334.175606002,51.6,HFET
391688:10590,29:29,05/05/25 23:30:24,STABLE BEAMS,6800,1350.989790415,1333.213676831,51.5,HFET
391688:10590,30:30,05/05/25 23:30:47,STABLE BEAMS,6800,1347.357931049,1330.067127193,51.4,HFET
391688:10590,31:31,05/05/25 23:31:11,STABLE BEAMS,6800,1349.896586521,1332.375593787,51.5,HFET
391688:10590,32:32,05/05/25 23:31:34,STABLE BEAMS,6800,1350.625541718,1333.276059442,51.5,HFET
391688:10590,33:33,05/05/25 23:31:57,STABLE BEAMS,6800,1347.603052535,1330.431194495,51.4,HFET
391688:10590,34:34,05/05/25 23:32:21,STABLE BEAMS,6800,1347.299618231,1329.793702002,51.4,HFET
391688:10590,35:35,05/05/25 23:32:44,STABLE BEAMS,6800,1345.451413347,1328.349315716,51.3,HFET
391688:10590,36:36,05/05/25 23:33:07,STABLE BEAMS,6800,1344.438815705,1327.195730463,51.3,HFET
391688:10590,37:37,05/05/25 23:33:31,STABLE BEAMS,6800,1344.259503583,1326.743732081,51.3,HFET
391688:10590,38:38,05/05/25 23:33:54,STABLE BEAMS,6800,1342.289359262,1324.942630784,51.2,HFET
391688:10590,39:39,05/05/25 23:34:17,STABLE BEAMS,6800,1341.225626518,1304.822016319,51.2,HFET
391688:10590,40:40,05/05/25 23:34:41,STABLE BEAMS,6800,1340.039799011,1322.900417820,51.1,HFET
391688:10590,41:41,05/05/25 23:35:04,STABLE BEAMS,6800,1338.268309043,1320.968440472,51.1,HFET
391688:10590,42:42,05/05/25 23:35:27,STABLE BEAMS,6800,1337.170584332,1320.017529630,51.0,HFET
391688:10590,43:43,05/05/25 23:35:50,STABLE BEAMS,6800,1336.645891590,1319.485545629,51.0,HFET
391688:10590,44:44,05/05/25 23:36:14,STABLE BEAMS,6800,1335.925037893,1318.739547380,51.0,HFET
391688:10590,45:45,05/05/25 23:36:37,STABLE BEAMS,6800,1334.473978213,1317.400694382,50.9,HFET
391688:10590,46:46,05/05/25 23:37:00,STABLE BEAMS,6800,1333.995907930,1316.916654669,50.9,HFET
391688:10590,47:47,05/05/25 23:37:24,STABLE BEAMS,6800,1332.764389921,1315.500717739,50.8,HFET
391688:10590,48:48,05/05/25 23:37:47,STABLE BEAMS,6800,1332.331854813,1315.103644669,50.8,HFET
391688:10590,49:49,05/05/25 23:38:10,STABLE BEAMS,6800,1330.965619724,1313.811560505,50.8,HFET
391688:10590,50:50,05/05/25 23:38:34,STABLE BEAMS,6800,1329.884106189,1312.925349461,50.7,HFET
391688:10590,51:51,05/05/25 23:38:57,STABLE BEAMS,6800,1328.346815805,1311.280981574,50.7,HFET
391688:10590,52:52,05/05/25 23:39:20,STABLE BEAMS,6800,1328.321562994,1292.154818212,50.7,HFET
391688:10590,53:53,05/05/25 23:39:44,STABLE BEAMS,6800,1329.402447048,1312.329389798,50.7,HFET
391688:10590,54:54,05/05/25 23:40:07,STABLE BEAMS,6800,1327.352783761,1310.209211148,50.6,HFET
391688:10590,55:55,05/05/25 23:40:30,STABLE BEAMS,6800,1326.817332618,1309.654736007,50.6,HFET
391688:10590,56:56,05/05/25 23:40:54,STABLE BEAMS,6800,1325.698859564,1308.637966207,50.6,HFET
391688:10590,57:57,05/05/25 23:41:17,STABLE BEAMS,6800,1325.454212233,1308.348433400,50.6,HFET
391688:10590,58:58,05/05/25 23:41:40,STABLE BEAMS,6800,1324.827698916,1307.802654261,50.5,HFET
391688:10590,59:59,05/05/25 23:42:03,STABLE BEAMS,6800,1324.663510685,1307.746061313,50.5,HFET
391688:10590,60:60,05/05/25 23:42:27,STABLE BEAMS,6800,1323.703773086,1306.494346529,50.5,HFET
391688:10590,61:61,05/05/25 23:42:50,STABLE BEAMS,6800,1322.571271600,1305.479995449,50.5,HFET
391688:10590,62:62,05/05/25 23:43:13,STABLE BEAMS,6800,1322.043308827,1305.049632857,50.4,HFET
391688:10590,63:63,05/05/25 23:43:37,STABLE BEAMS,6800,1321.455774274,1304.322832830,50.4,HFET
391688:10590,64:64,05/05/25 23:44:00,STABLE BEAMS,6800,1319.381471307,1302.486182145,50.3,HFET
391688:10590,65:65,05/05/25 23:44:23,STABLE BEAMS,6800,1318.274075481,1282.668797398,50.3,HFET
391688:10590,66:66,05/05/25 23:44:47,STABLE BEAMS,6800,1317.265385526,1300.190542016,50.2,HFET
391688:10590,67:67,05/05/25 23:45:10,STABLE BEAMS,6800,1315.976960812,1298.851047595,50.2,HFET
391688:10590,68:68,05/05/25 23:45:33,STABLE BEAMS,6800,1315.930804331,1299.040171071,50.2,HFET
391688:10590,69:69,05/05/25 23:45:57,STABLE BEAMS,6800,1314.563947936,1297.731603085,50.1,HFET
391688:10590,70:70,05/05/25 23:46:20,STABLE BEAMS,6800,1313.836856656,1296.811466801,50.1,HFET
391688:10590,71:71,05/05/25 23:46:43,STABLE BEAMS,6800,1313.931507689,1297.150491636,50.1,HFET
391688:10590,72:72,05/05/25 23:47:07,STABLE BEAMS,6800,1312.401705674,1295.522576875,50.1,HFET
391688:10590,73:73,05/05/25 23:47:30,STABLE BEAMS,6800,1311.430433042,1294.396205182,50.0,HFET
391688:10590,74:74,05/05/25 23:47:53,STABLE BEAMS,6800,1310.895447879,1293.846916072,50.0,HFET
391688:10590,75:75,05/05/25 23:48:16,STABLE BEAMS,6800,1309.255094308,1292.250370656,49.9,HFET
391688:10590,76:76,05/05/25 23:48:40,STABLE BEAMS,6800,1308.465324719,1291.627463777,49.9,HFET
391688:10590,77:77,05/05/25 23:49:03,STABLE BEAMS,6800,1307.743686215,1290.781041727,49.9,HFET
391688:10590,78:78,05/05/25 23:49:26,STABLE BEAMS,6800,1308.724163983,1273.416758678,49.9,HFET
391688:10590,79:79,05/05/25 23:49:50,STABLE BEAMS,6800,1305.852684808,1289.083937057,49.8,HFET
391688:10590,80:80,05/05/25 23:50:13,STABLE BEAMS,6800,1305.092149291,1288.264712924,49.8,HFET
391688:10590,81:81,05/05/25 23:50:36,STABLE BEAMS,6800,1303.699247103,1286.846876445,49.7,HFET
391688:10590,82:82,05/05/25 23:51:00,STABLE BEAMS,6800,1303.268731238,1286.635081925,49.7,HFET
391688:10590,83:83,05/05/25 23:51:23,STABLE BEAMS,6800,1302.590298012,1285.732386307,49.7,HFET
391688:10590,84:84,05/05/25 23:51:46,STABLE BEAMS,6800,1301.028686776,1284.234411705,49.6,HFET
391688:10590,85:85,05/05/25 23:52:10,STABLE BEAMS,6800,1300.610646078,1283.920375796,49.6,HFET
391688:10590,86:86,05/05/25 23:52:33,STABLE BEAMS,6800,1299.359246284,1282.726546826,49.6,HFET
391688:10590,87:87,05/05/25 23:52:56,STABLE BEAMS,6800,1298.532598926,1282.039891588,49.5,HFET
391688:10590,88:88,05/05/25 23:53:19,STABLE BEAMS,6800,1297.139312510,1280.423695368,49.5,HFET
391688:10590,89:89,05/05/25 23:53:43,STABLE BEAMS,6800,1295.644908575,1279.047398909,49.4,HFET
391688:10590,90:90,05/05/25 23:54:06,STABLE BEAMS,6800,1295.205424652,1278.572165653,49.4,HFET
391688:10590,91:91,05/05/25 23:54:29,STABLE BEAMS,6800,1293.082553557,1257.910421036,49.3,HFET
391688:10590,92:92,05/05/25 23:54:53,STABLE BEAMS,6800,1292.273376337,1275.568086809,49.3,HFET
391688:10590,93:93,05/05/25 23:55:16,STABLE BEAMS,6800,1291.822512708,1275.312160125,49.3,HFET
391688:10590,94:94,05/05/25 23:55:39,STABLE BEAMS,6800,1290.196964200,1273.564657623,49.2,HFET
391688:10590,95:95,05/05/25 23:56:03,STABLE BEAMS,6800,1288.828235713,1272.447721685,49.2,HFET
391688:10590,96:96,05/05/25 23:56:26,STABLE BEAMS,6800,1288.104422638,1271.306227874,49.1,HFET
391688:10590,97:97,05/05/25 23:56:49,STABLE BEAMS,6800,1285.958007324,1269.531804971,49.1,HFET
391688:10590,98:98,05/05/25 23:57:13,STABLE BEAMS,6800,1283.708757726,1267.231098428,49.0,HFET
391688:10590,99:99,05/05/25 23:57:36,STABLE BEAMS,6800,1282.370432347,1265.812114724,48.9,HFET
391688:10590,100:100,05/05/25 23:57:59,STABLE BEAMS,6800,1279.716868003,1263.166574615,48.8,HFET
391688:10590,101:101,05/05/25 23:58:23,STABLE BEAMS,6800,1279.584717896,1263.009896970,48.8,HFET
391688:10590,102:102,05/05/25 23:58:46,STABLE BEAMS,6800,1276.728207286,1260.215347965,48.7,HFET
391688:10590,103:103,05/05/25 23:59:09,STABLE BEAMS,6800,1274.497515110,1257.972181508,48.6,HFET
391688:10590,104:104,05/05/25 23:59:32,STABLE BEAMS,6800,1272.813972612,1238.669586155,48.6,HFET
391688:10590,105:105,05/05/25 23:59:56,STABLE BEAMS,6800,1270.610405340,1254.229383170,48.5,HFET
391688:10590,106:106,05/06/25 00:00:19,STABLE BEAMS,6800,1269.939296982,1253.497288134,48.4,HFET
391688:10590,107:107,05/06/25 00:00:42,STABLE BEAMS,6800,1270.418307399,1254.210592412,48.5,HFET
391688:10590,108:108,05/06/25 00:01:06,STABLE BEAMS,6800,1270.600815976,1254.099955183,48.5,HFET
391688:10590,109:109,05/06/25 00:01:29,STABLE BEAMS,6800,1270.305254270,1253.989950400,48.5,HFET
391688:10590,110:110,05/06/25 00:01:52,STABLE BEAMS,6800,1270.482547148,1254.225547634,48.5,HFET
391688:10590,111:111,05/06/25 00:02:16,STABLE BEAMS,6800,1270.760409814,1254.322918558,48.5,HFET
391688:10590,112:112,05/06/25 00:02:39,STABLE BEAMS,6800,1270.365986911,1254.191650325,48.5,HFET
391698:10591,38:38,05/06/25 01:51:41,STABLE BEAMS,6800,1225.925095321,527.497151444,46.8,HFET
391698:10591,39:39,05/06/25 01:52:04,STABLE BEAMS,6800,1224.449714788,1076.554267018,46.7,HFET
391698:10591,40:40,05/06/25 01:52:28,STABLE BEAMS,6800,1222.737559523,1206.895014461,46.6,HFET
391698:10591,41:41,05/06/25 01:52:51,STABLE BEAMS,6800,1221.393699618,1188.546589202,46.6,HFET
391698:10591,42:42,05/06/25 01:53:14,STABLE BEAMS,6800,1219.769794300,1203.402682174,46.5,HFET
391698:10591,43:43,05/06/25 01:53:38,STABLE BEAMS,6800,1218.868843674,1203.171741218,46.5,HFET
391698:10591,44:44,05/06/25 01:54:01,STABLE BEAMS,6800,1231.140941106,1215.151945284,47.0,HFET
391698:10591,45:45,05/06/25 01:54:24,STABLE BEAMS,6800,1275.238945474,1258.916218789,48.6,HFET
391698:10591,46:46,05/06/25 01:54:48,STABLE BEAMS,6800,1277.866480374,1261.745934168,48.7,HFET
391698:10591,47:47,05/06/25 01:55:11,STABLE BEAMS,6800,1277.296800187,1260.992804065,48.7,HFET
391698:10591,48:48,05/06/25 01:55:34,STABLE BEAMS,6800,1276.092962987,1259.812243562,48.7,HFET
391698:10591,49:49,05/06/25 01:55:57,STABLE BEAMS,6800,1275.677652765,1259.383374906,48.7,HFET
391698:10591,50:50,05/06/25 01:56:21,STABLE BEAMS,6800,1285.551975813,1269.339379509,49.0,HFET
391698:10591,51:51,05/06/25 01:56:44,STABLE BEAMS,6800,1331.698785085,1314.857858173,50.8,HFET
391698:10591,52:52,05/06/25 01:57:07,STABLE BEAMS,6800,1336.226755431,1319.139966787,51.0,HFET
391698:10591,53:53,05/06/25 01:57:31,STABLE BEAMS,6800,1334.740927152,1317.685230921,50.9,HFET
391698:10591,54:54,05/06/25 01:57:54,STABLE BEAMS,6800,1333.755936742,1296.840222853,50.9,HFET
391698:10591,55:55,05/06/25 01:58:17,STABLE BEAMS,6800,1332.797294603,1315.878287538,50.8,HFET
391698:10591,56:56,05/06/25 01:58:41,STABLE BEAMS,6800,1341.570385833,1324.479237398,51.2,HFET
391698:10591,57:57,05/06/25 01:59:04,STABLE BEAMS,6800,1389.245125028,1371.497595936,53.0,HFET
391698:10591,58:58,05/06/25 01:59:27,STABLE BEAMS,6800,1393.834065092,1375.975406679,53.2,HFET
391698:10591,59:59,05/06/25 01:59:51,STABLE BEAMS,6800,1392.251713688,1374.520213471,53.1,HFET
391698:10591,60:60,05/06/25 02:00:14,STABLE BEAMS,6800,1390.780543320,1373.047884444,53.1,HFET
391698:10591,61:61,05/06/25 02:00:37,STABLE BEAMS,6800,1389.736455284,1372.202658515,53.0,HFET
391698:10591,62:62,05/06/25 02:01:00,STABLE BEAMS,6800,1388.406239580,1370.717756376,53.0,HFET
391698:10591,63:63,05/06/25 02:01:24,STABLE BEAMS,6800,1387.400034848,1369.073391909,52.9,HFET
391698:10591,64:64,05/06/25 02:01:47,STABLE BEAMS,6800,1386.321488866,1368.789131412,52.9,HFET
391698:10591,65:65,05/06/25 02:02:10,STABLE BEAMS,6800,1385.155935548,1367.440830830,52.8,HFET
391698:10591,66:66,05/06/25 02:02:34,STABLE BEAMS,6800,1384.095162182,1347.036175738,52.8,HFET
391698:10591,67:67,05/06/25 02:02:57,STABLE BEAMS,6800,1383.382262834,1365.741954207,52.8,HFET
391698:10591,68:68,05/06/25 02:03:20,STABLE BEAMS,6800,1381.683898923,1364.110707005,52.7,HFET
391698:10591,69:69,05/06/25 02:03:44,STABLE BEAMS,6800,1380.788253921,1363.339700153,52.7,HFET
391698:10591,70:70,05/06/25 02:04:07,STABLE BEAMS,6800,1379.857840321,1361.736757607,52.6,HFET
391698:10591,71:71,05/06/25 02:04:30,STABLE BEAMS,6800,1379.004296962,1361.230436895,52.6,HFET
391698:10591,72:72,05/06/25 02:04:54,STABLE BEAMS,6800,1396.558891575,1378.610714580,53.3,HFET
391698:10591,73:73,05/06/25 02:05:17,STABLE BEAMS,6800,1441.967540514,1423.019108801,55.0,HFET
391698:10591,74:74,05/06/25 02:05:40,STABLE BEAMS,6800,1440.147564169,1421.806756693,54.9,HFET
391698:10591,75:75,05/06/25 02:06:04,STABLE BEAMS,6800,1438.040201194,1419.668632065,54.9,HFET
391698:10591,76:76,05/06/25 02:06:27,STABLE BEAMS,6800,1436.588520207,1418.333454581,54.8,HFET
391698:10591,77:77,05/06/25 02:06:50,STABLE BEAMS,6800,1434.878621263,1416.728072345,54.7,HFET
391698:10591,78:78,05/06/25 02:07:13,STABLE BEAMS,6800,1462.240421549,1443.745152942,55.8,HFET
391698:10591,79:79,05/06/25 02:07:37,STABLE BEAMS,6800,1494.716467773,1453.773327915,57.0,HFET
391698:10591,80:80,05/06/25 02:08:00,STABLE BEAMS,6800,1493.807104993,1474.839907843,57.0,HFET
391698:10591,81:81,05/06/25 02:08:23,STABLE BEAMS,6800,1491.988837239,1473.075318623,56.9,HFET
391698:10591,82:82,05/06/25 02:08:47,STABLE BEAMS,6800,1491.109092761,1472.047458817,56.9,HFET
391698:10591,83:83,05/06/25 02:09:10,STABLE BEAMS,6800,1492.110457848,1150.038511622,56.9,HFET
391698:10591,84:84,05/06/25 02:09:33,STABLE BEAMS,6800,1531.296524890,1511.791981171,58.4,HFET
391698:10591,85:85,05/06/25 02:09:57,STABLE BEAMS,6800,1550.904371648,1531.000692594,59.2,HFET
391698:10591,86:86,05/06/25 02:10:20,STABLE BEAMS,6800,1550.082792838,1530.423964078,59.1,HFET
391698:10591,87:87,05/06/25 02:10:43,STABLE BEAMS,6800,1549.775303695,1530.217182447,59.1,HFET
391698:10591,88:88,05/06/25 02:11:07,STABLE BEAMS,6800,1549.003928028,1529.178557930,59.1,HFET
391698:10591,89:89,05/06/25 02:11:30,STABLE BEAMS,6800,1547.596376103,1527.874623314,59.0,HFET
391698:10591,90:90,05/06/25 02:11:53,STABLE BEAMS,6800,1546.458568993,1527.048491649,59.0,HFET
391698:10591,91:91,05/06/25 02:12:16,STABLE BEAMS,6800,1544.702677071,1525.086301288,58.9,HFET
391698:10591,92:92,05/06/25 02:12:40,STABLE BEAMS,6800,1542.571303897,1500.970501773,58.8,HFET
391698:10591,93:93,05/06/25 02:13:03,STABLE BEAMS,6800,1541.226119628,1521.539981377,58.8,HFET
391698:10591,94:94,05/06/25 02:13:26,STABLE BEAMS,6800,1539.851938365,1520.262652647,58.7,HFET
391698:10591,95:95,05/06/25 02:13:50,STABLE BEAMS,6800,1538.859770238,1519.216331914,58.7,HFET
391698:10591,96:96,05/06/25 02:14:13,STABLE BEAMS,6800,1537.485114820,1517.890015245,58.7,HFET
391698:10591,97:97,05/06/25 02:14:36,STABLE BEAMS,6800,1536.725282360,1517.155254929,58.6,HFET
391698:10591,98:98,05/06/25 02:15:00,STABLE BEAMS,6800,1535.085084116,1515.728456686,58.6,HFET
391698:10591,99:99,05/06/25 02:15:23,STABLE BEAMS,6800,1534.458260146,1514.799301405,58.5,HFET
391698:10591,100:100,05/06/25 02:15:46,STABLE BEAMS,6800,1535.125624319,1515.573040412,58.6,HFET
391698:10591,101:101,05/06/25 02:16:10,STABLE BEAMS,6800,1531.453388252,1511.968754115,58.4,HFET
391698:10591,102:102,05/06/25 02:16:33,STABLE BEAMS,6800,1529.881018616,1149.419089261,58.4,HFET
391698:10591,103:103,05/06/25 02:16:56,STABLE BEAMS,6800,1530.649116078,1511.008304336,58.4,HFET
391698:10591,104:104,05/06/25 02:17:20,STABLE BEAMS,6800,1529.339795869,1509.957165356,58.3,HFET
391698:10591,105:105,05/06/25 02:17:43,STABLE BEAMS,6800,1528.895709378,1509.427577783,58.3,HFET
391698:10591,106:106,05/06/25 02:18:06,STABLE BEAMS,6800,1527.874233603,1485.601010377,58.3,HFET
391698:10591,107:107,05/06/25 02:18:29,STABLE BEAMS,6800,1527.306499084,1507.769025734,58.3,HFET
391698:10591,108:108,05/06/25 02:18:53,STABLE BEAMS,6800,1525.608143348,1506.411753392,58.2,HFET
391698:10591,109:109,05/06/25 02:19:16,STABLE BEAMS,6800,1522.769331778,1503.298611658,58.1,HFET
391698:10591,110:110,05/06/25 02:19:39,STABLE BEAMS,6800,1522.117557475,1502.926621226,58.1,HFET
391698:10591,111:111,05/06/25 02:20:03,STABLE BEAMS,6800,1520.602724025,1501.046594527,58.0,HFET
391698:10591,112:112,05/06/25 02:20:26,STABLE BEAMS,6800,1520.207916894,1500.867083528,58.0,HFET
391698:10591,113:113,05/06/25 02:20:49,STABLE BEAMS,6800,1519.563156806,1500.384862804,58.0,HFET
391698:10591,114:114,05/06/25 02:21:13,STABLE BEAMS,6800,1518.080753884,1498.628722763,57.9,HFET
391698:10591,115:115,05/06/25 02:21:36,STABLE BEAMS,6800,1517.095608148,1497.944839835,57.9,HFET
391698:10591,116:116,05/06/25 02:21:59,STABLE BEAMS,6800,1517.485583809,1497.926127584,57.9,HFET
391698:10591,117:117,05/06/25 02:22:23,STABLE BEAMS,6800,1515.800479871,1496.632812039,57.8,HFET
391698:10591,118:118,05/06/25 02:22:46,STABLE BEAMS,6800,1515.258316991,1474.475028169,57.8,HFET
391698:10591,119:119,05/06/25 02:23:09,STABLE BEAMS,6800,1513.687664120,1494.338839995,57.7,HFET
391698:10591,120:120,05/06/25 02:23:33,STABLE BEAMS,6800,1513.030428867,1493.897789007,57.7,HFET
391698:10591,121:121,05/06/25 02:23:56,STABLE BEAMS,6800,1513.035423838,1493.804600620,57.7,HFET
391698:10591,122:122,05/06/25 02:24:19,STABLE BEAMS,6800,1555.730470675,1536.073456804,59.3,HFET
391698:10591,123:123,05/06/25 02:24:42,STABLE BEAMS,6800,1573.103725747,1553.168687866,60.0,HFET
391698:10591,124:124,05/06/25 02:25:06,STABLE BEAMS,6800,1572.858293608,1552.868616096,60.0,HFET
391698:10591,125:125,05/06/25 02:25:29,STABLE BEAMS,6800,1572.240200620,1552.317605142,60.0,HFET
391698:10591,126:126,05/06/25 02:25:52,STABLE BEAMS,6800,1571.379324218,1551.658706664,59.9,HFET
391698:10591,127:127,05/06/25 02:26:16,STABLE BEAMS,6800,1571.896226113,1548.975337879,60.0,HFET
391698:10591,128:128,05/06/25 02:26:39,STABLE BEAMS,6800,1568.034687981,1548.089117402,59.8,HFET
391698:10591,129:129,05/06/25 02:27:02,STABLE BEAMS,6800,1565.677690878,1545.579191104,59.7,HFET
391698:10591,130:130,05/06/25 02:27:26,STABLE BEAMS,6800,1563.333953748,1543.524213516,59.6,HFET
391698:10591,131:131,05/06/25 02:27:49,STABLE BEAMS,6800,1560.247216641,1518.401845003,59.5,HFET
391698:10591,132:132,05/06/25 02:28:12,STABLE BEAMS,6800,1558.186328974,1538.148331232,59.4,HFET
391698:10591,133:133,05/06/25 02:28:36,STABLE BEAMS,6800,1555.894977733,1536.220305168,59.4,HFET
391698:10591,134:134,05/06/25 02:28:59,STABLE BEAMS,6800,1552.495454035,1169.092404730,59.2,HFET
391698:10591,135:135,05/06/25 02:29:22,STABLE BEAMS,6800,1550.045056686,1530.408880062,59.1,HFET
391698:10591,136:136,05/06/25 02:29:45,STABLE BEAMS,6800,1547.957967900,1528.390303827,59.0,HFET
391698:10591,137:137,05/06/25 02:30:09,STABLE BEAMS,6800,1545.314532476,1525.521644962,58.9,HFET
391698:10591,138:138,05/06/25 02:30:32,STABLE BEAMS,6800,1544.259064734,1524.640222494,58.9,HFET
391698:10591,139:139,05/06/25 02:30:55,STABLE BEAMS,6800,1543.255982881,1523.633694793,58.9,HFET
391698:10591,140:140,05/06/25 02:31:19,STABLE BEAMS,6800,1541.223004924,1521.664046412,58.8,HFET
391698:10591,141:141,05/06/25 02:31:42,STABLE BEAMS,6800,1540.980540338,1521.186584583,58.8,HFET
391698:10591,142:142,05/06/25 02:32:05,STABLE BEAMS,6800,1539.332853725,1519.482991405,58.7,HFET
391698:10591,143:143,05/06/25 02:32:29,STABLE BEAMS,6800,1538.632895523,1518.931457995,58.7,HFET
391698:10591,144:144,05/06/25 02:32:52,STABLE BEAMS,6800,1538.725053157,1519.061322871,58.7,HFET
391698:10591,145:145,05/06/25 02:33:15,STABLE BEAMS,6800,1536.664320817,1495.298293236,58.6,HFET
391698:10591,146:146,05/06/25 02:33:39,STABLE BEAMS,6800,1536.357142327,1516.619644008,58.6,HFET
391698:10591,147:147,05/06/25 02:34:02,STABLE BEAMS,6800,1536.397216551,1516.641620717,58.6,HFET
391698:10591,148:148,05/06/25 02:34:25,STABLE BEAMS,6800,1535.868624297,1516.392262907,58.6,HFET
391698:10591,149:149,05/06/25 02:34:49,STABLE BEAMS,6800,1535.763370191,1516.375488271,58.6,HFET
391698:10591,150:150,05/06/25 02:35:12,STABLE BEAMS,6800,1535.355155934,1515.715455334,58.6,HFET
391698:10591,151:151,05/06/25 02:35:35,STABLE BEAMS,6800,1534.533724275,1515.156243763,58.5,HFET
391698:10591,152:152,05/06/25 02:35:58,STABLE BEAMS,6800,1534.587524452,1514.962765411,58.5,HFET
391698:10591,153:153,05/06/25 02:36:22,STABLE BEAMS,6800,1533.334178990,1513.990855675,58.5,HFET
391698:10591,154:154,05/06/25 02:36:45,STABLE BEAMS,6800,1533.202576613,1513.597721941,58.5,HFET
391698:10591,155:155,05/06/25 02:37:08,STABLE BEAMS,6800,1532.894466165,1513.400999498,58.5,HFET
391698:10591,156:156,05/06/25 02:37:32,STABLE BEAMS,6800,1531.826367930,1512.453857545,58.4,HFET
391698:10591,157:157,05/06/25 02:37:55,STABLE BEAMS,6800,1532.523979885,1490.442913026,58.5,HFET
391698:10591,158:158,05/06/25 02:38:18,STABLE BEAMS,6800,1531.231655660,1511.384768665,58.4,HFET
391698:10591,159:159,05/06/25 02:38:42,STABLE BEAMS,6800,1531.131551851,1511.671455332,58.4,HFET
391698:10591,160:160,05/06/25 02:39:05,STABLE BEAMS,6800,1529.387350287,1509.950151115,58.3,HFET
391698:10591,161:161,05/06/25 02:39:28,STABLE BEAMS,6800,1527.110812285,1507.693807826,58.3,HFET
391698:10591,162:162,05/06/25 02:39:52,STABLE BEAMS,6800,1526.067190228,1506.792983286,58.2,HFET
391698:10591,163:163,05/06/25 02:40:15,STABLE BEAMS,6800,1523.300891584,1503.717325268,58.1,HFET
391698:10591,164:164,05/06/25 02:40:38,STABLE BEAMS,6800,1519.139818659,1499.928475267,58.0,HFET
391698:10591,165:165,05/06/25 02:41:01,STABLE BEAMS,6800,1516.479542578,1497.016211582,57.8,HFET
391698:10591,166:166,05/06/25 02:41:25,STABLE BEAMS,6800,1513.787612602,1494.680045842,57.7,HFET
391698:10591,167:167,05/06/25 02:41:48,STABLE BEAMS,6800,1509.945408526,1490.820099639,57.6,HFET
391698:10591,168:168,05/06/25 02:42:11,STABLE BEAMS,6800,1507.393035276,1488.213801541,57.5,HFET
391698:10591,169:169,05/06/25 02:42:35,STABLE BEAMS,6800,1503.513569202,1484.465425740,57.4,HFET
391698:10591,170:170,05/06/25 02:42:58,STABLE BEAMS,6800,1529.537510088,1256.276302202,58.3,HFET
391699:10591,1:1,05/06/25 02:48:49,STABLE BEAMS,6800,1558.058307281,1459.597199418,59.4,HFET
391699:10591,2:2,05/06/25 02:49:12,STABLE BEAMS,6800,1557.525349536,1535.973345610,59.4,HFET
391699:10591,3:3,05/06/25 02:49:35,STABLE BEAMS,6800,1556.924252531,1536.782958545,59.4,HFET
391699:10591,4:4,05/06/25 02:49:59,STABLE BEAMS,6800,1556.884022981,1537.009763842,59.4,HFET
391699:10591,5:5,05/06/25 02:50:22,STABLE BEAMS,6800,1556.452256330,1536.776474239,59.4,HFET
391699:10591,6:6,05/06/25 02:50:45,STABLE BEAMS,6800,1555.882968547,1536.034842574,59.4,HFET
391699:10591,7:7,05/06/25 02:51:08,STABLE BEAMS,6800,1555.227916038,1535.678849969,59.3,HFET
391699:10591,8:8,05/06/25 02:51:32,STABLE BEAMS,6800,1556.006616574,1536.100524189,59.4,HFET
391699:10591,9:9,05/06/25 02:51:55,STABLE BEAMS,6800,1554.254305335,1534.488469433,59.3,HFET
391699:10591,10:10,05/06/25 02:52:18,STABLE BEAMS,6800,1553.806327508,1534.041002201,59.3,HFET
391699:10591,11:11,05/06/25 02:52:42,STABLE BEAMS,6800,1553.780911196,1533.952932749,59.3,HFET
391699:10591,12:12,05/06/25 02:53:05,STABLE BEAMS,6800,1552.841137133,1533.036257949,59.2,HFET
391699:10591,13:13,05/06/25 02:53:28,STABLE BEAMS,6800,1552.482978868,1510.715552310,59.2,HFET
391699:10591,14:14,05/06/25 02:53:52,STABLE BEAMS,6800,1551.304010250,1531.556461223,59.2,HFET
391699:10591,15:15,05/06/25 02:54:15,STABLE BEAMS,6800,1550.545265075,1530.729742059,59.1,HFET
391699:10591,16:16,05/06/25 02:54:38,STABLE BEAMS,6800,1549.973483893,1529.945020719,59.1,HFET
391699:10591,17:17,05/06/25 02:55:02,STABLE BEAMS,6800,1549.193221918,1529.444471405,59.1,HFET
391699:10591,18:18,05/06/25 02:55:25,STABLE BEAMS,6800,1548.733398405,1528.943245988,59.1,HFET
391699:10591,19:19,05/06/25 02:55:48,STABLE BEAMS,6800,1547.922569820,1527.956037329,59.0,HFET
391699:10591,20:20,05/06/25 02:56:12,STABLE BEAMS,6800,1546.486952858,1526.844231196,59.0,HFET
391699:10591,21:21,05/06/25 02:56:35,STABLE BEAMS,6800,1544.930483745,1525.178612552,58.9,HFET
391699:10591,22:22,05/06/25 02:56:58,STABLE BEAMS,6800,1544.936566001,1525.253865275,58.9,HFET
391699:10591,23:23,05/06/25 02:57:21,STABLE BEAMS,6800,1543.024121369,1523.401102490,58.9,HFET
391699:10591,24:24,05/06/25 02:57:45,STABLE BEAMS,6800,1543.143714559,1523.359499995,58.9,HFET
391699:10591,25:25,05/06/25 02:58:08,STABLE BEAMS,6800,1539.697102421,1520.231661024,58.7,HFET
391699:10591,26:26,05/06/25 02:58:31,STABLE BEAMS,6800,1538.541988675,1497.096803664,58.7,HFET
391699:10591,27:27,05/06/25 02:58:55,STABLE BEAMS,6800,1536.548929616,1517.172378446,58.6,HFET
391699:10591,28:28,05/06/25 02:59:18,STABLE BEAMS,6800,1535.342206614,1515.801506240,58.6,HFET
391699:10591,29:29,05/06/25 02:59:41,STABLE BEAMS,6800,1533.857784447,1514.372546785,58.5,HFET
391699:10591,30:30,05/06/25 03:00:05,STABLE BEAMS,6800,1533.001584188,1513.496521467,58.5,HFET
391699:10591,31:31,05/06/25 03:00:28,STABLE BEAMS,6800,1531.973094198,1512.413911286,58.4,HFET
391699:10591,32:32,05/06/25 03:00:51,STABLE BEAMS,6800,1531.647513612,1512.164061379,58.4,HFET
391699:10591,33:33,05/06/25 03:01:15,STABLE BEAMS,6800,1530.334293892,1510.851492763,58.4,HFET
391699:10591,34:34,05/06/25 03:01:38,STABLE BEAMS,6800,1529.358189791,1509.816348607,58.3,HFET
391699:10591,35:35,05/06/25 03:02:01,STABLE BEAMS,6800,1527.991333395,1508.587905638,58.3,HFET
391699:10591,36:36,05/06/25 03:02:24,STABLE BEAMS,6800,1526.768709870,1507.431769184,58.2,HFET
391699:10591,37:37,05/06/25 03:02:48,STABLE BEAMS,6800,1525.473107439,1505.994002217,58.2,HFET
391699:10591,38:38,05/06/25 03:03:11,STABLE BEAMS,6800,1524.226784368,1504.908955420,58.1,HFET
391699:10591,39:39,05/06/25 03:03:34,STABLE BEAMS,6800,1524.137594286,1482.267183741,58.1,HFET
391699:10591,40:40,05/06/25 03:03:58,STABLE BEAMS,6800,1522.789916619,1503.444552498,58.1,HFET
391699:10591,41:41,05/06/25 03:04:21,STABLE BEAMS,6800,1521.131626932,1501.925558744,58.0,HFET
391699:10591,42:42,05/06/25 03:04:44,STABLE BEAMS,6800,1519.395535043,1500.042577495,58.0,HFET
391699:10591,43:43,05/06/25 03:05:08,STABLE BEAMS,6800,1518.130188570,1498.917859052,57.9,HFET
391699:10591,44:44,05/06/25 03:05:31,STABLE BEAMS,6800,1516.794045936,1497.291961897,57.9,HFET
391699:10591,45:45,05/06/25 03:05:54,STABLE BEAMS,6800,1514.781652821,1495.604476803,57.8,HFET
391699:10591,46:46,05/06/25 03:06:18,STABLE BEAMS,6800,1512.731360053,1493.565714331,57.7,HFET
391699:10591,47:47,05/06/25 03:06:41,STABLE BEAMS,6800,1512.128235629,1492.854143936,57.7,HFET
391699:10591,48:48,05/06/25 03:07:04,STABLE BEAMS,6800,1511.160862509,1492.068437127,57.6,HFET
391699:10591,49:49,05/06/25 03:07:28,STABLE BEAMS,6800,1511.163200581,1491.910777096,57.6,HFET
391699:10591,50:50,05/06/25 03:07:51,STABLE BEAMS,6800,1554.603896120,1534.927758555,59.3,HFET
391699:10591,51:51,05/06/25 03:08:14,STABLE BEAMS,6800,1584.385061165,1564.143119231,60.4,HFET
391699:10591,52:52,05/06/25 03:08:37,STABLE BEAMS,6800,1583.507810085,1000.100339507,60.4,HFET
391699:10591,53:53,05/06/25 03:09:01,STABLE BEAMS,6800,1582.923243084,1348.031289138,60.4,HFET
391699:10591,54:54,05/06/25 03:09:24,STABLE BEAMS,6800,1581.633722910,1561.608689661,60.3,HFET
391699:10591,55:55,05/06/25 03:09:47,STABLE BEAMS,6800,1583.188785910,1562.897959084,60.4,HFET
391699:10591,56:56,05/06/25 03:10:11,STABLE BEAMS,6800,1579.542898114,1559.365831981,60.3,HFET
391699:10591,57:57,05/06/25 03:10:34,STABLE BEAMS,6800,1578.793824054,1558.424568735,60.2,HFET
391699:10591,58:58,05/06/25 03:10:57,STABLE BEAMS,6800,1577.008452807,1557.092362434,60.2,HFET
391699:10591,59:59,05/06/25 03:11:21,STABLE BEAMS,6800,1576.255479236,1556.213607079,60.1,HFET
391699:10591,60:60,05/06/25 03:11:44,STABLE BEAMS,6800,1575.151361615,1554.908716108,60.1,HFET
391699:10591,61:61,05/06/25 03:12:07,STABLE BEAMS,6800,1573.873073996,1553.926785605,60.0,HFET
391699:10591,62:62,05/06/25 03:12:31,STABLE BEAMS,6800,1572.448051933,1552.437345183,60.0,HFET
391699:10591,63:63,05/06/25 03:12:54,STABLE BEAMS,6800,1571.086492987,1551.115587754,59.9,HFET
391699:10591,64:64,05/06/25 03:13:17,STABLE BEAMS,6800,1570.413512537,1550.399492638,59.9,HFET
391699:10591,65:65,05/06/25 03:13:40,STABLE BEAMS,6800,1569.479199425,1527.196887067,59.9,HFET
391699:10591,66:66,05/06/25 03:14:04,STABLE BEAMS,6800,1567.702559159,1547.948098019,59.8,HFET
391699:10591,67:67,05/06/25 03:14:27,STABLE BEAMS,6800,1566.698234694,1546.581404785,59.8,HFET
391699:10591,68:68,05/06/25 03:14:50,STABLE BEAMS,6800,1565.506014277,1545.631426205,59.7,HFET
391699:10591,69:69,05/06/25 03:15:14,STABLE BEAMS,6800,1564.516192397,1544.673566982,59.7,HFET
391699:10591,70:70,05/06/25 03:15:37,STABLE BEAMS,6800,1563.214197057,1543.320998775,59.6,HFET
391699:10591,71:71,05/06/25 03:16:00,STABLE BEAMS,6800,1561.846564029,1542.055671211,59.6,HFET
391699:10591,72:72,05/06/25 03:16:24,STABLE BEAMS,6800,1560.089887299,1540.330180993,59.5,HFET
391699:10591,73:73,05/06/25 03:16:47,STABLE BEAMS,6800,1559.034885537,1539.139860514,59.5,HFET
391699:10591,74:74,05/06/25 03:17:10,STABLE BEAMS,6800,1558.336014620,1538.504152245,59.4,HFET
391699:10591,75:75,05/06/25 03:17:34,STABLE BEAMS,6800,1556.947952077,1537.013484119,59.4,HFET
391699:10591,76:76,05/06/25 03:17:57,STABLE BEAMS,6800,1555.215440872,1535.329852199,59.3,HFET
391699:10591,77:77,05/06/25 03:18:20,STABLE BEAMS,6800,1554.498805515,1534.778041002,59.3,HFET
391699:10591,78:78,05/06/25 03:18:44,STABLE BEAMS,6800,1552.641240169,1510.737031822,59.2,HFET
391699:10591,79:79,05/06/25 03:19:07,STABLE BEAMS,6800,1551.594192756,1531.913236404,59.2,HFET
391699:10591,80:80,05/06/25 03:19:30,STABLE BEAMS,6800,1550.011220045,1530.099047562,59.1,HFET
391699:10591,81:81,05/06/25 03:19:53,STABLE BEAMS,6800,1548.968529948,1529.080831504,59.1,HFET
391699:10591,82:82,05/06/25 03:20:17,STABLE BEAMS,6800,1548.050280860,1528.090220869,59.1,HFET
391699:10591,83:83,05/06/25 03:20:40,STABLE BEAMS,6800,1546.909514373,1527.186187885,59.0,HFET
391699:10591,84:84,05/06/25 03:21:03,STABLE BEAMS,6800,1545.143640682,1525.475247850,58.9,HFET
391699:10591,85:85,05/06/25 03:21:27,STABLE BEAMS,6800,1546.278635566,1526.433584070,59.0,HFET
391699:10591,86:86,05/06/25 03:21:50,STABLE BEAMS,6800,1543.747779117,1524.086112631,58.9,HFET
391699:10591,87:87,05/06/25 03:22:13,STABLE BEAMS,6800,1542.976558775,1523.371066895,58.9,HFET
391699:10591,88:88,05/06/25 03:22:37,STABLE BEAMS,6800,1541.941986528,1522.184943076,58.8,HFET
391699:10591,89:89,05/06/25 03:23:00,STABLE BEAMS,6800,1540.446797787,1521.145230477,58.8,HFET
391699:10591,90:90,05/06/25 03:23:23,STABLE BEAMS,6800,1538.883003805,1519.402905568,58.7,HFET
391699:10591,91:91,05/06/25 03:23:47,STABLE BEAMS,6800,1535.879538024,1494.612999175,58.6,HFET
391699:10591,92:92,05/06/25 03:24:10,STABLE BEAMS,6800,1534.319480052,1514.888370090,58.5,HFET
391699:10591,93:93,05/06/25 03:24:33,STABLE BEAMS,6800,1531.547099151,1512.047397070,58.4,HFET
391699:10591,94:94,05/06/25 03:24:57,STABLE BEAMS,6800,1529.683140896,1510.360346830,58.4,HFET
391699:10591,95:95,05/06/25 03:25:20,STABLE BEAMS,6800,1526.978588602,1507.648455332,58.2,HFET
391699:10591,96:96,05/06/25 03:25:43,STABLE BEAMS,6800,1524.560000475,845.575136257,58.2,HFET
391699:10591,97:97,05/06/25 03:26:06,STABLE BEAMS,6800,1522.739860628,1396.384121682,58.1,HFET
391699:10591,98:98,05/06/25 03:26:30,STABLE BEAMS,6800,1521.198678907,1501.700167817,58.0,HFET
391699:10591,99:99,05/06/25 03:26:53,STABLE BEAMS,6800,1518.785551731,1499.507715619,57.9,HFET
391699:10591,100:100,05/06/25 03:27:16,STABLE BEAMS,6800,1518.672343275,1499.419117228,57.9,HFET
391699:10591,101:101,05/06/25 03:27:40,STABLE BEAMS,6800,1516.840202416,1497.430828797,57.9,HFET
391699:10591,102:102,05/06/25 03:28:03,STABLE BEAMS,6800,1515.289660233,1496.110388223,57.8,HFET
391699:10591,103:103,05/06/25 03:28:26,STABLE BEAMS,6800,1515.017413845,1495.413194561,57.8,HFET
391699:10591,104:104,05/06/25 03:28:50,STABLE BEAMS,6800,1513.826754867,1494.763448662,57.7,HFET
391699:10591,105:105,05/06/25 03:29:13,STABLE BEAMS,6800,1511.773658048,1471.107947743,57.7,HFET
391699:10591,106:106,05/06/25 03:29:36,STABLE BEAMS,6800,1512.048087182,1492.637305947,57.7,HFET
391699:10591,107:107,05/06/25 03:30:00,STABLE BEAMS,6800,1516.940461551,1497.905215022,57.9,HFET
391699:10591,108:108,05/06/25 03:30:23,STABLE BEAMS,6800,1561.158296186,1541.161732271,59.6,HFET
391699:10591,109:109,05/06/25 03:30:46,STABLE BEAMS,6800,1569.452377000,1549.351820966,59.9,HFET
391699:10591,110:110,05/06/25 03:31:10,STABLE BEAMS,6800,1568.354022808,1548.473192378,59.8,HFET
391699:10591,111:111,05/06/25 03:31:33,STABLE BEAMS,6800,1567.659059578,1547.612119427,59.8,HFET
391699:10591,112:112,05/06/25 03:31:56,STABLE BEAMS,6800,1566.897510352,1547.038131566,59.8,HFET
391699:10591,113:113,05/06/25 03:32:19,STABLE BEAMS,6800,1566.370945517,1546.333755455,59.8,HFET
391699:10591,114:114,05/06/25 03:32:43,STABLE BEAMS,6800,1565.997499860,1545.879960114,59.7,HFET
391699:10591,115:115,05/06/25 03:33:06,STABLE BEAMS,6800,1564.927840186,1545.104618955,59.7,HFET
391699:10591,116:116,05/06/25 03:33:29,STABLE BEAMS,6800,1564.257819113,1544.178291976,59.7,HFET
391699:10591,117:117,05/06/25 03:33:53,STABLE BEAMS,6800,1564.161925469,1544.193269353,59.7,HFET
391699:10591,118:118,05/06/25 03:34:16,STABLE BEAMS,6800,1564.883555798,1522.842950464,59.7,HFET
391699:10591,119:119,05/06/25 03:34:39,STABLE BEAMS,6800,1562.933685666,1542.921088472,59.6,HFET
391699:10591,120:120,05/06/25 03:35:03,STABLE BEAMS,6800,1562.003738045,1542.021668863,59.6,HFET
391699:10591,121:121,05/06/25 03:35:26,STABLE BEAMS,6800,1561.096705162,1541.291493697,59.6,HFET
391699:10591,122:122,05/06/25 03:35:49,STABLE BEAMS,6800,1560.564842878,1540.587042327,59.5,HFET
391699:10591,123:123,05/06/25 03:36:13,STABLE BEAMS,6800,1559.442944467,1539.890717132,59.5,HFET
391699:10591,124:124,05/06/25 03:36:36,STABLE BEAMS,6800,1558.082946960,1538.060394767,59.4,HFET
391699:10591,125:125,05/06/25 03:36:59,STABLE BEAMS,6800,1558.076398724,1538.258241551,59.4,HFET
391699:10591,126:126,05/06/25 03:37:22,STABLE BEAMS,6800,1556.539108340,1536.775389154,59.4,HFET
391699:10591,127:127,05/06/25 03:37:46,STABLE BEAMS,6800,1556.090509207,1536.182601477,59.4,HFET
391699:10591,128:128,05/06/25 03:38:09,STABLE BEAMS,6800,1555.417218104,1535.753778753,59.3,HFET
391699:10591,129:129,05/06/25 03:38:32,STABLE BEAMS,6800,1554.117871488,1534.304860539,59.3,HFET
391699:10591,130:130,05/06/25 03:38:56,STABLE BEAMS,6800,1552.702520540,1510.828494911,59.2,HFET
391699:10591,131:131,05/06/25 03:39:19,STABLE BEAMS,6800,1552.326736811,1532.441814117,59.2,HFET
391699:10591,132:132,05/06/25 03:39:42,STABLE BEAMS,6800,1551.961866809,1532.231104683,59.2,HFET
391699:10591,133:133,05/06/25 03:40:06,STABLE BEAMS,6800,1550.505665006,1530.927236471,59.1,HFET
391699:10591,134:134,05/06/25 03:40:29,STABLE BEAMS,6800,1549.415575816,1529.643303921,59.1,HFET
391699:10591,135:135,05/06/25 03:40:52,STABLE BEAMS,6800,1548.751637000,1529.140707700,59.1,HFET
391699:10591,136:136,05/06/25 03:41:16,STABLE BEAMS,6800,1547.494400202,1527.911934850,59.0,HFET
391699:10591,137:137,05/06/25 03:41:39,STABLE BEAMS,6800,1546.158568221,1526.267872630,59.0,HFET
391699:10591,138:138,05/06/25 03:42:02,STABLE BEAMS,6800,1545.191350427,1525.622555640,58.9,HFET
391699:10591,139:139,05/06/25 03:42:26,STABLE BEAMS,6800,1544.423097639,1524.662248120,58.9,HFET
391699:10591,140:140,05/06/25 03:42:49,STABLE BEAMS,6800,1542.755921643,1523.287120387,58.9,HFET
391699:10591,141:141,05/06/25 03:43:12,STABLE BEAMS,6800,1542.008253696,1522.365065908,58.8,HFET
391699:10591,142:142,05/06/25 03:43:35,STABLE BEAMS,6800,1540.585733207,1520.820356254,58.8,HFET
391699:10591,143:143,05/06/25 03:43:59,STABLE BEAMS,6800,1539.711915659,1498.246228143,58.7,HFET
391699:10591,144:144,05/06/25 03:44:22,STABLE BEAMS,6800,1538.709299785,1519.232867711,58.7,HFET
391699:10591,145:145,05/06/25 03:44:45,STABLE BEAMS,6800,1537.382517614,1517.551207411,58.6,HFET
391699:10591,146:146,05/06/25 03:45:09,STABLE BEAMS,6800,1536.141647318,1516.652301332,58.6,HFET
391699:10591,147:147,05/06/25 03:45:32,STABLE BEAMS,6800,1535.317575109,1515.637357797,58.6,HFET
391699:10591,148:148,05/06/25 03:45:55,STABLE BEAMS,6800,1533.906434326,1514.464464014,58.5,HFET
391699:10591,149:149,05/06/25 03:46:19,STABLE BEAMS,6800,1532.891817440,1513.297514809,58.5,HFET
391699:10591,150:150,05/06/25 03:46:42,STABLE BEAMS,6800,1532.195129269,1512.378860178,58.4,HFET
391699:10591,151:151,05/06/25 03:47:05,STABLE BEAMS,6800,1531.165543818,1511.686032190,58.4,HFET
391699:10591,152:152,05/06/25 03:47:28,STABLE BEAMS,6800,1530.087463816,1510.473558284,58.4,HFET
391699:10591,153:153,05/06/25 03:47:52,STABLE BEAMS,6800,1528.382241015,1508.943968928,58.3,HFET
391699:10591,154:154,05/06/25 03:48:15,STABLE BEAMS,6800,1527.749645442,1508.380611774,58.3,HFET
391699:10591,155:155,05/06/25 03:48:38,STABLE BEAMS,6800,1526.647244587,1507.003914337,58.2,HFET
391699:10591,156:156,05/06/25 03:49:02,STABLE BEAMS,6800,1525.806168220,1484.813921957,58.2,HFET
391699:10591,157:157,05/06/25 03:49:25,STABLE BEAMS,6800,1526.371719993,1506.995409717,58.2,HFET
391699:10591,158:158,05/06/25 03:49:48,STABLE BEAMS,6800,1523.513729694,1504.176605570,58.1,HFET
391699:10591,159:159,05/06/25 03:50:12,STABLE BEAMS,6800,1522.962059200,1503.533899490,58.1,HFET
391699:10591,160:160,05/06/25 03:50:35,STABLE BEAMS,6800,1522.164956567,1502.781079204,58.1,HFET
391699:10591,161:161,05/06/25 03:50:58,STABLE BEAMS,6800,1521.065981070,1501.873797200,58.0,HFET
391699:10591,162:162,05/06/25 03:51:22,STABLE BEAMS,6800,1519.669653524,1500.326972509,58.0,HFET
391699:10591,163:163,05/06/25 03:51:45,STABLE BEAMS,6800,1518.483826017,1499.108449960,57.9,HFET
391699:10591,164:164,05/06/25 03:52:08,STABLE BEAMS,6800,1516.506830983,1497.093045556,57.9,HFET
391699:10591,165:165,05/06/25 03:52:32,STABLE BEAMS,6800,1514.369375552,1494.803870416,57.8,HFET
391699:10591,166:166,05/06/25 03:52:55,STABLE BEAMS,6800,1512.302871608,1493.081359197,57.7,HFET
391699:10591,167:167,05/06/25 03:53:18,STABLE BEAMS,6800,1510.539491315,1491.433307940,57.6,HFET
391699:10591,168:168,05/06/25 03:53:42,STABLE BEAMS,6800,1510.185853868,1490.766573921,57.6,HFET
391699:10591,169:169,05/06/25 03:54:05,STABLE BEAMS,6800,1506.133615732,1465.484600880,57.5,HFET
391699:10591,170:170,05/06/25 03:54:28,STABLE BEAMS,6800,1513.700915919,1494.188076387,57.7,HFET
391699:10591,171:171,05/06/25 03:54:51,STABLE BEAMS,6800,1552.861721975,1533.138771670,59.2,HFET
391699:10591,172:172,05/06/25 03:55:15,STABLE BEAMS,6800,1561.911114431,1542.131320109,59.6,HFET
391699:10591,173:173,05/06/25 03:55:38,STABLE BEAMS,6800,1559.495338530,1539.594437614,59.5,HFET
391699:10591,174:174,05/06/25 03:56:01,STABLE BEAMS,6800,1558.243080353,1538.309119713,59.4,HFET
391699:10591,175:175,05/06/25 03:56:25,STABLE BEAMS,6800,1555.937700682,1536.095553808,59.4,HFET
391699:10591,176:176,05/06/25 03:56:48,STABLE BEAMS,6800,1553.926239526,1534.230522017,59.3,HFET
391699:10591,177:177,05/06/25 03:57:11,STABLE BEAMS,6800,1553.608457963,1533.867133436,59.3,HFET
391699:10591,178:178,05/06/25 03:57:35,STABLE BEAMS,6800,1551.480673647,1531.730875758,59.2,HFET
391699:10591,179:179,05/06/25 03:57:58,STABLE BEAMS,6800,1550.791318519,1530.993356401,59.2,HFET
391699:10591,180:180,05/06/25 03:58:21,STABLE BEAMS,6800,1549.724626398,1530.246953034,59.1,HFET
391699:10591,181:181,05/06/25 03:58:45,STABLE BEAMS,6800,1548.680383036,1528.949985574,59.1,HFET
391699:10591,182:182,05/06/25 03:59:08,STABLE BEAMS,6800,1549.024512870,1507.254848003,59.1,HFET
391699:10591,183:183,05/06/25 03:59:31,STABLE BEAMS,6800,1548.582453798,1528.679774928,59.1,HFET
391699:10591,184:184,05/06/25 03:59:55,STABLE BEAMS,6800,1548.597267036,1528.954324725,59.1,HFET
391699:10591,185:185,05/06/25 04:00:18,STABLE BEAMS,6800,1550.413507371,1530.053329438,59.1,HFET
391699:10591,186:186,05/06/25 04:00:41,STABLE BEAMS,6800,1547.431403065,1527.569343267,59.0,HFET
391699:10591,187:187,05/06/25 04:01:04,STABLE BEAMS,6800,1547.171942495,1527.482157528,59.0,HFET
391699:10591,188:188,05/06/25 04:01:28,STABLE BEAMS,6800,1546.942255554,1527.211135326,59.0,HFET
391699:10591,189:189,05/06/25 04:01:51,STABLE BEAMS,6800,1546.745007314,1527.161699402,59.0,HFET
391699:10591,190:190,05/06/25 04:02:14,STABLE BEAMS,6800,1546.475728478,1526.915002643,59.0,HFET
391699:10591,191:191,05/06/25 04:02:38,STABLE BEAMS,6800,1546.511118383,1526.756737271,59.0,HFET
391699:10591,192:192,05/06/25 04:03:01,STABLE BEAMS,6800,1545.595052042,1525.968817910,59.0,HFET
391699:10591,193:193,05/06/25 04:03:24,STABLE BEAMS,6800,1545.178875261,1525.512981042,58.9,HFET
391699:10591,194:194,05/06/25 04:03:48,STABLE BEAMS,6800,1544.863129292,1525.164421336,58.9,HFET
391699:10591,195:195,05/06/25 04:04:11,STABLE BEAMS,6800,1544.245028128,1502.442244954,58.9,HFET
391699:10591,196:196,05/06/25 04:04:34,STABLE BEAMS,6800,1543.092726609,1523.362143669,58.9,HFET
391699:10591,197:197,05/06/25 04:04:58,STABLE BEAMS,6800,1542.923862234,1523.396290888,58.9,HFET
391699:10591,198:198,05/06/25 04:05:21,STABLE BEAMS,6800,1542.734878997,1523.285469806,58.9,HFET
391699:10591,199:199,05/06/25 04:05:44,STABLE BEAMS,6800,1541.938708323,1522.322140330,58.8,HFET
391699:10591,200:200,05/06/25 04:06:07,STABLE BEAMS,6800,1541.435221728,1521.934576222,58.8,HFET
391699:10591,201:201,05/06/25 04:06:31,STABLE BEAMS,6800,1541.006267303,1521.270765850,58.8,HFET
391699:10591,202:202,05/06/25 04:06:54,STABLE BEAMS,6800,1540.207447905,1520.734085783,58.8,HFET
391699:10591,203:203,05/06/25 04:07:17,STABLE BEAMS,6800,1538.060959015,1518.154890978,58.7,HFET
391699:10591,204:204,05/06/25 04:07:41,STABLE BEAMS,6800,1537.484338188,844.908475940,58.7,HFET
391699:10591,205:205,05/06/25 04:08:04,STABLE BEAMS,6800,1536.078658356,1474.044475958,58.6,HFET
391699:10591,206:206,05/06/25 04:08:27,STABLE BEAMS,6800,1533.565574522,1513.991910005,58.5,HFET
391699:10591,207:207,05/06/25 04:08:51,STABLE BEAMS,6800,1531.435296809,1512.137105426,58.4,HFET
391699:10591,208:208,05/06/25 04:09:14,STABLE BEAMS,6800,1529.796194025,1488.123393457,58.4,HFET
391699:10591,209:209,05/06/25 04:09:37,STABLE BEAMS,6800,1527.340965206,1507.647924437,58.3,HFET
391699:10591,210:210,05/06/25 04:10:01,STABLE BEAMS,6800,1525.429918511,1505.955001709,58.2,HFET
391699:10591,211:211,05/06/25 04:10:24,STABLE BEAMS,6800,1524.083638783,1504.879541923,58.1,HFET
391699:10591,212:212,05/06/25 04:10:47,STABLE BEAMS,6800,1521.510533540,1502.075497743,58.0,HFET
391699:10591,213:213,05/06/25 04:11:11,STABLE BEAMS,6800,1520.717641071,1501.494320692,58.0,HFET
391699:10591,214:214,05/06/25 04:11:34,STABLE BEAMS,6800,1519.024116805,1499.686030814,57.9,HFET
391699:10591,215:215,05/06/25 04:11:57,STABLE BEAMS,6800,1517.906583885,1498.506002472,57.9,HFET
391699:10591,216:216,05/06/25 04:12:20,STABLE BEAMS,6800,1518.048634009,1498.765674216,57.9,HFET
391699:10591,217:217,05/06/25 04:12:44,STABLE BEAMS,6800,1516.887912161,1497.518433207,57.9,HFET
391699:10591,218:218,05/06/25 04:13:07,STABLE BEAMS,6800,1516.125586303,1496.768733514,57.8,HFET
391699:10591,219:219,05/06/25 04:13:30,STABLE BEAMS,6800,1515.610245847,1496.113987327,57.8,HFET
391699:10591,220:220,05/06/25 04:13:54,STABLE BEAMS,6800,1515.143089291,1495.773493674,57.8,HFET
391699:10591,221:221,05/06/25 04:14:17,STABLE BEAMS,6800,1515.144495405,1474.200267829,57.8,HFET
391699:10591,222:222,05/06/25 04:14:40,STABLE BEAMS,6800,1514.140628744,1494.878430441,57.8,HFET
391699:10591,223:223,05/06/25 04:15:04,STABLE BEAMS,6800,1513.343689613,1494.191212913,57.7,HFET
391699:10591,224:224,05/06/25 04:15:27,STABLE BEAMS,6800,1517.802580565,1498.436620674,57.9,HFET
391699:10591,225:225,05/06/25 04:15:50,STABLE BEAMS,6800,1545.839544046,1526.147550581,59.0,HFET
391699:10591,226:226,05/06/25 04:16:14,STABLE BEAMS,6800,1566.871472734,1546.897364041,59.8,HFET
391699:10591,227:227,05/06/25 04:16:37,STABLE BEAMS,6800,1575.897631624,1555.897881687,60.1,HFET
391699:10591,228:228,05/06/25 04:17:00,STABLE BEAMS,6800,1576.794519237,1556.954814246,60.1,HFET
391699:10591,229:229,05/06/25 04:17:23,STABLE BEAMS,6800,1577.462823543,1557.404095744,60.2,HFET
391699:10591,230:230,05/06/25 04:17:47,STABLE BEAMS,6800,1576.428717276,1556.093734572,60.1,HFET
391699:10591,231:231,05/06/25 04:18:10,STABLE BEAMS,6800,1576.554703376,1556.648102241,60.1,HFET
391699:10591,232:232,05/06/25 04:18:33,STABLE BEAMS,6800,1576.555954162,1556.040411258,60.1,HFET
391699:10591,233:233,05/06/25 04:18:57,STABLE BEAMS,6800,1575.600116075,1555.536524562,60.1,HFET
391699:10591,234:234,05/06/25 04:19:20,STABLE BEAMS,6800,1574.822666325,1532.542831329,60.1,HFET
391699:10591,235:235,05/06/25 04:19:43,STABLE BEAMS,6800,1572.920195286,1552.627470218,60.0,HFET
391699:10591,236:236,05/06/25 04:20:07,STABLE BEAMS,6800,1571.318673327,1551.353058609,59.9,HFET
391699:10591,237:237,05/06/25 04:20:30,STABLE BEAMS,6800,1567.964055322,1548.010411151,59.8,HFET
391699:10591,238:238,05/06/25 04:20:53,STABLE BEAMS,6800,1565.628419693,1545.877697947,59.7,HFET
391699:10591,239:239,05/06/25 04:21:17,STABLE BEAMS,6800,1562.205041122,1542.441637324,59.6,HFET
391699:10591,240:240,05/06/25 04:21:40,STABLE BEAMS,6800,1559.433739331,1539.330622707,59.5,HFET
391699:10591,241:241,05/06/25 04:22:03,STABLE BEAMS,6800,1556.099550841,1536.429711504,59.4,HFET
391699:10591,242:242,05/06/25 04:22:27,STABLE BEAMS,6800,1551.885617873,1531.922726171,59.2,HFET
391699:10591,243:243,05/06/25 04:22:50,STABLE BEAMS,6800,1550.719753902,1530.727493047,59.2,HFET
391699:10591,244:244,05/06/25 04:23:13,STABLE BEAMS,6800,1550.304206602,1530.704666126,59.1,HFET
391699:10591,245:245,05/06/25 04:23:36,STABLE BEAMS,6800,1546.349734204,1526.489760449,59.0,HFET
391699:10591,246:246,05/06/25 04:24:00,STABLE BEAMS,6800,1546.877549825,1527.238718380,59.0,HFET
391699:10591,247:247,05/06/25 04:24:23,STABLE BEAMS,6800,1544.458340392,1502.967931533,58.9,HFET
391699:10591,248:248,05/06/25 04:24:46,STABLE BEAMS,6800,1542.593139525,1522.743898352,58.8,HFET
391699:10591,249:249,05/06/25 04:25:10,STABLE BEAMS,6800,1542.106959567,1522.370597725,58.8,HFET
391699:10591,250:250,05/06/25 04:25:33,STABLE BEAMS,6800,1540.889944144,1521.380767070,58.8,HFET
391699:10591,251:251,05/06/25 04:25:56,STABLE BEAMS,6800,1539.976992506,1520.392724718,58.7,HFET
391699:10591,252:252,05/06/25 04:26:20,STABLE BEAMS,6800,1538.972978694,1519.369924096,58.7,HFET
391699:10591,253:253,05/06/25 04:26:43,STABLE BEAMS,6800,1538.752022734,1518.952940618,58.7,HFET
391699:10591,254:254,05/06/25 04:27:06,STABLE BEAMS,6800,1538.452021961,1519.102823343,58.7,HFET
391699:10591,255:255,05/06/25 04:27:30,STABLE BEAMS,6800,1539.521215656,1519.660115249,58.7,HFET
391699:10591,256:256,05/06/25 04:27:53,STABLE BEAMS,6800,1539.389768605,1519.766724188,58.7,HFET
391699:10591,257:257,05/06/25 04:28:16,STABLE BEAMS,6800,1540.200899669,1520.537404141,58.8,HFET
391699:10591,258:258,05/06/25 04:28:40,STABLE BEAMS,6800,1540.550335127,1520.745009851,58.8,HFET
391699:10591,259:259,05/06/25 04:29:03,STABLE BEAMS,6800,1540.328447208,1520.696375207,58.8,HFET
391699:10591,260:260,05/06/25 04:29:26,STABLE BEAMS,6800,1534.231851410,1492.724267597,58.5,HFET
391699:10591,261:261,05/06/25 04:29:49,STABLE BEAMS,6800,1530.079354140,1510.523190807,58.4,HFET
391699:10591,262:262,05/06/25 04:30:13,STABLE BEAMS,6800,1527.540240864,1508.093739518,58.3,HFET
391699:10591,263:263,05/06/25 04:30:36,STABLE BEAMS,6800,1525.082355145,1505.681688408,58.2,HFET
391699:10591,264:264,05/06/25 04:30:59,STABLE BEAMS,6800,1522.978899857,1503.650016500,58.1,HFET
391699:10591,265:265,05/06/25 04:31:23,STABLE BEAMS,6800,1519.181290821,1499.819471718,58.0,HFET
391699:10591,266:266,05/06/25 04:31:46,STABLE BEAMS,6800,1516.449605449,1497.066922843,57.8,HFET
391699:10591,267:267,05/06/25 04:32:09,STABLE BEAMS,6800,1512.837546118,1493.837193213,57.7,HFET
391699:10591,268:268,05/06/25 04:32:33,STABLE BEAMS,6800,1510.183981775,1490.924590656,57.6,HFET
391699:10591,269:269,05/06/25 04:32:56,STABLE BEAMS,6800,1507.773969303,1488.600673279,57.5,HFET
391699:10591,270:270,05/06/25 04:33:19,STABLE BEAMS,6800,1505.227367657,1486.230722280,57.4,HFET
391699:10591,271:271,05/06/25 04:33:43,STABLE BEAMS,6800,1508.645914758,1489.515484223,57.6,HFET
391699:10591,272:272,05/06/25 04:34:06,STABLE BEAMS,6800,1540.327049270,1520.728781390,58.8,HFET
391699:10591,273:273,05/06/25 04:34:29,STABLE BEAMS,6800,1563.049853499,1520.167107633,59.6,HFET
391699:10591,274:274,05/06/25 04:34:52,STABLE BEAMS,6800,1562.370316638,1542.619721802,59.6,HFET
391699:10591,275:275,05/06/25 04:35:16,STABLE BEAMS,6800,1558.562578683,1538.466233398,59.5,HFET
391699:10591,276:276,05/06/25 04:35:39,STABLE BEAMS,6800,1558.228585943,1538.213078363,59.4,HFET
391699:10591,277:277,05/06/25 04:36:02,STABLE BEAMS,6800,1558.442666664,1538.549254025,59.4,HFET
391699:10591,278:278,05/06/25 04:36:26,STABLE BEAMS,6800,1556.726693639,1536.810646858,59.4,HFET
391699:10591,279:279,05/06/25 04:36:49,STABLE BEAMS,6800,1557.618128476,1538.007080263,59.4,HFET
391699:10591,280:280,05/06/25 04:37:12,STABLE BEAMS,6800,1557.518335321,1537.685738677,59.4,HFET
391699:10591,281:281,05/06/25 04:37:36,STABLE BEAMS,6800,1557.335115512,1537.460296222,59.4,HFET
391699:10591,282:282,05/06/25 04:37:59,STABLE BEAMS,6800,1558.457635229,1538.691106749,59.5,HFET
391699:10591,283:283,05/06/25 04:38:22,STABLE BEAMS,6800,1558.976719869,1539.440001824,59.5,HFET
391699:10591,284:284,05/06/25 04:38:46,STABLE BEAMS,6800,1558.599064048,1538.558731322,59.5,HFET
391699:10591,285:285,05/06/25 04:39:09,STABLE BEAMS,6800,1558.459817974,1538.506735833,59.5,HFET
391699:10591,286:286,05/06/25 04:39:32,STABLE BEAMS,6800,1557.112295634,1514.947087661,59.4,HFET
391699:10591,287:287,05/06/25 04:39:55,STABLE BEAMS,6800,1554.453425667,1534.670232991,59.3,HFET
391699:10591,288:288,05/06/25 04:40:19,STABLE BEAMS,6800,1552.959177059,1531.034937797,59.2,HFET
391699:10591,289:289,05/06/25 04:40:42,STABLE BEAMS,6800,1551.450891844,840.284650048,59.2,HFET
391699:10591,290:290,05/06/25 04:41:05,STABLE BEAMS,6800,1548.040299092,1528.446496826,59.1,HFET
391699:10591,291:291,05/06/25 04:41:29,STABLE BEAMS,6800,1546.908893068,1527.074193348,59.0,HFET
391699:10591,292:292,05/06/25 04:41:52,STABLE BEAMS,6800,1545.267910016,1525.709935121,58.9,HFET
391699:10591,293:293,05/06/25 04:42:15,STABLE BEAMS,6800,1542.568965825,1522.861262059,58.8,HFET
391699:10591,294:294,05/06/25 04:42:39,STABLE BEAMS,6800,1541.214739922,1521.677198523,58.8,HFET
391699:10591,295:295,05/06/25 04:43:02,STABLE BEAMS,6800,1540.451318604,1521.036574842,58.8,HFET
391699:10591,296:296,05/06/25 04:43:25,STABLE BEAMS,6800,1539.634726589,1519.723707491,58.7,HFET
391699:10591,297:297,05/06/25 04:43:49,STABLE BEAMS,6800,1538.869130701,1519.178610298,58.7,HFET
391699:10591,298:298,05/06/25 04:44:12,STABLE BEAMS,6800,1537.870103685,1518.400627265,58.7,HFET
391699:10591,299:299,05/06/25 04:44:35,STABLE BEAMS,6800,1536.836929376,1493.960308161,58.6,HFET
391699:10591,300:300,05/06/25 04:44:59,STABLE BEAMS,6800,1535.551930019,1516.096425490,58.6,HFET
391699:10591,301:301,05/06/25 04:45:22,STABLE BEAMS,6800,1535.688682694,1516.183847754,58.6,HFET
391699:10591,302:302,05/06/25 04:45:45,STABLE BEAMS,6800,1537.855756426,1518.239800338,58.7,HFET
391699:10591,303:303,05/06/25 04:46:08,STABLE BEAMS,6800,1538.080448396,1518.342813250,58.7,HFET
391699:10591,304:304,05/06/25 04:46:32,STABLE BEAMS,6800,1539.818567704,1167.379092212,58.7,HFET
391699:10591,305:305,05/06/25 04:46:55,STABLE BEAMS,6800,1541.603775450,1522.012051201,58.8,HFET
391699:10591,306:306,05/06/25 04:47:18,STABLE BEAMS,6800,1541.939493130,1522.289828678,58.8,HFET
391699:10591,307:307,05/06/25 04:47:42,STABLE BEAMS,6800,1544.102978004,1524.330026149,58.9,HFET
391699:10591,308:308,05/06/25 04:48:05,STABLE BEAMS,6800,1544.234580381,1524.524005560,58.9,HFET
391699:10591,309:309,05/06/25 04:48:28,STABLE BEAMS,6800,1546.202386630,1526.522728685,59.0,HFET
391699:10591,310:310,05/06/25 04:48:52,STABLE BEAMS,6800,1546.998083149,1527.324526417,59.0,HFET
391699:10591,311:311,05/06/25 04:49:15,STABLE BEAMS,6800,1548.072729620,1528.474825960,59.1,HFET
391699:10591,312:312,05/06/25 04:49:38,STABLE BEAMS,6800,1548.952318771,1507.211928795,59.1,HFET
391699:10591,313:313,05/06/25 04:50:02,STABLE BEAMS,6800,1549.237350979,1529.589983159,59.1,HFET
391699:10591,314:314,05/06/25 04:50:25,STABLE BEAMS,6800,1550.474632416,1530.611216768,59.1,HFET
391699:10591,315:315,05/06/25 04:50:48,STABLE BEAMS,6800,1551.862228980,1531.996576305,59.2,HFET
391699:10591,316:316,05/06/25 04:51:12,STABLE BEAMS,6800,1550.410082014,1530.702005497,59.1,HFET
391699:10591,317:317,05/06/25 04:51:35,STABLE BEAMS,6800,1550.924327010,1531.009298870,59.2,HFET
391699:10591,318:318,05/06/25 04:51:58,STABLE BEAMS,6800,1550.481646632,1530.638102954,59.1,HFET
391699:10591,319:319,05/06/25 04:52:22,STABLE BEAMS,6800,1548.927523765,1529.069895282,59.1,HFET
391699:10591,320:320,05/06/25 04:52:45,STABLE BEAMS,6800,1546.456386248,1526.647398647,59.0,HFET
391699:10591,321:321,05/06/25 04:53:08,STABLE BEAMS,6800,1543.653128084,1523.960280026,58.9,HFET
391699:10591,322:322,05/06/25 04:53:31,STABLE BEAMS,6800,1540.415928699,1520.558710860,58.8,HFET
391699:10591,323:323,05/06/25 04:53:55,STABLE BEAMS,6800,1536.704861020,1517.175395428,58.6,HFET
391699:10591,324:324,05/06/25 04:54:18,STABLE BEAMS,6800,1533.955705510,1514.571626504,58.5,HFET
391699:10591,325:325,05/06/25 04:54:41,STABLE BEAMS,6800,1529.741306563,1487.444873304,58.4,HFET
391699:10591,326:326,05/06/25 04:55:05,STABLE BEAMS,6800,1527.503436671,1508.120043572,58.3,HFET
391699:10591,327:327,05/06/25 04:55:28,STABLE BEAMS,6800,1525.172951340,1505.814040424,58.2,HFET
391699:10591,328:328,05/06/25 04:55:51,STABLE BEAMS,6800,1521.654921736,1502.318897491,58.0,HFET
391699:10591,329:329,05/06/25 04:56:15,STABLE BEAMS,6800,1519.856919996,1500.632159687,58.0,HFET
391699:10591,330:330,05/06/25 04:56:38,STABLE BEAMS,6800,1517.386722612,1497.892936264,57.9,HFET
391699:10591,331:331,05/06/25 04:57:01,STABLE BEAMS,6800,1515.875944000,1267.386443738,57.8,HFET
391699:10591,332:332,05/06/25 04:57:25,STABLE BEAMS,6800,1515.454477945,1496.264448228,57.8,HFET
391699:10591,333:333,05/06/25 04:57:48,STABLE BEAMS,6800,1514.120518056,1494.781322741,57.8,HFET
391699:10591,334:334,05/06/25 04:58:11,STABLE BEAMS,6800,1513.262609207,1494.013023710,57.7,HFET
391699:10591,335:335,05/06/25 04:58:34,STABLE BEAMS,6800,1513.192597854,1493.971321690,57.7,HFET
391699:10591,336:336,05/06/25 04:58:58,STABLE BEAMS,6800,1513.380640957,1494.268829843,57.7,HFET
391699:10591,337:337,05/06/25 04:59:21,STABLE BEAMS,6800,1556.066499008,1536.325104407,59.4,HFET
391699:10591,338:338,05/06/25 04:59:44,STABLE BEAMS,6800,1588.942028507,1546.113408594,60.6,HFET
391699:10591,339:339,05/06/25 05:00:08,STABLE BEAMS,6800,1589.185433226,1569.004922989,60.6,HFET
391699:10591,340:340,05/06/25 05:00:31,STABLE BEAMS,6800,1589.143797563,1568.716785387,60.6,HFET
391699:10591,341:341,05/06/25 05:00:54,STABLE BEAMS,6800,1588.164268104,1567.849052690,60.6,HFET
391699:10591,342:342,05/06/25 05:01:18,STABLE BEAMS,6800,1589.001747438,1568.722038748,60.6,HFET
391699:10591,343:343,05/06/25 05:01:41,STABLE BEAMS,6800,1588.619889628,1568.308693766,60.6,HFET
391699:10591,344:344,05/06/25 05:02:04,STABLE BEAMS,6800,1589.433048110,1569.285772759,60.6,HFET
391699:10591,345:345,05/06/25 05:02:28,STABLE BEAMS,6800,1588.955599133,1568.662841248,60.6,HFET
391699:10591,346:346,05/06/25 05:02:51,STABLE BEAMS,6800,1588.728879744,1568.597348453,60.6,HFET
391699:10591,347:347,05/06/25 05:03:14,STABLE BEAMS,6800,1587.789416334,1567.678874757,60.6,HFET
391699:10591,348:348,05/06/25 05:03:38,STABLE BEAMS,6800,1587.725021259,1567.761412992,60.6,HFET
391699:10591,349:349,05/06/25 05:04:01,STABLE BEAMS,6800,1587.946435023,1567.704424805,60.6,HFET
391699:10591,350:350,05/06/25 05:04:24,STABLE BEAMS,6800,1588.263595281,642.007318062,60.6,HFET
391699:10591,351:351,05/06/25 05:04:47,STABLE BEAMS,6800,1587.829956537,1544.583843976,60.6,HFET
391699:10591,352:352,05/06/25 05:05:11,STABLE BEAMS,6800,1587.287646505,1566.990456358,60.6,HFET
391699:10591,353:353,05/06/25 05:05:34,STABLE BEAMS,6800,1586.681088549,1566.449155513,60.5,HFET
391699:10591,354:354,05/06/25 05:05:57,STABLE BEAMS,6800,1586.859313386,1566.641754576,60.5,HFET
391699:10591,355:355,05/06/25 05:06:21,STABLE BEAMS,6800,1584.263751209,1563.934973202,60.4,HFET
391699:10591,356:356,05/06/25 05:06:44,STABLE BEAMS,6800,1582.288145937,1562.041305335,60.4,HFET
391699:10591,357:357,05/06/25 05:07:07,STABLE BEAMS,6800,1579.072308026,1559.059374875,60.2,HFET
391699:10591,358:358,05/06/25 05:07:31,STABLE BEAMS,6800,1576.040458381,1555.862289934,60.1,HFET
391699:10591,359:359,05/06/25 05:07:54,STABLE BEAMS,6800,1570.932597177,1097.388800961,59.9,HFET
391699:10591,360:360,05/06/25 05:08:17,STABLE BEAMS,6800,1567.035350312,445.910668196,59.8,HFET
391699:10591,361:361,05/06/25 05:08:41,STABLE BEAMS,6800,1563.338163913,1543.271187289,59.6,HFET
391699:10591,362:362,05/06/25 05:09:04,STABLE BEAMS,6800,1559.381508769,1539.675388824,59.5,HFET
391699:10591,363:363,05/06/25 05:09:27,STABLE BEAMS,6800,1556.209015112,1536.273619233,59.4,HFET
391699:10591,364:364,05/06/25 05:09:50,STABLE BEAMS,6800,1552.644673701,1532.948171473,59.2,HFET
391699:10591,365:365,05/06/25 05:10:14,STABLE BEAMS,6800,1549.400917904,1507.655088557,59.1,HFET
391699:10591,366:366,05/06/25 05:10:37,STABLE BEAMS,6800,1547.113932154,1527.205044423,59.0,HFET
391699:10591,367:367,05/06/25 05:11:00,STABLE BEAMS,6800,1544.022208251,1524.520493496,58.9,HFET
391699:10591,368:368,05/06/25 05:11:24,STABLE BEAMS,6800,1542.938675472,1523.601470962,58.9,HFET
391699:10591,369:369,05/06/25 05:11:47,STABLE BEAMS,6800,1541.338706778,1521.710662959,58.8,HFET
391699:10591,370:370,05/06/25 05:12:10,STABLE BEAMS,6800,1539.402088445,1519.905142585,58.7,HFET
391699:10591,371:371,05/06/25 05:12:34,STABLE BEAMS,6800,1540.654493773,1520.966106711,58.8,HFET
391699:10591,372:372,05/06/25 05:12:57,STABLE BEAMS,6800,1538.389809631,1518.701021023,58.7,HFET
391699:10591,373:373,05/06/25 05:13:20,STABLE BEAMS,6800,1538.194433484,1518.723051581,58.7,HFET
391699:10591,374:374,05/06/25 05:13:44,STABLE BEAMS,6800,1539.007902620,1519.251761133,58.7,HFET
391699:10591,375:375,05/06/25 05:14:07,STABLE BEAMS,6800,1539.782703644,1520.146573903,58.7,HFET
391699:10591,376:376,05/06/25 05:14:30,STABLE BEAMS,6800,1541.549206816,1521.606813525,58.8,HFET
391699:10591,377:377,05/06/25 05:14:54,STABLE BEAMS,6800,1542.571778051,1523.094267349,58.8,HFET
391699:10591,378:378,05/06/25 05:15:17,STABLE BEAMS,6800,1543.296523084,1501.754904360,58.9,HFET
391699:10591,379:379,05/06/25 05:15:40,STABLE BEAMS,6800,1543.910095255,1524.155809588,58.9,HFET
391699:10591,380:380,05/06/25 05:16:03,STABLE BEAMS,6800,1543.940351212,1524.356478829,58.9,HFET
391699:10591,381:381,05/06/25 05:16:27,STABLE BEAMS,6800,1545.006266701,1525.193752613,58.9,HFET
391699:10591,382:382,05/06/25 05:16:50,STABLE BEAMS,6800,1543.918834412,1524.431676772,58.9,HFET
391699:10591,383:383,05/06/25 05:17:13,STABLE BEAMS,6800,1542.682795586,1523.136206999,58.8,HFET
391699:10591,384:384,05/06/25 05:17:37,STABLE BEAMS,6800,1541.090625915,1521.445165388,58.8,HFET
391699:10591,385:385,05/06/25 05:18:00,STABLE BEAMS,6800,1539.483945483,1519.981558419,58.7,HFET
391699:10591,386:386,05/06/25 05:18:23,STABLE BEAMS,6800,1536.558290078,1517.109817500,58.6,HFET
391699:10591,387:387,05/06/25 05:18:47,STABLE BEAMS,6800,1533.473114410,1513.832626762,58.5,HFET
391699:10591,388:388,05/06/25 05:19:10,STABLE BEAMS,6800,1531.136693974,1511.655359083,58.4,HFET
391699:10591,389:389,05/06/25 05:19:33,STABLE BEAMS,6800,1528.836145773,1509.349818576,58.3,HFET
391699:10591,390:390,05/06/25 05:19:57,STABLE BEAMS,6800,1526.711173683,1507.369137763,58.2,HFET
391699:10591,391:391,05/06/25 05:20:20,STABLE BEAMS,6800,1524.089876366,1483.087053998,58.1,HFET
391699:10591,392:392,05/06/25 05:20:43,STABLE BEAMS,6800,1524.243159045,1504.768130247,58.1,HFET
391699:10591,393:393,05/06/25 05:21:06,STABLE BEAMS,6800,1525.459389661,1506.106299174,58.2,HFET
391699:10591,394:394,05/06/25 05:21:30,STABLE BEAMS,6800,1526.156224984,1506.550504977,58.2,HFET
391699:10591,395:395,05/06/25 05:21:53,STABLE BEAMS,6800,1526.186162113,1506.676119492,58.2,HFET
391699:10591,396:396,05/06/25 05:22:16,STABLE BEAMS,6800,1529.306891187,1509.872173081,58.3,HFET
391699:10591,397:397,05/06/25 05:22:40,STABLE BEAMS,6800,1529.743023329,1510.195535283,58.4,HFET
391699:10591,398:398,05/06/25 05:23:03,STABLE BEAMS,6800,1527.797829341,1508.341492042,58.3,HFET
391699:10591,399:399,05/06/25 05:23:26,STABLE BEAMS,6800,1526.793186048,1507.334354075,58.2,HFET
391699:10591,400:400,05/06/25 05:23:50,STABLE BEAMS,6800,1526.885188356,1507.467412275,58.2,HFET
391699:10591,401:401,05/06/25 05:24:13,STABLE BEAMS,6800,1526.456233931,1506.765138405,58.2,HFET
391699:10591,402:402,05/06/25 05:24:36,STABLE BEAMS,6800,1523.495793576,1504.113856629,58.1,HFET
391699:10591,403:403,05/06/25 05:25:00,STABLE BEAMS,6800,1522.384195761,1503.058504549,58.1,HFET
391699:10591,404:404,05/06/25 05:25:23,STABLE BEAMS,6800,1519.863157579,1478.894327257,58.0,HFET
391699:10591,405:405,05/06/25 05:25:46,STABLE BEAMS,6800,1520.377876728,1501.006607039,58.0,HFET
391699:10591,406:406,05/06/25 05:26:10,STABLE BEAMS,6800,1514.509864237,1495.023427612,57.8,HFET
391699:10591,407:407,05/06/25 05:26:33,STABLE BEAMS,6800,1514.654260608,1495.293080892,57.8,HFET
391699:10591,408:408,05/06/25 05:26:56,STABLE BEAMS,6800,1515.032693062,1495.876901336,57.8,HFET
391699:10591,409:409,05/06/25 05:27:19,STABLE BEAMS,6800,1509.732881069,1490.618902795,57.6,HFET
391699:10591,410:410,05/06/25 05:27:43,STABLE BEAMS,6800,1510.522029352,1491.305865201,57.6,HFET
391699:10591,411:411,05/06/25 05:28:06,STABLE BEAMS,6800,1515.105974445,1495.842332255,57.8,HFET
391699:10591,412:412,05/06/25 05:28:29,STABLE BEAMS,6800,1550.275822738,1530.302591170,59.1,HFET
391699:10591,413:413,05/06/25 05:28:53,STABLE BEAMS,6800,1566.906707313,1546.493566943,59.8,HFET
391699:10591,414:414,05/06/25 05:29:16,STABLE BEAMS,6800,1570.916688479,1551.033335966,59.9,HFET
391699:10591,415:415,05/06/25 05:29:39,STABLE BEAMS,6800,1569.940584377,1549.863719953,59.9,HFET
391699:10591,416:416,05/06/25 05:30:03,STABLE BEAMS,6800,1569.372858033,1549.464145810,59.9,HFET
391699:10591,417:417,05/06/25 05:30:26,STABLE BEAMS,6800,1569.251703404,1526.949330154,59.9,HFET
391699:10591,418:418,05/06/25 05:30:49,STABLE BEAMS,6800,1564.336716774,1544.385223386,59.7,HFET
391699:10591,419:419,05/06/25 05:31:13,STABLE BEAMS,6800,1566.876770183,1546.981791433,59.8,HFET
391699:10591,420:420,05/06/25 05:31:36,STABLE BEAMS,6800,1569.006271265,1548.839605213,59.9,HFET
391699:10591,421:421,05/06/25 05:31:59,STABLE BEAMS,6800,1570.224218647,1550.316686122,59.9,HFET
391699:10591,422:422,05/06/25 05:32:23,STABLE BEAMS,6800,1568.160829407,1548.047652083,59.8,HFET
391699:10591,423:423,05/06/25 05:32:46,STABLE BEAMS,6800,1565.329040227,1545.106634031,59.7,HFET
391699:10591,424:424,05/06/25 05:33:09,STABLE BEAMS,6800,1567.088676334,1547.227621992,59.8,HFET
391699:10591,425:425,05/06/25 05:33:32,STABLE BEAMS,6800,1567.146523174,1546.946220600,59.8,HFET
391699:10591,426:426,05/06/25 05:33:56,STABLE BEAMS,6800,1567.030829495,1547.121939115,59.8,HFET
391699:10591,427:427,05/06/25 05:34:19,STABLE BEAMS,6800,1567.761967438,1547.844535569,59.8,HFET
391699:10591,428:428,05/06/25 05:34:42,STABLE BEAMS,6800,1567.669351999,1547.629755505,59.8,HFET
391699:10591,429:429,05/06/25 05:35:06,STABLE BEAMS,6800,1569.442239905,1549.488493929,59.9,HFET
391699:10591,430:430,05/06/25 05:35:29,STABLE BEAMS,6800,1571.462432043,1529.131936096,59.9,HFET
391699:10591,431:431,05/06/25 05:35:52,STABLE BEAMS,6800,1571.582965367,1551.634225982,60.0,HFET
391699:10591,432:432,05/06/25 05:36:16,STABLE BEAMS,6800,1571.356720132,1551.520996976,59.9,HFET
391699:10591,433:433,05/06/25 05:36:39,STABLE BEAMS,6800,1572.993950823,1552.988298057,60.0,HFET
391699:10591,434:434,05/06/25 05:37:02,STABLE BEAMS,6800,1574.654423256,1554.446696604,60.1,HFET
391699:10591,435:435,05/06/25 05:37:26,STABLE BEAMS,6800,1573.866681086,1553.992519666,60.0,HFET
391699:10591,436:436,05/06/25 05:37:49,STABLE BEAMS,6800,1574.003425586,1553.791293920,60.0,HFET
391699:10591,437:437,05/06/25 05:38:12,STABLE BEAMS,6800,1575.897002143,1556.026508963,60.1,HFET
391699:10591,438:438,05/06/25 05:38:36,STABLE BEAMS,6800,1574.941948862,1554.712508566,60.1,HFET
391699:10591,439:439,05/06/25 05:38:59,STABLE BEAMS,6800,1572.653875827,1552.739536564,60.0,HFET
391699:10591,440:440,05/06/25 05:39:22,STABLE BEAMS,6800,1571.339568822,1551.426887086,59.9,HFET
391699:10591,441:441,05/06/25 05:39:45,STABLE BEAMS,6800,1568.744472624,1548.914795454,59.8,HFET
391699:10591,442:442,05/06/25 05:40:09,STABLE BEAMS,6800,1565.666466498,1545.807012569,59.7,HFET
391699:10591,443:443,05/06/25 05:40:32,STABLE BEAMS,6800,1561.332621512,1518.220778380,59.6,HFET
391699:10591,444:444,05/06/25 05:40:55,STABLE BEAMS,6800,1557.125710934,1537.265444015,59.4,HFET
391699:10591,445:445,05/06/25 05:41:19,STABLE BEAMS,6800,1554.537007646,1534.744597383,59.3,HFET
391699:10591,446:446,05/06/25 05:41:42,STABLE BEAMS,6800,1550.990283525,1531.184604297,59.2,HFET
391699:10591,447:447,05/06/25 05:42:05,STABLE BEAMS,6800,1549.046029670,1529.469782020,59.1,HFET
391699:10591,448:448,05/06/25 05:42:29,STABLE BEAMS,6800,1548.258598153,1528.524715152,59.1,HFET
391699:10591,449:449,05/06/25 05:42:52,STABLE BEAMS,6800,1546.557274864,1526.906285403,59.0,HFET
391699:10591,450:450,05/06/25 05:43:15,STABLE BEAMS,6800,1544.476734314,1524.835978604,58.9,HFET
391699:10591,451:451,05/06/25 05:43:38,STABLE BEAMS,6800,1541.424152675,1521.692119592,58.8,HFET
391699:10591,452:452,05/06/25 05:44:02,STABLE BEAMS,6800,1537.858405151,1518.164684685,58.7,HFET
391699:10591,453:453,05/06/25 05:44:25,STABLE BEAMS,6800,1537.019209051,1517.332570718,58.6,HFET
391699:10591,454:454,05/06/25 05:44:48,STABLE BEAMS,6800,1532.193886657,1512.531791648,58.4,HFET
391699:10591,455:455,05/06/25 05:45:12,STABLE BEAMS,6800,1530.442507376,1511.001385124,58.4,HFET
391699:10591,456:456,05/06/25 05:45:35,STABLE BEAMS,6800,1528.793888804,1487.602549974,58.3,HFET
391699:10591,457:457,05/06/25 05:45:58,STABLE BEAMS,6800,1526.717100614,1507.447061186,58.2,HFET
391699:10591,458:458,05/06/25 05:46:22,STABLE BEAMS,6800,1526.930249376,1507.533015093,58.2,HFET
391699:10591,459:459,05/06/25 05:46:45,STABLE BEAMS,6800,1527.420794825,1507.937212509,58.3,HFET
391699:10591,460:460,05/06/25 05:47:08,STABLE BEAMS,6800,1527.146365691,1507.800272726,58.3,HFET
391699:10591,461:461,05/06/25 05:47:32,STABLE BEAMS,6800,1525.124767441,1505.798466457,58.2,HFET
391699:10591,462:462,05/06/25 05:47:55,STABLE BEAMS,6800,1523.675424526,1504.454675009,58.1,HFET
391699:10591,463:463,05/06/25 05:48:18,STABLE BEAMS,6800,1522.367976410,1503.091127856,58.1,HFET
391699:10591,464:464,05/06/25 05:48:42,STABLE BEAMS,6800,1521.091708034,1501.585864243,58.0,HFET
391699:10591,465:465,05/06/25 05:49:05,STABLE BEAMS,6800,1519.262371227,1499.896621073,58.0,HFET
391699:10591,466:466,05/06/25 05:49:28,STABLE BEAMS,6800,1518.246511729,1498.819866982,57.9,HFET
391699:10591,467:467,05/06/25 05:49:52,STABLE BEAMS,6800,1516.539106184,1497.266643478,57.9,HFET
391699:10591,468:468,05/06/25 05:50:15,STABLE BEAMS,6800,1513.901753017,1473.282027845,57.8,HFET
391699:10591,469:469,05/06/25 05:50:38,STABLE BEAMS,6800,1513.713080432,1494.418787778,57.7,HFET
391699:10591,470:470,05/06/25 05:51:01,STABLE BEAMS,6800,1512.386298261,1493.289207727,57.7,HFET
391699:10591,471:471,05/06/25 05:51:25,STABLE BEAMS,6800,1511.201868691,1492.127660653,57.6,HFET
391699:10591,472:472,05/06/25 05:51:48,STABLE BEAMS,6800,1511.508891854,1492.249181315,57.7,HFET
391699:10591,473:473,05/06/25 05:52:11,STABLE BEAMS,6800,1534.309040480,1514.897816343,58.5,HFET
391699:10591,474:474,05/06/25 05:52:35,STABLE BEAMS,6800,1583.795343866,1563.517133864,60.4,HFET
391699:10591,475:475,05/06/25 05:52:58,STABLE BEAMS,6800,1593.583051982,1573.402929093,60.8,HFET
391699:10591,476:476,05/06/25 05:53:21,STABLE BEAMS,6800,1594.195062714,1574.006429598,60.8,HFET
391699:10591,477:477,05/06/25 05:53:45,STABLE BEAMS,6800,1593.964133160,1573.443237433,60.8,HFET
391699:10591,478:478,05/06/25 05:54:08,STABLE BEAMS,6800,1594.050829844,1573.900508065,60.8,HFET
391699:10591,479:479,05/06/25 05:54:31,STABLE BEAMS,6800,1593.704206612,1573.270250344,60.8,HFET
391699:10591,480:480,05/06/25 05:54:55,STABLE BEAMS,6800,1592.027048848,1571.808935770,60.7,HFET
391699:10591,481:481,05/06/25 05:55:18,STABLE BEAMS,6800,1591.786611681,1549.087013502,60.7,HFET
391699:10591,482:482,05/06/25 05:55:41,STABLE BEAMS,6800,1588.329551796,1568.103864460,60.6,HFET
391699:10591,483:483,05/06/25 05:56:04,STABLE BEAMS,6800,1587.687595760,1567.535190944,60.6,HFET
391699:10591,484:484,05/06/25 05:56:28,STABLE BEAMS,6800,1585.999213616,1565.639847814,60.5,HFET
391699:10591,485:485,05/06/25 05:56:51,STABLE BEAMS,6800,1584.920201655,1564.818038083,60.5,HFET
391699:10591,486:486,05/06/25 05:57:14,STABLE BEAMS,6800,1582.187420823,1562.117654861,60.4,HFET
391699:10591,487:487,05/06/25 05:57:38,STABLE BEAMS,6800,1579.681670033,1559.365739503,60.3,HFET
391699:10591,488:488,05/06/25 05:58:01,STABLE BEAMS,6800,1579.676053756,1559.622325794,60.3,HFET
391699:10591,489:489,05/06/25 05:58:24,STABLE BEAMS,6800,1576.783605510,1556.800430853,60.1,HFET
391699:10591,490:490,05/06/25 05:58:48,STABLE BEAMS,6800,1575.005877959,1554.855224721,60.1,HFET
391699:10591,491:491,05/06/25 05:59:11,STABLE BEAMS,6800,1572.257662583,1552.331097259,60.0,HFET
391699:10591,492:492,05/06/25 05:59:34,STABLE BEAMS,6800,1571.027240035,1550.815870118,59.9,HFET
391699:10591,493:493,05/06/25 05:59:58,STABLE BEAMS,6800,1570.018860732,1549.858644500,59.9,HFET
391699:10591,494:494,05/06/25 06:00:21,STABLE BEAMS,6800,1568.603354458,1526.491239492,59.8,HFET
391699:10591,495:495,05/06/25 06:00:44,STABLE BEAMS,6800,1569.642300371,1549.639605939,59.9,HFET
391699:10591,496:496,05/06/25 06:01:08,STABLE BEAMS,6800,1570.761852535,1550.738150196,59.9,HFET
391699:10591,497:497,05/06/25 06:01:31,STABLE BEAMS,6800,1572.536146554,1552.506322466,60.0,HFET
391699:10591,498:498,05/06/25 06:01:54,STABLE BEAMS,6800,1572.847069229,1552.898784014,60.0,HFET
391699:10591,499:499,05/06/25 06:02:17,STABLE BEAMS,6800,1570.618870452,1550.705585603,59.9,HFET
391699:10591,500:500,05/06/25 06:02:41,STABLE BEAMS,6800,1570.049108514,1549.941658519,59.9,HFET
391699:10591,501:501,05/06/25 06:03:04,STABLE BEAMS,6800,1568.845197738,1549.077086351,59.8,HFET
391699:10591,502:502,05/06/25 06:03:27,STABLE BEAMS,6800,1565.791675966,1545.882102906,59.7,HFET
391699:10591,503:503,05/06/25 06:03:51,STABLE BEAMS,6800,1562.338981571,1542.418927080,59.6,HFET
391699:10591,504:504,05/06/25 06:04:14,STABLE BEAMS,6800,1563.341433943,1543.331070370,59.6,HFET
391699:10591,505:505,05/06/25 06:04:37,STABLE BEAMS,6800,1563.477401811,1543.399691715,59.6,HFET
391699:10591,506:506,05/06/25 06:05:01,STABLE BEAMS,6800,1563.821686971,1543.804430498,59.7,HFET
391699:10591,507:507,05/06/25 06:05:24,STABLE BEAMS,6800,1563.763374153,1521.729001353,59.7,HFET
391699:10591,508:508,05/06/25 06:05:47,STABLE BEAMS,6800,1564.187963087,1544.154084384,59.7,HFET
391699:10591,509:509,05/06/25 06:06:11,STABLE BEAMS,6800,1564.923474695,1545.110009567,59.7,HFET
391699:10591,510:510,05/06/25 06:06:34,STABLE BEAMS,6800,1564.722637597,1544.586407863,59.7,HFET
391699:10591,511:511,05/06/25 06:06:57,STABLE BEAMS,6800,1565.597076451,1545.739995643,59.7,HFET
391699:10591,512:512,05/06/25 06:07:20,STABLE BEAMS,6800,1566.755460227,1546.663296550,59.8,HFET
391699:10591,513:513,05/06/25 06:07:44,STABLE BEAMS,6800,1565.891158468,1545.746611200,59.7,HFET
391699:10591,514:514,05/06/25 06:08:07,STABLE BEAMS,6800,1562.949120210,1543.295546577,59.6,HFET
391699:10591,515:515,05/06/25 06:08:30,STABLE BEAMS,6800,1562.356598860,1542.313396497,59.6,HFET
391699:10591,516:516,05/06/25 06:08:54,STABLE BEAMS,6800,1560.989276485,1541.215945747,59.5,HFET
391699:10591,517:517,05/06/25 06:09:17,STABLE BEAMS,6800,1557.492134201,1537.821773275,59.4,HFET
391699:10591,518:518,05/06/25 06:09:40,STABLE BEAMS,6800,1555.570026628,1535.649492224,59.3,HFET
391699:10591,519:519,05/06/25 06:10:04,STABLE BEAMS,6800,1553.137712548,1533.571225092,59.2,HFET
391699:10591,520:520,05/06/25 06:10:27,STABLE BEAMS,6800,1552.924408459,1511.116226574,59.2,HFET
391699:10591,521:521,05/06/25 06:10:50,STABLE BEAMS,6800,1550.329933567,1530.576302862,59.1,HFET
391699:10591,522:522,05/06/25 06:11:14,STABLE BEAMS,6800,1546.834982203,1527.302903838,59.0,HFET
391699:10591,523:523,05/06/25 06:11:37,STABLE BEAMS,6800,1545.166563596,1525.379992037,58.9,HFET
391699:10591,524:524,05/06/25 06:12:00,STABLE BEAMS,6800,1543.212009146,1523.710961364,58.9,HFET
391699:10591,525:525,05/06/25 06:12:24,STABLE BEAMS,6800,1541.194310407,1521.809152034,58.8,HFET
391699:10591,526:526,05/06/25 06:12:47,STABLE BEAMS,6800,1537.971139452,1518.312643318,58.7,HFET
391699:10591,527:527,05/06/25 06:13:10,STABLE BEAMS,6800,1536.260929855,1516.901196369,58.6,HFET
391699:10591,528:528,05/06/25 06:13:33,STABLE BEAMS,6800,1535.615859115,1516.008703360,58.6,HFET
391699:10591,529:529,05/06/25 06:13:57,STABLE BEAMS,6800,1533.077367145,1513.711697576,58.5,HFET
391699:10591,530:530,05/06/25 06:14:20,STABLE BEAMS,6800,1531.864406560,1512.460005765,58.4,HFET
391699:10591,531:531,05/06/25 06:14:43,STABLE BEAMS,6800,1531.165077839,1511.527867035,58.4,HFET
391699:10591,532:532,05/06/25 06:15:07,STABLE BEAMS,6800,1531.202495163,1511.650230116,58.4,HFET
391699:10591,533:533,05/06/25 06:15:30,STABLE BEAMS,6800,1530.676559809,1489.587770409,58.4,HFET
391699:10591,534:534,05/06/25 06:15:53,STABLE BEAMS,6800,1530.810189605,1511.584110831,58.4,HFET
391699:10591,535:535,05/06/25 06:16:17,STABLE BEAMS,6800,1530.743448282,1511.293393726,58.4,HFET
391699:10591,536:536,05/06/25 06:16:40,STABLE BEAMS,6800,1530.492563368,1510.907765269,58.4,HFET
391699:10591,537:537,05/06/25 06:17:03,STABLE BEAMS,6800,1528.820245249,1509.525118220,58.3,HFET
391699:10591,538:538,05/06/25 06:17:27,STABLE BEAMS,6800,1528.324549502,1508.792272142,58.3,HFET
391699:10591,539:539,05/06/25 06:17:50,STABLE BEAMS,6800,1528.478919467,1508.976009161,58.3,HFET
391699:10591,540:540,05/06/25 06:18:13,STABLE BEAMS,6800,1528.874347904,1509.474287623,58.3,HFET
391699:10591,541:541,05/06/25 06:18:36,STABLE BEAMS,6800,1528.031718272,1507.661624618,58.3,HFET
391699:10591,542:542,05/06/25 06:19:00,STABLE BEAMS,6800,1528.214774579,1508.786648155,58.3,HFET
391699:10591,543:543,05/06/25 06:19:23,STABLE BEAMS,6800,1528.735265332,1509.341343598,58.3,HFET
391699:10591,544:544,05/06/25 06:19:46,STABLE BEAMS,6800,1527.919605276,1508.181218179,58.3,HFET
391699:10591,545:545,05/06/25 06:20:10,STABLE BEAMS,6800,1528.512134801,1509.231829247,58.3,HFET
391699:10591,546:546,05/06/25 06:20:33,STABLE BEAMS,6800,1528.324704829,1487.025761707,58.3,HFET
391699:10591,547:547,05/06/25 06:20:56,STABLE BEAMS,6800,1528.782043118,1509.359097801,58.3,HFET
391699:10591,548:548,05/06/25 06:21:20,STABLE BEAMS,6800,1528.123246425,1508.809955488,58.3,HFET
391699:10591,549:549,05/06/25 06:21:43,STABLE BEAMS,6800,1527.864251835,1508.223476054,58.3,HFET
391699:10591,550:550,05/06/25 06:22:06,STABLE BEAMS,6800,1527.945651069,1508.360658237,58.3,HFET
391699:10591,551:551,05/06/25 06:22:30,STABLE BEAMS,6800,1528.230061971,1508.575110336,58.3,HFET
391699:10591,552:552,05/06/25 06:22:53,STABLE BEAMS,6800,1527.846789872,1508.529707718,58.3,HFET
391699:10591,553:553,05/06/25 06:23:16,STABLE BEAMS,6800,1527.654847258,1155.951714630,58.3,HFET
391699:10591,554:554,05/06/25 06:23:40,STABLE BEAMS,6800,1526.354102704,1506.706538270,58.2,HFET
391699:10591,555:555,05/06/25 06:24:03,STABLE BEAMS,6800,1525.321705027,1506.007455149,58.2,HFET
391699:10591,556:556,05/06/25 06:24:26,STABLE BEAMS,6800,1524.330632361,1504.672044741,58.1,HFET
391699:10591,557:557,05/06/25 06:24:50,STABLE BEAMS,6800,1522.281901032,1502.847174459,58.1,HFET
391699:10591,558:558,05/06/25 06:25:13,STABLE BEAMS,6800,1520.062433237,1500.764765628,58.0,HFET
391699:10591,559:559,05/06/25 06:25:36,STABLE BEAMS,6800,1518.223278163,1477.287068801,57.9,HFET
391699:10591,560:560,05/06/25 06:25:59,STABLE BEAMS,6800,1515.987591016,1496.659246626,57.8,HFET
391699:10591,561:561,05/06/25 06:26:23,STABLE BEAMS,6800,1513.681581864,1494.506062568,57.7,HFET
391699:10591,562:562,05/06/25 06:26:46,STABLE BEAMS,6800,1511.741227521,1492.412958773,57.7,HFET
391699:10591,563:563,05/06/25 06:27:09,STABLE BEAMS,6800,1509.387655775,1490.257175962,57.6,HFET
391699:10591,564:564,05/06/25 06:27:33,STABLE BEAMS,6800,1504.686921543,1485.478979679,57.4,HFET
391699:10591,565:565,05/06/25 06:27:56,STABLE BEAMS,6800,1501.581161033,1482.404989374,57.3,HFET
391699:10591,566:566,05/06/25 06:28:19,STABLE BEAMS,6800,1525.486988718,1506.058624864,58.2,HFET
391699:10591,567:567,05/06/25 06:28:43,STABLE BEAMS,6800,1562.291418977,1542.148483410,59.6,HFET
391699:10591,568:568,05/06/25 06:29:06,STABLE BEAMS,6800,1565.515064086,1545.662009536,59.7,HFET
391699:10591,569:569,05/06/25 06:29:29,STABLE BEAMS,6800,1565.431482107,1545.492152078,59.7,HFET
391699:10591,570:570,05/06/25 06:29:53,STABLE BEAMS,6800,1566.036323297,1546.202047614,59.7,HFET
391699:10591,571:571,05/06/25 06:30:16,STABLE BEAMS,6800,1565.326072674,997.022525162,59.7,HFET
391699:10591,572:572,05/06/25 06:30:39,STABLE BEAMS,6800,1563.115180533,1014.283130305,59.6,HFET
391699:10591,573:573,05/06/25 06:31:02,STABLE BEAMS,6800,1543.431093014,1502.038196838,58.9,HFET
391699:10591,574:574,05/06/25 06:31:26,STABLE BEAMS,6800,1537.358818068,1517.876021657,58.6,HFET
391699:10591,575:575,05/06/25 06:31:49,STABLE BEAMS,6800,1534.925727355,1515.219792768,58.6,HFET
391699:10591,576:576,05/06/25 06:32:12,STABLE BEAMS,6800,1530.605452996,1511.268818851,58.4,HFET
391699:10591,577:577,05/06/25 06:32:36,STABLE BEAMS,6800,1525.823164203,1506.350502632,58.2,HFET
391699:10591,578:578,05/06/25 06:32:59,STABLE BEAMS,6800,1520.962762557,1501.579689311,58.0,HFET
391699:10591,579:579,05/06/25 06:33:22,STABLE BEAMS,6800,1517.047579575,1497.641339455,57.9,HFET
391699:10591,580:580,05/06/25 06:33:46,STABLE BEAMS,6800,1514.911849085,1495.518482054,57.8,HFET
391699:10591,581:581,05/06/25 06:34:09,STABLE BEAMS,6800,1511.520901041,1492.415277759,57.7,HFET
391699:10591,582:582,05/06/25 06:34:32,STABLE BEAMS,6800,1508.329383982,1488.877876389,57.5,HFET
391699:10591,583:583,05/06/25 06:34:56,STABLE BEAMS,6800,1505.908613109,1486.708772381,57.4,HFET
391699:10591,584:584,05/06/25 06:35:19,STABLE BEAMS,6800,1503.456809647,1484.480358812,57.4,HFET
391699:10591,585:585,05/06/25 06:35:42,STABLE BEAMS,6800,1519.463984957,1478.413898418,58.0,HFET
391699:10591,586:586,05/06/25 06:36:06,STABLE BEAMS,6800,1551.381191145,1531.496544549,59.2,HFET
391699:10591,587:587,05/06/25 06:36:29,STABLE BEAMS,6800,1554.206284937,1534.373619293,59.3,HFET
391699:10591,588:588,05/06/25 06:36:52,STABLE BEAMS,6800,1552.685213904,1532.876400331,59.2,HFET
391699:10591,589:589,05/06/25 06:37:15,STABLE BEAMS,6800,1552.589941566,1532.957802266,59.2,HFET
391699:10591,590:590,05/06/25 06:37:39,STABLE BEAMS,6800,1549.719010121,1529.784727778,59.1,HFET
391699:10591,591:591,05/06/25 06:38:02,STABLE BEAMS,6800,1553.714178049,1533.962619810,59.3,HFET
391699:10591,592:592,05/06/25 06:38:25,STABLE BEAMS,6800,1554.390281378,1534.568609308,59.3,HFET
391699:10591,593:593,05/06/25 06:38:49,STABLE BEAMS,6800,1552.379130875,1532.615675266,59.2,HFET
391699:10591,594:594,05/06/25 06:39:12,STABLE BEAMS,6800,1553.027316319,1533.307446489,59.2,HFET
391699:10591,595:595,05/06/25 06:39:35,STABLE BEAMS,6800,1552.251109181,1532.218380837,59.2,HFET
391699:10591,596:596,05/06/25 06:39:59,STABLE BEAMS,6800,1550.874589846,1531.126591066,59.2,HFET
391699:10591,597:597,05/06/25 06:40:22,STABLE BEAMS,6800,1552.339677957,1532.490119750,59.2,HFET
391699:10591,598:598,05/06/25 06:40:45,STABLE BEAMS,6800,1554.120209560,1512.132362803,59.3,HFET
391699:10591,599:599,05/06/25 06:41:09,STABLE BEAMS,6800,1554.282067894,1534.215717375,59.3,HFET
391699:10591,600:600,05/06/25 06:41:32,STABLE BEAMS,6800,1556.115304213,1536.234533810,59.4,HFET
391699:10591,601:601,05/06/25 06:41:55,STABLE BEAMS,6800,1555.151201123,1535.399172065,59.3,HFET
391699:10591,602:602,05/06/25 06:42:19,STABLE BEAMS,6800,1557.869013390,1538.125550509,59.4,HFET
391699:10591,603:603,05/06/25 06:42:42,STABLE BEAMS,6800,1557.670359038,1537.676134242,59.4,HFET
391699:10591,604:604,05/06/25 06:43:05,STABLE BEAMS,6800,1558.762164994,1539.025964712,59.5,HFET
391699:10591,605:605,05/06/25 06:43:28,STABLE BEAMS,6800,1559.592948940,1539.579995199,59.5,HFET
391699:10591,606:606,05/06/25 06:43:52,STABLE BEAMS,6800,1560.683185281,1541.139222015,59.5,HFET
391699:10591,607:607,05/06/25 06:44:15,STABLE BEAMS,6800,1559.950019920,1540.148942225,59.5,HFET
391699:10591,608:608,05/06/25 06:44:38,STABLE BEAMS,6800,1561.883360047,1541.887190736,59.6,HFET
391699:10591,609:609,05/06/25 06:45:02,STABLE BEAMS,6800,1560.497790903,1540.622790898,59.5,HFET
391699:10591,610:610,05/06/25 06:45:25,STABLE BEAMS,6800,1559.863478563,1540.246474479,59.5,HFET
391699:10591,611:611,05/06/25 06:45:48,STABLE BEAMS,6800,1558.648809387,1516.509627197,59.5,HFET
391699:10591,612:612,05/06/25 06:46:12,STABLE BEAMS,6800,1554.872872478,1535.145138211,59.3,HFET
391699:10591,613:613,05/06/25 06:46:35,STABLE BEAMS,6800,1549.823324093,1530.001507965,59.1,HFET
391699:10591,614:614,05/06/25 06:46:58,STABLE BEAMS,6800,1544.240351985,1524.501722169,58.9,HFET
391699:10591,615:615,05/06/25 06:47:22,STABLE BEAMS,6800,1538.078886957,1518.464485194,58.7,HFET
391699:10591,616:616,05/06/25 06:47:45,STABLE BEAMS,6800,1533.791827932,1514.152377894,58.5,HFET
391699:10591,617:617,05/06/25 06:48:08,STABLE BEAMS,6800,1529.360527862,1509.767608890,58.3,HFET
391699:10591,618:618,05/06/25 06:48:31,STABLE BEAMS,6800,1521.646967387,1502.273314070,58.0,HFET
391699:10591,619:619,05/06/25 06:48:55,STABLE BEAMS,6800,1515.323341547,1496.062716172,57.8,HFET
391699:10591,620:620,05/06/25 06:49:18,STABLE BEAMS,6800,1519.356711606,1499.925279694,58.0,HFET
391699:10591,621:621,05/06/25 06:49:41,STABLE BEAMS,6800,1513.652266040,1494.249761950,57.7,HFET
391699:10591,622:622,05/06/25 06:50:05,STABLE BEAMS,6800,1510.267400253,1491.102005303,57.6,HFET
391699:10591,623:623,05/06/25 06:50:28,STABLE BEAMS,6800,1507.740443315,1488.527312576,57.5,HFET
391699:10591,624:624,05/06/25 06:50:51,STABLE BEAMS,6800,1504.119971831,1463.713932159,57.4,HFET
391699:10591,625:625,05/06/25 06:51:15,STABLE BEAMS,6800,1505.828154009,1486.656624413,57.4,HFET
391699:10591,626:626,05/06/25 06:51:38,STABLE BEAMS,6800,1512.763954082,1493.358409898,57.7,HFET
391699:10591,627:627,05/06/25 06:52:01,STABLE BEAMS,6800,1542.256645212,1522.679421344,58.8,HFET
391699:10591,628:628,05/06/25 06:52:25,STABLE BEAMS,6800,1539.273290119,1519.675952030,58.7,HFET
391699:10591,629:629,05/06/25 06:52:48,STABLE BEAMS,6800,1533.273683426,1513.550208874,58.5,HFET
391699:10591,630:630,05/06/25 06:53:11,STABLE BEAMS,6800,1526.492874623,1507.175441138,58.2,HFET
391699:10591,631:631,05/06/25 06:53:35,STABLE BEAMS,6800,1525.414009813,1505.702899502,58.2,HFET
391699:10591,632:632,05/06/25 06:53:58,STABLE BEAMS,6800,1522.653948752,1503.377109258,58.1,HFET
391699:10591,633:633,05/06/25 06:54:21,STABLE BEAMS,6800,1520.638898737,1501.200494902,58.0,HFET
391699:10591,634:634,05/06/25 06:54:44,STABLE BEAMS,6800,1517.012966302,1497.586191249,57.9,HFET
391699:10591,635:635,05/06/25 06:55:08,STABLE BEAMS,6800,1515.184724955,1495.940311489,57.8,HFET
391699:10591,636:636,05/06/25 06:55:31,STABLE BEAMS,6800,1515.274846995,1495.520621121,57.8,HFET
391699:10591,637:637,05/06/25 06:55:54,STABLE BEAMS,6800,1508.797161844,1467.820855782,57.6,HFET
391699:10591,638:638,05/06/25 06:56:18,STABLE BEAMS,6800,1505.453768218,1486.356637188,57.4,HFET
391699:10591,639:639,05/06/25 06:56:41,STABLE BEAMS,6800,1496.515712125,1477.444190865,57.1,HFET
391699:10591,640:640,05/06/25 06:57:04,STABLE BEAMS,6800,1496.141179183,1477.181443347,57.1,HFET
391699:10591,641:641,05/06/25 06:57:28,STABLE BEAMS,6800,1503.427183171,1484.075456053,57.4,HFET
391699:10591,642:642,05/06/25 06:57:51,STABLE BEAMS,6800,1538.393390314,1518.965704312,58.7,HFET
391699:10591,643:643,05/06/25 06:58:14,STABLE BEAMS,6800,1541.853262426,1522.273806878,58.8,HFET
391699:10591,644:644,05/06/25 06:58:38,STABLE BEAMS,6800,1534.985290961,1515.343002113,58.6,HFET
391699:10591,645:645,05/06/25 06:59:01,STABLE BEAMS,6800,1528.736352617,1509.355538386,58.3,HFET
391699:10591,646:646,05/06/25 06:59:24,STABLE BEAMS,6800,1523.656556450,1504.201373804,58.1,HFET
391699:10591,647:647,05/06/25 06:59:47,STABLE BEAMS,6800,1518.211734955,1498.784811309,57.9,HFET
391699:10591,648:648,05/06/25 07:00:11,STABLE BEAMS,6800,1512.437752190,1493.311164460,57.7,HFET
391699:10591,649:649,05/06/25 07:00:34,STABLE BEAMS,6800,1505.174507614,1485.959623848,57.4,HFET
391699:10591,650:650,05/06/25 07:00:57,STABLE BEAMS,6800,1506.628216019,1466.071459664,57.5,HFET
391699:10591,651:651,05/06/25 07:01:21,STABLE BEAMS,6800,1500.350738485,1481.278277197,57.2,HFET
391699:10591,652:652,05/06/25 07:01:44,STABLE BEAMS,6800,1514.101494654,1494.954588981,57.8,HFET
391699:10591,653:653,05/06/25 07:02:07,STABLE BEAMS,6800,1612.126847169,1591.505111223,61.5,HFET
391699:10591,654:654,05/06/25 07:02:31,STABLE BEAMS,6800,1628.960277433,1608.242057004,62.1,HFET
391699:10591,655:655,05/06/25 07:02:54,STABLE BEAMS,6800,1568.756473636,1548.840619967,59.8,HFET
391699:10591,656:656,05/06/25 07:03:17,STABLE BEAMS,6800,1589.141304165,1568.929528415,60.6,HFET
391699:10591,657:657,05/06/25 07:03:41,STABLE BEAMS,6800,1708.001337128,1686.132848922,65.2,HFET
391699:10591,658:658,05/06/25 07:04:04,STABLE BEAMS,6800,1624.837561965,1604.241507416,62.0,HFET
391699:10591,659:659,05/06/25 07:04:27,STABLE BEAMS,6800,1759.077324963,1736.469325615,67.1,HFET
391699:10591,660:660,05/06/25 07:04:51,STABLE BEAMS,6800,1784.005249729,1761.177252175,68.1,HFET
391699:10591,661:661,05/06/25 07:05:14,STABLE BEAMS,6800,1782.749876848,1760.046753269,68.0,HFET
391699:10591,662:662,05/06/25 07:05:37,STABLE BEAMS,6800,1780.850528687,1758.103658993,67.9,HFET
391699:10591,663:663,05/06/25 07:06:00,STABLE BEAMS,6800,1779.133149549,1731.456345939,67.9,HFET
391699:10591,664:664,05/06/25 07:06:24,STABLE BEAMS,6800,1776.593096139,1753.967531405,67.8,HFET
391699:10591,665:665,05/06/25 07:06:47,STABLE BEAMS,6800,1774.279443290,1751.650348032,67.7,HFET
391699:10591,666:666,05/06/25 07:07:10,STABLE BEAMS,6800,1771.746093443,1749.228722879,67.6,HFET
391699:10591,667:667,05/06/25 07:07:34,STABLE BEAMS,6800,1769.986767988,1747.198890504,67.5,HFET
391699:10591,668:668,05/06/25 07:07:57,STABLE BEAMS,6800,1767.030079993,1744.477433734,67.4,HFET
391699:10591,669:669,05/06/25 07:08:20,STABLE BEAMS,6800,1765.311760721,1742.553768582,67.3,HFET
391699:10591,670:670,05/06/25 07:08:44,STABLE BEAMS,6800,1763.791310993,1741.078151353,67.3,HFET
391699:10591,671:671,05/06/25 07:09:07,STABLE BEAMS,6800,1761.917689798,1739.577318958,67.2,HFET
391699:10591,672:672,05/06/25 07:09:30,STABLE BEAMS,6800,1760.553171474,1738.195682807,67.2,HFET
391699:10591,673:673,05/06/25 07:09:54,STABLE BEAMS,6800,1760.058415861,1737.638390818,67.1,HFET
391699:10591,674:674,05/06/25 07:10:17,STABLE BEAMS,6800,1758.761726145,1736.396796190,67.1,HFET
391699:10591,675:675,05/06/25 07:10:40,STABLE BEAMS,6800,1756.883428806,1734.294410628,67.0,HFET
391699:10591,676:676,05/06/25 07:11:04,STABLE BEAMS,6800,1756.910087729,1709.611832851,67.0,HFET
391699:10591,677:677,05/06/25 07:11:27,STABLE BEAMS,6800,1756.998501179,1734.462460579,67.0,HFET
391699:10591,678:678,05/06/25 07:11:50,STABLE BEAMS,6800,1755.949107518,1733.763959569,67.0,HFET
391699:10591,679:679,05/06/25 07:12:13,STABLE BEAMS,6800,1754.745973375,1732.462231055,66.9,HFET
391699:10591,680:680,05/06/25 07:12:37,STABLE BEAMS,6800,1753.185768252,1730.644292512,66.9,HFET
391699:10591,681:681,05/06/25 07:13:00,STABLE BEAMS,6800,1752.552862025,1730.350454013,66.9,HFET
391699:10591,682:682,05/06/25 07:13:23,STABLE BEAMS,6800,1750.792596436,1728.457207770,66.8,HFET
391699:10591,683:683,05/06/25 07:13:47,STABLE BEAMS,6800,1749.308640249,1726.714415738,66.7,HFET
391699:10591,684:684,05/06/25 07:14:10,STABLE BEAMS,6800,1748.072920252,1725.948105475,66.7,HFET
391699:10591,685:685,05/06/25 07:14:33,STABLE BEAMS,6800,1746.632618972,1723.961354999,66.6,HFET
391699:10591,686:686,05/06/25 07:14:57,STABLE BEAMS,6800,1745.384415633,1723.202911718,66.6,HFET
391699:10591,687:687,05/06/25 07:15:20,STABLE BEAMS,6800,1743.454043058,1721.188165522,66.5,HFET
391699:10591,688:688,05/06/25 07:15:43,STABLE BEAMS,6800,1740.859102186,1718.699414384,66.4,HFET
391699:10591,689:689,05/06/25 07:16:07,STABLE BEAMS,6800,1738.983764225,1692.186351418,66.3,HFET
391699:10591,690:690,05/06/25 07:16:30,STABLE BEAMS,6800,1738.114156841,1715.869234263,66.3,HFET
391699:10591,691:691,05/06/25 07:16:53,STABLE BEAMS,6800,1736.135126212,1714.036398483,66.2,HFET
391699:10591,692:692,05/06/25 07:17:16,STABLE BEAMS,6800,1734.249504005,1712.181393420,66.2,HFET
391699:10591,693:693,05/06/25 07:17:40,STABLE BEAMS,6800,1733.146163017,1710.983003757,66.1,HFET
391699:10591,694:694,05/06/25 07:18:03,STABLE BEAMS,6800,1730.716350510,1708.670091380,66.0,HFET
391699:10591,695:695,05/06/25 07:18:26,STABLE BEAMS,6800,1729.406245494,1707.299982704,66.0,HFET
391699:10591,696:696,05/06/25 07:18:50,STABLE BEAMS,6800,1727.143433444,1705.148451805,65.9,HFET
391699:10591,697:697,05/06/25 07:19:13,STABLE BEAMS,6800,1724.340019954,1702.492562755,65.8,HFET
391699:10591,698:698,05/06/25 07:19:36,STABLE BEAMS,6800,1722.668944447,1700.506693919,65.7,HFET
391699:10591,699:699,05/06/25 07:20:00,STABLE BEAMS,6800,1720.685703654,1698.717987854,65.6,HFET
391699:10591,700:700,05/06/25 07:20:23,STABLE BEAMS,6800,1716.801095457,1695.015592585,65.5,HFET
391699:10591,701:701,05/06/25 07:20:46,STABLE BEAMS,6800,1715.652995926,1693.544192076,65.4,HFET
391699:10591,702:702,05/06/25 07:21:10,STABLE BEAMS,6800,1714.774036255,1668.716434449,65.4,HFET
391699:10591,703:703,05/06/25 07:21:33,STABLE BEAMS,6800,1713.836444938,1691.709371841,65.4,HFET
391699:10591,704:704,05/06/25 07:21:56,STABLE BEAMS,6800,1711.782416160,1501.444337604,65.3,HFET
391699:10591,705:705,05/06/25 07:22:19,STABLE BEAMS,6800,1711.142961697,1113.498815058,65.3,HFET
391699:10591,706:706,05/06/25 07:22:43,STABLE BEAMS,6800,1710.943220060,1689.028091056,65.3,HFET
391699:10591,707:707,05/06/25 07:23:06,STABLE BEAMS,6800,1709.911762517,1688.331092867,65.2,HFET
391699:10591,708:708,05/06/25 07:23:29,STABLE BEAMS,6800,1707.950038525,1685.937241448,65.2,HFET
391699:10591,709:709,05/06/25 07:23:53,STABLE BEAMS,6800,1707.000290869,1685.283806881,65.1,HFET
391699:10591,710:710,05/06/25 07:24:16,STABLE BEAMS,6800,1706.368937907,1684.681641222,65.1,HFET
391699:10591,711:711,05/06/25 07:24:39,STABLE BEAMS,6800,1705.751310898,1683.681448415,65.1,HFET
391699:10591,712:712,05/06/25 07:25:03,STABLE BEAMS,6800,1705.145529574,1683.211971168,65.0,HFET
391699:10591,713:713,05/06/25 07:25:26,STABLE BEAMS,6800,1703.021489443,1681.201331784,65.0,HFET
391699:10591,714:714,05/06/25 07:25:49,STABLE BEAMS,6800,1701.583534410,1679.963549404,64.9,HFET
391699:10591,715:715,05/06/25 07:26:13,STABLE BEAMS,6800,1700.481125381,1654.711740286,64.9,HFET
391699:10591,716:716,05/06/25 07:26:36,STABLE BEAMS,6800,1698.422420459,1676.625554467,64.8,HFET
391699:10591,717:717,05/06/25 07:26:59,STABLE BEAMS,6800,1696.362154098,1674.707399764,64.7,HFET
391699:10591,718:718,05/06/25 07:27:23,STABLE BEAMS,6800,1695.455595370,1673.750970995,64.7,HFET
391699:10591,719:719,05/06/25 07:27:46,STABLE BEAMS,6800,1693.185760930,1671.427842021,64.6,HFET
391699:10591,720:720,05/06/25 07:28:09,STABLE BEAMS,6800,1691.215461283,1669.726404430,64.5,HFET
391699:10591,721:721,05/06/25 07:28:32,STABLE BEAMS,6800,1688.708778534,1667.099382143,64.4,HFET
391699:10591,722:722,05/06/25 07:28:56,STABLE BEAMS,6800,1686.596592264,1665.171853744,64.3,HFET
391699:10591,723:723,05/06/25 07:29:19,STABLE BEAMS,6800,1684.900100445,1663.382022899,64.3,HFET
391699:10591,724:724,05/06/25 07:29:42,STABLE BEAMS,6800,1681.722775318,1660.157065912,64.2,HFET
391699:10591,725:725,05/06/25 07:30:06,STABLE BEAMS,6800,1679.912772566,1658.597770689,64.1,HFET
391699:10591,726:726,05/06/25 07:30:29,STABLE BEAMS,6800,1677.000050131,1655.543682045,64.0,HFET
391699:10591,727:727,05/06/25 07:30:52,STABLE BEAMS,6800,1674.391227980,1653.098379509,63.9,HFET
391699:10591,728:728,05/06/25 07:31:16,STABLE BEAMS,6800,1672.095355922,1627.019028212,63.8,HFET
391699:10591,729:729,05/06/25 07:31:39,STABLE BEAMS,6800,1667.889687956,1646.246073241,63.6,HFET
391699:10591,730:730,05/06/25 07:32:02,STABLE BEAMS,6800,1664.265782940,1642.792993432,63.5,HFET
391699:10591,731:731,05/06/25 07:32:26,STABLE BEAMS,6800,1662.845134543,1641.607930980,63.4,HFET
391699:10591,732:732,05/06/25 07:32:49,STABLE BEAMS,6800,1659.559277104,1638.159082155,63.3,HFET
391699:10591,733:733,05/06/25 07:33:12,STABLE BEAMS,6800,1654.565400988,1633.600413051,63.1,HFET
391699:10591,734:734,05/06/25 07:33:36,STABLE BEAMS,6800,1652.390994213,1631.085598787,63.0,HFET
391699:10591,735:735,05/06/25 07:33:59,STABLE BEAMS,6800,1649.470791584,1628.419343906,62.9,HFET
391699:10591,736:736,05/06/25 07:34:22,STABLE BEAMS,6800,1645.807278323,1624.920303592,62.8,HFET
391699:10591,737:737,05/06/25 07:34:46,STABLE BEAMS,6800,1642.249640475,1621.204213631,62.6,HFET
391699:10591,738:738,05/06/25 07:35:09,STABLE BEAMS,6800,1639.027099001,1618.302763568,62.5,HFET
391699:10591,739:739,05/06/25 07:35:32,STABLE BEAMS,6800,1634.367526278,1613.476102920,62.3,HFET
391699:10591,740:740,05/06/25 07:35:55,STABLE BEAMS,6800,1632.348576752,1611.699346036,62.3,HFET
391699:10591,741:741,05/06/25 07:36:19,STABLE BEAMS,6800,1632.433401343,1588.356223624,62.3,HFET
391699:10591,742:742,05/06/25 07:36:42,STABLE BEAMS,6800,1633.141779873,1612.243441135,62.3,HFET
391699:10591,743:743,05/06/25 07:37:05,STABLE BEAMS,6800,1634.380312097,1613.648488594,62.3,HFET
391699:10591,744:744,05/06/25 07:37:29,STABLE BEAMS,6800,1636.093015092,1615.209181225,62.4,HFET
391699:10591,745:745,05/06/25 07:37:52,STABLE BEAMS,6800,1639.359849129,1618.503887882,62.5,HFET
391699:10591,746:746,05/06/25 07:38:15,STABLE BEAMS,6800,1641.357429005,1620.610672088,62.6,HFET
391699:10591,747:747,05/06/25 07:38:39,STABLE BEAMS,6800,1644.162714588,1623.091203665,62.7,HFET
391699:10591,748:748,05/06/25 07:39:02,STABLE BEAMS,6800,1645.459870284,1624.515319877,62.8,HFET
391699:10591,749:749,05/06/25 07:39:25,STABLE BEAMS,6800,1645.868248042,1624.892600797,62.8,HFET
391699:10591,750:750,05/06/25 07:39:49,STABLE BEAMS,6800,1645.223487955,1624.225462080,62.8,HFET
391699:10591,751:751,05/06/25 07:40:12,STABLE BEAMS,6800,1645.004412262,1624.147236818,62.8,HFET
391699:10591,752:752,05/06/25 07:40:35,STABLE BEAMS,6800,1644.392082702,1623.417998007,62.7,HFET
391699:10591,753:753,05/06/25 07:40:58,STABLE BEAMS,6800,1643.918377910,1622.943280240,62.7,HFET
391699:10591,754:754,05/06/25 07:41:22,STABLE BEAMS,6800,1643.263791381,914.345374504,62.7,HFET
391699:10591,755:755,05/06/25 07:41:45,STABLE BEAMS,6800,1642.387325109,1529.388772872,62.7,HFET
391699:10591,756:756,05/06/25 07:42:08,STABLE BEAMS,6800,1640.466770800,1254.162109465,62.6,HFET
391699:10591,757:757,05/06/25 07:42:32,STABLE BEAMS,6800,1639.699768798,1615.026304215,62.5,HFET
391699:10591,758:758,05/06/25 07:42:55,STABLE BEAMS,6800,1638.382960220,1616.446469560,62.5,HFET
391699:10591,759:759,05/06/25 07:43:18,STABLE BEAMS,6800,1636.758360021,1615.809839710,62.4,HFET
391699:10591,760:760,05/06/25 07:43:42,STABLE BEAMS,6800,1635.505791192,1614.599038070,62.4,HFET
391699:10591,761:761,05/06/25 07:44:05,STABLE BEAMS,6800,1634.442369101,1613.435422658,62.3,HFET
391699:10591,762:762,05/06/25 07:44:28,STABLE BEAMS,6800,1633.212257205,1612.230466387,62.3,HFET
391699:10591,763:763,05/06/25 07:44:52,STABLE BEAMS,6800,1631.650335316,1610.738404478,62.2,HFET
391699:10591,764:764,05/06/25 07:45:15,STABLE BEAMS,6800,1630.357234459,1609.003979151,62.2,HFET
391699:10591,765:765,05/06/25 07:45:38,STABLE BEAMS,6800,1630.576465478,1609.708620994,62.2,HFET
391699:10591,766:766,05/06/25 07:46:01,STABLE BEAMS,6800,1628.225239979,994.816217508,62.1,HFET
391699:10591,767:767,05/06/25 07:46:25,STABLE BEAMS,6800,1626.953345269,1117.805835169,62.1,HFET
391699:10591,768:768,05/06/25 07:46:48,STABLE BEAMS,6800,1625.244222957,1581.337135357,62.0,HFET
391699:10591,769:769,05/06/25 07:47:11,STABLE BEAMS,6800,1624.675401153,1603.807931066,62.0,HFET
391699:10591,770:770,05/06/25 07:47:35,STABLE BEAMS,6800,1623.223875494,1602.337122301,61.9,HFET
391699:10591,771:771,05/06/25 07:47:58,STABLE BEAMS,6800,1620.689119533,1599.151822665,61.8,HFET
391699:10591,772:772,05/06/25 07:48:21,STABLE BEAMS,6800,1618.337583381,1597.697364912,61.7,HFET
391699:10591,773:773,05/06/25 07:48:45,STABLE BEAMS,6800,1616.239580868,1595.471213057,61.7,HFET
391699:10591,774:774,05/06/25 07:49:08,STABLE BEAMS,6800,1614.955055666,1594.315624020,61.6,HFET
391699:10591,775:775,05/06/25 07:49:31,STABLE BEAMS,6800,1612.713605090,1592.136655630,61.5,HFET
391699:10591,776:776,05/06/25 07:49:55,STABLE BEAMS,6800,1610.602031951,1590.100408266,61.4,HFET
391699:10591,777:777,05/06/25 07:50:18,STABLE BEAMS,6800,1608.962307861,1586.174546860,61.4,HFET
391699:10591,778:778,05/06/25 07:50:41,STABLE BEAMS,6800,1605.450981820,1215.201561396,61.2,HFET
391699:10591,779:779,05/06/25 07:51:05,STABLE BEAMS,6800,1603.042530787,1582.592798556,61.2,HFET
391699:10591,780:780,05/06/25 07:51:28,STABLE BEAMS,6800,1599.918678834,1579.404279626,61.0,HFET
391699:10591,781:781,05/06/25 07:51:51,STABLE BEAMS,6800,1597.095775961,1554.241574827,60.9,HFET
391699:10591,782:782,05/06/25 07:52:14,STABLE BEAMS,6800,1594.028372909,1573.502089477,60.8,HFET
391699:10591,783:783,05/06/25 07:52:38,STABLE BEAMS,6800,1590.459674183,1569.963418771,60.7,HFET
391699:10591,784:784,05/06/25 07:53:01,STABLE BEAMS,6800,1588.119828390,1567.589358171,60.6,HFET
391699:10591,785:785,05/06/25 07:53:24,STABLE BEAMS,6800,1587.677613992,1567.336826941,60.6,HFET
391699:10591,786:786,05/06/25 07:53:48,STABLE BEAMS,6800,1580.949673407,1560.658143560,60.3,HFET
391699:10591,787:787,05/06/25 07:54:11,STABLE BEAMS,6800,1578.108834417,1557.969651920,60.2,HFET
391699:10591,788:788,05/06/25 07:54:34,STABLE BEAMS,6800,1574.604367265,1554.440080261,60.1,HFET
391699:10591,789:789,05/06/25 07:54:58,STABLE BEAMS,6800,1569.315943153,1549.338360367,59.9,HFET
391699:10591,790:790,05/06/25 07:55:21,STABLE BEAMS,6800,1565.102320838,1545.082105403,59.7,HFET
391699:10591,791:791,05/06/25 07:55:44,STABLE BEAMS,6800,1560.825864887,1540.841745861,59.5,HFET
391699:10591,792:792,05/06/25 07:56:08,STABLE BEAMS,6800,1555.722050346,1535.765445150,59.3,HFET
391699:10591,793:793,05/06/25 07:56:31,STABLE BEAMS,6800,1551.762901804,1531.813427697,59.2,HFET
391699:10591,794:794,05/06/25 07:56:54,STABLE BEAMS,6800,1547.336752032,1505.563901330,59.0,HFET
391699:10591,795:795,05/06/25 07:57:17,STABLE BEAMS,6800,1542.169327223,1522.510115667,58.8,HFET
391699:10591,796:796,05/06/25 07:57:41,STABLE BEAMS,6800,1539.492210485,1519.604323008,58.7,HFET
391699:10591,797:797,05/06/25 07:58:04,STABLE BEAMS,6800,1534.053471247,1514.525515454,58.5,HFET
391699:10591,798:798,05/06/25 07:58:27,STABLE BEAMS,6800,1532.894000185,1512.587002400,58.5,HFET
391699:10591,799:799,05/06/25 07:58:51,STABLE BEAMS,6800,1525.530332973,1506.129059549,58.2,HFET
391699:10591,800:800,05/06/25 07:59:14,STABLE BEAMS,6800,1517.327788488,1498.027215147,57.9,HFET
391699:10591,801:801,05/06/25 07:59:37,STABLE BEAMS,6800,1514.280030144,1495.051439593,57.8,HFET
391699:10591,802:802,05/06/25 08:00:01,STABLE BEAMS,6800,1509.600968039,1490.171933037,57.6,HFET
391699:10591,803:803,05/06/25 08:00:24,STABLE BEAMS,6800,1505.420405732,1486.088246250,57.4,HFET
391699:10591,804:804,05/06/25 08:00:47,STABLE BEAMS,6800,1503.387427775,1484.087826976,57.3,HFET
391699:10591,805:805,05/06/25 08:01:11,STABLE BEAMS,6800,1506.207215944,1486.990640200,57.5,HFET
391699:10591,806:806,05/06/25 08:01:34,STABLE BEAMS,6800,1542.427855834,1522.644728752,58.8,HFET
391699:10591,807:807,05/06/25 08:01:57,STABLE BEAMS,6800,1626.348340578,1582.630116291,62.0,HFET
391699:10591,808:808,05/06/25 08:02:21,STABLE BEAMS,6800,1638.721792604,1617.803622485,62.5,HFET
391699:10591,809:809,05/06/25 08:02:44,STABLE BEAMS,6800,1641.166573676,1620.173372189,62.6,HFET
391699:10591,810:810,05/06/25 08:03:07,STABLE BEAMS,6800,1643.620559883,1622.627317500,62.7,HFET
391699:10591,811:811,05/06/25 08:03:31,STABLE BEAMS,6800,1644.408923359,1623.183706959,62.7,HFET
391699:10591,812:812,05/06/25 08:03:54,STABLE BEAMS,6800,1645.138818690,1624.228164437,62.8,HFET
391699:10591,813:813,05/06/25 08:04:17,STABLE BEAMS,6800,1644.656848896,1623.674681603,62.7,HFET
391699:10591,814:814,05/06/25 08:04:40,STABLE BEAMS,6800,1643.307765116,1622.213516802,62.7,HFET
391699:10591,815:815,05/06/25 08:05:04,STABLE BEAMS,6800,1643.155111918,1622.133339624,62.7,HFET
391699:10591,816:816,05/06/25 08:05:27,STABLE BEAMS,6800,1641.789816962,1620.552217561,62.6,HFET
391699:10591,817:817,05/06/25 08:05:50,STABLE BEAMS,6800,1640.713764378,1619.837449268,62.6,HFET
391699:10591,818:818,05/06/25 08:06:14,STABLE BEAMS,6800,1639.456519405,1618.543042005,62.5,HFET
391699:10591,819:819,05/06/25 08:06:37,STABLE BEAMS,6800,1637.763461118,1616.735696379,62.5,HFET
391699:10591,820:820,05/06/25 08:07:00,STABLE BEAMS,6800,1636.896355308,1592.463733337,62.4,HFET
391699:10591,821:821,05/06/25 08:07:24,STABLE BEAMS,6800,1635.479287594,1614.690631703,62.4,HFET
391699:10591,822:822,05/06/25 08:07:47,STABLE BEAMS,6800,1634.417418768,1613.325064541,62.3,HFET
391699:10591,823:823,05/06/25 08:08:10,STABLE BEAMS,6800,1632.671663940,1611.840065441,62.3,HFET
391699:10591,824:824,05/06/25 08:08:33,STABLE BEAMS,6800,1631.713798433,1610.881972543,62.2,HFET
391699:10591,825:825,05/06/25 08:08:57,STABLE BEAMS,6800,1630.576465478,1609.997858192,62.2,HFET
391699:10591,826:826,05/06/25 08:09:20,STABLE BEAMS,6800,1630.291743923,1609.445423157,62.2,HFET
391699:10591,827:827,05/06/25 08:09:43,STABLE BEAMS,6800,1628.187659153,1607.242469284,62.1,HFET
391699:10591,828:828,05/06/25 08:10:07,STABLE BEAMS,6800,1627.028809398,1606.207142990,62.1,HFET
391699:10591,829:829,05/06/25 08:10:30,STABLE BEAMS,6800,1626.011854440,1605.204753094,62.0,HFET
391699:10591,830:830,05/06/25 08:10:53,STABLE BEAMS,6800,1624.851598571,1200.414871977,62.0,HFET
391699:10591,831:831,05/06/25 08:11:17,STABLE BEAMS,6800,1624.036878649,178.060374549,62.0,HFET
391699:10591,832:832,05/06/25 08:11:40,STABLE BEAMS,6800,1623.200331274,1568.480695353,61.9,HFET
391699:10591,833:833,05/06/25 08:12:03,STABLE BEAMS,6800,1622.053327204,1601.148377402,61.9,HFET
391699:10591,834:834,05/06/25 08:12:27,STABLE BEAMS,6800,1619.904026088,1575.980541924,61.8,HFET
391699:10591,835:835,05/06/25 08:12:50,STABLE BEAMS,6800,1619.444979207,1598.728087933,61.8,HFET
391699:10591,836:836,05/06/25 08:13:13,STABLE BEAMS,6800,1617.835968879,1597.000801016,61.7,HFET
391699:10591,837:837,05/06/25 08:13:37,STABLE BEAMS,6800,1616.621291528,1595.957481529,61.7,HFET
391699:10591,838:838,05/06/25 08:14:00,STABLE BEAMS,6800,1615.157135375,1594.421930907,61.6,HFET
391699:10591,839:839,05/06/25 08:14:23,STABLE BEAMS,6800,1613.898958443,1593.416163363,61.6,HFET
391699:10591,840:840,05/06/25 08:14:47,STABLE BEAMS,6800,1612.517754789,1591.917161440,61.5,HFET
391699:10591,841:841,05/06/25 08:15:10,STABLE BEAMS,6800,1611.121737897,1590.695700636,61.5,HFET
391699:10591,842:842,05/06/25 08:15:33,STABLE BEAMS,6800,1609.938256636,1589.215546439,61.4,HFET
391699:10591,843:843,05/06/25 08:15:56,STABLE BEAMS,6800,1607.763849861,1485.174800286,61.3,HFET
391699:10591,844:844,05/06/25 08:16:20,STABLE BEAMS,6800,1605.656176233,1321.647133745,61.3,HFET
391699:10591,845:845,05/06/25 08:16:43,STABLE BEAMS,6800,1604.200285083,1583.597329067,61.2,HFET
391699:10591,846:846,05/06/25 08:17:06,STABLE BEAMS,6800,1602.852918069,1582.350575067,61.1,HFET
391699:10591,847:847,05/06/25 08:17:30,STABLE BEAMS,6800,1600.342335809,1557.189641639,61.0,HFET
391699:10591,848:848,05/06/25 08:17:53,STABLE BEAMS,6800,1598.472458798,1578.022335859,61.0,HFET
391699:10591,849:849,05/06/25 08:18:16,STABLE BEAMS,6800,1596.985224406,1576.749073086,60.9,HFET
391699:10591,850:850,05/06/25 08:18:40,STABLE BEAMS,6800,1594.415544520,1573.967145709,60.8,HFET
391699:10591,851:851,05/06/25 08:19:03,STABLE BEAMS,6800,1593.056634298,1572.856590628,60.8,HFET
391699:10591,852:852,05/06/25 08:19:26,STABLE BEAMS,6800,1591.281408320,1570.675921436,60.7,HFET
391699:10591,853:853,05/06/25 08:19:50,STABLE BEAMS,6800,1588.793904300,1568.760794017,60.6,HFET
391699:10591,854:854,05/06/25 08:20:13,STABLE BEAMS,6800,1586.022136530,1565.442400671,60.5,HFET
391699:10591,855:855,05/06/25 08:20:36,STABLE BEAMS,6800,1583.687130382,1563.061421523,60.4,HFET
391699:10591,856:856,05/06/25 08:20:59,STABLE BEAMS,6800,1580.998323285,1560.965503333,60.3,HFET
391699:10591,857:857,05/06/25 08:21:23,STABLE BEAMS,6800,1577.920627812,1557.713120469,60.2,HFET
391699:10591,858:858,05/06/25 08:21:46,STABLE BEAMS,6800,1576.902266742,1556.759683876,60.2,HFET
391699:10591,859:859,05/06/25 08:22:09,STABLE BEAMS,6800,1573.694375004,1553.584513847,60.0,HFET
391699:10591,860:860,05/06/25 08:22:33,STABLE BEAMS,6800,1571.777564881,1528.975400298,60.0,HFET
391699:10591,861:861,05/06/25 08:22:56,STABLE BEAMS,6800,1569.041979998,1549.189089524,59.9,HFET
391699:10591,862:862,05/06/25 08:23:19,STABLE BEAMS,6800,1565.487146201,1545.426177038,59.7,HFET
391699:10591,863:863,05/06/25 08:23:43,STABLE BEAMS,6800,1561.870884881,1541.881578210,59.6,HFET
391699:10591,864:864,05/06/25 08:24:06,STABLE BEAMS,6800,1559.526362944,1539.473363507,59.5,HFET
391699:10591,865:865,05/06/25 08:24:29,STABLE BEAMS,6800,1556.491553921,1536.620820539,59.4,HFET
391699:10591,866:866,05/06/25 08:24:53,STABLE BEAMS,6800,1590.733163183,1570.323647245,60.7,HFET
391699:10591,867:867,05/06/25 08:25:16,STABLE BEAMS,6800,1558.620891501,1538.647166959,59.5,HFET
391699:10591,868:868,05/06/25 08:25:39,STABLE BEAMS,6800,1548.933761348,1528.889189839,59.1,HFET
391699:10591,869:869,05/06/25 08:26:03,STABLE BEAMS,6800,1550.204102794,1530.616915858,59.1,HFET
391699:10591,870:870,05/06/25 08:26:26,STABLE BEAMS,6800,1551.260347168,1531.525189142,59.2,HFET
391699:10591,871:871,05/06/25 08:26:49,STABLE BEAMS,6800,1553.570566484,1533.637856227,59.3,HFET
391699:10591,872:872,05/06/25 08:27:12,STABLE BEAMS,6800,1555.166325014,1535.514214589,59.3,HFET
391699:10591,873:873,05/06/25 08:27:36,STABLE BEAMS,6800,1556.225855769,1514.138822616,59.4,HFET
391699:10591,874:874,05/06/25 08:27:59,STABLE BEAMS,6800,1557.987208643,1538.104067294,59.4,HFET
391699:10591,875:875,05/06/25 08:28:22,STABLE BEAMS,6800,1559.634265776,1539.708537479,59.5,HFET
391699:10591,876:876,05/06/25 08:28:46,STABLE BEAMS,6800,1561.241093358,1541.198056934,59.6,HFET
391699:10591,877:877,05/06/25 08:29:09,STABLE BEAMS,6800,1561.943544959,1542.132058586,59.6,HFET
391699:10591,878:878,05/06/25 08:29:32,STABLE BEAMS,6800,1562.383731938,1542.214276015,59.6,HFET
391699:10591,879:879,05/06/25 08:29:56,STABLE BEAMS,6800,1562.331337874,1542.453099619,59.6,HFET
391699:10591,880:880,05/06/25 08:30:19,STABLE BEAMS,6800,1561.457209674,1541.679440703,59.6,HFET
391699:10591,881:881,05/06/25 08:30:42,STABLE BEAMS,6800,1561.027789270,1540.959205708,59.5,HFET
391699:10591,882:882,05/06/25 08:31:06,STABLE BEAMS,6800,1559.977774304,1540.134688537,59.5,HFET
391699:10591,883:883,05/06/25 08:31:29,STABLE BEAMS,6800,1558.490539911,1538.583882580,59.5,HFET
391699:10591,884:884,05/06/25 08:31:52,STABLE BEAMS,6800,1557.712771334,1537.921522604,59.4,HFET
391699:10591,885:885,05/06/25 08:32:15,STABLE BEAMS,6800,1556.266240645,1536.477044704,59.4,HFET
391699:10591,886:886,05/06/25 08:32:39,STABLE BEAMS,6800,1556.699094581,1393.405995410,59.4,HFET
391700:10591,1:1,05/06/25 08:39:07,STABLE BEAMS,6800,1541.156893083,1445.351943463,58.8,HFET
391700:10591,2:2,05/06/25 08:39:31,STABLE BEAMS,6800,1540.449920666,1520.104527543,58.8,HFET
391700:10591,3:3,05/06/25 08:39:54,STABLE BEAMS,6800,1540.084576509,1520.163333634,58.7,HFET
391700:10591,4:4,05/06/25 08:40:17,STABLE BEAMS,6800,1538.503631217,1519.002658757,58.7,HFET
391700:10591,5:5,05/06/25 08:40:40,STABLE BEAMS,6800,1538.545111554,1518.358397790,58.7,HFET
391700:10591,6:6,05/06/25 08:41:04,STABLE BEAMS,6800,1537.041191831,1517.129266012,58.6,HFET
391700:10591,7:7,05/06/25 08:41:27,STABLE BEAMS,6800,1536.218836388,1516.546844608,58.6,HFET
391700:10591,8:8,05/06/25 08:41:50,STABLE BEAMS,6800,1534.979527532,1515.415629547,58.6,HFET
391700:10591,9:9,05/06/25 08:42:14,STABLE BEAMS,6800,1533.765316160,1514.039905526,58.5,HFET
391700:10591,10:10,05/06/25 08:42:37,STABLE BEAMS,6800,1532.204800384,1512.587132717,58.4,HFET
391700:10591,11:11,05/06/25 08:43:00,STABLE BEAMS,6800,1531.248340990,1511.386634522,58.4,HFET
391700:10591,12:12,05/06/25 08:43:24,STABLE BEAMS,6800,1529.720721721,1510.047327706,58.4,HFET
391700:10591,13:13,05/06/25 08:43:47,STABLE BEAMS,6800,1529.137242005,1487.714261289,58.3,HFET
391700:10591,14:14,05/06/25 08:44:10,STABLE BEAMS,6800,1527.579685607,1507.788874023,58.3,HFET
391700:10591,15:15,05/06/25 08:44:34,STABLE BEAMS,6800,1526.424735362,1506.936390095,58.2,HFET
391700:10591,16:16,05/06/25 08:44:57,STABLE BEAMS,6800,1525.575402168,1505.931314331,58.2,HFET
391700:10591,17:17,05/06/25 08:45:20,STABLE BEAMS,6800,1524.062596137,1504.496126378,58.1,HFET
391700:10591,18:18,05/06/25 08:45:44,STABLE BEAMS,6800,1522.618240019,1503.223508009,58.1,HFET
391700:10591,19:19,05/06/25 08:46:07,STABLE BEAMS,6800,1522.822657800,1503.335280814,58.1,HFET
391700:10591,20:20,05/06/25 08:46:30,STABLE BEAMS,6800,1519.604481817,1500.035829352,58.0,HFET
391700:10591,21:21,05/06/25 08:46:53,STABLE BEAMS,6800,1518.301080363,1498.801339172,57.9,HFET
391700:10591,22:22,05/06/25 08:47:17,STABLE BEAMS,6800,1517.027313561,1497.708861066,57.9,HFET
391700:10591,23:23,05/06/25 08:47:40,STABLE BEAMS,6800,1514.335228259,1495.131209988,57.8,HFET
391700:10591,24:24,05/06/25 08:48:03,STABLE BEAMS,6800,1512.670079682,1493.175577460,57.7,HFET
391700:10591,25:25,05/06/25 08:48:27,STABLE BEAMS,6800,1511.790032726,1492.350124856,57.7,HFET
391700:10591,26:26,05/06/25 08:48:50,STABLE BEAMS,6800,1512.603191208,1471.579057354,57.7,HFET
391700:10591,27:27,05/06/25 08:49:13,STABLE BEAMS,6800,1508.492950907,1489.177440548,57.5,HFET
391700:10591,28:28,05/06/25 08:49:37,STABLE BEAMS,6800,1512.358388550,1493.051796191,57.7,HFET
391700:10591,29:29,05/06/25 08:50:00,STABLE BEAMS,6800,1531.774905825,1511.838441540,58.4,HFET
391700:10591,30:30,05/06/25 08:50:23,STABLE BEAMS,6800,1538.978897449,1519.360356740,58.7,HFET
391700:10591,31:31,05/06/25 08:50:47,STABLE BEAMS,6800,1536.335314874,1516.743880750,58.6,HFET
391700:10591,32:32,05/06/25 08:51:10,STABLE BEAMS,6800,1517.383297255,1497.998810151,57.9,HFET
391700:10591,33:33,05/06/25 08:51:33,STABLE BEAMS,6800,1481.769362472,1463.012949255,56.5,HFET
391700:10591,34:34,05/06/25 08:51:57,STABLE BEAMS,6800,1436.441949266,1417.484618683,54.8,HFET
391700:10591,35:35,05/06/25 08:52:20,STABLE BEAMS,6800,1440.956823140,1422.441492107,55.0,HFET
391700:10591,36:36,05/06/25 08:52:43,STABLE BEAMS,6800,1330.790820244,1313.548270218,50.8,HFET
391700:10591,37:37,05/06/25 08:53:06,STABLE BEAMS,6800,1541.871509196,1522.171245583,58.8,HFET
391700:10591,38:38,05/06/25 08:53:30,STABLE BEAMS,6800,1550.572398153,1530.720299260,59.1,HFET
391700:10591,39:39,05/06/25 08:53:53,STABLE BEAMS,6800,1549.844374914,1507.977221951,59.1,HFET
391700:10591,40:40,05/06/25 08:54:16,STABLE BEAMS,6800,1548.766294912,1529.122685497,59.1,HFET
391700:10591,41:41,05/06/25 08:54:40,STABLE BEAMS,6800,1546.709462083,1526.992373956,59.0,HFET
391700:10591,42:42,05/06/25 08:55:03,STABLE BEAMS,6800,1544.959488915,1524.928776596,58.9,HFET
391700:10591,43:43,05/06/25 08:55:26,STABLE BEAMS,6800,1543.889363262,1524.151539031,58.9,HFET
391700:10591,44:44,05/06/25 08:55:50,STABLE BEAMS,6800,1540.103289258,1520.385961501,58.8,HFET
391700:10591,45:45,05/06/25 08:56:13,STABLE BEAMS,6800,1537.043685229,1517.306894910,58.6,HFET
391700:10591,46:46,05/06/25 08:56:36,STABLE BEAMS,6800,1532.493576777,1513.073167935,58.5,HFET
391700:10591,47:47,05/06/25 08:57:00,STABLE BEAMS,6800,1529.000023351,1509.319858254,58.3,HFET
391700:10591,48:48,05/06/25 08:57:23,STABLE BEAMS,6800,1525.236103804,1505.821844584,58.2,HFET
391700:10591,49:49,05/06/25 08:57:46,STABLE BEAMS,6800,1521.859805497,1502.252676325,58.1,HFET
391700:10591,50:50,05/06/25 08:58:09,STABLE BEAMS,6800,1520.720134470,1501.330726472,58.0,HFET
391700:10591,51:51,05/06/25 08:58:33,STABLE BEAMS,6800,1520.573252875,1501.184267621,58.0,HFET
391700:10591,52:52,05/06/25 08:58:56,STABLE BEAMS,6800,1518.942406918,1477.754310904,57.9,HFET
391700:10591,53:53,05/06/25 08:59:19,STABLE BEAMS,6800,1516.576368181,1497.297646659,57.9,HFET
391700:10591,54:54,05/06/25 08:59:43,STABLE BEAMS,6800,1512.461607063,1493.016669367,57.7,HFET
391700:10591,55:55,05/06/25 09:00:06,STABLE BEAMS,6800,1509.869944397,1490.631837302,57.6,HFET
391700:10591,56:56,05/06/25 09:00:29,STABLE BEAMS,6800,1507.110341140,1487.966324630,57.5,HFET
391700:10591,57:57,05/06/25 09:00:53,STABLE BEAMS,6800,1504.730110470,1485.215240087,57.4,HFET
391700:10591,58:58,05/06/25 09:01:16,STABLE BEAMS,6800,1501.462344475,1482.102974278,57.3,HFET
391700:10591,59:59,05/06/25 09:01:39,STABLE BEAMS,6800,1501.018421486,1481.762115983,57.3,HFET
391700:10591,60:60,05/06/25 09:02:03,STABLE BEAMS,6800,1498.687936155,1479.267148669,57.2,HFET
391700:10591,61:61,05/06/25 09:02:26,STABLE BEAMS,6800,1511.664512605,1492.450393036,57.7,HFET
391700:10591,62:62,05/06/25 09:02:49,STABLE BEAMS,6800,1512.460209125,1493.029713432,57.7,HFET
391700:10591,63:63,05/06/25 09:03:13,STABLE BEAMS,6800,1513.213804002,1493.966282488,57.7,HFET
391700:10591,64:64,05/06/25 09:03:36,STABLE BEAMS,6800,1512.401732805,1493.169588783,57.7,HFET
391700:10591,65:65,05/06/25 09:03:59,STABLE BEAMS,6800,1524.457403268,1483.255694698,58.2,HFET
391700:10591,66:66,05/06/25 09:04:22,STABLE BEAMS,6800,1534.192406667,1514.560995543,58.5,HFET
391700:10591,67:67,05/06/25 09:04:46,STABLE BEAMS,6800,1534.317616135,1514.408782244,58.5,HFET
391700:10591,68:68,05/06/25 09:05:09,STABLE BEAMS,6800,1534.788827529,1515.111728637,58.5,HFET
391700:10591,69:69,05/06/25 09:05:32,STABLE BEAMS,6800,1542.770579555,1522.244463780,58.9,HFET
391700:10591,70:70,05/06/25 09:05:56,STABLE BEAMS,6800,1561.133190527,1540.838441254,59.6,HFET
391700:10591,71:71,05/06/25 09:06:19,STABLE BEAMS,6800,1560.701121398,1540.409756289,59.5,HFET
391700:10591,72:72,05/06/25 09:06:42,STABLE BEAMS,6800,1559.781776851,1539.877964366,59.5,HFET
391700:10591,73:73,05/06/25 09:07:06,STABLE BEAMS,6800,1558.561638549,1538.387271478,59.5,HFET
391700:10591,74:74,05/06/25 09:07:29,STABLE BEAMS,6800,1583.300114098,1563.009370277,60.4,HFET
391700:10591,75:75,05/06/25 09:07:52,STABLE BEAMS,6800,1584.316292424,1563.998172047,60.4,HFET
391700:10591,76:76,05/06/25 09:08:16,STABLE BEAMS,6800,1584.721857955,1564.336572814,60.5,HFET
391700:10591,77:77,05/06/25 09:08:39,STABLE BEAMS,6800,1584.362604231,1564.080153134,60.4,HFET
391700:10591,78:78,05/06/25 09:09:02,STABLE BEAMS,6800,1597.785441742,1554.719216755,61.0,HFET
391700:10591,79:79,05/06/25 09:09:25,STABLE BEAMS,6800,1606.759991376,1586.177025849,61.3,HFET
391700:10591,80:80,05/06/25 09:09:49,STABLE BEAMS,6800,1607.493467390,1586.784596026,61.3,HFET
391700:10591,81:81,05/06/25 09:10:12,STABLE BEAMS,6800,1606.509572441,1585.855508630,61.3,HFET
391700:10591,82:82,05/06/25 09:10:35,STABLE BEAMS,6800,1612.756638692,1592.144534108,61.5,HFET
391700:10591,83:83,05/06/25 09:10:59,STABLE BEAMS,6800,1630.794764539,1609.807482726,62.2,HFET
391700:10591,84:84,05/06/25 09:11:22,STABLE BEAMS,6800,1630.263678886,1609.451143910,62.2,HFET
391700:10591,85:85,05/06/25 09:11:45,STABLE BEAMS,6800,1629.022187285,1607.961396906,62.1,HFET
391700:10591,86:86,05/06/25 09:12:09,STABLE BEAMS,6800,1630.341955241,1609.579729779,62.2,HFET
391700:10591,87:87,05/06/25 09:12:32,STABLE BEAMS,6800,1641.573855973,1620.698338481,62.6,HFET
391700:10591,88:88,05/06/25 09:12:55,STABLE BEAMS,6800,1641.599272285,1620.301515614,62.6,HFET
391700:10591,89:89,05/06/25 09:13:19,STABLE BEAMS,6800,1640.630811880,1619.808749540,62.6,HFET
391700:10591,90:90,05/06/25 09:13:42,STABLE BEAMS,6800,1640.276544952,1619.270481818,62.6,HFET
391700:10591,91:91,05/06/25 09:14:05,STABLE BEAMS,6800,1639.860531672,1595.415478267,62.6,HFET
391700:10591,92:92,05/06/25 09:14:29,STABLE BEAMS,6800,1638.693253413,1617.744973308,62.5,HFET
391700:10591,93:93,05/06/25 09:14:52,STABLE BEAMS,6800,1637.740382878,1616.612954635,62.5,HFET
391700:10591,94:94,05/06/25 09:15:15,STABLE BEAMS,6800,1637.378014449,1616.504324258,62.5,HFET
391700:10591,95:95,05/06/25 09:15:38,STABLE BEAMS,6800,1635.847272301,1614.791847905,62.4,HFET
391700:10591,96:96,05/06/25 09:16:02,STABLE BEAMS,6800,1646.667214592,1625.503931554,62.8,HFET
391700:10591,97:97,05/06/25 09:16:25,STABLE BEAMS,6800,1647.025536358,1625.951891560,62.8,HFET
391700:10591,98:98,05/06/25 09:16:48,STABLE BEAMS,6800,1645.650880940,1624.635629720,62.8,HFET
391700:10591,99:99,05/06/25 09:17:12,STABLE BEAMS,6800,1642.848562909,1621.870664404,62.7,HFET
391700:10591,100:100,05/06/25 09:17:35,STABLE BEAMS,6800,1640.336885189,1619.631968408,62.6,HFET
391700:10591,101:101,05/06/25 09:17:58,STABLE BEAMS,6800,1636.888711612,1615.934620452,62.4,HFET
391700:10591,102:102,05/06/25 09:18:22,STABLE BEAMS,6800,1633.352124585,1612.702660472,62.3,HFET
391700:10591,103:103,05/06/25 09:18:45,STABLE BEAMS,6800,1627.614471859,1606.710804352,62.1,HFET
391700:10591,104:104,05/06/25 09:19:08,STABLE BEAMS,6800,1622.768719949,1579.268206371,61.9,HFET
391700:10591,105:105,05/06/25 09:19:32,STABLE BEAMS,6800,1617.948392527,1597.351712748,61.7,HFET
391700:10591,106:106,05/06/25 09:19:55,STABLE BEAMS,6800,1612.560011758,1591.752805645,61.5,HFET
391700:10591,107:107,05/06/25 09:20:18,STABLE BEAMS,6800,1609.388294733,1588.968118709,61.4,HFET
391700:10591,108:108,05/06/25 09:20:42,STABLE BEAMS,6800,1619.188633342,1598.485058583,61.8,HFET
391700:10591,109:109,05/06/25 09:21:05,STABLE BEAMS,6800,1616.528676089,1595.718823106,61.7,HFET
391700:10591,110:110,05/06/25 09:21:28,STABLE BEAMS,6800,1612.665576517,1592.125381957,61.5,HFET
391700:10591,111:111,05/06/25 09:21:51,STABLE BEAMS,6800,1611.907616150,1591.470078294,61.5,HFET
391700:10591,112:112,05/06/25 09:22:15,STABLE BEAMS,6800,1613.833778560,1593.324107478,61.6,HFET
391700:10591,113:113,05/06/25 09:22:38,STABLE BEAMS,6800,1612.021282410,1591.380142680,61.5,HFET
391700:10591,114:114,05/06/25 09:23:01,STABLE BEAMS,6800,1612.804348436,1592.086275066,61.5,HFET
391700:10591,115:115,05/06/25 09:23:25,STABLE BEAMS,6800,1611.501421137,1591.009864777,61.5,HFET
391700:10591,116:116,05/06/25 09:23:48,STABLE BEAMS,6800,1611.710678563,1591.246433824,61.5,HFET
391700:10591,117:117,05/06/25 09:24:11,STABLE BEAMS,6800,1610.839509740,1567.394545573,61.4,HFET
391700:10591,118:118,05/06/25 09:24:35,STABLE BEAMS,6800,1608.007091079,1587.581437124,61.3,HFET
391700:10591,119:119,05/06/25 09:24:58,STABLE BEAMS,6800,1607.010565637,1586.589140920,61.3,HFET
391700:10591,120:120,05/06/25 09:25:21,STABLE BEAMS,6800,1600.398155230,1580.192017363,61.1,HFET
391700:10591,121:121,05/06/25 09:25:45,STABLE BEAMS,6800,1596.207300502,1575.810513166,60.9,HFET
391700:10591,122:122,05/06/25 09:26:08,STABLE BEAMS,6800,1589.856230931,1569.793805582,60.6,HFET
391700:10591,123:123,05/06/25 09:26:31,STABLE BEAMS,6800,1596.681945428,1576.370455885,60.9,HFET
391700:10591,124:124,05/06/25 09:26:54,STABLE BEAMS,6800,1602.499125295,1582.058617567,61.1,HFET
391700:10591,125:125,05/06/25 09:27:18,STABLE BEAMS,6800,1602.813939306,1582.355658889,61.1,HFET
391700:10591,126:126,05/06/25 09:27:41,STABLE BEAMS,6800,1601.493394717,1581.132916864,61.1,HFET
391700:10591,127:127,05/06/25 09:28:04,STABLE BEAMS,6800,1601.046504175,1580.542073869,61.1,HFET
391700:10591,128:128,05/06/25 09:28:28,STABLE BEAMS,6800,1602.734256838,1582.395451254,61.1,HFET
391700:10591,129:129,05/06/25 09:28:51,STABLE BEAMS,6800,1600.392857780,1579.938770556,61.1,HFET
391700:10591,130:130,05/06/25 09:29:14,STABLE BEAMS,6800,1599.513113302,1556.529981390,61.0,HFET
391700:10591,131:131,05/06/25 09:29:38,STABLE BEAMS,6800,1594.877714279,1574.509324294,60.8,HFET
391700:10591,132:132,05/06/25 09:30:01,STABLE BEAMS,6800,1603.219194184,1582.781733295,61.2,HFET
391700:10591,133:133,05/06/25 09:30:24,STABLE BEAMS,6800,1607.755895512,1587.327299253,61.3,HFET
391700:10591,134:134,05/06/25 09:30:48,STABLE BEAMS,6800,1610.153588144,1589.609302474,61.4,HFET
391700:10591,135:135,05/06/25 09:31:11,STABLE BEAMS,6800,1609.660549297,1589.277598687,61.4,HFET
391700:10591,136:136,05/06/25 09:31:34,STABLE BEAMS,6800,1612.595409838,1592.213742758,61.5,HFET
391700:10591,137:137,05/06/25 09:31:58,STABLE BEAMS,6800,1609.211010030,1588.582067100,61.4,HFET
391700:10591,138:138,05/06/25 09:32:21,STABLE BEAMS,6800,1608.526797025,1588.167407144,61.4,HFET
391700:10591,139:139,05/06/25 09:32:44,STABLE BEAMS,6800,1607.222782441,1586.819353285,61.3,HFET
391700:10591,140:140,05/06/25 09:33:07,STABLE BEAMS,6800,1605.983162932,1585.785387205,61.3,HFET
391700:10591,141:141,05/06/25 09:33:31,STABLE BEAMS,6800,1602.199427001,1581.745934330,61.1,HFET
391700:10591,142:142,05/06/25 09:33:54,STABLE BEAMS,6800,1598.306243148,1555.152815932,61.0,HFET
391700:10591,143:143,05/06/25 09:34:17,STABLE BEAMS,6800,1595.958287680,1575.541091005,60.9,HFET
391700:10591,144:144,05/06/25 09:34:41,STABLE BEAMS,6800,1593.654461273,1527.606565134,60.8,HFET
391700:10591,145:145,05/06/25 09:35:04,STABLE BEAMS,6800,1581.443178233,830.609224972,60.3,HFET
391700:10591,146:146,05/06/25 09:35:27,STABLE BEAMS,6800,1576.511203795,1052.568579988,60.1,HFET
391700:10591,147:147,05/06/25 09:35:51,STABLE BEAMS,6800,1563.606666116,1543.164941303,59.6,HFET
391700:10591,148:148,05/06/25 09:36:14,STABLE BEAMS,6800,1563.487538906,1543.760097296,59.6,HFET
391700:10591,149:149,05/06/25 09:36:37,STABLE BEAMS,6800,1564.879811613,1545.054960209,59.7,HFET
391700:10591,150:150,05/06/25 09:37:01,STABLE BEAMS,6800,1559.321479184,1539.418335532,59.5,HFET
391700:10591,151:151,05/06/25 09:37:24,STABLE BEAMS,6800,1554.840131298,1535.123192087,59.3,HFET
391700:10591,152:152,05/06/25 09:37:47,STABLE BEAMS,6800,1564.373831620,1544.409929637,59.7,HFET
391700:10591,153:153,05/06/25 09:38:11,STABLE BEAMS,6800,1570.448755291,1550.557097377,59.9,HFET
391700:10591,154:154,05/06/25 09:38:34,STABLE BEAMS,6800,1574.781194164,1554.744550835,60.1,HFET
391700:10591,155:155,05/06/25 09:38:57,STABLE BEAMS,6800,1575.338472760,1286.658526255,60.1,HFET
391700:10591,156:156,05/06/25 09:39:20,STABLE BEAMS,6800,1578.934002086,1559.097493274,60.2,HFET
391700:10591,157:157,05/06/25 09:39:44,STABLE BEAMS,6800,1578.587681332,1558.385180600,60.2,HFET
391700:10591,158:158,05/06/25 09:40:07,STABLE BEAMS,6800,1578.621207320,1311.802373021,60.2,HFET
391700:10591,159:159,05/06/25 09:40:30,STABLE BEAMS,6800,1578.341317235,1238.428719438,60.2,HFET
391700:10591,160:160,05/06/25 09:40:54,STABLE BEAMS,6800,1577.840634691,1556.880274034,60.2,HFET
391700:10591,161:161,05/06/25 09:41:17,STABLE BEAMS,6800,1574.620586616,1554.615269516,60.1,HFET
391700:10591,162:162,05/06/25 09:41:40,STABLE BEAMS,6800,1573.854205920,1553.977200061,60.0,HFET
391700:10591,163:163,05/06/25 09:42:04,STABLE BEAMS,6800,1576.311151505,1556.125007526,60.1,HFET
391700:10591,164:164,05/06/25 09:42:27,STABLE BEAMS,6800,1575.512176780,1555.552628092,60.1,HFET
391700:10591,165:165,05/06/25 09:42:50,STABLE BEAMS,6800,1576.711256085,1556.622237802,60.1,HFET
391700:10591,166:166,05/06/25 09:43:14,STABLE BEAMS,6800,1575.263319284,1555.291900304,60.1,HFET
391700:10591,167:167,05/06/25 09:43:37,STABLE BEAMS,6800,1574.290640539,1554.381098295,60.1,HFET
391700:10591,168:168,05/06/25 09:44:00,STABLE BEAMS,6800,1572.618167094,1530.069818217,60.0,HFET
391700:10591,169:169,05/06/25 09:44:24,STABLE BEAMS,6800,1571.496113357,1551.743306893,59.9,HFET
391700:10591,170:170,05/06/25 09:44:47,STABLE BEAMS,6800,1571.752925201,1236.989320070,60.0,HFET
391700:10591,171:171,05/06/25 09:45:10,STABLE BEAMS,6800,1568.498574506,1548.545607363,59.8,HFET
391700:10591,172:172,05/06/25 09:45:33,STABLE BEAMS,6800,1564.893063411,1545.103861711,59.7,HFET
391700:10591,173:173,05/06/25 09:45:57,STABLE BEAMS,6800,1563.414723502,1543.313962469,59.6,HFET
391700:10591,174:174,05/06/25 09:46:20,STABLE BEAMS,6800,1562.404782759,1542.636616861,59.6,HFET
391700:10591,175:175,05/06/25 09:46:43,STABLE BEAMS,6800,1560.145396067,1540.139487994,59.5,HFET
391700:10591,176:176,05/06/25 09:47:07,STABLE BEAMS,6800,1556.251893387,1536.386445816,59.4,HFET
391700:10591,177:177,05/06/25 09:47:30,STABLE BEAMS,6800,1556.041238022,1536.396621029,59.4,HFET
391700:10591,178:178,05/06/25 09:47:53,STABLE BEAMS,6800,1557.330594695,1199.152696525,59.4,HFET
391700:10591,179:179,05/06/25 09:48:17,STABLE BEAMS,6800,1556.223983676,1279.271069519,59.4,HFET
391700:10591,180:180,05/06/25 09:48:40,STABLE BEAMS,6800,1554.645221130,1534.996730388,59.3,HFET
391700:10591,181:181,05/06/25 09:49:03,STABLE BEAMS,6800,1554.724118791,1512.734783086,59.3,HFET
391700:10591,182:182,05/06/25 09:49:27,STABLE BEAMS,6800,1553.929043577,1534.224398945,59.3,HFET
391700:10591,183:183,05/06/25 09:49:50,STABLE BEAMS,6800,1552.848780829,1533.037140107,59.2,HFET
391700:10591,184:184,05/06/25 09:50:13,STABLE BEAMS,6800,1551.103173152,1531.405516656,59.2,HFET
391700:10591,185:185,05/06/25 09:50:37,STABLE BEAMS,6800,1544.409535187,1524.927230525,58.9,HFET
391700:10591,186:186,05/06/25 09:51:00,STABLE BEAMS,6800,1540.360256430,1520.456013556,58.8,HFET
391700:10591,187:187,05/06/25 09:51:23,STABLE BEAMS,6800,1534.050045890,1514.671358112,58.5,HFET
391700:10591,188:188,05/06/25 09:51:46,STABLE BEAMS,6800,1534.102742431,1514.201085743,58.5,HFET
391700:10591,189:189,05/06/25 09:52:10,STABLE BEAMS,6800,1532.821806087,1513.337303378,58.5,HFET
391825:10606,96:96,05/09/25 02:35:58,STABLE BEAMS,6800,1074.220552928,237.861908104,41.0,HFET
391825:10606,97:97,05/09/25 02:36:21,STABLE BEAMS,6800,1073.311500542,758.487067111,40.9,HFET
391825:10606,98:98,05/09/25 02:36:45,STABLE BEAMS,6800,1071.936141675,1058.084275207,40.9,HFET
391825:10606,99:99,05/09/25 02:37:08,STABLE BEAMS,6800,1070.572636673,1056.945648280,40.8,HFET
391825:10606,100:100,05/09/25 02:37:31,STABLE BEAMS,6800,1069.412928203,1055.838946582,40.8,HFET
391825:10606,101:101,05/09/25 02:37:54,STABLE BEAMS,6800,1067.420023902,1053.763433116,40.7,HFET
391825:10606,102:102,05/09/25 02:38:18,STABLE BEAMS,6800,1065.682909634,1052.202006973,40.7,HFET
391825:10606,103:103,05/09/25 02:38:41,STABLE BEAMS,6800,1063.935748194,1050.258797869,40.6,HFET
391825:10606,104:104,05/09/25 02:39:04,STABLE BEAMS,6800,1062.649268782,1049.173805541,40.5,HFET
391825:10606,105:105,05/09/25 02:39:28,STABLE BEAMS,6800,1062.256570708,1033.780837913,40.5,HFET
391825:10606,106:106,05/09/25 02:39:51,STABLE BEAMS,6800,1064.709535730,1051.101838341,40.6,HFET
391825:10606,107:107,05/09/25 02:40:14,STABLE BEAMS,6800,1104.307809581,1090.335668543,42.1,HFET
391825:10606,108:108,05/09/25 02:40:38,STABLE BEAMS,6800,1113.161436012,1099.140440274,42.5,HFET
391825:10606,109:109,05/09/25 02:41:01,STABLE BEAMS,6800,1070.204807188,1056.439102757,40.8,HFET
391825:10606,110:110,05/09/25 02:41:24,STABLE BEAMS,6800,1074.007248778,1060.368294112,41.0,HFET
391825:10606,111:111,05/09/25 02:41:48,STABLE BEAMS,6800,1045.505540436,1032.164719950,39.9,HFET
391825:10606,112:112,05/09/25 02:42:11,STABLE BEAMS,6800,997.264606232,984.485137195,38.0,HFET
391825:10606,113:113,05/09/25 02:42:34,STABLE BEAMS,6800,965.006694544,952.881254186,36.8,HFET
391825:10606,114:114,05/09/25 02:42:58,STABLE BEAMS,6800,1042.560697287,1029.177912456,39.8,HFET
391825:10606,115:115,05/09/25 02:43:21,STABLE BEAMS,6800,1109.757464101,1095.693617402,42.3,HFET
391825:10606,116:116,05/09/25 02:43:44,STABLE BEAMS,6800,1133.416460281,1118.992794975,43.2,HFET
391825:10606,117:117,05/09/25 02:44:07,STABLE BEAMS,6800,1133.846592039,1119.496389308,43.3,HFET
391825:10606,118:118,05/09/25 02:44:31,STABLE BEAMS,6800,1132.503900786,1102.087817588,43.2,HFET
391825:10606,119:119,05/09/25 02:44:54,STABLE BEAMS,6800,1131.607470722,1117.288844427,43.2,HFET
391825:10606,120:120,05/09/25 02:45:17,STABLE BEAMS,6800,1130.609931286,1116.431697888,43.1,HFET
391825:10606,121:121,05/09/25 02:45:41,STABLE BEAMS,6800,1129.625872555,1115.243981905,43.1,HFET
391825:10606,122:122,05/09/25 02:46:04,STABLE BEAMS,6800,1146.577110500,1132.192082411,43.7,HFET
391825:10606,123:123,05/09/25 02:46:27,STABLE BEAMS,6800,1182.536820386,1167.436744849,45.1,HFET
391825:10606,124:124,05/09/25 02:46:51,STABLE BEAMS,6800,1183.384518807,1168.322711409,45.1,HFET
391825:10606,125:125,05/09/25 02:47:14,STABLE BEAMS,6800,1182.220444846,1167.299164531,45.1,HFET
391825:10606,126:126,05/09/25 02:47:37,STABLE BEAMS,6800,1181.577793745,1166.262342487,45.1,HFET
391825:10606,127:127,05/09/25 02:48:01,STABLE BEAMS,6800,1180.347910401,1165.265091708,45.0,HFET
391825:10606,128:128,05/09/25 02:48:24,STABLE BEAMS,6800,1179.452036242,1164.431281938,45.0,HFET
391825:10606,129:129,05/09/25 02:48:47,STABLE BEAMS,6800,1195.731699660,1180.496205649,45.6,HFET
391825:10606,130:130,05/09/25 02:49:10,STABLE BEAMS,6800,1233.269387734,1217.449752430,47.0,HFET
391825:10606,131:131,05/09/25 02:49:34,STABLE BEAMS,6800,1227.262528035,1194.204918063,46.8,HFET
391825:10606,132:132,05/09/25 02:49:57,STABLE BEAMS,6800,1178.667956283,1163.516679342,45.0,HFET
391825:10606,133:133,05/09/25 02:50:20,STABLE BEAMS,6800,1188.589133522,1173.380035995,45.3,HFET
391825:10606,134:134,05/09/25 02:50:44,STABLE BEAMS,6800,1156.245538836,1141.618466440,44.1,HFET
391825:10606,135:135,05/09/25 02:51:07,STABLE BEAMS,6800,1109.761518940,1095.809276957,42.3,HFET
391825:10606,136:136,05/09/25 02:51:30,STABLE BEAMS,6800,1229.196956000,1213.512203219,46.9,HFET
391825:10606,137:137,05/09/25 02:51:54,STABLE BEAMS,6800,1229.415647526,1213.590926255,46.9,HFET
391825:10606,138:138,05/09/25 02:52:17,STABLE BEAMS,6800,1228.002323595,945.105617005,46.8,HFET
391825:10606,139:139,05/09/25 02:52:40,STABLE BEAMS,6800,1226.875904045,1197.704465737,46.8,HFET
391825:10606,140:140,05/09/25 02:53:04,STABLE BEAMS,6800,1226.298890650,1210.852269914,46.8,HFET
391825:10606,141:141,05/09/25 02:53:27,STABLE BEAMS,6800,1225.317644146,1209.759516693,46.7,HFET
391825:10606,142:142,05/09/25 02:53:50,STABLE BEAMS,6800,1223.835559628,1208.169032210,46.7,HFET
391825:10606,143:143,05/09/25 02:54:14,STABLE BEAMS,6800,1223.304776303,1207.687625671,46.7,HFET
391825:10606,144:144,05/09/25 02:54:37,STABLE BEAMS,6800,1237.525734211,1204.100208681,47.2,HFET
391825:10606,145:145,05/09/25 02:55:00,STABLE BEAMS,6800,1278.417967672,1261.967377822,48.8,HFET
391825:10606,146:146,05/09/25 02:55:23,STABLE BEAMS,6800,1279.161041438,1263.108947385,48.8,HFET
391825:10606,147:147,05/09/25 02:55:47,STABLE BEAMS,6800,1278.362066485,1262.025576200,48.8,HFET
391825:10606,148:148,05/09/25 02:56:10,STABLE BEAMS,6800,1276.390441913,1260.099232253,48.7,HFET
391825:10606,149:149,05/09/25 02:56:33,STABLE BEAMS,6800,1276.291278210,1259.871097380,48.7,HFET
391825:10606,150:150,05/09/25 02:56:57,STABLE BEAMS,6800,1302.317401088,1285.723217415,49.7,HFET
391825:10606,151:151,05/09/25 02:57:20,STABLE BEAMS,6800,1332.685406289,1315.757016427,50.8,HFET
391825:10606,152:152,05/09/25 02:57:43,STABLE BEAMS,6800,1278.440498189,1262.169452807,48.8,HFET
391825:10606,153:153,05/09/25 02:58:07,STABLE BEAMS,6800,1282.665117186,1266.216144687,48.9,HFET
391825:10606,154:154,05/09/25 02:58:30,STABLE BEAMS,6800,1224.373111919,1208.865509891,46.7,HFET
391825:10606,155:155,05/09/25 02:58:53,STABLE BEAMS,6800,1238.464805486,1222.482267564,47.2,HFET
391825:10606,156:156,05/09/25 02:59:17,STABLE BEAMS,6800,1322.432566113,1305.705668700,50.4,HFET
391825:10606,157:157,05/09/25 02:59:40,STABLE BEAMS,6800,1326.701853739,1291.173240319,50.6,HFET
391825:10606,158:158,05/09/25 03:00:03,STABLE BEAMS,6800,1325.752571792,1308.822478250,50.6,HFET
391825:10606,159:159,05/09/25 03:00:27,STABLE BEAMS,6800,1324.536487981,1307.665503546,50.5,HFET
391825:10606,160:160,05/09/25 03:00:50,STABLE BEAMS,6800,1323.740635908,1306.810986774,50.5,HFET
391825:10606,161:161,05/09/25 03:01:13,STABLE BEAMS,6800,1322.484330710,1305.671015704,50.4,HFET
391825:10606,162:162,05/09/25 03:01:36,STABLE BEAMS,6800,1330.875092368,1314.126446826,50.8,HFET
391825:10606,611:611,05/09/25 05:56:03,STABLE BEAMS,6800,1529.901410220,1510.232257982,58.4,HFET
391825:10606,612:612,05/09/25 05:56:26,STABLE BEAMS,6800,1529.539507667,1510.063907730,58.3,HFET
391825:10606,613:613,05/09/25 05:56:50,STABLE BEAMS,6800,1528.406850532,1508.794810842,58.3,HFET
391825:10606,614:614,05/09/25 05:57:13,STABLE BEAMS,6800,1527.735897310,1508.450813327,58.3,HFET
391825:10606,615:615,05/09/25 05:57:36,STABLE BEAMS,6800,1526.929597486,1507.505431865,58.2,HFET
391825:10606,616:616,05/09/25 05:58:00,STABLE BEAMS,6800,1525.979686058,1506.312928991,58.2,HFET
391825:10606,617:617,05/09/25 05:58:23,STABLE BEAMS,6800,1524.125087736,1504.666102794,58.1,HFET
391825:10606,618:618,05/09/25 05:58:46,STABLE BEAMS,6800,1524.000654865,1504.564332935,58.1,HFET
391825:10606,619:619,05/09/25 05:59:10,STABLE BEAMS,6800,1522.222150174,1503.008119675,58.1,HFET
391825:10606,620:620,05/09/25 05:59:33,STABLE BEAMS,6800,1521.266475316,1502.137772639,58.0,HFET
391825:10606,621:621,05/09/25 05:59:56,STABLE BEAMS,6800,1519.793734913,1478.220206940,58.0,HFET
391825:10606,622:622,05/09/25 06:00:19,STABLE BEAMS,6800,1518.229008527,1499.013256590,57.9,HFET
391825:10606,623:623,05/09/25 06:00:43,STABLE BEAMS,6800,1517.489450045,1497.908959687,57.9,HFET
391825:10606,624:624,05/09/25 06:01:06,STABLE BEAMS,6800,1516.272123622,1497.042096574,57.8,HFET
391825:10606,625:625,05/09/25 06:01:29,STABLE BEAMS,6800,1514.561913537,1495.215636034,57.8,HFET
391825:10606,626:626,05/09/25 06:01:53,STABLE BEAMS,6800,1513.611846782,1494.206252046,57.7,HFET
391825:10606,627:627,05/09/25 06:02:16,STABLE BEAMS,6800,1513.000612508,1493.677885601,57.7,HFET
391825:10606,628:628,05/09/25 06:02:39,STABLE BEAMS,6800,1513.064075643,1493.778055420,57.7,HFET
391825:10606,629:629,05/09/25 06:03:03,STABLE BEAMS,6800,1512.092802735,1492.816278666,57.7,HFET
391825:10606,630:630,05/09/25 06:03:26,STABLE BEAMS,6800,1528.996257346,1509.612148129,58.3,HFET
391825:10606,631:631,05/09/25 06:03:49,STABLE BEAMS,6800,1577.433336211,1557.271182732,60.2,HFET
391825:10606,632:632,05/09/25 06:04:13,STABLE BEAMS,6800,1579.707847443,1559.655975638,60.3,HFET
391825:10606,633:633,05/09/25 06:04:36,STABLE BEAMS,6800,1579.054045535,1558.837293898,60.2,HFET
391825:10606,634:634,05/09/25 06:04:59,STABLE BEAMS,6800,1579.056072955,1536.559427634,60.2,HFET
391825:10606,635:635,05/09/25 06:05:23,STABLE BEAMS,6800,1577.923415820,1557.928805647,60.2,HFET
391825:10606,636:636,05/09/25 06:05:46,STABLE BEAMS,6800,1576.988162308,1556.769285623,60.2,HFET
391825:10606,637:637,05/09/25 06:06:09,STABLE BEAMS,6800,1575.985398996,1555.935688480,60.1,HFET
391825:10606,638:638,05/09/25 06:06:32,STABLE BEAMS,6800,1573.899094423,1554.046288049,60.0,HFET
391825:10606,639:639,05/09/25 06:06:56,STABLE BEAMS,6800,1572.709367065,1552.597844496,60.0,HFET
391825:10606,640:640,05/09/25 06:07:19,STABLE BEAMS,6800,1571.558152502,1551.363182977,60.0,HFET
391825:10606,641:641,05/09/25 06:07:42,STABLE BEAMS,6800,1570.258658364,1549.759170730,59.9,HFET
391825:10606,642:642,05/09/25 06:08:06,STABLE BEAMS,6800,1569.918427945,1549.936918454,59.9,HFET
391825:10606,643:643,05/09/25 06:08:29,STABLE BEAMS,6800,1567.591056655,1547.618239643,59.8,HFET
391825:10606,644:644,05/09/25 06:08:52,STABLE BEAMS,6800,1566.453723375,1546.230979369,59.8,HFET
391825:10606,645:645,05/09/25 06:09:16,STABLE BEAMS,6800,1565.199126769,1545.328434730,59.7,HFET
391825:10606,646:646,05/09/25 06:09:39,STABLE BEAMS,6800,1563.250972848,1543.121009611,59.6,HFET
391825:10606,647:647,05/09/25 06:10:02,STABLE BEAMS,6800,1560.987849500,1519.103261648,59.5,HFET
391825:10606,648:648,05/09/25 06:10:26,STABLE BEAMS,6800,1559.262360194,1539.566668201,59.5,HFET
391825:10606,649:649,05/09/25 06:10:49,STABLE BEAMS,6800,1556.685035876,1536.681932516,59.4,HFET
391825:10606,650:650,05/09/25 06:11:12,STABLE BEAMS,6800,1554.576274362,1534.971649302,59.3,HFET
391825:10606,651:651,05/09/25 06:11:35,STABLE BEAMS,6800,1552.321252517,1532.667343875,59.2,HFET
391825:10606,652:652,05/09/25 06:11:59,STABLE BEAMS,6800,1550.202051427,1530.382783463,59.1,HFET
391825:10606,653:653,05/09/25 06:12:22,STABLE BEAMS,6800,1549.396217583,1529.634536025,59.1,HFET
391825:10606,654:654,05/09/25 06:12:45,STABLE BEAMS,6800,1548.362577000,1528.535079013,59.1,HFET
391825:10606,655:655,05/09/25 06:13:09,STABLE BEAMS,6800,1547.741671609,1527.950907489,59.0,HFET
391825:10606,656:656,05/09/25 06:13:32,STABLE BEAMS,6800,1547.124510403,1527.312866430,59.0,HFET
391825:10606,657:657,05/09/25 06:13:55,STABLE BEAMS,6800,1546.509221290,1526.711355848,59.0,HFET
391825:10606,658:658,05/09/25 06:14:19,STABLE BEAMS,6800,1546.074805791,1526.586975969,59.0,HFET
391825:10606,659:659,05/09/25 06:14:42,STABLE BEAMS,6800,1544.926869434,1502.812430709,58.9,HFET
391825:10606,660:660,05/09/25 06:15:05,STABLE BEAMS,6800,1544.160022540,1524.575572691,58.9,HFET
391825:10606,661:661,05/09/25 06:15:29,STABLE BEAMS,6800,1543.680390681,1524.107912639,58.9,HFET
391825:10606,662:662,05/09/25 06:15:52,STABLE BEAMS,6800,1542.164306012,1522.462507597,58.8,HFET
391825:10606,663:663,05/09/25 06:16:15,STABLE BEAMS,6800,1541.790704922,1522.262771459,58.8,HFET
391825:10606,664:664,05/09/25 06:16:39,STABLE BEAMS,6800,1540.332630610,1520.730619255,58.8,HFET
391825:10606,665:665,05/09/25 06:17:02,STABLE BEAMS,6800,1538.998515015,1519.322483792,58.7,HFET
391825:10606,666:666,05/09/25 06:17:25,STABLE BEAMS,6800,1538.405993496,1518.948805546,58.7,HFET
391825:10606,667:667,05/09/25 06:17:48,STABLE BEAMS,6800,1536.657115290,1516.922357797,58.6,HFET
391825:10606,668:668,05/09/25 06:18:12,STABLE BEAMS,6800,1535.267180258,1515.721578180,58.6,HFET
391825:10606,669:669,05/09/25 06:18:35,STABLE BEAMS,6800,1534.800023569,1515.255246043,58.5,HFET
391825:10606,670:670,05/09/25 06:18:58,STABLE BEAMS,6800,1531.945776640,1512.443190187,58.4,HFET
391825:10606,671:671,05/09/25 06:19:22,STABLE BEAMS,6800,1530.095069656,1510.697759608,58.4,HFET
391825:10606,672:672,05/09/25 06:19:45,STABLE BEAMS,6800,1528.308455287,1487.004121228,58.3,HFET
391825:10606,673:673,05/09/25 06:20:08,STABLE BEAMS,6800,1526.525119125,1507.224747299,58.2,HFET
391825:10606,674:674,05/09/25 06:20:32,STABLE BEAMS,6800,1525.073903704,1505.699524049,58.2,HFET
391825:10606,675:675,05/09/25 06:20:55,STABLE BEAMS,6800,1523.072889725,1301.375449294,58.1,HFET
391825:10606,676:676,05/09/25 06:21:18,STABLE BEAMS,6800,1522.059515162,1354.310521708,58.1,HFET
391825:10606,677:677,05/09/25 06:21:42,STABLE BEAMS,6800,1521.317929260,1501.735191554,58.0,HFET
391825:10606,678:678,05/09/25 06:22:05,STABLE BEAMS,6800,1519.579964784,1500.133359460,58.0,HFET
391825:10606,679:679,05/09/25 06:22:28,STABLE BEAMS,6800,1517.372652697,1498.003495940,57.9,HFET
391825:10606,680:680,05/09/25 06:22:52,STABLE BEAMS,6800,1516.289585589,1496.955944782,57.8,HFET
391825:10606,681:681,05/09/25 06:23:15,STABLE BEAMS,6800,1512.990164758,1493.683443152,57.7,HFET
391825:10606,682:682,05/09/25 06:23:38,STABLE BEAMS,6800,1511.129794831,1491.895090460,57.6,HFET
391825:10606,683:683,05/09/25 06:24:02,STABLE BEAMS,6800,1508.632774310,1489.462944848,57.5,HFET
391825:10606,684:684,05/09/25 06:24:25,STABLE BEAMS,6800,1507.069764690,1487.826374565,57.5,HFET
391825:10606,685:685,05/09/25 06:24:48,STABLE BEAMS,6800,1526.789574741,1506.165940871,58.2,HFET
391825:10606,686:686,05/09/25 06:25:11,STABLE BEAMS,6800,1585.335105544,1546.031925464,60.5,HFET
391825:10606,687:687,05/09/25 06:25:35,STABLE BEAMS,6800,1589.418377433,1569.203077678,60.6,HFET
391825:10606,688:688,05/09/25 06:25:58,STABLE BEAMS,6800,1588.120747213,1567.806845718,60.6,HFET
391825:10606,689:689,05/09/25 06:26:21,STABLE BEAMS,6800,1587.133573777,1566.942792913,60.5,HFET
391825:10606,690:690,05/09/25 06:26:45,STABLE BEAMS,6800,1585.768270257,1565.265175345,60.5,HFET
391825:10606,691:691,05/09/25 06:27:08,STABLE BEAMS,6800,1585.002510648,1564.844130607,60.5,HFET
391825:10606,692:692,05/09/25 06:27:31,STABLE BEAMS,6800,1583.150095072,1563.006215640,60.4,HFET
391825:10606,693:693,05/09/25 06:27:55,STABLE BEAMS,6800,1582.389641089,1562.036620344,60.4,HFET
391825:10606,694:694,05/09/25 06:28:18,STABLE BEAMS,6800,1581.735994508,1561.595777612,60.3,HFET
391825:10606,695:695,05/09/25 06:28:41,STABLE BEAMS,6800,1579.778643623,1559.447906540,60.3,HFET
391825:10606,696:696,05/09/25 06:29:05,STABLE BEAMS,6800,1578.596870617,1558.734487897,60.2,HFET
391825:10606,697:697,05/09/25 06:29:28,STABLE BEAMS,6800,1576.134929358,1556.171249082,60.1,HFET
391825:10606,698:698,05/09/25 06:29:51,STABLE BEAMS,6800,1574.929301473,1532.488145715,60.1,HFET
391825:10606,699:699,05/09/25 06:30:14,STABLE BEAMS,6800,1574.059227862,1553.989738486,60.0,HFET
391825:10606,700:700,05/09/25 06:30:38,STABLE BEAMS,6800,1573.424604688,1553.386465215,60.0,HFET
391825:10606,701:701,05/09/25 06:31:01,STABLE BEAMS,6800,1573.702156780,1553.428609055,60.0,HFET
391825:10606,702:702,05/09/25 06:31:24,STABLE BEAMS,6800,1574.759962895,1554.802434626,60.1,HFET
391825:10606,703:703,05/09/25 06:31:48,STABLE BEAMS,6800,1573.501164299,1553.147672461,60.0,HFET
391825:10606,704:704,05/09/25 06:32:11,STABLE BEAMS,6800,1573.429125506,1553.507970502,60.0,HFET
391825:10606,705:705,05/09/25 06:32:34,STABLE BEAMS,6800,1573.387489831,1553.300306480,60.0,HFET
391825:10606,706:706,05/09/25 06:32:58,STABLE BEAMS,6800,1572.591016452,1552.445763364,60.0,HFET
391825:10606,707:707,05/09/25 06:33:21,STABLE BEAMS,6800,1572.223963600,1552.296325942,60.0,HFET
391825:10606,708:708,05/09/25 06:33:44,STABLE BEAMS,6800,1571.477693379,1551.256781633,59.9,HFET
391825:10606,709:709,05/09/25 06:34:08,STABLE BEAMS,6800,1570.254603525,1550.316735682,59.9,HFET
391825:10606,710:710,05/09/25 06:34:31,STABLE BEAMS,6800,1569.091543274,1549.033018537,59.9,HFET
391825:10606,711:711,05/09/25 06:34:54,STABLE BEAMS,6800,1568.042459967,1282.620348142,59.8,HFET
391826:10606,1:1,05/09/25 06:39:59,STABLE BEAMS,6800,1545.388262693,1463.520307866,59.0,HFET
391826:10606,2:2,05/09/25 06:40:22,STABLE BEAMS,6800,1544.076448712,1524.227264282,58.9,HFET
391826:10606,3:3,05/09/25 06:40:45,STABLE BEAMS,6800,1543.861108968,1523.928560730,58.9,HFET
391826:10606,4:4,05/09/25 06:41:09,STABLE BEAMS,6800,1542.980898259,1523.275289237,58.9,HFET
391826:10606,5:5,05/09/25 06:41:32,STABLE BEAMS,6800,1543.800768713,1524.073646830,58.9,HFET
391826:10606,6:6,05/09/25 06:41:55,STABLE BEAMS,6800,1543.891356758,1523.928970585,58.9,HFET
391826:10606,7:7,05/09/25 06:42:18,STABLE BEAMS,6800,1543.232412726,1523.533157924,58.9,HFET
391826:10606,8:8,05/09/25 06:42:42,STABLE BEAMS,6800,1543.731223319,1523.744407813,58.9,HFET
391826:10606,9:9,05/09/25 06:43:05,STABLE BEAMS,6800,1542.876428930,1523.201582153,58.9,HFET
391826:10606,10:10,05/09/25 06:43:28,STABLE BEAMS,6800,1541.924808910,1522.296653785,58.8,HFET
391826:10606,11:11,05/09/25 06:43:52,STABLE BEAMS,6800,1541.547618961,1521.862519718,58.8,HFET
391826:10606,12:12,05/09/25 06:44:15,STABLE BEAMS,6800,1539.822440307,1520.174790243,58.7,HFET
391826:10606,13:13,05/09/25 06:44:38,STABLE BEAMS,6800,1539.216503484,1497.185800759,58.7,HFET
391826:10606,14:14,05/09/25 06:45:02,STABLE BEAMS,6800,1538.740926464,1519.071123495,58.7,HFET
391826:10606,15:15,05/09/25 06:45:25,STABLE BEAMS,6800,1537.132692310,1519.161197377,58.6,HFET
391826:10606,16:16,05/09/25 06:45:48,STABLE BEAMS,6800,1536.115581736,1516.614114389,58.6,HFET
391826:10606,17:17,05/09/25 06:46:12,STABLE BEAMS,6800,1534.749656910,1515.198934242,58.5,HFET
391826:10606,18:18,05/09/25 06:46:35,STABLE BEAMS,6800,1533.558057459,1514.107340075,58.5,HFET
391826:10606,19:19,05/09/25 06:46:58,STABLE BEAMS,6800,1532.601605968,1512.921124370,58.5,HFET
391826:10606,20:20,05/09/25 06:47:22,STABLE BEAMS,6800,1531.322843829,1511.935525758,58.4,HFET
391826:10606,21:21,05/09/25 06:47:45,STABLE BEAMS,6800,1529.418034174,1509.872511100,58.3,HFET
391826:10606,22:22,05/09/25 06:48:08,STABLE BEAMS,6800,1527.932982104,1508.497509554,58.3,HFET
391826:10606,23:23,05/09/25 06:48:31,STABLE BEAMS,6800,1526.595130497,1507.176675565,58.2,HFET
391826:10606,24:24,05/09/25 06:48:55,STABLE BEAMS,6800,1524.530032077,1505.038252904,58.2,HFET
391826:10606,25:25,05/09/25 06:49:18,STABLE BEAMS,6800,1523.885427133,1504.443308263,58.1,HFET
391826:10606,26:26,05/09/25 06:49:41,STABLE BEAMS,6800,1522.665762637,1481.740460844,58.1,HFET
391826:10606,27:27,05/09/25 06:50:05,STABLE BEAMS,6800,1521.493186594,1501.598402470,58.0,HFET
391826:10606,28:28,05/09/25 06:50:28,STABLE BEAMS,6800,1519.889636760,1500.462260145,58.0,HFET
391826:10606,29:29,05/09/25 06:50:51,STABLE BEAMS,6800,1518.778962412,1499.116654345,57.9,HFET
391826:10606,30:30,05/09/25 06:51:15,STABLE BEAMS,6800,1516.685332967,1497.420413765,57.9,HFET
391826:10606,31:31,05/09/25 06:51:38,STABLE BEAMS,6800,1516.180121288,1496.523262206,57.8,HFET
391826:10606,32:32,05/09/25 06:52:01,STABLE BEAMS,6800,1514.785976090,1495.304654479,57.8,HFET
391826:10606,33:33,05/09/25 06:52:25,STABLE BEAMS,6800,1513.338194203,1494.164138597,57.7,HFET
391826:10606,34:34,05/09/25 06:52:48,STABLE BEAMS,6800,1511.610677477,1492.140640224,57.7,HFET
391826:10606,35:35,05/09/25 06:53:11,STABLE BEAMS,6800,1510.470065991,1490.743186606,57.6,HFET
391826:10606,36:36,05/09/25 06:53:35,STABLE BEAMS,6800,1510.358582444,1491.190589957,57.6,HFET
391826:10606,37:37,05/09/25 06:53:58,STABLE BEAMS,6800,1560.118397195,1540.063736533,59.5,HFET
391826:10606,38:38,05/09/25 06:54:21,STABLE BEAMS,6800,1582.850560193,1562.718039526,60.4,HFET
391826:10606,39:39,05/09/25 06:54:44,STABLE BEAMS,6800,1580.446318639,1537.634927512,60.3,HFET
391826:10606,40:40,05/09/25 06:55:08,STABLE BEAMS,6800,1578.440317862,1558.366902465,60.2,HFET
391826:10606,41:41,05/09/25 06:55:31,STABLE BEAMS,6800,1577.644310463,1557.547917849,60.2,HFET
391826:10606,42:42,05/09/25 06:55:54,STABLE BEAMS,6800,1576.553754983,1556.251740286,60.1,HFET
391826:10606,43:43,05/09/25 06:56:18,STABLE BEAMS,6800,1574.744062368,1554.601264146,60.1,HFET
391826:10606,44:44,05/09/25 06:56:41,STABLE BEAMS,6800,1574.254138085,928.075282717,60.1,HFET
391826:10606,45:45,05/09/25 06:57:04,STABLE BEAMS,6800,1572.773451506,1056.396679951,60.0,HFET
391826:10606,46:46,05/09/25 06:57:28,STABLE BEAMS,6800,1571.268288742,1550.970652058,59.9,HFET
391826:10606,47:47,05/09/25 06:57:51,STABLE BEAMS,6800,1569.844051080,889.689731515,59.9,HFET
391826:10606,48:48,05/09/25 06:58:14,STABLE BEAMS,6800,1568.827398310,1454.008328364,59.8,HFET
391826:10606,49:49,05/09/25 06:58:38,STABLE BEAMS,6800,1568.324688204,1548.358228504,59.8,HFET
391826:10606,50:50,05/09/25 06:59:01,STABLE BEAMS,6800,1566.601381644,1546.659849625,59.8,HFET
391826:10606,51:51,05/09/25 06:59:24,STABLE BEAMS,6800,1565.294873289,1545.269209150,59.7,HFET
391826:10606,52:52,05/09/25 06:59:47,STABLE BEAMS,6800,1564.495277030,1544.479842559,59.7,HFET
391826:10606,53:53,05/09/25 07:00:11,STABLE BEAMS,6800,1562.076377560,1519.948063667,59.6,HFET
391826:10606,54:54,05/09/25 07:00:34,STABLE BEAMS,6800,1559.718913806,1539.852346326,59.5,HFET
391826:10606,55:55,05/09/25 07:00:57,STABLE BEAMS,6800,1558.009169701,1537.997966404,59.4,HFET
391826:10606,56:56,05/09/25 07:01:21,STABLE BEAMS,6800,1556.421986373,1536.463081872,59.4,HFET
391826:10606,57:57,05/09/25 07:01:44,STABLE BEAMS,6800,1556.398908127,1536.265152398,59.4,HFET
391826:10606,58:58,05/09/25 07:02:07,STABLE BEAMS,6800,1553.854022521,1533.941385398,59.3,HFET
391826:10606,59:59,05/09/25 07:02:31,STABLE BEAMS,6800,1552.930148718,1533.158197030,59.2,HFET
391826:10606,60:60,05/09/25 07:02:54,STABLE BEAMS,6800,1551.560021902,1531.692319095,59.2,HFET
391826:10606,61:61,05/09/25 07:03:17,STABLE BEAMS,6800,1550.763385021,1530.888136046,59.2,HFET
391826:10606,62:62,05/09/25 07:03:41,STABLE BEAMS,6800,1549.803499997,1529.687074899,59.1,HFET
391826:10606,63:63,05/09/25 07:04:04,STABLE BEAMS,6800,1548.533624169,1528.574716133,59.1,HFET
391826:10606,64:64,05/09/25 07:04:27,STABLE BEAMS,6800,1546.695866509,1527.060079141,59.0,HFET
391826:10606,65:65,05/09/25 07:04:51,STABLE BEAMS,6800,1545.811445635,1525.880989658,59.0,HFET
391826:10606,66:66,05/09/25 07:05:14,STABLE BEAMS,6800,1545.462794884,1504.006567861,59.0,HFET
391826:10606,67:67,05/09/25 07:05:37,STABLE BEAMS,6800,1544.174214476,1524.352489653,58.9,HFET
391826:10606,68:68,05/09/25 07:06:01,STABLE BEAMS,6800,1543.594315279,1523.884552466,58.9,HFET
391826:10606,69:69,05/09/25 07:06:24,STABLE BEAMS,6800,1541.770128249,1522.043223398,58.8,HFET
391826:10606,70:70,05/09/25 07:06:47,STABLE BEAMS,6800,1540.924220170,1521.119231522,58.8,HFET
391826:10606,71:71,05/09/25 07:07:10,STABLE BEAMS,6800,1539.989596139,1520.226727317,58.7,HFET
391826:10606,72:72,05/09/25 07:07:34,STABLE BEAMS,6800,1538.676842024,1519.001254863,58.7,HFET
391826:10606,73:73,05/09/25 07:07:57,STABLE BEAMS,6800,1536.553267267,1516.718732876,58.6,HFET
391826:10606,74:74,05/09/25 07:08:20,STABLE BEAMS,6800,1535.692864773,1516.105229592,58.6,HFET
391826:10606,75:75,05/09/25 07:08:44,STABLE BEAMS,6800,1534.245074711,1514.530320536,58.5,HFET
391826:10606,76:76,05/09/25 07:09:07,STABLE BEAMS,6800,1534.312592685,1514.843525898,58.5,HFET
391826:10606,77:77,05/09/25 07:09:30,STABLE BEAMS,6800,1532.751602309,1513.215369263,58.5,HFET
391826:10606,78:78,05/09/25 07:09:54,STABLE BEAMS,6800,1530.348456216,1510.585989388,58.4,HFET
391826:10606,79:79,05/09/25 07:10:17,STABLE BEAMS,6800,1530.484268796,1489.226950642,58.4,HFET
391826:10606,80:80,05/09/25 07:10:40,STABLE BEAMS,6800,1528.887103697,1509.101953651,58.3,HFET
391826:10606,81:81,05/09/25 07:11:04,STABLE BEAMS,6800,1528.206324030,1508.589570335,58.3,HFET
391826:10606,82:82,05/09/25 07:11:27,STABLE BEAMS,6800,1527.194510907,1507.637351617,58.3,HFET
391826:10606,83:83,05/09/25 07:11:50,STABLE BEAMS,6800,1525.893144676,1506.278435128,58.2,HFET
391826:10606,84:84,05/09/25 07:12:13,STABLE BEAMS,6800,1524.518644193,1505.000113536,58.2,HFET
391826:10606,85:85,05/09/25 07:12:37,STABLE BEAMS,6800,1522.181299307,1502.566398933,58.1,HFET
391826:10606,86:86,05/09/25 07:13:00,STABLE BEAMS,6800,1520.592554540,1500.980724992,58.0,HFET
391826:10606,87:87,05/09/25 07:13:23,STABLE BEAMS,6800,1519.178290474,962.096797835,58.0,HFET
391826:10606,88:88,05/09/25 07:13:47,STABLE BEAMS,6800,1516.571503174,1497.039015226,57.9,HFET
391826:10606,89:89,05/09/25 07:14:10,STABLE BEAMS,6800,1513.892202926,1494.360294239,57.8,HFET
391826:10606,90:90,05/09/25 07:14:33,STABLE BEAMS,6800,1511.532245773,1492.102860191,57.7,HFET
391826:10606,91:91,05/09/25 07:14:57,STABLE BEAMS,6800,1509.364860770,1490.147583591,57.6,HFET
391826:10606,92:92,05/09/25 07:15:20,STABLE BEAMS,6800,1507.607554058,1467.302642879,57.5,HFET
391826:10606,93:93,05/09/25 07:15:43,STABLE BEAMS,6800,1541.410866247,1521.596682965,58.8,HFET
391826:10606,94:94,05/09/25 07:16:07,STABLE BEAMS,6800,1580.146162455,1560.167088126,60.3,HFET
391826:10606,95:95,05/09/25 07:16:30,STABLE BEAMS,6800,1580.310195406,1560.332061359,60.3,HFET
391826:10606,96:96,05/09/25 07:16:53,STABLE BEAMS,6800,1579.100357355,1558.950027434,60.2,HFET
391826:10606,97:97,05/09/25 07:17:16,STABLE BEAMS,6800,1579.211219595,1558.941249880,60.2,HFET
391826:10606,98:98,05/09/25 07:17:40,STABLE BEAMS,6800,1578.078251808,1557.768645248,60.2,HFET
391826:10606,99:99,05/09/25 07:18:03,STABLE BEAMS,6800,1577.196013680,1557.103827401,60.2,HFET
391826:10606,100:100,05/09/25 07:18:26,STABLE BEAMS,6800,1577.196953814,1557.083697613,60.2,HFET
391826:10606,101:101,05/09/25 07:18:50,STABLE BEAMS,6800,1576.901784428,1556.748680800,60.2,HFET
391826:10606,102:102,05/09/25 07:19:13,STABLE BEAMS,6800,1575.752286631,1555.637166416,60.1,HFET
391826:10606,103:103,05/09/25 07:19:36,STABLE BEAMS,6800,1574.492703227,1554.206718810,60.1,HFET
391826:10606,104:104,05/09/25 07:20:00,STABLE BEAMS,6800,1572.364141672,1552.469966009,60.0,HFET
391826:10606,105:105,05/09/25 07:20:23,STABLE BEAMS,6800,1570.403357255,1528.141077476,59.9,HFET
391826:10606,106:106,05/09/25 07:20:46,STABLE BEAMS,6800,1567.682429508,1547.575388125,59.8,HFET
391826:10606,107:107,05/09/25 07:21:10,STABLE BEAMS,6800,1592.647631565,1572.313797728,60.8,HFET
391826:10606,108:108,05/09/25 07:21:33,STABLE BEAMS,6800,1624.990989174,1604.381367070,62.0,HFET
391826:10606,109:109,05/09/25 07:21:56,STABLE BEAMS,6800,1621.188866412,1600.325979487,61.8,HFET
391826:10606,110:110,05/09/25 07:22:20,STABLE BEAMS,6800,1617.824421005,1597.221604965,61.7,HFET
391826:10606,111:111,05/09/25 07:22:43,STABLE BEAMS,6800,1616.243630590,1595.596208234,61.7,HFET
391826:10606,112:112,05/09/25 07:23:06,STABLE BEAMS,6800,1612.333596790,1591.790711097,61.5,HFET
391826:10606,113:113,05/09/25 07:23:29,STABLE BEAMS,6800,1623.972472486,1218.145844023,61.9,HFET
391826:10606,114:114,05/09/25 07:23:53,STABLE BEAMS,6800,1629.243754966,1608.213506067,62.2,HFET
391826:10606,115:115,05/09/25 07:24:16,STABLE BEAMS,6800,1625.119321557,1604.356962867,62.0,HFET
391826:10606,116:116,05/09/25 07:24:39,STABLE BEAMS,6800,1621.469999188,1600.555557422,61.9,HFET
391826:10606,117:117,05/09/25 07:25:03,STABLE BEAMS,6800,1626.371727242,1605.760103574,62.0,HFET
391826:10606,118:118,05/09/25 07:25:26,STABLE BEAMS,6800,1629.467662193,1585.612751416,62.2,HFET
391826:10606,119:119,05/09/25 07:25:49,STABLE BEAMS,6800,1683.480087410,1661.954457148,64.2,HFET
391826:10606,120:120,05/09/25 07:26:13,STABLE BEAMS,6800,1759.592537675,1737.295073416,67.1,HFET
391826:10606,121:121,05/09/25 07:26:36,STABLE BEAMS,6800,1771.319205539,1748.620596965,67.6,HFET
391826:10606,122:122,05/09/25 07:26:59,STABLE BEAMS,6800,1771.680020807,1749.298658525,67.6,HFET
391826:10606,123:123,05/09/25 07:27:23,STABLE BEAMS,6800,1770.676628014,1748.126411672,67.5,HFET
391826:10606,124:124,05/09/25 07:27:46,STABLE BEAMS,6800,1769.883114014,1746.699916511,67.5,HFET
391826:10606,125:125,05/09/25 07:28:09,STABLE BEAMS,6800,1769.878903849,1747.244325018,67.5,HFET
391826:10606,126:126,05/09/25 07:28:33,STABLE BEAMS,6800,1768.420984863,1745.802521301,67.5,HFET
391826:10606,127:127,05/09/25 07:28:56,STABLE BEAMS,6800,1766.590086094,1743.760017193,67.4,HFET
391826:10606,128:128,05/09/25 07:29:19,STABLE BEAMS,6800,1765.574062805,1742.912874158,67.4,HFET
391826:10606,129:129,05/09/25 07:29:42,STABLE BEAMS,6800,1764.384498949,1741.785692567,67.3,HFET
391826:10606,130:130,05/09/25 07:30:06,STABLE BEAMS,6800,1763.552153326,1741.121261195,67.3,HFET
391826:10606,131:131,05/09/25 07:30:29,STABLE BEAMS,6800,1781.128899232,1732.916206794,67.9,HFET
391826:10606,132:132,05/09/25 07:30:52,STABLE BEAMS,6800,1805.805635468,1782.664238777,68.9,HFET
391826:10606,133:133,05/09/25 07:31:16,STABLE BEAMS,6800,1809.332241732,1786.295771160,69.0,HFET
391826:10606,134:134,05/09/25 07:31:39,STABLE BEAMS,6800,1806.508553247,1783.295265730,68.9,HFET
391826:10606,135:135,05/09/25 07:32:02,STABLE BEAMS,6800,1805.906515937,1782.906772813,68.9,HFET
391826:10606,136:136,05/09/25 07:32:26,STABLE BEAMS,6800,1804.419599948,1781.436212732,68.8,HFET
391826:10606,137:137,05/09/25 07:32:49,STABLE BEAMS,6800,1802.726851831,1779.356712307,68.8,HFET
391826:10606,138:138,05/09/25 07:33:12,STABLE BEAMS,6800,1801.060460168,1778.159364597,68.7,HFET
391826:10606,139:139,05/09/25 07:33:36,STABLE BEAMS,6800,1800.682804239,1776.966516836,68.7,HFET
391826:10606,140:140,05/09/25 07:33:59,STABLE BEAMS,6800,1798.732933551,1775.900029943,68.6,HFET
391826:10606,141:141,05/09/25 07:34:22,STABLE BEAMS,6800,1797.409421033,1774.651598757,68.6,HFET
391826:10606,142:142,05/09/25 07:34:46,STABLE BEAMS,6800,1796.256653205,1773.114287464,68.5,HFET
391826:10606,143:143,05/09/25 07:35:09,STABLE BEAMS,6800,1795.444737103,1772.631313908,68.5,HFET
391826:10606,144:144,05/09/25 07:35:32,STABLE BEAMS,6800,1793.202035101,1745.087507139,68.4,HFET
391826:10606,145:145,05/09/25 07:35:55,STABLE BEAMS,6800,1791.429923322,1768.387329355,68.3,HFET
391826:10606,146:146,05/09/25 07:36:19,STABLE BEAMS,6800,1789.524958341,1766.674969761,68.3,HFET
391826:10606,147:147,05/09/25 07:36:42,STABLE BEAMS,6800,1787.283032971,1764.297188023,68.2,HFET
391826:10606,148:148,05/09/25 07:37:05,STABLE BEAMS,6800,1785.990397725,1763.265593961,68.1,HFET
391826:10606,149:149,05/09/25 07:37:29,STABLE BEAMS,6800,1784.172603606,1761.040444862,68.1,HFET
391826:10606,150:150,05/09/25 07:37:52,STABLE BEAMS,6800,1780.804258688,1757.891546036,67.9,HFET
391826:10606,151:151,05/09/25 07:38:15,STABLE BEAMS,6800,1778.014881008,1755.269470422,67.8,HFET
391826:10606,152:152,05/09/25 07:38:39,STABLE BEAMS,6800,1774.322991005,1751.528358111,67.7,HFET
391826:10606,153:153,05/09/25 07:39:02,STABLE BEAMS,6800,1772.761845303,1750.098005174,67.6,HFET
391826:10606,154:154,05/09/25 07:39:25,STABLE BEAMS,6800,1769.860820575,1747.373317828,67.5,HFET
391826:10606,155:155,05/09/25 07:39:49,STABLE BEAMS,6800,1769.062941082,1746.415177947,67.5,HFET
391826:10606,156:156,05/09/25 07:40:12,STABLE BEAMS,6800,1767.887560987,1745.405741135,67.4,HFET
391826:10606,157:157,05/09/25 07:40:35,STABLE BEAMS,6800,1766.313008156,1718.070132652,67.4,HFET
391826:10606,158:158,05/09/25 07:40:58,STABLE BEAMS,6800,1764.781799592,1741.565282513,67.3,HFET
391826:10606,159:159,05/09/25 07:41:22,STABLE BEAMS,6800,1764.235115739,1741.772823082,67.3,HFET
391826:10606,160:160,05/09/25 07:41:45,STABLE BEAMS,6800,1762.182803142,1739.583627401,67.2,HFET
391826:10606,161:161,05/09/25 07:42:08,STABLE BEAMS,6800,1760.836057050,1738.433834049,67.2,HFET
391826:10606,162:162,05/09/25 07:42:32,STABLE BEAMS,6800,1760.481168714,1738.130470730,67.2,HFET
391826:10606,163:163,05/09/25 07:42:55,STABLE BEAMS,6800,1756.559599879,1733.957993354,67.0,HFET
391826:10606,164:164,05/09/25 07:43:18,STABLE BEAMS,6800,1754.753651450,1732.002915372,66.9,HFET
391826:10606,165:165,05/09/25 07:43:42,STABLE BEAMS,6800,1752.478200084,1730.050277619,66.9,HFET
391826:10606,166:166,05/09/25 07:44:05,STABLE BEAMS,6800,1751.680794746,1729.369156152,66.8,HFET
391826:10606,167:167,05/09/25 07:44:28,STABLE BEAMS,6800,1751.062382753,1728.739416791,66.8,HFET
391826:10606,168:168,05/09/25 07:44:52,STABLE BEAMS,6800,1748.612295359,1726.332236913,66.7,HFET
391826:10606,169:169,05/09/25 07:45:15,STABLE BEAMS,6800,1746.005818711,1723.564984200,66.6,HFET
391826:10606,170:170,05/09/25 07:45:38,STABLE BEAMS,6800,1743.640400605,790.149414336,66.5,HFET
391826:10606,171:171,05/09/25 07:46:02,STABLE BEAMS,6800,1741.218697083,1718.870940396,66.4,HFET
391826:10606,172:172,05/09/25 07:46:25,STABLE BEAMS,6800,1737.884507643,1715.823178150,66.3,HFET
391826:10606,173:173,05/09/25 07:46:48,STABLE BEAMS,6800,1734.947455344,1712.662814320,66.2,HFET
391826:10606,174:174,05/09/25 07:47:11,STABLE BEAMS,6800,1731.994355366,1709.978065818,66.1,HFET
391826:10606,175:175,05/09/25 07:47:35,STABLE BEAMS,6800,1729.137140884,881.401905526,66.0,HFET
391826:10606,176:176,05/09/25 07:47:58,STABLE BEAMS,6800,1726.168753509,1703.963123779,65.8,HFET
391826:10606,177:177,05/09/25 07:48:21,STABLE BEAMS,6800,1724.661718651,1702.786336378,65.8,HFET
391826:10606,178:178,05/09/25 07:48:45,STABLE BEAMS,6800,1723.767005354,1701.650630977,65.8,HFET
391826:10606,179:179,05/09/25 07:49:08,STABLE BEAMS,6800,1723.220174349,1701.336782161,65.7,HFET
391826:10606,180:180,05/09/25 07:49:31,STABLE BEAMS,6800,1722.683316940,1700.695026532,65.7,HFET
391826:10606,181:181,05/09/25 07:49:55,STABLE BEAMS,6800,1724.363426385,1702.082351822,65.8,HFET
391826:10606,182:182,05/09/25 07:50:18,STABLE BEAMS,6800,1724.052511797,1702.224317082,65.8,HFET
391826:10606,183:183,05/09/25 07:50:41,STABLE BEAMS,6800,1723.101038929,1701.047437131,65.7,HFET
391826:10606,184:184,05/09/25 07:51:05,STABLE BEAMS,6800,1722.984560410,1676.815700282,65.7,HFET
391826:10606,185:185,05/09/25 07:51:28,STABLE BEAMS,6800,1721.606013262,1699.543634612,65.7,HFET
391826:10606,186:186,05/09/25 07:51:51,STABLE BEAMS,6800,1720.747474687,1698.440097100,65.6,HFET
391826:10606,187:187,05/09/25 07:52:15,STABLE BEAMS,6800,1719.467469936,1697.362804637,65.6,HFET
391826:10606,188:188,05/09/25 07:52:38,STABLE BEAMS,6800,1718.013761117,1695.826201640,65.5,HFET
391826:10606,189:189,05/09/25 07:53:01,STABLE BEAMS,6800,1716.734843652,1695.067241861,65.5,HFET
391826:10606,190:190,05/09/25 07:53:24,STABLE BEAMS,6800,1717.570303980,1695.793877277,65.5,HFET
391826:10606,191:191,05/09/25 07:53:48,STABLE BEAMS,6800,1712.913999960,1690.980161884,65.3,HFET
391826:10606,192:192,05/09/25 07:54:11,STABLE BEAMS,6800,1711.640232794,1689.788815338,65.3,HFET
391826:10606,193:193,05/09/25 07:54:34,STABLE BEAMS,6800,1712.963279333,1691.205239972,65.3,HFET
391826:10606,194:194,05/09/25 07:54:58,STABLE BEAMS,6800,1738.189495299,1715.547426113,66.3,HFET
391826:10606,195:195,05/09/25 07:55:21,STABLE BEAMS,6800,1733.541464458,1711.350104949,66.1,HFET
391826:10606,196:196,05/09/25 07:55:44,STABLE BEAMS,6800,1730.266209159,1683.559007916,66.0,HFET
391826:10606,197:197,05/09/25 07:56:08,STABLE BEAMS,6800,1726.330603714,1704.502377371,65.9,HFET
391826:10606,198:198,05/09/25 07:56:31,STABLE BEAMS,6800,1741.001019267,1717.445662849,66.4,HFET
391826:10606,199:199,05/09/25 07:56:54,STABLE BEAMS,6800,1747.584426381,1725.216633693,66.7,HFET
391826:10606,200:200,05/09/25 07:57:17,STABLE BEAMS,6800,1743.693105337,1721.657814237,66.5,HFET
391826:10606,201:201,05/09/25 07:57:41,STABLE BEAMS,6800,1739.696538331,1717.359192808,66.4,HFET
391826:10606,202:202,05/09/25 07:58:04,STABLE BEAMS,6800,1741.106428730,1329.014662883,66.4,HFET
391826:10606,203:203,05/09/25 07:58:27,STABLE BEAMS,6800,1756.754976082,1734.215357550,67.0,HFET
391826:10606,204:204,05/09/25 07:58:51,STABLE BEAMS,6800,1754.194966581,1731.665609072,66.9,HFET
391826:10606,205:205,05/09/25 07:59:14,STABLE BEAMS,6800,1750.007225363,1727.660159673,66.8,HFET
391826:10606,206:206,05/09/25 07:59:37,STABLE BEAMS,6800,1743.740504442,1721.248131687,66.5,HFET
391826:10606,207:207,05/09/25 08:00:01,STABLE BEAMS,6800,1763.913132094,1741.444004798,67.3,HFET
391826:10606,208:208,05/09/25 08:00:24,STABLE BEAMS,6800,1770.432446593,1747.963851234,67.5,HFET
391826:10606,209:209,05/09/25 08:00:47,STABLE BEAMS,6800,1766.760356630,1353.944638692,67.4,HFET
391826:10606,210:210,05/09/25 08:01:11,STABLE BEAMS,6800,1761.097234460,1713.593043325,67.2,HFET
391826:10606,211:211,05/09/25 08:01:34,STABLE BEAMS,6800,1758.977878043,1736.696590229,67.1,HFET
391826:10606,212:212,05/09/25 08:01:57,STABLE BEAMS,6800,1772.386993425,1749.603709940,67.6,HFET
391826:10606,213:213,05/09/25 08:02:21,STABLE BEAMS,6800,1773.822463645,1751.259250334,67.7,HFET
391826:10606,214:214,05/09/25 08:02:44,STABLE BEAMS,6800,1770.148812242,1747.211135780,67.5,HFET
391826:10606,215:215,05/09/25 08:03:07,STABLE BEAMS,6800,1768.147642937,1745.514969950,67.4,HFET
391826:10606,216:216,05/09/25 08:03:31,STABLE BEAMS,6800,1782.217582619,1759.409060518,68.0,HFET
391826:10606,217:217,05/09/25 08:03:54,STABLE BEAMS,6800,1797.817324753,1774.681427181,68.6,HFET
391826:10606,218:218,05/09/25 08:04:17,STABLE BEAMS,6800,1804.822982850,1781.753560595,68.8,HFET
391826:10606,219:219,05/09/25 08:04:40,STABLE BEAMS,6800,1810.990368391,1787.672858858,69.1,HFET
391826:10606,220:220,05/09/25 08:05:04,STABLE BEAMS,6800,1820.723191820,1797.486995542,69.5,HFET
391826:10606,221:221,05/09/25 08:05:27,STABLE BEAMS,6800,1846.666525677,1823.115088887,70.4,HFET
391826:10606,222:222,05/09/25 08:05:50,STABLE BEAMS,6800,1852.735679475,1828.922198028,70.7,HFET
391826:10606,223:223,05/09/25 08:06:14,STABLE BEAMS,6800,1855.891496876,1805.948890648,70.8,HFET
391826:10606,224:224,05/09/25 08:06:37,STABLE BEAMS,6800,1856.955695903,1832.640813839,70.8,HFET
391826:10606,225:225,05/09/25 08:07:00,STABLE BEAMS,6800,1866.955468347,1843.066046009,71.2,HFET
391826:10606,226:226,05/09/25 08:07:24,STABLE BEAMS,6800,1883.674607637,1859.712266731,71.9,HFET
391826:10606,227:227,05/09/25 08:07:47,STABLE BEAMS,6800,1884.126485105,1859.861916665,71.9,HFET
391826:10606,228:228,05/09/25 08:08:10,STABLE BEAMS,6800,1882.147151434,1858.110006237,71.8,HFET
391826:10606,229:229,05/09/25 08:08:34,STABLE BEAMS,6800,1881.227798449,1857.394360745,71.8,HFET
391826:10606,230:230,05/09/25 08:08:57,STABLE BEAMS,6800,1879.085044958,1854.891674490,71.7,HFET
391826:10606,231:231,05/09/25 08:09:20,STABLE BEAMS,6800,1877.552438455,1853.644700521,71.6,HFET
391826:10606,232:232,05/09/25 08:09:44,STABLE BEAMS,6800,1875.223513900,1851.087014369,71.5,HFET
391826:10606,233:233,05/09/25 08:10:07,STABLE BEAMS,6800,1873.782901556,1850.016085823,71.5,HFET
391826:10606,234:234,05/09/25 08:10:30,STABLE BEAMS,6800,1871.561250382,1847.689641786,71.4,HFET
391826:10606,235:235,05/09/25 08:10:53,STABLE BEAMS,6800,1869.585023241,1845.404313282,71.3,HFET
391826:10606,236:236,05/09/25 08:11:17,STABLE BEAMS,6800,1867.632503828,1817.379286819,71.2,HFET
391826:10606,237:237,05/09/25 08:11:40,STABLE BEAMS,6800,1865.802389866,1841.903700775,71.2,HFET
391826:10606,238:238,05/09/25 08:12:03,STABLE BEAMS,6800,1863.765037663,1840.055078982,71.1,HFET
391869:10611,39:39,05/10/25 06:30:08,STABLE BEAMS,6800,10428.484129438,4724.965548132,43.0,HFET
391869:10611,40:40,05/10/25 06:30:31,STABLE BEAMS,6800,10424.057633730,10074.128941583,43.0,HFET
391869:10611,41:41,05/10/25 06:30:54,STABLE BEAMS,6800,10420.039076071,10220.075940990,43.0,HFET
391869:10611,42:42,05/10/25 06:31:18,STABLE BEAMS,6800,10415.182814768,10217.530287881,43.0,HFET
391869:10611,43:43,05/10/25 06:31:41,STABLE BEAMS,6800,10408.868358881,10211.848089074,42.9,HFET
391869:10611,44:44,05/10/25 06:32:04,STABLE BEAMS,6800,10402.527088630,10203.930168948,42.9,HFET
391869:10611,45:45,05/10/25 06:32:28,STABLE BEAMS,6800,10394.846081155,10197.609502456,42.9,HFET
391869:10611,46:46,05/10/25 06:32:51,STABLE BEAMS,6800,9950.946944651,9767.611637512,41.0,HFET
391869:10611,47:47,05/10/25 06:33:14,STABLE BEAMS,6800,8353.801385610,8214.120888510,34.5,HFET
391869:10611,48:48,05/10/25 06:33:38,STABLE BEAMS,6800,6480.671078700,6385.775786392,26.7,HFET
391869:10611,49:49,05/10/25 06:34:01,STABLE BEAMS,6800,5859.590411012,5777.020947262,24.2,HFET
391869:10611,50:50,05/10/25 06:34:24,STABLE BEAMS,6800,2848.606680184,2817.584232510,11.7,HFET
391869:10611,51:51,05/10/25 06:34:47,STABLE BEAMS,6800,1580.973742103,1565.785073680,6.5,HFET
391869:10611,52:52,05/10/25 06:35:11,STABLE BEAMS,6800,708.402696080,702.140530200,2.9,HFET
391869:10611,53:53,05/10/25 06:35:34,STABLE BEAMS,6800,436.266147998,426.359858901,1.8,HFET
391869:10611,54:54,05/10/25 06:35:57,STABLE BEAMS,6800,121.498285938,120.507311102,0.5,HFET
391869:10611,55:55,05/10/25 06:36:21,STABLE BEAMS,6800,49.325677174,48.920944680,0.2,HFET
391869:10611,56:56,05/10/25 06:36:44,STABLE BEAMS,6800,48.669211085,48.264952679,0.2,HFET
391869:10611,59:59,05/10/25 06:37:54,STABLE BEAMS,6800,49.196627321,48.798317535,0.2,HFET
391869:10611,61:61,05/10/25 06:38:41,STABLE BEAMS,6800,80.268700805,79.616402062,0.3,HFET
391869:10611,63:63,05/10/25 06:39:27,STABLE BEAMS,6800,93.317627147,92.558406794,0.4,HFET
391869:10611,65:65,05/10/25 06:40:14,STABLE BEAMS,6800,92.963865561,92.198231152,0.4,HFET
391869:10611,66:66,05/10/25 06:40:37,STABLE BEAMS,6800,96.192634720,94.041177140,0.4,HFET
391869:10611,67:67,05/10/25 06:41:00,STABLE BEAMS,6800,105.229132856,104.361822006,0.4,HFET
391869:10611,68:68,05/10/25 06:41:24,STABLE BEAMS,6800,97.369754265,96.576632743,0.4,HFET
391869:10611,70:70,05/10/25 06:42:10,STABLE BEAMS,6800,102.383634165,101.539422587,0.4,HFET
391869:10611,71:71,05/10/25 06:42:34,STABLE BEAMS,6800,98.279203503,97.479707558,0.4,HFET
391869:10611,72:72,05/10/25 06:42:57,STABLE BEAMS,6800,101.926911958,101.096990759,0.4,HFET
391869:10611,73:73,05/10/25 06:43:20,STABLE BEAMS,6800,102.898322815,102.051379078,0.4,HFET
391869:10611,74:74,05/10/25 06:43:44,STABLE BEAMS,6800,101.001304613,100.178815872,0.4,HFET
391869:10611,75:75,05/10/25 06:44:07,STABLE BEAMS,6800,146.642980662,145.426893496,0.6,HFET
391869:10611,76:76,05/10/25 06:44:30,STABLE BEAMS,6800,1399.868043095,1386.614127123,5.8,HFET
391869:10611,77:77,05/10/25 06:44:54,STABLE BEAMS,6800,8579.377882819,8434.603671918,35.4,HFET
391869:10611,78:78,05/10/25 06:45:17,STABLE BEAMS,6800,10179.647560604,9988.763840329,42.0,HFET
391869:10611,79:79,05/10/25 06:45:40,STABLE BEAMS,6800,9889.539351658,9568.888562444,40.8,HFET
391869:10611,80:80,05/10/25 06:46:03,STABLE BEAMS,6800,9892.598723520,9709.549510461,40.8,HFET
391869:10611,81:81,05/10/25 06:46:27,STABLE BEAMS,6800,9800.132248075,9620.949163385,40.4,HFET
391869:10611,82:82,05/10/25 06:46:50,STABLE BEAMS,6800,9373.031411805,9206.148962849,38.7,HFET
391869:10611,83:83,05/10/25 06:47:13,STABLE BEAMS,6800,10260.610918838,10067.002003638,42.3,HFET
391869:10611,84:84,05/10/25 06:47:37,STABLE BEAMS,6800,10272.014217941,10078.845135486,42.4,HFET
391869:10611,85:85,05/10/25 06:48:00,STABLE BEAMS,6800,10267.599003887,10074.364216803,42.3,HFET
391869:10611,86:86,05/10/25 06:48:23,STABLE BEAMS,6800,10261.841518326,10069.098096215,42.3,HFET
391869:10611,87:87,05/10/25 06:48:47,STABLE BEAMS,6800,10256.622936095,10064.190584823,42.3,HFET
391869:10611,88:88,05/10/25 06:49:10,STABLE BEAMS,6800,10251.801010259,10058.441280864,42.3,HFET
391869:10611,89:89,05/10/25 06:49:33,STABLE BEAMS,6800,10259.327916887,10067.016723777,42.3,HFET
391869:10611,90:90,05/10/25 06:49:57,STABLE BEAMS,6800,10408.041936891,7824.214582949,42.9,HFET
391869:10611,91:91,05/10/25 06:50:20,STABLE BEAMS,6800,10763.861934875,10554.245066725,44.4,HFET
391869:10611,92:92,05/10/25 06:50:43,STABLE BEAMS,6800,10776.692853646,10416.275828480,44.4,HFET
391869:10611,93:93,05/10/25 06:51:07,STABLE BEAMS,6800,10768.811637699,10559.254352774,44.4,HFET
391869:10611,94:94,05/10/25 06:51:30,STABLE BEAMS,6800,10763.853187506,8093.516382632,44.4,HFET
391869:10611,95:95,05/10/25 06:51:53,STABLE BEAMS,6800,10757.401471502,10549.647241842,44.4,HFET
391869:10611,96:96,05/10/25 06:52:16,STABLE BEAMS,6800,10917.004249110,10703.259258946,45.0,HFET
391869:10611,97:97,05/10/25 06:52:40,STABLE BEAMS,6800,11280.624284188,11055.073514799,46.5,HFET
391869:10611,98:98,05/10/25 06:53:03,STABLE BEAMS,6800,11292.696879645,8495.578592854,46.6,HFET
391869:10611,99:99,05/10/25 06:53:26,STABLE BEAMS,6800,11301.277885110,11060.458350038,46.6,HFET
391869:10611,100:100,05/10/25 06:53:50,STABLE BEAMS,6800,11281.104571970,5503.794941120,46.5,HFET
391869:10611,101:101,05/10/25 06:54:13,STABLE BEAMS,6800,11274.612961424,8583.998882273,46.5,HFET
391869:10611,102:102,05/10/25 06:54:36,STABLE BEAMS,6800,11268.615372847,11044.422928859,46.5,HFET
391869:10611,103:103,05/10/25 06:55:00,STABLE BEAMS,6800,11261.712145452,11036.720060886,46.4,HFET
391869:10611,104:104,05/10/25 06:55:23,STABLE BEAMS,6800,11256.497896029,11033.167424375,46.4,HFET
391869:10611,105:105,05/10/25 06:55:46,STABLE BEAMS,6800,11251.037984515,8464.483573483,46.4,HFET
391869:10611,106:106,05/10/25 06:56:10,STABLE BEAMS,6800,11244.568773774,10861.556879408,46.4,HFET
391869:10611,107:107,05/10/25 06:56:33,STABLE BEAMS,6800,11251.879939217,11028.956636185,46.4,HFET
391869:10611,108:108,05/10/25 06:56:56,STABLE BEAMS,6800,11633.933215017,11397.289810982,48.0,HFET
391869:10611,109:109,05/10/25 06:57:20,STABLE BEAMS,6800,11802.819321894,11559.965564338,48.7,HFET
391869:10611,110:110,05/10/25 06:57:43,STABLE BEAMS,6800,11800.291986268,8873.370525362,48.7,HFET
391869:10611,111:111,05/10/25 06:58:06,STABLE BEAMS,6800,11794.007451288,8946.750714701,48.6,HFET
391869:10611,112:112,05/10/25 06:58:29,STABLE BEAMS,6800,11790.443593314,11548.291216374,48.6,HFET
391869:10611,113:113,05/10/25 06:58:53,STABLE BEAMS,6800,11788.263127656,11546.357277501,48.6,HFET
391869:10611,114:114,05/10/25 06:59:16,STABLE BEAMS,6800,12028.856077864,9140.183415802,49.6,HFET
391869:10611,115:115,05/10/25 06:59:39,STABLE BEAMS,6800,12362.041481980,12099.785547396,51.0,HFET
391869:10611,116:116,05/10/25 07:00:03,STABLE BEAMS,6800,12357.455980360,12094.698523884,51.0,HFET
391869:10611,117:117,05/10/25 07:00:26,STABLE BEAMS,6800,12349.978941910,12089.018535621,50.9,HFET
391869:10611,118:118,05/10/25 07:00:49,STABLE BEAMS,6800,12341.673601193,3606.302856756,50.9,HFET
391870:10611,1:1,05/10/25 07:03:27,STABLE BEAMS,6800,12897.265766655,12610.299676496,53.2,HFET
391870:10611,2:2,05/10/25 07:03:50,STABLE BEAMS,6800,13277.857005569,12981.617778547,54.8,HFET
391870:10611,3:3,05/10/25 07:04:14,STABLE BEAMS,6800,13457.038111725,13153.850858706,55.5,HFET
391870:10611,4:4,05/10/25 07:04:37,STABLE BEAMS,6800,13446.458700327,13144.649343249,55.5,HFET
391870:10611,5:5,05/10/25 07:05:00,STABLE BEAMS,6800,13433.172427862,7004.121026410,55.4,HFET
391870:10611,6:6,05/10/25 07:05:24,STABLE BEAMS,6800,13420.895291123,9847.356542767,55.3,HFET
391870:10611,7:7,05/10/25 07:05:47,STABLE BEAMS,6800,13472.327776939,4366.311807516,55.6,HFET
391870:10611,8:8,05/10/25 07:06:10,STABLE BEAMS,6800,13918.558455156,10441.773732566,57.4,HFET
391870:10611,9:9,05/10/25 07:06:34,STABLE BEAMS,6800,13973.193050276,13651.147713938,57.6,HFET
391870:10611,10:10,05/10/25 07:06:57,STABLE BEAMS,6800,13964.784130901,13643.520014107,57.6,HFET
391870:10611,11:11,05/10/25 07:07:20,STABLE BEAMS,6800,13950.600966987,10479.108632144,57.5,HFET
391870:10611,12:12,05/10/25 07:07:44,STABLE BEAMS,6800,13947.282852855,6151.434876023,57.5,HFET
391871:10611,1:1,05/10/25 07:11:15,STABLE BEAMS,6800,14634.763841971,14116.133738359,60.4,HFET
391871:10611,2:2,05/10/25 07:11:38,STABLE BEAMS,6800,14628.524188351,14277.141541410,60.3,HFET
391871:10611,3:3,05/10/25 07:12:01,STABLE BEAMS,6800,14620.182713643,14270.893669695,60.3,HFET
391871:10611,4:4,05/10/25 07:12:25,STABLE BEAMS,6800,14614.834964655,14266.169400806,60.3,HFET
391871:10611,5:5,05/10/25 07:12:48,STABLE BEAMS,6800,14609.723067625,14261.322542815,60.3,HFET
391871:10611,6:6,05/10/25 07:13:11,STABLE BEAMS,6800,14600.842689587,14252.163208165,60.2,HFET
391871:10611,7:7,05/10/25 07:13:35,STABLE BEAMS,6800,14593.287006568,14244.140999459,60.2,HFET
391871:10611,8:8,05/10/25 07:13:58,STABLE BEAMS,6800,14582.070181751,14228.930372830,60.1,HFET
391871:10611,9:9,05/10/25 07:14:21,STABLE BEAMS,6800,14575.453819007,14228.591104395,60.1,HFET
391871:10611,10:10,05/10/25 07:14:45,STABLE BEAMS,6800,14565.908559176,14219.842129456,60.1,HFET
391871:10611,11:11,05/10/25 07:15:08,STABLE BEAMS,6800,14558.405360370,14211.953594120,60.0,HFET
391871:10611,12:12,05/10/25 07:15:31,STABLE BEAMS,6800,14557.374969355,14212.135669552,60.0,HFET
391871:10611,13:13,05/10/25 07:15:54,STABLE BEAMS,6800,14544.636265838,13993.895407548,60.0,HFET
391871:10611,14:14,05/10/25 07:16:18,STABLE BEAMS,6800,14536.661526619,14185.929035327,59.9,HFET
391871:10611,15:15,05/10/25 07:16:41,STABLE BEAMS,6800,14527.454225884,14183.518366898,59.9,HFET
391871:10611,16:16,05/10/25 07:17:04,STABLE BEAMS,6800,14521.857054254,14175.782477620,59.9,HFET
391871:10611,17:17,05/10/25 07:17:28,STABLE BEAMS,6800,14513.152522858,14169.201393959,59.9,HFET
391871:10611,18:18,05/10/25 07:17:51,STABLE BEAMS,6800,14528.073000051,14183.657426246,59.9,HFET
391871:10611,19:19,05/10/25 07:18:14,STABLE BEAMS,6800,14497.088265858,14152.248143853,59.8,HFET
391871:10611,20:20,05/10/25 07:18:38,STABLE BEAMS,6800,14488.740496314,14145.500125845,59.8,HFET
391871:10611,21:21,05/10/25 07:19:01,STABLE BEAMS,6800,14477.715786610,14133.426031195,59.7,HFET
391871:10611,22:22,05/10/25 07:19:24,STABLE BEAMS,6800,14466.583737696,14124.889953519,59.7,HFET
391871:10611,23:23,05/10/25 07:19:48,STABLE BEAMS,6800,14454.309135241,14112.684688424,59.6,HFET
391871:10611,24:24,05/10/25 07:20:11,STABLE BEAMS,6800,14442.888995409,14100.670074422,59.6,HFET
391871:10611,25:25,05/10/25 07:20:34,STABLE BEAMS,6800,14428.857970314,14087.566540958,59.5,HFET
391871:10611,26:26,05/10/25 07:20:58,STABLE BEAMS,6800,14419.619522406,13876.901763144,59.5,HFET
391871:10611,27:27,05/10/25 07:21:21,STABLE BEAMS,6800,14411.337889512,10418.227208771,59.4,HFET
391873:10611,1:1,05/10/25 07:26:06,STABLE BEAMS,6800,14309.460880068,13978.620187493,59.0,HFET
391873:10611,2:2,05/10/25 07:26:29,STABLE BEAMS,6800,14300.022877696,13971.108420427,59.0,HFET
391873:10611,3:3,05/10/25 07:26:52,STABLE BEAMS,6800,14303.712714134,13972.643618347,59.0,HFET
391873:10611,4:4,05/10/25 07:27:16,STABLE BEAMS,6800,14389.763689318,14057.527748550,59.3,HFET
391873:10611,5:5,05/10/25 07:27:39,STABLE BEAMS,6800,14937.716703875,14584.833354489,61.6,HFET
391873:10611,6:6,05/10/25 07:28:02,STABLE BEAMS,6800,14985.191127855,14627.040336567,61.8,HFET
391873:10611,7:7,05/10/25 07:28:26,STABLE BEAMS,6800,14978.095785346,14623.982894387,61.8,HFET
391873:10611,8:8,05/10/25 07:28:49,STABLE BEAMS,6800,14969.375067230,14611.636998757,61.7,HFET
391873:10611,9:9,05/10/25 07:29:12,STABLE BEAMS,6800,14958.688398374,14603.916986633,61.7,HFET
391873:10611,10:10,05/10/25 07:29:35,STABLE BEAMS,6800,14949.734362585,14595.687789824,61.7,HFET
391873:10611,11:11,05/10/25 07:29:59,STABLE BEAMS,6800,14961.087139501,14604.040748538,61.7,HFET
391873:10611,12:12,05/10/25 07:30:22,STABLE BEAMS,6800,14933.793549764,14579.415484534,61.6,HFET
391873:10611,13:13,05/10/25 07:30:45,STABLE BEAMS,6800,14925.549358879,14360.899774204,61.6,HFET
391873:10611,14:14,05/10/25 07:31:09,STABLE BEAMS,6800,14914.668040625,14562.076240907,61.5,HFET
391873:10611,15:15,05/10/25 07:31:32,STABLE BEAMS,6800,14904.273304990,14552.010972354,61.5,HFET
391873:10611,16:16,05/10/25 07:31:55,STABLE BEAMS,6800,14894.814129080,14540.620090314,61.4,HFET
391873:10611,17:17,05/10/25 07:32:19,STABLE BEAMS,6800,14881.209681287,14524.033620195,61.4,HFET
391873:10611,18:18,05/10/25 07:32:42,STABLE BEAMS,6800,14871.946299290,14521.056747629,61.3,HFET
391873:10611,19:19,05/10/25 07:33:05,STABLE BEAMS,6800,14861.701249940,14508.011160464,61.3,HFET
391873:10611,20:20,05/10/25 07:33:29,STABLE BEAMS,6800,14849.120980078,14498.689594982,61.2,HFET
391873:10611,21:21,05/10/25 07:33:52,STABLE BEAMS,6800,14834.478701919,14483.275619932,61.2,HFET
391873:10611,22:22,05/10/25 07:34:15,STABLE BEAMS,6800,14820.906791069,14470.158717578,61.1,HFET
391873:10611,23:23,05/10/25 07:34:39,STABLE BEAMS,6800,14812.562782077,14462.157247206,61.1,HFET
391873:10611,24:24,05/10/25 07:35:02,STABLE BEAMS,6800,14798.843637474,1533.025620158,61.0,HFET
391874:10611,1:1,05/10/25 07:39:36,STABLE BEAMS,6800,14661.991295058,14321.949360739,60.5,HFET
391874:10611,2:2,05/10/25 07:40:00,STABLE BEAMS,6800,14661.746859234,14317.862748914,60.5,HFET
391874:10611,3:3,05/10/25 07:40:23,STABLE BEAMS,6800,14658.642033753,14315.041557393,60.5,HFET
391874:10611,4:4,05/10/25 07:40:46,STABLE BEAMS,6800,14661.313987096,14318.515532260,60.5,HFET
391874:10611,5:5,05/10/25 07:41:10,STABLE BEAMS,6800,14666.962334923,14324.145954958,60.5,HFET
391874:10611,6:6,05/10/25 07:41:33,STABLE BEAMS,6800,14661.043309164,14315.719319141,60.5,HFET
391874:10611,7:7,05/10/25 07:41:56,STABLE BEAMS,6800,14659.459054366,10571.625798246,60.5,HFET
391874:10611,9:9,05/10/25 07:42:43,STABLE BEAMS,6800,14645.006438787,2426.327800218,60.4,HFET
391874:10611,10:10,05/10/25 07:43:06,STABLE BEAMS,6800,14636.944307628,14296.113794240,60.4,HFET
391874:10611,11:11,05/10/25 07:43:29,STABLE BEAMS,6800,14627.752049099,14283.675929748,60.3,HFET
391874:10611,12:12,05/10/25 07:43:53,STABLE BEAMS,6800,14623.197694652,14275.179173008,60.3,HFET
391874:10611,13:13,05/10/25 07:44:16,STABLE BEAMS,6800,14616.263320083,14273.490462243,60.3,HFET
391874:10611,14:14,05/10/25 07:44:39,STABLE BEAMS,6800,14605.166178894,14264.951397581,60.2,HFET
391874:10611,15:15,05/10/25 07:45:03,STABLE BEAMS,6800,14598.707023539,14053.729653767,60.2,HFET
391874:10611,16:16,05/10/25 07:45:26,STABLE BEAMS,6800,14594.670398884,14253.363165874,60.2,HFET
391874:10611,17:17,05/10/25 07:45:49,STABLE BEAMS,6800,14580.107991562,14240.262728631,60.1,HFET
391874:10611,18:18,05/10/25 07:46:13,STABLE BEAMS,6800,14573.829669666,14235.030007746,60.1,HFET
391874:10611,19:19,05/10/25 07:46:36,STABLE BEAMS,6800,14564.842034170,14224.444834504,60.1,HFET
391874:10611,20:20,05/10/25 07:46:59,STABLE BEAMS,6800,14557.991209237,14218.653192237,60.0,HFET
391874:10611,21:21,05/10/25 07:47:23,STABLE BEAMS,6800,14547.492894943,14206.485793361,60.0,HFET
391874:10611,22:22,05/10/25 07:47:46,STABLE BEAMS,6800,14533.876020981,14195.818617020,59.9,HFET
391874:10611,23:23,05/10/25 07:48:09,STABLE BEAMS,6800,14527.511615165,14190.372119445,59.9,HFET
391874:10611,24:24,05/10/25 07:48:33,STABLE BEAMS,6800,14520.035802982,14182.021129265,59.9,HFET
391874:10611,25:25,05/10/25 07:48:56,STABLE BEAMS,6800,14509.704669711,14174.176663987,59.8,HFET
391874:10611,26:26,05/10/25 07:49:19,STABLE BEAMS,6800,14500.188104520,14162.765543087,59.8,HFET
391874:10611,27:27,05/10/25 07:49:42,STABLE BEAMS,6800,14490.529292395,14155.482789498,59.8,HFET
391874:10611,28:28,05/10/25 07:50:06,STABLE BEAMS,6800,14480.879227638,13941.520892657,59.7,HFET
391874:10611,29:29,05/10/25 07:50:29,STABLE BEAMS,6800,14471.469919906,14134.876021342,59.7,HFET
391874:10611,30:30,05/10/25 07:50:52,STABLE BEAMS,6800,14458.379441354,14122.777963065,59.6,HFET
391874:10611,31:31,05/10/25 07:51:16,STABLE BEAMS,6800,14446.738491768,14111.215813190,59.6,HFET
391874:10611,32:32,05/10/25 07:51:39,STABLE BEAMS,6800,14439.877693200,14103.991813698,59.6,HFET
391874:10611,33:33,05/10/25 07:52:02,STABLE BEAMS,6800,14432.565301490,14100.271151973,59.5,HFET
391874:10611,34:34,05/10/25 07:52:26,STABLE BEAMS,6800,14424.379726153,14089.093760592,59.5,HFET
391874:10611,35:35,05/10/25 07:52:49,STABLE BEAMS,6800,14419.081927094,14085.584117426,59.5,HFET
391874:10611,36:36,05/10/25 07:53:12,STABLE BEAMS,6800,14413.973708864,14081.213728006,59.4,HFET
391874:10611,37:37,05/10/25 07:53:36,STABLE BEAMS,6800,14409.663871993,14076.129823468,59.4,HFET
391874:10611,38:38,05/10/25 07:53:59,STABLE BEAMS,6800,14399.741821287,14066.738829270,59.4,HFET
391874:10611,39:39,05/10/25 07:54:22,STABLE BEAMS,6800,14390.318779368,14056.279271070,59.3,HFET
391874:10611,40:40,05/10/25 07:54:45,STABLE BEAMS,6800,14383.298320878,9884.705992782,59.3,HFET
391874:10611,42:42,05/10/25 07:55:32,STABLE BEAMS,6800,14372.246142801,3147.278353190,59.3,HFET
391874:10611,43:43,05/10/25 07:55:55,STABLE BEAMS,6800,14363.772394794,13831.514772174,59.2,HFET
391874:10611,44:44,05/10/25 07:56:19,STABLE BEAMS,6800,14355.929847122,14023.734296575,59.2,HFET
391874:10611,45:45,05/10/25 07:56:42,STABLE BEAMS,6800,14349.564296790,14018.692216865,59.2,HFET
391874:10611,46:46,05/10/25 07:57:05,STABLE BEAMS,6800,14341.989892766,14011.275446586,59.1,HFET
391874:10611,47:47,05/10/25 07:57:29,STABLE BEAMS,6800,14333.919095990,14003.018330401,59.1,HFET
391874:10611,48:48,05/10/25 07:57:52,STABLE BEAMS,6800,14330.900354430,14000.639608103,59.1,HFET
391874:10611,49:49,05/10/25 07:58:15,STABLE BEAMS,6800,14320.710160077,13989.237297341,59.1,HFET
391874:10611,50:50,05/10/25 07:58:39,STABLE BEAMS,6800,14313.236800427,13983.566834597,59.0,HFET
391874:10611,51:51,05/10/25 07:59:02,STABLE BEAMS,6800,14304.496135040,13976.444027284,59.0,HFET
391874:10611,52:52,05/10/25 07:59:25,STABLE BEAMS,6800,14296.987867665,13967.257311449,59.0,HFET
391874:10611,53:53,05/10/25 07:59:48,STABLE BEAMS,6800,14288.304591558,13959.876942819,58.9,HFET
391874:10611,54:54,05/10/25 08:00:12,STABLE BEAMS,6800,14279.371811058,13952.863133699,58.9,HFET
391874:10611,55:55,05/10/25 08:00:35,STABLE BEAMS,6800,14275.956331352,13947.691820779,58.9,HFET
391874:10611,56:56,05/10/25 08:00:58,STABLE BEAMS,6800,14268.575350458,13741.125217337,58.8,HFET
391874:10611,57:57,05/10/25 08:01:22,STABLE BEAMS,6800,14255.436229995,13927.961028904,58.8,HFET
391874:10611,58:58,05/10/25 08:01:45,STABLE BEAMS,6800,14251.430752514,13924.741088135,58.8,HFET
391874:10611,59:59,05/10/25 08:02:08,STABLE BEAMS,6800,14243.649354674,13918.028706677,58.7,HFET
391874:10611,60:60,05/10/25 08:02:32,STABLE BEAMS,6800,14235.609705072,13907.896460274,58.7,HFET
391874:10611,61:61,05/10/25 08:02:55,STABLE BEAMS,6800,14233.132319375,13906.716117488,58.7,HFET
391874:10611,62:62,05/10/25 08:03:18,STABLE BEAMS,6800,14544.494018903,14205.304164646,60.0,HFET
391874:10611,63:63,05/10/25 08:03:42,STABLE BEAMS,6800,14839.334963222,14489.700597565,61.2,HFET
391874:10611,64:64,05/10/25 08:04:05,STABLE BEAMS,6800,14836.744025231,14487.265550871,61.2,HFET
391874:10611,65:65,05/10/25 08:04:28,STABLE BEAMS,6800,14817.780710299,14461.982682671,61.1,HFET
391874:10611,66:66,05/10/25 08:04:52,STABLE BEAMS,6800,14783.474101423,14435.382984960,61.0,HFET
391874:10611,67:67,05/10/25 08:05:15,STABLE BEAMS,6800,14759.240455806,14410.875412718,60.9,HFET
391874:10611,68:68,05/10/25 08:05:38,STABLE BEAMS,6800,14749.489346675,14402.210603752,60.8,HFET
391874:10611,69:69,05/10/25 08:06:01,STABLE BEAMS,6800,14738.410926490,14186.590900973,60.8,HFET
391874:10611,70:70,05/10/25 08:06:25,STABLE BEAMS,6800,14727.061910125,14379.657565092,60.7,HFET
391874:10611,71:71,05/10/25 08:06:48,STABLE BEAMS,6800,14715.991011043,14371.362641870,60.7,HFET
391874:10611,72:72,05/10/25 08:07:11,STABLE BEAMS,6800,14711.356867511,14365.864772129,60.7,HFET
391874:10611,73:73,05/10/25 08:07:35,STABLE BEAMS,6800,14697.933334929,9428.198533375,60.6,HFET
391874:10611,75:75,05/10/25 08:08:21,STABLE BEAMS,6800,14678.111796824,2561.203484166,60.5,HFET
391874:10611,76:76,05/10/25 08:08:45,STABLE BEAMS,6800,14666.882464086,14323.097164689,60.5,HFET
391874:10611,77:77,05/10/25 08:09:08,STABLE BEAMS,6800,14661.462447115,14318.584929544,60.5,HFET
391874:10611,78:78,05/10/25 08:09:31,STABLE BEAMS,6800,14651.857263719,14306.828949454,60.4,HFET
391874:10611,79:79,05/10/25 08:09:55,STABLE BEAMS,6800,14640.117722292,14296.877505112,60.4,HFET
391874:10611,80:80,05/10/25 08:10:18,STABLE BEAMS,6800,14634.799975962,14292.710452330,60.4,HFET
391874:10611,81:81,05/10/25 08:10:41,STABLE BEAMS,6800,14621.112060284,14280.101502392,60.3,HFET
391874:10611,82:82,05/10/25 08:11:04,STABLE BEAMS,6800,14609.459829045,14269.602169609,60.2,HFET
391874:10611,83:83,05/10/25 08:11:28,STABLE BEAMS,6800,14602.989473787,14260.417229635,60.2,HFET
391874:10611,84:84,05/10/25 08:11:51,STABLE BEAMS,6800,14590.117270704,14046.293131350,60.2,HFET
391874:10611,85:85,05/10/25 08:12:14,STABLE BEAMS,6800,14579.844752981,14240.141655785,60.1,HFET
391874:10611,86:86,05/10/25 08:12:38,STABLE BEAMS,6800,14568.266179494,14229.308216886,60.1,HFET
391874:10611,87:87,05/10/25 08:13:01,STABLE BEAMS,6800,14558.026116962,14220.526675414,60.0,HFET
391874:10611,88:88,05/10/25 08:13:24,STABLE BEAMS,6800,14550.298347852,14210.095540694,60.0,HFET
391874:10611,89:89,05/10/25 08:13:48,STABLE BEAMS,6800,14529.991535146,14191.907620909,59.9,HFET
391874:10611,90:90,05/10/25 08:14:11,STABLE BEAMS,6800,14524.622612620,14187.737350868,59.9,HFET
391874:10611,91:91,05/10/25 08:14:34,STABLE BEAMS,6800,14514.343881812,14176.481176597,59.9,HFET
391874:10611,92:92,05/10/25 08:14:58,STABLE BEAMS,6800,14503.949064426,14167.096196272,59.8,HFET
391874:10611,93:93,05/10/25 08:15:21,STABLE BEAMS,6800,14496.012993482,14159.144146977,59.8,HFET
391874:10611,94:94,05/10/25 08:15:44,STABLE BEAMS,6800,14486.916792509,14150.492336229,59.7,HFET
391874:10611,95:95,05/10/25 08:16:08,STABLE BEAMS,6800,14476.855029152,14141.847091081,59.7,HFET
391874:10611,96:96,05/10/25 08:16:31,STABLE BEAMS,6800,14471.594672103,14134.659903736,59.7,HFET
391874:10611,97:97,05/10/25 08:16:54,STABLE BEAMS,6800,14458.947039325,13920.530075908,59.6,HFET
391874:10611,98:98,05/10/25 08:17:17,STABLE BEAMS,6800,14452.554020619,14116.312921855,59.6,HFET
391874:10611,99:99,05/10/25 08:17:41,STABLE BEAMS,6800,14451.637100147,14116.744889980,59.6,HFET
391874:10611,100:100,05/10/25 08:18:04,STABLE BEAMS,6800,14433.404803658,14100.521377783,59.5,HFET
391874:10611,101:101,05/10/25 08:18:27,STABLE BEAMS,6800,14432.779816408,14096.018151367,59.5,HFET
391874:10611,102:102,05/10/25 08:18:51,STABLE BEAMS,6800,14425.060794666,14091.609853109,59.5,HFET
391874:10611,103:103,05/10/25 08:19:14,STABLE BEAMS,6800,14420.974220082,14087.660104303,59.5,HFET
391874:10611,104:104,05/10/25 08:19:37,STABLE BEAMS,6800,14434.059711816,14099.849382429,59.5,HFET
391874:10611,105:105,05/10/25 08:20:01,STABLE BEAMS,6800,14409.139929116,14074.893809013,59.4,HFET
391874:10611,106:106,05/10/25 08:20:24,STABLE BEAMS,6800,14403.524036481,9721.583477256,59.4,HFET
391874:10611,108:108,05/10/25 08:21:11,STABLE BEAMS,6800,14385.561109906,3294.083882158,59.3,HFET
391874:10611,109:109,05/10/25 08:21:34,STABLE BEAMS,6800,14380.344407950,14046.102776141,59.3,HFET
391874:10611,110:110,05/10/25 08:21:57,STABLE BEAMS,6800,14371.838204752,14039.393820367,59.3,HFET
391874:10611,111:111,05/10/25 08:22:21,STABLE BEAMS,6800,14364.033099090,14030.729636955,59.2,HFET
391874:10611,112:112,05/10/25 08:22:44,STABLE BEAMS,6800,14354.360634528,13822.775931607,59.2,HFET
391874:10611,113:113,05/10/25 08:23:07,STABLE BEAMS,6800,14349.451970763,14017.594215438,59.2,HFET
391874:10611,114:114,05/10/25 08:23:30,STABLE BEAMS,6800,14341.582036469,14009.487076392,59.1,HFET
391874:10611,115:115,05/10/25 08:23:54,STABLE BEAMS,6800,14325.900619926,13992.540410885,59.1,HFET
391874:10611,116:116,05/10/25 08:24:17,STABLE BEAMS,6800,14312.318735440,13982.323884603,59.0,HFET
391874:10611,117:117,05/10/25 08:24:40,STABLE BEAMS,6800,14296.911757380,13967.790254989,59.0,HFET
391874:10611,118:118,05/10/25 08:25:04,STABLE BEAMS,6800,14279.668649345,13950.815277219,58.9,HFET
391874:10611,119:119,05/10/25 08:25:27,STABLE BEAMS,6800,14268.208614970,13939.861141757,58.8,HFET
391874:10611,120:120,05/10/25 08:25:50,STABLE BEAMS,6800,14254.065263847,13927.561355556,58.8,HFET
391874:10611,121:121,05/10/25 08:26:14,STABLE BEAMS,6800,14241.191916249,13912.880332634,58.7,HFET
391874:10611,122:122,05/10/25 08:26:37,STABLE BEAMS,6800,14227.495171451,13901.178886653,58.7,HFET
391874:10611,123:123,05/10/25 08:27:00,STABLE BEAMS,6800,14217.892522339,13892.995573139,58.6,HFET
391874:10611,124:124,05/10/25 08:27:24,STABLE BEAMS,6800,14206.680684340,13880.113849292,58.6,HFET
391874:10611,125:125,05/10/25 08:27:47,STABLE BEAMS,6800,14180.908973302,13657.880050957,58.5,HFET
391874:10611,126:126,05/10/25 08:28:10,STABLE BEAMS,6800,14173.942061791,13850.466652235,58.5,HFET
391874:10611,127:127,05/10/25 08:28:33,STABLE BEAMS,6800,14187.389302195,13862.035284605,58.5,HFET
391874:10611,128:128,05/10/25 08:28:57,STABLE BEAMS,6800,14159.228741916,13837.010980852,58.4,HFET
391874:10611,129:129,05/10/25 08:29:20,STABLE BEAMS,6800,14152.830654641,13828.084598834,58.4,HFET
391874:10611,130:130,05/10/25 08:29:43,STABLE BEAMS,6800,14150.389484687,13827.321014097,58.4,HFET
391874:10611,131:131,05/10/25 08:30:07,STABLE BEAMS,6800,14146.524946123,13824.202480866,58.3,HFET
391874:10611,132:132,05/10/25 08:30:30,STABLE BEAMS,6800,14143.324063086,13819.867156836,58.3,HFET
391874:10611,133:133,05/10/25 08:30:53,STABLE BEAMS,6800,14131.278936002,13810.168534638,58.3,HFET
391874:10611,134:134,05/10/25 08:31:17,STABLE BEAMS,6800,14129.134604336,13806.091821300,58.3,HFET
391874:10611,135:135,05/10/25 08:31:40,STABLE BEAMS,6800,14130.846145616,13809.106747179,58.3,HFET
391874:10611,136:136,05/10/25 08:32:03,STABLE BEAMS,6800,14125.888839938,13803.468573002,58.3,HFET
391874:10611,137:137,05/10/25 08:32:27,STABLE BEAMS,6800,14121.570255699,13798.831439368,58.2,HFET
391874:10611,138:138,05/10/25 08:32:50,STABLE BEAMS,6800,14113.202538884,13594.261959996,58.2,HFET
391874:10611,139:139,05/10/25 08:33:13,STABLE BEAMS,6800,14108.312677874,9060.735883745,58.2,HFET
391874:10611,141:141,05/10/25 08:34:00,STABLE BEAMS,6800,14097.465041078,2205.659789748,58.1,HFET
391874:10611,142:142,05/10/25 08:34:23,STABLE BEAMS,6800,14099.011853867,13777.564804179,58.1,HFET
391874:10611,143:143,05/10/25 08:34:47,STABLE BEAMS,6800,14270.757042383,13944.229799881,58.9,HFET
391874:10611,144:144,05/10/25 08:35:10,STABLE BEAMS,6800,14661.985081974,14318.796023341,60.5,HFET
391874:10611,145:145,05/10/25 08:35:33,STABLE BEAMS,6800,14711.687387257,14366.107156820,60.7,HFET
391874:10611,146:146,05/10/25 08:35:56,STABLE BEAMS,6800,14700.198658241,14356.691849886,60.6,HFET
391874:10611,147:147,05/10/25 08:36:20,STABLE BEAMS,6800,14686.378469264,14342.076392051,60.6,HFET
391874:10611,148:148,05/10/25 08:36:43,STABLE BEAMS,6800,14675.129189255,14331.675604720,60.5,HFET
391874:10611,149:149,05/10/25 08:37:06,STABLE BEAMS,6800,14679.364223859,14335.374125400,60.5,HFET
391874:10611,150:150,05/10/25 08:37:30,STABLE BEAMS,6800,14670.491285172,14325.963442660,60.5,HFET
391874:10611,151:151,05/10/25 08:37:53,STABLE BEAMS,6800,14665.553926766,14322.674475601,60.5,HFET
391874:10611,152:152,05/10/25 08:38:16,STABLE BEAMS,6800,14652.278854203,14308.171924173,60.4,HFET
391874:10611,153:153,05/10/25 08:38:40,STABLE BEAMS,6800,14642.632549998,14073.753263987,60.4,HFET
391874:10611,154:154,05/10/25 08:39:03,STABLE BEAMS,6800,14630.547528372,14289.430789716,60.3,HFET
391874:10611,155:155,05/10/25 08:39:26,STABLE BEAMS,6800,14622.356966217,14279.679384067,60.3,HFET
391874:10611,156:156,05/10/25 08:39:50,STABLE BEAMS,6800,14622.545320779,14280.871895560,60.3,HFET
391874:10611,157:157,05/10/25 08:40:13,STABLE BEAMS,6800,14615.773058665,14273.307785968,60.3,HFET
391874:10611,158:158,05/10/25 08:40:36,STABLE BEAMS,6800,14608.756278975,14267.926195372,60.2,HFET
391874:10611,159:159,05/10/25 08:40:59,STABLE BEAMS,6800,14605.787405594,14265.019052266,60.2,HFET
391874:10611,160:160,05/10/25 08:41:23,STABLE BEAMS,6800,14595.368962136,14253.554848191,60.2,HFET
391874:10611,161:161,05/10/25 08:41:46,STABLE BEAMS,6800,14586.852785302,14246.657781624,60.2,HFET
391874:10611,162:162,05/10/25 08:42:09,STABLE BEAMS,6800,14579.791124252,14241.073091724,60.1,HFET
391874:10611,163:163,05/10/25 08:42:33,STABLE BEAMS,6800,14570.283306430,14222.547654510,60.1,HFET
391874:10611,164:164,05/10/25 08:42:56,STABLE BEAMS,6800,14566.852866270,14228.059217925,60.1,HFET
391874:10611,165:165,05/10/25 08:43:19,STABLE BEAMS,6800,14556.406954439,14215.586346889,60.0,HFET
391874:10611,166:166,05/10/25 08:43:43,STABLE BEAMS,6800,14545.941095336,14004.549386224,60.0,HFET
391874:10611,167:167,05/10/25 08:44:06,STABLE BEAMS,6800,14536.514292866,14197.903951673,59.9,HFET
391874:10611,168:168,05/10/25 08:44:29,STABLE BEAMS,6800,14526.755744384,14186.863762977,59.9,HFET
391874:10611,169:169,05/10/25 08:44:53,STABLE BEAMS,6800,14510.990778205,14174.117214547,59.8,HFET
391874:10611,170:170,05/10/25 08:45:16,STABLE BEAMS,6800,14506.100835443,14168.313339499,59.8,HFET
391874:10611,171:171,05/10/25 08:45:39,STABLE BEAMS,6800,14490.858585874,14147.574003441,59.8,HFET
391874:10611,172:172,05/10/25 08:46:03,STABLE BEAMS,6800,14483.828153748,10162.254194648,59.7,HFET
391874:10611,174:174,05/10/25 08:46:49,STABLE BEAMS,6800,14461.540429849,1433.726431447,59.6,HFET
391874:10611,175:175,05/10/25 08:47:12,STABLE BEAMS,6800,14452.666264896,14118.624869378,59.6,HFET
391874:10611,176:176,05/10/25 08:47:36,STABLE BEAMS,6800,14435.357020212,14100.085285292,59.5,HFET
391874:10611,177:177,05/10/25 08:47:59,STABLE BEAMS,6800,14433.686763243,14099.496978448,59.5,HFET
391874:10611,178:178,05/10/25 08:48:22,STABLE BEAMS,6800,14427.706587653,14092.541135468,59.5,HFET
391874:10611,179:179,05/10/25 08:48:46,STABLE BEAMS,6800,14415.024047150,14082.857343472,59.4,HFET
391874:10611,180:180,05/10/25 08:49:09,STABLE BEAMS,6800,14405.392703398,14071.968680442,59.4,HFET
391874:10611,181:181,05/10/25 08:49:32,STABLE BEAMS,6800,14394.689766071,13860.520727209,59.4,HFET
391874:10611,182:182,05/10/25 08:49:56,STABLE BEAMS,6800,14382.582262889,14050.679699456,59.3,HFET
391874:10611,183:183,05/10/25 08:50:19,STABLE BEAMS,6800,14375.138905897,14042.361765796,59.3,HFET
391874:10611,184:184,05/10/25 08:50:42,STABLE BEAMS,6800,14365.142052923,14034.072929263,59.2,HFET
391874:10611,185:185,05/10/25 08:51:06,STABLE BEAMS,6800,14365.457693967,14032.739548108,59.2,HFET
391874:10611,186:186,05/10/25 08:51:29,STABLE BEAMS,6800,14362.405270949,14030.244228047,59.2,HFET
391874:10611,187:187,05/10/25 08:51:52,STABLE BEAMS,6800,14360.103731894,14028.876827470,59.2,HFET
391874:10611,188:188,05/10/25 08:52:15,STABLE BEAMS,6800,14360.835976604,14028.258177049,59.2,HFET
391874:10611,189:189,05/10/25 08:52:39,STABLE BEAMS,6800,14353.471182430,14023.043217897,59.2,HFET
391874:10611,190:190,05/10/25 08:53:02,STABLE BEAMS,6800,14349.137637737,14018.640785021,59.2,HFET
391874:10611,191:191,05/10/25 08:53:25,STABLE BEAMS,6800,14340.541671818,14009.147240133,59.1,HFET
391874:10611,192:192,05/10/25 08:53:49,STABLE BEAMS,6800,14333.420087203,14003.893351856,59.1,HFET
391874:10611,193:193,05/10/25 08:54:12,STABLE BEAMS,6800,14332.651708502,14002.581874692,59.1,HFET
391874:10611,194:194,05/10/25 08:54:35,STABLE BEAMS,6800,14320.246059014,13784.102473491,59.1,HFET
391874:10611,195:195,05/10/25 08:54:59,STABLE BEAMS,6800,14307.373937682,13979.078825313,59.0,HFET
391874:10611,196:196,05/10/25 08:55:22,STABLE BEAMS,6800,14301.652013855,13970.965333092,59.0,HFET
391874:10611,197:197,05/10/25 08:55:45,STABLE BEAMS,6800,14289.419758476,13960.775693010,58.9,HFET
391874:10611,198:198,05/10/25 08:56:09,STABLE BEAMS,6800,14282.973111041,13954.608364778,58.9,HFET
391874:10611,199:199,05/10/25 08:56:32,STABLE BEAMS,6800,14278.173012752,13948.774070707,58.9,HFET
391874:10611,200:200,05/10/25 08:56:55,STABLE BEAMS,6800,14271.705110028,13944.073950095,58.9,HFET
391874:10611,201:201,05/10/25 08:57:19,STABLE BEAMS,6800,14266.604412900,13938.376952261,58.8,HFET
391874:10611,202:202,05/10/25 08:57:42,STABLE BEAMS,6800,14258.786799318,13931.990977899,58.8,HFET
391874:10611,203:203,05/10/25 08:58:05,STABLE BEAMS,6800,14250.967959469,13923.812855945,58.8,HFET
391874:10611,204:204,05/10/25 08:58:28,STABLE BEAMS,6800,14246.323760550,13918.656906521,58.8,HFET
391874:10611,205:205,05/10/25 08:58:52,STABLE BEAMS,6800,14234.825057899,10301.223878445,58.7,HFET
391874:10611,207:207,05/10/25 08:59:38,STABLE BEAMS,6800,14223.046848196,1265.540694600,58.7,HFET
391874:10611,208:208,05/10/25 09:00:02,STABLE BEAMS,6800,14212.029659594,13887.580986152,58.6,HFET
391874:10611,209:209,05/10/25 09:00:25,STABLE BEAMS,6800,14207.925590272,13683.136358218,58.6,HFET
391874:10611,210:210,05/10/25 09:00:48,STABLE BEAMS,6800,14197.942471486,13873.731219928,58.6,HFET
391874:10611,211:211,05/10/25 09:01:12,STABLE BEAMS,6800,14189.653399241,13865.239362151,58.5,HFET
391874:10611,212:212,05/10/25 09:01:35,STABLE BEAMS,6800,14185.959720501,13860.111973651,58.5,HFET
391874:10611,213:213,05/10/25 09:01:58,STABLE BEAMS,6800,14189.284129468,13865.501718315,58.5,HFET
391874:10611,214:214,05/10/25 09:02:22,STABLE BEAMS,6800,14166.189358591,13840.977561855,58.4,HFET
391874:10611,215:215,05/10/25 09:02:45,STABLE BEAMS,6800,14154.214046958,13831.104949456,58.4,HFET
391874:10611,216:216,05/10/25 09:03:08,STABLE BEAMS,6800,14142.327353529,13820.026902237,58.3,HFET
391874:10611,217:217,05/10/25 09:03:31,STABLE BEAMS,6800,14138.576367259,13815.559679195,58.3,HFET
391874:10611,218:218,05/10/25 09:03:55,STABLE BEAMS,6800,14125.492183543,13804.400402762,58.3,HFET
391874:10611,219:219,05/10/25 09:04:18,STABLE BEAMS,6800,14116.042899517,13793.567209933,58.2,HFET
391874:10611,220:220,05/10/25 09:04:41,STABLE BEAMS,6800,14108.144270583,13787.304298449,58.2,HFET
391874:10611,221:221,05/10/25 09:05:05,STABLE BEAMS,6800,14100.312922814,13780.164216667,58.1,HFET
391874:10611,222:222,05/10/25 09:05:28,STABLE BEAMS,6800,14089.512783415,13570.398823736,58.1,HFET
391874:10611,223:223,05/10/25 09:05:51,STABLE BEAMS,6800,14084.242370978,13763.798580086,58.1,HFET
391874:10611,224:224,05/10/25 09:06:15,STABLE BEAMS,6800,14076.283818479,13755.324484490,58.1,HFET
391874:10611,225:225,05/10/25 09:06:38,STABLE BEAMS,6800,14069.673750571,13750.349096403,58.0,HFET
391874:10611,226:226,05/10/25 09:07:01,STABLE BEAMS,6800,14064.385925148,13744.985512591,58.0,HFET
391874:10611,227:227,05/10/25 09:07:25,STABLE BEAMS,6800,14060.789611982,13739.345663036,58.0,HFET
391874:10611,228:228,05/10/25 09:07:48,STABLE BEAMS,6800,14055.147477240,13736.435068346,58.0,HFET
391874:10611,229:229,05/10/25 09:08:11,STABLE BEAMS,6800,14074.544890577,13754.442906717,58.0,HFET
391874:10611,230:230,05/10/25 09:08:35,STABLE BEAMS,6800,14379.209293761,14046.626276853,59.3,HFET
391874:10611,231:231,05/10/25 09:08:58,STABLE BEAMS,6800,14649.081731717,14306.184139203,60.4,HFET
391874:10611,232:232,05/10/25 09:09:21,STABLE BEAMS,6800,14678.235241003,14333.694280180,60.5,HFET
391874:10611,233:233,05/10/25 09:09:45,STABLE BEAMS,6800,14669.813895459,14326.020379973,60.5,HFET
391874:10611,234:234,05/10/25 09:10:08,STABLE BEAMS,6800,14655.456111169,14311.621329336,60.4,HFET
391874:10611,235:235,05/10/25 09:10:31,STABLE BEAMS,6800,14642.238346136,14095.053970628,60.4,HFET
391874:10611,236:236,05/10/25 09:10:54,STABLE BEAMS,6800,14625.472991600,14282.337127934,60.3,HFET
391874:10611,237:237,05/10/25 09:11:18,STABLE BEAMS,6800,14612.056980120,14269.888187957,60.3,HFET
391874:10611,238:238,05/10/25 09:11:41,STABLE BEAMS,6800,14593.659955140,10814.537843336,60.2,HFET
391874:10611,240:240,05/10/25 09:12:28,STABLE BEAMS,6800,14561.841931863,2410.636453026,60.1,HFET
391874:10611,241:241,05/10/25 09:12:51,STABLE BEAMS,6800,14549.523674315,14211.710579923,60.0,HFET
391874:10611,242:242,05/10/25 09:13:14,STABLE BEAMS,6800,14533.878473515,14194.344291972,59.9,HFET
391874:10611,243:243,05/10/25 09:13:38,STABLE BEAMS,6800,14526.534934630,14188.778594341,59.9,HFET
391874:10611,244:244,05/10/25 09:14:01,STABLE BEAMS,6800,14517.019595706,14179.095335833,59.9,HFET
391874:10611,245:245,05/10/25 09:14:24,STABLE BEAMS,6800,14504.224729175,14166.182579739,59.8,HFET
391874:10611,246:246,05/10/25 09:14:47,STABLE BEAMS,6800,14506.225587640,14169.764785299,59.8,HFET
391874:10611,247:247,05/10/25 09:15:11,STABLE BEAMS,6800,14505.815197058,14167.735251252,59.8,HFET
391874:10611,248:248,05/10/25 09:15:34,STABLE BEAMS,6800,14492.565058585,14154.543660972,59.8,HFET
391874:10611,249:249,05/10/25 09:15:57,STABLE BEAMS,6800,14491.151745361,14155.299016050,59.8,HFET
391874:10611,250:250,05/10/25 09:16:21,STABLE BEAMS,6800,14485.046899325,13943.870472578,59.7,HFET
391874:10611,251:251,05/10/25 09:16:44,STABLE BEAMS,6800,14480.900401176,14144.373042590,59.7,HFET
391874:10611,252:252,05/10/25 09:17:07,STABLE BEAMS,6800,14473.079108794,14137.636287985,59.7,HFET
391874:10611,253:253,05/10/25 09:17:31,STABLE BEAMS,6800,14486.442717811,14148.904643341,59.7,HFET
391874:10611,254:254,05/10/25 09:17:54,STABLE BEAMS,6800,14462.746667506,14126.684454560,59.6,HFET
391874:10611,255:255,05/10/25 09:18:17,STABLE BEAMS,6800,14462.111788370,14125.037754974,59.6,HFET
391874:10611,256:256,05/10/25 09:18:41,STABLE BEAMS,6800,14447.697759316,14113.324342631,59.6,HFET
391874:10611,257:257,05/10/25 09:19:04,STABLE BEAMS,6800,14446.779694329,14113.820912647,59.6,HFET
391874:10611,258:258,05/10/25 09:19:27,STABLE BEAMS,6800,14440.743355725,14105.967351326,59.6,HFET
391874:10611,259:259,05/10/25 09:19:51,STABLE BEAMS,6800,14439.660643998,14105.325846081,59.5,HFET
391874:10611,260:260,05/10/25 09:20:14,STABLE BEAMS,6800,14431.682144227,14096.802258172,59.5,HFET
391874:10611,261:261,05/10/25 09:20:37,STABLE BEAMS,6800,14425.269096499,14092.243139269,59.5,HFET
391874:10611,262:262,05/10/25 09:21:00,STABLE BEAMS,6800,14419.390047035,14085.356595539,59.5,HFET
391874:10611,263:263,05/10/25 09:21:24,STABLE BEAMS,6800,14412.154991876,13876.731578489,59.4,HFET
391874:10611,264:264,05/10/25 09:21:47,STABLE BEAMS,6800,14403.257119101,14071.000696845,59.4,HFET
391874:10611,265:265,05/10/25 09:22:10,STABLE BEAMS,6800,14397.970519944,14066.389740958,59.4,HFET
391874:10611,266:266,05/10/25 09:22:34,STABLE BEAMS,6800,14387.621891936,14052.774258564,59.3,HFET
391874:10611,267:267,05/10/25 09:22:57,STABLE BEAMS,6800,14384.483384997,14054.118605876,59.3,HFET
391874:10611,268:268,05/10/25 09:23:20,STABLE BEAMS,6800,14374.471571570,14042.482755007,59.3,HFET
391874:10611,269:269,05/10/25 09:23:44,STABLE BEAMS,6800,14370.110558503,14038.661725356,59.3,HFET
391874:10611,270:270,05/10/25 09:24:07,STABLE BEAMS,6800,14365.508788412,14033.895814505,59.2,HFET
391874:10611,271:271,05/10/25 09:24:30,STABLE BEAMS,6800,14352.499406963,9877.705287111,59.2,HFET
391874:10611,273:273,05/10/25 09:25:17,STABLE BEAMS,6800,14341.341279444,3111.011203836,59.1,HFET
391874:10611,274:274,05/10/25 09:25:40,STABLE BEAMS,6800,14333.241706276,14003.249886157,59.1,HFET
391874:10611,275:275,05/10/25 09:26:04,STABLE BEAMS,6800,14321.447309853,13991.482653265,59.1,HFET
391874:10611,276:276,05/10/25 09:26:27,STABLE BEAMS,6800,14297.950895764,13967.926908599,59.0,HFET
391874:10611,277:277,05/10/25 09:26:50,STABLE BEAMS,6800,14324.684408633,13994.729377283,59.1,HFET
391874:10611,278:278,05/10/25 09:27:13,STABLE BEAMS,6800,14307.897798808,13771.006165729,59.0,HFET
391874:10611,279:279,05/10/25 09:27:37,STABLE BEAMS,6800,14299.351782818,13971.071936186,59.0,HFET
391874:10611,280:280,05/10/25 09:28:00,STABLE BEAMS,6800,14279.910632637,13951.659009504,58.9,HFET
391874:10611,281:281,05/10/25 09:28:23,STABLE BEAMS,6800,14289.443466299,13959.482526331,58.9,HFET
391874:10611,282:282,05/10/25 09:28:47,STABLE BEAMS,6800,14274.105159173,13946.320287964,58.9,HFET
391874:10611,283:283,05/10/25 09:29:10,STABLE BEAMS,6800,14264.329115953,13935.907704491,58.8,HFET
391874:10611,284:284,05/10/25 09:29:33,STABLE BEAMS,6800,14261.778154255,13932.553054912,58.8,HFET
391874:10611,285:285,05/10/25 09:29:57,STABLE BEAMS,6800,14249.096840019,13922.392360721,58.8,HFET
391874:10611,286:286,05/10/25 09:30:20,STABLE BEAMS,6800,14243.832722418,13915.405179081,58.7,HFET
391874:10611,287:287,05/10/25 09:30:43,STABLE BEAMS,6800,14235.221714294,13910.192225087,58.7,HFET
391874:10611,288:288,05/10/25 09:31:07,STABLE BEAMS,6800,14226.839037026,13900.828978941,58.7,HFET
391874:10611,289:289,05/10/25 09:31:30,STABLE BEAMS,6800,14216.802289510,13889.826904632,58.6,HFET
391874:10611,290:290,05/10/25 09:31:53,STABLE BEAMS,6800,14209.584729089,13685.326079193,58.6,HFET
391874:10611,291:291,05/10/25 09:32:17,STABLE BEAMS,6800,14207.304363573,13879.673663013,58.6,HFET
391874:10611,292:292,05/10/25 09:32:40,STABLE BEAMS,6800,14188.775147045,13864.656945194,58.5,HFET
391874:10611,293:293,05/10/25 09:33:03,STABLE BEAMS,6800,14176.062685635,13852.477487271,58.5,HFET
391874:10611,294:294,05/10/25 09:33:26,STABLE BEAMS,6800,14171.901308783,13848.246723077,58.4,HFET
391874:10611,295:295,05/10/25 09:33:50,STABLE BEAMS,6800,14161.076153543,13837.826472382,58.4,HFET
391874:10611,296:296,05/10/25 09:34:13,STABLE BEAMS,6800,14162.196307279,13838.907919927,58.4,HFET
391874:10611,297:297,05/10/25 09:34:36,STABLE BEAMS,6800,14155.189582976,13829.930419392,58.4,HFET
391874:10611,298:298,05/10/25 09:35:00,STABLE BEAMS,6800,14150.506715782,13827.100750711,58.4,HFET
391874:10611,299:299,05/10/25 09:35:23,STABLE BEAMS,6800,14143.153203262,13818.931048979,58.3,HFET
391874:10611,300:300,05/10/25 09:35:46,STABLE BEAMS,6800,14149.335385850,13826.090391991,58.4,HFET
391874:10611,301:301,05/10/25 09:36:10,STABLE BEAMS,6800,14118.053813369,13796.861863053,58.2,HFET
391874:10611,302:302,05/10/25 09:36:33,STABLE BEAMS,6800,14110.604161542,13787.511483611,58.2,HFET
391874:10611,303:303,05/10/25 09:36:56,STABLE BEAMS,6800,14096.785198831,13578.505681233,58.1,HFET
391874:10611,304:304,05/10/25 09:37:20,STABLE BEAMS,6800,14091.911524541,9775.980471372,58.1,HFET
391874:10611,306:306,05/10/25 09:38:06,STABLE BEAMS,6800,14074.014734616,2499.624239497,58.0,HFET
391874:10611,307:307,05/10/25 09:38:29,STABLE BEAMS,6800,14143.578554297,13819.024377794,58.3,HFET
391874:10611,308:308,05/10/25 09:38:53,STABLE BEAMS,6800,14544.470392832,14207.556640307,60.0,HFET
391874:10611,309:309,05/10/25 09:39:16,STABLE BEAMS,6800,14810.086622647,14459.674009133,61.1,HFET
391874:10611,310:310,05/10/25 09:39:39,STABLE BEAMS,6800,14808.105711453,14458.589582162,61.1,HFET
391874:10611,311:311,05/10/25 09:40:03,STABLE BEAMS,6800,14794.718394614,14446.706490258,61.0,HFET
391874:10611,312:312,05/10/25 09:40:26,STABLE BEAMS,6800,14795.188627010,14444.356683988,61.0,HFET
391874:10611,313:313,05/10/25 09:40:49,STABLE BEAMS,6800,14790.417223361,14440.693391696,61.0,HFET
391874:10611,314:314,05/10/25 09:41:13,STABLE BEAMS,6800,14786.476656263,14437.999292432,61.0,HFET
391874:10611,315:315,05/10/25 09:41:36,STABLE BEAMS,6800,14781.278675312,14433.119624423,61.0,HFET
391874:10611,316:316,05/10/25 09:41:59,STABLE BEAMS,6800,14767.382376050,14420.592801590,60.9,HFET
391874:10611,317:317,05/10/25 09:42:23,STABLE BEAMS,6800,14761.015517700,14412.121593887,60.9,HFET
391874:10611,318:318,05/10/25 09:42:46,STABLE BEAMS,6800,14761.030478153,14207.347686379,60.9,HFET
391874:10611,319:319,05/10/25 09:43:09,STABLE BEAMS,6800,14754.351739312,14407.010232070,60.8,HFET
391874:10611,320:320,05/10/25 09:43:33,STABLE BEAMS,6800,14744.757837569,14397.048546254,60.8,HFET
391874:10611,321:321,05/10/25 09:43:56,STABLE BEAMS,6800,14733.022056693,14386.477361620,60.8,HFET
391874:10611,322:322,05/10/25 09:44:19,STABLE BEAMS,6800,14725.329195307,14377.781270297,60.7,HFET
391874:10611,323:323,05/10/25 09:44:42,STABLE BEAMS,6800,14716.351533447,14371.031932656,60.7,HFET
391874:10611,324:324,05/10/25 09:45:06,STABLE BEAMS,6800,14706.515566661,14361.783833952,60.6,HFET
391874:10611,325:325,05/10/25 09:45:29,STABLE BEAMS,6800,14693.700834610,14348.015900133,60.6,HFET
391874:10611,326:326,05/10/25 09:45:52,STABLE BEAMS,6800,14684.709356811,14340.987658677,60.6,HFET
391874:10611,327:327,05/10/25 09:46:16,STABLE BEAMS,6800,14673.400234989,14328.885770193,60.5,HFET
391874:10611,328:328,05/10/25 09:46:39,STABLE BEAMS,6800,14662.925628517,14319.325306881,60.5,HFET
391874:10611,329:329,05/10/25 09:47:02,STABLE BEAMS,6800,14658.626991548,14315.586815603,60.5,HFET
391874:10611,330:330,05/10/25 09:47:26,STABLE BEAMS,6800,14644.118212955,14299.535607952,60.4,HFET
391874:10611,331:331,05/10/25 09:47:49,STABLE BEAMS,6800,14631.360870185,14084.571652493,60.3,HFET
391874:10611,332:332,05/10/25 09:48:12,STABLE BEAMS,6800,14631.411964630,14289.468759076,60.3,HFET
391874:10611,333:333,05/10/25 09:48:36,STABLE BEAMS,6800,14619.623863042,14277.151279453,60.3,HFET
391874:10611,334:334,05/10/25 09:48:59,STABLE BEAMS,6800,14615.719429935,14274.139973242,60.3,HFET
391874:10611,335:335,05/10/25 09:49:22,STABLE BEAMS,6800,14613.692329364,14264.897319775,60.3,HFET
391874:10611,336:336,05/10/25 09:49:45,STABLE BEAMS,6800,14598.974022671,14257.621836920,60.2,HFET
391874:10611,337:337,05/10/25 09:50:09,STABLE BEAMS,6800,14593.214656834,10682.346547267,60.2,HFET
391874:10611,339:339,05/10/25 09:50:55,STABLE BEAMS,6800,14570.237117052,2118.201387687,60.1,HFET
391874:10611,340:340,05/10/25 09:51:19,STABLE BEAMS,6800,14568.268713778,14228.059554720,60.1,HFET
391874:10611,341:341,05/10/25 09:51:42,STABLE BEAMS,6800,14551.866334179,14214.526201363,60.0,HFET
391874:10611,342:342,05/10/25 09:52:05,STABLE BEAMS,6800,14541.874468023,14203.935363016,60.0,HFET
391874:10611,343:343,05/10/25 09:52:29,STABLE BEAMS,6800,14534.745444057,14195.670553580,59.9,HFET
391874:10611,344:344,05/10/25 09:52:52,STABLE BEAMS,6800,14520.793063532,14184.286298497,59.9,HFET
391874:10611,345:345,05/10/25 09:53:15,STABLE BEAMS,6800,14515.150928789,14176.637160185,59.9,HFET
391874:10611,346:346,05/10/25 09:53:39,STABLE BEAMS,6800,14504.879637333,13965.213655811,59.8,HFET
391874:10611,347:347,05/10/25 09:54:02,STABLE BEAMS,6800,14503.355306100,14166.094529819,59.8,HFET
391874:10611,348:348,05/10/25 09:54:25,STABLE BEAMS,6800,14493.800072633,14156.706204089,59.8,HFET
391874:10611,349:349,05/10/25 09:54:49,STABLE BEAMS,6800,14483.283037334,14147.742598638,59.7,HFET
391874:10611,350:350,05/10/25 09:55:12,STABLE BEAMS,6800,14480.475050141,14143.974001658,59.7,HFET
391874:10611,351:351,05/10/25 09:55:35,STABLE BEAMS,6800,14474.760647415,14136.717984691,59.7,HFET
391874:10611,352:352,05/10/25 09:55:58,STABLE BEAMS,6800,14465.549667881,14130.390239255,59.7,HFET
391874:10611,353:353,05/10/25 09:56:22,STABLE BEAMS,6800,14460.569962399,14124.094642845,59.6,HFET
391874:10611,354:354,05/10/25 09:56:45,STABLE BEAMS,6800,14449.215877465,14114.294108520,59.6,HFET
391874:10611,355:355,05/10/25 09:57:08,STABLE BEAMS,6800,14448.009639808,14113.442804880,59.6,HFET
391874:10611,356:356,05/10/25 09:57:32,STABLE BEAMS,6800,14445.245307709,14108.363317309,59.6,HFET
391874:10611,357:357,05/10/25 09:57:55,STABLE BEAMS,6800,14427.465830629,14094.153399737,59.5,HFET
391874:10611,358:358,05/10/25 09:58:18,STABLE BEAMS,6800,14428.082070510,14092.672126314,59.5,HFET
391874:10611,359:359,05/10/25 09:58:42,STABLE BEAMS,6800,14415.030260235,13877.389664950,59.4,HFET
391874:10611,360:360,05/10/25 09:59:05,STABLE BEAMS,6800,14406.078758729,14072.183601350,59.4,HFET
391874:10611,361:361,05/10/25 09:59:28,STABLE BEAMS,6800,14400.303206173,14064.952586944,59.4,HFET
391874:10611,362:362,05/10/25 09:59:52,STABLE BEAMS,6800,14391.163350106,14059.031615247,59.3,HFET
391874:10611,363:363,05/10/25 10:00:15,STABLE BEAMS,6800,14384.026805037,14051.180341341,59.3,HFET
391874:10611,364:364,05/10/25 10:00:38,STABLE BEAMS,6800,14378.311094294,14046.917712591,59.3,HFET
391874:10611,365:365,05/10/25 10:01:02,STABLE BEAMS,6800,14370.497241263,14038.972090149,59.3,HFET
391874:10611,366:366,05/10/25 10:01:25,STABLE BEAMS,6800,14356.527366000,14023.721475181,59.2,HFET
391874:10611,367:367,05/10/25 10:01:48,STABLE BEAMS,6800,14343.344590442,14013.375262527,59.2,HFET
391874:10611,368:368,05/10/25 10:02:11,STABLE BEAMS,6800,14338.018096743,14007.483929012,59.1,HFET
391874:10611,369:369,05/10/25 10:02:35,STABLE BEAMS,6800,14328.835811849,13998.341202386,59.1,HFET
391874:10611,370:370,05/10/25 10:02:58,STABLE BEAMS,6800,14320.278514206,10084.671730073,59.1,HFET
391874:10611,372:372,05/10/25 10:03:45,STABLE BEAMS,6800,14309.343567223,2908.396974988,59.0,HFET
391874:10611,373:373,05/10/25 10:04:08,STABLE BEAMS,6800,14298.757942741,13969.706733204,59.0,HFET
391874:10611,374:374,05/10/25 10:04:31,STABLE BEAMS,6800,14293.658471880,13763.464031169,58.9,HFET
391874:10611,375:375,05/10/25 10:04:55,STABLE BEAMS,6800,14282.310681781,13953.517216241,58.9,HFET
391874:10611,376:376,05/10/25 10:05:18,STABLE BEAMS,6800,14273.449024748,13944.545365078,58.9,HFET
391874:10611,377:377,05/10/25 10:05:41,STABLE BEAMS,6800,14269.186521771,13940.909222822,58.8,HFET
391874:10611,378:378,05/10/25 10:06:05,STABLE BEAMS,6800,14256.330587159,13929.896063654,58.8,HFET
391874:10611,379:379,05/10/25 10:06:28,STABLE BEAMS,6800,14251.021588198,13922.610489563,58.8,HFET
391874:10611,380:380,05/10/25 10:06:51,STABLE BEAMS,6800,14240.170272603,13912.615587597,58.7,HFET
391874:10611,381:381,05/10/25 10:07:15,STABLE BEAMS,6800,14228.398357735,13901.657222919,58.7,HFET
391874:10611,382:382,05/10/25 10:07:38,STABLE BEAMS,6800,14216.072579085,13890.722554023,58.6,HFET
391874:10611,383:383,05/10/25 10:08:01,STABLE BEAMS,6800,14207.249508577,13881.919766393,58.6,HFET
391874:10611,384:384,05/10/25 10:08:24,STABLE BEAMS,6800,14200.275157714,13874.384064286,58.6,HFET
391874:10611,385:385,05/10/25 10:08:48,STABLE BEAMS,6800,14196.722499642,13871.633099811,58.5,HFET
391874:10611,386:386,05/10/25 10:09:11,STABLE BEAMS,6800,14180.534716712,13856.639830311,58.5,HFET
391874:10611,387:387,05/10/25 10:09:34,STABLE BEAMS,6800,14167.505387991,13641.425827396,58.4,HFET
391874:10611,388:388,05/10/25 10:09:58,STABLE BEAMS,6800,14164.606330060,13840.824088433,58.4,HFET
391874:10611,389:389,05/10/25 10:10:21,STABLE BEAMS,6800,14155.733473124,13831.425766475,58.4,HFET
391874:10611,390:390,05/10/25 10:10:44,STABLE BEAMS,6800,14130.171290187,13808.214171601,58.3,HFET
391874:10611,391:391,05/10/25 10:11:08,STABLE BEAMS,6800,14148.891313810,13825.080991272,58.3,HFET
391874:10611,392:392,05/10/25 10:11:31,STABLE BEAMS,6800,14525.586866985,14185.392772467,59.9,HFET
391874:10611,393:393,05/10/25 10:11:54,STABLE BEAMS,6800,14847.823671683,14496.820521717,61.2,HFET
391874:10611,394:394,05/10/25 10:12:18,STABLE BEAMS,6800,14860.178144974,14508.927387498,61.3,HFET
391874:10611,395:395,05/10/25 10:12:41,STABLE BEAMS,6800,14855.713634999,14501.931698919,61.3,HFET
391874:10611,396:396,05/10/25 10:13:04,STABLE BEAMS,6800,14847.504351839,14496.830993418,61.2,HFET
391874:10611,397:397,05/10/25 10:13:27,STABLE BEAMS,6800,14841.282192958,14489.621197819,61.2,HFET
391874:10611,398:398,05/10/25 10:13:51,STABLE BEAMS,6800,14835.041313072,14486.295027358,61.2,HFET
391874:10611,399:399,05/10/25 10:14:14,STABLE BEAMS,6800,14821.722585415,14470.874977026,61.1,HFET
391874:10611,400:400,05/10/25 10:14:37,STABLE BEAMS,6800,14817.619824111,14262.293349911,61.1,HFET
391874:10611,401:401,05/10/25 10:15:01,STABLE BEAMS,6800,14808.022161817,6524.261538396,61.1,HFET
391874:10611,403:403,05/10/25 10:15:47,STABLE BEAMS,6800,14795.071395915,5.118280974,61.0,HFET
391884:10611,6:6,05/10/25 10:27:44,STABLE BEAMS,6800,14405.805546513,14032.803739247,59.4,HFET
391884:10611,7:7,05/10/25 10:28:08,STABLE BEAMS,6800,14394.321804316,14033.307238786,59.4,HFET
391884:10611,8:8,05/10/25 10:28:31,STABLE BEAMS,6800,14374.853267512,14013.950546768,59.3,HFET
391884:10611,9:9,05/10/25 10:28:54,STABLE BEAMS,6800,14368.793302836,14009.102686811,59.3,HFET
391884:10611,10:10,05/10/25 10:29:18,STABLE BEAMS,6800,14376.977651907,14016.886484021,59.3,HFET
391884:10611,11:11,05/10/25 10:29:41,STABLE BEAMS,6800,14360.958194516,14000.464303672,59.2,HFET
391884:10611,12:12,05/10/25 10:30:04,STABLE BEAMS,6800,14349.105182546,13991.515515943,59.2,HFET
391884:10611,13:13,05/10/25 10:30:28,STABLE BEAMS,6800,14328.687351830,13755.237214387,59.1,HFET
391884:10611,14:14,05/10/25 10:30:51,STABLE BEAMS,6800,14329.054169069,13971.573420012,59.1,HFET
391884:10611,15:15,05/10/25 10:31:14,STABLE BEAMS,6800,14327.527303551,13969.441353601,59.1,HFET
391884:10611,16:16,05/10/25 10:31:38,STABLE BEAMS,6800,14324.411196417,13967.274457924,59.1,HFET
391884:10611,17:17,05/10/25 10:32:01,STABLE BEAMS,6800,14342.790726659,13984.185768455,59.1,HFET
391884:10611,18:18,05/10/25 10:32:24,STABLE BEAMS,6800,14342.643574657,13984.405302187,59.1,HFET
391884:10611,19:19,05/10/25 10:32:48,STABLE BEAMS,6800,14346.985866720,13988.713855298,59.2,HFET
391884:10611,20:20,05/10/25 10:33:11,STABLE BEAMS,6800,14355.398464895,13997.036994410,59.2,HFET
391884:10611,21:21,05/10/25 10:33:34,STABLE BEAMS,6800,14353.094473307,13986.493264517,59.2,HFET
391884:10611,22:22,05/10/25 10:33:57,STABLE BEAMS,6800,14352.409644242,13994.221938904,59.2,HFET
391884:10611,23:23,05/10/25 10:34:21,STABLE BEAMS,6800,14344.735503861,13986.737075650,59.2,HFET
391884:10611,24:24,05/10/25 10:34:44,STABLE BEAMS,6800,14346.147590818,13987.449831116,59.2,HFET
391884:10611,25:25,05/10/25 10:35:07,STABLE BEAMS,6800,14337.802273808,13978.985727373,59.1,HFET
391884:10611,26:26,05/10/25 10:35:31,STABLE BEAMS,6800,14326.727695925,13766.825494111,59.1,HFET
391884:10611,27:27,05/10/25 10:35:54,STABLE BEAMS,6800,14314.520374636,13958.071505326,59.0,HFET
391884:10611,28:28,05/10/25 10:36:17,STABLE BEAMS,6800,14320.876033083,13962.974749834,59.1,HFET
391884:10611,29:29,05/10/25 10:36:41,STABLE BEAMS,6800,14310.093306670,13952.174563360,59.0,HFET
391884:10611,30:30,05/10/25 10:37:04,STABLE BEAMS,6800,14297.035283310,13940.883974774,59.0,HFET
391884:10611,31:31,05/10/25 10:37:27,STABLE BEAMS,6800,14293.074687189,13937.400778364,58.9,HFET
391884:10611,32:32,05/10/25 10:37:50,STABLE BEAMS,6800,14283.942352225,13928.167272098,58.9,HFET
391884:10611,33:33,05/10/25 10:38:14,STABLE BEAMS,6800,14272.128008530,13918.359967584,58.9,HFET
391884:10611,34:34,05/10/25 10:38:37,STABLE BEAMS,6800,14264.002275007,13908.259135200,58.8,HFET
391884:10611,35:35,05/10/25 10:39:00,STABLE BEAMS,6800,14251.757593459,13896.319835086,58.8,HFET
391884:10611,36:36,05/10/25 10:39:24,STABLE BEAMS,6800,14239.062545036,13886.420203143,58.7,HFET
391884:10611,37:37,05/10/25 10:39:47,STABLE BEAMS,6800,14251.223676947,13894.925003071,58.8,HFET
391884:10611,38:38,05/10/25 10:40:10,STABLE BEAMS,6800,14217.615631323,13864.305397645,58.6,HFET
391884:10611,39:39,05/10/25 10:40:34,STABLE BEAMS,6800,14211.222530866,13658.915649964,58.6,HFET
391884:10611,40:40,05/10/25 10:40:57,STABLE BEAMS,6800,14203.619513953,13851.901828957,58.6,HFET
391884:10611,41:41,05/10/25 10:41:20,STABLE BEAMS,6800,14190.213476109,13839.157648476,58.5,HFET
391884:10611,42:42,05/10/25 10:41:44,STABLE BEAMS,6800,14192.770650890,13841.252085166,58.5,HFET
391884:10611,43:43,05/10/25 10:42:07,STABLE BEAMS,6800,14182.627872182,13831.506022351,58.5,HFET
391884:10611,44:44,05/10/25 10:42:30,STABLE BEAMS,6800,14181.649883630,13828.304957978,58.5,HFET
391884:10611,45:45,05/10/25 10:42:54,STABLE BEAMS,6800,14182.581764555,13832.416616175,58.5,HFET
391884:10611,46:46,05/10/25 10:43:17,STABLE BEAMS,6800,14173.118746342,13823.420319207,58.4,HFET
391884:10611,47:47,05/10/25 10:43:40,STABLE BEAMS,6800,14153.862271923,13802.422340204,58.4,HFET
391884:10611,48:48,05/10/25 10:44:04,STABLE BEAMS,6800,14159.984694448,13808.981063640,58.4,HFET
391884:10611,49:49,05/10/25 10:44:27,STABLE BEAMS,6800,14161.525212401,13809.411714088,58.4,HFET
391884:10611,50:50,05/10/25 10:44:50,STABLE BEAMS,6800,14149.536248332,13800.712885878,58.4,HFET
391884:10611,51:51,05/10/25 10:45:13,STABLE BEAMS,6800,14148.815203524,13798.898049016,58.3,HFET
391884:10611,52:52,05/10/25 10:45:37,STABLE BEAMS,6800,14137.448692421,13589.292334477,58.3,HFET
391884:10611,53:53,05/10/25 10:46:00,STABLE BEAMS,6800,14132.533897322,13783.413546917,58.3,HFET
391884:10611,54:54,05/10/25 10:46:23,STABLE BEAMS,6800,14245.501753120,13889.963003288,58.7,HFET
391884:10611,55:55,05/10/25 10:46:47,STABLE BEAMS,6800,14727.519716352,14352.131740968,60.7,HFET
391884:10611,56:56,05/10/25 10:47:10,STABLE BEAMS,6800,14817.539953275,14437.141999066,61.1,HFET
391884:10611,57:57,05/10/25 10:47:33,STABLE BEAMS,6800,14804.693992299,14425.121139079,61.1,HFET
391884:10611,58:58,05/10/25 10:47:57,STABLE BEAMS,6800,14809.944457463,14430.191941825,61.1,HFET
391884:10611,59:59,05/10/25 10:48:20,STABLE BEAMS,6800,14793.202728999,14415.086662475,61.0,HFET
391884:10611,60:60,05/10/25 10:48:43,STABLE BEAMS,6800,14782.284050487,14403.464043350,61.0,HFET
391884:10611,61:61,05/10/25 10:49:07,STABLE BEAMS,6800,14776.562126659,14400.685084495,60.9,HFET
391884:10611,62:62,05/10/25 10:49:30,STABLE BEAMS,6800,14762.370215376,14383.632869654,60.9,HFET
391884:10611,63:63,05/10/25 10:49:53,STABLE BEAMS,6800,14752.974641831,14377.727280592,60.8,HFET
391884:10611,64:64,05/10/25 10:50:17,STABLE BEAMS,6800,14739.407636047,14363.838218597,60.8,HFET
391884:10611,65:65,05/10/25 10:50:40,STABLE BEAMS,6800,14681.099309459,14101.490209010,60.5,HFET
391884:10611,66:66,05/10/25 10:51:03,STABLE BEAMS,6800,14613.739745008,14245.584344266,60.3,HFET
391884:10611,67:67,05/10/25 10:51:26,STABLE BEAMS,6800,14599.153629863,14228.265028369,60.2,HFET
391884:10611,68:68,05/10/25 10:51:50,STABLE BEAMS,6800,14581.699685711,14210.261509245,60.1,HFET
391884:10611,69:69,05/10/25 10:52:13,STABLE BEAMS,6800,14565.666575885,14198.418905442,60.1,HFET
391884:10611,70:70,05/10/25 10:52:36,STABLE BEAMS,6800,14547.512842214,14178.850331846,60.0,HFET
391884:10611,71:71,05/10/25 10:53:00,STABLE BEAMS,6800,14533.174923445,14167.840270150,59.9,HFET
391884:10611,72:72,05/10/25 10:53:23,STABLE BEAMS,6800,14524.161045842,14157.834824401,59.9,HFET
391884:10611,73:73,05/10/25 10:53:46,STABLE BEAMS,6800,14513.256101517,14146.945324341,59.9,HFET
391884:10611,74:74,05/10/25 10:54:10,STABLE BEAMS,6800,14486.291805258,14121.670459976,59.7,HFET
391884:10611,75:75,05/10/25 10:54:33,STABLE BEAMS,6800,14499.125258314,14132.008121580,59.8,HFET
391884:10611,76:76,05/10/25 10:54:56,STABLE BEAMS,6800,14499.382283810,14134.119787163,59.8,HFET
391884:10611,77:77,05/10/25 10:55:20,STABLE BEAMS,6800,14481.184813295,14116.181407807,59.7,HFET
391884:10611,78:78,05/10/25 10:55:43,STABLE BEAMS,6800,14480.297895481,13911.690385453,59.7,HFET
391884:10611,79:79,05/10/25 10:56:06,STABLE BEAMS,6800,14464.963348906,14102.399269666,59.7,HFET
391884:10611,80:80,05/10/25 10:56:29,STABLE BEAMS,6800,14460.441449651,14096.282164314,59.6,HFET
391884:10611,81:81,05/10/25 10:56:53,STABLE BEAMS,6800,14445.846587137,14082.427944887,59.6,HFET
391884:10611,82:82,05/10/25 10:57:16,STABLE BEAMS,6800,14428.603479103,14066.892762213,59.5,HFET
391884:10611,83:83,05/10/25 10:57:39,STABLE BEAMS,6800,14417.405375290,14054.425770703,59.5,HFET
391884:10611,84:84,05/10/25 10:58:03,STABLE BEAMS,6800,14405.193067183,14044.254123857,59.4,HFET
391884:10611,85:85,05/10/25 10:58:26,STABLE BEAMS,6800,14391.699719151,14029.060866024,59.4,HFET
391884:10611,86:86,05/10/25 10:58:49,STABLE BEAMS,6800,14373.229118171,14014.961938742,59.3,HFET
391884:10611,87:87,05/10/25 10:59:13,STABLE BEAMS,6800,14366.858499270,14007.871758671,59.2,HFET
391884:10611,88:88,05/10/25 10:59:36,STABLE BEAMS,6800,14357.951960876,13996.740793722,59.2,HFET
391884:10611,89:89,05/10/25 10:59:59,STABLE BEAMS,6800,14342.612345732,13984.187072619,59.1,HFET
391884:10611,90:90,05/10/25 11:00:23,STABLE BEAMS,6800,14334.052595556,13977.032366592,59.1,HFET
391884:10611,91:91,05/10/25 11:00:46,STABLE BEAMS,6800,14333.017217723,13773.779488114,59.1,HFET
391884:10611,92:92,05/10/25 11:01:09,STABLE BEAMS,6800,14323.508091883,13965.571310662,59.1,HFET
391884:10611,93:93,05/10/25 11:01:33,STABLE BEAMS,6800,14312.988604051,13954.189513644,59.0,HFET
391884:10611,94:94,05/10/25 11:01:56,STABLE BEAMS,6800,14310.403879145,13954.834301447,59.0,HFET
391884:10611,95:95,05/10/25 11:02:19,STABLE BEAMS,6800,14305.598875789,13947.538847164,59.0,HFET
391884:10611,96:96,05/10/25 11:02:42,STABLE BEAMS,6800,14307.059604657,13949.170264123,59.0,HFET
391884:10611,97:97,05/10/25 11:03:06,STABLE BEAMS,6800,14262.441728031,13907.106614435,58.8,HFET
391884:10611,98:98,05/10/25 11:03:29,STABLE BEAMS,6800,14296.019852748,13939.648459708,59.0,HFET
391884:10611,99:99,05/10/25 11:03:52,STABLE BEAMS,6800,14306.306104658,13950.670197761,59.0,HFET
391884:10611,100:100,05/10/25 11:04:16,STABLE BEAMS,6800,14282.838385209,13927.439818836,58.9,HFET
391884:10611,101:101,05/10/25 11:04:39,STABLE BEAMS,6800,14278.749276340,13921.984000902,58.9,HFET
391884:10611,102:102,05/10/25 11:05:02,STABLE BEAMS,6800,14267.018564033,13911.086220422,58.8,HFET
391884:10611,103:103,05/10/25 11:05:26,STABLE BEAMS,6800,14274.266045361,13918.595874076,58.9,HFET
391884:10611,104:104,05/10/25 11:05:49,STABLE BEAMS,6800,14265.330812327,13711.188737352,58.8,HFET
391884:10611,105:105,05/10/25 11:06:12,STABLE BEAMS,6800,14261.381416109,13906.527785592,58.8,HFET
391884:10611,106:106,05/10/25 11:06:36,STABLE BEAMS,6800,14252.192918130,13896.055891945,58.8,HFET
391884:10611,107:107,05/10/25 11:06:59,STABLE BEAMS,6800,14249.892687093,13895.964726625,58.8,HFET
391884:10611,108:108,05/10/25 11:07:22,STABLE BEAMS,6800,14243.362408271,13889.424832750,58.7,HFET
391884:10611,109:109,05/10/25 11:07:45,STABLE BEAMS,6800,14230.077362073,13874.285373199,58.7,HFET
391884:10611,110:110,05/10/25 11:08:09,STABLE BEAMS,6800,14228.554257106,13875.792218127,58.7,HFET
391884:10611,111:111,05/10/25 11:08:32,STABLE BEAMS,6800,14209.643344637,13856.280682087,58.6,HFET
391884:10611,112:112,05/10/25 11:08:55,STABLE BEAMS,6800,14207.338045031,13855.247028458,58.6,HFET
391884:10611,113:113,05/10/25 11:09:19,STABLE BEAMS,6800,14219.928288529,13867.021664668,58.6,HFET
391884:10611,114:114,05/10/25 11:09:42,STABLE BEAMS,6800,14184.039959139,13831.493889970,58.5,HFET
391884:10611,115:115,05/10/25 11:10:05,STABLE BEAMS,6800,14189.970184799,13839.820109528,58.5,HFET
391884:10611,116:116,05/10/25 11:10:29,STABLE BEAMS,6800,14170.904599226,13818.113022330,58.4,HFET
391884:10611,117:117,05/10/25 11:10:52,STABLE BEAMS,6800,14158.145948438,13610.356353020,58.4,HFET
391884:10611,118:118,05/10/25 11:11:15,STABLE BEAMS,6800,14147.902125355,13798.529015740,58.3,HFET
391884:10611,119:119,05/10/25 11:11:39,STABLE BEAMS,6800,14122.192708665,13772.345762557,58.2,HFET
391884:10611,120:120,05/10/25 11:12:02,STABLE BEAMS,6800,14101.493000115,13754.780855215,58.2,HFET
391884:10611,121:121,05/10/25 11:12:25,STABLE BEAMS,6800,14098.373214181,13749.385250132,58.1,HFET
391884:10611,122:122,05/10/25 11:12:49,STABLE BEAMS,6800,14081.738824926,13736.245561016,58.1,HFET
391884:10611,123:123,05/10/25 11:13:12,STABLE BEAMS,6800,14046.277072838,13701.716859246,57.9,HFET
391884:10611,124:124,05/10/25 11:13:35,STABLE BEAMS,6800,14042.634570294,13694.793948132,57.9,HFET
391884:10611,125:125,05/10/25 11:13:58,STABLE BEAMS,6800,14024.987284762,13681.371526926,57.8,HFET
391884:10611,126:126,05/10/25 11:14:22,STABLE BEAMS,6800,14007.917570836,13663.553095762,57.8,HFET
391884:10611,127:127,05/10/25 11:14:45,STABLE BEAMS,6800,13997.673747753,13651.935391488,57.7,HFET
391884:10611,128:128,05/10/25 11:15:08,STABLE BEAMS,6800,13980.080090951,13637.926343111,57.7,HFET
391884:10611,129:129,05/10/25 11:15:32,STABLE BEAMS,6800,13969.100262607,13514.156370949,57.6,HFET
391884:10611,130:130,05/10/25 11:15:55,STABLE BEAMS,6800,13946.714028618,13541.667638024,57.5,HFET
391884:10611,131:131,05/10/25 11:16:18,STABLE BEAMS,6800,13956.233046342,13615.050740509,57.6,HFET
391884:10611,132:132,05/10/25 11:16:42,STABLE BEAMS,6800,13940.867352594,13598.784361528,57.5,HFET
391884:10611,133:133,05/10/25 11:17:05,STABLE BEAMS,6800,13933.364072037,13593.697563511,57.5,HFET
391884:10611,134:134,05/10/25 11:17:28,STABLE BEAMS,6800,13935.315062323,13594.317258937,57.5,HFET
391884:10611,135:135,05/10/25 11:17:52,STABLE BEAMS,6800,13926.313610889,13587.620853723,57.4,HFET
391884:10611,136:136,05/10/25 11:18:15,STABLE BEAMS,6800,13960.667635410,13619.318619249,57.6,HFET
391884:10611,137:137,05/10/25 11:18:38,STABLE BEAMS,6800,14345.565032394,13987.750020562,59.2,HFET
391884:10611,138:138,05/10/25 11:19:02,STABLE BEAMS,6800,14574.510819931,14204.897407016,60.1,HFET
391884:10611,139:139,05/10/25 11:19:25,STABLE BEAMS,6800,14592.766824242,14215.950950245,60.2,HFET
391884:10611,140:140,05/10/25 11:19:48,STABLE BEAMS,6800,14582.106397493,14213.411391301,60.1,HFET
391884:10611,141:141,05/10/25 11:20:11,STABLE BEAMS,6800,14573.828443400,14205.689824965,60.1,HFET
391884:10611,142:142,05/10/25 11:20:35,STABLE BEAMS,6800,14571.736514196,13998.425927720,60.1,HFET
391884:10611,143:143,05/10/25 11:20:58,STABLE BEAMS,6800,14564.043652810,14196.947257647,60.1,HFET
391884:10611,144:144,05/10/25 11:21:21,STABLE BEAMS,6800,14559.073920964,14191.832609723,60.0,HFET
391884:10611,145:145,05/10/25 11:21:45,STABLE BEAMS,6800,14551.484638237,14182.649458015,60.0,HFET
391884:10611,146:146,05/10/25 11:22:08,STABLE BEAMS,6800,14521.310711572,14155.488311415,59.9,HFET
391884:10611,147:147,05/10/25 11:22:31,STABLE BEAMS,6800,14548.790203338,14180.125320284,60.0,HFET
391884:10611,148:148,05/10/25 11:22:55,STABLE BEAMS,6800,14532.624820213,14167.009590581,59.9,HFET
391884:10611,149:149,05/10/25 11:23:18,STABLE BEAMS,6800,14524.938171912,14157.931941644,59.9,HFET
391884:10611,150:150,05/10/25 11:23:41,STABLE BEAMS,6800,14516.046593972,14150.253548127,59.9,HFET
391884:10611,151:151,05/10/25 11:24:04,STABLE BEAMS,6800,14506.977779621,14142.180531974,59.8,HFET
391884:10611,152:152,05/10/25 11:24:28,STABLE BEAMS,6800,14508.202820034,14142.305280437,59.8,HFET
391884:10611,153:153,05/10/25 11:24:51,STABLE BEAMS,6800,14494.506075236,14129.119088134,59.8,HFET
391884:10611,154:154,05/10/25 11:25:14,STABLE BEAMS,6800,14497.299020224,14134.318290213,59.8,HFET
391884:10611,155:155,05/10/25 11:25:38,STABLE BEAMS,6800,14471.083237147,13903.825986542,59.7,HFET
391884:10611,156:156,05/10/25 11:26:01,STABLE BEAMS,6800,14463.235702657,14099.806810646,59.6,HFET
391884:10611,157:157,05/10/25 11:26:24,STABLE BEAMS,6800,14464.162515014,14100.804306490,59.7,HFET
391884:10611,158:158,05/10/25 11:26:48,STABLE BEAMS,6800,14450.780184992,14087.148789941,59.6,HFET
391884:10611,159:159,05/10/25 11:27:11,STABLE BEAMS,6800,14449.147288282,14086.668301131,59.6,HFET
391884:10611,160:160,05/10/25 11:27:34,STABLE BEAMS,6800,14437.551220056,14073.850058124,59.5,HFET
391884:10611,161:161,05/10/25 11:27:58,STABLE BEAMS,6800,14427.324891712,14066.285078337,59.5,HFET
391884:10611,162:162,05/10/25 11:28:21,STABLE BEAMS,6800,14417.104694700,14056.173479215,59.5,HFET
391884:10611,163:163,05/10/25 11:28:44,STABLE BEAMS,6800,14404.741555791,14040.680315252,59.4,HFET
391884:10611,164:164,05/10/25 11:29:08,STABLE BEAMS,6800,14401.541899021,14041.654370434,59.4,HFET
391884:10611,165:165,05/10/25 11:29:31,STABLE BEAMS,6800,14382.236782690,14021.272505597,59.3,HFET
391884:10611,166:166,05/10/25 11:29:54,STABLE BEAMS,6800,14372.571757479,14013.294054673,59.3,HFET
391884:10611,167:167,05/10/25 11:30:18,STABLE BEAMS,6800,14372.098990799,14013.153168289,59.3,HFET
391884:10611,168:168,05/10/25 11:30:41,STABLE BEAMS,6800,14353.645802806,13792.155939039,59.2,HFET
391884:10611,169:169,05/10/25 11:31:04,STABLE BEAMS,6800,14316.884289789,13960.002361455,59.0,HFET
391884:10611,170:170,05/10/25 11:31:27,STABLE BEAMS,6800,14367.670614816,14007.848842893,59.3,HFET
391884:10611,171:171,05/10/25 11:31:51,STABLE BEAMS,6800,14342.856863308,13984.255435035,59.1,HFET
391884:10611,172:172,05/10/25 11:32:14,STABLE BEAMS,6800,14337.243504957,13979.080265717,59.1,HFET
391884:10611,173:173,05/10/25 11:32:37,STABLE BEAMS,6800,14313.035937945,13955.828628871,59.0,HFET
391884:10611,174:174,05/10/25 11:33:01,STABLE BEAMS,6800,14296.669774088,13939.765538184,59.0,HFET
391884:10611,175:175,05/10/25 11:33:24,STABLE BEAMS,6800,14292.601920509,13937.636023128,58.9,HFET
391884:10611,176:176,05/10/25 11:33:47,STABLE BEAMS,6800,14270.510072274,13912.995794022,58.9,HFET
391884:10611,177:177,05/10/25 11:34:11,STABLE BEAMS,6800,14263.811386161,13909.473030149,58.8,HFET
391884:10611,178:178,05/10/25 11:34:34,STABLE BEAMS,6800,14241.002253669,13886.373782512,58.7,HFET
391884:10611,179:179,05/10/25 11:34:57,STABLE BEAMS,6800,14229.761721029,13876.704934353,58.7,HFET
391884:10611,180:180,05/10/25 11:35:21,STABLE BEAMS,6800,14215.698322494,13861.907376573,58.6,HFET
391884:10611,181:181,05/10/25 11:35:44,STABLE BEAMS,6800,14206.365125047,13654.624891027,58.6,HFET
391884:10611,182:182,05/10/25 11:36:07,STABLE BEAMS,6800,14225.828593282,13873.398868843,58.7,HFET
391884:10611,183:183,05/10/25 11:36:30,STABLE BEAMS,6800,14198.103439425,13845.185129304,58.6,HFET
391884:10611,184:184,05/10/25 11:36:54,STABLE BEAMS,6800,14182.962152479,13832.414011898,58.5,HFET
391884:10611,185:185,05/10/25 11:37:17,STABLE BEAMS,6800,14192.543628052,13842.239323536,58.5,HFET
391884:10611,186:186,05/10/25 11:37:40,STABLE BEAMS,6800,14175.090991918,13823.651538748,58.5,HFET
391884:10611,187:187,05/10/25 11:38:04,STABLE BEAMS,6800,14166.563533431,13814.905334519,58.4,HFET
391884:10611,188:188,05/10/25 11:38:27,STABLE BEAMS,6800,14168.922461766,13817.107846414,58.4,HFET
391884:10611,189:189,05/10/25 11:38:50,STABLE BEAMS,6800,14160.967669818,13811.425217590,58.4,HFET
391884:10611,190:190,05/10/25 11:39:14,STABLE BEAMS,6800,14160.220382904,13810.799319729,58.4,HFET
391884:10611,191:191,05/10/25 11:39:37,STABLE BEAMS,6800,14168.700425746,13816.603552996,58.4,HFET
391884:10611,192:192,05/10/25 11:40:00,STABLE BEAMS,6800,14144.272130731,13795.514364430,58.3,HFET
391884:10611,193:193,05/10/25 11:40:24,STABLE BEAMS,6800,14132.842017263,13783.182220884,58.3,HFET
391884:10611,194:194,05/10/25 11:40:47,STABLE BEAMS,6800,14143.652130298,13596.586596113,58.3,HFET
391884:10611,195:195,05/10/25 11:41:10,STABLE BEAMS,6800,14131.539640299,13782.594650404,58.3,HFET
391884:10611,196:196,05/10/25 11:41:34,STABLE BEAMS,6800,14128.791576670,13779.062274129,58.3,HFET
391884:10611,197:197,05/10/25 11:41:57,STABLE BEAMS,6800,13851.545597172,13514.968987830,57.1,HFET
391884:10611,198:198,05/10/25 11:42:20,STABLE BEAMS,6800,11778.284995687,11522.664548895,48.6,HFET
391884:10611,199:199,05/10/25 11:42:43,STABLE BEAMS,6800,7817.745716651,7684.517675947,32.2,HFET
391884:10611,200:200,05/10/25 11:43:07,STABLE BEAMS,6800,3793.751625101,3746.959494833,15.6,HFET
391884:10611,201:201,05/10/25 11:43:30,STABLE BEAMS,6800,1496.573722450,1481.807997634,6.2,HFET
391884:10611,202:202,05/10/25 11:43:53,STABLE BEAMS,6800,896.204249343,888.025911602,3.7,HFET
391884:10611,203:203,05/10/25 11:44:17,STABLE BEAMS,6800,371.974397030,368.787256982,1.5,HFET
391884:10611,204:204,05/10/25 11:44:40,STABLE BEAMS,6800,345.506771477,342.530060040,1.4,HFET
391884:10611,205:205,05/10/25 11:45:03,STABLE BEAMS,6800,265.255081198,263.016938988,1.1,HFET
391884:10611,206:206,05/10/25 11:45:27,STABLE BEAMS,6800,234.797943338,142.491945742,1.0,HFET
391906:10612,32:32,05/10/25 16:16:39,STABLE BEAMS,6800,2547.446465050,1003.031262908,10.5,HFET
391906:10612,33:33,05/10/25 16:17:02,STABLE BEAMS,6800,707.342530746,695.925158705,2.9,HFET
391906:10612,34:34,05/10/25 16:17:25,STABLE BEAMS,6800,4470.232959480,4385.167519215,18.4,HFET
391906:10612,35:35,05/10/25 16:17:49,STABLE BEAMS,6800,8858.715403896,8649.412383862,36.5,HFET
391906:10612,36:36,05/10/25 16:18:12,STABLE BEAMS,6800,6528.623634275,6393.608736134,26.9,HFET
391906:10612,37:37,05/10/25 16:18:35,STABLE BEAMS,6800,1754.830926369,1727.664985616,7.2,HFET
391906:10612,38:38,05/10/25 16:18:58,STABLE BEAMS,6800,207.310839174,204.489153918,0.9,HFET
391906:10612,39:39,05/10/25 16:19:22,STABLE BEAMS,6800,6252.574286955,6123.695937509,25.8,HFET
391906:10612,40:40,05/10/25 16:19:45,STABLE BEAMS,6800,327.570259383,318.434603513,1.4,HFET
391906:10612,41:41,05/10/25 16:20:08,STABLE BEAMS,6800,2096.891747306,2063.946972987,8.6,HFET
391906:10612,42:42,05/10/25 16:20:32,STABLE BEAMS,6800,7560.203592303,7393.807958148,31.2,HFET
391906:10612,43:43,05/10/25 16:20:55,STABLE BEAMS,6800,8349.077500935,8157.597074970,34.4,HFET
391906:10612,44:44,05/10/25 16:21:18,STABLE BEAMS,6800,3198.576177984,3143.922739829,13.2,HFET
391906:10612,45:45,05/10/25 16:21:42,STABLE BEAMS,6800,482.678208562,475.951273303,2.0,HFET
391906:10612,46:46,05/10/25 16:22:05,STABLE BEAMS,6800,6316.533898141,4848.549489208,26.0,HFET
391906:10612,47:47,05/10/25 16:22:28,STABLE BEAMS,6800,9642.895846955,7236.666516114,39.8,HFET
391906:10612,48:48,05/10/25 16:22:52,STABLE BEAMS,6800,9633.443383615,9398.399876007,39.7,HFET
391906:10612,49:49,05/10/25 16:23:15,STABLE BEAMS,6800,9596.919158136,9363.878445650,39.6,HFET
391906:10612,50:50,05/10/25 16:23:38,STABLE BEAMS,6800,9610.918489827,9377.459549615,39.6,HFET
391906:10612,51:51,05/10/25 16:24:02,STABLE BEAMS,6800,9579.324793620,9346.206636980,39.5,HFET
391906:10612,52:52,05/10/25 16:24:25,STABLE BEAMS,6800,9577.774862356,7174.393454599,39.5,HFET
391906:10612,53:53,05/10/25 16:24:48,STABLE BEAMS,6800,9600.000953529,9351.507013008,39.6,HFET
391906:10612,54:54,05/10/25 16:25:11,STABLE BEAMS,6800,9656.519692898,7115.058254016,39.8,HFET
391906:10612,55:55,05/10/25 16:25:35,STABLE BEAMS,6800,9669.929594533,9433.609053274,39.9,HFET
391906:10612,56:56,05/10/25 16:25:58,STABLE BEAMS,6800,9624.220479164,9389.801885770,39.7,HFET
391906:10612,57:57,05/10/25 16:26:21,STABLE BEAMS,6800,9603.952832706,9420.066473154,39.6,HFET
391906:10612,58:58,05/10/25 16:26:45,STABLE BEAMS,6800,9647.266785558,9462.825614885,39.8,HFET
391906:10612,59:59,05/10/25 16:27:08,STABLE BEAMS,6800,9642.686235490,9457.693894909,39.8,HFET
391906:10612,60:60,05/10/25 16:27:31,STABLE BEAMS,6800,9586.294211321,7233.881494928,39.5,HFET
391906:10612,61:61,05/10/25 16:27:55,STABLE BEAMS,6800,9578.171521805,9395.796431310,39.5,HFET
391906:10612,62:62,05/10/25 16:28:18,STABLE BEAMS,6800,9573.948308599,9390.489375737,39.5,HFET
391906:10612,63:63,05/10/25 16:28:41,STABLE BEAMS,6800,9568.207701322,9385.778664010,39.5,HFET
391906:10612,64:64,05/10/25 16:29:05,STABLE BEAMS,6800,9565.134653365,9382.668550210,39.4,HFET
391906:10612,65:65,05/10/25 16:29:28,STABLE BEAMS,6800,9561.172146463,9378.153204632,39.4,HFET
391906:10612,66:66,05/10/25 16:29:51,STABLE BEAMS,6800,9557.068699558,9375.533407693,39.4,HFET
391906:10612,67:67,05/10/25 16:30:14,STABLE BEAMS,6800,9562.908553449,9245.835270254,39.4,HFET
391906:10612,68:68,05/10/25 16:30:38,STABLE BEAMS,6800,9842.833709950,9651.305786467,40.6,HFET
391906:10612,69:69,05/10/25 16:31:01,STABLE BEAMS,6800,10132.862400659,9933.284985508,41.8,HFET
391906:10612,70:70,05/10/25 16:31:24,STABLE BEAMS,6800,10505.013903863,10291.961794615,43.3,HFET
391906:10612,71:71,05/10/25 16:31:48,STABLE BEAMS,6800,10876.862353361,10653.113719595,44.9,HFET
391906:10612,72:72,05/10/25 16:32:11,STABLE BEAMS,6800,11243.760980176,11006.524937561,46.4,HFET
391906:10612,73:73,05/10/25 16:32:34,STABLE BEAMS,6800,11671.046511753,11417.897819027,48.1,HFET
391906:10612,74:74,05/10/25 16:32:58,STABLE BEAMS,6800,12123.247112779,11854.824195072,50.0,HFET
391906:10612,75:75,05/10/25 16:33:21,STABLE BEAMS,6800,11147.067473072,10912.411189964,46.0,HFET
391906:10612,76:76,05/10/25 16:33:44,STABLE BEAMS,6800,9996.657132441,9801.207912375,41.2,HFET
391906:10612,77:77,05/10/25 16:34:08,STABLE BEAMS,6800,9656.150420282,9471.793279712,39.8,HFET
391906:10612,78:78,05/10/25 16:34:31,STABLE BEAMS,6800,9606.004883165,9422.014372410,39.6,HFET
391906:10612,79:79,05/10/25 16:34:54,STABLE BEAMS,6800,9394.795825841,9217.854376542,38.7,HFET
391906:10612,80:80,05/10/25 16:35:17,STABLE BEAMS,6800,9345.534679061,6919.241292944,38.5,HFET
391906:10612,81:81,05/10/25 16:35:41,STABLE BEAMS,6800,9314.255318300,9140.366775085,38.4,HFET
391906:10612,82:82,05/10/25 16:36:04,STABLE BEAMS,6800,9284.853958542,9111.266379957,38.3,HFET
391906:10612,83:83,05/10/25 16:36:27,STABLE BEAMS,6800,9217.470167494,8948.061435104,38.0,HFET
391906:10612,84:84,05/10/25 16:36:51,STABLE BEAMS,6800,9282.655408962,7223.800618816,38.3,HFET
391906:10612,85:85,05/10/25 16:37:14,STABLE BEAMS,6800,9294.802246193,9120.230412049,38.3,HFET
391906:10612,86:86,05/10/25 16:37:37,STABLE BEAMS,6800,9237.317446498,9065.586187798,38.1,HFET
391906:10612,87:87,05/10/25 16:38:01,STABLE BEAMS,6800,9169.338584525,8998.875870866,37.8,HFET
391906:10612,88:88,05/10/25 16:38:24,STABLE BEAMS,6800,9152.077276603,8981.554712975,37.7,HFET
391906:10612,89:89,05/10/25 16:38:47,STABLE BEAMS,6800,9126.244135098,8957.225197519,37.6,HFET
391906:10612,90:90,05/10/25 16:39:11,STABLE BEAMS,6800,9020.624073605,7515.055755911,37.2,HFET
391906:10612,91:91,05/10/25 16:39:34,STABLE BEAMS,6800,8864.220320902,8004.133486723,36.6,HFET
391906:10612,92:92,05/10/25 16:39:57,STABLE BEAMS,6800,8798.032803086,8638.712968858,36.3,HFET
391906:10612,93:93,05/10/25 16:40:20,STABLE BEAMS,6800,8825.276080377,8664.304169893,36.4,HFET
391906:10612,94:94,05/10/25 16:40:44,STABLE BEAMS,6800,8869.022990451,8583.190230186,36.6,HFET
391906:10612,95:95,05/10/25 16:41:07,STABLE BEAMS,6800,8924.468247704,8762.036269727,36.8,HFET
391906:10612,96:96,05/10/25 16:41:30,STABLE BEAMS,6800,8914.533040330,8751.221718998,36.8,HFET
391906:10612,97:97,05/10/25 16:41:54,STABLE BEAMS,6800,8453.117056013,8303.184975091,34.9,HFET
391906:10612,98:98,05/10/25 16:42:17,STABLE BEAMS,6800,8880.847971077,8718.762176059,36.6,HFET
391906:10612,99:99,05/10/25 16:42:40,STABLE BEAMS,6800,8925.027102607,8762.045282548,36.8,HFET
391906:10612,100:100,05/10/25 16:43:04,STABLE BEAMS,6800,10415.780079652,10206.545850002,43.0,HFET
391906:10612,101:101,05/10/25 16:43:27,STABLE BEAMS,6800,12999.476174256,12688.482364935,53.6,HFET
391906:10612,102:102,05/10/25 16:43:50,STABLE BEAMS,6800,14188.627438831,13837.456533125,58.5,HFET
391906:10612,103:103,05/10/25 16:44:14,STABLE BEAMS,6800,14191.662472229,13838.564824417,58.5,HFET
391906:10612,104:104,05/10/25 16:44:37,STABLE BEAMS,6800,14160.657552063,13809.949668767,58.4,HFET
391906:10612,105:105,05/10/25 16:45:00,STABLE BEAMS,6800,14146.683808668,13797.370692084,58.3,HFET
391906:10612,106:106,05/10/25 16:45:24,STABLE BEAMS,6800,14155.853656239,10811.170231397,58.4,HFET
391906:10612,107:107,05/10/25 16:45:47,STABLE BEAMS,6800,14160.151018274,13612.638593756,58.4,HFET
391906:10612,108:108,05/10/25 16:46:10,STABLE BEAMS,6800,14168.685981822,13818.939871653,58.4,HFET
391906:10612,109:109,05/10/25 16:46:34,STABLE BEAMS,6800,14187.613308480,13354.603755602,58.5,HFET
391906:10612,110:110,05/10/25 16:46:57,STABLE BEAMS,6800,14189.343502334,11134.081289002,58.5,HFET
391906:10612,111:111,05/10/25 16:47:20,STABLE BEAMS,6800,14232.741659479,13878.811220691,58.7,HFET
391906:10612,112:112,05/10/25 16:47:43,STABLE BEAMS,6800,14233.961640715,13880.507152020,58.7,HFET
391906:10612,113:113,05/10/25 16:48:07,STABLE BEAMS,6800,14194.313272442,13842.463079348,58.5,HFET
391906:10612,114:114,05/10/25 16:48:30,STABLE BEAMS,6800,14182.627269776,13829.092012633,58.5,HFET
391906:10612,115:115,05/10/25 16:48:53,STABLE BEAMS,6800,8911.220459771,8748.633628661,36.7,HFET
391906:10612,116:116,05/10/25 16:49:17,STABLE BEAMS,6800,5277.658954277,5202.802959729,21.8,HFET
391906:10612,117:117,05/10/25 16:49:40,STABLE BEAMS,6800,3633.237196336,3589.044791652,15.0,HFET
391906:10612,118:118,05/10/25 16:50:03,STABLE BEAMS,6800,1701.654435267,1684.586447519,7.0,HFET
391906:10612,119:119,05/10/25 16:50:27,STABLE BEAMS,6800,1206.222941158,1194.666898126,5.0,HFET
391906:10612,120:120,05/10/25 16:50:50,STABLE BEAMS,6800,611.995801828,597.883430842,2.5,HFET
391906:10612,121:121,05/10/25 16:51:13,STABLE BEAMS,6800,511.417300735,506.908607670,2.1,HFET
391906:10612,122:122,05/10/25 16:51:37,STABLE BEAMS,6800,241.370641242,239.339503349,1.0,HFET
391906:10612,123:123,05/10/25 16:52:00,STABLE BEAMS,6800,120.493508145,119.492802360,0.5,HFET
391906:10612,124:124,05/10/25 16:52:23,STABLE BEAMS,6800,93.422427817,92.642676926,0.4,HFET
391906:10612,125:125,05/10/25 16:52:47,STABLE BEAMS,6800,99.676781839,98.852053533,0.4,HFET
391906:10612,126:126,05/10/25 16:53:10,STABLE BEAMS,6800,99.494569471,98.671897536,0.4,HFET
391906:10612,127:127,05/10/25 16:53:33,STABLE BEAMS,6800,98.415851974,97.593439224,0.4,HFET
391906:10612,128:128,05/10/25 16:53:56,STABLE BEAMS,6800,98.007045033,97.197875183,0.4,HFET
391906:10612,129:129,05/10/25 16:54:20,STABLE BEAMS,6800,101.463933766,100.616081072,0.4,HFET
391906:10612,130:130,05/10/25 16:54:43,STABLE BEAMS,6800,98.843088209,98.027031065,0.4,HFET
391906:10612,131:131,05/10/25 16:55:06,STABLE BEAMS,6800,99.632771607,83.163972126,0.4,HFET
391909:10612,1:1,05/10/25 19:09:42,STABLE BEAMS,6800,14077.014647691,13399.448995675,58.1,HFET
391909:10612,2:2,05/10/25 19:10:05,STABLE BEAMS,6800,14040.069482497,13672.346887549,57.9,HFET
391909:10612,3:3,05/10/25 19:10:28,STABLE BEAMS,6800,14002.647704650,10516.866476219,57.7,HFET
391909:10612,4:4,05/10/25 19:10:52,STABLE BEAMS,6800,14034.091795170,13687.859075622,57.9,HFET
391909:10612,5:5,05/10/25 19:11:15,STABLE BEAMS,6800,14222.153419196,13861.186283682,58.7,HFET
391909:10612,6:6,05/10/25 19:11:38,STABLE BEAMS,6800,14175.362237778,13823.522908842,58.5,HFET
391909:10612,7:7,05/10/25 19:12:01,STABLE BEAMS,6800,14145.983932010,13796.877704050,58.3,HFET
391909:10612,8:8,05/10/25 19:12:25,STABLE BEAMS,6800,14140.230816717,13789.632307449,58.3,HFET
391909:10612,9:9,05/10/25 19:12:48,STABLE BEAMS,6800,14081.364494344,13733.579329520,58.1,HFET
391909:10612,10:10,05/10/25 19:13:11,STABLE BEAMS,6800,14070.073924851,13724.945192580,58.0,HFET
391909:10612,11:11,05/10/25 19:13:35,STABLE BEAMS,6800,14038.330541207,13692.127860416,57.9,HFET
391909:10612,12:12,05/10/25 19:13:58,STABLE BEAMS,6800,14014.944883334,13671.263787048,57.8,HFET
391909:10612,13:13,05/10/25 19:14:21,STABLE BEAMS,6800,14032.362827592,10489.623662983,57.9,HFET
391909:10612,14:14,05/10/25 19:14:45,STABLE BEAMS,6800,14304.125971989,13740.493317074,59.0,HFET
391909:10612,15:15,05/10/25 19:15:08,STABLE BEAMS,6800,14335.088544753,13978.368401428,59.1,HFET
391909:10612,16:16,05/10/25 19:15:31,STABLE BEAMS,6800,14355.472769194,13995.078819122,59.2,HFET
391909:10612,17:17,05/10/25 19:15:55,STABLE BEAMS,6800,14374.734378722,14013.126228642,59.3,HFET
391909:10612,18:18,05/10/25 19:16:18,STABLE BEAMS,6800,14396.547051340,14037.040351045,59.4,HFET
391909:10612,19:19,05/10/25 19:16:41,STABLE BEAMS,6800,14398.700065200,14037.082826750,59.4,HFET
391909:10612,20:20,05/10/25 19:17:04,STABLE BEAMS,6800,14412.445557733,14051.104978159,59.4,HFET
391909:10612,21:21,05/10/25 19:17:28,STABLE BEAMS,6800,14413.218929206,14051.808434566,59.4,HFET
391909:10612,22:22,05/10/25 19:17:51,STABLE BEAMS,6800,14417.226971829,14056.164870569,59.5,HFET
391909:10612,23:23,05/10/25 19:18:14,STABLE BEAMS,6800,14413.840160689,14053.166767913,59.4,HFET
391909:10612,24:24,05/10/25 19:18:38,STABLE BEAMS,6800,14392.889560184,14031.825583268,59.4,HFET
391909:10612,25:25,05/10/25 19:19:01,STABLE BEAMS,6800,14396.901281635,14037.770924690,59.4,HFET
391909:10612,26:26,05/10/25 19:19:24,STABLE BEAMS,6800,14381.260947241,14021.908383971,59.3,HFET
391909:10612,27:27,05/10/25 19:19:48,STABLE BEAMS,6800,14375.067435317,13814.438027143,59.3,HFET
391909:10612,28:28,05/10/25 19:20:11,STABLE BEAMS,6800,14416.656835185,14054.314396527,59.5,HFET
391909:10612,29:29,05/10/25 19:20:34,STABLE BEAMS,6800,14731.833179048,14356.571436136,60.8,HFET
391909:10612,30:30,05/10/25 19:20:58,STABLE BEAMS,6800,14922.324873586,11192.960630472,61.5,HFET
391909:10612,31:31,05/10/25 19:21:21,STABLE BEAMS,6800,14526.202697049,10873.635323884,59.9,HFET
391909:10612,32:32,05/10/25 19:21:44,STABLE BEAMS,6800,14162.744510516,13812.777823704,58.4,HFET
391909:10612,33:33,05/10/25 19:22:07,STABLE BEAMS,6800,14151.013626144,13799.699118458,58.4,HFET
391909:10612,34:34,05/10/25 19:22:31,STABLE BEAMS,6800,14160.547759475,13808.935259659,58.4,HFET
391909:10612,35:35,05/10/25 19:22:54,STABLE BEAMS,6800,14157.988030702,12119.035946319,58.4,HFET
391909:10612,36:36,05/10/25 19:23:17,STABLE BEAMS,6800,14153.267685157,12470.087509199,58.4,HFET
391909:10612,37:37,05/10/25 19:23:41,STABLE BEAMS,6800,14143.093680947,13793.407699419,58.3,HFET
391909:10612,38:38,05/10/25 19:24:04,STABLE BEAMS,6800,14157.306875193,10584.992286431,58.4,HFET
391909:10612,39:39,05/10/25 19:24:27,STABLE BEAMS,6800,14135.111359171,13785.108330202,58.3,HFET
391909:10612,40:40,05/10/25 19:24:51,STABLE BEAMS,6800,14147.785249879,8167.044369752,58.3,HFET
391909:10612,41:41,05/10/25 19:25:14,STABLE BEAMS,6800,14202.486402782,12925.682954706,58.6,HFET
391909:10612,42:42,05/10/25 19:25:37,STABLE BEAMS,6800,14233.174534950,13813.530191265,58.7,HFET
391909:10612,43:43,05/10/25 19:26:01,STABLE BEAMS,6800,14271.903523140,13915.861087167,58.9,HFET
391909:10612,44:44,05/10/25 19:26:24,STABLE BEAMS,6800,14327.738654448,13970.046240569,59.1,HFET
391909:10612,45:45,05/10/25 19:26:47,STABLE BEAMS,6800,14394.795602033,14035.380149922,59.4,HFET
391909:10612,46:46,05/10/25 19:27:11,STABLE BEAMS,6800,14353.979655390,13993.660193044,59.2,HFET
391909:10612,47:47,05/10/25 19:27:34,STABLE BEAMS,6800,14235.044442529,13880.489507293,58.7,HFET
391909:10612,48:48,05/10/25 19:27:57,STABLE BEAMS,6800,14304.061142859,13947.184016286,59.0,HFET
391909:10612,49:49,05/10/25 19:28:21,STABLE BEAMS,6800,14330.522873502,13971.133525747,59.1,HFET
391909:10612,50:50,05/10/25 19:28:44,STABLE BEAMS,6800,14364.996928811,7648.933161174,59.2,HFET
391909:10612,51:51,05/10/25 19:29:07,STABLE BEAMS,6800,14388.287754664,14028.168474481,59.3,HFET
391909:10612,52:52,05/10/25 19:29:30,STABLE BEAMS,6800,14399.877699034,14036.415929985,59.4,HFET
391909:10612,53:53,05/10/25 19:29:54,STABLE BEAMS,6800,14408.622192294,10848.107432679,59.4,HFET
391909:10612,54:54,05/10/25 19:30:17,STABLE BEAMS,6800,14417.154621538,14055.702665689,59.5,HFET
391909:10612,55:55,05/10/25 19:30:40,STABLE BEAMS,6800,14391.678326384,13828.384591322,59.4,HFET
391909:10612,56:56,05/10/25 19:31:04,STABLE BEAMS,6800,14363.013549815,14003.865196690,59.2,HFET
391909:10612,57:57,05/10/25 19:31:27,STABLE BEAMS,6800,14330.310809485,13972.211426441,59.1,HFET
391909:10612,58:58,05/10/25 19:31:50,STABLE BEAMS,6800,14332.715863964,13974.608092146,59.1,HFET
391909:10612,59:59,05/10/25 19:32:14,STABLE BEAMS,6800,14305.716452117,13949.166760776,59.0,HFET
391909:10612,60:60,05/10/25 19:32:37,STABLE BEAMS,6800,14273.333115841,13918.093064455,58.9,HFET
391909:10612,61:61,05/10/25 19:33:00,STABLE BEAMS,6800,14252.554602752,13254.861016338,58.8,HFET
391909:10612,62:62,05/10/25 19:33:23,STABLE BEAMS,6800,14214.445538016,11331.924921591,58.6,HFET
391909:10612,63:63,05/10/25 19:33:47,STABLE BEAMS,6800,14191.869549390,13839.507837440,58.5,HFET
391909:10612,64:64,05/10/25 19:34:10,STABLE BEAMS,6800,14159.830469696,13809.355493161,58.4,HFET
391909:10612,65:65,05/10/25 19:34:33,STABLE BEAMS,6800,14131.773190317,13779.501220864,58.3,HFET
391909:10612,66:66,05/10/25 19:34:57,STABLE BEAMS,6800,14110.906140091,13763.590142950,58.2,HFET
391909:10612,67:67,05/10/25 19:35:20,STABLE BEAMS,6800,14077.861677483,13730.980917515,58.1,HFET
391909:10612,68:68,05/10/25 19:35:43,STABLE BEAMS,6800,14051.508431400,12503.408838892,57.9,HFET
391909:10612,69:69,05/10/25 19:36:07,STABLE BEAMS,6800,14027.696192941,11555.474710783,57.9,HFET
391909:10612,70:70,05/10/25 19:36:30,STABLE BEAMS,6800,13991.392124902,13648.717747258,57.7,HFET
391909:10612,71:71,05/10/25 19:36:53,STABLE BEAMS,6800,14199.198184242,13846.965596995,58.6,HFET
391909:10612,72:72,05/10/25 19:37:17,STABLE BEAMS,6800,14199.971637467,13848.465765332,58.6,HFET
391909:10612,73:73,05/10/25 19:37:40,STABLE BEAMS,6800,14171.300647765,13819.698016637,58.4,HFET
391909:10612,74:74,05/10/25 19:38:03,STABLE BEAMS,6800,14138.862374319,13790.783198921,58.3,HFET
391909:10612,75:75,05/10/25 19:38:27,STABLE BEAMS,6800,14113.336128851,13763.358611415,58.2,HFET
391909:10612,76:76,05/10/25 19:38:50,STABLE BEAMS,6800,14070.579150613,7153.095302257,58.0,HFET
391909:10612,77:77,05/10/25 19:39:13,STABLE BEAMS,6800,14011.519485372,13669.264425660,57.8,HFET
391909:10612,78:78,05/10/25 19:39:37,STABLE BEAMS,6800,13992.207925529,13648.078174010,57.7,HFET
391909:10612,79:79,05/10/25 19:40:00,STABLE BEAMS,6800,14079.070458731,13730.590782087,58.1,HFET
391909:10612,80:80,05/10/25 19:40:23,STABLE BEAMS,6800,14216.048526160,13862.414467350,58.6,HFET
391909:10612,81:81,05/10/25 19:40:46,STABLE BEAMS,6800,14193.846715254,13643.756048472,58.5,HFET
391909:10612,82:82,05/10/25 19:41:10,STABLE BEAMS,6800,14149.067607694,13800.127425391,58.4,HFET
391909:10612,83:83,05/10/25 19:41:33,STABLE BEAMS,6800,14126.490311040,13776.579132220,58.3,HFET
391909:10612,84:84,05/10/25 19:41:56,STABLE BEAMS,6800,14092.022550615,13744.387483486,58.1,HFET
391909:10612,85:85,05/10/25 19:42:20,STABLE BEAMS,6800,14073.375877684,13725.120563994,58.0,HFET
391909:10612,86:86,05/10/25 19:42:43,STABLE BEAMS,6800,14060.040860644,13714.334146469,58.0,HFET
391909:10612,87:87,05/10/25 19:43:06,STABLE BEAMS,6800,14024.235805234,13680.475090515,57.8,HFET
391909:10612,88:88,05/10/25 19:43:30,STABLE BEAMS,6800,14006.065663204,13660.867303161,57.8,HFET
391909:10612,89:89,05/10/25 19:43:53,STABLE BEAMS,6800,13972.393755981,13629.999562343,57.6,HFET
391909:10612,90:90,05/10/25 19:44:16,STABLE BEAMS,6800,14227.511183068,13874.447162853,58.7,HFET
391909:10612,91:91,05/10/25 19:44:40,STABLE BEAMS,6800,14176.074540700,13824.191232608,58.5,HFET
391909:10612,92:92,05/10/25 19:45:03,STABLE BEAMS,6800,14114.939116995,13766.819515278,58.2,HFET
391909:10612,93:93,05/10/25 19:45:26,STABLE BEAMS,6800,14064.317048978,12498.765978733,58.0,HFET
391909:10612,94:94,05/10/25 19:45:50,STABLE BEAMS,6800,14073.167574247,11608.505084000,58.0,HFET
391909:10612,95:95,05/10/25 19:46:13,STABLE BEAMS,6800,14069.235642496,13723.643002776,58.0,HFET
391909:10612,96:96,05/10/25 19:46:36,STABLE BEAMS,6800,14052.664809781,13705.991258848,58.0,HFET
391909:10612,97:97,05/10/25 19:46:59,STABLE BEAMS,6800,14047.569060240,13701.139959272,57.9,HFET
391909:10612,98:98,05/10/25 19:47:23,STABLE BEAMS,6800,14030.864645180,13683.954974033,57.9,HFET
391909:10612,99:99,05/10/25 19:47:46,STABLE BEAMS,6800,14029.566100521,13681.943614714,57.9,HFET
391909:10612,100:100,05/10/25 19:48:09,STABLE BEAMS,6800,14014.145351304,13669.825013103,57.8,HFET
391909:10612,101:101,05/10/25 19:48:33,STABLE BEAMS,6800,13997.573210562,13652.045160904,57.7,HFET
391909:10612,102:102,05/10/25 19:48:56,STABLE BEAMS,6800,13994.730293756,13651.746200985,57.7,HFET
391909:10612,103:103,05/10/25 19:49:19,STABLE BEAMS,6800,14208.381766105,13855.220435489,58.6,HFET
391909:10612,104:104,05/10/25 19:49:43,STABLE BEAMS,6800,14178.815104325,13825.863117594,58.5,HFET
391909:10612,105:105,05/10/25 19:50:06,STABLE BEAMS,6800,14138.822479469,10616.737723961,58.3,HFET
391909:10612,106:106,05/10/25 19:50:29,STABLE BEAMS,6800,14140.451628170,13788.721430574,58.3,HFET
391909:10612,107:107,05/10/25 19:50:53,STABLE BEAMS,6800,14174.430431430,7253.834653227,58.5,HFET
391909:10612,108:108,05/10/25 19:51:16,STABLE BEAMS,6800,14201.673136459,13650.668623729,58.6,HFET
391909:10612,109:109,05/10/25 19:51:39,STABLE BEAMS,6800,14246.277540548,13889.841812355,58.8,HFET
391909:10612,110:110,05/10/25 19:52:02,STABLE BEAMS,6800,14302.857348467,13947.288738149,59.0,HFET
391909:10612,111:111,05/10/25 19:52:26,STABLE BEAMS,6800,14333.671460068,10749.432132340,59.1,HFET
391909:10612,112:112,05/10/25 19:52:49,STABLE BEAMS,6800,14377.410113217,14017.368904309,59.3,HFET
391909:10612,113:113,05/10/25 19:53:12,STABLE BEAMS,6800,14394.189331120,14033.670772376,59.4,HFET
391909:10612,114:114,05/10/25 19:53:36,STABLE BEAMS,6800,14395.574042114,14035.217481266,59.4,HFET
391909:10612,115:115,05/10/25 19:53:59,STABLE BEAMS,6800,14418.839851934,14058.873845222,59.5,HFET
391909:10612,116:116,05/10/25 19:54:22,STABLE BEAMS,6800,14396.870134222,14034.790471433,59.4,HFET
391909:10612,117:117,05/10/25 19:54:46,STABLE BEAMS,6800,14391.371430347,14031.143793926,59.3,HFET
391909:10612,118:118,05/10/25 19:55:09,STABLE BEAMS,6800,14390.326070831,14031.024440642,59.3,HFET
391909:10612,119:119,05/10/25 19:55:32,STABLE BEAMS,6800,14377.194370371,14017.091855383,59.3,HFET
391909:10612,120:120,05/10/25 19:55:56,STABLE BEAMS,6800,14361.333224523,10529.550807790,59.2,HFET
391909:10612,121:121,05/10/25 19:56:19,STABLE BEAMS,6800,14334.663108691,10413.057964093,59.1,HFET
391909:10612,122:122,05/10/25 19:56:42,STABLE BEAMS,6800,14322.637918050,12311.910394781,59.1,HFET
391909:10612,123:123,05/10/25 19:57:06,STABLE BEAMS,6800,14305.515588089,9325.557037458,59.0,HFET
391909:10612,124:124,05/10/25 19:57:29,STABLE BEAMS,6800,14294.402256371,13935.744871461,59.0,HFET
391909:10612,125:125,05/10/25 19:57:52,STABLE BEAMS,6800,14290.543901187,13935.444226402,58.9,HFET
391909:10612,126:126,05/10/25 19:58:15,STABLE BEAMS,6800,14263.966164822,13907.463636235,58.8,HFET
391909:10612,127:127,05/10/25 19:58:39,STABLE BEAMS,6800,14257.636699752,13902.075103467,58.8,HFET
391909:10612,128:128,05/10/25 19:59:02,STABLE BEAMS,6800,14153.943853809,13803.705771432,58.4,HFET
391909:10612,129:129,05/10/25 19:59:25,STABLE BEAMS,6800,14251.942118706,13896.771592705,58.8,HFET
391909:10612,130:130,05/10/25 19:59:49,STABLE BEAMS,6800,14412.001482274,14048.750779594,59.4,HFET
391909:10612,131:131,05/10/25 20:00:12,STABLE BEAMS,6800,14378.985632776,14018.836029430,59.3,HFET
391909:10612,132:132,05/10/25 20:00:35,STABLE BEAMS,6800,14382.624402783,14021.539166328,59.3,HFET
391909:10612,133:133,05/10/25 20:00:59,STABLE BEAMS,6800,14373.805106679,14014.372103317,59.3,HFET
391909:10612,134:134,05/10/25 20:01:22,STABLE BEAMS,6800,14364.235983603,14003.830858978,59.2,HFET
391909:10612,135:135,05/10/25 20:01:45,STABLE BEAMS,6800,14347.705045739,13779.443301448,59.2,HFET
391909:10612,136:136,05/10/25 20:02:09,STABLE BEAMS,6800,14325.813809698,13968.009933121,59.1,HFET
391909:10612,137:137,05/10/25 20:02:32,STABLE BEAMS,6800,14303.142989052,12703.399622709,59.0,HFET
391909:10612,138:138,05/10/25 20:02:55,STABLE BEAMS,6800,14314.273815642,8845.340732770,59.0,HFET
391909:10612,139:139,05/10/25 20:03:18,STABLE BEAMS,6800,14313.304566997,13953.222538286,59.0,HFET
391909:10612,140:140,05/10/25 20:03:42,STABLE BEAMS,6800,14357.266647654,13999.441019342,59.2,HFET
391909:10612,141:141,05/10/25 20:04:05,STABLE BEAMS,6800,14389.140997588,14029.785119744,59.3,HFET
391909:10612,142:142,05/10/25 20:04:28,STABLE BEAMS,6800,14418.787530820,14057.391993457,59.5,HFET
391909:10612,143:143,05/10/25 20:04:52,STABLE BEAMS,6800,14387.630388912,14027.979232580,59.3,HFET
391909:10612,144:144,05/10/25 20:05:15,STABLE BEAMS,6800,14167.938770906,13816.556118542,58.4,HFET
391909:10612,145:145,05/10/25 20:05:38,STABLE BEAMS,6800,14204.903965277,13851.954281782,58.6,HFET
391909:10612,146:146,05/10/25 20:06:02,STABLE BEAMS,6800,14228.071264248,13873.856495363,58.7,HFET
391909:10612,147:147,05/10/25 20:06:25,STABLE BEAMS,6800,14249.080562504,13894.875302035,58.8,HFET
391909:10612,148:148,05/10/25 20:06:48,STABLE BEAMS,6800,14283.641928672,13730.001277059,58.9,HFET
391909:10612,149:149,05/10/25 20:07:12,STABLE BEAMS,6800,14288.107699295,13928.354639598,58.9,HFET
391909:10612,150:150,05/10/25 20:07:35,STABLE BEAMS,6800,14288.962168495,13933.120239869,58.9,HFET
391909:10612,151:151,05/10/25 20:07:58,STABLE BEAMS,6800,14285.534236229,13929.778418613,58.9,HFET
391909:10612,152:152,05/10/25 20:08:22,STABLE BEAMS,6800,14276.662537259,13920.830352020,58.9,HFET
391909:10612,153:153,05/10/25 20:08:45,STABLE BEAMS,6800,14261.196824584,12304.862415698,58.8,HFET
391909:10612,154:154,05/10/25 20:09:08,STABLE BEAMS,6800,14245.575211338,12268.856645055,58.7,HFET
391909:10612,155:155,05/10/25 20:09:31,STABLE BEAMS,6800,14219.868131019,13866.195499814,58.6,HFET
391909:10612,156:156,05/10/25 20:09:55,STABLE BEAMS,6800,14199.507532831,13847.735756076,58.6,HFET
391909:10612,157:157,05/10/25 20:10:18,STABLE BEAMS,6800,14178.866280915,13827.429705218,58.5,HFET
391909:10612,158:158,05/10/25 20:10:41,STABLE BEAMS,6800,14151.080989579,13800.659889451,58.4,HFET
391909:10612,159:159,05/10/25 20:11:05,STABLE BEAMS,6800,14101.837337673,12989.364462479,58.2,HFET
391909:10612,160:160,05/10/25 20:11:28,STABLE BEAMS,6800,14052.954210946,11327.339798145,58.0,HFET
391909:10612,161:161,05/10/25 20:11:51,STABLE BEAMS,6800,14030.292055984,13685.674804639,57.9,HFET
391909:10612,162:162,05/10/25 20:12:15,STABLE BEAMS,6800,13987.471474891,13444.471964492,57.7,HFET
391909:10612,163:163,05/10/25 20:12:38,STABLE BEAMS,6800,14213.239291072,13858.847900563,58.6,HFET
391909:10612,164:164,05/10/25 20:13:01,STABLE BEAMS,6800,14196.744487477,13845.351449387,58.5,HFET
391909:10612,165:165,05/10/25 20:13:25,STABLE BEAMS,6800,14172.942222731,13819.752136879,58.4,HFET
391909:10612,166:166,05/10/25 20:13:48,STABLE BEAMS,6800,14130.696683387,13782.326106626,58.3,HFET
391909:10612,167:167,05/10/25 20:14:11,STABLE BEAMS,6800,14103.175858934,13756.788031674,58.2,HFET
391909:10612,168:168,05/10/25 20:14:35,STABLE BEAMS,6800,14105.167985367,10597.962947186,58.2,HFET
391909:10612,169:169,05/10/25 20:14:58,STABLE BEAMS,6800,14089.632456705,13743.005674838,58.1,HFET
391909:10612,170:170,05/10/25 20:15:21,STABLE BEAMS,6800,14084.400754018,13734.739275844,58.1,HFET
391909:10612,171:171,05/10/25 20:15:44,STABLE BEAMS,6800,14068.824022478,13722.553946023,58.0,HFET
391909:10612,172:172,05/10/25 20:16:08,STABLE BEAMS,6800,14070.267267720,13723.626576009,58.0,HFET
391909:10612,173:173,05/10/25 20:16:31,STABLE BEAMS,6800,14063.561090626,13716.832593210,58.0,HFET
391909:10612,174:174,05/10/25 20:16:54,STABLE BEAMS,6800,14040.375070506,13694.420157163,57.9,HFET
391909:10612,175:175,05/10/25 20:17:18,STABLE BEAMS,6800,14031.419739504,13489.990754770,57.9,HFET
391909:10612,176:176,05/10/25 20:17:41,STABLE BEAMS,6800,14009.538558928,10513.188499911,57.8,HFET
391909:10612,177:177,05/10/25 20:18:04,STABLE BEAMS,6800,13974.385882414,13631.508494604,57.6,HFET
391909:10612,178:178,05/10/25 20:18:28,STABLE BEAMS,6800,14236.472727202,13881.990806107,58.7,HFET
391909:10612,179:179,05/10/25 20:18:51,STABLE BEAMS,6800,14220.562939068,13867.023318231,58.6,HFET
391909:10612,180:180,05/10/25 20:19:14,STABLE BEAMS,6800,14195.558187959,13844.092079026,58.5,HFET
391909:10612,181:181,05/10/25 20:19:38,STABLE BEAMS,6800,14178.361055154,13825.326829292,58.5,HFET
391909:10612,182:182,05/10/25 20:20:01,STABLE BEAMS,6800,14144.087863873,10803.331169400,58.3,HFET
391909:10612,183:183,05/10/25 20:20:24,STABLE BEAMS,6800,14134.437724822,13784.548260385,58.3,HFET
391909:10612,184:184,05/10/25 20:20:48,STABLE BEAMS,6800,14095.573928010,13749.275457727,58.1,HFET
391909:10612,185:185,05/10/25 20:21:11,STABLE BEAMS,6800,14069.936745429,13723.327389481,58.0,HFET
391909:10612,186:186,05/10/25 20:21:34,STABLE BEAMS,6800,14054.434898485,13707.078665783,58.0,HFET
391909:10612,187:187,05/10/25 20:21:57,STABLE BEAMS,6800,14012.112021993,13667.752797851,57.8,HFET
391909:10612,188:188,05/10/25 20:22:21,STABLE BEAMS,6800,13986.742985124,13448.545585637,57.7,HFET
391909:10612,189:189,05/10/25 20:22:44,STABLE BEAMS,6800,14194.882101058,10625.465593834,58.5,HFET
391909:10612,190:190,05/10/25 20:23:07,STABLE BEAMS,6800,14182.235597183,13832.710666708,58.5,HFET
391909:10612,191:191,05/10/25 20:23:31,STABLE BEAMS,6800,14160.179713135,13492.543052334,58.4,HFET
391909:10612,192:192,05/10/25 20:23:54,STABLE BEAMS,6800,14123.770921116,10850.866971534,58.2,HFET
391909:10612,193:193,05/10/25 20:24:17,STABLE BEAMS,6800,14086.500138735,13739.264918343,58.1,HFET
391909:10612,194:194,05/10/25 20:24:41,STABLE BEAMS,6800,14069.037312771,13721.834386923,58.0,HFET
391909:10612,195:195,05/10/25 20:25:04,STABLE BEAMS,6800,14044.182249100,13699.041386334,57.9,HFET
391909:10612,196:196,05/10/25 20:25:27,STABLE BEAMS,6800,14028.520741004,13683.523218191,57.9,HFET
391909:10612,197:197,05/10/25 20:25:51,STABLE BEAMS,6800,14265.480534078,13892.223369990,58.8,HFET
391909:10612,198:198,05/10/25 20:26:14,STABLE BEAMS,6800,14590.807174146,10959.885202812,60.2,HFET
391909:10612,199:199,05/10/25 20:26:37,STABLE BEAMS,6800,14340.744375474,13981.840176454,59.1,HFET
391909:10612,200:200,05/10/25 20:27:00,STABLE BEAMS,6800,14296.953237708,13940.559296370,59.0,HFET
391909:10612,201:201,05/10/25 20:27:24,STABLE BEAMS,6800,14377.097085799,14015.373183371,59.3,HFET
391909:10612,202:202,05/10/25 20:27:47,STABLE BEAMS,6800,14403.495213588,13842.703040727,59.4,HFET
391909:10612,203:203,05/10/25 20:28:10,STABLE BEAMS,6800,14406.280740671,14045.422228482,59.4,HFET
391909:10612,204:204,05/10/25 20:28:34,STABLE BEAMS,6800,14222.941832990,13868.287272683,58.7,HFET
391909:10612,205:205,05/10/25 20:28:57,STABLE BEAMS,6800,14285.002849910,13928.820650276,58.9,HFET
391909:10612,206:206,05/10/25 20:29:20,STABLE BEAMS,6800,14336.650330019,13976.493894886,59.1,HFET
391909:10612,207:207,05/10/25 20:29:44,STABLE BEAMS,6800,14374.326519285,14011.177704094,59.3,HFET
391909:10612,208:208,05/10/25 20:30:07,STABLE BEAMS,6800,14365.796542594,14006.536402411,59.2,HFET
391909:10612,209:209,05/10/25 20:30:30,STABLE BEAMS,6800,14389.153505605,14028.563786494,59.3,HFET
391909:10612,210:210,05/10/25 20:30:54,STABLE BEAMS,6800,14378.294585306,14017.410716998,59.3,HFET
391909:10612,211:211,05/10/25 20:31:17,STABLE BEAMS,6800,14357.756831095,13998.451280060,59.2,HFET
391909:10612,212:212,05/10/25 20:31:40,STABLE BEAMS,6800,14352.880666731,13993.195500831,59.2,HFET
391909:10612,213:213,05/10/25 20:32:03,STABLE BEAMS,6800,14346.674646791,13987.928195313,59.2,HFET
391909:10612,214:214,05/10/25 20:32:27,STABLE BEAMS,6800,14338.565119305,13980.241735810,59.1,HFET
391909:10612,215:215,05/10/25 20:32:50,STABLE BEAMS,6800,14312.793128103,13750.786705448,59.0,HFET
391909:10612,216:216,05/10/25 20:33:13,STABLE BEAMS,6800,14284.757104176,13930.645103657,58.9,HFET
391909:10612,217:217,05/10/25 20:33:37,STABLE BEAMS,6800,14258.521090090,13902.544928595,58.8,HFET
391909:10612,218:218,05/10/25 20:34:00,STABLE BEAMS,6800,14210.073291385,13857.874204883,58.6,HFET
391909:10612,219:219,05/10/25 20:34:23,STABLE BEAMS,6800,14168.047337218,13815.519699124,58.4,HFET
391909:10612,220:220,05/10/25 20:34:47,STABLE BEAMS,6800,14123.615020545,13774.916667007,58.2,HFET
391909:10612,221:221,05/10/25 20:35:10,STABLE BEAMS,6800,14092.061219188,13745.070281979,58.1,HFET
391909:10612,222:222,05/10/25 20:35:33,STABLE BEAMS,6800,14067.809892127,13721.258747714,58.0,HFET
391909:10612,223:223,05/10/25 20:35:57,STABLE BEAMS,6800,14031.873788676,13685.616935675,57.9,HFET
391909:10612,224:224,05/10/25 20:36:20,STABLE BEAMS,6800,14018.786969922,13673.344456513,57.8,HFET
391909:10612,225:225,05/10/25 20:36:43,STABLE BEAMS,6800,14019.273474535,10526.560846681,57.8,HFET
391909:10612,226:226,05/10/25 20:37:07,STABLE BEAMS,6800,14013.253358054,13668.127797783,57.8,HFET
391909:10612,227:227,05/10/25 20:37:30,STABLE BEAMS,6800,14029.296646782,13684.074647928,57.9,HFET
391909:10612,228:228,05/10/25 20:37:53,STABLE BEAMS,6800,14034.707958044,13494.511509806,57.9,HFET
391909:10612,229:229,05/10/25 20:38:16,STABLE BEAMS,6800,14059.112733124,13709.106442760,58.0,HFET
391909:10612,230:230,05/10/25 20:38:40,STABLE BEAMS,6800,14070.438210611,13722.877198136,58.0,HFET
391909:10612,231:231,05/10/25 20:39:03,STABLE BEAMS,6800,14062.075416230,13716.357101251,58.0,HFET
391909:10612,232:232,05/10/25 20:39:26,STABLE BEAMS,6800,14076.610467082,13729.411473798,58.1,HFET
391909:10612,233:233,05/10/25 20:39:50,STABLE BEAMS,6800,14066.841869757,13714.266865248,58.0,HFET
391909:10612,234:234,05/10/25 20:40:13,STABLE BEAMS,6800,14073.111410801,13727.589679798,58.0,HFET
391909:10612,235:235,05/10/25 20:40:36,STABLE BEAMS,6800,14064.832248452,13718.070236995,58.0,HFET
391909:10612,236:236,05/10/25 20:41:00,STABLE BEAMS,6800,14048.717917461,13701.786142045,57.9,HFET
391909:10612,237:237,05/10/25 20:41:23,STABLE BEAMS,6800,14036.365801607,13690.637001948,57.9,HFET
391909:10612,238:238,05/10/25 20:41:46,STABLE BEAMS,6800,14017.680541855,13674.339911904,57.8,HFET
391909:10612,239:239,05/10/25 20:42:10,STABLE BEAMS,6800,13994.961078922,13653.090987112,57.7,HFET
391909:10612,240:240,05/10/25 20:42:33,STABLE BEAMS,6800,14094.427605093,13739.886053175,58.1,HFET
391909:10612,241:241,05/10/25 20:42:56,STABLE BEAMS,6800,14236.325492316,13679.351597071,58.7,HFET
391909:10612,242:242,05/10/25 20:43:19,STABLE BEAMS,6800,14205.289424737,13851.844659599,58.6,HFET
391909:10612,243:243,05/10/25 20:43:43,STABLE BEAMS,6800,14175.999656105,13823.312146725,58.5,HFET
391909:10612,244:244,05/10/25 20:44:06,STABLE BEAMS,6800,14139.860317825,13792.034303923,58.3,HFET
391909:10612,245:245,05/10/25 20:44:29,STABLE BEAMS,6800,14105.408744245,13756.474203751,58.2,HFET
391909:10612,246:246,05/10/25 20:44:53,STABLE BEAMS,6800,14082.127892105,13711.155719298,58.1,HFET
391909:10612,247:247,05/10/25 20:45:16,STABLE BEAMS,6800,14070.882286070,13717.669249562,58.0,HFET
391909:10612,248:248,05/10/25 20:45:39,STABLE BEAMS,6800,14121.752552374,13772.581127880,58.2,HFET
391909:10612,249:249,05/10/25 20:46:03,STABLE BEAMS,6800,14434.597418326,12942.225249238,59.5,HFET
391909:10612,250:250,05/10/25 20:46:26,STABLE BEAMS,6800,14309.138171251,11887.426186693,59.0,HFET
391909:10612,251:251,05/10/25 20:46:49,STABLE BEAMS,6800,14124.098990854,13774.268880556,58.2,HFET
391909:10612,252:252,05/10/25 20:47:13,STABLE BEAMS,6800,14144.563168498,12615.709189171,58.3,HFET
391909:10612,253:253,05/10/25 20:47:36,STABLE BEAMS,6800,14176.679503586,8416.329047245,58.5,HFET
391909:10612,254:254,05/10/25 20:47:59,STABLE BEAMS,6800,14201.557048987,13650.353514929,58.6,HFET
391909:10612,255:255,05/10/25 20:48:23,STABLE BEAMS,6800,14225.708638924,13872.071164615,58.7,HFET
391909:10612,256:256,05/10/25 20:48:46,STABLE BEAMS,6800,14222.860735262,13871.288306991,58.7,HFET
391909:10612,257:257,05/10/25 20:49:09,STABLE BEAMS,6800,14222.212035195,13868.701060673,58.7,HFET
391909:10612,258:258,05/10/25 20:49:33,STABLE BEAMS,6800,14207.200453443,13854.136574779,58.6,HFET
391909:10612,259:259,05/10/25 20:49:56,STABLE BEAMS,6800,14179.174403229,13828.326624639,58.5,HFET
391909:10612,260:260,05/10/25 20:50:19,STABLE BEAMS,6800,14165.418936982,13814.302526547,58.4,HFET
391909:10612,261:261,05/10/25 20:50:42,STABLE BEAMS,6800,14154.485213840,10602.086302490,58.4,HFET
391909:10612,262:262,05/10/25 20:51:06,STABLE BEAMS,6800,14117.371640059,13768.657138733,58.2,HFET
391909:10612,263:263,05/10/25 20:51:29,STABLE BEAMS,6800,14118.456894425,6817.938653873,58.2,HFET
391909:10612,264:264,05/10/25 20:51:52,STABLE BEAMS,6800,14080.264197658,13734.006497003,58.1,HFET
391909:10612,265:265,05/10/25 20:52:16,STABLE BEAMS,6800,14030.460464571,13685.998910315,57.9,HFET
391909:10612,266:266,05/10/25 20:52:39,STABLE BEAMS,6800,13996.934484206,13652.852292007,57.7,HFET
391909:10612,267:267,05/10/25 20:53:02,STABLE BEAMS,6800,14147.475901290,10619.014388914,58.3,HFET
391909:10612,268:268,05/10/25 20:53:26,STABLE BEAMS,6800,14186.378366675,13634.163871083,58.5,HFET
391909:10612,269:269,05/10/25 20:53:49,STABLE BEAMS,6800,14168.400341237,13818.783259123,58.4,HFET
391909:10612,270:270,05/10/25 20:54:12,STABLE BEAMS,6800,14103.048571473,13756.487947680,58.2,HFET
391909:10612,271:271,05/10/25 20:54:36,STABLE BEAMS,6800,14068.962509928,13722.081975937,58.0,HFET
391909:10612,272:272,05/10/25 20:54:59,STABLE BEAMS,6800,14009.398845202,13666.689325264,57.8,HFET
391909:10612,273:273,05/10/25 20:55:22,STABLE BEAMS,6800,14000.853907942,13656.475420999,57.7,HFET
391909:10612,274:274,05/10/25 20:55:45,STABLE BEAMS,6800,14211.907064695,13860.497710424,58.6,HFET
391909:10612,275:275,05/10/25 20:56:09,STABLE BEAMS,6800,14162.286700765,13810.806232434,58.4,HFET
391909:10612,276:276,05/10/25 20:56:32,STABLE BEAMS,6800,14133.599442466,13782.837491371,58.3,HFET
391909:10612,277:277,05/10/25 20:56:55,STABLE BEAMS,6800,14073.081489664,13728.269271365,58.0,HFET
391909:10612,278:278,05/10/25 20:57:19,STABLE BEAMS,6800,14024.334316082,13659.503556788,57.8,HFET
391909:10612,279:279,05/10/25 20:57:42,STABLE BEAMS,6800,14002.461882942,10536.760514729,57.7,HFET
391909:10612,280:280,05/10/25 20:58:05,STABLE BEAMS,6800,13990.290683691,13645.696053509,57.7,HFET
391909:10612,281:281,05/10/25 20:58:29,STABLE BEAMS,6800,14254.314717743,13699.689399898,58.8,HFET
391909:10612,282:282,05/10/25 20:58:52,STABLE BEAMS,6800,14263.932483104,13909.788177910,58.8,HFET
391909:10612,283:283,05/10/25 20:59:15,STABLE BEAMS,6800,14274.213827351,13918.524325226,58.9,HFET
391909:10612,284:284,05/10/25 20:59:39,STABLE BEAMS,6800,14316.349574106,10996.569982776,59.0,HFET
391909:10612,285:285,05/10/25 21:00:02,STABLE BEAMS,6800,14318.464001144,13961.564110926,59.0,HFET
391909:10612,286:286,05/10/25 21:00:25,STABLE BEAMS,6800,14332.674742838,11002.990460448,59.1,HFET
391909:10612,287:287,05/10/25 21:00:48,STABLE BEAMS,6800,14370.549261828,14010.904305477,59.3,HFET
391909:10612,288:288,05/10/25 21:01:12,STABLE BEAMS,6800,14355.042428027,7178.091066133,59.2,HFET
391909:10612,289:289,05/10/25 21:01:35,STABLE BEAMS,6800,14343.663321398,10790.397139935,59.2,HFET
391909:10612,290:290,05/10/25 21:01:58,STABLE BEAMS,6800,14332.950409710,13974.785065835,59.1,HFET
391909:10612,291:291,05/10/25 21:02:22,STABLE BEAMS,6800,14316.102602096,13959.011392137,59.0,HFET
391909:10612,292:292,05/10/25 21:02:45,STABLE BEAMS,6800,14313.116210985,13955.375665815,59.0,HFET
391909:10612,293:293,05/10/25 21:03:08,STABLE BEAMS,6800,14299.562835043,13943.167233148,59.0,HFET
391909:10612,294:294,05/10/25 21:03:32,STABLE BEAMS,6800,14343.353972809,13983.036532657,59.2,HFET
391909:10612,295:295,05/10/25 21:03:55,STABLE BEAMS,6800,14337.976343264,13778.578396815,59.1,HFET
391909:10612,296:296,05/10/25 21:04:18,STABLE BEAMS,6800,14385.428651014,14024.407979034,59.3,HFET
391909:10612,297:297,05/10/25 21:04:42,STABLE BEAMS,6800,14420.855768124,14058.446447399,59.5,HFET
391909:10612,298:298,05/10/25 21:05:05,STABLE BEAMS,6800,14314.910007693,13957.378466264,59.0,HFET
391909:10612,299:299,05/10/25 21:05:28,STABLE BEAMS,6800,14259.388067307,13903.933496615,58.8,HFET
391909:10612,300:300,05/10/25 21:05:52,STABLE BEAMS,6800,14326.345277768,13968.698751064,59.1,HFET
391909:10612,301:301,05/10/25 21:06:15,STABLE BEAMS,6800,14357.355184790,13998.200298094,59.2,HFET
391909:10612,302:302,05/10/25 21:06:38,STABLE BEAMS,6800,14383.573704003,14022.291134298,59.3,HFET
391909:10612,303:303,05/10/25 21:07:02,STABLE BEAMS,6800,14392.174804709,14031.945610693,59.4,HFET
391909:10612,304:304,05/10/25 21:07:25,STABLE BEAMS,6800,14384.388278354,14023.056338655,59.3,HFET
391909:10612,305:305,05/10/25 21:07:48,STABLE BEAMS,6800,14384.395799514,10796.394128103,59.3,HFET
391909:10612,306:306,05/10/25 21:08:11,STABLE BEAMS,6800,14370.848636705,14011.567351134,59.3,HFET
391909:10612,307:307,05/10/25 21:08:35,STABLE BEAMS,6800,14372.870766027,14011.674018515,59.3,HFET
391909:10612,308:308,05/10/25 21:08:58,STABLE BEAMS,6800,14373.318602066,14014.143749268,59.3,HFET
391909:10612,309:309,05/10/25 21:09:21,STABLE BEAMS,6800,14341.119861222,10547.712974160,59.1,HFET
391909:10612,310:310,05/10/25 21:09:45,STABLE BEAMS,6800,14333.519238326,13975.525125661,59.1,HFET
391909:10612,311:311,05/10/25 21:10:08,STABLE BEAMS,6800,14283.760386946,13929.863804176,58.9,HFET
391909:10612,312:312,05/10/25 21:10:31,STABLE BEAMS,6800,14241.209259592,7443.407869972,58.7,HFET
391909:10612,313:313,05/10/25 21:10:55,STABLE BEAMS,6800,14212.762760172,13861.477321562,58.6,HFET
391909:10612,314:314,05/10/25 21:11:18,STABLE BEAMS,6800,14153.081863449,13803.086183501,58.4,HFET
391909:10612,315:315,05/10/25 21:11:41,STABLE BEAMS,6800,14115.597790775,7242.077558731,58.2,HFET
391909:10612,316:316,05/10/25 21:12:04,STABLE BEAMS,6800,14072.336813052,13727.047385867,58.0,HFET
391909:10612,317:317,05/10/25 21:12:28,STABLE BEAMS,6800,14005.056519709,13659.612306622,57.8,HFET
391909:10612,318:318,05/10/25 21:12:51,STABLE BEAMS,6800,14107.686511262,13759.097776485,58.2,HFET
391909:10612,319:319,05/10/25 21:13:14,STABLE BEAMS,6800,14215.986149581,13862.510478878,58.6,HFET
391909:10612,320:320,05/10/25 21:13:38,STABLE BEAMS,6800,14188.467777681,13837.540710877,58.5,HFET
391909:10612,321:321,05/10/25 21:14:01,STABLE BEAMS,6800,14181.891340600,11442.072195682,58.5,HFET
391910:10612,1:1,05/10/25 21:16:25,STABLE BEAMS,6800,14105.017071652,13743.409916973,58.2,HFET
391910:10612,2:2,05/10/25 21:16:48,STABLE BEAMS,6800,14087.022777618,13733.260050086,58.1,HFET
391910:10612,3:3,05/10/25 21:17:12,STABLE BEAMS,6800,14060.899090424,13708.768046202,58.0,HFET
391910:10612,4:4,05/10/25 21:17:35,STABLE BEAMS,6800,14037.491032575,13688.447804543,57.9,HFET
391910:10612,5:5,05/10/25 21:17:58,STABLE BEAMS,6800,14004.497664805,13660.776065058,57.8,HFET
391910:10612,6:6,05/10/25 21:18:21,STABLE BEAMS,6800,13968.191144214,13624.673692029,57.6,HFET
391910:10612,7:7,05/10/25 21:18:45,STABLE BEAMS,6800,13972.781667993,13630.547244611,57.6,HFET
391910:10612,8:8,05/10/25 21:19:08,STABLE BEAMS,6800,14181.883819440,13829.321894124,58.5,HFET
391910:10612,9:9,05/10/25 21:19:31,STABLE BEAMS,6800,14349.603648179,13990.225468845,59.2,HFET
391910:10612,10:10,05/10/25 21:19:55,STABLE BEAMS,6800,14416.275136305,14055.622580061,59.5,HFET
391910:10612,11:11,05/10/25 21:20:18,STABLE BEAMS,6800,14222.466528366,13869.114932631,58.7,HFET
391910:10612,12:12,05/10/25 21:20:41,STABLE BEAMS,6800,14117.633572638,13769.231363339,58.2,HFET
391910:10612,13:13,05/10/25 21:21:05,STABLE BEAMS,6800,14158.761402175,13603.972507835,58.4,HFET
391910:10612,14:14,05/10/25 21:21:28,STABLE BEAMS,6800,14176.358955009,13824.562855623,58.5,HFET
391910:10612,15:15,05/10/25 21:21:51,STABLE BEAMS,6800,14198.262617314,13847.738847438,58.6,HFET
391910:10612,16:16,05/10/25 21:22:15,STABLE BEAMS,6800,14229.086702628,13874.738837273,58.7,HFET
391910:10612,17:17,05/10/25 21:22:38,STABLE BEAMS,6800,14280.529558128,13924.829933679,58.9,HFET
391910:10612,18:18,05/10/25 21:23:01,STABLE BEAMS,6800,14284.226944133,13929.396887868,58.9,HFET
391910:10612,19:19,05/10/25 21:23:24,STABLE BEAMS,6800,14284.142085826,13925.376168079,58.9,HFET
391910:10612,20:20,05/10/25 21:23:48,STABLE BEAMS,6800,14278.319072794,13922.854078423,58.9,HFET
391910:10612,21:21,05/10/25 21:24:11,STABLE BEAMS,6800,14308.066651177,13950.783477247,59.0,HFET
391910:10612,22:22,05/10/25 21:24:34,STABLE BEAMS,6800,14250.152082577,13897.669979416,58.8,HFET
391910:10612,23:23,05/10/25 21:24:58,STABLE BEAMS,6800,14266.931300480,13913.257526139,58.8,HFET
391910:10612,24:24,05/10/25 21:25:21,STABLE BEAMS,6800,14248.322069847,13886.477008584,58.8,HFET
391910:10612,25:25,05/10/25 21:25:44,STABLE BEAMS,6800,14256.644969378,13903.288647631,58.8,HFET
391910:10612,26:26,05/10/25 21:26:08,STABLE BEAMS,6800,14206.586743121,13654.903844713,58.6,HFET
391910:10612,27:27,05/10/25 21:26:31,STABLE BEAMS,6800,14189.395905200,13838.006275427,58.5,HFET
391910:10612,28:28,05/10/25 21:26:54,STABLE BEAMS,6800,14174.333146858,13824.020195546,58.5,HFET
391910:10612,29:29,05/10/25 21:27:18,STABLE BEAMS,6800,14153.572128641,13801.870154937,58.4,HFET
391910:10612,30:30,05/10/25 21:27:41,STABLE BEAMS,6800,14137.905551938,13789.188898854,58.3,HFET
391910:10612,31:31,05/10/25 21:28:04,STABLE BEAMS,6800,14092.308191199,13743.790701488,58.1,HFET
391910:10612,32:32,05/10/25 21:28:28,STABLE BEAMS,6800,14051.463467942,13704.333498048,57.9,HFET
391910:10612,33:33,05/10/25 21:28:51,STABLE BEAMS,6800,14013.191063227,13669.775465183,57.8,HFET
391910:10612,34:34,05/10/25 21:29:14,STABLE BEAMS,6800,14051.538352537,13705.115689933,57.9,HFET
391910:10612,35:35,05/10/25 21:29:37,STABLE BEAMS,6800,14209.967259377,13858.194925789,58.6,HFET
391910:10612,36:36,05/10/25 21:30:01,STABLE BEAMS,6800,14171.152186603,13820.124497913,58.4,HFET
391910:10612,37:37,05/10/25 21:30:24,STABLE BEAMS,6800,14126.122346452,13775.428713496,58.3,HFET
391910:10612,38:38,05/10/25 21:30:47,STABLE BEAMS,6800,14106.425408900,13760.228299713,58.2,HFET
391910:10612,39:39,05/10/25 21:31:11,STABLE BEAMS,6800,14064.329556994,13520.252415302,58.0,HFET
391910:10612,40:40,05/10/25 21:31:34,STABLE BEAMS,6800,14028.929908470,13684.052507434,57.9,HFET
391910:10612,41:41,05/10/25 21:31:57,STABLE BEAMS,6800,14010.736058435,13667.919423867,57.8,HFET
391910:10612,42:42,05/10/25 21:32:21,STABLE BEAMS,6800,13971.014113594,13627.674273451,57.6,HFET
391910:10612,43:43,05/10/25 21:32:44,STABLE BEAMS,6800,14254.026624606,13899.571292680,58.8,HFET
391910:10612,44:44,05/10/25 21:33:07,STABLE BEAMS,6800,14255.661986440,13901.215961142,58.8,HFET
391910:10612,45:45,05/10/25 21:33:31,STABLE BEAMS,6800,14201.933842762,13850.697153717,58.6,HFET
391910:10612,46:46,05/10/25 21:33:54,STABLE BEAMS,6800,14179.506233547,13827.431015091,58.5,HFET
391910:10612,47:47,05/10/25 21:34:17,STABLE BEAMS,6800,14110.780160658,13756.612138631,58.2,HFET
391910:10612,48:48,05/10/25 21:34:40,STABLE BEAMS,6800,14052.779507474,13703.256872818,58.0,HFET
391910:10612,49:49,05/10/25 21:35:04,STABLE BEAMS,6800,14026.131873371,13680.812787424,57.8,HFET
391910:10612,50:50,05/10/25 21:35:27,STABLE BEAMS,6800,13982.792332224,13640.389134260,57.7,HFET
391910:10612,51:51,05/10/25 21:35:50,STABLE BEAMS,6800,14193.866662679,13842.031928940,58.5,HFET
391910:10612,52:52,05/10/25 21:36:14,STABLE BEAMS,6800,14150.088032929,13601.449670862,58.4,HFET
391910:10612,53:53,05/10/25 21:36:37,STABLE BEAMS,6800,14094.189298767,13747.107475942,58.1,HFET
391910:10612,54:54,05/10/25 21:37:00,STABLE BEAMS,6800,14055.153414539,13708.798129944,58.0,HFET
391910:10612,55:55,05/10/25 21:37:24,STABLE BEAMS,6800,14031.668019543,13686.804303099,57.9,HFET
391910:10612,56:56,05/10/25 21:37:47,STABLE BEAMS,6800,14056.303579788,13710.290216271,58.0,HFET
391910:10612,57:57,05/10/25 21:38:10,STABLE BEAMS,6800,14069.906824292,13722.457581976,58.0,HFET
391910:10612,58:58,05/10/25 21:38:34,STABLE BEAMS,6800,14098.399431694,13749.913729718,58.1,HFET
391910:10612,59:59,05/10/25 21:38:57,STABLE BEAMS,6800,14125.145576646,13777.463050959,58.3,HFET
391910:10612,60:60,05/10/25 21:39:20,STABLE BEAMS,6800,14151.896790206,13801.006842267,58.4,HFET
391910:10612,61:61,05/10/25 21:39:44,STABLE BEAMS,6800,14198.328754473,13846.830624314,58.6,HFET
391910:10612,62:62,05/10/25 21:40:07,STABLE BEAMS,6800,14203.676462881,13849.520600575,58.6,HFET
391910:10612,63:63,05/10/25 21:40:30,STABLE BEAMS,6800,14230.188143839,13876.604365016,58.7,HFET
391910:10612,64:64,05/10/25 21:40:53,STABLE BEAMS,6800,14246.836395452,13892.692786165,58.8,HFET
391910:10612,65:65,05/10/25 21:41:17,STABLE BEAMS,6800,14227.428859065,13674.316856992,58.7,HFET
391910:10612,66:66,05/10/25 21:41:40,STABLE BEAMS,6800,14209.151458750,13857.517255106,58.6,HFET
391910:10612,67:67,05/10/25 21:42:03,STABLE BEAMS,6800,14197.191097240,13836.605031101,58.5,HFET
391910:10612,68:68,05/10/25 21:42:27,STABLE BEAMS,6800,14185.929222609,13834.177910580,58.5,HFET
391910:10612,69:69,05/10/25 21:42:50,STABLE BEAMS,6800,14191.364323628,13840.191524657,58.5,HFET
391910:10612,70:70,05/10/25 21:43:13,STABLE BEAMS,6800,14159.625926839,13807.967690482,58.4,HFET
391910:10612,71:71,05/10/25 21:43:37,STABLE BEAMS,6800,14138.191274274,13787.759206608,58.3,HFET
391910:10612,72:72,05/10/25 21:44:00,STABLE BEAMS,6800,14103.466486374,13756.702929744,58.2,HFET
391910:10612,73:73,05/10/25 21:44:23,STABLE BEAMS,6800,14051.729242853,13705.813275537,57.9,HFET
391910:10612,74:74,05/10/25 21:44:47,STABLE BEAMS,6800,14041.734765468,13696.984830240,57.9,HFET
391910:10612,75:75,05/10/25 21:45:10,STABLE BEAMS,6800,14030.643833727,13683.414853373,57.9,HFET
391910:10612,76:76,05/10/25 21:45:33,STABLE BEAMS,6800,14032.578652189,13688.198920247,57.9,HFET
391910:10612,77:77,05/10/25 21:45:56,STABLE BEAMS,6800,14054.513461908,13709.351982662,58.0,HFET
391910:10612,78:78,05/10/25 21:46:20,STABLE BEAMS,6800,14048.655540883,13503.989773869,57.9,HFET
391910:10612,79:79,05/10/25 21:46:43,STABLE BEAMS,6800,14072.984205091,13727.890011697,58.0,HFET
391910:10612,80:80,05/10/25 21:47:06,STABLE BEAMS,6800,14099.969882645,13750.324551263,58.1,HFET
391910:10612,81:81,05/10/25 21:47:30,STABLE BEAMS,6800,14112.429256784,13765.177604589,58.2,HFET
391910:10612,82:82,05/10/25 21:47:53,STABLE BEAMS,6800,14119.791655106,13771.742340523,58.2,HFET
391910:10612,83:83,05/10/25 21:48:16,STABLE BEAMS,6800,14123.668649687,13774.416359551,58.2,HFET
391910:10612,84:84,05/10/25 21:48:40,STABLE BEAMS,6800,14134.869374016,13785.586385271,58.3,HFET
391910:10612,85:85,05/10/25 21:49:03,STABLE BEAMS,6800,14107.499463278,13758.110319946,58.2,HFET
391910:10612,86:86,05/10/25 21:49:26,STABLE BEAMS,6800,14107.445752384,13760.966138422,58.2,HFET
391910:10612,87:87,05/10/25 21:49:50,STABLE BEAMS,6800,14101.133782187,13752.998452677,58.2,HFET
391910:10612,88:88,05/10/25 21:50:13,STABLE BEAMS,6800,14070.624032319,13722.490490135,58.0,HFET
391910:10612,89:89,05/10/25 21:50:36,STABLE BEAMS,6800,14127.684131718,13779.247987552,58.3,HFET
391910:10612,90:90,05/10/25 21:51:00,STABLE BEAMS,6800,14304.889451502,13947.874394830,59.0,HFET
391910:10612,91:91,05/10/25 21:51:23,STABLE BEAMS,6800,14256.994212817,13702.343294974,58.8,HFET
391910:10612,92:92,05/10/25 21:51:46,STABLE BEAMS,6800,14229.827618659,13877.718424675,58.7,HFET
391910:10612,93:93,05/10/25 21:52:09,STABLE BEAMS,6800,14213.476289370,13860.102578751,58.6,HFET
391910:10612,94:94,05/10/25 21:52:33,STABLE BEAMS,6800,14183.762474456,13832.557687883,58.5,HFET
391910:10612,95:95,05/10/25 21:52:56,STABLE BEAMS,6800,14136.680583846,13786.966606286,58.3,HFET
391910:10612,96:96,05/10/25 21:53:19,STABLE BEAMS,6800,14092.411688903,13743.892373801,58.1,HFET
391910:10612,97:97,05/10/25 21:53:43,STABLE BEAMS,6800,14055.921799156,13710.753276873,58.0,HFET
391910:10612,98:98,05/10/25 21:54:06,STABLE BEAMS,6800,14038.825793256,13692.611579816,57.9,HFET
391910:10612,99:99,05/10/25 21:54:29,STABLE BEAMS,6800,13982.895911680,13640.783549660,57.7,HFET
391910:10612,100:100,05/10/25 21:54:53,STABLE BEAMS,6800,14129.278372426,13780.853175250,58.3,HFET
391910:10612,101:101,05/10/25 21:55:16,STABLE BEAMS,6800,14234.640261920,13880.840917312,58.7,HFET
391910:10612,102:102,05/10/25 21:55:39,STABLE BEAMS,6800,14203.513041150,13851.933421767,58.6,HFET
391910:10612,103:103,05/10/25 21:56:03,STABLE BEAMS,6800,14164.048042032,13812.693976512,58.4,HFET
391910:10612,104:104,05/10/25 21:56:26,STABLE BEAMS,6800,14096.291217789,13551.520466748,58.1,HFET
391910:10612,105:105,05/10/25 21:56:49,STABLE BEAMS,6800,14063.848039238,13718.305797444,58.0,HFET
391910:10612,106:106,05/10/25 21:57:13,STABLE BEAMS,6800,14041.681136325,13696.257910495,57.9,HFET
391910:10612,107:107,05/10/25 21:57:36,STABLE BEAMS,6800,14037.973776607,13693.721444114,57.9,HFET
391910:10612,108:108,05/10/25 21:57:59,STABLE BEAMS,6800,14061.360660756,13715.514923025,58.0,HFET
391910:10612,109:109,05/10/25 21:58:22,STABLE BEAMS,6800,14078.371890101,13730.657725979,58.1,HFET
391910:10612,110:110,05/10/25 21:58:46,STABLE BEAMS,6800,14148.345331059,13800.366726707,58.3,HFET
391910:10612,111:111,05/10/25 21:59:09,STABLE BEAMS,6800,14186.811160394,13834.670831024,58.5,HFET
391910:10612,112:112,05/10/25 21:59:32,STABLE BEAMS,6800,14224.276593671,13871.115379610,58.7,HFET
391910:10612,113:113,05/10/25 21:59:56,STABLE BEAMS,6800,14273.823381034,13919.059717864,58.9,HFET
391910:10612,114:114,05/10/25 22:00:19,STABLE BEAMS,6800,14301.537548355,13945.490844392,59.0,HFET
391910:10612,115:115,05/10/25 22:00:42,STABLE BEAMS,6800,14324.666178753,13967.369476771,59.1,HFET
391910:10612,116:116,05/10/25 22:01:06,STABLE BEAMS,6800,14336.686464289,13977.883822157,59.1,HFET
391910:10612,117:117,05/10/25 22:01:29,STABLE BEAMS,6800,14346.208089603,13788.004326025,59.2,HFET
391910:10612,118:118,05/10/25 22:01:52,STABLE BEAMS,6800,14363.979037880,14005.425572686,59.2,HFET
391910:10612,119:119,05/10/25 22:02:16,STABLE BEAMS,6800,14341.404275530,13981.759026351,59.1,HFET
391910:10612,120:120,05/10/25 22:02:39,STABLE BEAMS,6800,14340.614635460,13983.330422813,59.1,HFET
391910:10612,121:121,05/10/25 22:03:02,STABLE BEAMS,6800,14327.569019584,13967.268486389,59.1,HFET
391910:10612,122:122,05/10/25 22:03:25,STABLE BEAMS,6800,14300.845274609,13944.189905907,59.0,HFET
391910:10612,123:123,05/10/25 22:03:49,STABLE BEAMS,6800,14301.957915809,13946.421254823,59.0,HFET
391910:10612,124:124,05/10/25 22:04:12,STABLE BEAMS,6800,14291.003018966,13933.680343019,58.9,HFET
391910:10612,125:125,05/10/25 22:04:35,STABLE BEAMS,6800,14254.458192049,13898.472507573,58.8,HFET
391910:10612,126:126,05/10/25 22:04:59,STABLE BEAMS,6800,14205.703579059,13852.999131535,58.6,HFET
391910:10612,127:127,05/10/25 22:05:22,STABLE BEAMS,6800,14173.756797082,13822.958324775,58.5,HFET
391910:10612,128:128,05/10/25 22:05:45,STABLE BEAMS,6800,14148.392747069,13800.890712565,58.3,HFET
391910:10612,129:129,05/10/25 22:06:09,STABLE BEAMS,6800,14126.190936163,13678.272276341,58.3,HFET
391910:10612,130:130,05/10/25 22:06:32,STABLE BEAMS,6800,14127.913690608,13698.903703141,58.3,HFET
391910:10612,131:131,05/10/25 22:06:55,STABLE BEAMS,6800,14127.645463145,13779.055146890,58.3,HFET
391910:10612,132:132,05/10/25 22:07:19,STABLE BEAMS,6800,14118.338354400,13769.230968811,58.2,HFET
391910:10612,133:133,05/10/25 22:07:42,STABLE BEAMS,6800,14135.741256338,13787.732362377,58.3,HFET
391910:10612,134:134,05/10/25 22:08:05,STABLE BEAMS,6800,14147.584385851,13795.775217945,58.3,HFET
391910:10612,135:135,05/10/25 22:08:29,STABLE BEAMS,6800,14152.554155958,13803.470363048,58.4,HFET
391910:10612,136:136,05/10/25 22:08:52,STABLE BEAMS,6800,14172.296056967,13820.784880734,58.4,HFET
391910:10612,137:137,05/10/25 22:09:15,STABLE BEAMS,6800,14202.346689056,13849.202117541,58.6,HFET
391910:10612,138:138,05/10/25 22:09:38,STABLE BEAMS,6800,14212.175210407,13860.470572315,58.6,HFET
391910:10612,139:139,05/10/25 22:10:02,STABLE BEAMS,6800,14210.468724558,13857.819576962,58.6,HFET
391910:10612,140:140,05/10/25 22:10:25,STABLE BEAMS,6800,14197.625198987,13846.461405650,58.6,HFET
391910:10612,141:141,05/10/25 22:10:48,STABLE BEAMS,6800,14199.427743132,13847.278751590,58.6,HFET
391910:10612,142:142,05/10/25 22:11:12,STABLE BEAMS,6800,14195.069230794,13644.480481337,58.5,HFET
391910:10612,143:143,05/10/25 22:11:35,STABLE BEAMS,6800,14181.987398896,13831.121183074,58.5,HFET
391910:10612,144:144,05/10/25 22:11:58,STABLE BEAMS,6800,14170.306383087,13819.984840688,58.4,HFET
391910:10612,145:145,05/10/25 22:12:22,STABLE BEAMS,6800,14155.566707627,13805.438811319,58.4,HFET
391910:10612,146:146,05/10/25 22:12:45,STABLE BEAMS,6800,14128.603511801,13779.764522997,58.3,HFET
391910:10612,147:147,05/10/25 22:13:08,STABLE BEAMS,6800,14079.856338220,13731.887050274,58.1,HFET
391910:10612,148:148,05/10/25 22:13:32,STABLE BEAMS,6800,14036.258543322,13690.938305710,57.9,HFET
391910:10612,149:149,05/10/25 22:13:55,STABLE BEAMS,6800,14009.240410327,13664.114759533,57.8,HFET
391910:10612,150:150,05/10/25 22:14:18,STABLE BEAMS,6800,14029.425078767,13684.120374123,57.9,HFET
391910:10612,151:151,05/10/25 22:14:41,STABLE BEAMS,6800,14174.016277109,13823.302704478,58.5,HFET
391910:10612,152:152,05/10/25 22:15:05,STABLE BEAMS,6800,14134.088481383,13783.489256220,58.3,HFET
391910:10612,153:153,05/10/25 22:15:28,STABLE BEAMS,6800,14117.559996071,13769.249850446,58.2,HFET
391910:10612,154:154,05/10/25 22:15:51,STABLE BEAMS,6800,14095.079983989,13748.301015955,58.1,HFET
391910:10612,155:155,05/10/25 22:16:15,STABLE BEAMS,6800,14080.214329095,13534.078291778,58.1,HFET
391910:10612,156:156,05/10/25 22:16:38,STABLE BEAMS,6800,14106.763452351,13757.872493036,58.2,HFET
391910:10612,157:157,05/10/25 22:17:01,STABLE BEAMS,6800,14081.791074931,13735.712165725,58.1,HFET
391910:10612,158:158,05/10/25 22:17:25,STABLE BEAMS,6800,14079.744011327,13730.952967090,58.1,HFET
391910:10612,159:159,05/10/25 22:17:48,STABLE BEAMS,6800,14058.883255986,13712.596949729,58.0,HFET
391910:10612,160:160,05/10/25 22:18:11,STABLE BEAMS,6800,14013.285813495,13668.827659212,57.8,HFET
391910:10612,161:161,05/10/25 22:18:35,STABLE BEAMS,6800,13795.013814478,13461.280063065,56.9,HFET
391910:10612,162:162,05/10/25 22:18:58,STABLE BEAMS,6800,14143.219660380,13793.443813763,58.3,HFET
391910:10612,163:163,05/10/25 22:19:21,STABLE BEAMS,6800,14112.179750470,13762.972960776,58.2,HFET
391910:10612,164:164,05/10/25 22:19:45,STABLE BEAMS,6800,14093.379711273,13745.199717108,58.1,HFET
391910:10612,165:165,05/10/25 22:20:08,STABLE BEAMS,6800,14084.155008283,13736.898448537,58.1,HFET
391910:10612,166:166,05/10/25 22:20:31,STABLE BEAMS,6800,14065.503348497,13719.620247734,58.0,HFET
391910:10612,167:167,05/10/25 22:20:55,STABLE BEAMS,6800,13994.171438853,13651.195985053,57.7,HFET
391910:10612,168:168,05/10/25 22:21:18,STABLE BEAMS,6800,14012.588552893,13470.937766013,57.8,HFET
391910:10612,169:169,05/10/25 22:21:41,STABLE BEAMS,6800,14005.484408323,13661.547240350,57.8,HFET
391910:10612,170:170,05/10/25 22:22:04,STABLE BEAMS,6800,13975.351370479,13630.886968596,57.6,HFET
391910:10612,171:171,05/10/25 22:22:28,STABLE BEAMS,6800,14183.512968142,13831.996304256,58.5,HFET
391910:10612,172:172,05/10/25 22:22:51,STABLE BEAMS,6800,14184.796552232,13833.136208281,58.5,HFET
391910:10612,173:173,05/10/25 22:23:14,STABLE BEAMS,6800,14113.972320902,13765.602996581,58.2,HFET
391910:10612,174:174,05/10/25 22:23:38,STABLE BEAMS,6800,14100.037246080,13753.191547997,58.1,HFET
391910:10612,175:175,05/10/25 22:24:01,STABLE BEAMS,6800,14048.200183683,13703.827407460,57.9,HFET
391910:10612,176:176,05/10/25 22:24:24,STABLE BEAMS,6800,13988.246154392,13644.422958883,57.7,HFET
391910:10612,177:177,05/10/25 22:24:48,STABLE BEAMS,6800,14047.507909938,13702.178877076,57.9,HFET
391910:10612,178:178,05/10/25 22:25:11,STABLE BEAMS,6800,14183.454352143,13831.687634279,58.5,HFET
391910:10612,179:179,05/10/25 22:25:34,STABLE BEAMS,6800,14140.643744762,13791.385003037,58.3,HFET
391910:10612,180:180,05/10/25 22:25:58,STABLE BEAMS,6800,14082.613170442,13735.126021268,58.1,HFET
391910:10612,181:181,05/10/25 22:26:21,STABLE BEAMS,6800,14025.627955637,13478.498039650,57.8,HFET
391910:10612,182:182,05/10/25 22:26:44,STABLE BEAMS,6800,13992.081946096,13649.228383527,57.7,HFET
391910:10612,183:183,05/10/25 22:27:07,STABLE BEAMS,6800,14097.983969345,13749.578307733,58.1,HFET
391910:10612,184:184,05/10/25 22:27:31,STABLE BEAMS,6800,13430.441678717,13109.962921449,55.4,HFET
391910:10612,185:185,05/10/25 22:27:54,STABLE BEAMS,6800,13992.857851873,13650.887655390,57.7,HFET
391910:10612,186:186,05/10/25 22:28:17,STABLE BEAMS,6800,13179.257409657,12866.113536747,54.4,HFET
391910:10612,187:187,05/10/25 22:28:41,STABLE BEAMS,6800,14376.453372588,14016.296794558,59.3,HFET
391910:10612,188:188,05/10/25 22:29:04,STABLE BEAMS,6800,14415.909624269,14052.104878038,59.5,HFET
391910:10612,189:189,05/10/25 22:29:27,STABLE BEAMS,6800,14201.474724983,13850.309411773,58.6,HFET
391910:10612,190:190,05/10/25 22:29:51,STABLE BEAMS,6800,14172.954730747,13823.313676169,58.4,HFET
391910:10612,191:191,05/10/25 22:30:14,STABLE BEAMS,6800,14185.934209465,13833.007595389,58.5,HFET
391910:10612,192:192,05/10/25 22:30:37,STABLE BEAMS,6800,14206.042848786,13853.838924859,58.6,HFET
391910:10612,193:193,05/10/25 22:31:01,STABLE BEAMS,6800,14226.788906434,13873.541122440,58.7,HFET
391910:10612,194:194,05/10/25 22:31:24,STABLE BEAMS,6800,14254.917228076,13698.692986444,58.8,HFET
391910:10612,195:195,05/10/25 22:31:47,STABLE BEAMS,6800,14259.944387907,13905.005208651,58.8,HFET
391910:10612,196:196,05/10/25 22:32:10,STABLE BEAMS,6800,14259.778513624,13904.447970981,58.8,HFET
391910:10612,197:197,05/10/25 22:32:34,STABLE BEAMS,6800,14259.583944479,13904.474372716,58.8,HFET
391910:10612,198:198,05/10/25 22:32:57,STABLE BEAMS,6800,14260.352329096,13906.532144880,58.8,HFET
391910:10612,199:199,05/10/25 22:33:20,STABLE BEAMS,6800,14240.289879509,13884.983247663,58.7,HFET
391910:10612,200:200,05/10/25 22:33:44,STABLE BEAMS,6800,14220.050273899,13867.003527131,58.6,HFET
391910:10612,201:201,05/10/25 22:34:07,STABLE BEAMS,6800,14208.155967796,13854.924058350,58.6,HFET
391910:10612,202:202,05/10/25 22:34:30,STABLE BEAMS,6800,14227.781863084,13874.488170752,58.7,HFET
391910:10612,203:203,05/10/25 22:34:54,STABLE BEAMS,6800,14259.325690728,13904.046882552,58.8,HFET
391910:10612,204:204,05/10/25 22:35:17,STABLE BEAMS,6800,14311.843826882,13954.521676506,59.0,HFET
391910:10612,205:205,05/10/25 22:35:40,STABLE BEAMS,6800,14365.779129473,14007.787262229,59.2,HFET
391910:10612,206:206,05/10/25 22:36:04,STABLE BEAMS,6800,14387.610441487,14026.741956011,59.3,HFET
391910:10612,207:207,05/10/25 22:36:27,STABLE BEAMS,6800,14403.827043906,13841.938641023,59.4,HFET
391910:10612,208:208,05/10/25 22:36:50,STABLE BEAMS,6800,14343.259222541,13984.326095463,59.2,HFET
391910:10612,209:209,05/10/25 22:37:14,STABLE BEAMS,6800,14207.462467774,13853.431190152,58.6,HFET
391910:10612,210:210,05/10/25 22:37:37,STABLE BEAMS,6800,14250.149548273,13895.400551258,58.8,HFET
391910:10612,211:211,05/10/25 22:38:00,STABLE BEAMS,6800,14279.717436329,13923.356385058,58.9,HFET
391910:10612,212:212,05/10/25 22:38:23,STABLE BEAMS,6800,14274.927356549,13917.896998548,58.9,HFET
391910:10612,213:213,05/10/25 22:38:47,STABLE BEAMS,6800,14287.143437506,13932.436850272,58.9,HFET
391910:10612,214:214,05/10/25 22:39:10,STABLE BEAMS,6800,14283.660568069,13927.722445175,58.9,HFET
391910:10612,215:215,05/10/25 22:39:33,STABLE BEAMS,6800,14309.847939869,13954.582840048,59.0,HFET
391910:10612,216:216,05/10/25 22:39:57,STABLE BEAMS,6800,14331.542072462,13975.694788489,59.1,HFET
391910:10612,217:217,05/10/25 22:40:20,STABLE BEAMS,6800,14891.392303712,14508.412900234,61.4,HFET
391910:10612,218:218,05/10/25 22:40:43,STABLE BEAMS,6800,15218.944389682,14819.844628934,62.8,HFET
391910:10612,219:219,05/10/25 22:41:07,STABLE BEAMS,6800,14892.406434063,14507.698950976,61.4,HFET
391910:10612,220:220,05/10/25 22:41:30,STABLE BEAMS,6800,14354.274043410,13794.630171129,59.2,HFET
391910:10612,221:221,05/10/25 22:41:53,STABLE BEAMS,6800,14361.718683984,14003.249783503,59.2,HFET
391910:10612,222:222,05/10/25 22:42:17,STABLE BEAMS,6800,14320.965113919,13962.772955323,59.1,HFET
391910:10612,223:223,05/10/25 22:42:40,STABLE BEAMS,6800,14314.324992232,13957.557785037,59.0,HFET
391910:10612,224:224,05/10/25 22:43:03,STABLE BEAMS,6800,14283.474746361,13927.146568745,58.9,HFET
391910:10612,225:225,05/10/25 22:43:27,STABLE BEAMS,6800,14242.275792810,13888.901195637,58.7,HFET
391910:10612,226:226,05/10/25 22:43:50,STABLE BEAMS,6800,14211.391865221,13860.835538317,58.6,HFET
391910:10612,227:227,05/10/25 22:44:13,STABLE BEAMS,6800,14183.443152154,13831.536322925,58.5,HFET
391910:10612,228:228,05/10/25 22:44:37,STABLE BEAMS,6800,14169.737554471,13820.422010256,58.4,HFET
391910:10612,229:229,05/10/25 22:45:00,STABLE BEAMS,6800,14139.733112116,13790.257060651,58.3,HFET
391910:10612,230:230,05/10/25 22:45:23,STABLE BEAMS,6800,14118.329606964,13769.573954434,58.2,HFET
391910:10612,231:231,05/10/25 22:45:46,STABLE BEAMS,6800,14092.288243774,13743.955041826,58.1,HFET
391910:10612,232:232,05/10/25 22:46:10,STABLE BEAMS,6800,14044.762277705,13697.165793207,57.9,HFET
391910:10612,233:233,05/10/25 22:46:33,STABLE BEAMS,6800,14007.833299355,13467.843736605,57.8,HFET
391910:10612,234:234,05/10/25 22:46:56,STABLE BEAMS,6800,14038.092234881,13692.651630761,57.9,HFET
391910:10612,235:235,05/10/25 22:47:20,STABLE BEAMS,6800,14167.124196555,13815.358612637,58.4,HFET
391910:10612,236:236,05/10/25 22:47:43,STABLE BEAMS,6800,14153.333822315,13804.321274928,58.4,HFET
391910:10612,237:237,05/10/25 22:48:06,STABLE BEAMS,6800,14088.066910858,13740.298503385,58.1,HFET
391910:10612,238:238,05/10/25 22:48:30,STABLE BEAMS,6800,14029.582287366,13684.296135442,57.9,HFET
391910:10612,239:239,05/10/25 22:48:53,STABLE BEAMS,6800,13986.019482213,13643.247416043,57.7,HFET
391910:10612,240:240,05/10/25 22:49:16,STABLE BEAMS,6800,14198.308807048,13844.655657301,58.6,HFET
391910:10612,241:241,05/10/25 22:49:39,STABLE BEAMS,6800,14163.423049969,13813.362219999,58.4,HFET
391910:10612,242:242,05/10/25 22:50:03,STABLE BEAMS,6800,14079.410954733,13731.753132840,58.1,HFET
391910:10612,243:243,05/10/25 22:50:26,STABLE BEAMS,6800,14025.332259589,13682.086902057,57.8,HFET
391910:10612,244:244,05/10/25 22:50:49,STABLE BEAMS,6800,13948.939508397,13608.609995901,57.5,HFET
391910:10612,245:245,05/10/25 22:51:13,STABLE BEAMS,6800,14221.189157407,13866.021130197,58.6,HFET
391910:10612,246:246,05/10/25 22:51:36,STABLE BEAMS,6800,14189.888622945,13640.158359233,58.5,HFET
391910:10612,247:247,05/10/25 22:51:59,STABLE BEAMS,6800,14188.273208536,13836.083427649,58.5,HFET
391910:10612,248:248,05/10/25 22:52:23,STABLE BEAMS,6800,14198.300059612,13843.143040769,58.6,HFET
391910:10612,249:249,05/10/25 22:52:46,STABLE BEAMS,6800,14204.019493187,13850.593864294,58.6,HFET
391910:10612,250:250,05/10/25 22:53:09,STABLE BEAMS,6800,14222.182114057,13868.067016702,58.7,HFET
391910:10612,251:251,05/10/25 22:53:33,STABLE BEAMS,6800,14239.706090324,13886.703535694,58.7,HFET
391910:10612,252:252,05/10/25 22:53:56,STABLE BEAMS,6800,14239.778440615,13886.263193377,58.7,HFET
391910:10612,253:253,05/10/25 22:54:19,STABLE BEAMS,6800,14273.152199238,13917.177192811,58.9,HFET
391910:10612,254:254,05/10/25 22:54:43,STABLE BEAMS,6800,14290.527714342,13935.665635957,58.9,HFET
391910:10612,255:255,05/10/25 22:55:06,STABLE BEAMS,6800,14293.934472907,13937.588518980,58.9,HFET
391910:10612,256:256,05/10/25 22:55:29,STABLE BEAMS,6800,14307.905681999,13951.781563322,59.0,HFET
391910:10612,257:257,05/10/25 22:55:52,STABLE BEAMS,6800,14309.075794672,13952.041092762,59.0,HFET
391910:10612,258:258,05/10/25 22:56:16,STABLE BEAMS,6800,14299.067664746,13894.073781408,59.0,HFET
391910:10612,259:259,05/10/25 22:56:39,STABLE BEAMS,6800,14282.300873107,13794.247493050,58.9,HFET
391910:10612,260:260,05/10/25 22:57:02,STABLE BEAMS,6800,14266.368684996,13910.306933406,58.8,HFET
391910:10612,261:261,05/10/25 22:57:26,STABLE BEAMS,6800,14250.128374572,13895.271184734,58.8,HFET
391910:10612,262:262,05/10/25 22:57:49,STABLE BEAMS,6800,14239.956822915,13887.042026367,58.7,HFET
391910:10612,263:263,05/10/25 22:58:12,STABLE BEAMS,6800,14213.705848260,13860.072189819,58.6,HFET
391910:10612,264:264,05/10/25 22:58:36,STABLE BEAMS,6800,14198.542044766,13846.249619926,58.6,HFET
391910:10612,265:265,05/10/25 22:58:59,STABLE BEAMS,6800,14212.437224738,13860.542938446,58.6,HFET
391910:10612,266:266,05/10/25 22:59:22,STABLE BEAMS,6800,14205.285664157,13852.479537223,58.6,HFET
391910:10612,267:267,05/10/25 22:59:46,STABLE BEAMS,6800,14229.605580930,13876.507928967,58.7,HFET
391910:10612,268:268,05/10/25 23:00:09,STABLE BEAMS,6800,14256.205880775,13900.033980966,58.8,HFET
391910:10612,269:269,05/10/25 23:00:32,STABLE BEAMS,6800,14272.327651174,13917.065516924,58.9,HFET
391910:10612,270:270,05/10/25 23:00:56,STABLE BEAMS,6800,14290.890692073,13935.011064924,58.9,HFET
391910:10612,271:271,05/10/25 23:01:19,STABLE BEAMS,6800,14311.802705756,13752.764866324,59.0,HFET
391910:10612,272:272,05/10/25 23:01:42,STABLE BEAMS,6800,14331.263871286,13974.836891960,59.1,HFET
391910:10612,273:273,05/10/25 23:02:05,STABLE BEAMS,6800,14295.272994168,13938.688083609,59.0,HFET
391910:10612,274:274,05/10/25 23:02:29,STABLE BEAMS,6800,14284.100964700,13928.763756913,58.9,HFET
391910:10612,275:275,05/10/25 23:02:52,STABLE BEAMS,6800,14245.101214742,13891.822455327,58.7,HFET
391910:10612,276:276,05/10/25 23:03:15,STABLE BEAMS,6800,14220.137584758,13865.263393338,58.6,HFET
391910:10612,277:277,05/10/25 23:03:39,STABLE BEAMS,6800,14207.392570035,13854.423525101,58.6,HFET
391910:10612,278:278,05/10/25 23:04:02,STABLE BEAMS,6800,14147.124123547,13796.956346367,58.3,HFET
391910:10612,279:279,05/10/25 23:04:25,STABLE BEAMS,6800,14124.308602318,13776.521449339,58.2,HFET
391910:10612,280:280,05/10/25 23:04:49,STABLE BEAMS,6800,14086.647373621,13740.639368619,58.1,HFET
391910:10612,281:281,05/10/25 23:05:12,STABLE BEAMS,6800,13979.067477633,13636.167473642,57.6,HFET
391910:10612,282:282,05/10/25 23:05:35,STABLE BEAMS,6800,13948.484232950,13605.950447809,57.5,HFET
391910:10612,283:283,05/10/25 23:05:59,STABLE BEAMS,6800,14209.266238195,13857.923664093,58.6,HFET
391910:10612,284:284,05/10/25 23:06:22,STABLE BEAMS,6800,14313.944519628,13756.599868180,59.0,HFET
391910:10612,285:285,05/10/25 23:06:45,STABLE BEAMS,6800,14325.813809698,13969.187093837,59.1,HFET
391910:10612,286:286,05/10/25 23:07:09,STABLE BEAMS,6800,14330.385694080,13971.389095881,59.1,HFET
391910:10612,287:287,05/10/25 23:07:32,STABLE BEAMS,6800,14339.095279348,13980.309968161,59.1,HFET
391910:10612,288:288,05/10/25 23:07:55,STABLE BEAMS,6800,14326.668360650,13968.757480085,59.1,HFET
391910:10612,289:289,05/10/25 23:08:18,STABLE BEAMS,6800,14317.625718789,13959.398275163,59.0,HFET
391910:10612,290:290,05/10/25 23:08:42,STABLE BEAMS,6800,14316.078894091,13959.414101529,59.0,HFET
391910:10612,291:291,05/10/25 23:09:05,STABLE BEAMS,6800,14305.252429233,13946.754918302,59.0,HFET
391910:10612,292:292,05/10/25 23:09:28,STABLE BEAMS,6800,14275.407566278,13919.877451626,58.9,HFET
391910:10612,293:293,05/10/25 23:09:52,STABLE BEAMS,6800,14289.437473119,13932.844150871,58.9,HFET
391910:10612,294:294,05/10/25 23:10:15,STABLE BEAMS,6800,14243.761467205,13888.947550129,58.7,HFET
391910:10612,295:295,05/10/25 23:10:38,STABLE BEAMS,6800,14203.938395460,13853.259846104,58.6,HFET
391910:10612,296:296,05/10/25 23:11:02,STABLE BEAMS,6800,14174.086093096,13824.004292418,58.5,HFET
391910:10612,297:297,05/10/25 23:11:25,STABLE BEAMS,6800,14140.738495031,13591.083416614,58.3,HFET
391910:10612,298:298,05/10/25 23:11:48,STABLE BEAMS,6800,14098.783583127,13749.273763875,58.1,HFET
391910:10612,299:299,05/10/25 23:12:12,STABLE BEAMS,6800,14071.603336428,13721.387654357,58.0,HFET
391910:10612,300:300,05/10/25 23:12:35,STABLE BEAMS,6800,14068.594463588,13722.221234881,58.0,HFET
391910:10612,301:301,05/10/25 23:12:58,STABLE BEAMS,6800,14063.275450042,13718.296793362,58.0,HFET
391910:10612,302:302,05/10/25 23:13:21,STABLE BEAMS,6800,14075.174743001,13727.166606264,58.0,HFET
391910:10612,303:303,05/10/25 23:13:45,STABLE BEAMS,6800,14089.955539587,13743.984666090,58.1,HFET
391910:10612,304:304,05/10/25 23:14:08,STABLE BEAMS,6800,14112.862132255,13763.292149924,58.2,HFET
391910:10612,305:305,05/10/25 23:14:31,STABLE BEAMS,6800,14152.898494293,13803.159052573,58.4,HFET
391910:10612,306:306,05/10/25 23:14:55,STABLE BEAMS,6800,14136.799123871,13788.080611163,58.3,HFET
391910:10612,307:307,05/10/25 23:15:18,STABLE BEAMS,6800,14136.567112429,13786.093674200,58.3,HFET
391910:10612,308:308,05/10/25 23:15:41,STABLE BEAMS,6800,14148.846796240,13798.438723130,58.3,HFET
391910:10612,309:309,05/10/25 23:16:05,STABLE BEAMS,6800,14158.758949623,13806.421573212,58.4,HFET
391910:10612,310:310,05/10/25 23:16:28,STABLE BEAMS,6800,14136.376222113,13591.292256819,58.3,HFET
391910:10612,311:311,05/10/25 23:16:51,STABLE BEAMS,6800,14250.093466579,13895.992318324,58.8,HFET
391910:10612,312:312,05/10/25 23:17:15,STABLE BEAMS,6800,14300.926290585,13942.727413123,59.0,HFET
391910:10612,313:313,05/10/25 23:17:38,STABLE BEAMS,6800,14284.163341279,13928.281893567,58.9,HFET
391910:10612,314:314,05/10/25 23:18:01,STABLE BEAMS,6800,14277.533193304,13921.585829929,58.9,HFET
391910:10612,315:315,05/10/25 23:18:25,STABLE BEAMS,6800,14282.192388547,13924.680645795,58.9,HFET
391910:10612,316:316,05/10/25 23:18:48,STABLE BEAMS,6800,14276.777234952,13922.043176068,58.9,HFET
391910:10612,317:317,05/10/25 23:19:11,STABLE BEAMS,6800,14290.373040047,13933.678300962,58.9,HFET
391910:10612,318:318,05/10/25 23:19:34,STABLE BEAMS,6800,14296.119942208,13939.689281384,59.0,HFET
391910:10612,319:319,05/10/25 23:19:58,STABLE BEAMS,6800,14284.426500134,13928.597403522,58.9,HFET
391910:10612,320:320,05/10/25 23:20:21,STABLE BEAMS,6800,14275.628377731,13919.103706820,58.9,HFET
391910:10612,321:321,05/10/25 23:20:44,STABLE BEAMS,6800,14242.929397982,13888.725772554,58.7,HFET
391910:10612,322:322,05/10/25 23:21:08,STABLE BEAMS,6800,14215.262646670,13862.805966035,58.6,HFET
391910:10612,323:323,05/10/25 23:21:31,STABLE BEAMS,6800,14209.128977021,13658.550051089,58.6,HFET
391910:10612,324:324,05/10/25 23:21:54,STABLE BEAMS,6800,14149.106276267,13798.039706864,58.4,HFET
391910:10612,325:325,05/10/25 23:22:18,STABLE BEAMS,6800,14136.085594672,13785.233507108,58.3,HFET
391910:10612,326:326,05/10/25 23:22:41,STABLE BEAMS,6800,14141.913594561,13792.699326332,58.3,HFET
391910:10612,327:327,05/10/25 23:23:04,STABLE BEAMS,6800,14113.004380285,13762.722977518,58.2,HFET
391910:10612,328:328,05/10/25 23:23:28,STABLE BEAMS,6800,14102.474756000,13754.411759879,58.2,HFET
391910:10612,329:329,05/10/25 23:23:51,STABLE BEAMS,6800,14083.314191624,13735.757464739,58.1,HFET
391910:10612,330:330,05/10/25 23:24:14,STABLE BEAMS,6800,14025.878688228,13680.173956779,57.8,HFET
391910:10612,331:331,05/10/25 23:24:38,STABLE BEAMS,6800,14027.436712914,13682.826679709,57.8,HFET
391910:10612,332:332,05/10/25 23:25:01,STABLE BEAMS,6800,14031.347389213,13686.372950301,57.9,HFET
391910:10612,333:333,05/10/25 23:25:24,STABLE BEAMS,6800,14047.053860766,13700.544789768,57.9,HFET
391910:10612,334:334,05/10/25 23:25:47,STABLE BEAMS,6800,14062.409699101,13715.065129396,58.0,HFET
391910:10612,335:335,05/10/25 23:26:11,STABLE BEAMS,6800,14084.199889989,13736.013624180,58.1,HFET
391910:10612,336:336,05/10/25 23:26:34,STABLE BEAMS,6800,14112.204766503,13566.997233071,58.2,HFET
391910:10612,337:337,05/10/25 23:26:57,STABLE BEAMS,6800,14119.140502486,13771.117417140,58.2,HFET
391910:10612,338:338,05/10/25 23:27:21,STABLE BEAMS,6800,14110.565644089,13760.367320267,58.2,HFET
391910:10612,339:339,05/10/25 23:27:44,STABLE BEAMS,6800,14098.486742554,13752.642891475,58.1,HFET
391910:10612,340:340,05/10/25 23:28:07,STABLE BEAMS,6800,14066.441449728,13719.563623908,58.0,HFET
391910:10612,341:341,05/10/25 23:28:31,STABLE BEAMS,6800,14032.407709298,13688.764229219,57.9,HFET
391910:10612,342:342,05/10/25 23:28:54,STABLE BEAMS,6800,13989.121797294,13646.961675603,57.7,HFET
391910:10612,343:343,05/10/25 23:29:17,STABLE BEAMS,6800,14117.966629232,13769.510338377,58.2,HFET
391910:10612,344:344,05/10/25 23:29:41,STABLE BEAMS,6800,14121.702683811,13773.887976698,58.2,HFET
391910:10612,345:345,05/10/25 23:30:04,STABLE BEAMS,6800,14081.808569803,13732.675313038,58.1,HFET
391910:10612,346:346,05/10/25 23:30:27,STABLE BEAMS,6800,14043.235400432,13697.311343127,57.9,HFET
391910:10612,347:347,05/10/25 23:30:50,STABLE BEAMS,6800,13989.059420715,13646.506352803,57.7,HFET
391910:10612,348:348,05/10/25 23:31:14,STABLE BEAMS,6800,14144.934893665,13792.703795949,58.3,HFET
391910:10612,349:349,05/10/25 23:31:37,STABLE BEAMS,6800,14224.998870305,13672.300297618,58.7,HFET
391910:10612,350:350,05/10/25 23:32:00,STABLE BEAMS,6800,14199.648554585,13846.210917169,58.6,HFET
391910:10612,351:351,05/10/25 23:32:24,STABLE BEAMS,6800,14208.198396950,13854.583835976,58.6,HFET
391910:10612,352:352,05/10/25 23:32:47,STABLE BEAMS,6800,14229.296232341,13876.214313272,58.7,HFET
391910:10612,353:353,05/10/25 23:33:10,STABLE BEAMS,6800,14242.300727091,13880.212115824,58.7,HFET
391910:10612,354:354,05/10/25 23:33:34,STABLE BEAMS,6800,14272.466138624,13916.319146770,58.9,HFET
391910:10612,355:355,05/10/25 23:33:57,STABLE BEAMS,6800,14281.793194794,13925.845635095,58.9,HFET
391910:10612,356:356,05/10/25 23:34:20,STABLE BEAMS,6800,14305.141410369,13947.943833230,59.0,HFET
391910:10612,357:357,05/10/25 23:34:44,STABLE BEAMS,6800,14317.036942747,13959.771862107,59.0,HFET
391910:10612,358:358,05/10/25 23:35:07,STABLE BEAMS,6800,14334.597053284,13975.697422113,59.1,HFET
391910:10612,359:359,05/10/25 23:35:30,STABLE BEAMS,6800,14348.036876057,13989.374701029,59.2,HFET
391910:10612,360:360,05/10/25 23:35:54,STABLE BEAMS,6800,14337.930153530,13979.514716346,59.1,HFET
391910:10612,361:361,05/10/25 23:36:17,STABLE BEAMS,6800,14330.641413527,13970.598266875,59.1,HFET
391910:10612,362:362,05/10/25 23:36:40,STABLE BEAMS,6800,14313.608928730,13754.247468384,59.0,HFET
391910:10612,363:363,05/10/25 23:37:03,STABLE BEAMS,6800,14283.893887539,13926.768119687,58.9,HFET
391910:10612,364:364,05/10/25 23:37:27,STABLE BEAMS,6800,14259.514046740,13905.185419671,58.8,HFET
391910:10612,365:365,05/10/25 23:37:50,STABLE BEAMS,6800,14233.294301251,13879.921681861,58.7,HFET
391910:10612,366:366,05/10/25 23:38:13,STABLE BEAMS,6800,14209.200101036,13856.443988452,58.6,HFET
391910:10612,367:367,05/10/25 23:38:37,STABLE BEAMS,6800,14179.136960931,13828.600012281,58.5,HFET
391910:10612,368:368,05/10/25 23:39:00,STABLE BEAMS,6800,14134.168271083,13785.852009082,58.3,HFET
391910:10612,369:369,05/10/25 23:39:23,STABLE BEAMS,6800,14124.884870343,13776.198129107,58.3,HFET
391910:10612,370:370,05/10/25 23:39:47,STABLE BEAMS,6800,14118.319633251,13769.147939970,58.2,HFET
391910:10612,371:371,05/10/25 23:40:10,STABLE BEAMS,6800,14095.273326857,13745.160979282,58.1,HFET
391910:10612,372:372,05/10/25 23:40:33,STABLE BEAMS,6800,14101.409449059,13753.547177379,58.2,HFET
391910:10612,373:373,05/10/25 23:40:57,STABLE BEAMS,6800,14122.476137036,13772.900976936,58.2,HFET
391910:10612,374:374,05/10/25 23:41:20,STABLE BEAMS,6800,14127.175145377,13776.560973554,58.3,HFET
391910:10612,375:375,05/10/25 23:41:43,STABLE BEAMS,6800,14139.302689198,13589.349931381,58.3,HFET
391910:10612,376:376,05/10/25 23:42:07,STABLE BEAMS,6800,14135.456842030,13783.751781269,58.3,HFET
391910:10612,377:377,05/10/25 23:42:30,STABLE BEAMS,6800,14128.285415776,13779.524912384,58.3,HFET
391910:10612,378:378,05/10/25 23:42:53,STABLE BEAMS,6800,14123.883166256,13775.229150019,58.2,HFET
391910:10612,379:379,05/10/25 23:43:16,STABLE BEAMS,6800,14104.004085825,13754.537186777,58.2,HFET
391910:10612,380:380,05/10/25 23:43:40,STABLE BEAMS,6800,14083.453905349,13736.297396113,58.1,HFET
391910:10612,381:381,05/10/25 23:44:03,STABLE BEAMS,6800,14073.574207409,13726.186049310,58.0,HFET
391910:10612,382:382,05/10/25 23:44:26,STABLE BEAMS,6800,14064.183548384,13716.463828930,58.0,HFET
391910:10612,383:383,05/10/25 23:44:50,STABLE BEAMS,6800,14059.367226295,13712.887073898,58.0,HFET
391910:10612,384:384,05/10/25 23:45:13,STABLE BEAMS,6800,14048.635593458,13703.663371050,57.9,HFET
391910:10612,385:385,05/10/25 23:45:36,STABLE BEAMS,6800,14017.085470929,13673.520963237,57.8,HFET
391910:10612,386:386,05/10/25 23:46:00,STABLE BEAMS,6800,14004.937979684,13661.125436744,57.8,HFET
391910:10612,387:387,05/10/25 23:46:23,STABLE BEAMS,6800,13988.970883579,13644.942398645,57.7,HFET
391910:10612,388:388,05/10/25 23:46:46,STABLE BEAMS,6800,14106.496451164,13555.982107145,58.2,HFET
391910:10612,389:389,05/10/25 23:47:10,STABLE BEAMS,6800,14140.850740172,11699.106333497,58.3,HFET
391910:10612,390:390,05/10/25 23:47:33,STABLE BEAMS,6800,14130.630546228,13782.353378423,58.3,HFET
391910:10612,391:391,05/10/25 23:47:56,STABLE BEAMS,6800,14119.398674485,13770.612247777,58.2,HFET
391910:10612,392:392,05/10/25 23:48:20,STABLE BEAMS,6800,14097.930340202,13748.932251272,58.1,HFET
391910:10612,393:393,05/10/25 23:48:43,STABLE BEAMS,6800,14077.650839742,13731.210685328,58.1,HFET
391910:10612,394:394,05/10/25 23:49:06,STABLE BEAMS,6800,14055.236964819,13708.909310206,58.0,HFET
391910:10612,395:395,05/10/25 23:49:29,STABLE BEAMS,6800,14024.212097229,13679.834540688,57.8,HFET
391910:10612,396:396,05/10/25 23:49:53,STABLE BEAMS,6800,14001.855612028,13659.823594041,57.7,HFET
391910:10612,397:397,05/10/25 23:50:16,STABLE BEAMS,6800,13988.185004090,13642.300275346,57.7,HFET
391910:10612,398:398,05/10/25 23:50:39,STABLE BEAMS,6800,14042.034140344,13695.954363510,57.9,HFET
391910:10612,399:399,05/10/25 23:51:03,STABLE BEAMS,6800,14166.355811938,13814.249284438,58.4,HFET
391910:10612,400:400,05/10/25 23:51:26,STABLE BEAMS,6800,14172.861125004,13822.566998197,58.4,HFET
391910:10612,401:401,05/10/25 23:51:49,STABLE BEAMS,6800,14161.216325215,13613.418138552,58.4,HFET
391910:10612,402:402,05/10/25 23:52:13,STABLE BEAMS,6800,14156.721859732,13805.051102231,58.4,HFET
391910:10612,403:403,05/10/25 23:52:36,STABLE BEAMS,6800,14145.400142825,13795.930598889,58.3,HFET
391910:10612,404:404,05/10/25 23:52:59,STABLE BEAMS,6800,14136.741734148,13787.491920845,58.3,HFET
391910:10612,405:405,05/10/25 23:53:22,STABLE BEAMS,6800,14134.415243093,13783.721216270,58.3,HFET
391910:10612,406:406,05/10/25 23:53:46,STABLE BEAMS,6800,14124.740169761,13776.042425283,58.3,HFET
391910:10612,407:407,05/10/25 23:54:09,STABLE BEAMS,6800,14118.816111576,13769.223830381,58.2,HFET
391910:10612,408:408,05/10/25 23:54:32,STABLE BEAMS,6800,14109.534018865,13762.509978876,58.2,HFET
391910:10612,409:409,05/10/25 23:54:56,STABLE BEAMS,6800,14090.917267072,13743.531747503,58.1,HFET
391910:10612,410:410,05/10/25 23:55:19,STABLE BEAMS,6800,14082.411080137,13735.707859335,58.1,HFET
391910:10612,411:411,05/10/25 23:55:42,STABLE BEAMS,6800,14078.662517541,13733.089408916,58.1,HFET
391910:10612,412:412,05/10/25 23:56:06,STABLE BEAMS,6800,14064.738642708,13716.258436148,58.0,HFET
391910:10612,413:413,05/10/25 23:56:29,STABLE BEAMS,6800,14064.260885532,13521.585671986,58.0,HFET
391910:10612,414:414,05/10/25 23:56:52,STABLE BEAMS,6800,14052.637341196,13706.805499978,58.0,HFET
391910:10612,415:415,05/10/25 23:57:16,STABLE BEAMS,6800,14049.643510677,13700.758012835,57.9,HFET
391910:10612,416:416,05/10/25 23:57:39,STABLE BEAMS,6800,14040.362562489,13694.384786533,57.9,HFET
391910:10612,417:417,05/10/25 23:58:02,STABLE BEAMS,6800,14027.294464884,13660.965082716,57.8,HFET
391910:10612,418:418,05/10/25 23:58:26,STABLE BEAMS,6800,14021.541349591,13678.251445149,57.8,HFET
391910:10612,419:419,05/10/25 23:58:49,STABLE BEAMS,6800,14011.380997922,13668.032881397,57.8,HFET
391910:10612,420:420,05/10/25 23:59:12,STABLE BEAMS,6800,13995.589749813,13650.558681416,57.7,HFET
391910:10612,421:421,05/10/25 23:59:36,STABLE BEAMS,6800,13984.329183209,13642.432620348,57.7,HFET
391910:10612,422:422,05/10/25 23:59:59,STABLE BEAMS,6800,13808.998757862,13473.884529290,56.9,HFET
391910:10612,423:423,05/11/25 00:00:22,STABLE BEAMS,6800,13966.359905208,13623.948718053,57.6,HFET
391910:10612,424:424,05/11/25 00:00:45,STABLE BEAMS,6800,13957.106425605,13615.184702021,57.6,HFET
391910:10612,425:425,05/11/25 00:01:09,STABLE BEAMS,6800,13894.597572645,13554.065393390,57.3,HFET
391910:10612,426:426,05/11/25 00:01:32,STABLE BEAMS,6800,13232.341921875,12735.618588114,54.6,HFET
391910:10612,427:427,05/11/25 00:01:55,STABLE BEAMS,6800,13061.525991188,12756.565362180,53.9,HFET
391910:10612,428:428,05/11/25 00:02:19,STABLE BEAMS,6800,13263.793370052,12949.116107657,54.7,HFET
391910:10612,429:429,05/11/25 00:02:42,STABLE BEAMS,6800,13419.474273858,13099.951053180,55.3,HFET
391910:10612,430:430,05/11/25 00:03:05,STABLE BEAMS,6800,13518.085022800,13193.699575713,55.7,HFET
391910:10612,431:431,05/11/25 00:03:29,STABLE BEAMS,6800,13997.359838517,13652.822712204,57.7,HFET
391910:10612,432:432,05/11/25 00:03:52,STABLE BEAMS,6800,13990.333031093,13646.534269607,57.7,HFET
391910:10612,433:433,05/11/25 00:04:15,STABLE BEAMS,6800,13978.632149611,13633.918968972,57.6,HFET
391910:10612,434:434,05/11/25 00:04:38,STABLE BEAMS,6800,13969.804106070,13626.757566153,57.6,HFET
391910:10612,435:435,05/11/25 00:05:02,STABLE BEAMS,6800,13956.933030162,13615.133554712,57.6,HFET
391910:10612,436:436,05/11/25 00:05:25,STABLE BEAMS,6800,13943.065318775,13601.305726513,57.5,HFET
391910:10612,437:437,05/11/25 00:05:48,STABLE BEAMS,6800,13945.035045231,13602.677236443,57.5,HFET
391910:10612,438:438,05/11/25 00:06:12,STABLE BEAMS,6800,13937.958369245,13595.417923818,57.5,HFET
391910:10612,439:439,05/11/25 00:06:35,STABLE BEAMS,6800,13919.950422670,13384.559915614,57.4,HFET
391910:10612,440:440,05/11/25 00:06:58,STABLE BEAMS,6800,13915.971156660,13575.176971836,57.4,HFET
391910:10612,441:441,05/11/25 00:07:22,STABLE BEAMS,6800,13907.622014821,13567.529126037,57.4,HFET
391910:10612,442:442,05/11/25 00:07:45,STABLE BEAMS,6800,13885.190726776,13547.405036585,57.3,HFET
391910:10612,443:443,05/11/25 00:08:08,STABLE BEAMS,6800,13874.597499637,13533.432563140,57.2,HFET
391910:10612,444:444,05/11/25 00:08:32,STABLE BEAMS,6800,13852.283443590,13509.024355770,57.1,HFET
391910:10612,445:445,05/11/25 00:08:55,STABLE BEAMS,6800,13834.708372485,13497.842699007,57.1,HFET
391910:10612,446:446,05/11/25 00:09:18,STABLE BEAMS,6800,13788.487245960,13451.161943506,56.9,HFET
391910:10612,447:447,05/11/25 00:09:42,STABLE BEAMS,6800,13761.035011218,13428.467344305,56.8,HFET
391910:10612,448:448,05/11/25 00:10:05,STABLE BEAMS,6800,13796.469567736,13460.364991143,56.9,HFET
391910:10612,449:449,05/11/25 00:10:28,STABLE BEAMS,6800,13772.619886979,13438.455244499,56.8,HFET
391910:10612,450:450,05/11/25 00:10:52,STABLE BEAMS,6800,13741.820817699,13409.764962815,56.7,HFET
391910:10612,451:451,05/11/25 00:11:15,STABLE BEAMS,6800,13745.876194580,13411.045966185,56.7,HFET
391910:10612,452:452,05/11/25 00:11:38,STABLE BEAMS,6800,13762.025433564,13235.862519315,56.8,HFET
391910:10612,453:453,05/11/25 00:12:01,STABLE BEAMS,6800,13763.814325168,13430.074761838,56.8,HFET
391910:10612,454:454,05/11/25 00:12:25,STABLE BEAMS,6800,13762.929853078,13428.397245891,56.8,HFET
391910:10612,455:455,05/11/25 00:12:48,STABLE BEAMS,6800,13773.690180777,13439.569147588,56.8,HFET
391910:10612,456:456,05/11/25 00:13:11,STABLE BEAMS,6800,13762.071623298,13427.359830070,56.8,HFET
391910:10612,457:457,05/11/25 00:13:35,STABLE BEAMS,6800,13766.751992241,13430.346605299,56.8,HFET
391910:10612,458:458,05/11/25 00:13:58,STABLE BEAMS,6800,13757.705589800,13425.143200299,56.7,HFET
391910:10612,459:459,05/11/25 00:14:21,STABLE BEAMS,6800,13754.241523264,13420.221436261,56.7,HFET
391910:10612,460:460,05/11/25 00:14:45,STABLE BEAMS,6800,13746.098232309,13413.263709755,56.7,HFET
391910:10612,461:461,05/11/25 00:15:08,STABLE BEAMS,6800,13755.104739901,13421.181390842,56.7,HFET
391910:10612,462:462,05/11/25 00:15:31,STABLE BEAMS,6800,13724.980449493,13393.226093615,56.6,HFET
391910:10612,463:463,05/11/25 00:15:55,STABLE BEAMS,6800,13712.460006804,13381.597121940,56.6,HFET
391910:10612,464:464,05/11/25 00:16:18,STABLE BEAMS,6800,13712.186792484,13378.494561890,56.5,HFET
391910:10612,465:465,05/11/25 00:16:41,STABLE BEAMS,6800,13705.047739920,13183.197567196,56.5,HFET
391910:10612,466:466,05/11/25 00:17:05,STABLE BEAMS,6800,13686.780313317,13353.894044897,56.4,HFET
391910:10612,467:467,05/11/25 00:17:28,STABLE BEAMS,6800,13682.026367807,13351.965518699,56.4,HFET
391910:10612,468:468,05/11/25 00:17:51,STABLE BEAMS,6800,13674.096448897,13346.151282937,56.4,HFET
391910:10612,469:469,05/11/25 00:18:14,STABLE BEAMS,6800,13655.689308568,13325.658411351,56.3,HFET
391910:10612,470:470,05/11/25 00:18:38,STABLE BEAMS,6800,13633.784419987,13305.519880974,56.2,HFET
391910:10612,471:471,05/11/25 00:19:01,STABLE BEAMS,6800,13634.375730332,13305.919130552,56.2,HFET
391910:10612,472:472,05/11/25 00:19:24,STABLE BEAMS,6800,13632.052999857,13303.326301249,56.2,HFET
391910:10612,473:473,05/11/25 00:19:48,STABLE BEAMS,6800,13614.963125337,13286.705367770,56.1,HFET
391910:10612,474:474,05/11/25 00:20:11,STABLE BEAMS,6800,13600.434287618,13273.042824588,56.1,HFET
391910:10612,475:475,05/11/25 00:20:34,STABLE BEAMS,6800,13594.889475761,13269.279119451,56.1,HFET
391910:10612,476:476,05/11/25 00:20:58,STABLE BEAMS,6800,13580.495364912,13255.160450285,56.0,HFET
391910:10612,477:477,05/11/25 00:21:21,STABLE BEAMS,6800,13572.873486563,13245.221914127,56.0,HFET
391910:10612,478:478,05/11/25 00:21:44,STABLE BEAMS,6800,13703.461020372,13181.534196655,56.5,HFET
391910:10612,479:479,05/11/25 00:22:08,STABLE BEAMS,6800,13771.201576019,13437.255904862,56.8,HFET
391910:10612,480:480,05/11/25 00:22:31,STABLE BEAMS,6800,13763.724480004,13429.929616514,56.8,HFET
391910:10612,481:481,05/11/25 00:22:54,STABLE BEAMS,6800,13758.999229355,13424.890562795,56.7,HFET
391910:10612,482:482,05/11/25 00:23:18,STABLE BEAMS,6800,13778.606321742,13442.112292757,56.8,HFET
391910:10612,483:483,05/11/25 00:23:41,STABLE BEAMS,6800,13906.432036474,13567.364726364,57.4,HFET
391910:10612,484:484,05/11/25 00:24:04,STABLE BEAMS,6800,13887.573299526,13546.535307924,57.3,HFET
391910:10612,485:485,05/11/25 00:24:27,STABLE BEAMS,6800,13860.682453992,13522.554122997,57.2,HFET
391910:10612,486:486,05/11/25 00:24:51,STABLE BEAMS,6800,13821.818657180,13485.797652565,57.0,HFET
391910:10612,487:487,05/11/25 00:25:14,STABLE BEAMS,6800,13861.442091172,13521.652447116,57.2,HFET
391910:10612,488:488,05/11/25 00:25:37,STABLE BEAMS,6800,13875.515653444,13537.219309344,57.2,HFET
391910:10612,489:489,05/11/25 00:26:01,STABLE BEAMS,6800,13838.122570459,13500.155089579,57.1,HFET
391910:10612,490:490,05/11/25 00:26:24,STABLE BEAMS,6800,13788.426095657,13451.616205903,56.9,HFET
391910:10612,491:491,05/11/25 00:26:47,STABLE BEAMS,6800,13765.949925907,13238.941477886,56.8,HFET
391910:10612,492:492,05/11/25 00:27:11,STABLE BEAMS,6800,13873.982563039,13534.574259564,57.2,HFET
391910:10612,493:493,05/11/25 00:27:34,STABLE BEAMS,6800,13833.714189559,13498.076468544,57.1,HFET
391910:10612,494:494,05/11/25 00:27:57,STABLE BEAMS,6800,13804.912233567,13469.235358855,56.9,HFET
391910:10612,495:495,05/11/25 00:28:21,STABLE BEAMS,6800,13794.867887619,13458.027936354,56.9,HFET
391910:10612,496:496,05/11/25 00:28:44,STABLE BEAMS,6800,13815.771072114,13479.328757335,57.0,HFET
391910:10612,497:497,05/11/25 00:29:07,STABLE BEAMS,6800,13855.244818668,13516.584184225,57.1,HFET
391910:10612,498:498,05/11/25 00:29:30,STABLE BEAMS,6800,13836.648096052,13499.381409297,57.1,HFET
391910:10612,499:499,05/11/25 00:29:54,STABLE BEAMS,6800,13821.187451985,13485.054977620,57.0,HFET
391910:10612,500:500,05/11/25 00:30:17,STABLE BEAMS,6800,13850.754113765,13512.446710397,57.1,HFET
391910:10612,501:501,05/11/25 00:30:40,STABLE BEAMS,6800,13866.579043591,13529.168222414,57.2,HFET
391910:10612,502:502,05/11/25 00:31:04,STABLE BEAMS,6800,13847.924931252,13509.886506635,57.1,HFET
391910:10612,503:503,05/11/25 00:31:27,STABLE BEAMS,6800,13847.041767191,13507.577292765,57.1,HFET
391910:10612,504:504,05/11/25 00:31:50,STABLE BEAMS,6800,13836.412405782,13305.326250312,57.1,HFET
391910:10612,505:505,05/11/25 00:32:14,STABLE BEAMS,6800,13824.180056228,13487.222246285,57.0,HFET
391910:10612,506:506,05/11/25 00:32:37,STABLE BEAMS,6800,13814.367721722,13478.082783456,57.0,HFET
391910:10612,507:507,05/11/25 00:33:00,STABLE BEAMS,6800,13809.285706474,13473.571524225,56.9,HFET
391910:10612,508:508,05/11/25 00:33:24,STABLE BEAMS,6800,13807.662770905,13470.084726172,56.9,HFET
391910:10612,509:509,05/11/25 00:33:47,STABLE BEAMS,6800,13798.038874162,13464.394832206,56.9,HFET
391910:10612,510:510,05/11/25 00:34:10,STABLE BEAMS,6800,13806.500179391,13469.620295151,56.9,HFET
391910:10612,511:511,05/11/25 00:34:33,STABLE BEAMS,6800,13866.668807003,13528.862637209,57.2,HFET
391910:10612,512:512,05/11/25 00:34:57,STABLE BEAMS,6800,13853.855202569,13516.355482978,57.1,HFET
391910:10612,513:513,05/11/25 00:35:20,STABLE BEAMS,6800,13860.174693926,13521.327805595,57.2,HFET
391910:10612,514:514,05/11/25 00:35:43,STABLE BEAMS,6800,13860.891983705,13522.961470282,57.2,HFET
391910:10612,515:515,05/11/25 00:36:07,STABLE BEAMS,6800,13862.851736448,13523.366988671,57.2,HFET
391910:10612,516:516,05/11/25 00:36:30,STABLE BEAMS,6800,13875.757638599,13536.263006448,57.2,HFET
391910:10612,517:517,05/11/25 00:36:53,STABLE BEAMS,6800,13878.929851418,13310.034602811,57.2,HFET
391910:10612,518:518,05/11/25 00:37:17,STABLE BEAMS,6800,13878.821366857,13494.904431750,57.2,HFET
391910:10612,519:519,05/11/25 00:37:40,STABLE BEAMS,6800,13892.548056490,13509.107938328,57.3,HFET
391910:10612,520:520,05/11/25 00:38:03,STABLE BEAMS,6800,13894.598880673,13510.448205444,57.3,HFET
391910:10612,521:521,05/11/25 00:38:27,STABLE BEAMS,6800,13904.962548923,13521.374035140,57.3,HFET
391910:10612,522:522,05/11/25 00:38:50,STABLE BEAMS,6800,13905.658583249,13522.590651253,57.3,HFET
391910:10612,523:523,05/11/25 00:39:13,STABLE BEAMS,6800,13916.290478962,13531.682133406,57.4,HFET
391910:10612,524:524,05/11/25 00:39:37,STABLE BEAMS,6800,13924.378832746,13539.667550356,57.4,HFET
391910:10612,525:525,05/11/25 00:40:00,STABLE BEAMS,6800,13922.207015986,13538.096863440,57.4,HFET
391910:10612,526:526,05/11/25 00:40:23,STABLE BEAMS,6800,13937.357085188,13551.224596003,57.5,HFET
391910:10612,527:527,05/11/25 00:40:46,STABLE BEAMS,6800,13957.897291951,13573.534937693,57.6,HFET
391910:10612,528:528,05/11/25 00:41:10,STABLE BEAMS,6800,14012.203093433,13621.840148484,57.8,HFET
391910:10612,529:529,05/11/25 00:41:33,STABLE BEAMS,6800,14040.779251115,13650.753679137,57.9,HFET
391910:10612,530:530,05/11/25 00:41:56,STABLE BEAMS,6800,14037.317637131,13493.806443563,57.9,HFET
391910:10612,531:531,05/11/25 00:42:20,STABLE BEAMS,6800,14038.188293177,13692.606400595,57.9,HFET
391910:10612,532:532,05/11/25 00:42:43,STABLE BEAMS,6800,14044.647498260,13698.633642758,57.9,HFET
391910:10612,533:533,05/11/25 00:43:06,STABLE BEAMS,6800,14042.025392908,13694.774622834,57.9,HFET
391910:10612,534:534,05/11/25 00:43:30,STABLE BEAMS,6800,14045.992232653,13699.486902720,57.9,HFET
391910:10612,535:535,05/11/25 00:43:53,STABLE BEAMS,6800,14047.849713968,13695.621105882,57.9,HFET
391910:10612,536:536,05/11/25 00:44:16,STABLE BEAMS,6800,14047.027618457,13700.491669646,57.9,HFET
391910:10612,537:537,05/11/25 00:44:40,STABLE BEAMS,6800,14049.274238061,13702.189663238,57.9,HFET
391910:10612,538:538,05/11/25 00:45:03,STABLE BEAMS,6800,14046.360278993,13700.103656832,57.9,HFET
391910:10612,539:539,05/11/25 00:45:26,STABLE BEAMS,6800,14046.659653869,13699.321072527,57.9,HFET
391910:10612,540:540,05/11/25 00:45:50,STABLE BEAMS,6800,14046.577329866,13694.988147786,57.9,HFET
391910:10612,541:541,05/11/25 00:46:13,STABLE BEAMS,6800,14043.869139931,13696.931855779,57.9,HFET
391910:10612,542:542,05/11/25 00:46:36,STABLE BEAMS,6800,14044.229665110,13502.789967214,57.9,HFET
391910:10612,543:543,05/11/25 00:46:59,STABLE BEAMS,6800,14040.978807115,13695.859472765,57.9,HFET
391910:10612,544:544,05/11/25 00:47:23,STABLE BEAMS,6800,14038.931825264,13692.480539768,57.9,HFET
391910:10612,545:545,05/11/25 00:47:46,STABLE BEAMS,6800,14113.566914017,13764.648097698,58.2,HFET
391910:10612,546:546,05/11/25 00:48:09,STABLE BEAMS,6800,14116.896335435,13766.096988264,58.2,HFET
391910:10612,547:547,05/11/25 00:48:33,STABLE BEAMS,6800,14115.220996999,13766.760434744,58.2,HFET
391910:10612,548:548,05/11/25 00:48:56,STABLE BEAMS,6800,14107.800064431,13758.725642073,58.2,HFET
391910:10612,549:549,05/11/25 00:49:19,STABLE BEAMS,6800,14101.126261027,13752.309293905,58.2,HFET
391910:10612,550:550,05/11/25 00:49:43,STABLE BEAMS,6800,14101.404462202,13752.315275602,58.2,HFET
391910:10612,551:551,05/11/25 00:50:06,STABLE BEAMS,6800,14096.238814922,13747.374865681,58.1,HFET
391910:10612,552:552,05/11/25 00:50:29,STABLE BEAMS,6800,14087.587927406,13739.726043297,58.1,HFET
391910:10612,553:553,05/11/25 00:50:53,STABLE BEAMS,6800,14089.422845240,13741.830127805,58.1,HFET
391910:10612,554:554,05/11/25 00:51:16,STABLE BEAMS,6800,14079.117874741,13729.023620922,58.1,HFET
391910:10612,555:555,05/11/25 00:51:39,STABLE BEAMS,6800,14067.954592709,13524.687988339,58.0,HFET
391910:10612,556:556,05/11/25 00:52:02,STABLE BEAMS,6800,14065.697917641,13716.436937234,58.0,HFET
391910:10612,557:557,05/11/25 00:52:26,STABLE BEAMS,6800,14060.285380102,13711.926380053,58.0,HFET
391910:10612,558:558,05/11/25 00:52:49,STABLE BEAMS,6800,14057.101885543,13711.309443980,58.0,HFET
391910:10612,559:559,05/11/25 00:53:12,STABLE BEAMS,6800,14067.821092115,13720.281228705,58.0,HFET
391910:10612,560:560,05/11/25 00:53:36,STABLE BEAMS,6800,14130.908747404,13781.333920793,58.3,HFET
391910:10612,561:561,05/11/25 00:53:59,STABLE BEAMS,6800,14130.613133107,13781.739107596,58.3,HFET
391910:10612,562:562,05/11/25 00:54:22,STABLE BEAMS,6800,14119.137968182,13769.446750798,58.2,HFET
391910:10612,563:563,05/11/25 00:54:46,STABLE BEAMS,6800,14112.117455643,13764.441362617,58.2,HFET
391910:10612,564:564,05/11/25 00:55:09,STABLE BEAMS,6800,14097.813108205,13748.190720958,58.1,HFET
391910:10612,565:565,05/11/25 00:55:32,STABLE BEAMS,6800,14076.826291679,13729.852031255,58.1,HFET
391910:10612,566:566,05/11/25 00:55:56,STABLE BEAMS,6800,14052.505148630,13706.674388121,58.0,HFET
391910:10612,567:567,05/11/25 00:56:19,STABLE BEAMS,6800,14024.910665859,13679.012891615,57.8,HFET
391910:10612,568:568,05/11/25 00:56:42,STABLE BEAMS,6800,13991.325987744,13452.251878794,57.7,HFET
391910:10612,569:569,05/11/25 00:57:05,STABLE BEAMS,6800,13960.515718474,13618.305384155,57.6,HFET
391910:10612,570:570,05/11/25 00:57:29,STABLE BEAMS,6800,13922.808300044,13582.433053263,57.4,HFET
391910:10612,571:571,05/11/25 00:57:52,STABLE BEAMS,6800,13889.692713420,13551.399417649,57.3,HFET
391910:10612,572:572,05/11/25 00:58:15,STABLE BEAMS,6800,13855.892292460,13518.375800153,57.1,HFET
391910:10612,573:573,05/11/25 00:58:39,STABLE BEAMS,6800,13825.008364872,13488.252725352,57.0,HFET
391910:10612,574:574,05/11/25 00:59:02,STABLE BEAMS,6800,13799.076712519,13463.426481643,56.9,HFET
391910:10612,575:575,05/11/25 00:59:25,STABLE BEAMS,6800,13771.253978885,13436.196042444,56.8,HFET
391910:10612,576:576,05/11/25 00:59:49,STABLE BEAMS,6800,13758.575101321,13425.037049047,56.7,HFET
391910:10612,577:577,05/11/25 01:00:12,STABLE BEAMS,6800,13826.142261524,13489.289159292,57.0,HFET
391910:10612,578:578,05/11/25 01:00:35,STABLE BEAMS,6800,13807.418251446,13472.686876159,56.9,HFET
391910:10612,579:579,05/11/25 01:00:59,STABLE BEAMS,6800,13795.071204200,13460.073808482,56.9,HFET
391910:10612,580:580,05/11/25 01:01:22,STABLE BEAMS,6800,13785.083021698,13449.458378712,56.8,HFET
391910:10612,581:581,05/11/25 01:01:45,STABLE BEAMS,6800,13783.386509562,13257.039238656,56.8,HFET
391910:10612,582:582,05/11/25 01:02:09,STABLE BEAMS,6800,13786.604912115,13449.953217572,56.9,HFET
391910:10612,583:583,05/11/25 01:02:32,STABLE BEAMS,6800,13778.459168608,13445.084722217,56.8,HFET
391910:10612,584:584,05/11/25 01:02:55,STABLE BEAMS,6800,13783.375309574,13449.893981468,56.8,HFET
391910:10612,585:585,05/11/25 01:03:19,STABLE BEAMS,6800,13777.002107322,13441.805728292,56.8,HFET
391910:10612,586:586,05/11/25 01:03:42,STABLE BEAMS,6800,13745.781362560,13412.099944024,56.7,HFET
391910:10612,587:587,05/11/25 01:04:05,STABLE BEAMS,6800,13723.905168839,13390.708121260,56.6,HFET
391910:10612,588:588,05/11/25 01:04:28,STABLE BEAMS,6800,13704.329223865,13372.674911582,56.5,HFET
391910:10612,589:589,05/11/25 01:04:52,STABLE BEAMS,6800,13699.128668591,13368.268952773,56.5,HFET
391910:10612,590:590,05/11/25 01:05:15,STABLE BEAMS,6800,13694.308585922,13363.277277790,56.5,HFET
391910:10612,591:591,05/11/25 01:05:38,STABLE BEAMS,6800,13694.847493401,13362.708887951,56.5,HFET
391910:10612,592:592,05/11/25 01:06:02,STABLE BEAMS,6800,13682.868410742,13353.271106156,56.4,HFET
391910:10612,593:593,05/11/25 01:06:25,STABLE BEAMS,6800,13670.391541731,13338.987713188,56.4,HFET
391910:10612,594:594,05/11/25 01:06:48,STABLE BEAMS,6800,13604.800321116,13086.771498418,56.1,HFET
391910:10612,595:595,05/11/25 01:07:12,STABLE BEAMS,6800,13599.833003560,13273.429814443,56.1,HFET
391910:10612,596:596,05/11/25 01:07:35,STABLE BEAMS,6800,13492.486508793,13169.186227200,55.6,HFET
391910:10612,597:597,05/11/25 01:07:58,STABLE BEAMS,6800,13513.152694990,13190.390280728,55.7,HFET
391910:10612,598:598,05/11/25 01:08:22,STABLE BEAMS,6800,13627.212969763,13296.322707860,56.2,HFET
391910:10612,599:599,05/11/25 01:08:45,STABLE BEAMS,6800,13632.977285045,13305.065289182,56.2,HFET
391910:10612,600:600,05/11/25 01:09:08,STABLE BEAMS,6800,13640.599163393,13311.345736375,56.3,HFET
391910:10612,601:601,05/11/25 01:09:31,STABLE BEAMS,6800,13628.199631529,13300.540973486,56.2,HFET
391910:10612,602:602,05/11/25 01:09:55,STABLE BEAMS,6800,13628.988045322,13299.779506540,56.2,HFET
391910:10612,603:603,05/11/25 01:10:18,STABLE BEAMS,6800,13623.387070020,13294.433925351,56.2,HFET
391910:10612,604:604,05/11/25 01:10:41,STABLE BEAMS,6800,13629.606742501,13302.395517857,56.2,HFET
391910:10612,605:605,05/11/25 01:11:05,STABLE BEAMS,6800,13595.042923780,13265.771300930,56.1,HFET
391910:10612,606:606,05/11/25 01:11:28,STABLE BEAMS,6800,13605.112204009,13276.983262995,56.1,HFET
391910:10612,607:607,05/11/25 01:11:51,STABLE BEAMS,6800,13696.692466700,13173.887386808,56.5,HFET
391910:10612,608:608,05/11/25 01:12:15,STABLE BEAMS,6800,13719.297150187,13387.257962706,56.6,HFET
391910:10612,609:609,05/11/25 01:12:38,STABLE BEAMS,6800,13765.155298981,13431.124208200,56.8,HFET
391910:10612,610:610,05/11/25 01:13:01,STABLE BEAMS,6800,13747.794744445,13414.634263785,56.7,HFET
391910:10612,611:611,05/11/25 01:13:25,STABLE BEAMS,6800,13752.472660837,13417.212349105,56.7,HFET
391910:10612,612:612,05/11/25 01:13:48,STABLE BEAMS,6800,13765.533237281,13431.044501099,56.8,HFET
391910:10612,613:613,05/11/25 01:14:11,STABLE BEAMS,6800,13754.845259874,13419.623543706,56.7,HFET
391910:10612,614:614,05/11/25 01:14:35,STABLE BEAMS,6800,13788.457324822,13453.732132281,56.9,HFET
391910:10612,615:615,05/11/25 01:14:58,STABLE BEAMS,6800,13779.413456685,13445.931376004,56.8,HFET
391910:10612,616:616,05/11/25 01:15:21,STABLE BEAMS,6800,13805.427351290,13467.377323803,56.9,HFET
391910:10612,617:617,05/11/25 01:15:44,STABLE BEAMS,6800,13806.177096509,13471.318530404,56.9,HFET
391910:10612,618:618,05/11/25 01:16:08,STABLE BEAMS,6800,13817.346591673,13479.073804060,57.0,HFET
391910:10612,619:619,05/11/25 01:16:31,STABLE BEAMS,6800,13824.619144831,13489.443681268,57.0,HFET
391910:10612,620:620,05/11/25 01:16:54,STABLE BEAMS,6800,13825.019564860,13295.028489524,57.0,HFET
391910:10612,621:621,05/11/25 01:17:18,STABLE BEAMS,6800,13831.252971634,13491.907477345,57.0,HFET
391910:10612,622:622,05/11/25 01:17:41,STABLE BEAMS,6800,13818.944592961,13484.760830621,57.0,HFET
391910:10612,623:623,05/11/25 01:18:04,STABLE BEAMS,6800,13813.745263964,13477.299586467,57.0,HFET
391910:10612,624:624,05/11/25 01:18:28,STABLE BEAMS,6800,13805.781663336,13471.050104961,56.9,HFET
391910:10612,625:625,05/11/25 01:18:51,STABLE BEAMS,6800,13776.828711879,13442.086112926,56.8,HFET
391910:10612,626:626,05/11/25 01:19:14,STABLE BEAMS,6800,13789.520097460,13453.899025204,56.9,HFET
391910:10612,627:627,05/11/25 01:19:38,STABLE BEAMS,6800,13799.343631954,13464.549792498,56.9,HFET
391910:10612,628:628,05/11/25 01:20:01,STABLE BEAMS,6800,13788.671841391,13453.243417364,56.9,HFET
391910:10612,629:629,05/11/25 01:20:24,STABLE BEAMS,6800,13778.550240048,13443.182662669,56.8,HFET
391910:10612,630:630,05/11/25 01:20:47,STABLE BEAMS,6800,13761.062479803,13427.483275159,56.8,HFET
391910:10612,631:631,05/11/25 01:21:11,STABLE BEAMS,6800,13757.592118383,13423.471520270,56.7,HFET
391910:10612,632:632,05/11/25 01:21:34,STABLE BEAMS,6800,13729.250424695,13396.925055934,56.6,HFET
391910:10612,633:633,05/11/25 01:21:57,STABLE BEAMS,6800,13715.427595014,13191.666994933,56.6,HFET
391910:10612,634:634,05/11/25 01:22:21,STABLE BEAMS,6800,13675.769253028,13344.011579825,56.4,HFET
391910:10612,635:635,05/11/25 01:22:44,STABLE BEAMS,6800,13675.602070717,13345.569293823,56.4,HFET
391910:10612,636:636,05/11/25 01:23:07,STABLE BEAMS,6800,13667.801891820,13336.629936689,56.4,HFET
391910:10612,637:637,05/11/25 01:23:31,STABLE BEAMS,6800,13649.364830355,13319.574038149,56.3,HFET
391910:10612,638:638,05/11/25 01:23:54,STABLE BEAMS,6800,13627.504823479,13300.032862716,56.2,HFET
391910:10612,639:639,05/11/25 01:24:17,STABLE BEAMS,6800,13647.521165084,13317.931813454,56.3,HFET
391910:10612,640:640,05/11/25 01:24:41,STABLE BEAMS,6800,13649.522038953,13320.392367054,56.3,HFET
391910:10612,641:641,05/11/25 01:25:04,STABLE BEAMS,6800,13646.243794126,13316.419366812,56.3,HFET
391910:10612,642:642,05/11/25 01:25:27,STABLE BEAMS,6800,13632.307411276,13305.209145915,56.2,HFET
391910:10612,643:643,05/11/25 01:25:51,STABLE BEAMS,6800,13597.812182266,13272.244000904,56.1,HFET
391910:10612,644:644,05/11/25 01:26:14,STABLE BEAMS,6800,13597.058758218,13269.728240095,56.1,HFET
391910:10612,645:645,05/11/25 01:26:37,STABLE BEAMS,6800,13615.568169974,13289.202843000,56.2,HFET
391910:10612,646:646,05/11/25 01:27:00,STABLE BEAMS,6800,13604.242692488,13087.122910004,56.1,HFET
391910:10612,647:647,05/11/25 01:27:24,STABLE BEAMS,6800,13593.705628795,13266.621224556,56.1,HFET
391910:10612,648:648,05/11/25 01:27:47,STABLE BEAMS,6800,13593.275287629,13266.047776745,56.1,HFET
391910:10612,649:649,05/11/25 01:28:10,STABLE BEAMS,6800,13587.172847144,13259.122154043,56.0,HFET
391910:10612,650:650,05/11/25 01:28:34,STABLE BEAMS,6800,13593.413775078,13267.101580121,56.1,HFET
391910:10612,651:651,05/11/25 01:28:57,STABLE BEAMS,6800,13574.878121013,13249.495846872,56.0,HFET
391910:10612,652:652,05/11/25 01:29:20,STABLE BEAMS,6800,13568.768241120,13241.906148965,56.0,HFET
391910:10612,653:653,05/11/25 01:29:44,STABLE BEAMS,6800,13562.513578894,13237.480095061,55.9,HFET
391910:10612,654:654,05/11/25 01:30:07,STABLE BEAMS,6800,13541.647754945,13215.733559895,55.8,HFET
391910:10612,655:655,05/11/25 01:30:30,STABLE BEAMS,6800,13534.057187513,13209.280096427,55.8,HFET
391910:10612,656:656,05/11/25 01:30:54,STABLE BEAMS,6800,13520.508798428,13197.728889398,55.8,HFET
391910:10612,657:657,05/11/25 01:31:17,STABLE BEAMS,6800,13491.827835013,13168.434144174,55.6,HFET
391910:10612,658:658,05/11/25 01:31:40,STABLE BEAMS,6800,13475.577550877,13153.671632387,55.6,HFET
391910:10612,659:659,05/11/25 01:32:04,STABLE BEAMS,6800,13459.287290139,12948.782080563,55.5,HFET
391910:10612,660:660,05/11/25 01:32:27,STABLE BEAMS,6800,13440.041949206,13120.556946010,55.4,HFET
391910:10612,661:661,05/11/25 01:32:50,STABLE BEAMS,6800,13391.076416724,13072.334294558,55.2,HFET
391910:10612,662:662,05/11/25 01:33:13,STABLE BEAMS,6800,13370.339106512,13051.342762640,55.1,HFET
391910:10612,663:663,05/11/25 01:33:37,STABLE BEAMS,6800,13414.970979186,13095.862727272,55.3,HFET
391910:10612,664:664,05/11/25 01:34:00,STABLE BEAMS,6800,13396.387990862,13077.193482653,55.2,HFET
391910:10612,665:665,05/11/25 01:34:23,STABLE BEAMS,6800,13375.313863476,13056.336724798,55.2,HFET
391910:10612,666:666,05/11/25 01:34:47,STABLE BEAMS,6800,13383.575612704,13065.671597036,55.2,HFET
391910:10612,667:667,05/11/25 01:35:10,STABLE BEAMS,6800,13393.113506615,13074.625299571,55.2,HFET
391910:10612,668:668,05/11/25 01:35:33,STABLE BEAMS,6800,13399.502813959,13080.916529843,55.3,HFET
391910:10612,669:669,05/11/25 01:35:57,STABLE BEAMS,6800,13403.171586855,13083.888669393,55.3,HFET
391910:10612,670:670,05/11/25 01:36:20,STABLE BEAMS,6800,13405.015252126,13085.476281526,55.3,HFET
391910:10612,671:671,05/11/25 01:36:43,STABLE BEAMS,6800,13402.293327898,12895.971437496,55.3,HFET
391910:10612,672:672,05/11/25 01:37:07,STABLE BEAMS,6800,13399.421797983,13079.639014575,55.3,HFET
391910:10612,673:673,05/11/25 01:37:30,STABLE BEAMS,6800,13390.039804644,13072.234171362,55.2,HFET
391910:10612,674:674,05/11/25 01:37:53,STABLE BEAMS,6800,13385.162332252,13067.106763206,55.2,HFET
391910:10612,675:675,05/11/25 01:38:16,STABLE BEAMS,6800,13369.301268156,13050.289718032,55.1,HFET
391910:10612,676:676,05/11/25 01:38:40,STABLE BEAMS,6800,13359.447812524,13042.535632769,55.1,HFET
391910:10612,677:677,05/11/25 01:39:03,STABLE BEAMS,6800,13351.076270707,13033.785933797,55.1,HFET
391910:10612,678:678,05/11/25 01:39:26,STABLE BEAMS,6800,13337.954543960,13022.116033833,55.0,HFET
391910:10612,679:679,05/11/25 01:39:50,STABLE BEAMS,6800,13315.504453015,13000.054767734,54.9,HFET
391910:10612,680:680,05/11/25 01:40:13,STABLE BEAMS,6800,13301.445933064,12984.877706360,54.9,HFET
391910:10612,681:681,05/11/25 01:40:36,STABLE BEAMS,6800,13302.183170268,12987.765654848,54.9,HFET
391910:10612,682:682,05/11/25 01:41:00,STABLE BEAMS,6800,13290.300145905,12973.725199088,54.8,HFET
391910:10612,683:683,05/11/25 01:41:23,STABLE BEAMS,6800,13259.065666850,12944.562778527,54.7,HFET
391910:10612,684:684,05/11/25 01:41:46,STABLE BEAMS,6800,13260.300608655,12762.939926009,54.7,HFET
391910:10612,685:685,05/11/25 01:42:10,STABLE BEAMS,6800,13268.039637249,12952.115984049,54.7,HFET
391910:10612,686:686,05/11/25 01:42:33,STABLE BEAMS,6800,13254.694646496,12942.308364920,54.7,HFET
391910:10612,687:687,05/11/25 01:42:56,STABLE BEAMS,6800,13259.721806326,12946.834248550,54.7,HFET
391910:10612,688:688,05/11/25 01:43:20,STABLE BEAMS,6800,13216.323649181,12903.819755213,54.5,HFET
391910:10612,689:689,05/11/25 01:43:43,STABLE BEAMS,6800,13200.703262211,12889.588759030,54.4,HFET
391910:10612,690:690,05/11/25 01:44:06,STABLE BEAMS,6800,13226.930528861,12914.582885572,54.5,HFET
391910:10612,691:691,05/11/25 01:44:29,STABLE BEAMS,6800,13221.506709582,12910.265183031,54.5,HFET
391910:10612,692:692,05/11/25 01:44:53,STABLE BEAMS,6800,13242.187856347,12929.879943869,54.6,HFET
391910:10612,693:693,05/11/25 01:45:16,STABLE BEAMS,6800,13214.187966690,12901.282917230,54.5,HFET
391910:10612,694:694,05/11/25 01:45:39,STABLE BEAMS,6800,13196.051588129,12887.354146948,54.4,HFET
391910:10612,695:695,05/11/25 01:46:03,STABLE BEAMS,6800,13189.485124761,12879.075601716,54.4,HFET
391910:10612,696:696,05/11/25 01:46:26,STABLE BEAMS,6800,13181.703585262,12872.109139209,54.4,HFET
391910:10612,697:697,05/11/25 01:46:49,STABLE BEAMS,6800,13159.032764615,5324.991282413,54.3,HFET
391910:10612,698:698,05/11/25 01:47:13,STABLE BEAMS,6800,13135.837997059,12294.232278336,54.2,HFET
391910:10612,699:699,05/11/25 01:47:36,STABLE BEAMS,6800,13145.717695000,12821.231115692,54.2,HFET
391910:10612,700:700,05/11/25 01:47:59,STABLE BEAMS,6800,13134.823866708,12823.873275027,54.2,HFET
391910:10612,701:701,05/11/25 01:48:23,STABLE BEAMS,6800,13144.481445167,12832.970886775,54.2,HFET
391910:10612,702:702,05/11/25 01:48:46,STABLE BEAMS,6800,13136.081290241,12825.306803232,54.2,HFET
391910:10612,703:703,05/11/25 01:49:09,STABLE BEAMS,6800,13137.902555535,12825.304477148,54.2,HFET
391910:10612,704:704,05/11/25 01:49:32,STABLE BEAMS,6800,13131.321049846,12818.018515664,54.2,HFET
391910:10612,705:705,05/11/25 01:49:56,STABLE BEAMS,6800,13125.493049958,12816.421083824,54.1,HFET
391910:10612,706:706,05/11/25 01:50:19,STABLE BEAMS,6800,13113.575117602,12805.653131932,54.1,HFET
391910:10612,707:707,05/11/25 01:50:42,STABLE BEAMS,6800,13111.143820815,12799.235815177,54.1,HFET
391910:10612,708:708,05/11/25 01:51:06,STABLE BEAMS,6800,13095.792969336,12784.604580467,54.0,HFET
391910:10612,709:709,05/11/25 01:51:29,STABLE BEAMS,6800,13088.035137842,12783.549917312,54.0,HFET
391910:10612,710:710,05/11/25 01:51:52,STABLE BEAMS,6800,13072.865121215,12763.763452030,53.9,HFET
391910:10612,711:711,05/11/25 01:52:16,STABLE BEAMS,6800,13055.109133507,12566.558486982,53.8,HFET
391910:10612,712:712,05/11/25 01:52:39,STABLE BEAMS,6800,13029.834928658,12723.612606990,53.7,HFET
391910:10612,713:713,05/11/25 01:53:02,STABLE BEAMS,6800,13011.012407732,12704.443671520,53.7,HFET
391910:10612,714:714,05/11/25 01:53:26,STABLE BEAMS,6800,12985.912824602,12679.908715407,53.6,HFET
391910:10612,715:715,05/11/25 01:53:49,STABLE BEAMS,6800,12949.344371431,12646.402829023,53.4,HFET
391910:10612,716:716,05/11/25 01:54:12,STABLE BEAMS,6800,12917.420071183,12616.528545903,53.3,HFET
391910:10612,717:717,05/11/25 01:54:35,STABLE BEAMS,6800,12946.651142065,12644.183067939,53.4,HFET
391910:10612,718:718,05/11/25 01:54:59,STABLE BEAMS,6800,12952.935725428,12650.583253262,53.4,HFET
391910:10612,719:719,05/11/25 01:55:22,STABLE BEAMS,6800,12938.933287172,12633.968181689,53.4,HFET
391910:10612,720:720,05/11/25 01:55:45,STABLE BEAMS,6800,12929.743410424,12628.570153705,53.3,HFET
391910:10612,721:721,05/11/25 01:56:09,STABLE BEAMS,6800,12900.856677877,12600.885656523,53.2,HFET
391910:10612,722:722,05/11/25 01:56:32,STABLE BEAMS,6800,12910.510495757,12612.090662284,53.2,HFET
391910:10612,723:723,05/11/25 01:56:55,STABLE BEAMS,6800,12954.874222719,12649.176774449,53.4,HFET
391910:10612,724:724,05/11/25 01:57:19,STABLE BEAMS,6800,12956.870109732,12473.431178712,53.4,HFET
391910:10612,725:725,05/11/25 01:57:42,STABLE BEAMS,6800,12960.344231732,12660.130451171,53.4,HFET
391910:10612,726:726,05/11/25 01:58:05,STABLE BEAMS,6800,12955.477959329,12653.686565050,53.4,HFET
391910:10612,727:727,05/11/25 01:58:29,STABLE BEAMS,6800,12945.391265979,12645.020021711,53.4,HFET
391910:10612,728:728,05/11/25 01:58:52,STABLE BEAMS,6800,12924.701290025,12625.582315988,53.3,HFET
391910:10612,729:729,05/11/25 01:59:15,STABLE BEAMS,6800,12913.000408543,12613.036587165,53.3,HFET
391910:10612,730:730,05/11/25 01:59:39,STABLE BEAMS,6800,12910.915902642,12613.085023808,53.2,HFET
391910:10612,731:731,05/11/25 02:00:02,STABLE BEAMS,6800,12897.210386710,12597.987014028,53.2,HFET
391910:10612,732:732,05/11/25 02:00:25,STABLE BEAMS,6800,12870.923277785,12573.553839632,53.1,HFET
391910:10612,733:733,05/11/25 02:00:49,STABLE BEAMS,6800,12874.684266646,12576.495219696,53.1,HFET
391910:10612,734:734,05/11/25 02:01:12,STABLE BEAMS,6800,12884.622580585,12585.324613237,53.1,HFET
391910:10612,735:735,05/11/25 02:01:35,STABLE BEAMS,6800,12877.686844602,12580.554136005,53.1,HFET
391910:10612,736:736,05/11/25 02:01:58,STABLE BEAMS,6800,12871.629285824,12574.369598244,53.1,HFET
391910:10612,737:737,05/11/25 02:02:22,STABLE BEAMS,6800,12861.291859883,12383.278744854,53.0,HFET
391910:10612,738:738,05/11/25 02:02:45,STABLE BEAMS,6800,12851.519420227,12555.280658937,53.0,HFET
391910:10612,739:739,05/11/25 02:03:08,STABLE BEAMS,6800,12852.366450019,12554.453137734,53.0,HFET
391910:10612,740:740,05/11/25 02:03:32,STABLE BEAMS,6800,12843.152947018,12547.604239801,53.0,HFET
391910:10612,741:741,05/11/25 02:03:55,STABLE BEAMS,6800,12831.322243770,12534.781753803,52.9,HFET
391910:10612,742:742,05/11/25 02:04:18,STABLE BEAMS,6800,12817.070380950,12520.174755224,52.9,HFET
391910:10612,743:743,05/11/25 02:04:42,STABLE BEAMS,6800,12796.125911826,12502.437766194,52.8,HFET
391910:10612,744:744,05/11/25 02:05:05,STABLE BEAMS,6800,12770.589774398,328.163470103,52.7,HFET
391912:10612,5:5,05/11/25 02:14:32,STABLE BEAMS,6800,12593.288396318,12287.392459416,51.9,HFET
391912:10612,6:6,05/11/25 02:14:56,STABLE BEAMS,6800,12590.788591572,12299.519448967,51.9,HFET
391912:10612,7:7,05/11/25 02:15:19,STABLE BEAMS,6800,12590.469187518,12304.190752887,51.9,HFET
391912:10612,8:8,05/11/25 02:15:42,STABLE BEAMS,6800,12583.219116089,12296.176001532,51.9,HFET
391912:10612,9:9,05/11/25 02:16:05,STABLE BEAMS,6800,12594.268926704,12308.153413372,51.9,HFET
391912:10612,10:10,05/11/25 02:16:29,STABLE BEAMS,6800,12566.400003336,12280.487468439,51.8,HFET
391912:10612,11:11,05/11/25 02:16:52,STABLE BEAMS,6800,12558.795701612,12271.607290200,51.8,HFET
391912:10612,12:12,05/11/25 02:17:15,STABLE BEAMS,6800,12541.226843640,12255.955589886,51.7,HFET
391912:10612,13:13,05/11/25 02:17:39,STABLE BEAMS,6800,12540.509553861,12078.033949664,51.7,HFET
391912:10612,14:14,05/11/25 02:18:02,STABLE BEAMS,6800,12548.974619670,12264.360984012,51.8,HFET
391912:10612,15:15,05/11/25 02:18:25,STABLE BEAMS,6800,12543.281346651,12258.487103236,51.7,HFET
391912:10612,16:16,05/11/25 02:18:49,STABLE BEAMS,6800,12537.319846169,12250.753075221,51.7,HFET
391912:10612,17:17,05/11/25 02:19:12,STABLE BEAMS,6800,12524.251748564,12239.321434339,51.6,HFET
391912:10612,18:18,05/11/25 02:19:35,STABLE BEAMS,6800,12513.819490604,12230.065741710,51.6,HFET
391912:10612,19:19,05/11/25 02:19:59,STABLE BEAMS,6800,12492.216429451,12206.965236945,51.5,HFET
391912:10612,20:20,05/11/25 02:20:22,STABLE BEAMS,6800,12480.282228499,12196.200388350,51.5,HFET
391912:10612,21:21,05/11/25 02:20:45,STABLE BEAMS,6800,12443.060088404,12162.037204704,51.3,HFET
391912:10612,22:22,05/11/25 02:21:09,STABLE BEAMS,6800,12436.720649622,12153.695124685,51.3,HFET
391912:10612,23:23,05/11/25 02:21:32,STABLE BEAMS,6800,12444.026884497,12163.590934006,51.3,HFET
391912:10612,24:24,05/11/25 02:21:55,STABLE BEAMS,6800,12429.889719371,12148.007054424,51.3,HFET
391912:10612,25:25,05/11/25 02:22:19,STABLE BEAMS,6800,12407.936188503,12128.918008004,51.2,HFET
391912:10612,26:26,05/11/25 02:22:42,STABLE BEAMS,6800,12426.708759115,11966.705497046,51.2,HFET
391912:10612,27:27,05/11/25 02:23:05,STABLE BEAMS,6800,12444.666837129,12164.172840021,51.3,HFET
391912:10612,28:28,05/11/25 02:23:28,STABLE BEAMS,6800,12446.439378384,12163.233114194,51.3,HFET
391912:10612,29:29,05/11/25 02:23:52,STABLE BEAMS,6800,12437.708619416,12155.962181144,51.3,HFET
391912:10612,30:30,05/11/25 02:24:15,STABLE BEAMS,6800,12411.674695635,12129.251791607,51.2,HFET
391912:10612,31:31,05/11/25 02:24:38,STABLE BEAMS,6800,12389.641293316,12110.345371136,51.1,HFET
391912:10612,32:32,05/11/25 02:25:02,STABLE BEAMS,6800,12386.016257601,12107.332011501,51.1,HFET
391912:10612,33:33,05/11/25 02:25:25,STABLE BEAMS,6800,12364.252309022,12086.426163714,51.0,HFET
391912:10612,34:34,05/11/25 02:25:48,STABLE BEAMS,6800,12345.716736708,12067.710119312,50.9,HFET
391912:10612,35:35,05/11/25 02:26:12,STABLE BEAMS,6800,12331.852785901,12054.056652771,50.9,HFET
391912:10612,36:36,05/11/25 02:26:35,STABLE BEAMS,6800,12333.328486584,12055.723530477,50.9,HFET
391912:10612,37:37,05/11/25 02:26:58,STABLE BEAMS,6800,12344.784848608,12066.689765807,50.9,HFET
391912:10612,38:38,05/11/25 02:27:22,STABLE BEAMS,6800,12342.195198698,12065.030729809,50.9,HFET
391912:10612,39:39,05/11/25 02:27:45,STABLE BEAMS,6800,12351.049484547,11899.283614786,50.9,HFET
391912:10612,40:40,05/11/25 02:28:08,STABLE BEAMS,6800,12341.511590637,12064.172892873,50.9,HFET
391912:10612,41:41,05/11/25 02:28:31,STABLE BEAMS,6800,12347.872284872,12071.342882796,50.9,HFET
391912:10612,42:42,05/11/25 02:28:55,STABLE BEAMS,6800,12343.391471929,12065.846370969,50.9,HFET
391912:10612,43:43,05/11/25 02:29:18,STABLE BEAMS,6800,12337.239162883,12061.782955548,50.9,HFET
391912:10612,44:44,05/11/25 02:29:41,STABLE BEAMS,6800,12328.640596480,12051.114473726,50.8,HFET
391912:10612,45:45,05/11/25 02:30:05,STABLE BEAMS,6800,12316.259867517,12040.313991287,50.8,HFET
391912:10612,46:46,05/11/25 02:30:28,STABLE BEAMS,6800,12308.523291475,12032.727277232,50.8,HFET
391912:10612,47:47,05/11/25 02:30:51,STABLE BEAMS,6800,12305.748964381,12029.592010600,50.7,HFET
391912:10612,48:48,05/11/25 02:31:15,STABLE BEAMS,6800,12284.716039872,12009.497818020,50.7,HFET
391912:10612,49:49,05/11/25 02:31:38,STABLE BEAMS,6800,12278.982790252,12003.643598977,50.6,HFET
391912:10612,50:50,05/11/25 02:32:01,STABLE BEAMS,6800,12281.460195022,12007.557058049,50.6,HFET
391912:10612,51:51,05/11/25 02:32:25,STABLE BEAMS,6800,12271.294856497,11996.797974703,50.6,HFET
391912:10612,52:52,05/11/25 02:32:48,STABLE BEAMS,6800,12252.034554996,11806.059931150,50.5,HFET
391912:10612,53:53,05/11/25 02:33:11,STABLE BEAMS,6800,12251.894841270,11978.368119373,50.5,HFET
391912:10612,54:54,05/11/25 02:33:35,STABLE BEAMS,6800,12251.370894359,11978.874574878,50.5,HFET
391912:10612,55:55,05/11/25 02:33:58,STABLE BEAMS,6800,12237.924858454,11964.190843209,50.5,HFET
391912:10612,56:56,05/11/25 02:34:21,STABLE BEAMS,6800,12229.892586364,11954.820087720,50.4,HFET
391912:10612,57:57,05/11/25 02:34:44,STABLE BEAMS,6800,12234.118906136,11960.997240790,50.5,HFET
391912:10612,58:58,05/11/25 02:35:08,STABLE BEAMS,6800,12228.969527453,11956.254061334,50.4,HFET
391912:10612,59:59,05/11/25 02:35:31,STABLE BEAMS,6800,12217.848674575,11946.281249662,50.4,HFET
391912:10612,60:60,05/11/25 02:35:54,STABLE BEAMS,6800,12208.441746954,11935.392373166,50.3,HFET
391912:10612,61:61,05/11/25 02:36:18,STABLE BEAMS,6800,12200.529322917,11928.960687146,50.3,HFET
391912:10612,62:62,05/11/25 02:36:41,STABLE BEAMS,6800,12185.465256547,11911.752575946,50.3,HFET
391912:10612,63:63,05/11/25 02:37:04,STABLE BEAMS,6800,12168.772123228,11898.840035581,50.2,HFET
391912:10612,64:64,05/11/25 02:37:28,STABLE BEAMS,6800,12171.832090906,11901.487627808,50.2,HFET
391912:10612,65:65,05/11/25 02:37:51,STABLE BEAMS,6800,12168.214576352,11726.943241498,50.2,HFET
391912:10612,66:66,05/11/25 02:38:14,STABLE BEAMS,6800,12151.977944756,11882.638265871,50.1,HFET
391912:10612,67:67,05/11/25 02:38:38,STABLE BEAMS,6800,12142.366474278,11871.574181681,50.1,HFET
391912:10612,68:68,05/11/25 02:39:01,STABLE BEAMS,6800,12153.386282004,11884.358074959,50.1,HFET
391912:10612,69:69,05/11/25 02:39:24,STABLE BEAMS,6800,12147.238959814,11877.194012400,50.1,HFET
391912:10612,70:70,05/11/25 02:39:48,STABLE BEAMS,6800,12132.459389504,11862.703617083,50.0,HFET
391912:10612,71:71,05/11/25 02:40:11,STABLE BEAMS,6800,12128.286698874,11857.961593122,50.0,HFET
391912:10612,72:72,05/11/25 02:40:34,STABLE BEAMS,6800,12119.797925060,11851.483862323,50.0,HFET
391912:10612,73:73,05/11/25 02:40:57,STABLE BEAMS,6800,12101.740109923,11831.793342431,49.9,HFET
391912:10612,74:74,05/11/25 02:41:21,STABLE BEAMS,6800,12082.206594102,11815.668983314,49.8,HFET
391912:10612,75:75,05/11/25 02:41:44,STABLE BEAMS,6800,12079.460961869,11811.975773687,49.8,HFET
391912:10612,76:76,05/11/25 02:42:07,STABLE BEAMS,6800,12075.390624420,11807.315181098,49.8,HFET
391912:10612,77:77,05/11/25 02:42:31,STABLE BEAMS,6800,12049.800776097,11782.153063033,49.7,HFET
391912:10612,78:78,05/11/25 02:42:54,STABLE BEAMS,6800,12038.291929455,11603.497063185,49.6,HFET
391912:10612,79:79,05/11/25 02:43:17,STABLE BEAMS,6800,12063.972849217,11797.714947306,49.8,HFET
391912:10612,80:80,05/11/25 02:43:41,STABLE BEAMS,6800,12055.582586252,11788.208533825,49.7,HFET
391912:10612,81:81,05/11/25 02:44:04,STABLE BEAMS,6800,12054.597150762,11788.589689880,49.7,HFET
391912:10612,82:82,05/11/25 02:44:27,STABLE BEAMS,6800,12045.659314633,11780.909042987,49.7,HFET
391912:10612,83:83,05/11/25 02:44:51,STABLE BEAMS,6800,12038.859531795,11772.398159088,49.6,HFET
391912:10612,84:84,05/11/25 02:45:14,STABLE BEAMS,6800,12028.008132657,11762.434882726,49.6,HFET
391912:10612,85:85,05/11/25 02:45:37,STABLE BEAMS,6800,12019.059014787,11752.929310616,49.6,HFET
391912:10612,86:86,05/11/25 02:46:01,STABLE BEAMS,6800,12020.211632589,11754.993940033,49.6,HFET
391912:10612,87:87,05/11/25 02:46:24,STABLE BEAMS,6800,12014.663060152,11749.116899543,49.5,HFET
391912:10612,88:88,05/11/25 02:46:47,STABLE BEAMS,6800,12003.412467261,11738.373604184,49.5,HFET
391912:10612,89:89,05/11/25 02:47:10,STABLE BEAMS,6800,11992.731929262,11729.188211597,49.5,HFET
391912:10612,90:90,05/11/25 02:47:34,STABLE BEAMS,6800,11972.528539673,11709.981182208,49.4,HFET
391912:10612,91:91,05/11/25 02:47:57,STABLE BEAMS,6800,11955.363862309,11521.114973112,49.3,HFET
391912:10612,92:92,05/11/25 02:48:20,STABLE BEAMS,6800,11922.451592267,11660.768226251,49.2,HFET
391912:10612,93:93,05/11/25 02:48:44,STABLE BEAMS,6800,11927.300369797,11666.035039085,49.2,HFET
391912:10612,94:94,05/11/25 02:49:07,STABLE BEAMS,6800,11930.931700396,11670.748627968,49.2,HFET
391912:10612,95:95,05/11/25 02:49:30,STABLE BEAMS,6800,11903.732650797,11643.095870039,49.1,HFET
391912:10612,96:96,05/11/25 02:49:54,STABLE BEAMS,6800,11884.789137293,11623.740044578,49.0,HFET
391912:10612,97:97,05/11/25 02:50:17,STABLE BEAMS,6800,11917.978300484,11656.909799108,49.1,HFET
391912:10612,98:98,05/11/25 02:50:40,STABLE BEAMS,6800,11918.580810818,11656.272156464,49.2,HFET
391912:10612,99:99,05/11/25 02:51:03,STABLE BEAMS,6800,11921.869029358,11661.178676693,49.2,HFET
391912:10612,100:100,05/11/25 02:51:27,STABLE BEAMS,6800,11915.591967154,11654.673417513,49.1,HFET
391912:10612,101:101,05/11/25 02:51:50,STABLE BEAMS,6800,11910.366477600,11648.222634420,49.1,HFET
391912:10612,102:102,05/11/25 02:52:13,STABLE BEAMS,6800,11900.522995680,11641.270541348,49.1,HFET
391912:10612,103:103,05/11/25 02:52:37,STABLE BEAMS,6800,11889.938515977,11628.866409731,49.0,HFET
391912:10612,104:104,05/11/25 02:53:00,STABLE BEAMS,6800,11893.548591123,11466.054413937,49.0,HFET
391912:10612,105:105,05/11/25 02:53:23,STABLE BEAMS,6800,11890.704448042,11629.933660908,49.0,HFET
391912:10612,106:106,05/11/25 02:53:47,STABLE BEAMS,6800,11886.494396866,11624.662737323,49.0,HFET
391912:10612,107:107,05/11/25 02:54:10,STABLE BEAMS,6800,11875.427173130,11617.034866829,49.0,HFET
391912:10612,108:108,05/11/25 02:54:33,STABLE BEAMS,6800,11856.610865337,11598.975146026,48.9,HFET
391912:10612,109:109,05/11/25 02:54:57,STABLE BEAMS,6800,11850.996155742,11591.641119991,48.9,HFET
391912:10612,110:110,05/11/25 02:55:20,STABLE BEAMS,6800,11835.121357353,11577.075874744,48.8,HFET
391912:10612,111:111,05/11/25 02:55:43,STABLE BEAMS,6800,11818.268562883,11559.402516564,48.7,HFET
391912:10612,112:112,05/11/25 02:56:07,STABLE BEAMS,6800,11800.255629451,11543.965511627,48.7,HFET
391912:10612,113:113,05/11/25 02:56:30,STABLE BEAMS,6800,11814.868017450,11557.759281035,48.7,HFET
391912:10612,114:114,05/11/25 02:56:53,STABLE BEAMS,6800,11817.235629631,11558.990432487,48.7,HFET
391912:10612,115:115,05/11/25 02:57:16,STABLE BEAMS,6800,11805.075712120,11547.295839668,48.7,HFET
391912:10612,116:116,05/11/25 02:57:40,STABLE BEAMS,6800,11801.407020976,11543.635489124,48.7,HFET
391912:10612,117:117,05/11/25 02:58:03,STABLE BEAMS,6800,11808.154319196,11385.079032334,48.7,HFET
391912:10612,118:118,05/11/25 02:58:26,STABLE BEAMS,6800,11793.165219173,11536.711154455,48.6,HFET
391912:10612,119:119,05/11/25 02:58:50,STABLE BEAMS,6800,11771.730566608,11515.345135397,48.5,HFET
391912:10612,120:120,05/11/25 02:59:13,STABLE BEAMS,6800,11770.179981330,11515.752956603,48.5,HFET
391912:10612,121:121,05/11/25 02:59:36,STABLE BEAMS,6800,11760.447518275,11504.579435475,48.5,HFET
391912:10612,122:122,05/11/25 03:00:00,STABLE BEAMS,6800,11737.497270177,11484.270450008,48.4,HFET
391912:10612,123:123,05/11/25 03:00:23,STABLE BEAMS,6800,11720.947611163,11466.424108982,48.3,HFET
391912:10612,124:124,05/11/25 03:00:46,STABLE BEAMS,6800,11738.550150853,11483.485862798,48.4,HFET
391912:10612,125:125,05/11/25 03:01:10,STABLE BEAMS,6800,11738.803335996,11485.319606778,48.4,HFET
391912:10612,126:126,05/11/25 03:01:33,STABLE BEAMS,6800,11742.308605410,11488.859352109,48.4,HFET
391912:10612,127:127,05/11/25 03:01:56,STABLE BEAMS,6800,11735.938019214,11480.107705257,48.4,HFET
391912:10612,128:128,05/11/25 03:02:20,STABLE BEAMS,6800,11723.272794191,11470.014415021,48.3,HFET
391912:10612,129:129,05/11/25 03:02:43,STABLE BEAMS,6800,11717.732969190,11381.073078756,48.3,HFET
391912:10612,130:130,05/11/25 03:03:06,STABLE BEAMS,6800,11717.098003415,11397.388120408,48.3,HFET
391912:10612,131:131,05/11/25 03:03:29,STABLE BEAMS,6800,11706.099369391,11451.651475292,48.3,HFET
391912:10612,132:132,05/11/25 03:03:53,STABLE BEAMS,6800,11696.299542901,11443.034816692,48.2,HFET
391912:10612,133:133,05/11/25 03:04:16,STABLE BEAMS,6800,11691.843745991,11440.363692958,48.2,HFET
391912:10612,134:134,05/11/25 03:04:39,STABLE BEAMS,6800,11687.346746204,11434.390929949,48.2,HFET
391912:10612,135:135,05/11/25 03:05:03,STABLE BEAMS,6800,11673.240810242,11421.279313231,48.1,HFET
391912:10612,136:136,05/11/25 03:05:26,STABLE BEAMS,6800,11669.259009929,11417.997034873,48.1,HFET
391912:10612,137:137,05/11/25 03:05:49,STABLE BEAMS,6800,11664.124510062,11411.674325562,48.1,HFET
391912:10612,138:138,05/11/25 03:06:13,STABLE BEAMS,6800,11655.814118548,11403.943360845,48.1,HFET
391912:10612,139:139,05/11/25 03:06:36,STABLE BEAMS,6800,11630.463802828,11378.962182805,48.0,HFET
391912:10612,140:140,05/11/25 03:06:59,STABLE BEAMS,6800,11630.128293681,11380.177121256,48.0,HFET
391912:10612,141:141,05/11/25 03:07:23,STABLE BEAMS,6800,11621.777925565,11370.594145121,47.9,HFET
391912:10612,142:142,05/11/25 03:07:46,STABLE BEAMS,6800,11599.492564380,11186.744442689,47.8,HFET
391912:10612,143:143,05/11/25 03:08:09,STABLE BEAMS,6800,11582.629796197,11334.612386408,47.8,HFET
391912:10612,144:144,05/11/25 03:08:32,STABLE BEAMS,6800,11591.963065499,11343.504387035,47.8,HFET
391912:10612,145:145,05/11/25 03:08:56,STABLE BEAMS,6800,11589.347173279,11339.245483649,47.8,HFET
391912:10612,146:146,05/11/25 03:09:19,STABLE BEAMS,6800,11579.099510751,11330.611533875,47.8,HFET
391912:10612,147:147,05/11/25 03:09:42,STABLE BEAMS,6800,11575.309827029,11326.095233037,47.7,HFET
391912:10612,148:148,05/11/25 03:10:06,STABLE BEAMS,6800,11558.056612530,11310.761402969,47.7,HFET
391912:10612,149:149,05/11/25 03:10:29,STABLE BEAMS,6800,11565.527495412,11318.233425828,47.7,HFET
391912:10612,150:150,05/11/25 03:10:52,STABLE BEAMS,6800,11580.719993768,11331.223558639,47.8,HFET
391912:10612,151:151,05/11/25 03:11:16,STABLE BEAMS,6800,11573.398798324,11325.241379473,47.7,HFET
391912:10612,152:152,05/11/25 03:11:39,STABLE BEAMS,6800,11559.668266359,11311.007341783,47.7,HFET
391912:10612,153:153,05/11/25 03:12:02,STABLE BEAMS,6800,11553.573347035,11306.396700273,47.6,HFET
391912:10612,154:154,05/11/25 03:12:26,STABLE BEAMS,6800,11544.742769190,11297.883592984,47.6,HFET
391912:10612,155:155,05/11/25 03:12:49,STABLE BEAMS,6800,11522.398710254,11111.331207992,47.5,HFET
391912:10612,156:156,05/11/25 03:13:12,STABLE BEAMS,6800,11514.471325648,11268.653576373,47.5,HFET
391912:10612,157:157,05/11/25 03:13:36,STABLE BEAMS,6800,11528.063370164,11281.367720386,47.5,HFET
391912:10612,158:158,05/11/25 03:13:59,STABLE BEAMS,6800,11517.809412751,11269.842298101,47.5,HFET
391912:10612,159:159,05/11/25 03:14:22,STABLE BEAMS,6800,11510.513233340,11264.124305792,47.5,HFET
391912:10612,160:160,05/11/25 03:14:45,STABLE BEAMS,6800,11508.972621774,11261.361270837,47.5,HFET
391912:10612,161:161,05/11/25 03:15:09,STABLE BEAMS,6800,11503.809508798,11257.669051609,47.4,HFET
391912:10612,162:162,05/11/25 03:15:32,STABLE BEAMS,6800,11495.418019556,11248.922005470,47.4,HFET
391912:10612,163:163,05/11/25 03:15:55,STABLE BEAMS,6800,11487.566664070,11241.278677601,47.4,HFET
391912:10612,164:164,05/11/25 03:16:19,STABLE BEAMS,6800,11487.243581188,11242.048550744,47.4,HFET
391912:10612,165:165,05/11/25 03:16:42,STABLE BEAMS,6800,11481.526600165,11235.626751858,47.3,HFET
391912:10612,166:166,05/11/25 03:17:05,STABLE BEAMS,6800,11472.255707441,11228.595321245,47.3,HFET
391912:10612,167:167,05/11/25 03:17:29,STABLE BEAMS,6800,11466.717108717,11222.229759032,47.3,HFET
391912:10612,168:168,05/11/25 03:17:52,STABLE BEAMS,6800,11451.422338934,11045.924167886,47.2,HFET
391912:10612,169:169,05/11/25 03:18:15,STABLE BEAMS,6800,11438.813277356,11195.994085200,47.2,HFET
391912:10612,170:170,05/11/25 03:18:39,STABLE BEAMS,6800,11425.906067178,11182.315962301,47.1,HFET
391912:10612,171:171,05/11/25 03:19:02,STABLE BEAMS,6800,11421.586223414,11177.934548866,47.1,HFET
391912:10612,172:172,05/11/25 03:19:25,STABLE BEAMS,6800,11417.352464234,11175.179509187,47.1,HFET
391912:10612,173:173,05/11/25 03:19:49,STABLE BEAMS,6800,11401.886751559,11158.565969713,47.0,HFET
391912:10612,174:174,05/11/25 03:20:12,STABLE BEAMS,6800,11391.339714153,11150.033284446,47.0,HFET
391912:10612,175:175,05/11/25 03:20:35,STABLE BEAMS,6800,11403.444776245,11160.453450342,47.0,HFET
391912:10612,176:176,05/11/25 03:20:59,STABLE BEAMS,6800,11399.577755376,11157.378109682,47.0,HFET
391912:10612,177:177,05/11/25 03:21:22,STABLE BEAMS,6800,11385.571638291,11143.812784015,47.0,HFET
391912:10612,178:178,05/11/25 03:21:45,STABLE BEAMS,6800,11380.676671027,11138.998310133,46.9,HFET
391912:10612,179:179,05/11/25 03:22:08,STABLE BEAMS,6800,11386.796606384,11145.135605825,47.0,HFET
391912:10612,180:180,05/11/25 03:22:32,STABLE BEAMS,6800,11380.040478976,11138.806202236,46.9,HFET
391912:10612,181:181,05/11/25 03:22:55,STABLE BEAMS,6800,11371.950898915,10969.083949651,46.9,HFET
391912:10612,182:182,05/11/25 03:23:18,STABLE BEAMS,6800,11366.116604142,11125.246038379,46.9,HFET
391912:10612,183:183,05/11/25 03:23:42,STABLE BEAMS,6800,11359.291968775,11117.872713921,46.8,HFET
391912:10612,184:184,05/11/25 03:24:05,STABLE BEAMS,6800,11342.047419961,11102.692598962,46.8,HFET
391912:10612,185:185,05/11/25 03:24:28,STABLE BEAMS,6800,11331.752341422,11091.724527669,46.7,HFET
391912:10612,186:186,05/11/25 03:24:52,STABLE BEAMS,6800,11322.426593280,11082.694383335,46.7,HFET
391912:10612,187:187,05/11/25 03:25:15,STABLE BEAMS,6800,11315.366104140,11076.578435646,46.7,HFET
391912:10612,188:188,05/11/25 03:25:38,STABLE BEAMS,6800,11291.167179944,11052.109619628,46.6,HFET
391912:10612,189:189,05/11/25 03:26:02,STABLE BEAMS,6800,11291.999167416,11053.763397628,46.6,HFET
391912:10612,190:190,05/11/25 03:26:25,STABLE BEAMS,6800,11306.738842876,11067.792245333,46.6,HFET
391912:10612,191:191,05/11/25 03:26:48,STABLE BEAMS,6800,11300.091281781,11060.393909363,46.6,HFET
391912:10612,192:192,05/11/25 03:27:11,STABLE BEAMS,6800,11306.300980549,11066.904368802,46.6,HFET
391912:10612,193:193,05/11/25 03:27:35,STABLE BEAMS,6800,11273.779156823,11035.599992979,46.5,HFET
391912:10612,194:194,05/11/25 03:27:58,STABLE BEAMS,6800,11263.157316575,10860.681146519,46.4,HFET
391912:10612,195:195,05/11/25 03:28:21,STABLE BEAMS,6800,11274.174589996,11036.676957814,46.5,HFET
391912:10612,196:196,05/11/25 03:28:45,STABLE BEAMS,6800,11267.296243735,11028.497819522,46.5,HFET
391912:10612,197:197,05/11/25 03:29:08,STABLE BEAMS,6800,11245.658356341,11009.653030721,46.4,HFET
391912:10612,198:198,05/11/25 03:29:31,STABLE BEAMS,6800,11244.659104806,11007.587882685,46.4,HFET
391912:10612,199:199,05/11/25 03:29:55,STABLE BEAMS,6800,11255.716354830,11017.389068368,46.4,HFET
391912:10612,200:200,05/11/25 03:30:18,STABLE BEAMS,6800,11250.378620134,11013.004123035,46.4,HFET
391912:10612,201:201,05/11/25 03:30:41,STABLE BEAMS,6800,11242.821652668,11004.553522751,46.4,HFET
391912:10612,202:202,05/11/25 03:31:05,STABLE BEAMS,6800,11245.890367783,11009.585092172,46.4,HFET
391912:10612,203:203,05/11/25 03:31:28,STABLE BEAMS,6800,11222.025726458,10986.128765940,46.3,HFET
391912:10612,204:204,05/11/25 03:31:51,STABLE BEAMS,6800,11224.399551771,10987.268263510,46.3,HFET
391912:10612,205:205,05/11/25 03:32:14,STABLE BEAMS,6800,11223.535108858,10988.068116732,46.3,HFET
391912:10612,206:206,05/11/25 03:32:38,STABLE BEAMS,6800,11205.091834260,10968.501314289,46.2,HFET
391912:10612,207:207,05/11/25 03:33:01,STABLE BEAMS,6800,11193.817533364,10802.100263214,46.2,HFET
391912:10612,208:208,05/11/25 03:33:24,STABLE BEAMS,6800,11195.772217499,10960.081999256,46.2,HFET
391912:10612,209:209,05/11/25 03:33:48,STABLE BEAMS,6800,11182.402292465,10947.518692129,46.1,HFET
391912:10612,210:210,05/11/25 03:34:11,STABLE BEAMS,6800,11161.411715359,10927.673269625,46.0,HFET
391912:10612,211:211,05/11/25 03:34:34,STABLE BEAMS,6800,11162.901150334,10929.316795199,46.0,HFET
391912:10612,212:212,05/11/25 03:34:58,STABLE BEAMS,6800,11167.322039251,10932.349913693,46.1,HFET
391912:10612,213:213,05/11/25 03:35:21,STABLE BEAMS,6800,11165.556937403,10929.260694744,46.0,HFET
391912:10612,214:214,05/11/25 03:35:44,STABLE BEAMS,6800,11162.916110903,10927.630425281,46.0,HFET
391912:10612,215:215,05/11/25 03:36:08,STABLE BEAMS,6800,11154.898881133,10921.822976974,46.0,HFET
391912:10612,216:216,05/11/25 03:36:31,STABLE BEAMS,6800,11149.062133809,10915.490353530,46.0,HFET
391912:10612,217:217,05/11/25 03:36:54,STABLE BEAMS,6800,11139.688887905,10904.976039610,45.9,HFET
391912:10612,218:218,05/11/25 03:37:18,STABLE BEAMS,6800,11129.802976832,10896.819987487,45.9,HFET
391912:10612,219:219,05/11/25 03:37:41,STABLE BEAMS,6800,11116.399370081,10883.302700946,45.8,HFET
391912:10612,220:220,05/11/25 03:38:04,STABLE BEAMS,6800,11106.039462411,10717.471768944,45.8,HFET
391912:10612,221:221,05/11/25 03:38:27,STABLE BEAMS,6800,11101.384027749,10869.910421535,45.8,HFET
391912:10612,222:222,05/11/25 03:38:51,STABLE BEAMS,6800,11096.588879360,10863.329850320,45.8,HFET
391912:10612,223:223,05/11/25 03:39:14,STABLE BEAMS,6800,11092.654495057,10860.817397140,45.7,HFET
391912:10612,224:224,05/11/25 03:39:37,STABLE BEAMS,6800,11079.434175709,10846.784778939,45.7,HFET
391912:10612,225:225,05/11/25 03:40:01,STABLE BEAMS,6800,11078.311479046,10846.490895157,45.7,HFET
391912:10612,226:226,05/11/25 03:40:24,STABLE BEAMS,6800,11088.554154718,10857.762486247,45.7,HFET
391912:10612,227:227,05/11/25 03:40:47,STABLE BEAMS,6800,11079.119840264,10847.679283618,45.7,HFET
391912:10612,228:228,05/11/25 03:41:11,STABLE BEAMS,6800,11060.605441651,10830.343031127,45.6,HFET
391912:10612,229:229,05/11/25 03:41:34,STABLE BEAMS,6800,11048.496618979,10818.148542579,45.6,HFET
391912:10612,230:230,05/11/25 03:41:57,STABLE BEAMS,6800,11031.137372471,10801.017023129,45.5,HFET
391912:10612,231:231,05/11/25 03:42:21,STABLE BEAMS,6800,11005.019816658,10775.462466742,45.4,HFET
391912:10612,232:232,05/11/25 03:42:44,STABLE BEAMS,6800,10979.269080909,10750.699950793,45.3,HFET
391912:10612,233:233,05/11/25 03:43:07,STABLE BEAMS,6800,10986.233511754,10604.056561233,45.3,HFET
391912:10612,234:234,05/11/25 03:43:31,STABLE BEAMS,6800,10989.140031413,10762.072243042,45.3,HFET
391912:10612,235:235,05/11/25 03:43:54,STABLE BEAMS,6800,10964.201335711,10736.300280026,45.2,HFET
391912:10612,236:236,05/11/25 03:44:17,STABLE BEAMS,6800,10955.875983628,10727.989844252,45.2,HFET
391912:10612,237:237,05/11/25 03:44:40,STABLE BEAMS,6800,10992.196238512,10763.050295184,45.3,HFET
391912:10612,238:238,05/11/25 03:45:04,STABLE BEAMS,6800,10991.607462471,10764.158350181,45.3,HFET
391912:10612,239:239,05/11/25 03:45:27,STABLE BEAMS,6800,10994.444084392,10765.684858830,45.3,HFET
391912:10612,240:240,05/11/25 03:45:50,STABLE BEAMS,6800,10984.342430473,10755.496677872,45.3,HFET
391912:10612,241:241,05/11/25 03:46:14,STABLE BEAMS,6800,10977.963015089,10749.361100166,45.3,HFET
391912:10612,242:242,05/11/25 03:46:37,STABLE BEAMS,6800,10975.945954375,10746.161613902,45.3,HFET
391912:10612,243:243,05/11/25 03:47:00,STABLE BEAMS,6800,10975.665218895,10748.209351333,45.3,HFET
391912:10612,244:244,05/11/25 03:47:24,STABLE BEAMS,6800,10972.206139216,10744.125105022,45.2,HFET
391912:10612,245:245,05/11/25 03:47:47,STABLE BEAMS,6800,10963.359374527,10735.899674220,45.2,HFET
391912:10612,246:246,05/11/25 03:48:10,STABLE BEAMS,6800,10951.809325007,10571.212086771,45.2,HFET
391912:10612,247:247,05/11/25 03:48:34,STABLE BEAMS,6800,10946.708588609,10719.484323358,45.1,HFET
391912:10612,248:248,05/11/25 03:48:57,STABLE BEAMS,6800,10940.950486460,10713.520880864,45.1,HFET
391912:10612,249:249,05/11/25 03:49:20,STABLE BEAMS,6800,10930.472038765,10704.286310719,45.1,HFET
391912:10612,250:250,05/11/25 03:49:43,STABLE BEAMS,6800,10920.932918579,10693.958819924,45.0,HFET
391912:10612,251:251,05/11/25 03:50:07,STABLE BEAMS,6800,10920.877981409,10695.530327477,45.0,HFET
391912:10612,252:252,05/11/25 03:50:30,STABLE BEAMS,6800,10918.480448090,10693.318465544,45.0,HFET
391912:10612,253:253,05/11/25 03:50:53,STABLE BEAMS,6800,10903.678396052,10678.048228994,45.0,HFET
391912:10612,254:254,05/11/25 03:51:17,STABLE BEAMS,6800,10893.066529515,10668.461768749,44.9,HFET
391912:10612,255:255,05/11/25 03:51:40,STABLE BEAMS,6800,10897.053316685,10670.979414410,44.9,HFET
391912:10612,256:256,05/11/25 03:52:03,STABLE BEAMS,6800,10888.692974857,10663.532884812,44.9,HFET
391912:10612,257:257,05/11/25 03:52:27,STABLE BEAMS,6800,10871.823993542,10648.388595571,44.8,HFET
391912:10612,258:258,05/11/25 03:52:50,STABLE BEAMS,6800,10868.907500170,10604.986531859,44.8,HFET
391912:10612,259:259,05/11/25 03:53:13,STABLE BEAMS,6800,10874.945029771,10552.825905293,44.8,HFET
391912:10612,260:260,05/11/25 03:53:37,STABLE BEAMS,6800,10863.524802016,10638.915379010,44.8,HFET
391912:10612,261:261,05/11/25 03:54:00,STABLE BEAMS,6800,10850.873311285,10627.556383580,44.7,HFET
391912:10612,262:262,05/11/25 03:54:23,STABLE BEAMS,6800,10855.967834550,10632.267921265,44.8,HFET
391912:10612,263:263,05/11/25 03:54:47,STABLE BEAMS,6800,10855.251852800,10630.593569761,44.8,HFET
391912:10612,264:264,05/11/25 03:55:10,STABLE BEAMS,6800,10848.735257994,10625.795087176,44.7,HFET
391912:10612,265:265,05/11/25 03:55:33,STABLE BEAMS,6800,10843.397523299,10620.731388056,44.7,HFET
391912:10612,266:266,05/11/25 03:55:56,STABLE BEAMS,6800,10833.950700828,10610.224721910,44.7,HFET
391912:10612,267:267,05/11/25 03:56:20,STABLE BEAMS,6800,10826.457336217,10603.895156968,44.6,HFET
391912:10612,268:268,05/11/25 03:56:43,STABLE BEAMS,6800,10814.620501588,10591.338861877,44.6,HFET
391912:10612,269:269,05/11/25 03:57:06,STABLE BEAMS,6800,10801.443837671,10579.360236418,44.5,HFET
391912:10612,270:270,05/11/25 03:57:30,STABLE BEAMS,6800,10803.860092138,10582.308810991,44.6,HFET
391912:10612,271:271,05/11/25 03:57:53,STABLE BEAMS,6800,10767.895375577,10395.172151148,44.4,HFET
391912:10612,272:272,05/11/25 03:58:16,STABLE BEAMS,6800,10761.496094520,10541.485922522,44.4,HFET
391912:10612,273:273,05/11/25 03:58:40,STABLE BEAMS,6800,10745.104788630,10524.247677344,44.3,HFET
391912:10612,274:274,05/11/25 03:59:03,STABLE BEAMS,6800,10727.625775821,10507.771624736,44.2,HFET
391912:10612,275:275,05/11/25 03:59:26,STABLE BEAMS,6800,10679.943909181,10460.654061618,44.0,HFET
391912:10612,276:276,05/11/25 03:59:50,STABLE BEAMS,6800,10669.451727194,10451.467430210,44.0,HFET
391912:10612,277:277,05/11/25 04:00:13,STABLE BEAMS,6800,10686.724970870,10469.509946194,44.1,HFET
391912:10612,278:278,05/11/25 04:00:36,STABLE BEAMS,6800,10672.178638278,10453.993933077,44.0,HFET
391912:10612,279:279,05/11/25 04:00:59,STABLE BEAMS,6800,10642.187848464,10425.866554414,43.9,HFET
391912:10612,280:280,05/11/25 04:01:23,STABLE BEAMS,6800,10655.858456403,10439.158752497,43.9,HFET
391912:10612,281:281,05/11/25 04:01:46,STABLE BEAMS,6800,10677.147182110,10458.518550972,44.0,HFET
391912:10612,282:282,05/11/25 04:02:09,STABLE BEAMS,6800,10693.585822258,10475.337211512,44.1,HFET
391912:10612,283:283,05/11/25 04:02:33,STABLE BEAMS,6800,10701.497020020,10483.451045361,44.1,HFET
391912:10612,284:284,05/11/25 04:02:56,STABLE BEAMS,6800,10720.651371264,10350.026061358,44.2,HFET
391912:10612,285:285,05/11/25 04:03:19,STABLE BEAMS,6800,10720.665105556,10501.994801007,44.2,HFET
391912:10612,286:286,05/11/25 04:03:43,STABLE BEAMS,6800,10710.085612710,10491.014950950,44.2,HFET
391912:10612,287:287,05/11/25 04:04:06,STABLE BEAMS,6800,10689.095035603,10471.333709872,44.1,HFET
391912:10612,288:288,05/11/25 04:04:29,STABLE BEAMS,6800,10648.921494143,10432.077414177,43.9,HFET
391912:10612,289:289,05/11/25 04:04:53,STABLE BEAMS,6800,10649.139771292,10431.282251203,43.9,HFET
391912:10612,290:290,05/11/25 04:05:16,STABLE BEAMS,6800,10657.972883441,10441.143386915,44.0,HFET
391912:10612,291:291,05/11/25 04:05:39,STABLE BEAMS,6800,10617.556048798,10401.046893264,43.8,HFET
391912:10612,292:292,05/11/25 04:06:03,STABLE BEAMS,6800,10578.911837164,10364.352274760,43.6,HFET
391912:10612,293:293,05/11/25 04:06:26,STABLE BEAMS,6800,10629.615002908,10414.256680379,43.8,HFET
391912:10612,294:294,05/11/25 04:06:49,STABLE BEAMS,6800,10615.148541768,10399.183714093,43.8,HFET
391912:10612,295:295,05/11/25 04:07:12,STABLE BEAMS,6800,10631.988828222,10416.344014640,43.8,HFET
391912:10612,296:296,05/11/25 04:07:36,STABLE BEAMS,6800,10626.799554688,10411.055640986,43.8,HFET
391912:10612,297:297,05/11/25 04:07:59,STABLE BEAMS,6800,10634.808037022,10268.031964534,43.9,HFET
391912:10612,298:298,05/11/25 04:08:22,STABLE BEAMS,6800,10636.715386899,10420.330406335,43.9,HFET
391912:10612,299:299,05/11/25 04:08:46,STABLE BEAMS,6800,10633.356044344,10416.962674372,43.9,HFET
391912:10612,300:300,05/11/25 04:09:09,STABLE BEAMS,6800,10633.099098621,10417.365417411,43.9,HFET
391912:10612,301:301,05/11/25 04:09:32,STABLE BEAMS,6800,10627.585434178,10412.197026332,43.8,HFET
391912:10612,302:302,05/11/25 04:09:56,STABLE BEAMS,6800,10619.326137502,10403.081978871,43.8,HFET
391912:10612,303:303,05/11/25 04:10:19,STABLE BEAMS,6800,10613.775112513,10398.673694762,43.8,HFET
391912:10612,304:304,05/11/25 04:10:42,STABLE BEAMS,6800,10610.869819130,10394.521079522,43.8,HFET
391912:10612,305:305,05/11/25 04:11:06,STABLE BEAMS,6800,10603.811864293,10387.946474660,43.7,HFET
391912:10612,306:306,05/11/25 04:11:29,STABLE BEAMS,6800,10589.999008324,10375.710810463,43.7,HFET
391912:10612,307:307,05/11/25 04:11:52,STABLE BEAMS,6800,10587.436826999,10371.170176008,43.7,HFET
391912:10612,308:308,05/11/25 04:12:16,STABLE BEAMS,6800,10585.912402278,10371.108264435,43.7,HFET
391912:10612,309:309,05/11/25 04:12:39,STABLE BEAMS,6800,10576.216155245,10361.022681523,43.6,HFET
391912:10612,310:310,05/11/25 04:13:02,STABLE BEAMS,6800,10568.946136391,10203.508204057,43.6,HFET
391912:10612,311:311,05/11/25 04:13:25,STABLE BEAMS,6800,10568.361039178,10355.118679380,43.6,HFET
391912:10612,312:312,05/11/25 04:13:49,STABLE BEAMS,6800,10564.701095470,10349.336172005,43.6,HFET
391912:10612,313:313,05/11/25 04:14:12,STABLE BEAMS,6800,10548.879926224,10335.715261126,43.5,HFET
391912:10612,314:314,05/11/25 04:14:35,STABLE BEAMS,6800,10541.309224465,10328.219279062,43.5,HFET
391912:10612,315:315,05/11/25 04:14:59,STABLE BEAMS,6800,10529.448681832,10316.181098580,43.4,HFET
391912:10612,316:316,05/11/25 04:15:22,STABLE BEAMS,6800,10516.822125382,10303.122844865,43.4,HFET
391912:10612,317:317,05/11/25 04:15:45,STABLE BEAMS,6800,10512.347607323,10298.109002205,43.4,HFET
391912:10612,318:318,05/11/25 04:16:09,STABLE BEAMS,6800,10518.075788335,10306.039463584,43.4,HFET
391912:10612,319:319,05/11/25 04:16:32,STABLE BEAMS,6800,10518.526158678,10306.354404167,43.4,HFET
391912:10612,320:320,05/11/25 04:16:55,STABLE BEAMS,6800,10515.851650460,10302.736948730,43.4,HFET
391912:10612,321:321,05/11/25 04:17:19,STABLE BEAMS,6800,10512.464839320,10299.112586697,43.4,HFET
391912:10612,322:322,05/11/25 04:17:42,STABLE BEAMS,6800,10501.075758979,10288.504650862,43.3,HFET
391912:10612,323:323,05/11/25 04:18:05,STABLE BEAMS,6800,10494.440705900,10135.414002298,43.3,HFET
391912:10612,324:324,05/11/25 04:18:28,STABLE BEAMS,6800,10483.355987292,10272.747525078,43.2,HFET
391912:10612,325:325,05/11/25 04:18:52,STABLE BEAMS,6800,10462.073556469,10250.313534679,43.1,HFET
391912:10612,326:326,05/11/25 04:19:15,STABLE BEAMS,6800,10444.879611982,10234.881527381,43.1,HFET
391912:10612,327:327,05/11/25 04:19:38,STABLE BEAMS,6800,10440.043260716,10229.360971293,43.1,HFET
391912:10612,328:328,05/11/25 04:20:02,STABLE BEAMS,6800,10433.755570786,10224.657766021,43.0,HFET
391912:10612,329:329,05/11/25 04:20:25,STABLE BEAMS,6800,10410.869579557,10202.412898292,42.9,HFET
391912:10612,330:330,05/11/25 04:20:48,STABLE BEAMS,6800,10399.613345795,10190.605763588,42.9,HFET
391912:10612,331:331,05/11/25 04:21:12,STABLE BEAMS,6800,10426.422603091,10217.539475412,43.0,HFET
391912:10612,332:332,05/11/25 04:21:35,STABLE BEAMS,6800,10425.568052139,10216.523077161,43.0,HFET
391912:10612,333:333,05/11/25 04:21:58,STABLE BEAMS,6800,10433.895938526,10223.435051619,43.0,HFET
391912:10612,334:334,05/11/25 04:22:22,STABLE BEAMS,6800,10430.115002241,10221.151450991,43.0,HFET
391912:10612,335:335,05/11/25 04:22:45,STABLE BEAMS,6800,10426.244793054,10216.636962766,43.0,HFET
391912:10612,336:336,05/11/25 04:23:08,STABLE BEAMS,6800,10417.794115551,10063.538799761,43.0,HFET
391912:10612,337:337,05/11/25 04:23:32,STABLE BEAMS,6800,10405.628475419,10198.099579464,42.9,HFET
391912:10612,338:338,05/11/25 04:23:55,STABLE BEAMS,6800,10407.455953845,10197.606720638,42.9,HFET
391912:10612,339:339,05/11/25 04:24:18,STABLE BEAMS,6800,10406.368819189,10198.201808068,42.9,HFET
391912:10612,340:340,05/11/25 04:24:41,STABLE BEAMS,6800,10396.647637874,10187.389350626,42.9,HFET
391912:10612,341:341,05/11/25 04:25:05,STABLE BEAMS,6800,10386.603864189,10178.465455691,42.8,HFET
391912:10612,342:342,05/11/25 04:25:28,STABLE BEAMS,6800,10391.196922272,10182.564196445,42.9,HFET
391912:10612,343:343,05/11/25 04:25:51,STABLE BEAMS,6800,10384.432129180,10175.509651985,42.8,HFET
391912:10612,344:344,05/11/25 04:26:15,STABLE BEAMS,6800,10377.684749208,10170.678385771,42.8,HFET
391912:10612,345:345,05/11/25 04:26:38,STABLE BEAMS,6800,10371.785625305,10163.747416809,42.8,HFET
391912:10612,346:346,05/11/25 04:27:01,STABLE BEAMS,6800,10363.429125809,7001.226560973,42.7,HFET
391912:10612,347:347,05/11/25 04:27:25,STABLE BEAMS,6800,10353.516972427,10146.909437257,42.7,HFET
391912:10612,348:348,05/11/25 04:27:48,STABLE BEAMS,6800,10345.921336387,10139.075506989,42.7,HFET
391912:10612,349:349,05/11/25 04:28:11,STABLE BEAMS,6800,10339.782761633,9987.464377222,42.6,HFET
392030:10623,73:73,05/13/25 17:53:03,STABLE BEAMS,6800,53242.847908338,20691.642755439,37.4,HFET
392030:10623,74:74,05/13/25 17:53:26,STABLE BEAMS,6800,53239.000625375,24304.977511417,37.4,HFET
392030:10623,75:75,05/13/25 17:53:49,STABLE BEAMS,6800,53222.922779347,52307.194935222,37.4,HFET
392030:10623,76:76,05/13/25 17:54:13,STABLE BEAMS,6800,53206.859976458,52346.644356840,37.4,HFET
392030:10623,77:77,05/13/25 17:54:36,STABLE BEAMS,6800,53169.185496059,52311.953052718,37.4,HFET
392030:10623,78:78,05/13/25 17:54:59,STABLE BEAMS,6800,53386.225625619,52516.944782094,37.5,HFET
392030:10623,79:79,05/13/25 17:55:23,STABLE BEAMS,6800,55478.837865068,53763.442800286,39.0,HFET
392030:10623,80:80,05/13/25 17:55:46,STABLE BEAMS,6800,55930.742446027,54973.441601456,39.3,HFET
392030:10623,81:81,05/13/25 17:56:09,STABLE BEAMS,6800,55869.739653318,54926.525869077,39.3,HFET
392030:10623,82:82,05/13/25 17:56:33,STABLE BEAMS,6800,55829.684923095,54871.128704553,39.3,HFET
392046:10623,1:1,05/13/25 20:24:40,STABLE BEAMS,6800,91818.053544114,7066.226868154,64.6,HFET
392046:10623,2:2,05/13/25 20:25:03,STABLE BEAMS,6800,91985.488593685,87358.287985966,64.7,HFET
392046:10623,3:3,05/13/25 20:25:26,STABLE BEAMS,6800,91841.746489047,88951.445260489,64.6,HFET
392046:10623,4:4,05/13/25 20:25:50,STABLE BEAMS,6800,91809.570521455,89012.566193754,64.6,HFET
392046:10623,5:5,05/13/25 20:26:13,STABLE BEAMS,6800,91790.518875638,68241.060856309,64.5,HFET
392046:10623,6:6,05/13/25 20:26:36,STABLE BEAMS,6800,91727.355675510,88747.540516980,64.5,HFET
392046:10623,7:7,05/13/25 20:27:00,STABLE BEAMS,6800,91728.812570882,88847.211676116,64.5,HFET
392046:10623,8:8,05/13/25 20:27:23,STABLE BEAMS,6800,91707.645074771,88907.354571837,64.5,HFET
392046:10623,9:9,05/13/25 20:27:46,STABLE BEAMS,6800,91646.647596215,88796.057777944,64.4,HFET
392046:10623,10:10,05/13/25 20:28:10,STABLE BEAMS,6800,91635.659563782,80186.567111269,64.4,HFET
392046:10623,11:11,05/13/25 20:28:33,STABLE BEAMS,6800,91578.962461014,73606.085562167,64.4,HFET
392046:10623,12:12,05/13/25 20:28:56,STABLE BEAMS,6800,91562.176279323,88696.196171796,64.4,HFET
392046:10623,13:13,05/13/25 20:29:20,STABLE BEAMS,6800,91537.156431366,88734.979459127,64.4,HFET
392046:10623,14:14,05/13/25 20:29:43,STABLE BEAMS,6800,91509.042929039,87458.143374955,64.3,HFET
392046:10623,15:15,05/13/25 20:30:06,STABLE BEAMS,6800,91495.330780231,88680.269627807,64.3,HFET
392046:10623,16:16,05/13/25 20:30:29,STABLE BEAMS,6800,91452.755424801,68310.033356708,64.3,HFET
392046:10623,17:17,05/13/25 20:30:53,STABLE BEAMS,6800,91434.432226669,88629.027581946,64.3,HFET
392046:10623,18:18,05/13/25 20:31:16,STABLE BEAMS,6800,91405.041692596,88598.315787089,64.3,HFET
392046:10623,19:19,05/13/25 20:31:39,STABLE BEAMS,6800,91362.576708027,88568.067975414,64.2,HFET
392046:10623,20:20,05/13/25 20:32:03,STABLE BEAMS,6800,91352.147070397,88567.919675474,64.2,HFET
392046:10623,21:21,05/13/25 20:32:26,STABLE BEAMS,6800,91326.218911128,88544.447452601,64.2,HFET
392046:10623,22:22,05/13/25 20:32:49,STABLE BEAMS,6800,91258.913942227,88496.758446169,64.2,HFET
392046:10623,23:23,05/13/25 20:33:13,STABLE BEAMS,6800,91207.816321166,88450.171270930,64.1,HFET
392046:10623,24:24,05/13/25 20:33:36,STABLE BEAMS,6800,91113.954487866,88325.293499070,64.1,HFET
392046:10623,25:25,05/13/25 20:33:59,STABLE BEAMS,6800,91066.569415560,88339.867225746,64.0,HFET
392046:10623,26:26,05/13/25 20:34:23,STABLE BEAMS,6800,90839.424547483,88103.979290658,63.9,HFET
392046:10623,27:27,05/13/25 20:34:46,STABLE BEAMS,6800,90882.887775177,86896.606917285,63.9,HFET
392046:10623,28:28,05/13/25 20:35:09,STABLE BEAMS,6800,91008.116189751,88261.937264821,64.0,HFET
392046:10623,29:29,05/13/25 20:35:32,STABLE BEAMS,6800,90943.895064477,88220.343900004,63.9,HFET
392046:10623,30:30,05/13/25 20:35:56,STABLE BEAMS,6800,90865.212903662,88115.091785486,63.9,HFET
392046:10623,31:31,05/13/25 20:36:19,STABLE BEAMS,6800,90941.999138345,88162.806233629,63.9,HFET
392046:10623,32:32,05/13/25 20:36:42,STABLE BEAMS,6800,90942.647464961,88218.469463471,63.9,HFET
392046:10623,33:33,05/13/25 20:37:06,STABLE BEAMS,6800,90900.542207645,88187.930686727,63.9,HFET
392046:10623,34:34,05/13/25 20:37:29,STABLE BEAMS,6800,90868.695717513,88132.920955155,63.9,HFET
392046:10623,35:35,05/13/25 20:37:52,STABLE BEAMS,6800,90887.009104902,88177.079060963,63.9,HFET
392046:10623,36:36,05/13/25 20:38:16,STABLE BEAMS,6800,90866.979655008,88144.210336511,63.9,HFET
392046:10623,37:37,05/13/25 20:38:39,STABLE BEAMS,6800,90794.534674209,88069.353867050,63.8,HFET
392046:10623,38:38,05/13/25 20:39:02,STABLE BEAMS,6800,90774.584527823,88060.439546254,63.8,HFET
392046:10623,39:39,05/13/25 20:39:26,STABLE BEAMS,6800,90762.388956409,88035.251500817,63.8,HFET
392046:10623,40:40,05/13/25 20:39:49,STABLE BEAMS,6800,90698.536551568,86696.225252337,63.8,HFET
392046:10623,41:41,05/13/25 20:40:12,STABLE BEAMS,6800,90636.750943304,87868.406537731,63.7,HFET
392046:10623,42:42,05/13/25 20:40:36,STABLE BEAMS,6800,90665.512772248,87932.202903448,63.8,HFET
392046:10623,43:43,05/13/25 20:40:59,STABLE BEAMS,6800,90613.866567126,87884.514264758,63.7,HFET
392046:10623,44:44,05/13/25 20:41:22,STABLE BEAMS,6800,90500.054587440,87808.566764500,63.6,HFET
392046:10623,45:45,05/13/25 20:41:45,STABLE BEAMS,6800,90460.703696289,87769.744375295,63.6,HFET
392046:10623,46:46,05/13/25 20:42:09,STABLE BEAMS,6800,90355.015012009,87665.214216286,63.5,HFET
392046:10623,47:47,05/13/25 20:42:32,STABLE BEAMS,6800,90279.955468136,87588.344569456,63.5,HFET
392046:10623,48:48,05/13/25 20:42:55,STABLE BEAMS,6800,90025.216249562,87354.710539381,63.3,HFET
392046:10623,49:49,05/13/25 20:43:19,STABLE BEAMS,6800,90121.822638285,87444.304432248,63.4,HFET
392046:10623,50:50,05/13/25 20:43:42,STABLE BEAMS,6800,90247.111552442,87434.139561802,63.5,HFET
392046:10623,51:51,05/13/25 20:44:05,STABLE BEAMS,6800,90203.179044196,87501.040687888,63.4,HFET
392046:10623,52:52,05/13/25 20:44:29,STABLE BEAMS,6800,90162.400689903,87429.846747475,63.4,HFET
392046:10623,53:53,05/13/25 20:44:52,STABLE BEAMS,6800,90076.063696671,86081.972285086,63.3,HFET
392046:10623,54:54,05/13/25 20:45:15,STABLE BEAMS,6800,90037.950594293,87379.185934856,63.3,HFET
392046:10623,55:55,05/13/25 20:45:39,STABLE BEAMS,6800,90255.355029453,87561.831119955,63.5,HFET
392046:10623,56:56,05/13/25 20:46:02,STABLE BEAMS,6800,90229.865900943,87545.810017399,63.4,HFET
392046:10623,57:57,05/13/25 20:46:25,STABLE BEAMS,6800,90204.626128824,87521.359016569,63.4,HFET
392046:10623,58:58,05/13/25 20:46:48,STABLE BEAMS,6800,90123.828117716,87466.970698234,63.4,HFET
392046:10623,59:59,05/13/25 20:47:12,STABLE BEAMS,6800,90116.812618735,87457.323237979,63.4,HFET
392046:10623,60:60,05/13/25 20:47:35,STABLE BEAMS,6800,89846.024659338,87187.805331478,63.2,HFET
392046:10623,61:61,05/13/25 20:47:58,STABLE BEAMS,6800,89686.514237622,87050.621252310,63.1,HFET
392046:10623,62:62,05/13/25 20:48:22,STABLE BEAMS,6800,89926.673056612,87283.935857100,63.2,HFET
392046:10623,63:63,05/13/25 20:48:45,STABLE BEAMS,6800,89986.203829053,87321.718146784,63.3,HFET
392046:10623,64:64,05/13/25 20:49:08,STABLE BEAMS,6800,89872.811258641,87230.439758512,63.2,HFET
392046:10623,65:65,05/13/25 20:49:32,STABLE BEAMS,6800,89834.338429010,87171.425561345,63.2,HFET
392046:10623,66:66,05/13/25 20:49:55,STABLE BEAMS,6800,89930.615340272,86020.584824510,63.2,HFET
392046:10623,67:67,05/13/25 20:50:18,STABLE BEAMS,6800,89882.980911575,87191.961663575,63.2,HFET
392046:10623,68:68,05/13/25 20:50:42,STABLE BEAMS,6800,89851.034678887,87192.242190148,63.2,HFET
392046:10623,69:69,05/13/25 20:51:05,STABLE BEAMS,6800,89810.566180569,87167.916297807,63.2,HFET
392046:10623,70:70,05/13/25 20:51:28,STABLE BEAMS,6800,89767.223134479,87109.141868810,63.1,HFET
392046:10623,71:71,05/13/25 20:51:52,STABLE BEAMS,6800,89698.809551592,87064.295981962,63.1,HFET
392046:10623,72:72,05/13/25 20:52:15,STABLE BEAMS,6800,89622.812264178,86985.626221729,63.0,HFET
392046:10623,73:73,05/13/25 20:52:38,STABLE BEAMS,6800,89475.227618437,86850.130861948,62.9,HFET
392046:10623,74:74,05/13/25 20:53:02,STABLE BEAMS,6800,89368.322401995,86767.111538319,62.8,HFET
392046:10623,75:75,05/13/25 20:53:25,STABLE BEAMS,6800,88967.874024763,86367.319330390,62.6,HFET
392046:10623,76:76,05/13/25 20:53:48,STABLE BEAMS,6800,88994.261653841,86422.430992372,62.6,HFET
392046:10623,77:77,05/13/25 20:54:11,STABLE BEAMS,6800,89243.003238045,86642.122750396,62.8,HFET
392046:10623,78:78,05/13/25 20:54:35,STABLE BEAMS,6800,89225.358616321,86602.973486654,62.7,HFET
392046:10623,79:79,05/13/25 20:54:58,STABLE BEAMS,6800,89193.132777451,85268.986168881,62.7,HFET
392046:10623,80:80,05/13/25 20:55:21,STABLE BEAMS,6800,89061.397387421,86471.661016645,62.6,HFET
392046:10623,81:81,05/13/25 20:55:45,STABLE BEAMS,6800,88995.828102512,86428.132493435,62.6,HFET
392046:10623,82:82,05/13/25 20:56:08,STABLE BEAMS,6800,89221.046794666,86483.885272036,62.7,HFET
392046:10623,83:83,05/13/25 20:56:31,STABLE BEAMS,6800,89323.272286581,86703.495054175,62.8,HFET
392046:10623,84:84,05/13/25 20:56:55,STABLE BEAMS,6800,89343.202811481,86726.923856918,62.8,HFET
392046:10623,85:85,05/13/25 20:57:18,STABLE BEAMS,6800,89363.381875209,86734.386621008,62.8,HFET
392046:10623,86:86,05/13/25 20:57:41,STABLE BEAMS,6800,89312.264632661,86701.887354699,62.8,HFET
392046:10623,87:87,05/13/25 20:58:04,STABLE BEAMS,6800,89221.735999379,86623.817747396,62.7,HFET
392046:10623,88:88,05/13/25 20:58:28,STABLE BEAMS,6800,89063.832086869,86460.629113675,62.6,HFET
392046:10623,89:89,05/13/25 20:58:51,STABLE BEAMS,6800,89136.446302988,86534.731075428,62.7,HFET
392046:10623,90:90,05/13/25 20:59:14,STABLE BEAMS,6800,89228.412210156,86630.043111901,62.7,HFET
392046:10623,91:91,05/13/25 20:59:38,STABLE BEAMS,6800,89155.727683710,86550.702283830,62.7,HFET
392046:10623,92:92,05/13/25 21:00:01,STABLE BEAMS,6800,89235.857746716,85330.050102526,62.7,HFET
392046:10623,93:93,05/13/25 21:00:24,STABLE BEAMS,6800,89010.618615514,86407.951518501,62.6,HFET
392046:10623,94:94,05/13/25 21:00:48,STABLE BEAMS,6800,88965.758992032,86392.155149421,62.6,HFET
392046:10623,95:95,05/13/25 21:01:11,STABLE BEAMS,6800,89051.656954503,86473.237263893,62.6,HFET
392046:10623,96:96,05/13/25 21:01:34,STABLE BEAMS,6800,89052.744311880,86451.903674834,62.6,HFET
392046:10623,97:97,05/13/25 21:01:58,STABLE BEAMS,6800,88938.912710707,86370.707108591,62.5,HFET
392046:10623,98:98,05/13/25 21:02:21,STABLE BEAMS,6800,88980.309141825,86382.316753902,62.6,HFET
392046:10623,99:99,05/13/25 21:02:44,STABLE BEAMS,6800,89074.730187489,86483.387973817,62.6,HFET
392046:10623,100:100,05/13/25 21:03:08,STABLE BEAMS,6800,89048.582921620,86438.867251131,62.6,HFET
392046:10623,101:101,05/13/25 21:03:31,STABLE BEAMS,6800,89016.895856067,86408.613544221,62.6,HFET
392046:10623,102:102,05/13/25 21:03:54,STABLE BEAMS,6800,88942.186228703,86372.602344337,62.5,HFET
392046:10623,103:103,05/13/25 21:04:18,STABLE BEAMS,6800,88894.341686589,86294.761249998,62.5,HFET
392046:10623,104:104,05/13/25 21:04:41,STABLE BEAMS,6800,88871.537431480,85073.095873503,62.5,HFET
392046:10623,105:105,05/13/25 21:05:04,STABLE BEAMS,6800,88850.260382070,86252.114173391,62.5,HFET
392046:10623,106:106,05/13/25 21:05:27,STABLE BEAMS,6800,88623.484234427,86028.943242915,62.3,HFET
392046:10623,107:107,05/13/25 21:05:51,STABLE BEAMS,6800,88654.502534316,86094.598418906,62.3,HFET
392046:10623,108:108,05/13/25 21:06:14,STABLE BEAMS,6800,88780.479835624,86201.752509929,62.4,HFET
392046:10623,109:109,05/13/25 21:06:37,STABLE BEAMS,6800,88736.927493679,86160.478232485,62.4,HFET
392046:10623,110:110,05/13/25 21:07:01,STABLE BEAMS,6800,88683.603651463,86125.066787273,62.4,HFET
392046:10623,111:111,05/13/25 21:07:24,STABLE BEAMS,6800,88721.328411922,86087.003177198,62.4,HFET
392046:10623,112:0,05/13/25 21:07:50,STABLE BEAMS,6800,88732.186452007,86276.294032203,62.4,HFET
392046:10623,113:113,05/13/25 21:08:11,STABLE BEAMS,6800,88636.478563853,86073.284427193,62.3,HFET
392046:10623,114:114,05/13/25 21:08:34,STABLE BEAMS,6800,88569.312580482,85993.896810631,62.3,HFET
392046:10623,115:115,05/13/25 21:08:57,STABLE BEAMS,6800,88316.968818384,85758.320834244,62.1,HFET
392046:10623,116:116,05/13/25 21:09:21,STABLE BEAMS,6800,88253.325709399,85705.766536864,62.1,HFET
392046:10623,117:117,05/13/25 21:09:44,STABLE BEAMS,6800,88193.236542154,84422.989394025,62.0,HFET
392046:10623,118:118,05/13/25 21:10:07,STABLE BEAMS,6800,88147.827517050,85602.080160867,62.0,HFET
392046:10623,119:119,05/13/25 21:10:31,STABLE BEAMS,6800,83092.301652223,80872.552011064,58.4,HFET
392046:10623,120:120,05/13/25 21:10:54,STABLE BEAMS,6800,76208.643771731,74390.014101863,53.6,HFET
392046:10623,121:121,05/13/25 21:11:17,STABLE BEAMS,6800,75953.484980371,74148.931028274,53.4,HFET
392046:10623,122:122,05/13/25 21:11:40,STABLE BEAMS,6800,75677.797372285,73897.488351577,53.2,HFET
392046:10623,123:123,05/13/25 21:12:04,STABLE BEAMS,6800,75477.902824643,73713.021937656,53.1,HFET
392046:10623,124:124,05/13/25 21:12:27,STABLE BEAMS,6800,75467.683300430,73684.413663108,53.1,HFET
392046:10623,125:125,05/13/25 21:12:50,STABLE BEAMS,6800,75235.249051890,73470.262422672,52.9,HFET
392046:10623,126:126,05/13/25 21:13:14,STABLE BEAMS,6800,75267.634151825,73512.654207470,52.9,HFET
392046:10623,127:127,05/13/25 21:13:37,STABLE BEAMS,6800,75525.392708389,73744.243989923,53.1,HFET
392046:10623,128:128,05/13/25 21:14:00,STABLE BEAMS,6800,75306.905494200,73543.906178072,53.0,HFET
392046:10623,129:129,05/13/25 21:14:24,STABLE BEAMS,6800,74734.457373835,72988.599271955,52.6,HFET
392046:10623,130:130,05/13/25 21:14:47,STABLE BEAMS,6800,73661.317563239,70950.667452173,51.8,HFET
392046:10623,131:131,05/13/25 21:15:10,STABLE BEAMS,6800,76460.514083712,74629.082724498,53.8,HFET
392046:10623,132:132,05/13/25 21:15:34,STABLE BEAMS,6800,76739.909335181,74896.951521501,54.0,HFET
392046:10623,133:133,05/13/25 21:15:57,STABLE BEAMS,6800,76613.452697309,74786.350744951,53.9,HFET
392046:10623,134:134,05/13/25 21:16:20,STABLE BEAMS,6800,76511.432086416,74671.290025194,53.8,HFET
392046:10623,135:135,05/13/25 21:16:43,STABLE BEAMS,6800,76577.829071029,74745.852650315,53.8,HFET
392046:10623,136:136,05/13/25 21:17:07,STABLE BEAMS,6800,76416.297717961,74598.424596268,53.7,HFET
392046:10623,137:137,05/13/25 21:17:30,STABLE BEAMS,6800,76593.028610268,74752.773477042,53.9,HFET
392046:10623,138:138,05/13/25 21:17:53,STABLE BEAMS,6800,77853.258640474,75960.720296142,54.7,HFET
392046:10623,139:139,05/13/25 21:18:17,STABLE BEAMS,6800,78482.183448909,76533.484246478,55.2,HFET
392046:10623,140:140,05/13/25 21:18:40,STABLE BEAMS,6800,77986.950701488,76072.847211094,54.8,HFET
392046:10623,141:141,05/13/25 21:19:03,STABLE BEAMS,6800,77783.009385770,75877.446826190,54.7,HFET
392046:10623,142:142,05/13/25 21:19:27,STABLE BEAMS,6800,76145.290651965,74330.469935244,53.5,HFET
392046:10623,143:143,05/13/25 21:19:50,STABLE BEAMS,6800,74027.448941678,71282.235834241,52.1,HFET
392046:10623,144:144,05/13/25 21:20:13,STABLE BEAMS,6800,73585.035355490,71909.256516235,51.7,HFET
392046:10623,145:145,05/13/25 21:20:37,STABLE BEAMS,6800,75265.513396161,73504.207482467,52.9,HFET
392046:10623,146:146,05/13/25 21:21:00,STABLE BEAMS,6800,83104.726958541,80887.079222750,58.4,HFET
392046:10623,147:147,05/13/25 21:21:23,STABLE BEAMS,6800,89215.748175752,86495.023283011,62.7,HFET
392046:10623,148:148,05/13/25 21:21:46,STABLE BEAMS,6800,89178.132968593,86578.318318993,62.7,HFET
392046:10623,149:149,05/13/25 21:22:10,STABLE BEAMS,6800,88968.653161289,86383.100264954,62.6,HFET
392046:10623,150:150,05/13/25 21:22:33,STABLE BEAMS,6800,88653.813329603,86082.365182533,62.3,HFET
392046:10623,151:151,05/13/25 21:22:56,STABLE BEAMS,6800,88437.247712991,85870.019767176,62.2,HFET
392046:10623,152:152,05/13/25 21:23:20,STABLE BEAMS,6800,88174.374570706,85647.784017850,62.0,HFET
392046:10623,153:153,05/13/25 21:23:43,STABLE BEAMS,6800,87920.822452064,85405.297961356,61.8,HFET
392046:10623,154:154,05/13/25 21:24:06,STABLE BEAMS,6800,87703.697623087,85198.968108566,61.7,HFET
392046:10623,155:155,05/13/25 21:24:30,STABLE BEAMS,6800,88819.930469332,86246.099125491,62.5,HFET
392046:10623,156:156,05/13/25 21:24:53,STABLE BEAMS,6800,89040.758036322,54764.904578089,62.6,HFET
392052:10623,1:1,05/13/25 21:29:51,STABLE BEAMS,6800,90709.495151772,47203.725205278,63.8,HFET
392052:10623,2:2,05/13/25 21:30:14,STABLE BEAMS,6800,90703.127979406,87857.435751986,63.8,HFET
392052:10623,3:3,05/13/25 21:30:38,STABLE BEAMS,6800,90735.751970940,87990.554879155,63.8,HFET
392052:10623,4:4,05/13/25 21:31:01,STABLE BEAMS,6800,90519.286096884,87771.180404231,63.7,HFET
392052:10623,5:5,05/13/25 21:31:24,STABLE BEAMS,6800,90345.863223687,87647.656887648,63.5,HFET
392052:10623,6:6,05/13/25 21:31:47,STABLE BEAMS,6800,90052.630736433,87383.858203844,63.3,HFET
392052:10623,7:7,05/13/25 21:32:11,STABLE BEAMS,6800,89875.475692994,87198.479591761,63.2,HFET
392052:10623,8:8,05/13/25 21:32:34,STABLE BEAMS,6800,89771.334653460,87094.718078324,63.1,HFET
392052:10623,9:9,05/13/25 21:32:57,STABLE BEAMS,6800,89533.711094037,86860.145663328,63.0,HFET
392052:10623,10:10,05/13/25 21:33:21,STABLE BEAMS,6800,89565.786501511,66495.478146924,63.0,HFET
392052:10623,11:11,05/13/25 21:33:44,STABLE BEAMS,6800,89549.698517715,86646.318308788,63.0,HFET
392052:10623,12:12,05/13/25 21:34:07,STABLE BEAMS,6800,89491.834754063,86808.281613629,62.9,HFET
392052:10623,13:13,05/13/25 21:34:31,STABLE BEAMS,6800,89728.620312501,87059.681488391,63.1,HFET
392052:10623,14:14,05/13/25 21:34:54,STABLE BEAMS,6800,89847.421872688,85941.183184989,63.2,HFET
392052:10623,15:15,05/13/25 21:35:17,STABLE BEAMS,6800,90128.489038319,87431.732283105,63.4,HFET
392052:10623,16:16,05/13/25 21:35:41,STABLE BEAMS,6800,90399.386551015,67228.188851242,63.6,HFET
392052:10623,17:17,05/13/25 21:36:04,STABLE BEAMS,6800,90535.513883771,87723.556799945,63.7,HFET
392052:10623,18:18,05/13/25 21:36:27,STABLE BEAMS,6800,90751.061635772,88018.434448025,63.8,HFET
392052:10623,19:19,05/13/25 21:36:51,STABLE BEAMS,6800,91059.044575492,88306.280923174,64.0,HFET
392052:10623,20:20,05/13/25 21:37:14,STABLE BEAMS,6800,91237.008187688,88489.918492844,64.2,HFET
392052:10623,21:21,05/13/25 21:37:37,STABLE BEAMS,6800,91198.275373361,68160.999958027,64.1,HFET
392052:10623,22:22,05/13/25 21:38:00,STABLE BEAMS,6800,91046.490094388,88316.859162372,64.0,HFET
392052:10623,23:23,05/13/25 21:38:24,STABLE BEAMS,6800,91117.986703339,88359.833956311,64.1,HFET
392052:10623,24:24,05/13/25 21:38:47,STABLE BEAMS,6800,91138.784661454,88394.150943093,64.1,HFET
392052:10623,25:25,05/13/25 21:39:10,STABLE BEAMS,6800,90929.633514049,88203.187771049,63.9,HFET
392052:10623,26:26,05/13/25 21:39:34,STABLE BEAMS,6800,90891.110813140,88140.489614249,63.9,HFET
392052:10623,27:27,05/13/25 21:39:57,STABLE BEAMS,6800,90776.830370464,86787.859362138,63.8,HFET
392052:10623,28:28,05/13/25 21:40:20,STABLE BEAMS,6800,90580.532931831,87883.337181895,63.7,HFET
392052:10623,29:29,05/13/25 21:40:44,STABLE BEAMS,6800,90574.355433836,87726.268077656,63.7,HFET
392052:10623,30:30,05/13/25 21:41:07,STABLE BEAMS,6800,90370.833200366,87705.458854369,63.5,HFET
392052:10623,31:31,05/13/25 21:41:30,STABLE BEAMS,6800,90239.815629716,87555.907852063,63.5,HFET
392052:10623,32:32,05/13/25 21:41:54,STABLE BEAMS,6800,89943.040646590,87287.785265349,63.2,HFET
392052:10623,33:33,05/13/25 21:42:17,STABLE BEAMS,6800,89810.186831830,87143.277977045,63.2,HFET
392052:10623,34:34,05/13/25 21:42:40,STABLE BEAMS,6800,89696.844132696,87059.952857950,63.1,HFET
392052:10623,35:35,05/13/25 21:43:04,STABLE BEAMS,6800,89358.232052568,86730.940213025,62.8,HFET
392052:10623,36:36,05/13/25 21:43:27,STABLE BEAMS,6800,89097.275275463,86478.992811767,62.7,HFET
392052:10623,37:37,05/13/25 21:43:50,STABLE BEAMS,6800,89765.765421546,87130.614071319,63.1,HFET
392052:10623,38:38,05/13/25 21:44:13,STABLE BEAMS,6800,90467.170611211,87778.857776942,63.6,HFET
392052:10623,39:39,05/13/25 21:44:37,STABLE BEAMS,6800,90374.775484026,87634.945439885,63.5,HFET
392052:10623,40:40,05/13/25 21:45:00,STABLE BEAMS,6800,90132.889974225,86212.363885761,63.4,HFET
392052:10623,41:41,05/13/25 21:45:23,STABLE BEAMS,6800,89951.463987227,87305.370253538,63.3,HFET
392052:10623,42:42,05/13/25 21:45:47,STABLE BEAMS,6800,90274.067387066,87589.212356427,63.5,HFET
392052:10623,43:43,05/13/25 21:46:10,STABLE BEAMS,6800,91717.105901506,88935.158448159,64.5,HFET
392052:10623,44:44,05/13/25 21:46:33,STABLE BEAMS,6800,90348.768021249,87633.243118604,63.5,HFET
392052:10623,45:45,05/13/25 21:46:57,STABLE BEAMS,6800,91132.497610159,88380.989017145,64.1,HFET
392052:10623,46:46,05/13/25 21:47:20,STABLE BEAMS,6800,91781.806118075,88994.675014640,64.5,HFET
392052:10623,47:47,05/13/25 21:47:43,STABLE BEAMS,6800,91688.922906414,88900.209569991,64.5,HFET
392052:10623,48:48,05/13/25 21:48:07,STABLE BEAMS,6800,91656.846681379,88875.168971405,64.5,HFET
392052:10623,49:49,05/13/25 21:48:30,STABLE BEAMS,6800,91427.796076427,88667.960774886,64.3,HFET
392052:10623,50:50,05/13/25 21:48:53,STABLE BEAMS,6800,91402.416501217,88656.168679813,64.3,HFET
392052:10623,51:51,05/13/25 21:49:16,STABLE BEAMS,6800,91195.890545191,88431.666042239,64.1,HFET
392052:10623,52:52,05/13/25 21:49:40,STABLE BEAMS,6800,91143.485642592,88391.623729986,64.1,HFET
392052:10623,53:53,05/13/25 21:50:03,STABLE BEAMS,6800,91110.980197539,87048.884311307,64.1,HFET
392052:10623,54:54,05/13/25 21:50:26,STABLE BEAMS,6800,91001.649274830,88261.521336627,64.0,HFET
392052:10623,55:55,05/13/25 21:50:50,STABLE BEAMS,6800,90840.452222838,88129.193103137,63.9,HFET
392052:10623,56:56,05/13/25 21:51:13,STABLE BEAMS,6800,90729.005449836,88019.140312447,63.8,HFET
392052:10623,57:57,05/13/25 21:51:36,STABLE BEAMS,6800,90660.373577912,87947.109445716,63.7,HFET
392052:10623,58:58,05/13/25 21:52:00,STABLE BEAMS,6800,90559.066208052,87877.391239175,63.7,HFET
392052:10623,59:59,05/13/25 21:52:23,STABLE BEAMS,6800,90432.600004705,87772.144544229,63.6,HFET
392052:10623,60:60,05/13/25 21:52:46,STABLE BEAMS,6800,90436.741773478,87739.166269853,63.6,HFET
392052:10623,61:61,05/13/25 21:53:10,STABLE BEAMS,6800,90197.740622191,87530.910269596,63.4,HFET
392052:10623,62:62,05/13/25 21:53:33,STABLE BEAMS,6800,90062.700646811,87406.277397599,63.3,HFET
392052:10623,63:63,05/13/25 21:53:56,STABLE BEAMS,6800,89880.525773078,87242.134269778,63.2,HFET
392052:10623,64:64,05/13/25 21:54:19,STABLE BEAMS,6800,89964.627551974,87299.419055266,63.3,HFET
392052:10623,65:65,05/13/25 21:54:43,STABLE BEAMS,6800,89919.717239652,87222.700264496,63.2,HFET
392052:10623,66:66,05/13/25 21:55:06,STABLE BEAMS,6800,89847.771789197,85936.366385544,63.2,HFET
392052:10623,67:67,05/13/25 21:55:29,STABLE BEAMS,6800,89621.344740501,86976.823955656,63.0,HFET
392052:10623,68:68,05/13/25 21:55:53,STABLE BEAMS,6800,89539.798660220,86927.310728777,63.0,HFET
392052:10623,69:69,05/13/25 21:56:16,STABLE BEAMS,6800,89400.407620212,86790.196578022,62.9,HFET
392052:10623,70:70,05/13/25 21:56:39,STABLE BEAMS,6800,89571.824196416,86938.893198492,63.0,HFET
392052:10623,71:71,05/13/25 21:57:03,STABLE BEAMS,6800,89956.902409232,87297.652908166,63.3,HFET
392052:10623,72:72,05/13/25 21:57:26,STABLE BEAMS,6800,90403.128532001,87724.880911259,63.6,HFET
392052:10623,73:73,05/13/25 21:57:49,STABLE BEAMS,6800,90913.416355466,88201.492228499,63.9,HFET
392052:10623,74:74,05/13/25 21:58:13,STABLE BEAMS,6800,91263.354938669,88516.063181770,64.2,HFET
392052:10623,75:75,05/13/25 21:58:36,STABLE BEAMS,6800,91662.745390754,88873.722908422,64.5,HFET
392052:10623,76:76,05/13/25 21:58:59,STABLE BEAMS,6800,91673.323824657,88860.533121334,64.5,HFET
392052:10623,77:77,05/13/25 21:59:23,STABLE BEAMS,6800,91213.784523306,88470.322114038,64.1,HFET
392052:10623,78:78,05/13/25 21:59:46,STABLE BEAMS,6800,91505.040963357,88732.625642792,64.3,HFET
392052:10623,79:79,05/13/25 22:00:09,STABLE BEAMS,6800,91726.077826203,87673.187256074,64.5,HFET
392052:10623,80:80,05/13/25 22:00:33,STABLE BEAMS,6800,91764.760769251,88989.407156299,64.5,HFET
392052:10623,81:81,05/13/25 22:00:56,STABLE BEAMS,6800,91816.097935960,89037.702587786,64.6,HFET
392052:10623,82:82,05/13/25 22:01:19,STABLE BEAMS,6800,90613.088248162,87906.264010590,63.7,HFET
392052:10623,83:83,05/13/25 22:01:42,STABLE BEAMS,6800,89358.481408959,86730.220195545,62.8,HFET
392052:10623,84:84,05/13/25 22:02:06,STABLE BEAMS,6800,89401.126257154,86789.206357640,62.9,HFET
392052:10623,85:85,05/13/25 22:02:29,STABLE BEAMS,6800,89336.665586232,86710.113176233,62.8,HFET
392052:10623,86:86,05/13/25 22:02:52,STABLE BEAMS,6800,89250.917237596,86654.915408538,62.8,HFET
392052:10623,87:87,05/13/25 22:03:16,STABLE BEAMS,6800,89043.043939497,86461.666319231,62.6,HFET
392052:10623,88:88,05/13/25 22:03:39,STABLE BEAMS,6800,89837.711689562,87184.829173010,63.2,HFET
392052:10623,89:89,05/13/25 22:04:02,STABLE BEAMS,6800,90627.649026260,87935.868265475,63.7,HFET
392052:10623,90:90,05/13/25 22:04:26,STABLE BEAMS,6800,90656.271869674,87958.670219509,63.7,HFET
392052:10623,91:91,05/13/25 22:04:49,STABLE BEAMS,6800,90774.515035058,88063.404762620,63.8,HFET
392052:10623,92:92,05/13/25 22:05:12,STABLE BEAMS,6800,90728.347312477,86751.818833278,63.8,HFET
392052:10623,93:93,05/13/25 22:05:35,STABLE BEAMS,6800,90620.932754948,87916.787918517,63.7,HFET
392052:10623,94:94,05/13/25 22:05:59,STABLE BEAMS,6800,90576.710829776,87871.473335479,63.7,HFET
392052:10623,95:95,05/13/25 22:06:22,STABLE BEAMS,6800,90592.070365886,87882.410238953,63.7,HFET
392052:10623,96:96,05/13/25 22:06:45,STABLE BEAMS,6800,90507.220517818,87812.595172871,63.6,HFET
392052:10623,97:97,05/13/25 22:07:09,STABLE BEAMS,6800,90632.618985275,87944.256340991,63.7,HFET
392052:10623,98:98,05/13/25 22:07:32,STABLE BEAMS,6800,90668.596615874,87957.220570997,63.8,HFET
392052:10623,99:99,05/13/25 22:07:55,STABLE BEAMS,6800,90674.056294489,87982.382751965,63.8,HFET
392052:10623,100:100,05/13/25 22:08:19,STABLE BEAMS,6800,90746.430964961,88041.951898739,63.8,HFET
392052:10623,101:101,05/13/25 22:08:42,STABLE BEAMS,6800,90759.624779500,88026.090241756,63.8,HFET
392052:10623,102:102,05/13/25 22:09:05,STABLE BEAMS,6800,90689.474695059,87999.694180500,63.8,HFET
392052:10623,103:103,05/13/25 22:09:29,STABLE BEAMS,6800,90794.205196749,88077.867111331,63.8,HFET
392052:10623,104:104,05/13/25 22:09:52,STABLE BEAMS,6800,90299.685690362,87629.910142074,63.5,HFET
392052:10623,105:105,05/13/25 22:10:15,STABLE BEAMS,6800,90388.338018999,86464.668538845,63.6,HFET
392052:10623,106:106,05/13/25 22:10:39,STABLE BEAMS,6800,90175.005859847,87517.457703067,63.4,HFET
392052:10623,107:107,05/13/25 22:11:02,STABLE BEAMS,6800,90174.856246013,87502.553354344,63.4,HFET
392052:10623,108:108,05/13/25 22:11:25,STABLE BEAMS,6800,90063.250048433,87417.709526628,63.3,HFET
392052:10623,109:109,05/13/25 22:11:48,STABLE BEAMS,6800,89832.053343396,87195.099614741,63.2,HFET
392052:10623,110:110,05/13/25 22:12:12,STABLE BEAMS,6800,89724.758149910,87101.664724093,63.1,HFET
392052:10623,111:111,05/13/25 22:12:35,STABLE BEAMS,6800,89382.952672857,86768.827322557,62.9,HFET
392052:10623,112:112,05/13/25 22:12:58,STABLE BEAMS,6800,89123.911443370,86532.189613704,62.7,HFET
392052:10623,113:113,05/13/25 22:13:22,STABLE BEAMS,6800,89058.942248924,86462.590598849,62.6,HFET
392052:10623,114:114,05/13/25 22:13:45,STABLE BEAMS,6800,90152.710128264,87498.274574554,63.4,HFET
392052:10623,115:115,05/13/25 22:14:08,STABLE BEAMS,6800,90348.448354531,87682.684444787,63.5,HFET
392052:10623,116:116,05/13/25 22:14:32,STABLE BEAMS,6800,90162.700735134,87501.518724985,63.4,HFET
392052:10623,117:117,05/13/25 22:14:55,STABLE BEAMS,6800,89971.253891474,87313.130966402,63.3,HFET
392052:10623,118:118,05/13/25 22:15:18,STABLE BEAMS,6800,89614.938325163,85749.019516622,63.0,HFET
392052:10623,119:119,05/13/25 22:15:42,STABLE BEAMS,6800,89385.617107210,86762.640276062,62.9,HFET
392052:10623,120:120,05/13/25 22:16:05,STABLE BEAMS,6800,89150.927777578,86558.452523602,62.7,HFET
392052:10623,121:121,05/13/25 22:16:28,STABLE BEAMS,6800,88912.585581212,86332.862681879,62.5,HFET
392052:10623,122:122,05/13/25 22:16:52,STABLE BEAMS,6800,88667.955515989,86112.861919558,62.3,HFET
392052:10623,123:123,05/13/25 22:17:15,STABLE BEAMS,6800,88887.495422928,86322.073915924,62.5,HFET
392052:10623,124:124,05/13/25 22:17:38,STABLE BEAMS,6800,89819.867582726,87177.333153478,63.2,HFET
392052:10623,125:125,05/13/25 22:18:02,STABLE BEAMS,6800,89541.395358683,86900.211211590,63.0,HFET
392052:10623,126:126,05/13/25 22:18:25,STABLE BEAMS,6800,89313.911202402,86719.103354819,62.8,HFET
392052:10623,127:127,05/13/25 22:18:48,STABLE BEAMS,6800,89059.031363175,86471.308297878,62.6,HFET
392052:10623,128:128,05/13/25 22:19:11,STABLE BEAMS,6800,91082.996687560,88350.172120679,64.0,HFET
392052:10623,129:129,05/13/25 22:19:35,STABLE BEAMS,6800,90970.501800155,88243.503183971,64.0,HFET
392052:10623,130:130,05/13/25 22:19:58,STABLE BEAMS,6800,90785.162961726,86806.958028594,63.8,HFET
392052:10623,131:131,05/13/25 22:20:21,STABLE BEAMS,6800,90587.309702727,87892.418677062,63.7,HFET
392052:10623,132:132,05/13/25 22:20:45,STABLE BEAMS,6800,90311.422609529,87636.146691305,63.5,HFET
392052:10623,133:133,05/13/25 22:21:08,STABLE BEAMS,6800,89981.623029520,87343.882943870,63.3,HFET
392052:10623,134:134,05/13/25 22:21:31,STABLE BEAMS,6800,89797.571851142,87152.324731567,63.1,HFET
392052:10623,135:135,05/13/25 22:21:55,STABLE BEAMS,6800,89444.878901774,86820.281854248,62.9,HFET
392052:10623,136:136,05/13/25 22:22:18,STABLE BEAMS,6800,89590.955963303,86965.121545736,63.0,HFET
392052:10623,137:137,05/13/25 22:22:41,STABLE BEAMS,6800,89502.872657774,86891.902732854,62.9,HFET
392052:10623,138:138,05/13/25 22:23:05,STABLE BEAMS,6800,89294.599571889,86695.036892688,62.8,HFET
392052:10623,139:139,05/13/25 22:23:28,STABLE BEAMS,6800,89151.625975472,86554.351115394,62.7,HFET
392052:10623,140:140,05/13/25 22:23:51,STABLE BEAMS,6800,88944.571056873,86369.754605460,62.5,HFET
392052:10623,141:141,05/13/25 22:24:14,STABLE BEAMS,6800,90450.523415050,87775.858120911,63.6,HFET
392052:10623,142:142,05/13/25 22:24:38,STABLE BEAMS,6800,90246.502468799,87575.000242721,63.5,HFET
392052:10623,143:143,05/13/25 22:25:01,STABLE BEAMS,6800,89968.340100730,86072.703345053,63.3,HFET
392052:10623,144:144,05/13/25 22:25:24,STABLE BEAMS,6800,89857.232615932,77383.167927105,63.2,HFET
392052:10623,145:145,05/13/25 22:25:48,STABLE BEAMS,6800,89688.959565375,87040.147898332,63.1,HFET
392052:10623,146:146,05/13/25 22:26:11,STABLE BEAMS,6800,89793.390021834,87164.430615391,63.1,HFET
392052:10623,147:147,05/13/25 22:26:34,STABLE BEAMS,6800,89111.845864304,86525.588032253,62.7,HFET
392052:10623,148:148,05/13/25 22:26:58,STABLE BEAMS,6800,90256.691743219,87606.311607845,63.5,HFET
392052:10623,149:149,05/13/25 22:27:21,STABLE BEAMS,6800,90227.799921928,87533.664440467,63.4,HFET
392052:10623,150:150,05/13/25 22:27:44,STABLE BEAMS,6800,90019.327350930,87339.882232070,63.3,HFET
392052:10623,151:151,05/13/25 22:28:08,STABLE BEAMS,6800,89800.336845613,87150.760889819,63.1,HFET
392052:10623,152:152,05/13/25 22:28:31,STABLE BEAMS,6800,89709.438674335,87077.146440457,63.1,HFET
392052:10623,153:153,05/13/25 22:28:54,STABLE BEAMS,6800,89499.798624891,86893.785365487,62.9,HFET
392052:10623,154:154,05/13/25 22:29:18,STABLE BEAMS,6800,89265.348023345,86656.908480090,62.8,HFET
392052:10623,155:155,05/13/25 22:29:41,STABLE BEAMS,6800,89153.801507787,86561.210475555,62.7,HFET
392052:10623,156:156,05/13/25 22:30:04,STABLE BEAMS,6800,89549.379668560,85691.475118570,63.0,HFET
392052:10623,157:157,05/13/25 22:30:27,STABLE BEAMS,6800,90631.001847764,87934.517112787,63.7,HFET
392052:10623,158:158,05/13/25 22:30:51,STABLE BEAMS,6800,90524.954253793,87839.884496966,63.7,HFET
392052:10623,159:159,05/13/25 22:31:14,STABLE BEAMS,6800,90215.404865402,87529.302586139,63.4,HFET
392052:10623,160:160,05/13/25 22:31:37,STABLE BEAMS,6800,90117.081596612,87451.614138391,63.4,HFET
392052:10623,161:161,05/13/25 22:32:01,STABLE BEAMS,6800,89855.515735864,87205.216849038,63.2,HFET
392052:10623,162:162,05/13/25 22:32:24,STABLE BEAMS,6800,89725.117059601,87086.046924391,63.1,HFET
392052:10623,163:163,05/13/25 22:32:47,STABLE BEAMS,6800,89624.389341154,86989.786508036,63.0,HFET
392052:10623,164:164,05/13/25 22:33:11,STABLE BEAMS,6800,89357.802832551,86738.220715264,62.8,HFET
392052:10623,165:165,05/13/25 22:33:34,STABLE BEAMS,6800,89204.749515014,86596.478151015,62.7,HFET
392052:10623,166:166,05/13/25 22:33:57,STABLE BEAMS,6800,88964.620945816,86397.251045542,62.6,HFET
392052:10623,167:167,05/13/25 22:34:21,STABLE BEAMS,6800,90674.564818014,87989.950999337,63.8,HFET
392052:10623,168:168,05/13/25 22:34:44,STABLE BEAMS,6800,90910.442065140,88190.540949712,63.9,HFET
392052:10623,169:169,05/13/25 22:35:07,STABLE BEAMS,6800,91111.978440664,87106.361077448,64.1,HFET
392052:10623,170:170,05/13/25 22:35:30,STABLE BEAMS,6800,91476.228445574,88723.606799685,64.3,HFET
392052:10623,171:171,05/13/25 22:35:54,STABLE BEAMS,6800,91859.640467162,89079.941190004,64.6,HFET
392052:10623,172:172,05/13/25 22:36:17,STABLE BEAMS,6800,90986.620033742,88262.271688258,64.0,HFET
392052:10623,173:173,05/13/25 22:36:40,STABLE BEAMS,6800,91144.393953904,88363.515085215,64.1,HFET
392052:10623,174:174,05/13/25 22:37:04,STABLE BEAMS,6800,91687.934474033,88930.562217751,64.5,HFET
392052:10623,175:175,05/13/25 22:37:27,STABLE BEAMS,6800,91197.437372376,88463.417176932,64.1,HFET
392052:10623,176:176,05/13/25 22:37:50,STABLE BEAMS,6800,90370.154623958,87673.364283362,63.5,HFET
392052:10623,177:177,05/13/25 22:38:14,STABLE BEAMS,6800,90597.718901309,87902.323806759,63.7,HFET
392052:10623,178:178,05/13/25 22:38:37,STABLE BEAMS,6800,90919.913520180,88215.595240140,63.9,HFET
392052:10623,179:179,05/13/25 22:39:00,STABLE BEAMS,6800,91139.872836392,88412.481764844,64.1,HFET
392052:10623,180:180,05/13/25 22:39:24,STABLE BEAMS,6800,91271.967953675,88534.235693660,64.2,HFET
392052:10623,181:181,05/13/25 22:39:47,STABLE BEAMS,6800,91358.224825837,88607.616225631,64.2,HFET
392052:10623,182:182,05/13/25 22:40:10,STABLE BEAMS,6800,91294.302928232,87273.855375160,64.2,HFET
392052:10623,183:183,05/13/25 22:40:34,STABLE BEAMS,6800,91278.045709115,88528.849050616,64.2,HFET
392052:10623,184:184,05/13/25 22:40:57,STABLE BEAMS,6800,91188.824357369,88462.028195761,64.1,HFET
392052:10623,185:185,05/13/25 22:41:20,STABLE BEAMS,6800,91063.016291382,88335.004522544,64.0,HFET
392052:10623,186:186,05/13/25 22:41:43,STABLE BEAMS,6800,90961.529875458,88243.323849402,64.0,HFET
392052:10623,187:187,05/13/25 22:42:07,STABLE BEAMS,6800,90837.977462855,88133.459150144,63.9,HFET
392052:10623,188:188,05/13/25 22:42:30,STABLE BEAMS,6800,90727.648297021,87898.041669218,63.8,HFET
392052:10623,189:189,05/13/25 22:42:53,STABLE BEAMS,6800,90605.583029581,87921.693669379,63.7,HFET
392052:10623,190:190,05/13/25 22:43:17,STABLE BEAMS,6800,90393.228674506,87718.037808688,63.6,HFET
392052:10623,191:191,05/13/25 22:43:40,STABLE BEAMS,6800,90164.686593079,87486.513771866,63.4,HFET
392052:10623,192:192,05/13/25 22:44:03,STABLE BEAMS,6800,89953.768694327,87311.460018130,63.3,HFET
392052:10623,193:193,05/13/25 22:44:27,STABLE BEAMS,6800,89712.572389239,87083.897388823,63.1,HFET
392052:10623,194:194,05/13/25 22:44:50,STABLE BEAMS,6800,89597.054157791,86979.363686671,63.0,HFET
392052:10623,195:195,05/13/25 22:45:13,STABLE BEAMS,6800,89382.772809231,85480.096195397,62.9,HFET
392052:10623,196:196,05/13/25 22:45:37,STABLE BEAMS,6800,89306.186877222,86691.071887054,62.8,HFET
392052:10623,197:197,05/13/25 22:46:00,STABLE BEAMS,6800,89673.350672874,87054.441632227,63.1,HFET
392052:10623,198:198,05/13/25 22:46:23,STABLE BEAMS,6800,89660.935994861,87022.803837441,63.0,HFET
392052:10623,199:199,05/13/25 22:46:47,STABLE BEAMS,6800,90828.685871441,88120.949917743,63.9,HFET
392052:10623,200:200,05/13/25 22:47:10,STABLE BEAMS,6800,90604.126134209,87917.330792568,63.7,HFET
392052:10623,201:201,05/13/25 22:47:33,STABLE BEAMS,6800,90476.222656977,87772.397399084,63.6,HFET
392052:10623,202:202,05/13/25 22:47:56,STABLE BEAMS,6800,90171.423303440,87517.261940055,63.4,HFET
392052:10623,203:203,05/13/25 22:48:20,STABLE BEAMS,6800,89820.975379150,87184.742344673,63.2,HFET
392052:10623,204:204,05/13/25 22:48:43,STABLE BEAMS,6800,89633.949910445,87011.556534258,63.0,HFET
392052:10623,205:205,05/13/25 22:49:06,STABLE BEAMS,6800,89375.707438971,86752.069336363,62.8,HFET
392052:10623,206:206,05/13/25 22:49:30,STABLE BEAMS,6800,89028.213365960,86441.204174700,62.6,HFET
392052:10623,207:207,05/13/25 22:49:53,STABLE BEAMS,6800,90637.569322803,87938.453713245,63.7,HFET
392052:10623,208:208,05/13/25 22:50:16,STABLE BEAMS,6800,90478.377750243,86543.911270573,63.6,HFET
392052:10623,209:209,05/13/25 22:50:40,STABLE BEAMS,6800,90417.470203499,87719.310160297,63.6,HFET
392052:10623,210:210,05/13/25 22:51:03,STABLE BEAMS,6800,90302.211139185,87646.366174038,63.5,HFET
392052:10623,211:211,05/13/25 22:51:26,STABLE BEAMS,6800,90137.600766106,87472.060469736,63.4,HFET
392052:10623,212:212,05/13/25 22:51:50,STABLE BEAMS,6800,90011.184434038,87341.114747731,63.3,HFET
392052:10623,213:213,05/13/25 22:52:13,STABLE BEAMS,6800,89622.293112348,87002.323615595,63.0,HFET
392052:10623,214:214,05/13/25 22:52:36,STABLE BEAMS,6800,89416.425293681,86812.022232848,62.9,HFET
392052:10623,215:215,05/13/25 22:52:59,STABLE BEAMS,6800,89347.703489944,86753.745371049,62.8,HFET
392052:10623,216:216,05/13/25 22:53:23,STABLE BEAMS,6800,89105.837601629,86527.383404645,62.7,HFET
392052:10623,217:217,05/13/25 22:53:46,STABLE BEAMS,6800,90053.010085172,87406.855515095,63.3,HFET
392052:10623,218:218,05/13/25 22:54:09,STABLE BEAMS,6800,90667.708743610,87972.619859707,63.8,HFET
392052:10623,219:219,05/13/25 22:54:33,STABLE BEAMS,6800,90569.645459517,87865.528784557,63.7,HFET
392052:10623,220:220,05/13/25 22:54:56,STABLE BEAMS,6800,90467.769066549,87770.794759929,63.6,HFET
392052:10623,221:221,05/13/25 22:55:19,STABLE BEAMS,6800,90302.989458149,86388.082050777,63.5,HFET
392052:10623,222:222,05/13/25 22:55:43,STABLE BEAMS,6800,90158.748640730,87510.010791850,63.4,HFET
392052:10623,223:223,05/13/25 22:56:06,STABLE BEAMS,6800,90034.767008110,87376.758779788,63.3,HFET
392052:10623,224:224,05/13/25 22:56:29,STABLE BEAMS,6800,89908.989191915,87262.440269830,63.2,HFET
392052:10623,225:225,05/13/25 22:56:53,STABLE BEAMS,6800,89653.540329579,87024.783492658,63.0,HFET
392052:10623,226:226,05/13/25 22:57:16,STABLE BEAMS,6800,89480.068402666,86887.118532852,62.9,HFET
392052:10623,227:227,05/13/25 22:57:39,STABLE BEAMS,6800,89302.813616670,86709.903583480,62.8,HFET
392052:10623,228:228,05/13/25 22:58:03,STABLE BEAMS,6800,89249.310728389,86640.050955729,62.8,HFET
392052:10623,229:229,05/13/25 22:58:26,STABLE BEAMS,6800,89128.911652177,86557.081825842,62.7,HFET
392052:10623,230:230,05/13/25 22:58:49,STABLE BEAMS,6800,88789.721555760,86209.065834712,62.4,HFET
392052:10623,231:231,05/13/25 22:59:12,STABLE BEAMS,6800,90127.301120824,87464.809492467,63.4,HFET
392052:10623,232:232,05/13/25 22:59:36,STABLE BEAMS,6800,90113.409108391,87444.874903138,63.4,HFET
392052:10623,233:233,05/13/25 22:59:59,STABLE BEAMS,6800,89902.711133801,87257.023367867,63.2,HFET
392052:10623,234:234,05/13/25 23:00:22,STABLE BEAMS,6800,89676.405084271,85795.820466355,63.1,HFET
392052:10623,235:235,05/13/25 23:00:46,STABLE BEAMS,6800,89911.922604145,87274.809573580,63.2,HFET
392052:10623,236:236,05/13/25 23:01:09,STABLE BEAMS,6800,89693.730039278,87039.826605726,63.1,HFET
392052:10623,237:237,05/13/25 23:01:32,STABLE BEAMS,6800,89370.018843014,86410.717488115,62.8,HFET
392052:10623,238:238,05/13/25 23:01:56,STABLE BEAMS,6800,89399.280202300,86788.102628979,62.9,HFET
392052:10623,239:239,05/13/25 23:02:19,STABLE BEAMS,6800,89194.420437502,86599.886299826,62.7,HFET
392052:10623,240:240,05/13/25 23:02:42,STABLE BEAMS,6800,89178.602249145,84934.173098717,62.7,HFET
392052:10623,241:241,05/13/25 23:03:06,STABLE BEAMS,6800,89124.021814232,67798.551985013,62.7,HFET
392052:10623,242:242,05/13/25 23:03:29,STABLE BEAMS,6800,89622.432915439,86967.718862616,63.0,HFET
392052:10623,243:243,05/13/25 23:03:52,STABLE BEAMS,6800,91115.092534082,88374.308464596,64.1,HFET
392052:10623,244:244,05/13/25 23:04:15,STABLE BEAMS,6800,90995.820875781,88259.657956007,64.0,HFET
392052:10623,245:245,05/13/25 23:04:39,STABLE BEAMS,6800,90837.199143891,88120.628551912,63.9,HFET
392052:10623,246:246,05/13/25 23:05:02,STABLE BEAMS,6800,90874.784101258,88164.625787593,63.9,HFET
392052:10623,247:247,05/13/25 23:05:25,STABLE BEAMS,6800,90668.796100987,86643.507296965,63.8,HFET
392052:10623,248:248,05/13/25 23:05:49,STABLE BEAMS,6800,90641.600720715,87941.948379855,63.7,HFET
392052:10623,249:249,05/13/25 23:06:12,STABLE BEAMS,6800,90617.987896851,87902.172236661,63.7,HFET
392052:10623,250:250,05/13/25 23:06:35,STABLE BEAMS,6800,90487.310431967,87794.706292540,63.6,HFET
392052:10623,251:251,05/13/25 23:06:59,STABLE BEAMS,6800,90504.675447508,87753.180532961,63.6,HFET
392052:10623,252:252,05/13/25 23:07:22,STABLE BEAMS,6800,90330.444005555,87665.611430360,63.5,HFET
392052:10623,253:253,05/13/25 23:07:45,STABLE BEAMS,6800,90304.965505351,87614.925992002,63.5,HFET
392052:10623,254:254,05/13/25 23:08:09,STABLE BEAMS,6800,90197.021985249,87519.102537332,63.4,HFET
392052:10623,255:255,05/13/25 23:08:32,STABLE BEAMS,6800,89882.501820280,87231.757050124,63.2,HFET
392052:10623,256:256,05/13/25 23:08:55,STABLE BEAMS,6800,89970.475572510,87317.449392213,63.3,HFET
392052:10623,257:257,05/13/25 23:09:19,STABLE BEAMS,6800,89863.769023618,87223.081956822,63.2,HFET
392052:10623,258:258,05/13/25 23:09:42,STABLE BEAMS,6800,89722.053655023,87090.622280546,63.1,HFET
392052:10623,259:259,05/13/25 23:10:05,STABLE BEAMS,6800,89051.227734487,86459.611182405,62.6,HFET
392052:10623,260:260,05/13/25 23:10:28,STABLE BEAMS,6800,86307.753946466,21921.398515236,60.7,HFET
392067:10623,1:1,05/13/25 23:14:50,STABLE BEAMS,6800,90102.900167253,83189.033607896,63.4,HFET
392067:10623,2:2,05/13/25 23:15:13,STABLE BEAMS,6800,90115.963989444,87369.324308167,63.4,HFET
392067:10623,3:3,05/13/25 23:15:36,STABLE BEAMS,6800,90088.009911695,87415.499693400,63.3,HFET
392067:10623,4:4,05/13/25 23:16:00,STABLE BEAMS,6800,89716.434551830,87012.018966390,63.1,HFET
392067:10623,5:5,05/13/25 23:16:23,STABLE BEAMS,6800,89778.719690437,67180.959868458,63.1,HFET
392067:10623,6:6,05/13/25 23:16:46,STABLE BEAMS,6800,89783.020883788,86987.789385992,63.1,HFET
392067:10623,7:7,05/13/25 23:17:10,STABLE BEAMS,6800,89550.836563931,86923.878820838,63.0,HFET
392067:10623,8:8,05/13/25 23:17:33,STABLE BEAMS,6800,89454.119804348,86768.214387693,62.9,HFET
392067:10623,9:9,05/13/25 23:17:56,STABLE BEAMS,6800,89317.703872228,86671.840376789,62.8,HFET
392067:10623,10:10,05/13/25 23:18:20,STABLE BEAMS,6800,89173.711593638,84444.395561282,62.7,HFET
392067:10623,11:11,05/13/25 23:18:43,STABLE BEAMS,6800,89045.848176941,68521.601709152,62.6,HFET
392067:10623,12:12,05/13/25 23:19:06,STABLE BEAMS,6800,89976.543517206,87213.117114120,63.3,HFET
392067:10623,13:13,05/13/25 23:19:29,STABLE BEAMS,6800,89915.755334505,87256.316193768,63.2,HFET
392067:10623,14:14,05/13/25 23:19:53,STABLE BEAMS,6800,89906.862713317,85991.036387348,63.2,HFET
392067:10623,15:15,05/13/25 23:20:16,STABLE BEAMS,6800,89761.284364569,87117.781498904,63.1,HFET
392067:10623,16:16,05/13/25 23:20:39,STABLE BEAMS,6800,89543.171920772,66963.027903591,63.0,HFET
392067:10623,17:17,05/13/25 23:21:03,STABLE BEAMS,6800,89482.263556466,86863.423982060,62.9,HFET
392067:10623,18:18,05/13/25 23:21:26,STABLE BEAMS,6800,89324.220658428,86705.977248550,62.8,HFET
392067:10623,19:19,05/13/25 23:21:49,STABLE BEAMS,6800,89238.202514351,86623.862384013,62.7,HFET
392067:10623,20:20,05/13/25 23:22:13,STABLE BEAMS,6800,89106.906155081,86496.147121900,62.7,HFET
392067:10623,21:21,05/13/25 23:22:36,STABLE BEAMS,6800,89160.578278682,86541.746703047,62.7,HFET
392067:10623,22:22,05/13/25 23:22:59,STABLE BEAMS,6800,88972.295399718,86380.276336869,62.6,HFET
392067:10623,23:23,05/13/25 23:23:23,STABLE BEAMS,6800,91033.934795721,88293.810891351,64.0,HFET
392067:10623,24:24,05/13/25 23:23:46,STABLE BEAMS,6800,91192.147746643,88454.604620521,64.1,HFET
392067:10623,25:25,05/13/25 23:24:09,STABLE BEAMS,6800,90997.587627127,88269.869783731,64.0,HFET
392067:10623,26:26,05/13/25 23:24:33,STABLE BEAMS,6800,90945.262845598,88184.355050419,63.9,HFET
392067:10623,27:27,05/13/25 23:24:56,STABLE BEAMS,6800,90848.446343458,86859.004028851,63.9,HFET
392067:10623,28:28,05/13/25 23:25:19,STABLE BEAMS,6800,90585.203663177,87823.914140210,63.7,HFET
392067:10623,29:29,05/13/25 23:25:42,STABLE BEAMS,6800,90421.711714829,87724.879442920,63.6,HFET
392067:10623,30:30,05/13/25 23:26:06,STABLE BEAMS,6800,90310.614040773,87632.113809536,63.5,HFET
392067:10623,31:31,05/13/25 23:26:29,STABLE BEAMS,6800,90430.334540578,87730.187407712,63.6,HFET
392067:10623,32:32,05/13/25 23:26:52,STABLE BEAMS,6800,90753.825812681,88037.936268884,63.8,HFET
392067:10623,33:33,05/13/25 23:27:16,STABLE BEAMS,6800,91123.904216639,88371.130211365,64.1,HFET
392067:10623,34:34,05/13/25 23:27:39,STABLE BEAMS,6800,91822.116009378,89025.889248285,64.6,HFET
392067:10623,35:35,05/13/25 23:28:02,STABLE BEAMS,6800,91397.067193463,88636.758556622,64.3,HFET
392067:10623,36:36,05/13/25 23:28:26,STABLE BEAMS,6800,91396.129449921,88645.273711074,64.3,HFET
392067:10623,37:37,05/13/25 23:28:49,STABLE BEAMS,6800,92020.887390432,89214.105631381,64.7,HFET
392067:10623,38:38,05/13/25 23:29:12,STABLE BEAMS,6800,90111.133833520,87432.561393903,63.4,HFET
392067:10623,39:39,05/13/25 23:29:36,STABLE BEAMS,6800,90475.663444612,87778.977911700,63.6,HFET
392067:10623,40:40,05/13/25 23:29:59,STABLE BEAMS,6800,90635.762510923,86659.391461927,63.7,HFET
392067:10623,41:41,05/13/25 23:30:22,STABLE BEAMS,6800,90779.245448426,88060.925106243,63.8,HFET
392067:10623,42:42,05/13/25 23:30:45,STABLE BEAMS,6800,91179.961985972,88439.863319079,64.1,HFET
392067:10623,43:43,05/13/25 23:31:09,STABLE BEAMS,6800,91050.870591246,88268.154517716,64.0,HFET
392067:10623,44:44,05/13/25 23:31:32,STABLE BEAMS,6800,90984.723290048,88260.214129263,64.0,HFET
392067:10623,45:45,05/13/25 23:31:55,STABLE BEAMS,6800,91149.623080053,88406.994370827,64.1,HFET
392067:10623,46:46,05/13/25 23:32:19,STABLE BEAMS,6800,91101.199704087,88370.833324300,64.1,HFET
392067:10623,47:47,05/13/25 23:32:42,STABLE BEAMS,6800,91083.116051603,88347.361685200,64.0,HFET
392067:10623,48:48,05/13/25 23:33:05,STABLE BEAMS,6800,91210.381012962,88487.130817924,64.1,HFET
392067:10623,49:49,05/13/25 23:33:29,STABLE BEAMS,6800,91134.533339382,88398.169435135,64.1,HFET
392067:10623,50:50,05/13/25 23:33:52,STABLE BEAMS,6800,91026.429577140,88299.894660430,64.0,HFET
392067:10623,51:51,05/13/25 23:34:15,STABLE BEAMS,6800,90856.670198982,88152.329987379,63.9,HFET
392067:10623,52:52,05/13/25 23:34:39,STABLE BEAMS,6800,90703.656941980,88003.200773869,63.8,HFET
392067:10623,53:53,05/13/25 23:35:02,STABLE BEAMS,6800,90524.265866642,86443.945342591,63.7,HFET
392067:10623,54:54,05/13/25 23:35:25,STABLE BEAMS,6800,90263.757931041,87591.326766108,63.5,HFET
392067:10623,55:55,05/13/25 23:35:48,STABLE BEAMS,6800,90157.271306310,87486.078473022,63.4,HFET
392067:10623,56:56,05/13/25 23:36:12,STABLE BEAMS,6800,89874.787305843,87194.097165709,63.2,HFET
392067:10623,57:57,05/13/25 23:36:35,STABLE BEAMS,6800,89672.532293376,87049.751724884,63.1,HFET
392067:10623,58:58,05/13/25 23:36:58,STABLE BEAMS,6800,89448.381337112,86847.987504559,62.9,HFET
392067:10623,59:59,05/13/25 23:37:22,STABLE BEAMS,6800,89067.245407956,86492.884375149,62.6,HFET
392067:10623,60:60,05/13/25 23:37:45,STABLE BEAMS,6800,90584.206237614,87875.330706305,63.7,HFET
392067:10623,61:61,05/13/25 23:38:08,STABLE BEAMS,6800,90398.557543211,87730.360091864,63.6,HFET
392067:10623,62:62,05/13/25 23:38:32,STABLE BEAMS,6800,90037.451063949,87384.983149327,63.3,HFET
392067:10623,63:63,05/13/25 23:38:55,STABLE BEAMS,6800,89833.909208993,87193.804248253,63.2,HFET
392067:10623,64:64,05/13/25 23:39:18,STABLE BEAMS,6800,89635.237570496,87000.609684545,63.0,HFET
392067:10623,65:65,05/13/25 23:39:42,STABLE BEAMS,6800,89548.291493621,86923.260519113,63.0,HFET
392067:10623,66:66,05/13/25 23:40:05,STABLE BEAMS,6800,89529.010112900,85678.860656978,63.0,HFET
392067:10623,67:67,05/13/25 23:40:28,STABLE BEAMS,6800,89410.887129120,86813.133799504,62.9,HFET
392067:10623,68:68,05/13/25 23:40:52,STABLE BEAMS,6800,92946.273483478,90093.528033734,65.4,HFET
392067:10623,69:69,05/13/25 23:41:15,STABLE BEAMS,6800,94900.587436203,91918.207154990,66.7,HFET
392067:10623,70:70,05/13/25 23:41:38,STABLE BEAMS,6800,92787.731055096,89929.130274029,65.2,HFET
392067:10623,71:71,05/13/25 23:42:01,STABLE BEAMS,6800,88832.595321298,86277.744473735,62.5,HFET
392067:10623,72:72,05/13/25 23:42:25,STABLE BEAMS,6800,89938.689581961,87304.691938117,63.2,HFET
392067:10623,73:73,05/13/25 23:42:48,STABLE BEAMS,6800,90267.909510557,87535.516453834,63.5,HFET
392067:10623,74:74,05/13/25 23:43:11,STABLE BEAMS,6800,90204.786370964,87441.882996595,63.4,HFET
392067:10623,75:75,05/13/25 23:43:35,STABLE BEAMS,6800,89962.970353928,87213.995574066,63.3,HFET
392067:10623,76:76,05/13/25 23:43:58,STABLE BEAMS,6800,89784.617582251,87055.244101494,63.1,HFET
392067:10623,77:77,05/13/25 23:44:21,STABLE BEAMS,6800,89635.876086369,86902.334959378,63.0,HFET
392067:10623,78:78,05/13/25 23:44:45,STABLE BEAMS,6800,89226.696147650,86512.924815182,62.7,HFET
392067:10623,79:79,05/13/25 23:45:08,STABLE BEAMS,6800,89151.117451948,85146.710852130,62.7,HFET
392067:10623,80:80,05/13/25 23:45:31,STABLE BEAMS,6800,89025.060029569,86348.653757482,62.6,HFET
392067:10623,81:81,05/13/25 23:45:55,STABLE BEAMS,6800,90132.381450701,87353.694688457,63.4,HFET
392067:10623,82:82,05/13/25 23:46:18,STABLE BEAMS,6800,90574.944895992,87749.077046314,63.7,HFET
392067:10623,83:83,05/13/25 23:46:41,STABLE BEAMS,6800,90247.880060663,87463.463101580,63.5,HFET
392067:10623,84:84,05/13/25 23:47:04,STABLE BEAMS,6800,90097.361185130,87219.012237109,63.4,HFET
392067:10623,85:85,05/13/25 23:47:28,STABLE BEAMS,6800,89926.923230564,87173.435597496,63.2,HFET
392067:10623,86:86,05/13/25 23:47:51,STABLE BEAMS,6800,89730.955269393,87024.623985411,63.1,HFET
392067:10623,87:87,05/13/25 23:48:14,STABLE BEAMS,6800,89590.946152560,86848.579072039,63.0,HFET
392067:10623,88:88,05/13/25 23:48:38,STABLE BEAMS,6800,89646.125860373,86900.566263146,63.0,HFET
392067:10623,89:89,05/13/25 23:49:01,STABLE BEAMS,6800,89258.721683846,86573.946859532,62.8,HFET
392067:10623,90:90,05/13/25 23:49:24,STABLE BEAMS,6800,89159.819581205,86469.685216213,62.7,HFET
392067:10623,91:91,05/13/25 23:49:48,STABLE BEAMS,6800,89446.805077697,86734.939399225,62.9,HFET
392067:10623,92:92,05/13/25 23:50:11,STABLE BEAMS,6800,90450.743339211,86360.690902122,63.6,HFET
392067:10623,93:93,05/13/25 23:50:34,STABLE BEAMS,6800,90239.107621079,87466.340902608,63.5,HFET
392067:10623,94:94,05/13/25 23:50:58,STABLE BEAMS,6800,89856.144440994,87114.075719039,63.2,HFET
392067:10623,95:95,05/13/25 23:51:21,STABLE BEAMS,6800,89655.257209647,86926.917786428,63.0,HFET
392067:10623,96:96,05/13/25 23:51:44,STABLE BEAMS,6800,89539.918024263,86813.140706159,63.0,HFET
392067:10623,97:97,05/13/25 23:52:08,STABLE BEAMS,6800,89336.086752381,86648.026088852,62.8,HFET
392067:10623,98:98,05/13/25 23:52:31,STABLE BEAMS,6800,89190.188736916,86489.722005421,62.7,HFET
392067:10623,99:99,05/13/25 23:52:54,STABLE BEAMS,6800,89104.949729366,80008.857967533,62.7,HFET
392071:10623,1:1,05/13/25 23:56:34,STABLE BEAMS,6800,91377.456335281,84173.432428055,64.3,HFET
392071:10623,2:2,05/13/25 23:56:58,STABLE BEAMS,6800,91260.071609930,88494.732611120,64.2,HFET
392071:10623,3:3,05/13/25 23:57:21,STABLE BEAMS,6800,91292.886093395,88502.263181637,64.2,HFET
392071:10623,4:4,05/13/25 23:57:44,STABLE BEAMS,6800,91458.384338737,88685.816548984,64.3,HFET
392071:10623,5:5,05/13/25 23:58:08,STABLE BEAMS,6800,91531.398342644,68742.190320183,64.4,HFET
392071:10623,6:6,05/13/25 23:58:31,STABLE BEAMS,6800,91699.561022338,88823.358881250,64.5,HFET
392071:10623,7:7,05/13/25 23:58:54,STABLE BEAMS,6800,91844.131317218,89066.801799370,64.6,HFET
392071:10623,8:8,05/13/25 23:59:18,STABLE BEAMS,6800,90867.058958515,88080.068069314,63.9,HFET
392071:10623,9:9,05/13/25 23:59:41,STABLE BEAMS,6800,90531.012387746,87799.837335982,63.7,HFET
392071:10623,10:10,05/14/25 00:00:04,STABLE BEAMS,6800,90732.000179211,75809.092984164,63.8,HFET
392071:10623,11:11,05/14/25 00:00:28,STABLE BEAMS,6800,90841.730072146,73361.511707322,63.9,HFET
392071:10623,12:12,05/14/25 00:00:51,STABLE BEAMS,6800,90995.731761530,88208.591999783,64.0,HFET
392071:10623,13:13,05/14/25 00:01:14,STABLE BEAMS,6800,91047.238163560,88305.114100168,64.0,HFET
392071:10623,14:14,05/14/25 00:01:38,STABLE BEAMS,6800,91079.443563382,87062.490156799,64.0,HFET
392071:10623,15:15,05/14/25 00:02:01,STABLE BEAMS,6800,91067.677211985,88311.012906804,64.0,HFET
392071:10623,16:16,05/14/25 00:02:24,STABLE BEAMS,6800,91027.118781853,68388.215200019,64.0,HFET
392071:10623,17:17,05/14/25 00:02:47,STABLE BEAMS,6800,90991.469811152,88271.095072068,64.0,HFET
392071:10623,18:18,05/14/25 00:03:11,STABLE BEAMS,6800,90851.320891228,88079.454967647,63.9,HFET
392071:10623,19:19,05/14/25 00:03:34,STABLE BEAMS,6800,90700.013885988,87945.051810629,63.8,HFET
392071:10623,20:20,05/14/25 00:03:57,STABLE BEAMS,6800,90471.251880400,87738.523042649,63.6,HFET
392071:10623,21:21,05/14/25 00:04:21,STABLE BEAMS,6800,90376.202947168,87680.559461163,63.5,HFET
392071:10623,22:22,05/14/25 00:04:44,STABLE BEAMS,6800,90283.997494353,87567.360875636,63.5,HFET
392071:10623,23:23,05/14/25 00:05:07,STABLE BEAMS,6800,89993.898722004,87323.940827002,63.3,HFET
392071:10623,24:24,05/14/25 00:05:31,STABLE BEAMS,6800,89867.910792391,87075.273426814,63.2,HFET
392071:10623,25:25,05/14/25 00:05:54,STABLE BEAMS,6800,89580.606446743,86943.253716610,63.0,HFET
392071:10623,26:26,05/14/25 00:06:17,STABLE BEAMS,6800,89407.792657188,86782.018128261,62.9,HFET
392071:10623,27:27,05/14/25 00:06:41,STABLE BEAMS,6800,89384.599242598,85530.452157867,62.9,HFET
392071:10623,28:28,05/14/25 00:07:04,STABLE BEAMS,6800,89006.587217603,86415.225352167,62.6,HFET
392071:10623,29:29,05/14/25 00:07:27,STABLE BEAMS,6800,90751.979757827,88030.980482376,63.8,HFET
392071:10623,30:30,05/14/25 00:07:50,STABLE BEAMS,6800,90524.445730268,87825.893264489,63.7,HFET
392071:10623,31:31,05/14/25 00:08:14,STABLE BEAMS,6800,90334.685516884,87645.143797583,63.5,HFET
392071:10623,32:32,05/14/25 00:08:37,STABLE BEAMS,6800,90167.351027431,87496.808967813,63.4,HFET
392071:10623,33:33,05/14/25 00:09:00,STABLE BEAMS,6800,89953.350102616,87300.873143821,63.3,HFET
392071:10623,34:34,05/14/25 00:09:24,STABLE BEAMS,6800,89822.152668340,87152.206560860,63.2,HFET
392071:10623,35:35,05/14/25 00:09:47,STABLE BEAMS,6800,89551.624693638,86928.750354979,63.0,HFET
392071:10623,36:36,05/14/25 00:10:10,STABLE BEAMS,6800,89310.547752593,86707.332114340,62.8,HFET
392071:10623,37:37,05/14/25 00:10:34,STABLE BEAMS,6800,89038.542443472,67032.118379224,62.6,HFET
392071:10623,38:38,05/14/25 00:10:57,STABLE BEAMS,6800,88851.906951811,86292.623865402,62.5,HFET
392071:10623,39:39,05/14/25 00:11:20,STABLE BEAMS,6800,88785.010763879,86165.517054892,62.4,HFET
392071:10623,40:40,05/14/25 00:11:44,STABLE BEAMS,6800,88591.828236227,84776.285151007,62.3,HFET
392071:10623,41:41,05/14/25 00:12:07,STABLE BEAMS,6800,88365.101959862,85829.619556226,62.1,HFET
392071:10623,42:42,05/14/25 00:12:30,STABLE BEAMS,6800,87533.249040217,85039.101711587,61.6,HFET
392071:10623,43:43,05/14/25 00:12:53,STABLE BEAMS,6800,86449.330329532,84038.834613623,60.8,HFET
392071:10623,44:44,05/14/25 00:13:17,STABLE BEAMS,6800,87184.537617482,84707.423150030,61.3,HFET
392071:10623,45:45,05/14/25 00:13:40,STABLE BEAMS,6800,90250.793851406,87567.379912711,63.5,HFET
392071:10623,46:46,05/14/25 00:14:03,STABLE BEAMS,6800,90877.967687441,88162.008056702,63.9,HFET
392071:10623,47:47,05/14/25 00:14:27,STABLE BEAMS,6800,90664.095937411,87960.523095959,63.8,HFET
392071:10623,48:48,05/14/25 00:14:50,STABLE BEAMS,6800,90358.698128535,87665.461449989,63.5,HFET
392071:10623,49:49,05/14/25 00:15:13,STABLE BEAMS,6800,90276.183237359,87579.579523487,63.5,HFET
392071:10623,50:50,05/14/25 00:15:37,STABLE BEAMS,6800,90325.354682497,87642.492128751,63.5,HFET
392071:10623,51:51,05/14/25 00:16:00,STABLE BEAMS,6800,90433.608058574,87764.820250482,63.6,HFET
392071:10623,52:52,05/14/25 00:16:23,STABLE BEAMS,6800,90777.179469411,88040.965111090,63.8,HFET
392071:10623,53:53,05/14/25 00:16:47,STABLE BEAMS,6800,91176.519232656,87153.887400328,64.1,HFET
392071:10623,54:54,05/14/25 00:17:10,STABLE BEAMS,6800,91577.844853846,88809.919218856,64.4,HFET
392071:10623,55:55,05/14/25 00:17:33,STABLE BEAMS,6800,91553.963052104,88787.515723662,64.4,HFET
392071:10623,56:56,05/14/25 00:17:57,STABLE BEAMS,6800,91105.222108817,88388.713603867,64.1,HFET
392071:10623,57:57,05/14/25 00:18:20,STABLE BEAMS,6800,91527.256573871,88753.328201870,64.4,HFET
392071:10623,58:58,05/14/25 00:18:43,STABLE BEAMS,6800,91700.829060903,88913.689009661,64.5,HFET
392071:10623,59:59,05/14/25 00:19:06,STABLE BEAMS,6800,89538.760356560,86919.068515974,63.0,HFET
392071:10623,60:60,05/14/25 00:19:30,STABLE BEAMS,6800,89844.607824501,87184.162342448,63.2,HFET
392071:10623,61:61,05/14/25 00:19:53,STABLE BEAMS,6800,89886.762953096,87244.636898979,63.2,HFET
392071:10623,62:62,05/14/25 00:20:16,STABLE BEAMS,6800,91186.199983552,88441.066579179,64.1,HFET
392071:10623,63:63,05/14/25 00:20:40,STABLE BEAMS,6800,91969.151253498,89166.948288243,64.7,HFET
392071:10623,64:64,05/14/25 00:21:03,STABLE BEAMS,6800,91318.045744444,88550.001416601,64.2,HFET
392071:10623,65:65,05/14/25 00:21:26,STABLE BEAMS,6800,91313.884354184,88543.844698857,64.2,HFET
392071:10623,66:66,05/14/25 00:21:50,STABLE BEAMS,6800,91286.079890269,87269.131247366,64.2,HFET
392071:10623,67:67,05/14/25 00:22:13,STABLE BEAMS,6800,91115.171837590,88369.730773176,64.1,HFET
392071:10623,68:68,05/14/25 00:22:36,STABLE BEAMS,6800,91053.754949760,88324.622432550,64.0,HFET
392071:10623,69:69,05/14/25 00:23:00,STABLE BEAMS,6800,90947.288764078,88243.422513167,64.0,HFET
392071:10623,70:70,05/14/25 00:23:23,STABLE BEAMS,6800,90763.127214838,88044.511681768,63.8,HFET
392071:10623,71:71,05/14/25 00:23:46,STABLE BEAMS,6800,90624.325636986,87927.554404789,63.7,HFET
392071:10623,72:72,05/14/25 00:24:10,STABLE BEAMS,6800,90472.599222472,87793.507840677,63.6,HFET
392071:10623,73:73,05/14/25 00:24:33,STABLE BEAMS,6800,90363.777640850,87661.856971393,63.5,HFET
392071:10623,74:74,05/14/25 00:24:56,STABLE BEAMS,6800,90179.755894701,87524.578101515,63.4,HFET
392071:10623,75:75,05/14/25 00:25:20,STABLE BEAMS,6800,89839.507873138,87177.314273645,63.2,HFET
392071:10623,76:76,05/14/25 00:25:43,STABLE BEAMS,6800,89643.270934089,87028.070571243,63.0,HFET
392071:10623,77:77,05/14/25 00:26:06,STABLE BEAMS,6800,89378.681729298,86758.757072862,62.8,HFET
392071:10623,78:78,05/14/25 00:26:29,STABLE BEAMS,6800,89072.684647523,86448.128698378,62.6,HFET
392071:10623,79:79,05/14/25 00:26:53,STABLE BEAMS,6800,91321.838414269,87305.224780818,64.2,HFET
392071:10623,80:80,05/14/25 00:27:16,STABLE BEAMS,6800,91339.153558533,88555.453013592,64.2,HFET
392071:10623,81:81,05/14/25 00:27:39,STABLE BEAMS,6800,91244.782384146,88502.691747702,64.2,HFET
392071:10623,82:82,05/14/25 00:28:03,STABLE BEAMS,6800,91032.966802388,88327.990550510,64.0,HFET
392071:10623,83:83,05/14/25 00:28:26,STABLE BEAMS,6800,90854.823326567,88151.881439108,63.9,HFET
392071:10623,84:84,05/14/25 00:28:49,STABLE BEAMS,6800,90701.949872655,68132.561554567,63.8,HFET
392071:10623,85:85,05/14/25 00:29:13,STABLE BEAMS,6800,90542.130412527,87852.875344413,63.7,HFET
392071:10623,86:86,05/14/25 00:29:36,STABLE BEAMS,6800,90339.166573861,87690.392786449,63.5,HFET
392071:10623,87:87,05/14/25 00:29:59,STABLE BEAMS,6800,90279.446944612,87629.980815172,63.5,HFET
392071:10623,88:88,05/14/25 00:30:23,STABLE BEAMS,6800,90044.208213359,87384.938257965,63.3,HFET
392071:10623,89:89,05/14/25 00:30:46,STABLE BEAMS,6800,89872.372227881,87224.555039551,63.2,HFET
392071:10623,90:90,05/14/25 00:31:09,STABLE BEAMS,6800,89738.600291065,87113.145190329,63.1,HFET
392071:10623,91:91,05/14/25 00:31:33,STABLE BEAMS,6800,89378.062834912,86766.969917490,62.8,HFET
392071:10623,92:92,05/14/25 00:31:56,STABLE BEAMS,6800,89188.283000041,85366.757541804,62.7,HFET
392071:10623,93:93,05/14/25 00:32:19,STABLE BEAMS,6800,89092.614354861,86500.440872295,62.6,HFET
392071:10623,94:94,05/14/25 00:32:42,STABLE BEAMS,6800,90638.098285377,87959.705246913,63.7,HFET
392071:10623,95:95,05/14/25 00:33:06,STABLE BEAMS,6800,90327.729699924,87668.213262922,63.5,HFET
392071:10623,96:96,05/14/25 00:33:29,STABLE BEAMS,6800,90019.037934005,67288.769598118,63.3,HFET
392071:10623,97:97,05/14/25 00:33:52,STABLE BEAMS,6800,89965.425492425,87328.349251115,63.3,HFET
392071:10623,98:98,05/14/25 00:34:16,STABLE BEAMS,6800,89953.189860476,87302.804981557,63.3,HFET
392071:10623,99:99,05/14/25 00:34:39,STABLE BEAMS,6800,89780.785669452,87159.733169678,63.1,HFET
392071:10623,100:100,05/14/25 00:35:02,STABLE BEAMS,6800,90146.053538973,87491.014565136,63.4,HFET
392071:10623,101:101,05/14/25 00:35:26,STABLE BEAMS,6800,90286.512314871,87583.363244535,63.5,HFET
392071:10623,102:102,05/14/25 00:35:49,STABLE BEAMS,6800,90590.014197615,87909.511408484,63.7,HFET
392071:10623,103:103,05/14/25 00:36:12,STABLE BEAMS,6800,90837.488560817,88128.238118468,63.9,HFET
392071:10623,104:104,05/14/25 00:36:35,STABLE BEAMS,6800,91101.659173896,88383.347041626,64.1,HFET
392071:10623,105:105,05/14/25 00:36:59,STABLE BEAMS,6800,91333.644008639,87334.500185314,64.2,HFET
392071:10623,106:106,05/14/25 00:37:22,STABLE BEAMS,6800,91449.611899153,88694.787429998,64.3,HFET
392071:10623,107:107,05/14/25 00:37:45,STABLE BEAMS,6800,91566.448040444,88817.739376526,64.4,HFET
392071:10623,108:108,05/14/25 00:38:09,STABLE BEAMS,6800,91661.866511672,88902.253669769,64.5,HFET
392071:10623,109:109,05/14/25 00:38:32,STABLE BEAMS,6800,91699.041870508,88928.229197529,64.5,HFET
392071:10623,110:110,05/14/25 00:38:55,STABLE BEAMS,6800,91712.774458364,88947.735440121,64.5,HFET
392071:10623,111:111,05/14/25 00:39:19,STABLE BEAMS,6800,91676.956252343,88870.909148836,64.5,HFET
392071:10623,112:112,05/14/25 00:39:42,STABLE BEAMS,6800,91569.382270236,88808.762223175,64.4,HFET
392071:10623,113:113,05/14/25 00:40:05,STABLE BEAMS,6800,91526.328641072,88763.231775473,64.4,HFET
392071:10623,114:114,05/14/25 00:40:29,STABLE BEAMS,6800,91422.985541989,88659.857827916,64.3,HFET
392071:10623,115:115,05/14/25 00:40:52,STABLE BEAMS,6800,91342.207152367,88605.629929846,64.2,HFET
392071:10623,116:116,05/14/25 00:41:15,STABLE BEAMS,6800,91270.650861395,88529.189953533,64.2,HFET
392071:10623,117:117,05/14/25 00:41:39,STABLE BEAMS,6800,91175.131830049,88444.872886510,64.1,HFET
392071:10623,118:118,05/14/25 00:42:02,STABLE BEAMS,6800,91062.627131900,87078.509370270,64.0,HFET
392071:10623,119:119,05/14/25 00:42:25,STABLE BEAMS,6800,91036.988389556,88302.811455931,64.0,HFET
392071:10623,120:120,05/14/25 00:42:48,STABLE BEAMS,6800,90882.548486974,84668.054832641,63.9,HFET
392071:10623,121:121,05/14/25 00:43:12,STABLE BEAMS,6800,90748.686618345,52378.827149137,63.8,HFET
392071:10623,122:122,05/14/25 00:43:35,STABLE BEAMS,6800,90541.212290472,87865.254927491,63.7,HFET
392071:10623,123:123,05/14/25 00:43:58,STABLE BEAMS,6800,90394.635698599,87731.604017978,63.6,HFET
392071:10623,124:124,05/14/25 00:44:22,STABLE BEAMS,6800,90187.570969257,87531.978290195,63.4,HFET
392071:10623,125:125,05/14/25 00:44:45,STABLE BEAMS,6800,89980.365619261,87319.652893441,63.3,HFET
392071:10623,126:126,05/14/25 00:45:08,STABLE BEAMS,6800,89849.847578955,87217.068261665,63.2,HFET
392071:10623,127:127,05/14/25 00:45:32,STABLE BEAMS,6800,89790.825330038,67262.004839232,63.1,HFET
392071:10623,128:128,05/14/25 00:45:55,STABLE BEAMS,6800,89766.294384119,87131.922718412,63.1,HFET
392071:10623,129:129,05/14/25 00:46:18,STABLE BEAMS,6800,89787.961410573,87162.523034574,63.1,HFET
392071:10623,130:130,05/14/25 00:46:42,STABLE BEAMS,6800,89813.050751295,87172.327205840,63.2,HFET
392071:10623,131:131,05/14/25 00:47:05,STABLE BEAMS,6800,89944.746898353,87308.438798697,63.2,HFET
392071:10623,132:132,05/14/25 00:47:28,STABLE BEAMS,6800,90072.072359295,86167.696666475,63.3,HFET
392071:10623,133:133,05/14/25 00:47:52,STABLE BEAMS,6800,90115.325473571,87464.467673954,63.4,HFET
392071:10623,134:134,05/14/25 00:48:15,STABLE BEAMS,6800,90196.113673937,87527.388293531,63.4,HFET
392071:10623,135:135,05/14/25 00:48:38,STABLE BEAMS,6800,90231.492849198,87571.218101750,63.4,HFET
392071:10623,136:136,05/14/25 00:49:01,STABLE BEAMS,6800,90210.804444382,87552.952191052,63.4,HFET
392071:10623,137:137,05/14/25 00:49:25,STABLE BEAMS,6800,90205.674243228,87542.816234336,63.4,HFET
392071:10623,138:138,05/14/25 00:49:48,STABLE BEAMS,6800,90159.816376620,87506.048212071,63.4,HFET
392071:10623,139:139,05/14/25 00:50:11,STABLE BEAMS,6800,90114.507094072,87452.766385805,63.4,HFET
392071:10623,140:140,05/14/25 00:50:35,STABLE BEAMS,6800,90090.415178913,87424.242305848,63.3,HFET
392071:10623,141:141,05/14/25 00:50:58,STABLE BEAMS,6800,89996.743019983,87358.202146715,63.3,HFET
392071:10623,142:142,05/14/25 00:51:21,STABLE BEAMS,6800,89974.437477656,87309.446158931,63.3,HFET
392071:10623,143:143,05/14/25 00:51:45,STABLE BEAMS,6800,89866.703253410,87246.270500413,63.2,HFET
392071:10623,144:144,05/14/25 00:52:08,STABLE BEAMS,6800,89904.587438446,87263.561479966,63.2,HFET
392071:10623,145:145,05/14/25 00:52:31,STABLE BEAMS,6800,89669.319274963,85782.112534358,63.1,HFET
392071:10623,146:146,05/14/25 00:52:55,STABLE BEAMS,6800,89265.069234725,86662.347526407,62.8,HFET
392071:10623,147:147,05/14/25 00:53:18,STABLE BEAMS,6800,89126.536634750,86544.163408646,62.7,HFET
392071:10623,148:148,05/14/25 00:53:41,STABLE BEAMS,6800,89179.410817901,86578.319740427,62.7,HFET
392071:10623,149:149,05/14/25 00:54:05,STABLE BEAMS,6800,89577.672216951,86966.239814700,63.0,HFET
392071:10623,150:150,05/14/25 00:54:28,STABLE BEAMS,6800,89487.353697086,86865.417858846,62.9,HFET
392071:10623,151:151,05/14/25 00:54:51,STABLE BEAMS,6800,89366.156680423,86765.979638169,62.8,HFET
392071:10623,152:152,05/14/25 00:55:14,STABLE BEAMS,6800,89269.769398300,86674.593845353,62.8,HFET
392071:10623,153:153,05/14/25 00:55:38,STABLE BEAMS,6800,89191.206601528,86611.438357961,62.7,HFET
392071:10623,154:154,05/14/25 00:56:01,STABLE BEAMS,6800,89075.528945502,86475.274709859,62.6,HFET
392071:10623,155:155,05/14/25 00:56:24,STABLE BEAMS,6800,89285.537715379,86678.800584726,62.8,HFET
392071:10623,156:156,05/14/25 00:56:48,STABLE BEAMS,6800,89402.493220713,86797.465161960,62.9,HFET
392071:10623,157:157,05/14/25 00:57:11,STABLE BEAMS,6800,89356.376186971,85523.136132040,62.8,HFET
392071:10623,158:158,05/14/25 00:57:34,STABLE BEAMS,6800,89265.088856211,86668.879499493,62.8,HFET
392071:10623,159:159,05/14/25 00:57:58,STABLE BEAMS,6800,89163.552569009,86570.503260101,62.7,HFET
392071:10623,160:160,05/14/25 00:58:21,STABLE BEAMS,6800,89089.480639956,86501.087395424,62.6,HFET
392071:10623,161:161,05/14/25 00:58:44,STABLE BEAMS,6800,88236.989186774,85712.355169861,62.0,HFET
392071:10623,162:162,05/14/25 00:59:08,STABLE BEAMS,6800,86416.586156393,83973.728932239,60.8,HFET
392071:10623,163:163,05/14/25 00:59:31,STABLE BEAMS,6800,88896.327544533,86313.328231311,62.5,HFET
392071:10623,164:164,05/14/25 00:59:54,STABLE BEAMS,6800,88923.832780780,86354.400161039,62.5,HFET
392071:10623,165:165,05/14/25 01:00:18,STABLE BEAMS,6800,88796.008607056,86228.242516019,62.4,HFET
392071:10623,166:166,05/14/25 01:00:41,STABLE BEAMS,6800,88781.487889493,86219.439444845,62.4,HFET
392071:10623,167:167,05/14/25 01:01:04,STABLE BEAMS,6800,88715.459952338,86156.683846214,62.4,HFET
392071:10623,168:168,05/14/25 01:01:27,STABLE BEAMS,6800,88863.892409807,86269.863016349,62.5,HFET
392071:10623,169:169,05/14/25 01:01:51,STABLE BEAMS,6800,88862.834484661,86288.692409048,62.5,HFET
392071:10623,170:170,05/14/25 01:02:14,STABLE BEAMS,6800,88758.094989790,84957.357710529,62.4,HFET
392071:10623,171:171,05/14/25 01:02:37,STABLE BEAMS,6800,88554.812301968,86009.722094796,62.3,HFET
392071:10623,172:172,05/14/25 01:03:01,STABLE BEAMS,6800,88429.632941110,85889.307084960,62.2,HFET
392071:10623,173:173,05/14/25 01:03:24,STABLE BEAMS,6800,88381.678845696,85841.223601578,62.1,HFET
392071:10623,174:174,05/14/25 01:03:47,STABLE BEAMS,6800,88425.321119454,85889.558752538,62.2,HFET
392071:10623,175:175,05/14/25 01:04:11,STABLE BEAMS,6800,88503.165279284,85936.878034427,62.2,HFET
392071:10623,176:176,05/14/25 01:04:34,STABLE BEAMS,6800,88468.385376923,85908.078535118,62.2,HFET
392071:10623,177:177,05/14/25 01:04:57,STABLE BEAMS,6800,88110.482105330,85595.228923552,62.0,HFET
392071:10623,178:178,05/14/25 01:05:21,STABLE BEAMS,6800,88105.971616124,85574.368231324,62.0,HFET
392071:10623,179:179,05/14/25 01:05:44,STABLE BEAMS,6800,88371.738927666,85820.377073011,62.1,HFET
392071:10623,180:180,05/14/25 01:06:07,STABLE BEAMS,6800,88270.781474315,85739.491100292,62.1,HFET
392071:10623,181:181,05/14/25 01:06:30,STABLE BEAMS,6800,88136.889355895,85607.992872543,62.0,HFET
392071:10623,182:182,05/14/25 01:06:54,STABLE BEAMS,6800,87894.165845109,85391.138352604,61.8,HFET
392071:10623,183:183,05/14/25 01:07:17,STABLE BEAMS,6800,87764.695101644,83966.460615735,61.7,HFET
392071:10623,184:184,05/14/25 01:07:40,STABLE BEAMS,6800,87733.398013134,85238.846960927,61.7,HFET
392071:10623,185:185,05/14/25 01:08:04,STABLE BEAMS,6800,87680.912989466,85193.010055805,61.7,HFET
392071:10623,186:186,05/14/25 01:08:27,STABLE BEAMS,6800,87573.648045771,85081.969692638,61.6,HFET
392071:10623,187:187,05/14/25 01:08:50,STABLE BEAMS,6800,87618.068638493,85133.975032805,61.6,HFET
392071:10623,188:188,05/14/25 01:09:14,STABLE BEAMS,6800,87459.945619385,84985.887047620,61.5,HFET
392071:10623,189:189,05/14/25 01:09:37,STABLE BEAMS,6800,87341.123620149,84888.999913914,61.4,HFET
392071:10623,190:190,05/14/25 01:10:00,STABLE BEAMS,6800,87294.058214560,84838.742656239,61.4,HFET
392071:10623,191:191,05/14/25 01:10:24,STABLE BEAMS,6800,87390.984270000,84911.744981450,61.5,HFET
392071:10623,192:192,05/14/25 01:10:47,STABLE BEAMS,6800,87342.112052531,84881.902692049,61.4,HFET
392071:10623,193:193,05/14/25 01:11:10,STABLE BEAMS,6800,87351.802614170,84869.932013702,61.4,HFET
392071:10623,194:194,05/14/25 01:11:33,STABLE BEAMS,6800,87286.064093940,84802.832062009,61.4,HFET
392071:10623,195:195,05/14/25 01:11:57,STABLE BEAMS,6800,87231.014378475,84779.898695638,61.3,HFET
392071:10623,196:196,05/14/25 01:12:20,STABLE BEAMS,6800,87263.838672684,83574.526453301,61.4,HFET
392071:10623,197:197,05/14/25 01:12:43,STABLE BEAMS,6800,87043.639810823,84586.399451862,61.2,HFET
392071:10623,198:198,05/14/25 01:13:07,STABLE BEAMS,6800,86905.795598000,84474.650766083,61.1,HFET
392071:10623,199:199,05/14/25 01:13:30,STABLE BEAMS,6800,86839.568993294,84397.264245765,61.1,HFET
392071:10623,200:200,05/14/25 01:13:53,STABLE BEAMS,6800,86882.812296827,84432.814689779,61.1,HFET
392071:10623,201:201,05/14/25 01:14:17,STABLE BEAMS,6800,86816.564435511,84364.677652973,61.0,HFET
392071:10623,202:202,05/14/25 01:14:40,STABLE BEAMS,6800,86778.012302373,84329.937244263,61.0,HFET
392071:10623,203:203,05/14/25 01:15:03,STABLE BEAMS,6800,86704.389214823,84266.041838408,61.0,HFET
392071:10623,204:204,05/14/25 01:15:27,STABLE BEAMS,6800,86700.247446050,84265.459552226,61.0,HFET
392071:10623,205:205,05/14/25 01:15:50,STABLE BEAMS,6800,86669.160470958,84248.174658574,60.9,HFET
392071:10623,206:206,05/14/25 01:16:13,STABLE BEAMS,6800,86761.464848768,84323.568303788,61.0,HFET
392071:10623,207:207,05/14/25 01:16:37,STABLE BEAMS,6800,86817.373004267,84387.142699807,61.0,HFET
392071:10623,208:208,05/14/25 01:17:00,STABLE BEAMS,6800,86720.227842228,84282.978446686,61.0,HFET
392071:10623,209:209,05/14/25 01:17:23,STABLE BEAMS,6800,86652.204236385,83020.256547223,60.9,HFET
392071:10623,210:210,05/14/25 01:17:46,STABLE BEAMS,6800,86694.938198831,84288.909314131,61.0,HFET
392071:10623,211:211,05/14/25 01:18:10,STABLE BEAMS,6800,86650.367992275,84216.615285194,60.9,HFET
392071:10623,212:212,05/14/25 01:18:33,STABLE BEAMS,6800,86659.708637405,84214.373126148,60.9,HFET
392071:10623,213:213,05/14/25 01:18:56,STABLE BEAMS,6800,86543.632011153,84146.002686142,60.9,HFET
392071:10623,214:214,05/14/25 01:19:20,STABLE BEAMS,6800,86377.823909837,83957.385341757,60.7,HFET
392071:10623,215:215,05/14/25 01:19:43,STABLE BEAMS,6800,86192.644495986,83798.544190890,60.6,HFET
392071:10623,216:216,05/14/25 01:20:06,STABLE BEAMS,6800,86153.143991000,83765.989123028,60.6,HFET
392071:10623,217:217,05/14/25 01:20:30,STABLE BEAMS,6800,86099.391746329,83714.552659430,60.5,HFET
392071:10623,218:218,05/14/25 01:20:53,STABLE BEAMS,6800,86046.676987756,83661.813406282,60.5,HFET
392071:10623,219:219,05/14/25 01:21:16,STABLE BEAMS,6800,85995.339821047,83615.286883248,60.5,HFET
392071:10623,220:220,05/14/25 01:21:40,STABLE BEAMS,6800,85940.490408257,83565.258849690,60.4,HFET
392071:10623,221:221,05/14/25 01:22:03,STABLE BEAMS,6800,85880.649779841,83507.373320122,60.4,HFET
392071:10623,222:222,05/14/25 01:22:26,STABLE BEAMS,6800,85823.654266966,79284.329109088,60.3,HFET
392071:10623,223:223,05/14/25 01:22:49,STABLE BEAMS,6800,85775.181019722,67559.560177697,60.3,HFET
392071:10623,224:224,05/14/25 01:23:13,STABLE BEAMS,6800,85646.938254286,83292.227513312,60.2,HFET
392071:10623,225:225,05/14/25 01:23:36,STABLE BEAMS,6800,85264.933256791,82927.638747576,60.0,HFET
392071:10623,226:226,05/14/25 01:23:59,STABLE BEAMS,6800,85159.255200816,82836.647571399,59.9,HFET
392071:10623,227:227,05/14/25 01:24:23,STABLE BEAMS,6800,85084.854611865,82775.963008707,59.8,HFET
392071:10623,228:228,05/14/25 01:24:46,STABLE BEAMS,6800,85095.074136077,82776.331378375,59.8,HFET
392071:10623,229:229,05/14/25 01:25:09,STABLE BEAMS,6800,85031.681201045,82713.366764800,59.8,HFET
392071:10623,230:230,05/14/25 01:25:33,STABLE BEAMS,6800,84951.551138039,82623.168161549,59.7,HFET
392071:10623,231:231,05/14/25 01:25:56,STABLE BEAMS,6800,84910.064775109,82586.230481909,59.7,HFET
392071:10623,232:232,05/14/25 01:26:19,STABLE BEAMS,6800,84858.068653478,82543.436033378,59.7,HFET
392071:10623,233:233,05/14/25 01:26:43,STABLE BEAMS,6800,84786.572044527,82490.176798211,59.6,HFET
392071:10623,234:234,05/14/25 01:27:06,STABLE BEAMS,6800,84668.079522752,82376.454874149,59.5,HFET
392071:10623,235:235,05/14/25 01:27:29,STABLE BEAMS,6800,84567.521039626,81099.176724431,59.5,HFET
392071:10623,236:236,05/14/25 01:27:53,STABLE BEAMS,6800,84497.331712212,82227.001474984,59.4,HFET
392071:10623,237:237,05/14/25 01:28:16,STABLE BEAMS,6800,84214.328559914,81935.615866398,59.2,HFET
392071:10623,238:238,05/14/25 01:28:39,STABLE BEAMS,6800,84109.618497273,81839.859740212,59.1,HFET
392071:10623,239:239,05/14/25 01:29:02,STABLE BEAMS,6800,84240.326211949,81965.291922842,59.2,HFET
392071:10623,240:240,05/14/25 01:29:26,STABLE BEAMS,6800,84100.097170955,81818.704474657,59.1,HFET
392071:10623,241:241,05/14/25 01:29:49,STABLE BEAMS,6800,83970.068032687,81711.435793850,59.0,HFET
392071:10623,242:242,05/14/25 01:30:12,STABLE BEAMS,6800,83974.858128076,81712.347458365,59.0,HFET
392071:10623,243:243,05/14/25 01:30:36,STABLE BEAMS,6800,84092.782444305,81836.448499457,59.1,HFET
392071:10623,244:244,05/14/25 01:30:59,STABLE BEAMS,6800,84104.947765927,81853.534496495,59.1,HFET
392071:10623,245:245,05/14/25 01:31:22,STABLE BEAMS,6800,84103.939712059,81832.962053749,59.1,HFET
392071:10623,246:246,05/14/25 01:31:46,STABLE BEAMS,6800,84085.246975931,81828.038288656,59.1,HFET
392071:10623,247:247,05/14/25 01:32:09,STABLE BEAMS,6800,84032.483163642,81769.240563446,59.1,HFET
392071:10623,248:248,05/14/25 01:32:32,STABLE BEAMS,6800,83986.106145205,80519.041615863,59.1,HFET
392071:10623,249:249,05/14/25 01:32:56,STABLE BEAMS,6800,83879.859066122,81622.758183450,59.0,HFET
392071:10623,250:250,05/14/25 01:33:19,STABLE BEAMS,6800,83832.573736372,81568.540481041,58.9,HFET
392071:10623,251:251,05/14/25 01:33:42,STABLE BEAMS,6800,83751.565611846,81524.929964305,58.9,HFET
392071:10623,252:252,05/14/25 01:34:06,STABLE BEAMS,6800,83680.682991909,81454.113495918,58.8,HFET
392071:10623,253:253,05/14/25 01:34:29,STABLE BEAMS,6800,83536.501856512,81317.199206556,58.7,HFET
392071:10623,254:254,05/14/25 01:34:52,STABLE BEAMS,6800,83389.785461548,81185.894733711,58.6,HFET
392071:10623,255:255,05/14/25 01:35:15,STABLE BEAMS,6800,83078.035196422,80879.113739452,58.4,HFET
392071:10623,256:256,05/14/25 01:35:39,STABLE BEAMS,6800,82936.319010265,80738.785114708,58.3,HFET
392071:10623,257:257,05/14/25 01:36:02,STABLE BEAMS,6800,83151.562629225,80945.972843652,58.5,HFET
392071:10623,258:258,05/14/25 01:36:25,STABLE BEAMS,6800,83007.831152893,80803.730753307,58.4,HFET
392071:10623,259:259,05/14/25 01:36:49,STABLE BEAMS,6800,82870.730921432,80705.317943470,58.3,HFET
392071:10623,260:260,05/14/25 01:37:12,STABLE BEAMS,6800,82851.773295237,80676.361832039,58.3,HFET
392071:10623,261:261,05/14/25 01:37:35,STABLE BEAMS,6800,83120.993988401,79754.064841298,58.4,HFET
392071:10623,262:262,05/14/25 01:37:59,STABLE BEAMS,6800,83188.264619700,80980.368274191,58.5,HFET
392071:10623,263:263,05/14/25 01:38:22,STABLE BEAMS,6800,83228.763367811,81009.146072576,58.5,HFET
392071:10623,264:264,05/14/25 01:38:45,STABLE BEAMS,6800,83250.464731866,81048.975547994,58.5,HFET
392071:10623,265:265,05/14/25 01:39:09,STABLE BEAMS,6800,83239.052384788,81037.385750406,58.5,HFET
392071:10623,266:266,05/14/25 01:39:32,STABLE BEAMS,6800,83113.779004307,80913.059542200,58.4,HFET
392071:10623,267:267,05/14/25 01:39:55,STABLE BEAMS,6800,83020.899880456,80833.308375624,58.4,HFET
392071:10623,268:268,05/14/25 01:40:18,STABLE BEAMS,6800,83049.911883352,80845.621195307,58.4,HFET
392071:10623,269:269,05/14/25 01:40:42,STABLE BEAMS,6800,82919.997203755,80733.814504058,58.3,HFET
392071:10623,270:270,05/14/25 01:41:05,STABLE BEAMS,6800,82776.130012141,80592.407454789,58.2,HFET
392071:10623,271:271,05/14/25 01:41:29,STABLE BEAMS,6800,82750.196947500,80554.848298292,58.2,HFET
392071:10623,272:272,05/14/25 01:41:52,STABLE BEAMS,6800,82771.579462400,80596.443269238,58.2,HFET
392071:10623,273:273,05/14/25 01:42:15,STABLE BEAMS,6800,82755.901077135,80562.329294281,58.2,HFET
392071:10623,274:274,05/14/25 01:42:38,STABLE BEAMS,6800,82744.852545118,79405.217281770,58.2,HFET
392071:10623,275:275,05/14/25 01:43:02,STABLE BEAMS,6800,82734.149024239,80559.233640229,58.2,HFET
392071:10623,276:276,05/14/25 01:43:25,STABLE BEAMS,6800,82701.354979823,80521.415077666,58.2,HFET
392071:10623,277:277,05/14/25 01:43:48,STABLE BEAMS,6800,82650.527154200,80476.493613979,58.1,HFET
392071:10623,278:278,05/14/25 01:44:12,STABLE BEAMS,6800,82591.819666629,80424.244296410,58.1,HFET
392071:10623,279:279,05/14/25 01:44:35,STABLE BEAMS,6800,82471.161423283,80311.322378897,58.0,HFET
392071:10623,280:280,05/14/25 01:44:58,STABLE BEAMS,6800,82452.997649729,80282.374837012,58.0,HFET
392071:10623,281:281,05/14/25 01:45:22,STABLE BEAMS,6800,82450.876894064,80291.022654960,58.0,HFET
392071:10623,282:282,05/14/25 01:45:45,STABLE BEAMS,6800,82378.377136616,80234.965129704,57.9,HFET
392071:10623,283:283,05/14/25 01:46:08,STABLE BEAMS,6800,82294.535342416,80149.660616559,57.9,HFET
392071:10623,284:284,05/14/25 01:46:31,STABLE BEAMS,6800,82238.686868939,80092.673458564,57.8,HFET
392071:10623,285:285,05/14/25 01:46:55,STABLE BEAMS,6800,82200.109391380,80059.819965977,57.8,HFET
392071:10623,286:286,05/14/25 01:47:18,STABLE BEAMS,6800,82146.191999198,79992.127781151,57.8,HFET
392071:10623,287:287,05/14/25 01:47:41,STABLE BEAMS,6800,82025.389047389,78743.037611805,57.7,HFET
392071:10623,288:288,05/14/25 01:48:05,STABLE BEAMS,6800,81890.464348242,79770.577231299,57.6,HFET
392071:10623,289:289,05/14/25 01:48:28,STABLE BEAMS,6800,81940.329903465,79800.378648557,57.6,HFET
392071:10623,290:290,05/14/25 01:48:51,STABLE BEAMS,6800,81972.046401248,79844.774102851,57.6,HFET
392071:10623,291:291,05/14/25 01:49:15,STABLE BEAMS,6800,81885.070074582,79755.573796003,57.6,HFET
392071:10623,292:292,05/14/25 01:49:38,STABLE BEAMS,6800,81824.831293503,79704.164858962,57.5,HFET
392071:10623,293:293,05/14/25 01:50:01,STABLE BEAMS,6800,81880.215391800,79758.103496192,57.6,HFET
392071:10623,294:294,05/14/25 01:50:25,STABLE BEAMS,6800,81831.468261307,79712.370485369,57.5,HFET
392071:10623,295:295,05/14/25 01:50:48,STABLE BEAMS,6800,81774.691855031,79661.208752649,57.5,HFET
392071:10623,296:296,05/14/25 01:51:11,STABLE BEAMS,6800,82496.994745368,80334.443736194,58.0,HFET
392071:10623,297:297,05/14/25 01:51:35,STABLE BEAMS,6800,82689.458636078,80383.832562325,58.1,HFET
392071:10623,298:298,05/14/25 01:51:58,STABLE BEAMS,6800,82622.433273360,80450.949911974,58.1,HFET
392071:10623,299:299,05/14/25 01:52:21,STABLE BEAMS,6800,82588.386724056,80400.209854159,58.1,HFET
392071:10623,300:300,05/14/25 01:52:44,STABLE BEAMS,6800,82558.955311886,79224.877684591,58.1,HFET
392071:10623,301:301,05/14/25 01:53:08,STABLE BEAMS,6800,82526.220949491,80350.774159095,58.0,HFET
392071:10623,302:302,05/14/25 01:53:31,STABLE BEAMS,6800,82463.411753682,80286.924968310,58.0,HFET
392071:10623,303:303,05/14/25 01:53:54,STABLE BEAMS,6800,82432.588851096,80272.315304065,58.0,HFET
392071:10623,304:304,05/14/25 01:54:18,STABLE BEAMS,6800,82550.621903062,80380.636868801,58.0,HFET
392071:10623,305:305,05/14/25 01:54:41,STABLE BEAMS,6800,82518.391158821,80352.272234415,58.0,HFET
392071:10623,306:306,05/14/25 01:55:04,STABLE BEAMS,6800,82486.280596184,80327.244780997,58.0,HFET
392071:10623,307:307,05/14/25 01:55:28,STABLE BEAMS,6800,82369.479610056,80214.901924023,57.9,HFET
392071:10623,308:308,05/14/25 01:55:51,STABLE BEAMS,6800,82248.462457019,80103.484357635,57.8,HFET
392071:10623,309:309,05/14/25 01:56:14,STABLE BEAMS,6800,82251.641137830,80103.044915952,57.8,HFET
392071:10623,310:310,05/14/25 01:56:38,STABLE BEAMS,6800,82205.693339410,80059.399228684,57.8,HFET
392071:10623,311:311,05/14/25 01:57:01,STABLE BEAMS,6800,82075.184292285,79941.299477988,57.7,HFET
392071:10623,312:312,05/14/25 01:57:24,STABLE BEAMS,6800,82018.393169894,79871.923511804,57.7,HFET
392071:10623,313:313,05/14/25 01:57:48,STABLE BEAMS,6800,82193.058737236,78905.052312097,57.8,HFET
392071:10623,314:314,05/14/25 01:58:11,STABLE BEAMS,6800,82659.309404527,80463.563818187,58.1,HFET
392071:10623,315:315,05/14/25 01:58:34,STABLE BEAMS,6800,82619.758210702,47689.456187100,58.1,HFET
392071:10623,316:316,05/14/25 01:58:57,STABLE BEAMS,6800,82569.454442281,80405.641185236,58.1,HFET
392071:10623,317:317,05/14/25 01:59:21,STABLE BEAMS,6800,82447.937758901,80299.251120370,58.0,HFET
392071:10623,318:318,05/14/25 01:59:44,STABLE BEAMS,6800,82300.258275975,80157.047885478,57.9,HFET
392071:10623,319:319,05/14/25 02:00:07,STABLE BEAMS,6800,82317.783533656,80175.737598829,57.9,HFET
392071:10623,320:320,05/14/25 02:00:31,STABLE BEAMS,6800,82302.110053762,80143.176090046,57.9,HFET
392071:10623,321:321,05/14/25 02:00:54,STABLE BEAMS,6800,82155.504029660,80013.587874372,57.8,HFET
392071:10623,322:322,05/14/25 02:01:17,STABLE BEAMS,6800,82109.530886820,79944.821481358,57.7,HFET
392071:10623,323:323,05/14/25 02:01:41,STABLE BEAMS,6800,82297.130284004,80147.209047541,57.9,HFET
392071:10623,324:324,05/14/25 02:02:04,STABLE BEAMS,6800,82259.350746896,80098.127150482,57.8,HFET
392071:10623,325:325,05/14/25 02:02:27,STABLE BEAMS,6800,82249.540003652,80087.248971355,57.8,HFET
392071:10623,326:326,05/14/25 02:02:51,STABLE BEAMS,6800,82216.396860289,78909.920770956,57.8,HFET
392071:10623,327:327,05/14/25 02:03:14,STABLE BEAMS,6800,82192.758692005,80044.541832702,57.8,HFET
392071:10623,328:328,05/14/25 02:03:37,STABLE BEAMS,6800,82098.672846734,79951.775631256,57.7,HFET
392071:10623,329:329,05/14/25 02:04:00,STABLE BEAMS,6800,82046.821433567,79908.158448253,57.7,HFET
392071:10623,330:330,05/14/25 02:04:24,STABLE BEAMS,6800,81995.055046841,79870.314118797,57.7,HFET
392071:10623,331:331,05/14/25 02:04:47,STABLE BEAMS,6800,82621.076120544,80473.683256735,58.1,HFET
392071:10623,332:332,05/14/25 02:05:10,STABLE BEAMS,6800,82620.287173275,80450.344505690,58.1,HFET
392071:10623,333:333,05/14/25 02:05:34,STABLE BEAMS,6800,82572.872668739,80386.022741585,58.1,HFET
392071:10623,334:334,05/14/25 02:05:57,STABLE BEAMS,6800,82527.373711822,80368.816708630,58.0,HFET
392071:10623,335:335,05/14/25 02:06:20,STABLE BEAMS,6800,82377.553851746,80223.937245948,57.9,HFET
392071:10623,336:336,05/14/25 02:06:44,STABLE BEAMS,6800,82222.389589287,80085.298284261,57.8,HFET
392071:10623,337:337,05/14/25 02:07:07,STABLE BEAMS,6800,81983.523335720,79846.000872966,57.6,HFET
392071:10623,338:338,05/14/25 02:07:30,STABLE BEAMS,6800,81864.077536726,79732.872872667,57.6,HFET
392071:10623,339:339,05/14/25 02:07:54,STABLE BEAMS,6800,81767.051738730,78513.828234823,57.5,HFET
392071:10623,340:340,05/14/25 02:08:17,STABLE BEAMS,6800,81865.415068055,79742.246219888,57.6,HFET
392071:10623,341:341,05/14/25 02:08:40,STABLE BEAMS,6800,81906.487744645,79779.780024139,57.6,HFET
392071:10623,342:342,05/14/25 02:09:04,STABLE BEAMS,6800,81837.196100238,79711.063961503,57.5,HFET
392071:10623,343:343,05/14/25 02:09:27,STABLE BEAMS,6800,81787.800643129,79666.980322997,57.5,HFET
392071:10623,344:344,05/14/25 02:09:50,STABLE BEAMS,6800,81753.663753231,79655.054865004,57.5,HFET
392071:10623,345:345,05/14/25 02:10:13,STABLE BEAMS,6800,81652.376740663,79531.126518032,57.4,HFET
392071:10623,346:346,05/14/25 02:10:37,STABLE BEAMS,6800,81451.738702195,79349.728798950,57.3,HFET
392071:10623,347:347,05/14/25 02:11:00,STABLE BEAMS,6800,81392.617119503,79298.234016321,57.2,HFET
392071:10623,348:348,05/14/25 02:11:23,STABLE BEAMS,6800,81609.692240714,79494.303966749,57.4,HFET
392071:10623,349:349,05/14/25 02:11:47,STABLE BEAMS,6800,81786.098479176,79649.319595965,57.5,HFET
392071:10623,350:350,05/14/25 02:12:10,STABLE BEAMS,6800,81750.125835705,79633.582173393,57.5,HFET
392071:10623,351:351,05/14/25 02:12:33,STABLE BEAMS,6800,81693.843645620,78430.608713062,57.4,HFET
392071:10623,352:352,05/14/25 02:12:57,STABLE BEAMS,6800,81594.308014234,79450.164253471,57.4,HFET
392071:10623,353:353,05/14/25 02:13:20,STABLE BEAMS,6800,81530.111661086,79410.669040125,57.3,HFET
392071:10623,354:354,05/14/25 02:13:43,STABLE BEAMS,6800,81298.480748905,79207.360388560,57.2,HFET
392071:10623,355:355,05/14/25 02:14:07,STABLE BEAMS,6800,81233.875206008,79147.329011457,57.1,HFET
392071:10623,356:356,05/14/25 02:14:30,STABLE BEAMS,6800,80871.516221859,78802.383728832,56.9,HFET
392071:10623,357:357,05/14/25 02:14:53,STABLE BEAMS,6800,80980.168568160,78913.601076036,56.9,HFET
392071:10623,358:358,05/14/25 02:15:16,STABLE BEAMS,6800,81219.743566171,79123.269591400,57.1,HFET
392071:10623,359:359,05/14/25 02:15:40,STABLE BEAMS,6800,81207.792445776,79129.041213589,57.1,HFET
392071:10623,360:360,05/14/25 02:16:03,STABLE BEAMS,6800,81151.919445441,79071.845870574,57.1,HFET
392071:10623,361:361,05/14/25 02:16:26,STABLE BEAMS,6800,81080.033431739,79000.841013565,57.0,HFET
392071:10623,362:362,05/14/25 02:16:50,STABLE BEAMS,6800,81032.708286723,78963.371104623,57.0,HFET
392071:10623,363:363,05/14/25 02:17:13,STABLE BEAMS,6800,81258.181485907,79171.915160655,57.1,HFET
392071:10623,364:364,05/14/25 02:17:36,STABLE BEAMS,6800,81307.432806846,78073.099892137,57.2,HFET
392071:10623,365:365,05/14/25 02:18:00,STABLE BEAMS,6800,81376.828772157,79282.463594091,57.2,HFET
392071:10623,366:366,05/14/25 02:18:23,STABLE BEAMS,6800,81336.444727986,42139.415235439,57.2,HFET
392071:10623,367:367,05/14/25 02:18:46,STABLE BEAMS,6800,80998.920986309,78928.261702853,57.0,HFET
392071:10623,368:368,05/14/25 02:19:10,STABLE BEAMS,6800,81386.364651078,79277.452685011,57.2,HFET
392071:10623,369:369,05/14/25 02:19:33,STABLE BEAMS,6800,81545.810240132,79427.656742740,57.3,HFET
392071:10623,370:370,05/14/25 02:19:56,STABLE BEAMS,6800,81494.882263172,79393.771168493,57.3,HFET
392071:10623,371:371,05/14/25 02:20:20,STABLE BEAMS,6800,81436.883438288,79342.922450052,57.3,HFET
392071:10623,372:372,05/14/25 02:20:43,STABLE BEAMS,6800,81460.945267168,79329.233225715,57.3,HFET
392071:10623,373:373,05/14/25 02:21:06,STABLE BEAMS,6800,81440.630978695,79332.319916328,57.3,HFET
392071:10623,374:374,05/14/25 02:21:29,STABLE BEAMS,6800,81438.415385845,79341.928342116,57.3,HFET
392071:10623,375:375,05/14/25 02:21:53,STABLE BEAMS,6800,81388.385664186,79293.836750262,57.2,HFET
392071:10623,376:376,05/14/25 02:22:16,STABLE BEAMS,6800,81306.809088845,79225.979846657,57.2,HFET
392071:10623,377:377,05/14/25 02:22:39,STABLE BEAMS,6800,81237.243479432,79148.930554876,57.1,HFET
392071:10623,378:378,05/14/25 02:23:03,STABLE BEAMS,6800,81147.797706935,77951.311778057,57.1,HFET
392071:10623,379:379,05/14/25 02:23:26,STABLE BEAMS,6800,81024.908909356,78940.129333453,57.0,HFET
392071:10623,380:380,05/14/25 02:23:49,STABLE BEAMS,6800,80872.673889562,78810.364256251,56.9,HFET
392071:10623,381:381,05/14/25 02:24:13,STABLE BEAMS,6800,80921.511033624,78838.454517527,56.9,HFET
392071:10623,382:382,05/14/25 02:24:36,STABLE BEAMS,6800,80822.314853954,78769.034258017,56.8,HFET
392071:10623,383:383,05/14/25 02:24:59,STABLE BEAMS,6800,80646.297447949,78604.462158062,56.7,HFET
392071:10623,384:384,05/14/25 02:25:23,STABLE BEAMS,6800,80626.666804768,78571.808374620,56.7,HFET
392071:10623,385:385,05/14/25 02:25:46,STABLE BEAMS,6800,80853.113066170,78791.260381767,56.9,HFET
392071:10623,386:386,05/14/25 02:26:09,STABLE BEAMS,6800,81303.091552961,79231.243879019,57.2,HFET
392071:10623,387:387,05/14/25 02:26:33,STABLE BEAMS,6800,81252.697525702,79163.835984641,57.1,HFET
392071:10623,388:388,05/14/25 02:26:56,STABLE BEAMS,6800,81234.249485863,79155.784251503,57.1,HFET
392071:10623,389:389,05/14/25 02:27:19,STABLE BEAMS,6800,81118.316750512,79030.035025150,57.0,HFET
392071:10623,390:390,05/14/25 02:27:43,STABLE BEAMS,6800,81012.393998250,78937.649089277,57.0,HFET
392071:10623,391:391,05/14/25 02:28:06,STABLE BEAMS,6800,81100.592252987,77889.133289178,57.0,HFET
392071:10623,392:392,05/14/25 02:28:29,STABLE BEAMS,6800,81094.220011738,79015.288992988,57.0,HFET
392071:10623,393:393,05/14/25 02:28:52,STABLE BEAMS,6800,80926.870315633,78852.240025720,56.9,HFET
392071:10623,394:394,05/14/25 02:29:16,STABLE BEAMS,6800,80843.886552686,78761.156895888,56.8,HFET
392071:10623,395:395,05/14/25 02:29:39,STABLE BEAMS,6800,80999.429918615,78803.885007561,57.0,HFET
392071:10623,396:396,05/14/25 02:30:02,STABLE BEAMS,6800,80962.129718070,78892.812256694,56.9,HFET
392071:10623,397:397,05/14/25 02:30:26,STABLE BEAMS,6800,80939.480063924,78864.899343738,56.9,HFET
392071:10623,398:398,05/14/25 02:30:49,STABLE BEAMS,6800,80865.742762972,78795.976847557,56.9,HFET
392071:10623,399:399,05/14/25 02:31:12,STABLE BEAMS,6800,80804.310913758,78721.707995996,56.8,HFET
392071:10623,400:400,05/14/25 02:31:36,STABLE BEAMS,6800,80812.838820567,78748.957354031,56.8,HFET
392071:10623,401:401,05/14/25 02:31:59,STABLE BEAMS,6800,80824.879709263,78764.748001675,56.8,HFET
392071:10623,402:402,05/14/25 02:32:22,STABLE BEAMS,6800,80802.424634857,78726.510967086,56.8,HFET
392071:10623,403:403,05/14/25 02:32:46,STABLE BEAMS,6800,81388.824776702,79295.149437697,57.2,HFET
392071:10623,404:404,05/14/25 02:33:09,STABLE BEAMS,6800,81361.584348767,78080.024914841,57.2,HFET
392071:10623,405:405,05/14/25 02:33:32,STABLE BEAMS,6800,81310.826015910,79216.437045827,57.2,HFET
392071:10623,406:406,05/14/25 02:33:55,STABLE BEAMS,6800,81264.578662795,79183.688126847,57.1,HFET
392071:10623,407:407,05/14/25 02:34:19,STABLE BEAMS,6800,81174.968233324,79082.157210379,57.1,HFET
392071:10623,408:408,05/14/25 02:34:42,STABLE BEAMS,6800,81095.487478009,79013.326193019,57.0,HFET
392071:10623,409:409,05/14/25 02:35:05,STABLE BEAMS,6800,80986.455946481,78918.916438789,56.9,HFET
392071:10623,410:410,05/14/25 02:35:29,STABLE BEAMS,6800,80769.360876758,78700.504307981,56.8,HFET
392071:10623,411:411,05/14/25 02:35:52,STABLE BEAMS,6800,80630.579002149,78589.007710466,56.7,HFET
392071:10623,412:412,05/14/25 02:36:15,STABLE BEAMS,6800,80612.225717738,78556.757548432,56.7,HFET
392071:10623,413:413,05/14/25 02:36:39,STABLE BEAMS,6800,80569.735879286,78524.788298626,56.7,HFET
392071:10623,414:414,05/14/25 02:37:02,STABLE BEAMS,6800,80466.847017615,78429.543731559,56.6,HFET
392071:10623,415:415,05/14/25 02:37:25,STABLE BEAMS,6800,80342.366426945,78296.074208749,56.5,HFET
392071:10623,416:416,05/14/25 02:37:49,STABLE BEAMS,6800,80461.847054077,77291.364310696,56.6,HFET
392071:10623,417:417,05/14/25 02:38:12,STABLE BEAMS,6800,80443.074687417,78380.863246667,56.6,HFET
392071:10623,418:418,05/14/25 02:38:35,STABLE BEAMS,6800,80507.335873226,78462.805263710,56.6,HFET
392071:10623,419:419,05/14/25 02:38:58,STABLE BEAMS,6800,80434.027792291,78397.809387498,56.6,HFET
392071:10623,420:420,05/14/25 02:39:22,STABLE BEAMS,6800,80947.773412213,78878.381865132,56.9,HFET
392071:10623,421:421,05/14/25 02:39:45,STABLE BEAMS,6800,81052.877866733,78980.678143187,57.0,HFET
392071:10623,422:422,05/14/25 02:40:08,STABLE BEAMS,6800,80955.318364305,78882.118412905,56.9,HFET
392071:10623,423:423,05/14/25 02:40:32,STABLE BEAMS,6800,80871.775716018,78798.948871185,56.9,HFET
392071:10623,424:424,05/14/25 02:40:55,STABLE BEAMS,6800,80820.453510692,78753.622694054,56.8,HFET
392071:10623,425:425,05/14/25 02:41:18,STABLE BEAMS,6800,80756.062577803,78691.031866393,56.8,HFET
392071:10623,426:426,05/14/25 02:41:42,STABLE BEAMS,6800,80878.971323894,78816.274373592,56.9,HFET
392071:10623,427:427,05/14/25 02:42:05,STABLE BEAMS,6800,80844.031342905,78774.487886045,56.8,HFET
392071:10623,428:428,05/14/25 02:42:28,STABLE BEAMS,6800,80901.760617619,78836.298646950,56.9,HFET
392071:10623,429:429,05/14/25 02:42:52,STABLE BEAMS,6800,80852.639043759,77665.864956486,56.9,HFET
392071:10623,430:430,05/14/25 02:43:15,STABLE BEAMS,6800,80762.629398794,78572.914036987,56.8,HFET
392071:10623,431:431,05/14/25 02:43:38,STABLE BEAMS,6800,80332.755659351,78289.099778409,56.5,HFET
392071:10623,432:432,05/14/25 02:44:02,STABLE BEAMS,6800,80001.818768932,77982.718722520,56.3,HFET
392071:10623,433:433,05/14/25 02:44:25,STABLE BEAMS,6800,79577.898106733,77578.909654014,56.0,HFET
392071:10623,434:434,05/14/25 02:44:48,STABLE BEAMS,6800,79272.265494069,77310.403623953,55.7,HFET
392071:10623,435:435,05/14/25 02:45:11,STABLE BEAMS,6800,79486.551175708,77499.060015057,55.9,HFET
392071:10623,436:436,05/14/25 02:45:35,STABLE BEAMS,6800,79300.763414019,77322.106156896,55.8,HFET
392071:10623,437:437,05/14/25 02:45:58,STABLE BEAMS,6800,79126.687145322,77150.875148794,55.6,HFET
392071:10623,438:438,05/14/25 02:46:21,STABLE BEAMS,6800,79170.354681744,77191.946515996,55.7,HFET
392071:10623,439:439,05/14/25 02:46:45,STABLE BEAMS,6800,78941.468243229,76988.257867935,55.5,HFET
392071:10623,440:440,05/14/25 02:47:08,STABLE BEAMS,6800,78733.699593059,76780.086013249,55.4,HFET
392071:10623,441:441,05/14/25 02:47:31,STABLE BEAMS,6800,78662.626971728,76702.856009961,55.3,HFET
392071:10623,442:442,05/14/25 02:47:55,STABLE BEAMS,6800,78646.903457043,75602.736868264,55.3,HFET
392071:10623,443:443,05/14/25 02:48:18,STABLE BEAMS,6800,78618.230905864,76681.762476858,55.3,HFET
392071:10623,444:444,05/14/25 02:48:41,STABLE BEAMS,6800,78563.211113166,76620.433579995,55.2,HFET
392071:10623,445:445,05/14/25 02:49:05,STABLE BEAMS,6800,78552.173291211,76618.657561510,55.2,HFET
392071:10623,446:446,05/14/25 02:49:28,STABLE BEAMS,6800,78527.313031343,76581.964551475,55.2,HFET
392071:10623,447:447,05/14/25 02:49:51,STABLE BEAMS,6800,78501.888980764,76571.436688341,55.2,HFET
392071:10623,448:448,05/14/25 02:50:14,STABLE BEAMS,6800,78509.403928332,76560.803160747,55.2,HFET
392071:10623,449:449,05/14/25 02:50:38,STABLE BEAMS,6800,78471.454992391,76539.497100734,55.2,HFET
392071:10623,450:450,05/14/25 02:51:01,STABLE BEAMS,6800,78376.270670902,76454.629588528,55.1,HFET
392071:10623,451:451,05/14/25 02:51:24,STABLE BEAMS,6800,78320.662151853,76390.604304398,55.1,HFET
392071:10623,452:452,05/14/25 02:51:48,STABLE BEAMS,6800,78751.089707752,76803.571983234,55.4,HFET
392071:10623,453:453,05/14/25 02:52:11,STABLE BEAMS,6800,78907.910514207,76945.498642102,55.5,HFET
392071:10623,454:454,05/14/25 02:52:34,STABLE BEAMS,6800,78918.349553800,76945.611723199,55.5,HFET
392071:10623,455:455,05/14/25 02:52:58,STABLE BEAMS,6800,79074.451805069,76006.565355387,55.6,HFET
392071:10623,456:456,05/14/25 02:53:21,STABLE BEAMS,6800,79204.471296106,77222.249657076,55.7,HFET
392071:10623,457:457,05/14/25 02:53:44,STABLE BEAMS,6800,79167.036361354,77154.919903494,55.7,HFET
392071:10623,458:458,05/14/25 02:54:08,STABLE BEAMS,6800,79152.026414728,77178.077274922,55.7,HFET
392071:10623,459:459,05/14/25 02:54:31,STABLE BEAMS,6800,79349.660403615,77178.470738460,55.8,HFET
392071:10623,460:460,05/14/25 02:54:54,STABLE BEAMS,6800,79391.072450166,77411.113605230,55.8,HFET
392071:10623,461:461,05/14/25 02:55:18,STABLE BEAMS,6800,79431.646168706,77431.219479500,55.9,HFET
392071:10623,462:462,05/14/25 02:55:41,STABLE BEAMS,6800,79409.740005385,77420.690698169,55.8,HFET
392071:10623,463:463,05/14/25 02:56:04,STABLE BEAMS,6800,79422.489475012,77439.074790483,55.8,HFET
392071:10623,464:464,05/14/25 02:56:27,STABLE BEAMS,6800,79431.376700291,77430.533650617,55.9,HFET
392071:10623,465:465,05/14/25 02:56:51,STABLE BEAMS,6800,79401.945696903,77417.718745515,55.8,HFET
392071:10623,466:466,05/14/25 02:57:14,STABLE BEAMS,6800,79260.543945066,77282.952221563,55.7,HFET
392071:10623,467:467,05/14/25 02:57:37,STABLE BEAMS,6800,79356.721277284,77371.104392534,55.8,HFET
392071:10623,468:468,05/14/25 02:58:01,STABLE BEAMS,6800,79715.088270007,76611.903210869,56.1,HFET
392071:10623,469:469,05/14/25 02:58:24,STABLE BEAMS,6800,79780.472213624,77775.654630159,56.1,HFET
392071:10623,470:470,05/14/25 02:58:47,STABLE BEAMS,6800,79892.582601651,77890.613326973,56.2,HFET
392071:10623,471:471,05/14/25 02:59:11,STABLE BEAMS,6800,79908.695357574,77891.351255360,56.2,HFET
392071:10623,472:472,05/14/25 02:59:34,STABLE BEAMS,6800,80326.947290570,78277.736538945,56.5,HFET
392071:10623,473:473,05/14/25 02:59:57,STABLE BEAMS,6800,80490.095454124,78447.203869016,56.6,HFET
392071:10623,474:474,05/14/25 03:00:21,STABLE BEAMS,6800,80484.022604056,78437.847791951,56.6,HFET
392071:10623,475:475,05/14/25 03:00:44,STABLE BEAMS,6800,80444.611540347,78400.346571959,56.6,HFET
392071:10623,476:476,05/14/25 03:01:07,STABLE BEAMS,6800,80481.672358756,78438.137226335,56.6,HFET
392071:10623,477:477,05/14/25 03:01:31,STABLE BEAMS,6800,80458.778171834,78399.131513794,56.6,HFET
392071:10623,478:478,05/14/25 03:01:54,STABLE BEAMS,6800,80427.475932684,78387.359848820,56.6,HFET
392071:10623,479:479,05/14/25 03:02:17,STABLE BEAMS,6800,80354.382380002,78317.139651821,56.5,HFET
392071:10623,480:480,05/14/25 03:02:40,STABLE BEAMS,6800,80237.351822482,78214.379978305,56.4,HFET
392071:10623,481:481,05/14/25 03:03:04,STABLE BEAMS,6800,80238.923667062,77095.589532932,56.4,HFET
392071:10623,482:482,05/14/25 03:03:27,STABLE BEAMS,6800,80245.740007956,78210.499875880,56.4,HFET
392071:10623,483:483,05/14/25 03:03:50,STABLE BEAMS,6800,80221.738106366,78204.312225903,56.4,HFET
392071:10623,484:484,05/14/25 03:04:14,STABLE BEAMS,6800,79953.530535954,77927.970771250,56.2,HFET
392071:10623,485:485,05/14/25 03:04:37,STABLE BEAMS,6800,79678.336898791,77689.028792938,56.0,HFET
392071:10623,486:486,05/14/25 03:05:00,STABLE BEAMS,6800,79532.638777220,77529.961535579,55.9,HFET
392071:10623,487:487,05/14/25 03:05:24,STABLE BEAMS,6800,79352.384928770,77365.173976664,55.8,HFET
392071:10623,488:488,05/14/25 03:05:47,STABLE BEAMS,6800,79250.005081162,77278.322712146,55.7,HFET
392071:10623,489:489,05/14/25 03:06:10,STABLE BEAMS,6800,79360.364006250,77377.036032290,55.8,HFET
392071:10623,490:490,05/14/25 03:06:34,STABLE BEAMS,6800,79727.573258347,77708.839547272,56.1,HFET
392071:10623,491:491,05/14/25 03:06:57,STABLE BEAMS,6800,79634.185365702,77633.471485862,56.0,HFET
392071:10623,492:492,05/14/25 03:07:20,STABLE BEAMS,6800,79623.741257226,77620.302051505,56.0,HFET
392071:10623,493:493,05/14/25 03:07:43,STABLE BEAMS,6800,79589.085706035,77593.160061924,56.0,HFET
392071:10623,494:494,05/14/25 03:08:07,STABLE BEAMS,6800,79367.409836780,76278.434960356,55.8,HFET
392071:10623,495:495,05/14/25 03:08:30,STABLE BEAMS,6800,79223.807535234,77245.718726685,55.7,HFET
392071:10623,496:496,05/14/25 03:08:53,STABLE BEAMS,6800,79324.455950172,77334.762255658,55.8,HFET
392071:10623,497:497,05/14/25 03:09:17,STABLE BEAMS,6800,78976.627821354,77008.693856130,55.5,HFET
392071:10623,498:498,05/14/25 03:09:40,STABLE BEAMS,6800,78911.358581677,76951.454339695,55.5,HFET
392071:10623,499:499,05/14/25 03:10:03,STABLE BEAMS,6800,78996.722594447,77045.523785324,55.5,HFET
392071:10623,500:500,05/14/25 03:10:27,STABLE BEAMS,6800,79009.516948224,77037.609228252,55.6,HFET
392071:10623,501:501,05/14/25 03:10:50,STABLE BEAMS,6800,78962.840456849,77014.894601251,55.5,HFET
392071:10623,502:502,05/14/25 03:11:13,STABLE BEAMS,6800,78848.299947721,76889.420680348,55.4,HFET
392071:10623,503:503,05/14/25 03:11:37,STABLE BEAMS,6800,78766.613573811,76822.070520336,55.4,HFET
392071:10623,504:504,05/14/25 03:12:00,STABLE BEAMS,6800,78504.169406275,76573.503108712,55.2,HFET
392071:10623,505:505,05/14/25 03:12:23,STABLE BEAMS,6800,77859.610851456,75949.200840627,54.7,HFET
392071:10623,506:506,05/14/25 03:12:47,STABLE BEAMS,6800,77422.297053118,75500.390253930,54.4,HFET
392071:10623,507:507,05/14/25 03:13:10,STABLE BEAMS,6800,76904.095311858,73971.468255991,54.1,HFET
392071:10623,508:508,05/14/25 03:13:33,STABLE BEAMS,6800,76962.797730546,75110.552032985,54.1,HFET
392071:10623,509:509,05/14/25 03:13:56,STABLE BEAMS,6800,77023.286522065,75176.190702863,54.2,HFET
392071:10623,510:510,05/14/25 03:14:20,STABLE BEAMS,6800,77036.739585494,75169.991906204,54.2,HFET
392071:10623,511:511,05/14/25 03:14:43,STABLE BEAMS,6800,76866.316020019,75009.942157547,54.1,HFET
392071:10623,512:512,05/14/25 03:15:06,STABLE BEAMS,6800,76588.098466519,74756.891514994,53.9,HFET
392071:10623,513:513,05/14/25 03:15:30,STABLE BEAMS,6800,76521.746447813,74681.783487867,53.8,HFET
392071:10623,514:514,05/14/25 03:15:53,STABLE BEAMS,6800,77477.835834134,75596.364533605,54.5,HFET
392071:10623,515:515,05/14/25 03:16:16,STABLE BEAMS,6800,77639.197461343,75748.926347696,54.6,HFET
392071:10623,516:516,05/14/25 03:16:40,STABLE BEAMS,6800,77970.189291925,76060.113589524,54.8,HFET
392071:10623,517:517,05/14/25 03:17:03,STABLE BEAMS,6800,78177.838251027,76260.060515294,55.0,HFET
392071:10623,518:518,05/14/25 03:17:26,STABLE BEAMS,6800,78422.268504113,76490.693054525,55.1,HFET
392071:10623,519:519,05/14/25 03:17:50,STABLE BEAMS,6800,78632.791765718,76691.580693504,55.3,HFET
392071:10623,520:520,05/14/25 03:18:13,STABLE BEAMS,6800,78723.155660270,75665.722823661,55.4,HFET
392071:10623,521:521,05/14/25 03:18:36,STABLE BEAMS,6800,78827.396851140,76880.941666507,55.4,HFET
392071:10623,522:522,05/14/25 03:19:00,STABLE BEAMS,6800,78827.536572475,76885.978606290,55.4,HFET
392071:10623,523:523,05/14/25 03:19:23,STABLE BEAMS,6800,78901.343693217,76935.077700134,55.5,HFET
392071:10623,524:524,05/14/25 03:19:46,STABLE BEAMS,6800,78814.362951716,76872.325850776,55.4,HFET
392071:10623,525:525,05/14/25 03:20:09,STABLE BEAMS,6800,78743.310278897,76794.114148538,55.4,HFET
392071:10623,526:526,05/14/25 03:20:33,STABLE BEAMS,6800,78764.702441027,76811.384417688,55.4,HFET
392071:10623,527:527,05/14/25 03:20:56,STABLE BEAMS,6800,78789.602516161,76850.033473933,55.4,HFET
392071:10623,528:528,05/14/25 03:21:19,STABLE BEAMS,6800,78744.847213582,76786.662426446,55.4,HFET
392071:10623,529:529,05/14/25 03:21:43,STABLE BEAMS,6800,78679.667823961,76741.885294133,55.3,HFET
392071:10623,530:530,05/14/25 03:22:06,STABLE BEAMS,6800,78582.228012601,76637.803978951,55.3,HFET
392071:10623,531:531,05/14/25 03:22:29,STABLE BEAMS,6800,78530.656369128,76591.068005106,55.2,HFET
392071:10623,532:532,05/14/25 03:22:53,STABLE BEAMS,6800,78540.746146261,76615.458355340,55.2,HFET
392071:10623,533:533,05/14/25 03:23:16,STABLE BEAMS,6800,78505.057687319,75448.464286829,55.2,HFET
392071:10623,534:534,05/14/25 03:23:39,STABLE BEAMS,6800,78455.382215247,76528.816229103,55.2,HFET
392071:10623,535:535,05/14/25 03:24:03,STABLE BEAMS,6800,78339.808716612,76413.102711984,55.1,HFET
392071:10623,536:536,05/14/25 03:24:26,STABLE BEAMS,6800,78197.404061547,76278.450713513,55.0,HFET
392071:10623,537:537,05/14/25 03:24:49,STABLE BEAMS,6800,78139.130862877,76220.964078679,54.9,HFET
392071:10623,538:538,05/14/25 03:25:12,STABLE BEAMS,6800,78068.173027242,76164.862514055,54.9,HFET
392071:10623,539:539,05/14/25 03:25:36,STABLE BEAMS,6800,77851.771577067,75965.893306388,54.7,HFET
392071:10623,540:540,05/14/25 03:25:59,STABLE BEAMS,6800,77748.842818374,75851.901718311,54.7,HFET
392071:10623,541:541,05/14/25 03:26:22,STABLE BEAMS,6800,77977.369938417,76057.680648977,54.8,HFET
392071:10623,542:542,05/14/25 03:26:46,STABLE BEAMS,6800,77922.923992443,76027.558005174,54.8,HFET
392071:10623,543:543,05/14/25 03:27:09,STABLE BEAMS,6800,77931.930990546,76032.122937394,54.8,HFET
392071:10623,544:544,05/14/25 03:27:32,STABLE BEAMS,6800,77900.414141388,75983.282791527,54.8,HFET
392071:10623,545:545,05/14/25 03:27:56,STABLE BEAMS,6800,77826.766690493,75049.424078361,54.7,HFET
392071:10623,546:546,05/14/25 03:28:19,STABLE BEAMS,6800,77856.966202102,75860.072047279,54.7,HFET
392071:10623,547:547,05/14/25 03:28:42,STABLE BEAMS,6800,77861.926268617,75958.646801880,54.8,HFET
392071:10623,548:548,05/14/25 03:29:06,STABLE BEAMS,6800,77840.214766794,75957.524192410,54.7,HFET
392071:10623,549:549,05/14/25 03:29:29,STABLE BEAMS,6800,77809.581129796,75901.395807943,54.7,HFET
392071:10623,550:550,05/14/25 03:29:52,STABLE BEAMS,6800,77739.780961864,75853.193590017,54.7,HFET
392071:10623,551:551,05/14/25 03:30:16,STABLE BEAMS,6800,77688.618508141,75809.886261207,54.6,HFET
392071:10623,552:552,05/14/25 03:30:39,STABLE BEAMS,6800,77660.849117633,75788.004225070,54.6,HFET
392071:10623,553:553,05/14/25 03:31:02,STABLE BEAMS,6800,77597.421190950,75718.758105858,54.6,HFET
392071:10623,554:554,05/14/25 03:31:25,STABLE BEAMS,6800,77530.944412292,75647.693575109,54.5,HFET
392071:10623,555:555,05/14/25 03:31:49,STABLE BEAMS,6800,77503.105201994,75619.772258786,54.5,HFET
392071:10623,556:556,05/14/25 03:32:12,STABLE BEAMS,6800,77444.138302021,75558.342618666,54.5,HFET
392071:10623,557:557,05/14/25 03:32:35,STABLE BEAMS,6800,77345.186573370,75474.211460252,54.4,HFET
392071:10623,558:558,05/14/25 03:32:59,STABLE BEAMS,6800,77234.588184390,74270.467627925,54.3,HFET
392071:10623,559:559,05/14/25 03:33:22,STABLE BEAMS,6800,77272.651906027,75404.164873882,54.3,HFET
392071:10623,560:560,05/14/25 03:33:45,STABLE BEAMS,6800,77261.179876927,75387.341202579,54.3,HFET
392071:10623,561:561,05/14/25 03:34:09,STABLE BEAMS,6800,77138.660372075,75292.448737081,54.2,HFET
392071:10623,562:562,05/14/25 03:34:32,STABLE BEAMS,6800,77135.501721532,75275.904961087,54.2,HFET
392071:10623,563:563,05/14/25 03:34:55,STABLE BEAMS,6800,77180.815909451,75325.411909637,54.3,HFET
392071:10623,564:564,05/14/25 03:35:19,STABLE BEAMS,6800,77119.738309825,75258.250662501,54.2,HFET
392071:10623,565:565,05/14/25 03:35:42,STABLE BEAMS,6800,77048.186597199,75203.382578632,54.2,HFET
392071:10623,566:566,05/14/25 03:36:05,STABLE BEAMS,6800,76989.569123197,75136.616170405,54.1,HFET
392071:10623,567:567,05/14/25 03:36:29,STABLE BEAMS,6800,76927.812783650,74966.109316482,54.1,HFET
392071:10623,568:568,05/14/25 03:36:52,STABLE BEAMS,6800,76785.428077097,74947.027403626,54.0,HFET
392071:10623,569:569,05/14/25 03:37:15,STABLE BEAMS,6800,76702.604065753,74869.466379473,53.9,HFET
392071:10623,570:570,05/14/25 03:37:38,STABLE BEAMS,6800,76754.475100407,74906.542800882,54.0,HFET
392071:10623,571:571,05/14/25 03:38:02,STABLE BEAMS,6800,76711.596020717,73797.304192174,53.9,HFET
392071:10623,572:572,05/14/25 03:38:25,STABLE BEAMS,6800,76592.614433391,74756.581002621,53.9,HFET
392071:10623,573:573,05/14/25 03:38:48,STABLE BEAMS,6800,76634.844777684,74812.440089863,53.9,HFET
392071:10623,574:574,05/14/25 03:39:12,STABLE BEAMS,6800,76636.880752176,74802.101272608,53.9,HFET
392071:10623,575:575,05/14/25 03:39:35,STABLE BEAMS,6800,76543.612632355,74714.217550180,53.8,HFET
392071:10623,576:576,05/14/25 03:39:58,STABLE BEAMS,6800,76435.604034322,74624.458873048,53.7,HFET
392071:10623,577:577,05/14/25 03:40:22,STABLE BEAMS,6800,76565.957826435,74730.362735877,53.8,HFET
392071:10623,578:578,05/14/25 03:40:45,STABLE BEAMS,6800,76428.633010710,74612.166071383,53.7,HFET
392071:10623,579:579,05/14/25 03:41:08,STABLE BEAMS,6800,76304.656365218,74497.795249232,53.7,HFET
392071:10623,580:580,05/14/25 03:41:32,STABLE BEAMS,6800,76217.625752439,74404.578088602,53.6,HFET
392071:10623,581:581,05/14/25 03:41:55,STABLE BEAMS,6800,76307.425856280,74486.112386800,53.7,HFET
392071:10623,582:582,05/14/25 03:42:18,STABLE BEAMS,6800,76268.379016413,74444.965944370,53.6,HFET
392071:10623,583:583,05/14/25 03:42:41,STABLE BEAMS,6800,76250.953991825,74441.446384692,53.6,HFET
392071:10623,584:584,05/14/25 03:43:05,STABLE BEAMS,6800,76170.066048904,73293.854222019,53.6,HFET
392071:10623,585:585,05/14/25 03:43:28,STABLE BEAMS,6800,76058.883838944,74250.849640625,53.5,HFET
392071:10623,586:586,05/14/25 03:43:51,STABLE BEAMS,6800,59966.940508708,58785.688171546,42.2,HFET
392071:10623,587:587,05/14/25 03:44:15,STABLE BEAMS,6800,2728.375315788,2696.568574987,1.9,HFET
392071:10623,588:588,05/14/25 03:44:38,STABLE BEAMS,6800,18605.568245830,18478.317146175,13.1,HFET
392071:10623,589:589,05/14/25 03:45:01,STABLE BEAMS,6800,62160.171158572,60970.034401880,43.7,HFET
392071:10623,590:590,05/14/25 03:45:25,STABLE BEAMS,6800,65682.169527431,64356.205409840,46.2,HFET
392071:10623,591:591,05/14/25 03:45:48,STABLE BEAMS,6800,24874.890792408,24665.995973332,17.5,HFET
392071:10623,592:592,05/14/25 03:46:11,STABLE BEAMS,6800,3914.970044069,3890.462135845,2.8,HFET
392071:10623,593:593,05/14/25 03:46:35,STABLE BEAMS,6800,41740.953025717,41130.361869356,29.4,HFET
392071:10623,594:594,05/14/25 03:46:58,STABLE BEAMS,6800,11765.913347423,11704.608105446,8.3,HFET
392071:10623,595:595,05/14/25 03:47:21,STABLE BEAMS,6800,43794.598382857,43213.657906961,30.8,HFET
392071:10623,596:596,05/14/25 03:47:45,STABLE BEAMS,6800,72127.555590507,70537.957353116,50.7,HFET
392071:10623,597:597,05/14/25 03:48:08,STABLE BEAMS,6800,53602.771784258,51972.407014474,37.7,HFET
392071:10623,598:598,05/14/25 03:48:31,STABLE BEAMS,6800,19546.872269789,19407.544070656,13.7,HFET
392071:10623,599:599,05/14/25 03:48:54,STABLE BEAMS,6800,22427.611682051,22224.923096666,15.8,HFET
392071:10623,600:600,05/14/25 03:49:18,STABLE BEAMS,6800,75140.548808824,73388.302934942,52.8,HFET
392071:10623,601:601,05/14/25 03:49:41,STABLE BEAMS,6800,74869.491871549,73130.094412679,52.6,HFET
392071:10623,602:602,05/14/25 03:50:04,STABLE BEAMS,6800,74630.161406314,72909.044094264,52.5,HFET
392071:10623,603:603,05/14/25 03:50:28,STABLE BEAMS,6800,74683.843831196,72946.515589281,52.5,HFET
392071:10623,604:604,05/14/25 03:50:51,STABLE BEAMS,6800,74714.687009318,72995.047078676,52.5,HFET
392071:10623,605:605,05/14/25 03:51:14,STABLE BEAMS,6800,74830.215542047,73095.627551815,52.6,HFET
392071:10623,606:606,05/14/25 03:51:38,STABLE BEAMS,6800,75040.045102348,73296.466264413,52.8,HFET
392071:10623,607:607,05/14/25 03:52:01,STABLE BEAMS,6800,75175.014685645,73413.716105153,52.9,HFET
392071:10623,608:608,05/14/25 03:52:24,STABLE BEAMS,6800,74979.456568272,73222.325270234,52.7,HFET
392071:10623,609:609,05/14/25 03:52:48,STABLE BEAMS,6800,74879.057673237,73147.691858990,52.7,HFET
392071:10623,610:610,05/14/25 03:53:11,STABLE BEAMS,6800,75026.033235335,72223.375803023,52.8,HFET
392071:10623,611:611,05/14/25 03:53:34,STABLE BEAMS,6800,75042.699807714,73295.627314056,52.8,HFET
392071:10623,612:612,05/14/25 03:53:57,STABLE BEAMS,6800,74851.323274380,73127.616657291,52.6,HFET
392071:10623,613:613,05/14/25 03:54:21,STABLE BEAMS,6800,74836.358211904,73094.765069190,52.6,HFET
392071:10623,614:614,05/14/25 03:54:44,STABLE BEAMS,6800,74833.538931321,73091.736527885,52.6,HFET
392071:10623,615:615,05/14/25 03:55:07,STABLE BEAMS,6800,74795.859382038,73070.115356642,52.6,HFET
392071:10623,616:616,05/14/25 03:55:31,STABLE BEAMS,6800,74791.832480717,73061.608489548,52.6,HFET
392071:10623,617:617,05/14/25 03:55:54,STABLE BEAMS,6800,74853.009904656,73120.696943810,52.6,HFET
392071:10623,618:618,05/14/25 03:56:17,STABLE BEAMS,6800,74742.750803880,73009.579244394,52.6,HFET
392071:10623,619:619,05/14/25 03:56:41,STABLE BEAMS,6800,74712.990404787,72968.979362363,52.5,HFET
392071:10623,620:620,05/14/25 03:57:04,STABLE BEAMS,6800,74680.380802343,72969.169037164,52.5,HFET
392071:10623,621:621,05/14/25 03:57:27,STABLE BEAMS,6800,74640.959764378,72923.640573360,52.5,HFET
392071:10623,622:622,05/14/25 03:57:51,STABLE BEAMS,6800,74618.819124294,72902.976145379,52.5,HFET
392071:10623,623:623,05/14/25 03:58:14,STABLE BEAMS,6800,74585.920023169,71823.894188548,52.4,HFET
392071:10623,624:624,05/14/25 03:58:37,STABLE BEAMS,6800,74540.496036681,72830.952576141,52.4,HFET
392071:10623,625:625,05/14/25 03:59:01,STABLE BEAMS,6800,74287.298331139,72570.453664745,52.2,HFET
392071:10623,626:626,05/14/25 03:59:24,STABLE BEAMS,6800,74249.688683402,72534.149819421,52.2,HFET
392071:10623,627:627,05/14/25 03:59:47,STABLE BEAMS,6800,74202.712800845,72501.588607519,52.2,HFET
392071:10623,628:628,05/14/25 04:00:10,STABLE BEAMS,6800,74137.154144242,72437.815028501,52.1,HFET
392071:10623,629:629,05/14/25 04:00:34,STABLE BEAMS,6800,74039.075653496,72341.879292014,52.1,HFET
392071:10623,630:630,05/14/25 04:00:57,STABLE BEAMS,6800,74067.189319336,72376.720719840,52.1,HFET
392071:10623,631:631,05/14/25 04:01:20,STABLE BEAMS,6800,74067.648462120,72361.704843521,52.1,HFET
392071:10623,632:632,05/14/25 04:01:44,STABLE BEAMS,6800,73979.659748507,72291.697212003,52.0,HFET
392071:10623,633:633,05/14/25 04:02:07,STABLE BEAMS,6800,73914.061194881,72227.341520142,52.0,HFET
392071:10623,634:634,05/14/25 04:02:30,STABLE BEAMS,6800,73898.686942656,72210.974815137,52.0,HFET
392071:10623,635:635,05/14/25 04:02:54,STABLE BEAMS,6800,73866.102275852,72184.370580280,51.9,HFET
392071:10623,636:636,05/14/25 04:03:17,STABLE BEAMS,6800,73784.001725065,71062.400706314,51.9,HFET
392071:10623,637:637,05/14/25 04:03:40,STABLE BEAMS,6800,73777.509710992,72088.036743294,51.9,HFET
392071:10623,638:638,05/14/25 04:04:04,STABLE BEAMS,6800,73758.333141711,72085.327400593,51.9,HFET
392071:10623,639:639,05/14/25 04:04:27,STABLE BEAMS,6800,73655.129927475,71966.569700353,51.8,HFET
392071:10623,640:640,05/14/25 04:04:50,STABLE BEAMS,6800,73498.374035438,71841.700612273,51.7,HFET
392071:10623,641:641,05/14/25 04:05:14,STABLE BEAMS,6800,73327.616168886,71667.689748386,51.6,HFET
392071:10623,642:642,05/14/25 04:05:37,STABLE BEAMS,6800,73123.195761873,71477.395052216,51.4,HFET
392071:10623,643:643,05/14/25 04:06:00,STABLE BEAMS,6800,72711.520542366,71072.013636992,51.1,HFET
392071:10623,644:644,05/14/25 04:06:23,STABLE BEAMS,6800,72528.053184967,70906.952695934,51.0,HFET
392071:10623,645:645,05/14/25 04:06:47,STABLE BEAMS,6800,72807.378534891,71166.339873613,51.2,HFET
392071:10623,646:646,05/14/25 04:07:10,STABLE BEAMS,6800,72612.668638028,70987.483366164,51.1,HFET
392071:10623,647:647,05/14/25 04:07:33,STABLE BEAMS,6800,72546.216795009,70913.835233212,51.0,HFET
392071:10623,648:648,05/14/25 04:07:57,STABLE BEAMS,6800,72567.509132827,70947.673209614,51.0,HFET
392071:10623,649:649,05/14/25 04:08:20,STABLE BEAMS,6800,72747.343817272,70093.423815356,51.2,HFET
392071:10623,650:650,05/14/25 04:08:43,STABLE BEAMS,6800,72780.801721981,71148.345086219,51.2,HFET
392071:10623,651:651,05/14/25 04:09:07,STABLE BEAMS,6800,72879.658695203,71254.205338090,51.2,HFET
392071:10623,652:652,05/14/25 04:09:30,STABLE BEAMS,6800,72962.941849331,71312.367896707,51.3,HFET
392071:10623,653:653,05/14/25 04:09:53,STABLE BEAMS,6800,72997.113322099,71354.813769594,51.3,HFET
392071:10623,654:654,05/14/25 04:10:17,STABLE BEAMS,6800,73059.987350570,71405.965091313,51.4,HFET
392071:10623,655:655,05/14/25 04:10:40,STABLE BEAMS,6800,73005.790924498,71361.745783770,51.3,HFET
392109:10628,54:54,05/15/25 00:44:23,STABLE BEAMS,6800,55137.243635962,30792.398474494,38.8,HFET
392109:10628,55:55,05/15/25 00:44:46,STABLE BEAMS,6800,55135.591971436,48267.195742050,38.8,HFET
392109:10628,56:56,05/15/25 00:45:09,STABLE BEAMS,6800,54969.661822261,53906.455537460,38.7,HFET
392109:10628,57:57,05/15/25 00:45:33,STABLE BEAMS,6800,54719.025041627,53698.057237305,38.5,HFET
392109:10628,58:58,05/15/25 00:45:56,STABLE BEAMS,6800,54346.201141121,53357.925750237,38.2,HFET
392109:10628,59:59,05/15/25 00:46:19,STABLE BEAMS,6800,54205.066726234,53216.346258693,38.1,HFET
392109:10628,60:60,05/15/25 00:46:43,STABLE BEAMS,6800,53993.567167504,53015.111401429,38.0,HFET
392109:10628,61:61,05/15/25 00:47:06,STABLE BEAMS,6800,53866.115520250,52894.692188443,37.9,HFET
392109:10628,62:62,05/15/25 00:47:29,STABLE BEAMS,6800,53876.230391640,52893.306216283,37.9,HFET
392109:10628,63:63,05/15/25 00:47:53,STABLE BEAMS,6800,53761.253954102,52790.417499656,37.8,HFET
392109:10628,64:64,05/15/25 00:48:16,STABLE BEAMS,6800,53621.856068001,52658.501663228,37.7,HFET
392109:10628,65:65,05/15/25 00:48:39,STABLE BEAMS,6800,53658.133985704,52676.967382568,37.7,HFET
392109:10628,66:66,05/15/25 00:49:02,STABLE BEAMS,6800,53612.799056590,51891.998797439,37.7,HFET
392109:10628,67:67,05/15/25 00:49:26,STABLE BEAMS,6800,53998.741843419,53016.209113175,38.0,HFET
392109:10628,68:68,05/15/25 00:49:49,STABLE BEAMS,6800,54481.641965394,53483.841616578,38.3,HFET
392109:10628,69:69,05/15/25 00:50:12,STABLE BEAMS,6800,54447.604611315,53420.745547445,38.3,HFET
392109:10628,70:70,05/15/25 00:50:36,STABLE BEAMS,6800,54409.180968660,53415.107554820,38.3,HFET
392109:10628,71:71,05/15/25 00:50:59,STABLE BEAMS,6800,54374.854193117,53371.204885291,38.2,HFET
392109:10628,72:72,05/15/25 00:51:22,STABLE BEAMS,6800,54342.413726055,53337.137870615,38.2,HFET
392109:10628,73:73,05/15/25 00:51:46,STABLE BEAMS,6800,54307.049039357,53303.169259230,38.2,HFET
392109:10628,74:74,05/15/25 00:52:09,STABLE BEAMS,6800,54272.293118823,53279.279956472,38.2,HFET
392109:10628,75:75,05/15/25 00:52:32,STABLE BEAMS,6800,54239.393501777,53251.617701109,38.1,HFET
392109:10628,76:76,05/15/25 00:52:56,STABLE BEAMS,6800,54197.022689948,53192.034106653,38.1,HFET
392109:10628,77:77,05/15/25 00:53:19,STABLE BEAMS,6800,54164.776805679,53164.196771459,38.1,HFET
392109:10628,78:78,05/15/25 00:53:42,STABLE BEAMS,6800,54128.678590907,53145.492055306,38.1,HFET
392109:10628,79:79,05/15/25 00:54:06,STABLE BEAMS,6800,54081.272826689,52338.538578700,38.0,HFET
392109:10628,80:80,05/15/25 00:54:29,STABLE BEAMS,6800,54577.391579108,53576.162000845,38.4,HFET
392109:10628,81:81,05/15/25 00:54:52,STABLE BEAMS,6800,56643.768857063,55563.428513704,39.8,HFET
392109:10628,82:82,05/15/25 00:55:15,STABLE BEAMS,6800,58585.943039307,57425.428921744,41.2,HFET
392109:10628,83:83,05/15/25 00:55:39,STABLE BEAMS,6800,60427.512276624,59188.585259653,42.5,HFET
392109:10628,84:84,05/15/25 00:56:02,STABLE BEAMS,6800,62682.200158692,61347.341730959,44.1,HFET
392109:10628,85:85,05/15/25 00:56:25,STABLE BEAMS,6800,64945.940146723,63461.872230140,45.7,HFET
392109:10628,86:86,05/15/25 00:56:49,STABLE BEAMS,6800,67229.276175339,48345.802591752,47.3,HFET
392109:10628,87:87,05/15/25 00:57:12,STABLE BEAMS,6800,67255.873272091,65542.883605848,47.3,HFET
392109:10628,88:88,05/15/25 00:57:35,STABLE BEAMS,6800,61415.054122596,47578.716552993,43.2,HFET
392109:10628,89:89,05/15/25 00:57:59,STABLE BEAMS,6800,58097.838318181,56889.810384336,40.9,HFET
392109:10628,90:90,05/15/25 00:58:22,STABLE BEAMS,6800,58628.857783623,57463.620849550,41.2,HFET
392109:10628,91:91,05/15/25 00:58:45,STABLE BEAMS,6800,57812.146302895,49116.002209390,40.7,HFET
392109:10628,92:92,05/15/25 00:59:09,STABLE BEAMS,6800,57719.794856905,49002.507341514,40.6,HFET
392109:10628,93:93,05/15/25 00:59:32,STABLE BEAMS,6800,57887.671161034,55935.069968881,40.7,HFET
392109:10628,94:94,05/15/25 00:59:55,STABLE BEAMS,6800,57876.862659220,56740.468611090,40.7,HFET
392109:10628,95:95,05/15/25 01:00:19,STABLE BEAMS,6800,58035.307666214,56891.907891188,40.8,HFET
392109:10628,96:96,05/15/25 01:00:42,STABLE BEAMS,6800,58225.923749387,57077.353389850,40.9,HFET
392109:10628,97:97,05/15/25 01:01:05,STABLE BEAMS,6800,59118.649079717,57930.968041538,41.6,HFET
392109:10628,98:98,05/15/25 01:01:28,STABLE BEAMS,6800,59741.056806327,58426.646847112,42.0,HFET
392109:10628,99:99,05/15/25 01:01:52,STABLE BEAMS,6800,59596.673839896,58397.775448818,41.9,HFET
392109:10628,100:100,05/15/25 01:02:15,STABLE BEAMS,6800,59413.463021850,58228.142154516,41.8,HFET
392109:10628,101:101,05/15/25 01:02:38,STABLE BEAMS,6800,59234.349070916,58050.769416419,41.7,HFET
392109:10628,102:102,05/15/25 01:03:02,STABLE BEAMS,6800,58984.830160249,57809.709906889,41.5,HFET
392109:10628,103:103,05/15/25 01:03:25,STABLE BEAMS,6800,59001.467070755,58563.408105434,41.5,HFET
392109:10628,104:104,05/15/25 01:03:48,STABLE BEAMS,6800,59048.258999845,58620.265051130,41.5,HFET
392109:10628,105:105,05/15/25 01:04:12,STABLE BEAMS,6800,58560.314032826,57331.184791027,41.2,HFET
392109:10628,106:106,05/15/25 01:04:35,STABLE BEAMS,6800,58778.350592290,58373.547400395,41.3,HFET
392109:10628,107:107,05/15/25 01:04:58,STABLE BEAMS,6800,57982.412786829,57597.494735710,40.8,HFET
392109:10628,118:118,05/15/25 01:09:15,STABLE BEAMS,6800,55017.950812490,53219.753219107,38.7,HFET
392109:10628,119:119,05/15/25 01:09:38,STABLE BEAMS,6800,55170.971619753,54134.261836666,38.8,HFET
392109:10628,120:120,05/15/25 01:10:01,STABLE BEAMS,6800,55296.711674251,54270.951739357,38.9,HFET
392109:10628,121:121,05/15/25 01:10:25,STABLE BEAMS,6800,55138.346462553,54113.703396741,38.8,HFET
392109:10628,122:122,05/15/25 01:10:48,STABLE BEAMS,6800,55039.213560977,54028.333858193,38.7,HFET
392109:10628,123:123,05/15/25 01:11:11,STABLE BEAMS,6800,54950.025802270,53945.117050647,38.6,HFET
392109:10628,124:124,05/15/25 01:11:34,STABLE BEAMS,6800,57706.955417634,56587.318022602,40.6,HFET
392109:10628,125:125,05/15/25 01:11:58,STABLE BEAMS,6800,69182.413544542,67414.517162029,48.6,HFET
392109:10628,126:126,05/15/25 01:12:21,STABLE BEAMS,6800,87081.791597130,83889.612147989,61.2,HFET
392109:10628,127:127,05/15/25 01:12:44,STABLE BEAMS,6800,89182.266239152,86187.698368954,62.7,HFET
392109:10628,128:128,05/15/25 01:13:08,STABLE BEAMS,6800,89263.544616135,66613.340779613,62.8,HFET
392109:10628,129:129,05/15/25 01:13:31,STABLE BEAMS,6800,89894.629754195,86551.958706566,63.2,HFET
392109:10628,130:130,05/15/25 01:13:54,STABLE BEAMS,6800,89679.657464924,86553.315357938,63.1,HFET
392109:10628,131:131,05/15/25 01:14:18,STABLE BEAMS,6800,89354.473645561,85121.468474904,62.8,HFET
392109:10628,132:132,05/15/25 01:14:41,STABLE BEAMS,6800,89080.837914685,85917.243200295,62.6,HFET
392109:10628,133:133,05/15/25 01:15:04,STABLE BEAMS,6800,90096.049924279,87051.146928029,63.4,HFET
392109:10628,134:134,05/15/25 01:15:28,STABLE BEAMS,6800,90459.017961079,67151.509043492,63.6,HFET
392109:10628,135:135,05/15/25 01:15:51,STABLE BEAMS,6800,90324.555528518,87100.983322201,63.5,HFET
392109:10628,136:136,05/15/25 01:16:14,STABLE BEAMS,6800,89942.714596007,86786.093386258,63.2,HFET
392109:10628,137:137,05/15/25 01:16:38,STABLE BEAMS,6800,89642.711261613,86630.390338861,63.0,HFET
392109:10628,138:138,05/15/25 01:17:01,STABLE BEAMS,6800,89407.647890241,86428.608505224,62.9,HFET
392109:10628,139:139,05/15/25 01:17:24,STABLE BEAMS,6800,89176.836725185,68352.265736900,62.7,HFET
392109:10628,140:140,05/15/25 01:17:48,STABLE BEAMS,6800,89013.491829151,85966.575145034,62.6,HFET
392109:10628,141:141,05/15/25 01:18:11,STABLE BEAMS,6800,88838.829245744,85874.401346258,62.5,HFET
392109:10628,142:142,05/15/25 01:18:34,STABLE BEAMS,6800,88611.271210649,85643.570613024,62.3,HFET
392109:10628,143:143,05/15/25 01:18:57,STABLE BEAMS,6800,89055.727741145,86092.577153215,62.6,HFET
392109:10628,144:144,05/15/25 01:19:21,STABLE BEAMS,6800,89404.624498786,86432.549516926,62.9,HFET
392109:10628,145:145,05/15/25 01:19:44,STABLE BEAMS,6800,89502.220032788,85260.020729942,62.9,HFET
392109:10628,146:146,05/15/25 01:20:07,STABLE BEAMS,6800,90123.984001033,87064.133979547,63.4,HFET
392109:10628,147:147,05/15/25 01:20:31,STABLE BEAMS,6800,90517.022437429,87428.460827845,63.6,HFET
392109:10628,148:148,05/15/25 01:20:54,STABLE BEAMS,6800,90820.609201986,87719.747452733,63.9,HFET
392109:10628,149:149,05/15/25 01:21:17,STABLE BEAMS,6800,90976.369456990,87831.197313185,64.0,HFET
392109:10628,150:150,05/15/25 01:21:41,STABLE BEAMS,6800,91156.022516720,88018.911848222,64.1,HFET
392109:10628,151:151,05/15/25 01:22:04,STABLE BEAMS,6800,91283.659017626,88158.611860943,64.2,HFET
392109:10628,152:152,05/15/25 01:22:27,STABLE BEAMS,6800,91339.248378141,88170.439061729,64.2,HFET
392109:10628,153:153,05/15/25 01:22:51,STABLE BEAMS,6800,91477.044062990,88336.137291443,64.3,HFET
392109:10628,154:154,05/15/25 01:23:14,STABLE BEAMS,6800,91394.308767788,88252.951422603,64.3,HFET
392109:10628,155:155,05/15/25 01:23:37,STABLE BEAMS,6800,91356.733849489,88213.902486089,64.2,HFET
392109:10628,156:156,05/15/25 01:24:00,STABLE BEAMS,6800,91365.775408737,88240.404081764,64.2,HFET
392109:10628,157:157,05/15/25 01:24:24,STABLE BEAMS,6800,91117.329156152,87992.643972383,64.1,HFET
392109:10628,158:158,05/15/25 01:24:47,STABLE BEAMS,6800,90778.921882655,86363.618613717,63.8,HFET
392109:10628,159:159,05/15/25 01:25:10,STABLE BEAMS,6800,90406.562364611,87358.542633212,63.6,HFET
392109:10628,160:160,05/15/25 01:25:34,STABLE BEAMS,6800,90037.476415898,87017.479655719,63.3,HFET
392109:10628,161:161,05/15/25 01:25:57,STABLE BEAMS,6800,89716.064886468,86720.222849494,63.1,HFET
392109:10628,162:162,05/15/25 01:26:20,STABLE BEAMS,6800,89434.195360205,86471.907360830,62.9,HFET
392109:10628,163:163,05/15/25 01:26:44,STABLE BEAMS,6800,89243.035753333,86276.989726839,62.8,HFET
392109:10628,164:164,05/15/25 01:27:07,STABLE BEAMS,6800,89500.274204864,86535.330386271,62.9,HFET
392109:10628,165:165,05/15/25 01:27:30,STABLE BEAMS,6800,91363.609653203,88223.041659494,64.2,HFET
392109:10628,166:166,05/15/25 01:27:54,STABLE BEAMS,6800,91337.551910519,88229.025914461,64.2,HFET
392109:10628,167:167,05/15/25 01:28:17,STABLE BEAMS,6800,91269.017888862,88133.857732545,64.2,HFET
392109:10628,168:168,05/15/25 01:28:40,STABLE BEAMS,6800,91265.634764513,88143.179665067,64.2,HFET
392109:10628,169:169,05/15/25 01:29:03,STABLE BEAMS,6800,91213.907627155,88117.859673767,64.1,HFET
392109:10628,170:170,05/15/25 01:29:27,STABLE BEAMS,6800,91162.180489796,88040.864862982,64.1,HFET
392109:10628,171:171,05/15/25 01:29:50,STABLE BEAMS,6800,90951.429339000,86591.523686145,64.0,HFET
392109:10628,172:172,05/15/25 01:30:13,STABLE BEAMS,6800,90928.614915381,87859.225289588,63.9,HFET
392109:10628,173:173,05/15/25 01:30:37,STABLE BEAMS,6800,90938.075890479,87838.276608894,63.9,HFET
392109:10628,174:174,05/15/25 01:31:00,STABLE BEAMS,6800,90783.134027808,87711.812926247,63.8,HFET
392109:10628,175:175,05/15/25 01:31:23,STABLE BEAMS,6800,90575.606574282,67396.685691750,63.7,HFET
392109:10628,176:176,05/15/25 01:31:47,STABLE BEAMS,6800,90270.971678885,87243.074853101,63.5,HFET
392109:10628,177:177,05/15/25 01:32:10,STABLE BEAMS,6800,90051.238651798,87040.997264263,63.3,HFET
392109:10628,178:178,05/15/25 01:32:33,STABLE BEAMS,6800,90012.685096514,86995.100588443,63.3,HFET
392109:10628,179:179,05/15/25 01:32:57,STABLE BEAMS,6800,89828.191994217,86828.385568008,63.2,HFET
392109:10628,180:180,05/15/25 01:33:20,STABLE BEAMS,6800,89749.967258955,86775.494872476,63.1,HFET
392109:10628,181:181,05/15/25 01:33:43,STABLE BEAMS,6800,89670.375538697,86674.485485266,63.1,HFET
392109:10628,182:182,05/15/25 01:34:07,STABLE BEAMS,6800,89697.771651260,86720.111089230,63.1,HFET
392109:10628,183:183,05/15/25 01:34:30,STABLE BEAMS,6800,89672.711349780,86681.268052170,63.1,HFET
392109:10628,184:184,05/15/25 01:34:53,STABLE BEAMS,6800,89645.475481870,85387.314114551,63.0,HFET
392109:10628,185:185,05/15/25 01:35:17,STABLE BEAMS,6800,89567.131380693,86601.081162541,63.0,HFET
392109:10628,186:186,05/15/25 01:35:40,STABLE BEAMS,6800,89472.918153464,86512.549354020,62.9,HFET
392109:10628,187:187,05/15/25 01:36:03,STABLE BEAMS,6800,89428.157570618,86484.493520383,62.9,HFET
392109:10628,188:188,05/15/25 01:36:26,STABLE BEAMS,6800,89348.645155112,86216.647527748,62.8,HFET
392109:10628,189:189,05/15/25 01:36:50,STABLE BEAMS,6800,89243.534473935,66712.358812945,62.8,HFET
392109:10628,190:190,05/15/25 01:37:13,STABLE BEAMS,6800,89170.130159445,86230.362700842,62.7,HFET
392109:10628,191:191,05/15/25 01:37:36,STABLE BEAMS,6800,88934.787995081,66247.636524716,62.5,HFET
392109:10628,192:192,05/15/25 01:38:00,STABLE BEAMS,6800,89213.344708425,86285.383557489,62.7,HFET
392109:10628,193:193,05/15/25 01:38:23,STABLE BEAMS,6800,89886.456459340,86891.002881937,63.2,HFET
392109:10628,194:194,05/15/25 01:38:46,STABLE BEAMS,6800,89740.825955587,86764.093027504,63.1,HFET
392109:10628,195:195,05/15/25 01:39:10,STABLE BEAMS,6800,89203.972848975,86278.155633264,62.7,HFET
392109:10628,196:196,05/15/25 01:39:33,STABLE BEAMS,6800,89024.999193869,86088.803600519,62.6,HFET
392109:10628,197:197,05/15/25 01:39:56,STABLE BEAMS,6800,90523.160788711,86140.591419732,63.7,HFET
392109:10628,198:198,05/15/25 01:40:20,STABLE BEAMS,6800,90699.340790869,87639.459360220,63.8,HFET
392109:10628,199:199,05/15/25 01:40:43,STABLE BEAMS,6800,90585.876130816,87524.769162772,63.7,HFET
392109:10628,200:200,05/15/25 01:41:06,STABLE BEAMS,6800,90623.111755590,87569.896407789,63.7,HFET
392109:10628,201:201,05/15/25 01:41:29,STABLE BEAMS,6800,90589.149700147,87533.146702881,63.7,HFET
392109:10628,202:202,05/15/25 01:41:53,STABLE BEAMS,6800,90576.783881933,87531.190545806,63.7,HFET
392109:10628,203:203,05/15/25 01:42:16,STABLE BEAMS,6800,90654.320219250,87594.008005788,63.7,HFET
392109:10628,204:204,05/15/25 01:42:39,STABLE BEAMS,6800,90501.782843941,87424.628331647,63.6,HFET
392109:10628,205:205,05/15/25 01:43:03,STABLE BEAMS,6800,91344.917441513,88226.062175236,64.2,HFET
392109:10628,206:206,05/15/25 01:43:26,STABLE BEAMS,6800,93518.336921010,90210.819817471,65.8,HFET
392109:10628,207:207,05/15/25 01:43:49,STABLE BEAMS,6800,93304.341633574,90013.379856714,65.6,HFET
392109:10628,208:208,05/15/25 01:44:13,STABLE BEAMS,6800,91531.216566449,88404.013798139,64.4,HFET
392109:10628,209:209,05/15/25 01:44:36,STABLE BEAMS,6800,91195.624202844,88078.945358113,64.1,HFET
392109:10628,210:210,05/15/25 01:44:59,STABLE BEAMS,6800,91016.230314312,86665.275704839,64.0,HFET
392109:10628,211:211,05/15/25 01:45:23,STABLE BEAMS,6800,90767.704756976,87684.250570878,63.8,HFET
392109:10628,212:212,05/15/25 01:45:46,STABLE BEAMS,6800,90313.487201446,87265.540455606,63.5,HFET
392109:10628,213:213,05/15/25 01:46:09,STABLE BEAMS,6800,90279.544767796,87249.759850878,63.5,HFET
392109:10628,214:214,05/15/25 01:46:33,STABLE BEAMS,6800,89976.387229987,86968.354695881,63.3,HFET
392109:10628,215:215,05/15/25 01:46:56,STABLE BEAMS,6800,89897.404602923,86904.497741349,63.2,HFET
392109:10628,216:216,05/15/25 01:47:19,STABLE BEAMS,6800,89964.570822010,86960.252929132,63.3,HFET
392109:10628,217:217,05/15/25 01:47:42,STABLE BEAMS,6800,89997.555875618,86986.063438752,63.3,HFET
392109:10628,218:218,05/15/25 01:48:06,STABLE BEAMS,6800,90125.651035964,87068.393434237,63.4,HFET
392109:10628,219:219,05/15/25 01:48:29,STABLE BEAMS,6800,90188.176700725,87162.842325747,63.4,HFET
392109:10628,220:220,05/15/25 01:48:52,STABLE BEAMS,6800,90095.151409620,87077.653146392,63.4,HFET
392109:10628,221:221,05/15/25 01:49:16,STABLE BEAMS,6800,90262.948000210,87241.600893321,63.5,HFET
392109:10628,222:222,05/15/25 01:49:39,STABLE BEAMS,6800,90155.731246458,87129.333749764,63.4,HFET
392109:10628,223:223,05/15/25 01:50:02,STABLE BEAMS,6800,90097.067804853,85801.108556723,63.4,HFET
392109:10628,224:224,05/15/25 01:50:26,STABLE BEAMS,6800,90115.361040061,87100.164293610,63.4,HFET
392109:10628,225:225,05/15/25 01:50:49,STABLE BEAMS,6800,89994.641221607,87012.831324050,63.3,HFET
392109:10628,226:226,05/15/25 01:51:12,STABLE BEAMS,6800,89836.575405785,86849.850266232,63.2,HFET
392109:10628,227:227,05/15/25 01:51:36,STABLE BEAMS,6800,89715.206432973,86732.861934060,63.1,HFET
392109:10628,228:228,05/15/25 01:51:59,STABLE BEAMS,6800,89544.137090626,86570.667674469,63.0,HFET
392109:10628,229:229,05/15/25 01:52:22,STABLE BEAMS,6800,89597.261463246,86626.249890017,63.0,HFET
392109:10628,230:230,05/15/25 01:52:46,STABLE BEAMS,6800,89733.490674859,86730.638814590,63.1,HFET
392109:10628,231:231,05/15/25 01:53:09,STABLE BEAMS,6800,89867.384075388,86886.657054677,63.2,HFET
392109:10628,232:232,05/15/25 01:53:32,STABLE BEAMS,6800,90231.809847981,87205.468629214,63.4,HFET
392109:10628,233:233,05/15/25 01:53:55,STABLE BEAMS,6800,90321.711185936,87289.181410078,63.5,HFET
392109:10628,234:234,05/15/25 01:54:19,STABLE BEAMS,6800,90611.454774692,87557.622202026,63.7,HFET
392109:10628,235:235,05/15/25 01:54:42,STABLE BEAMS,6800,90666.485731647,87615.342691475,63.8,HFET
392109:10628,236:236,05/15/25 01:55:05,STABLE BEAMS,6800,90911.409054600,86580.617496688,63.9,HFET
392109:10628,237:237,05/15/25 01:55:29,STABLE BEAMS,6800,90995.731262407,87899.662655335,64.0,HFET
392109:10628,238:238,05/15/25 01:55:52,STABLE BEAMS,6800,91058.536537736,87963.163171508,64.0,HFET
392109:10628,239:239,05/15/25 01:56:15,STABLE BEAMS,6800,91163.807463565,67321.398953384,64.1,HFET
392109:10628,240:240,05/15/25 01:56:39,STABLE BEAMS,6800,91133.716624600,88005.649925133,64.1,HFET
392109:10628,241:241,05/15/25 01:57:02,STABLE BEAMS,6800,91084.155242775,87993.322405769,64.0,HFET
392109:10628,242:242,05/15/25 01:57:25,STABLE BEAMS,6800,91071.351204491,87977.948641149,64.0,HFET
392109:10628,243:243,05/15/25 01:57:49,STABLE BEAMS,6800,91055.542578972,87959.378524371,64.0,HFET
392109:10628,244:244,05/15/25 01:58:12,STABLE BEAMS,6800,91000.421688793,87924.648931905,64.0,HFET
392109:10628,245:245,05/15/25 01:58:35,STABLE BEAMS,6800,90970.011995673,87879.335867321,64.0,HFET
392109:10628,246:246,05/15/25 01:58:58,STABLE BEAMS,6800,90716.037302575,87642.241111974,63.8,HFET
392109:10628,247:247,05/15/25 01:59:22,STABLE BEAMS,6800,90446.652960440,87396.827729935,63.6,HFET
392109:10628,248:248,05/15/25 01:59:45,STABLE BEAMS,6800,90165.202032453,87144.943453488,63.4,HFET
392109:10628,249:249,05/15/25 02:00:08,STABLE BEAMS,6800,89873.611542319,80587.730513921,63.2,HFET
392109:10628,250:250,05/15/25 02:00:32,STABLE BEAMS,6800,89631.303641016,28237.236878866,63.0,HFET
392109:10628,251:251,05/15/25 02:00:55,STABLE BEAMS,6800,89364.733391198,86410.362329180,62.8,HFET
392109:10628,252:252,05/15/25 02:01:18,STABLE BEAMS,6800,89164.801207173,86230.703439004,62.7,HFET
392109:10628,253:253,05/15/25 02:01:42,STABLE BEAMS,6800,89640.884799604,86647.399603670,63.0,HFET
392109:10628,254:254,05/15/25 02:02:05,STABLE BEAMS,6800,90104.522451496,67063.250047252,63.4,HFET
392109:10628,255:255,05/15/25 02:02:28,STABLE BEAMS,6800,89884.150898523,86891.381917539,63.2,HFET
392109:10628,256:256,05/15/25 02:02:52,STABLE BEAMS,6800,89503.237913362,86517.356821152,62.9,HFET
392109:10628,257:257,05/15/25 02:03:15,STABLE BEAMS,6800,89177.196458078,86238.419905062,62.7,HFET
392109:10628,258:258,05/15/25 02:03:38,STABLE BEAMS,6800,89402.727725348,86447.230475356,62.9,HFET
392109:10628,259:259,05/15/25 02:04:01,STABLE BEAMS,6800,90603.710706585,87562.944830338,63.7,HFET
392109:10628,260:260,05/15/25 02:04:25,STABLE BEAMS,6800,90371.721416303,87321.451814116,63.5,HFET
392109:10628,261:261,05/15/25 02:04:48,STABLE BEAMS,6800,90035.170855081,87032.077793953,63.3,HFET
392109:10628,262:262,05/15/25 02:05:11,STABLE BEAMS,6800,89872.633722908,86880.157489623,63.2,HFET
392109:10628,263:263,05/15/25 02:05:35,STABLE BEAMS,6800,88180.267872795,84090.842670342,62.0,HFET
392109:10628,264:264,05/15/25 02:05:58,STABLE BEAMS,6800,89571.802185285,66623.723945751,63.0,HFET
392109:10628,265:265,05/15/25 02:06:21,STABLE BEAMS,6800,89956.157977751,86969.314995389,63.3,HFET
392109:10628,266:266,05/15/25 02:06:45,STABLE BEAMS,6800,90169.503293255,87153.565856058,63.4,HFET
392109:10628,267:267,05/15/25 02:07:08,STABLE BEAMS,6800,90642.772793369,87576.551487068,63.7,HFET
392109:10628,268:268,05/15/25 02:07:31,STABLE BEAMS,6800,91006.180685388,87916.820461667,64.0,HFET
392109:10628,269:269,05/15/25 02:07:55,STABLE BEAMS,6800,90845.679314363,87790.305055128,63.9,HFET
392109:10628,270:270,05/15/25 02:08:18,STABLE BEAMS,6800,90643.910857432,87594.693839772,63.7,HFET
392109:10628,271:271,05/15/25 02:08:41,STABLE BEAMS,6800,90657.513666254,87589.977096917,63.7,HFET
392109:10628,272:272,05/15/25 02:09:05,STABLE BEAMS,6800,90811.487520412,87748.767850051,63.9,HFET
392109:10628,273:273,05/15/25 02:09:28,STABLE BEAMS,6800,90919.123690016,87840.336805318,63.9,HFET
392109:10628,274:274,05/15/25 02:09:51,STABLE BEAMS,6800,90923.155151147,87861.876096866,63.9,HFET
392109:10628,275:275,05/15/25 02:10:15,STABLE BEAMS,6800,91043.406499266,87966.999273669,64.0,HFET
392109:10628,276:276,05/15/25 02:10:38,STABLE BEAMS,6800,91059.075319501,86719.082706015,64.0,HFET
392109:10628,277:277,05/15/25 02:11:01,STABLE BEAMS,6800,91077.648165277,87972.940988725,64.0,HFET
392109:10628,278:278,05/15/25 02:11:24,STABLE BEAMS,6800,91004.693516904,87917.687406765,64.0,HFET
392109:10628,279:279,05/15/25 02:11:48,STABLE BEAMS,6800,91163.767402402,88069.897146463,64.1,HFET
392109:10628,280:280,05/15/25 02:12:11,STABLE BEAMS,6800,90896.827608793,87829.386660154,63.9,HFET
392109:10628,281:281,05/15/25 02:12:34,STABLE BEAMS,6800,90649.389425885,87595.869583751,63.7,HFET
392109:10628,282:282,05/15/25 02:12:58,STABLE BEAMS,6800,90410.395155076,87378.105677818,63.6,HFET
392109:10628,283:283,05/15/25 02:13:21,STABLE BEAMS,6800,90423.149321300,87382.123946698,63.6,HFET
392109:10628,284:284,05/15/25 02:13:44,STABLE BEAMS,6800,90135.710475786,87119.289215983,63.4,HFET
392109:10628,285:285,05/15/25 02:14:08,STABLE BEAMS,6800,89736.693932760,86759.221876164,63.1,HFET
392109:10628,286:286,05/15/25 02:14:31,STABLE BEAMS,6800,89641.882240809,86671.550666744,63.0,HFET
392109:10628,287:287,05/15/25 02:14:54,STABLE BEAMS,6800,89461.131995754,86520.470083823,62.9,HFET
392109:10628,288:288,05/15/25 02:15:17,STABLE BEAMS,6800,89500.084527520,86539.619070086,62.9,HFET
392109:10628,289:289,05/15/25 02:15:41,STABLE BEAMS,6800,89563.628072855,85330.176918442,63.0,HFET
392109:10628,290:290,05/15/25 02:16:04,STABLE BEAMS,6800,89485.293782575,86549.194725496,62.9,HFET
392109:10628,291:291,05/15/25 02:16:27,STABLE BEAMS,6800,89474.535316336,86512.200429390,62.9,HFET
392109:10628,292:292,05/15/25 02:16:51,STABLE BEAMS,6800,89352.597311492,86411.607510900,62.8,HFET
392109:10628,293:293,05/15/25 02:17:14,STABLE BEAMS,6800,89184.930715288,48487.131327132,62.7,HFET
392109:10628,294:294,05/15/25 02:17:37,STABLE BEAMS,6800,89103.652338305,79002.137807437,62.7,HFET
392109:10628,295:295,05/15/25 02:18:01,STABLE BEAMS,6800,89999.381520053,86995.301920228,63.3,HFET
392109:10628,296:296,05/15/25 02:18:24,STABLE BEAMS,6800,90967.367958906,87888.054164230,64.0,HFET
392109:10628,297:297,05/15/25 02:18:47,STABLE BEAMS,6800,90851.747354216,87781.477275165,63.9,HFET
392109:10628,298:298,05/15/25 02:19:11,STABLE BEAMS,6800,90583.800308506,87547.675798783,63.7,HFET
392109:10628,299:299,05/15/25 02:19:34,STABLE BEAMS,6800,90432.471308689,87376.018989538,63.6,HFET
392109:10628,300:300,05/15/25 02:19:57,STABLE BEAMS,6800,90207.877799667,87186.302968976,63.4,HFET
392109:10628,301:301,05/15/25 02:20:21,STABLE BEAMS,6800,89938.413335206,86940.706299637,63.2,HFET
392109:10628,302:302,05/15/25 02:20:44,STABLE BEAMS,6800,89754.518697632,85456.634878865,63.1,HFET
392109:10628,303:303,05/15/25 02:21:07,STABLE BEAMS,6800,89653.828643172,86687.864867294,63.0,HFET
392109:10628,304:304,05/15/25 02:21:31,STABLE BEAMS,6800,89753.171334431,86762.359740382,63.1,HFET
392109:10628,305:305,05/15/25 02:21:54,STABLE BEAMS,6800,89912.764379900,86914.640092313,63.2,HFET
392109:10628,306:306,05/15/25 02:22:17,STABLE BEAMS,6800,89983.842694204,86988.655452601,63.3,HFET
392109:10628,307:307,05/15/25 02:22:40,STABLE BEAMS,6800,90455.385476429,87416.611996911,63.6,HFET
392109:10628,308:308,05/15/25 02:23:04,STABLE BEAMS,6800,90550.276473132,87498.348231870,63.7,HFET
392109:10628,309:309,05/15/25 02:23:27,STABLE BEAMS,6800,90609.768117967,87544.073245694,63.7,HFET
392109:10628,310:310,05/15/25 02:23:50,STABLE BEAMS,6800,90898.953303163,87822.151801387,63.9,HFET
392109:10628,311:311,05/15/25 02:24:14,STABLE BEAMS,6800,91021.200351266,87943.513073816,64.0,HFET
392109:10628,312:312,05/15/25 02:24:37,STABLE BEAMS,6800,91230.214973276,88123.022141552,64.2,HFET
392109:10628,313:313,05/15/25 02:25:00,STABLE BEAMS,6800,91148.267820141,88054.096082594,64.1,HFET
392109:10628,314:314,05/15/25 02:25:24,STABLE BEAMS,6800,91169.226349060,88071.892703838,64.1,HFET
392109:10628,315:315,05/15/25 02:25:47,STABLE BEAMS,6800,91206.262485594,86840.658460523,64.1,HFET
392109:10628,316:316,05/15/25 02:26:10,STABLE BEAMS,6800,91132.988165490,88036.748501434,64.1,HFET
392109:10628,317:317,05/15/25 02:26:34,STABLE BEAMS,6800,91081.979676344,87988.208638187,64.0,HFET
392109:10628,318:318,05/15/25 02:26:57,STABLE BEAMS,6800,91036.540506449,87937.089946937,64.0,HFET
392109:10628,319:319,05/15/25 02:27:20,STABLE BEAMS,6800,90786.846634783,87721.802872597,63.8,HFET
392109:10628,320:320,05/15/25 02:27:43,STABLE BEAMS,6800,90612.592838755,87562.279098103,63.7,HFET
392109:10628,321:321,05/15/25 02:28:07,STABLE BEAMS,6800,92621.469675199,89408.437783203,65.1,HFET
392109:10628,322:322,05/15/25 02:28:30,STABLE BEAMS,6800,93966.545302070,90604.112033629,66.1,HFET
392109:10628,323:323,05/15/25 02:28:53,STABLE BEAMS,6800,91011.519448557,87929.642080557,64.0,HFET
392109:10628,324:324,05/15/25 02:29:17,STABLE BEAMS,6800,89076.376409231,86172.965003138,62.6,HFET
392109:10628,325:325,05/15/25 02:29:40,STABLE BEAMS,6800,89965.868313151,86978.896629935,63.3,HFET
392109:10628,326:326,05/15/25 02:30:03,STABLE BEAMS,6800,89783.690582569,86806.108775230,63.1,HFET
392109:10628,327:327,05/15/25 02:30:27,STABLE BEAMS,6800,89519.755376196,86549.223249270,62.9,HFET
392109:10628,328:328,05/15/25 02:30:50,STABLE BEAMS,6800,89526.442320141,85312.004090195,63.0,HFET
392109:10628,329:329,05/15/25 02:31:13,STABLE BEAMS,6800,89406.271094349,86441.905442170,62.9,HFET
392109:10628,330:330,05/15/25 02:31:37,STABLE BEAMS,6800,89403.456184457,86454.413742549,62.9,HFET
392109:10628,331:331,05/15/25 02:32:00,STABLE BEAMS,6800,89849.480005764,86865.258955548,63.2,HFET
392109:10628,332:332,05/15/25 02:32:23,STABLE BEAMS,6800,90115.880200032,87127.140668578,63.4,HFET
392109:10628,333:333,05/15/25 02:32:47,STABLE BEAMS,6800,90363.647865568,87337.143561121,63.5,HFET
392109:10628,334:334,05/15/25 02:33:10,STABLE BEAMS,6800,90616.654550152,87560.446097535,63.7,HFET
392109:10628,335:335,05/15/25 02:33:33,STABLE BEAMS,6800,90938.265567823,87849.812044540,63.9,HFET
392109:10628,336:336,05/15/25 02:33:56,STABLE BEAMS,6800,91112.728662989,88033.927077870,64.1,HFET
392109:10628,337:337,05/15/25 02:34:20,STABLE BEAMS,6800,91239.616265418,88117.890905684,64.2,HFET
392109:10628,338:338,05/15/25 02:34:43,STABLE BEAMS,6800,91445.776733948,88325.714538239,64.3,HFET
392109:10628,339:339,05/15/25 02:35:06,STABLE BEAMS,6800,91474.699258584,88357.397014840,64.3,HFET
392109:10628,340:340,05/15/25 02:35:30,STABLE BEAMS,6800,91529.819331188,88381.107517318,64.4,HFET
392109:10628,341:341,05/15/25 02:35:53,STABLE BEAMS,6800,91453.331942286,86989.375097772,64.3,HFET
392109:10628,342:342,05/15/25 02:36:16,STABLE BEAMS,6800,91357.082953911,88246.942383350,64.2,HFET
392109:10628,343:343,05/15/25 02:36:40,STABLE BEAMS,6800,91318.638953644,88209.785391865,64.2,HFET
392109:10628,344:344,05/15/25 02:37:03,STABLE BEAMS,6800,91290.206156288,88181.413903417,64.2,HFET
392109:10628,345:345,05/15/25 02:37:26,STABLE BEAMS,6800,90900.061116960,87820.111808036,63.9,HFET
392109:10628,346:346,05/15/25 02:37:50,STABLE BEAMS,6800,90933.734568515,87861.123670101,63.9,HFET
392109:10628,347:347,05/15/25 02:38:13,STABLE BEAMS,6800,90866.807898832,87809.870682032,63.9,HFET
392109:10628,348:348,05/15/25 02:38:36,STABLE BEAMS,6800,91169.546020790,88066.296308731,64.1,HFET
392109:10628,349:349,05/15/25 02:38:59,STABLE BEAMS,6800,91054.055410487,87969.208543189,64.0,HFET
392109:10628,350:350,05/15/25 02:39:23,STABLE BEAMS,6800,90663.940621426,87617.684674702,63.8,HFET
392109:10628,351:351,05/15/25 02:39:46,STABLE BEAMS,6800,90343.068691337,87319.787550132,63.5,HFET
392109:10628,352:352,05/15/25 02:40:09,STABLE BEAMS,6800,89981.587005447,86977.421897836,63.3,HFET
392109:10628,353:353,05/15/25 02:40:33,STABLE BEAMS,6800,89674.018651818,86713.180905897,63.1,HFET
392109:10628,354:354,05/15/25 02:40:56,STABLE BEAMS,6800,89426.680213031,85243.135755369,62.9,HFET
392109:10628,355:355,05/15/25 02:41:19,STABLE BEAMS,6800,89054.270822927,86139.178010913,62.6,HFET
392109:10628,356:356,05/15/25 02:41:43,STABLE BEAMS,6800,90603.610962465,87561.796371796,63.7,HFET
392109:10628,357:357,05/15/25 02:42:06,STABLE BEAMS,6800,90395.564348968,87368.147673997,63.6,HFET
392109:10628,358:358,05/15/25 02:42:29,STABLE BEAMS,6800,90189.493813660,87183.143931985,63.4,HFET
392109:10628,359:359,05/15/25 02:42:53,STABLE BEAMS,6800,90239.474611336,87226.275311081,63.5,HFET
392109:10628,360:360,05/15/25 02:43:16,STABLE BEAMS,6800,90380.514432824,87347.580361020,63.6,HFET
392109:10628,361:361,05/15/25 02:43:39,STABLE BEAMS,6800,90410.265160690,87366.768492379,63.6,HFET
392109:10628,362:362,05/15/25 02:44:02,STABLE BEAMS,6800,90516.154173036,87469.125656804,63.6,HFET
392109:10628,363:363,05/15/25 02:44:26,STABLE BEAMS,6800,90671.275902154,87600.253941134,63.8,HFET
392109:10628,364:364,05/15/25 02:44:49,STABLE BEAMS,6800,90698.143043849,87644.717962324,63.8,HFET
392109:10628,365:365,05/15/25 02:45:12,STABLE BEAMS,6800,90857.865266130,87803.019405685,63.9,HFET
392109:10628,366:366,05/15/25 02:45:36,STABLE BEAMS,6800,90779.820397314,87714.441643718,63.8,HFET
392109:10628,367:367,05/15/25 02:45:59,STABLE BEAMS,6800,90726.406603230,86407.390850650,63.8,HFET
392109:10628,368:368,05/15/25 02:46:22,STABLE BEAMS,6800,90666.126816329,87611.426428831,63.8,HFET
392109:10628,369:369,05/15/25 02:46:46,STABLE BEAMS,6800,90585.766575798,87545.195280436,63.7,HFET
392109:10628,370:370,05/15/25 02:47:09,STABLE BEAMS,6800,90510.884903721,87473.627521477,63.6,HFET
392109:10628,371:371,05/15/25 02:47:32,STABLE BEAMS,6800,90445.554957540,87403.243360701,63.6,HFET
392109:10628,372:372,05/15/25 02:47:56,STABLE BEAMS,6800,90446.363538976,87404.322267246,63.6,HFET
392109:10628,373:373,05/15/25 02:48:19,STABLE BEAMS,6800,90341.202168164,87318.539466958,63.5,HFET
392109:10628,374:374,05/15/25 02:48:42,STABLE BEAMS,6800,90099.362737198,87096.394864567,63.4,HFET
392109:10628,375:375,05/15/25 02:49:06,STABLE BEAMS,6800,89711.564137426,86738.313362611,63.1,HFET
392109:10628,376:376,05/15/25 02:49:29,STABLE BEAMS,6800,89491.281700102,86529.456521421,62.9,HFET
392109:10628,377:377,05/15/25 02:49:52,STABLE BEAMS,6800,89364.144737372,84603.329157044,62.8,HFET
392109:10628,378:378,05/15/25 02:50:16,STABLE BEAMS,6800,89498.437931958,68686.963595666,62.9,HFET
392109:10628,379:379,05/15/25 02:50:39,STABLE BEAMS,6800,89477.848946829,86494.259832329,62.9,HFET
392109:10628,380:380,05/15/25 02:51:02,STABLE BEAMS,6800,89454.615107359,85276.833250159,62.9,HFET
392109:10628,381:381,05/15/25 02:51:25,STABLE BEAMS,6800,89347.328042177,86386.944397306,62.8,HFET
392109:10628,382:382,05/15/25 02:51:49,STABLE BEAMS,6800,89267.147668093,86320.225096656,62.8,HFET
392109:10628,383:383,05/15/25 02:52:12,STABLE BEAMS,6800,89356.999133988,86397.985427939,62.8,HFET
392109:10628,384:384,05/15/25 02:52:35,STABLE BEAMS,6800,89348.744899232,86393.909184471,62.8,HFET
392109:10628,385:385,05/15/25 02:52:59,STABLE BEAMS,6800,89557.031062134,86606.574709614,63.0,HFET
392109:10628,386:386,05/15/25 02:53:22,STABLE BEAMS,6800,89645.665159214,86663.689081917,63.0,HFET
392109:10628,387:387,05/15/25 02:53:45,STABLE BEAMS,6800,89681.623732216,86702.999166429,63.1,HFET
392109:10628,388:388,05/15/25 02:54:09,STABLE BEAMS,6800,89948.233225623,86970.245910175,63.2,HFET
392109:10628,389:389,05/15/25 02:54:32,STABLE BEAMS,6800,89889.999010766,86892.075271673,63.2,HFET
392109:10628,390:390,05/15/25 02:54:55,STABLE BEAMS,6800,89975.030055888,86992.829197716,63.3,HFET
392109:10628,391:391,05/15/25 02:55:19,STABLE BEAMS,6800,90026.967309960,87039.183477210,63.3,HFET
392109:10628,392:392,05/15/25 02:55:42,STABLE BEAMS,6800,90004.441490230,87007.964742725,63.3,HFET
392109:10628,393:393,05/15/25 02:56:05,STABLE BEAMS,6800,90000.789383786,85768.080249312,63.3,HFET
392109:10628,394:394,05/15/25 02:56:28,STABLE BEAMS,6800,89796.784859892,86779.202203004,63.1,HFET
392109:10628,395:395,05/15/25 02:56:52,STABLE BEAMS,6800,89647.321565673,86679.551915844,63.0,HFET
392109:10628,396:396,05/15/25 02:57:15,STABLE BEAMS,6800,89445.413303459,86500.802390551,62.9,HFET
392109:10628,397:397,05/15/25 02:57:38,STABLE BEAMS,6800,89129.421477099,30938.460215209,62.7,HFET
392109:10628,398:398,05/15/25 02:58:02,STABLE BEAMS,6800,89062.414685090,67273.005034223,62.6,HFET
392109:10628,399:399,05/15/25 02:58:25,STABLE BEAMS,6800,90081.518350532,87062.826649290,63.3,HFET
392109:10628,400:400,05/15/25 02:58:48,STABLE BEAMS,6800,90363.508060284,87344.991629495,63.5,HFET
392109:10628,401:401,05/15/25 02:59:12,STABLE BEAMS,6800,90420.604211078,87397.685194329,63.6,HFET
392109:10628,402:402,05/15/25 02:59:35,STABLE BEAMS,6800,90436.722697431,87401.534861059,63.6,HFET
392109:10628,403:403,05/15/25 02:59:58,STABLE BEAMS,6800,90437.012118895,87361.619206023,63.6,HFET
392109:10628,404:404,05/15/25 03:00:22,STABLE BEAMS,6800,90706.036728136,87645.894595864,63.8,HFET
392109:10628,405:405,05/15/25 03:00:45,STABLE BEAMS,6800,90697.094913009,87623.757098820,63.8,HFET
392109:10628,406:406,05/15/25 03:01:08,STABLE BEAMS,6800,90595.356727709,86303.586553499,63.7,HFET
392109:10628,407:407,05/15/25 03:01:31,STABLE BEAMS,6800,90840.868704487,87767.650197499,63.9,HFET
392109:10628,408:408,05/15/25 03:01:55,STABLE BEAMS,6800,92444.950379516,89249.792319819,65.0,HFET
392109:10628,409:409,05/15/25 03:02:18,STABLE BEAMS,6800,92318.112649148,47684.409574663,64.9,HFET
392109:10628,410:410,05/15/25 03:02:41,STABLE BEAMS,6800,90850.659979788,87779.544324342,63.9,HFET
392109:10628,411:411,05/15/25 03:03:05,STABLE BEAMS,6800,90934.292972074,87863.608680994,63.9,HFET
392109:10628,412:412,05/15/25 03:03:28,STABLE BEAMS,6800,90920.471053217,87858.642898507,63.9,HFET
392109:10628,413:413,05/15/25 03:03:51,STABLE BEAMS,6800,90815.130633533,87757.621940148,63.9,HFET
392109:10628,414:414,05/15/25 03:04:15,STABLE BEAMS,6800,90742.654266394,87703.410792055,63.8,HFET
392109:10628,415:415,05/15/25 03:04:38,STABLE BEAMS,6800,90329.675181652,87306.012424294,63.5,HFET
392109:10628,416:416,05/15/25 03:05:01,STABLE BEAMS,6800,89797.942545749,86837.492380988,63.1,HFET
392109:10628,417:417,05/15/25 03:05:25,STABLE BEAMS,6800,89557.120995357,86594.654129876,63.0,HFET
392109:10628,418:418,05/15/25 03:05:48,STABLE BEAMS,6800,88970.666445757,86068.777586884,62.6,HFET
392109:10628,419:419,05/15/25 03:06:11,STABLE BEAMS,6800,89861.685579325,86877.583706155,63.2,HFET
392109:10628,420:420,05/15/25 03:06:35,STABLE BEAMS,6800,90344.006449584,86064.646300548,63.5,HFET
392109:10628,421:421,05/15/25 03:06:58,STABLE BEAMS,6800,90191.939179761,87186.591693663,63.4,HFET
392109:10628,422:422,05/15/25 03:07:21,STABLE BEAMS,6800,89999.921119393,87002.482080504,63.3,HFET
392109:10628,423:423,05/15/25 03:07:44,STABLE BEAMS,6800,89887.983688988,86898.103840595,63.2,HFET
392109:10628,424:424,05/15/25 03:08:08,STABLE BEAMS,6800,89957.245352179,86961.303360771,63.3,HFET
392109:10628,425:425,05/15/25 03:08:31,STABLE BEAMS,6800,90113.425023034,87094.704097964,63.4,HFET
392109:10628,426:426,05/15/25 03:08:54,STABLE BEAMS,6800,90247.907894964,87232.862658534,63.5,HFET
392109:10628,427:427,05/15/25 03:09:18,STABLE BEAMS,6800,90285.692929976,87263.679676445,63.5,HFET
392109:10628,428:428,05/15/25 03:09:41,STABLE BEAMS,6800,90244.375154435,87206.908993670,63.5,HFET
392109:10628,429:429,05/15/25 03:10:04,STABLE BEAMS,6800,89801.844830069,86602.984004055,63.1,HFET
392109:10628,430:430,05/15/25 03:10:28,STABLE BEAMS,6800,89537.959495756,67043.959504152,63.0,HFET
392109:10628,431:431,05/15/25 03:10:51,STABLE BEAMS,6800,89332.847158065,86359.242987948,62.8,HFET
392109:10628,432:432,05/15/25 03:11:14,STABLE BEAMS,6800,89389.863186532,86436.467883398,62.9,HFET
392109:10628,433:433,05/15/25 03:11:38,STABLE BEAMS,6800,89480.553484129,85274.493268181,62.9,HFET
392109:10628,434:434,05/15/25 03:12:01,STABLE BEAMS,6800,89453.057627445,86507.400285062,62.9,HFET
392109:10628,435:435,05/15/25 03:12:24,STABLE BEAMS,6800,89475.034036938,86521.605625528,62.9,HFET
392109:10628,436:436,05/15/25 03:12:48,STABLE BEAMS,6800,89631.383763343,86660.636088828,63.0,HFET
392109:10628,437:437,05/15/25 03:13:11,STABLE BEAMS,6800,89619.676910384,86676.295083406,63.0,HFET
392109:10628,438:438,05/15/25 03:13:34,STABLE BEAMS,6800,89845.138683799,86851.751496060,63.2,HFET
392109:10628,439:439,05/15/25 03:13:57,STABLE BEAMS,6800,89975.978442608,87000.151234371,63.3,HFET
392109:10628,440:440,05/15/25 03:14:21,STABLE BEAMS,6800,90074.063703889,87079.028242840,63.3,HFET
392109:10628,441:441,05/15/25 03:14:44,STABLE BEAMS,6800,90094.103278781,87093.658742866,63.4,HFET
392109:10628,442:442,05/15/25 03:15:07,STABLE BEAMS,6800,90066.717794690,87055.430187190,63.3,HFET
392109:10628,443:443,05/15/25 03:15:31,STABLE BEAMS,6800,90036.418474161,87025.986248358,63.3,HFET
392109:10628,444:444,05/15/25 03:15:54,STABLE BEAMS,6800,89877.853120163,86891.251301650,63.2,HFET
392109:10628,445:445,05/15/25 03:16:17,STABLE BEAMS,6800,89858.940980863,86887.045544175,63.2,HFET
392109:10628,446:446,05/15/25 03:16:41,STABLE BEAMS,6800,89775.895824827,85546.791942985,63.1,HFET
392109:10628,447:447,05/15/25 03:17:04,STABLE BEAMS,6800,89615.774626064,86670.615381062,63.0,HFET
392109:10628,448:448,05/15/25 03:17:27,STABLE BEAMS,6800,89520.303968858,86551.080919733,62.9,HFET
392109:10628,449:449,05/15/25 03:17:51,STABLE BEAMS,6800,89341.838845252,86412.098819531,62.8,HFET
392109:10628,450:450,05/15/25 03:18:14,STABLE BEAMS,6800,89227.785531374,86328.230962875,62.7,HFET
392109:10628,451:451,05/15/25 03:18:37,STABLE BEAMS,6800,88995.178154574,86085.578681707,62.6,HFET
392109:10628,452:452,05/15/25 03:19:00,STABLE BEAMS,6800,89979.361566956,86989.154709279,63.3,HFET
392109:10628,453:453,05/15/25 03:19:24,STABLE BEAMS,6800,90203.496416539,87184.374539997,63.4,HFET
392109:10628,454:454,05/15/25 03:19:47,STABLE BEAMS,6800,90005.878786654,87002.629785688,63.3,HFET
392109:10628,455:455,05/15/25 03:20:10,STABLE BEAMS,6800,89710.865111008,86726.114654290,63.1,HFET
392109:10628,456:456,05/15/25 03:20:34,STABLE BEAMS,6800,89388.426707683,86459.379385979,62.9,HFET
392109:10628,457:457,05/15/25 03:20:57,STABLE BEAMS,6800,89228.254819285,86294.576322544,62.7,HFET
392109:10628,458:458,05/15/25 03:21:20,STABLE BEAMS,6800,89396.440575460,86458.228158427,62.9,HFET
392109:10628,459:459,05/15/25 03:21:44,STABLE BEAMS,6800,90770.628404311,86447.181028915,63.8,HFET
392109:10628,460:460,05/15/25 03:22:07,STABLE BEAMS,6800,90905.500441825,87863.555306801,63.9,HFET
392109:10628,461:461,05/15/25 03:22:30,STABLE BEAMS,6800,91057.777828360,87985.007828797,64.0,HFET
392109:10628,462:462,05/15/25 03:22:54,STABLE BEAMS,6800,91493.252482566,88372.758955964,64.3,HFET
392109:10628,463:463,05/15/25 03:23:17,STABLE BEAMS,6800,91379.927627796,88292.379973952,64.3,HFET
392109:10628,464:464,05/15/25 03:23:40,STABLE BEAMS,6800,91577.065341298,88450.576051118,64.4,HFET
392109:10628,465:465,05/15/25 03:24:04,STABLE BEAMS,6800,91619.960218547,88489.130588226,64.4,HFET
392109:10628,466:466,05/15/25 03:24:27,STABLE BEAMS,6800,91651.347731078,88515.311861049,64.4,HFET
392109:10628,467:467,05/15/25 03:24:50,STABLE BEAMS,6800,91703.484473391,88558.396624796,64.5,HFET
392109:10628,468:468,05/15/25 03:25:14,STABLE BEAMS,6800,91761.269839705,88601.291367248,64.5,HFET
392109:10628,469:469,05/15/25 03:25:37,STABLE BEAMS,6800,91411.634812058,88282.309996297,64.3,HFET
392109:10628,470:470,05/15/25 03:26:00,STABLE BEAMS,6800,91329.607536596,88223.704939609,64.2,HFET
392109:10628,471:471,05/15/25 03:26:23,STABLE BEAMS,6800,91401.754421108,87016.956491998,64.3,HFET
392109:10628,472:472,05/15/25 03:26:47,STABLE BEAMS,6800,91465.577577010,88332.882688317,64.3,HFET
392109:10628,473:473,05/15/25 03:27:10,STABLE BEAMS,6800,91512.733653897,88388.732497245,64.3,HFET
392109:10628,474:474,05/15/25 03:27:33,STABLE BEAMS,6800,91442.463103454,88323.637775947,64.3,HFET
392109:10628,475:475,05/15/25 03:27:57,STABLE BEAMS,6800,91442.263615213,88337.984667599,64.3,HFET
392109:10628,476:476,05/15/25 03:28:20,STABLE BEAMS,6800,91522.085073978,88404.200050994,64.4,HFET
392109:10628,477:477,05/15/25 03:28:43,STABLE BEAMS,6800,91484.449655147,88353.141310563,64.3,HFET
392109:10628,478:478,05/15/25 03:29:07,STABLE BEAMS,6800,91552.045100982,72546.672929212,64.4,HFET
392109:10628,479:479,05/15/25 03:29:30,STABLE BEAMS,6800,91434.668345712,84148.452677163,64.3,HFET
392109:10628,480:480,05/15/25 03:29:53,STABLE BEAMS,6800,91269.836281194,88158.432502846,64.2,HFET
392109:10628,481:481,05/15/25 03:30:17,STABLE BEAMS,6800,91182.589608478,88079.484253242,64.1,HFET
392109:10628,482:482,05/15/25 03:30:40,STABLE BEAMS,6800,93619.555128764,90316.792157686,65.8,HFET
392109:10628,483:483,05/15/25 03:31:03,STABLE BEAMS,6800,95218.047862748,91609.213539744,67.0,HFET
392109:10628,484:484,05/15/25 03:31:26,STABLE BEAMS,6800,93021.264549394,89769.131133800,65.4,HFET
392109:10628,485:485,05/15/25 03:31:50,STABLE BEAMS,6800,89316.040273766,85140.337571663,62.8,HFET
392109:10628,486:486,05/15/25 03:32:13,STABLE BEAMS,6800,89378.286327960,86443.394867542,62.8,HFET
392109:10628,487:487,05/15/25 03:32:36,STABLE BEAMS,6800,89377.628180280,86430.188851550,62.8,HFET
392109:10628,488:488,05/15/25 03:33:00,STABLE BEAMS,6800,89320.850883642,86265.076085807,62.8,HFET
392109:10628,489:489,05/15/25 03:33:23,STABLE BEAMS,6800,89264.493002854,86330.078963616,62.8,HFET
392109:10628,490:490,05/15/25 03:33:46,STABLE BEAMS,6800,88995.577131056,86084.603667028,62.6,HFET
392109:10628,491:491,05/15/25 03:34:10,STABLE BEAMS,6800,89711.224843901,86748.352872506,63.1,HFET
392109:10628,492:492,05/15/25 03:34:33,STABLE BEAMS,6800,90106.628524072,87105.352634095,63.4,HFET
392109:10628,493:493,05/15/25 03:34:56,STABLE BEAMS,6800,89847.872653790,86878.035572402,63.2,HFET
392109:10628,494:494,05/15/25 03:35:20,STABLE BEAMS,6800,89573.188792074,86616.062962375,63.0,HFET
392109:10628,495:495,05/15/25 03:35:43,STABLE BEAMS,6800,89429.764105017,86469.520508134,62.9,HFET
392109:10628,496:496,05/15/25 03:36:06,STABLE BEAMS,6800,88999.659281822,86093.837529805,62.6,HFET
392109:10628,497:497,05/15/25 03:36:30,STABLE BEAMS,6800,90171.569304668,87136.098492074,63.4,HFET
392109:10628,498:498,05/15/25 03:36:53,STABLE BEAMS,6800,90253.476396640,85998.928665522,63.5,HFET
392109:10628,499:499,05/15/25 03:37:16,STABLE BEAMS,6800,89678.908566445,86706.204206176,63.1,HFET
392109:10628,500:500,05/15/25 03:37:39,STABLE BEAMS,6800,89396.889424002,86436.168781388,62.9,HFET
392109:10628,501:501,05/15/25 03:38:03,STABLE BEAMS,6800,89273.514940308,86359.018576212,62.8,HFET
392109:10628,502:502,05/15/25 03:38:26,STABLE BEAMS,6800,88887.901717864,85975.818005542,62.5,HFET
392109:10628,503:503,05/15/25 03:38:49,STABLE BEAMS,6800,90734.709892471,87685.051962076,63.8,HFET
392109:10628,504:504,05/15/25 03:39:13,STABLE BEAMS,6800,90866.967325909,87810.073486712,63.9,HFET
392109:10628,505:505,05/15/25 03:39:36,STABLE BEAMS,6800,90786.477090993,87658.553699892,63.8,HFET
392109:10628,506:506,05/15/25 03:39:59,STABLE BEAMS,6800,90589.389249551,87542.826372675,63.7,HFET
392109:10628,507:507,05/15/25 03:40:23,STABLE BEAMS,6800,90795.040369007,87735.802847357,63.8,HFET
392109:10628,508:508,05/15/25 03:40:46,STABLE BEAMS,6800,91612.824426060,88472.288149164,64.4,HFET
392109:10628,509:509,05/15/25 03:41:09,STABLE BEAMS,6800,91638.304143391,88528.092714717,64.4,HFET
392109:10628,510:510,05/15/25 03:41:33,STABLE BEAMS,6800,91503.880954418,68336.904125850,64.3,HFET
392109:10628,511:511,05/15/25 03:41:56,STABLE BEAMS,6800,91445.297635140,87016.180856520,64.3,HFET
392109:10628,512:512,05/15/25 03:42:19,STABLE BEAMS,6800,91249.167173740,88116.764512886,64.2,HFET
392109:10628,513:513,05/15/25 03:42:43,STABLE BEAMS,6800,91145.064562239,88013.585421591,64.1,HFET
392109:10628,514:514,05/15/25 03:43:06,STABLE BEAMS,6800,91145.264050480,88025.554069685,64.1,HFET
392109:10628,515:515,05/15/25 03:43:29,STABLE BEAMS,6800,90995.561206858,71593.498474803,64.0,HFET
392109:10628,516:516,05/15/25 03:43:52,STABLE BEAMS,6800,90815.330121774,64125.087748863,63.9,HFET
392109:10628,517:517,05/15/25 03:44:16,STABLE BEAMS,6800,91136.790705689,88025.039281693,64.1,HFET
392109:10628,518:518,05/15/25 03:44:39,STABLE BEAMS,6800,91289.746679274,88156.504658654,64.2,HFET
392109:10628,519:519,05/15/25 03:45:02,STABLE BEAMS,6800,91528.162924729,88403.828040968,64.4,HFET
392109:10628,520:520,05/15/25 03:45:26,STABLE BEAMS,6800,91706.587987172,88562.656719430,64.5,HFET
392109:10628,521:521,05/15/25 03:45:49,STABLE BEAMS,6800,91833.436346012,88655.846104968,64.6,HFET
392109:10628,522:522,05/15/25 03:46:12,STABLE BEAMS,6800,91394.289145994,88270.817716143,64.3,HFET
392109:10628,523:523,05/15/25 03:46:36,STABLE BEAMS,6800,90930.221449780,87844.615219728,63.9,HFET
392109:10628,524:524,05/15/25 03:46:59,STABLE BEAMS,6800,91249.636461651,86876.586775996,64.2,HFET
392109:10628,525:525,05/15/25 03:47:22,STABLE BEAMS,6800,91378.959619283,88254.448913844,64.3,HFET
392109:10628,526:526,05/15/25 03:47:46,STABLE BEAMS,6800,91454.788860505,88308.176756484,64.3,HFET
392109:10628,527:527,05/15/25 03:48:09,STABLE BEAMS,6800,91668.373725412,88540.274458596,64.5,HFET
392109:10628,528:528,05/15/25 03:48:32,STABLE BEAMS,6800,91647.705435532,88497.974425705,64.4,HFET
392109:10628,529:529,05/15/25 03:48:55,STABLE BEAMS,6800,91595.658626443,88445.847488647,64.4,HFET
392109:10628,530:530,05/15/25 03:49:19,STABLE BEAMS,6800,91561.317216311,88421.896511944,64.4,HFET
392109:10628,531:531,05/15/25 03:49:42,STABLE BEAMS,6800,91458.271728973,68133.785299230,64.3,HFET
392109:10628,532:532,05/15/25 03:50:05,STABLE BEAMS,6800,91411.334762121,88282.220454599,64.3,HFET
392109:10628,533:533,05/15/25 03:50:29,STABLE BEAMS,6800,91317.800939517,88200.932571279,64.2,HFET
392109:10628,534:534,05/15/25 03:50:52,STABLE BEAMS,6800,91213.957499215,88100.165278877,64.1,HFET
392109:10628,535:535,05/15/25 03:51:15,STABLE BEAMS,6800,91171.691336955,88058.476564798,64.1,HFET
392109:10628,536:536,05/15/25 03:51:39,STABLE BEAMS,6800,91042.548045770,74083.469402721,64.0,HFET
392109:10628,537:537,05/15/25 03:52:02,STABLE BEAMS,6800,90979.753398913,86650.143643487,64.0,HFET
392109:10628,538:538,05/15/25 03:52:25,STABLE BEAMS,6800,90792.485447889,87724.447742336,63.8,HFET
392109:10628,539:539,05/15/25 03:52:49,STABLE BEAMS,6800,90535.695844899,87495.306035272,63.7,HFET
392109:10628,540:540,05/15/25 03:53:12,STABLE BEAMS,6800,90365.543821432,87345.509147299,63.5,HFET
392109:10628,541:541,05/15/25 03:53:35,STABLE BEAMS,6800,90002.685339650,86989.798133493,63.3,HFET
392109:10628,542:542,05/15/25 03:53:59,STABLE BEAMS,6800,89920.129093320,86943.078609958,63.2,HFET
392109:10628,543:543,05/15/25 03:54:22,STABLE BEAMS,6800,89763.440890965,86799.392801946,63.1,HFET
392109:10628,544:544,05/15/25 03:54:45,STABLE BEAMS,6800,89492.649502672,86537.643141082,62.9,HFET
392109:10628,545:545,05/15/25 03:55:08,STABLE BEAMS,6800,89284.482705685,86354.198804261,62.8,HFET
392109:10628,546:546,05/15/25 03:55:32,STABLE BEAMS,6800,89155.389286560,86225.697386565,62.7,HFET
392109:10628,547:547,05/15/25 03:55:55,STABLE BEAMS,6800,89604.387444836,86632.449605027,63.0,HFET
392109:10628,548:548,05/15/25 03:56:18,STABLE BEAMS,6800,90965.331380184,87892.075073179,64.0,HFET
392109:10628,549:549,05/15/25 03:56:42,STABLE BEAMS,6800,90827.405700949,87757.476745569,63.9,HFET
392109:10628,550:550,05/15/25 03:57:05,STABLE BEAMS,6800,90847.725703982,86540.909824557,63.9,HFET
392109:10628,551:551,05/15/25 03:57:28,STABLE BEAMS,6800,90922.107837882,87856.478072070,63.9,HFET
392109:10628,552:552,05/15/25 03:57:52,STABLE BEAMS,6800,90895.830167588,87855.432711280,63.9,HFET
392109:10628,553:553,05/15/25 03:58:15,STABLE BEAMS,6800,90821.587021397,87760.273569151,63.9,HFET
392109:10628,554:554,05/15/25 03:58:38,STABLE BEAMS,6800,90467.261567363,87430.695943631,63.6,HFET
392109:10628,555:555,05/15/25 03:59:02,STABLE BEAMS,6800,90060.670194205,67203.137458214,63.3,HFET
392109:10628,556:556,05/15/25 03:59:25,STABLE BEAMS,6800,90384.645638076,87341.607357782,63.6,HFET
392109:10628,557:557,05/15/25 03:59:48,STABLE BEAMS,6800,90427.480832367,87403.309526951,63.6,HFET
392109:10628,558:558,05/15/25 04:00:12,STABLE BEAMS,6800,92297.763213424,89100.939418906,64.9,HFET
392109:10628,559:559,05/15/25 04:00:35,STABLE BEAMS,6800,92430.000207493,89245.016943303,65.0,HFET
392112:10629,50:50,05/15/25 06:13:55,STABLE BEAMS,6800,57606.709282204,23992.629697467,40.5,HFET
392112:10629,51:51,05/15/25 06:14:18,STABLE BEAMS,6800,57572.705824814,48007.168691604,40.5,HFET
392112:10629,52:52,05/15/25 06:14:41,STABLE BEAMS,6800,57541.247314364,56374.169998134,40.5,HFET
392112:10629,53:53,05/15/25 06:15:05,STABLE BEAMS,6800,57497.587742713,55578.941899947,40.4,HFET
392112:10629,54:54,05/15/25 06:15:28,STABLE BEAMS,6800,57455.000945464,56352.092500824,40.4,HFET
392112:10629,55:55,05/15/25 06:15:51,STABLE BEAMS,6800,57414.260618537,56309.112784116,40.4,HFET
392112:10629,56:56,05/15/25 06:16:15,STABLE BEAMS,6800,57415.583088315,56323.272697320,40.4,HFET
392112:10629,57:57,05/15/25 06:16:38,STABLE BEAMS,6800,59163.120570637,57953.277198590,41.6,HFET
392112:10629,58:58,05/15/25 06:17:01,STABLE BEAMS,6800,60930.973396268,59686.257082762,42.8,HFET
392112:10629,59:59,05/15/25 06:17:25,STABLE BEAMS,6800,63259.484729189,61814.009311348,44.5,HFET
392112:10629,60:60,05/15/25 06:17:48,STABLE BEAMS,6800,65606.235434469,64111.006281326,46.1,HFET
392112:10629,61:61,05/15/25 06:18:11,STABLE BEAMS,6800,67744.683454930,66186.257055931,47.6,HFET
392112:10629,62:62,05/15/25 06:18:34,STABLE BEAMS,6800,70179.616690273,68483.670123295,49.3,HFET
392112:10629,63:63,05/15/25 06:18:58,STABLE BEAMS,6800,72757.430541530,70888.482113293,51.2,HFET
392112:10629,64:64,05/15/25 06:19:21,STABLE BEAMS,6800,69427.018476001,67773.462312131,48.8,HFET
392112:10629,65:65,05/15/25 06:19:44,STABLE BEAMS,6800,65449.262400732,63998.746853383,46.0,HFET
392112:10629,66:66,05/15/25 06:20:08,STABLE BEAMS,6800,64287.624079790,49231.965378099,45.2,HFET
392112:10629,67:67,05/15/25 06:20:31,STABLE BEAMS,6800,64618.052903663,61331.966848394,45.4,HFET
392112:10629,68:68,05/15/25 06:20:54,STABLE BEAMS,6800,64257.188633596,62792.423689320,45.2,HFET
392112:10629,69:69,05/15/25 06:21:18,STABLE BEAMS,6800,64293.866872982,62902.488501357,45.2,HFET
392112:10629,70:70,05/15/25 06:21:41,STABLE BEAMS,6800,64433.967890439,63028.073235093,45.3,HFET
392112:10629,71:71,05/15/25 06:22:04,STABLE BEAMS,6800,64364.448904185,62974.810862041,45.3,HFET
392112:10629,72:72,05/15/25 06:22:28,STABLE BEAMS,6800,64508.397388894,63116.029606389,45.4,HFET
392112:10629,73:73,05/15/25 06:22:51,STABLE BEAMS,6800,64848.053168211,63422.382609760,45.6,HFET
392112:10629,74:74,05/15/25 06:23:14,STABLE BEAMS,6800,66078.990949511,64615.989779373,46.5,HFET
392112:10629,75:75,05/15/25 06:23:38,STABLE BEAMS,6800,65776.282890903,64314.360657283,46.3,HFET
392112:10629,76:76,05/15/25 06:24:01,STABLE BEAMS,6800,65671.971870998,64223.406986054,46.2,HFET
392112:10629,77:77,05/15/25 06:24:24,STABLE BEAMS,6800,65431.796560773,63994.298981140,46.0,HFET
392112:10629,78:78,05/15/25 06:24:47,STABLE BEAMS,6800,64988.897712107,63570.441985017,45.7,HFET
392112:10629,79:79,05/15/25 06:25:11,STABLE BEAMS,6800,64380.796919921,62085.440676944,45.3,HFET
392112:10629,80:80,05/15/25 06:25:34,STABLE BEAMS,6800,63679.273837509,62318.047843394,44.8,HFET
392112:10629,81:81,05/15/25 06:25:57,STABLE BEAMS,6800,63064.745556043,61737.203847806,44.3,HFET
392112:10629,82:82,05/15/25 06:26:21,STABLE BEAMS,6800,62585.892044964,61280.606475927,44.0,HFET
392112:10629,83:83,05/15/25 06:26:44,STABLE BEAMS,6800,62332.667248875,61033.424437167,43.8,HFET
392112:10629,84:84,05/15/25 06:27:07,STABLE BEAMS,6800,62110.247209398,60826.554123142,43.7,HFET
392112:10629,85:85,05/15/25 06:27:31,STABLE BEAMS,6800,61879.633171705,60597.603388526,43.5,HFET
392112:10629,86:86,05/15/25 06:27:54,STABLE BEAMS,6800,60023.607790743,58824.138533377,42.2,HFET
392112:10629,87:87,05/15/25 06:28:17,STABLE BEAMS,6800,60807.469926404,59576.484040319,42.8,HFET
392112:10629,88:88,05/15/25 06:28:41,STABLE BEAMS,6800,61151.132850467,59903.203196400,43.0,HFET
392112:10629,89:89,05/15/25 06:29:04,STABLE BEAMS,6800,59785.822819091,58594.804769103,42.0,HFET
392112:10629,90:90,05/15/25 06:29:27,STABLE BEAMS,6800,59297.218352023,58099.890407419,41.7,HFET
392112:10629,91:91,05/15/25 06:29:50,STABLE BEAMS,6800,58924.107970934,57771.264427445,41.4,HFET
392112:10629,92:92,05/15/25 06:30:14,STABLE BEAMS,6800,58425.403268689,56474.125660733,41.1,HFET
392112:10629,93:93,05/15/25 06:30:37,STABLE BEAMS,6800,58140.934582439,57017.752443848,40.9,HFET
392112:10629,94:94,05/15/25 06:31:00,STABLE BEAMS,6800,57804.557383530,56700.682144587,40.6,HFET
392112:10629,95:95,05/15/25 06:31:24,STABLE BEAMS,6800,57370.581097419,56285.519920537,40.3,HFET
392112:10629,96:96,05/15/25 06:31:47,STABLE BEAMS,6800,56941.714736417,55866.521502906,40.0,HFET
392112:10629,97:97,05/15/25 06:32:10,STABLE BEAMS,6800,56684.797163204,55623.108563983,39.9,HFET
392112:10629,98:98,05/15/25 06:32:34,STABLE BEAMS,6800,56335.794731643,55280.223419294,39.6,HFET
392112:10629,99:99,05/15/25 06:32:57,STABLE BEAMS,6800,56068.242947975,55029.483358462,39.4,HFET
392112:10629,100:100,05/15/25 06:33:20,STABLE BEAMS,6800,55808.151529056,54782.040464812,39.2,HFET
392112:10629,101:101,05/15/25 06:33:44,STABLE BEAMS,6800,55371.151181759,54351.689849731,38.9,HFET
392112:10629,102:102,05/15/25 06:34:07,STABLE BEAMS,6800,55195.125426089,54193.715430391,38.8,HFET
392112:10629,103:103,05/15/25 06:34:30,STABLE BEAMS,6800,54874.262862116,53874.988871705,38.6,HFET
392112:10629,104:104,05/15/25 06:34:54,STABLE BEAMS,6800,54517.350875762,53543.079225084,38.3,HFET
392112:10629,105:105,05/15/25 06:35:17,STABLE BEAMS,6800,54345.501917067,52614.353175160,38.2,HFET
392112:10629,106:106,05/15/25 06:35:40,STABLE BEAMS,6800,54116.953875591,53148.079093187,38.1,HFET
392112:10629,107:107,05/15/25 06:36:03,STABLE BEAMS,6800,53578.856171270,52635.917605919,37.7,HFET
392112:10629,108:108,05/15/25 06:36:27,STABLE BEAMS,6800,53395.938855936,52457.300377023,37.5,HFET
392112:10629,109:109,05/15/25 06:36:50,STABLE BEAMS,6800,53145.538544604,52210.216670275,37.4,HFET
392112:10629,110:110,05/15/25 06:37:13,STABLE BEAMS,6800,52935.489382077,52014.596924006,37.2,HFET
392112:10629,111:111,05/15/25 06:37:37,STABLE BEAMS,6800,51955.580647353,51065.519297687,36.5,HFET
392112:10629,112:112,05/15/25 06:38:00,STABLE BEAMS,6800,49752.843344309,48938.882110626,35.0,HFET
392112:10629,113:113,05/15/25 06:38:23,STABLE BEAMS,6800,48750.343800656,47970.138584312,34.3,HFET
392112:10629,114:114,05/15/25 06:38:47,STABLE BEAMS,6800,53622.026735704,52668.335535935,37.7,HFET
392112:10629,115:115,05/15/25 06:39:10,STABLE BEAMS,6800,71659.462742659,69792.727095381,50.4,HFET
392112:10629,116:116,05/15/25 06:39:33,STABLE BEAMS,6800,88243.800271905,85388.027193117,62.1,HFET
392112:10629,117:117,05/15/25 06:39:57,STABLE BEAMS,6800,90090.728450717,87083.754171068,63.3,HFET
392112:10629,118:118,05/15/25 06:40:20,STABLE BEAMS,6800,90033.699956454,85790.647142642,63.3,HFET
392112:10629,119:119,05/15/25 06:40:43,STABLE BEAMS,6800,90269.339134022,66974.427338781,63.5,HFET
392112:10629,120:120,05/15/25 06:41:06,STABLE BEAMS,6800,90540.179309311,87339.911943472,63.7,HFET
392112:10629,121:121,05/15/25 06:41:30,STABLE BEAMS,6800,91015.759881430,87897.450674371,64.0,HFET
392112:10629,122:122,05/15/25 06:41:53,STABLE BEAMS,6800,91434.849940810,88232.618809052,64.3,HFET
392112:10629,123:123,05/15/25 06:42:16,STABLE BEAMS,6800,91688.713446877,88543.811462338,64.5,HFET
392112:10629,124:124,05/15/25 06:42:40,STABLE BEAMS,6800,91983.087452202,68310.656171705,64.7,HFET
392112:10629,125:125,05/15/25 06:43:03,STABLE BEAMS,6800,91414.879216363,88291.987962716,64.3,HFET
392112:10629,126:126,05/15/25 06:43:26,STABLE BEAMS,6800,91740.651556697,68933.873104049,64.5,HFET
392112:10629,127:127,05/15/25 06:43:50,STABLE BEAMS,6800,91725.401660996,88583.721698040,64.5,HFET
392112:10629,128:128,05/15/25 06:44:13,STABLE BEAMS,6800,91713.824429433,88565.800031285,64.5,HFET
392112:10629,129:129,05/15/25 06:44:36,STABLE BEAMS,6800,91657.823659752,88512.948634994,64.5,HFET
392112:10629,130:130,05/15/25 06:45:00,STABLE BEAMS,6800,91522.987339292,88370.072410510,64.4,HFET
392112:10629,131:131,05/15/25 06:45:23,STABLE BEAMS,6800,91491.759065312,88352.372619981,64.3,HFET
392112:10629,132:132,05/15/25 06:45:46,STABLE BEAMS,6800,91404.459707956,86995.625600971,64.3,HFET
392112:10629,133:133,05/15/25 06:46:10,STABLE BEAMS,6800,91185.128401911,88120.220841728,64.1,HFET
392112:10629,134:134,05/15/25 06:46:33,STABLE BEAMS,6800,90996.856126418,87879.142379805,64.0,HFET
392112:10629,135:135,05/15/25 06:46:56,STABLE BEAMS,6800,90691.832866777,87653.453678802,63.8,HFET
392112:10629,136:136,05/15/25 06:47:19,STABLE BEAMS,6800,90631.112085951,87575.153737191,63.7,HFET
392112:10629,137:137,05/15/25 06:47:43,STABLE BEAMS,6800,90876.212543438,87814.779993357,63.9,HFET
392112:10629,138:138,05/15/25 06:48:06,STABLE BEAMS,6800,89419.141914308,86481.490165558,62.9,HFET
392112:10629,139:139,05/15/25 06:48:29,STABLE BEAMS,6800,89585.905557687,86620.651662781,63.0,HFET
392112:10629,140:140,05/15/25 06:48:53,STABLE BEAMS,6800,89647.884626605,86670.345918975,63.0,HFET
392112:10629,141:141,05/15/25 06:49:16,STABLE BEAMS,6800,89881.438103769,86896.567457102,63.2,HFET
392112:10629,142:142,05/15/25 06:49:39,STABLE BEAMS,6800,90092.245918357,87108.741219405,63.4,HFET
392112:10629,143:143,05/15/25 06:50:03,STABLE BEAMS,6800,90283.750988596,87280.968675342,63.5,HFET
392112:10629,144:144,05/15/25 06:50:26,STABLE BEAMS,6800,90610.941049235,86319.948547819,63.7,HFET
392112:10629,145:145,05/15/25 06:50:49,STABLE BEAMS,6800,90536.966136991,87518.623248333,63.7,HFET
392112:10629,146:146,05/15/25 06:51:13,STABLE BEAMS,6800,90732.503615851,87704.975677644,63.8,HFET
392112:10629,147:147,05/15/25 06:51:36,STABLE BEAMS,6800,90976.316351606,87905.049453425,64.0,HFET
392112:10629,148:148,05/15/25 06:51:59,STABLE BEAMS,6800,91005.469553997,87950.855397381,64.0,HFET
392112:10629,149:149,05/15/25 06:52:23,STABLE BEAMS,6800,90899.566501232,87858.640418746,63.9,HFET
392112:10629,150:150,05/15/25 06:52:46,STABLE BEAMS,6800,90776.188042575,87740.083009563,63.8,HFET
392112:10629,151:151,05/15/25 06:53:09,STABLE BEAMS,6800,90618.247132657,87598.201147898,63.7,HFET
392112:10629,152:152,05/15/25 06:53:32,STABLE BEAMS,6800,90530.827587939,87498.256923154,63.7,HFET
392112:10629,153:153,05/15/25 06:53:56,STABLE BEAMS,6800,90203.058665722,87230.101147667,63.4,HFET
392112:10629,154:154,05/15/25 06:54:19,STABLE BEAMS,6800,89950.692187267,86979.806842353,63.3,HFET
392112:10629,155:155,05/15/25 06:54:42,STABLE BEAMS,6800,89785.774687170,86835.114470926,63.1,HFET
392112:10629,156:156,05/15/25 06:55:06,STABLE BEAMS,6800,89309.955375529,86388.797004626,62.8,HFET
392112:10629,157:157,05/15/25 06:55:29,STABLE BEAMS,6800,89283.377616601,85135.926553972,62.8,HFET
392112:10629,158:158,05/15/25 06:55:52,STABLE BEAMS,6800,90487.152972428,87459.766788196,63.6,HFET
392112:10629,159:159,05/15/25 06:56:16,STABLE BEAMS,6800,90064.898796794,87101.151806516,63.3,HFET
392112:10629,160:160,05/15/25 06:56:39,STABLE BEAMS,6800,89647.964751513,86703.175630059,63.0,HFET
392112:10629,161:161,05/15/25 06:57:02,STABLE BEAMS,6800,89270.911652643,86346.357521952,62.8,HFET
392112:10629,162:162,05/15/25 06:57:26,STABLE BEAMS,6800,88858.218504263,85966.395617406,62.5,HFET
392112:10629,163:163,05/15/25 06:57:49,STABLE BEAMS,6800,90113.374365960,87123.167018518,63.4,HFET
392112:10629,164:164,05/15/25 06:58:12,STABLE BEAMS,6800,89749.216471625,86797.375493829,63.1,HFET
392112:10629,165:165,05/15/25 06:58:35,STABLE BEAMS,6800,89427.924585314,86499.505586760,62.9,HFET
392112:10629,166:166,05/15/25 06:58:59,STABLE BEAMS,6800,89059.066302261,86163.097714345,62.6,HFET
392112:10629,167:167,05/15/25 06:59:22,STABLE BEAMS,6800,91214.421414089,88140.369983484,64.1,HFET
392112:10629,168:168,05/15/25 06:59:45,STABLE BEAMS,6800,91570.015754512,88481.457341111,64.4,HFET
392112:10629,169:169,05/15/25 07:00:09,STABLE BEAMS,6800,91496.369517910,88397.933148387,64.3,HFET
392112:10629,170:170,05/15/25 07:00:32,STABLE BEAMS,6800,91616.534804247,87151.208424794,64.4,HFET
392112:10629,171:171,05/15/25 07:00:55,STABLE BEAMS,6800,91473.853601242,88382.564659697,64.3,HFET
392112:10629,172:172,05/15/25 07:01:19,STABLE BEAMS,6800,90777.715321428,87740.142938443,63.8,HFET
392112:10629,173:173,05/15/25 07:01:42,STABLE BEAMS,6800,91124.885917727,88071.403402284,64.1,HFET
392112:10629,174:174,05/15/25 07:02:05,STABLE BEAMS,6800,91344.616213109,88281.589232192,64.2,HFET
392112:10629,175:175,05/15/25 07:02:29,STABLE BEAMS,6800,91560.005046655,88465.952030399,64.4,HFET
392112:10629,176:176,05/15/25 07:02:52,STABLE BEAMS,6800,91732.767429298,88617.066120936,64.5,HFET
392112:10629,177:177,05/15/25 07:03:15,STABLE BEAMS,6800,91742.568013673,88599.082369784,64.5,HFET
392112:10629,178:178,05/15/25 07:03:39,STABLE BEAMS,6800,91722.666785320,88602.144870812,64.5,HFET
392112:10629,179:179,05/15/25 07:04:02,STABLE BEAMS,6800,91901.357593533,88755.002946978,64.6,HFET
392112:10629,180:180,05/15/25 07:04:25,STABLE BEAMS,6800,89566.803125608,86621.055459439,63.0,HFET
392112:10629,181:181,05/15/25 07:04:48,STABLE BEAMS,6800,89382.663006070,86462.075008846,62.9,HFET
392112:10629,182:182,05/15/25 07:05:12,STABLE BEAMS,6800,89360.626203646,86456.491513124,62.8,HFET
392112:10629,183:183,05/15/25 07:05:35,STABLE BEAMS,6800,89194.710412606,85028.561769832,62.7,HFET
392112:10629,184:184,05/15/25 07:05:58,STABLE BEAMS,6800,89747.060457527,86804.563137835,63.1,HFET
392112:10629,185:185,05/15/25 07:06:22,STABLE BEAMS,6800,90219.386977272,87242.081680681,63.4,HFET
392112:10629,186:186,05/15/25 07:06:45,STABLE BEAMS,6800,89929.872792880,86955.926918312,63.2,HFET
392112:10629,187:187,05/15/25 07:07:08,STABLE BEAMS,6800,89884.681527330,86913.241348937,63.2,HFET
392112:10629,188:188,05/15/25 07:07:32,STABLE BEAMS,6800,89738.147787945,86777.528398150,63.1,HFET
392112:10629,189:189,05/15/25 07:07:55,STABLE BEAMS,6800,89381.944334704,86469.536342659,62.9,HFET
392112:10629,190:190,05/15/25 07:08:18,STABLE BEAMS,6800,89085.563936282,86203.356557397,62.6,HFET
392112:10629,191:191,05/15/25 07:08:42,STABLE BEAMS,6800,90100.938653242,87115.517167879,63.4,HFET
392112:10629,192:192,05/15/25 07:09:05,STABLE BEAMS,6800,90082.634199836,87120.289583097,63.3,HFET
392112:10629,193:193,05/15/25 07:09:28,STABLE BEAMS,6800,89680.022073007,86744.390870314,63.1,HFET
392112:10629,194:194,05/15/25 07:09:52,STABLE BEAMS,6800,89412.634627160,86494.607695659,62.9,HFET
392112:10629,195:195,05/15/25 07:10:15,STABLE BEAMS,6800,89264.893290953,86350.903522351,62.8,HFET
392112:10629,196:196,05/15/25 07:10:38,STABLE BEAMS,6800,88919.888519965,84736.560287999,62.5,HFET
392112:10629,197:197,05/15/25 07:11:01,STABLE BEAMS,6800,89160.866632710,86266.189373682,62.7,HFET
392112:10629,198:198,05/15/25 07:11:25,STABLE BEAMS,6800,89428.424139586,86517.890099476,62.9,HFET
392112:10629,199:199,05/15/25 07:11:48,STABLE BEAMS,6800,88986.258106785,86100.453591419,62.6,HFET
392112:10629,200:200,05/15/25 07:12:11,STABLE BEAMS,6800,89366.874311245,86448.849320416,62.8,HFET
392112:10629,201:201,05/15/25 07:12:35,STABLE BEAMS,6800,90307.803995330,87312.884921428,63.5,HFET
392112:10629,202:202,05/15/25 07:12:58,STABLE BEAMS,6800,90069.340005965,87093.471313336,63.3,HFET
392112:10629,203:203,05/15/25 07:13:21,STABLE BEAMS,6800,89669.512628480,86715.624816040,63.1,HFET
392112:10629,204:204,05/15/25 07:13:45,STABLE BEAMS,6800,89325.325458591,86398.186414530,62.8,HFET
392112:10629,205:205,05/15/25 07:14:08,STABLE BEAMS,6800,89050.941800139,86154.361272154,62.6,HFET
392112:10629,206:206,05/15/25 07:14:31,STABLE BEAMS,6800,90198.866824887,87189.764356086,63.4,HFET
392112:10629,207:207,05/15/25 07:14:55,STABLE BEAMS,6800,90802.576118049,87776.869683966,63.8,HFET
392112:10629,208:208,05/15/25 07:15:18,STABLE BEAMS,6800,90575.989419850,87559.307797104,63.7,HFET
392112:10629,209:209,05/15/25 07:15:41,STABLE BEAMS,6800,90063.372335542,85835.948052950,63.3,HFET
392112:10629,210:210,05/15/25 07:16:04,STABLE BEAMS,6800,89744.325581850,86772.637864888,63.1,HFET
392112:10629,211:211,05/15/25 07:16:28,STABLE BEAMS,6800,89509.554696649,86589.285388727,62.9,HFET
392112:10629,212:212,05/15/25 07:16:51,STABLE BEAMS,6800,89158.062260941,86256.607400076,62.7,HFET
392112:10629,213:213,05/15/25 07:17:14,STABLE BEAMS,6800,89706.630083176,86749.940201709,63.1,HFET
392112:10629,214:214,05/15/25 07:17:38,STABLE BEAMS,6800,90522.983522994,87515.420797741,63.7,HFET
392112:10629,215:215,05/15/25 07:18:01,STABLE BEAMS,6800,90112.675317020,87148.928557781,63.4,HFET
392112:10629,216:216,05/15/25 07:18:24,STABLE BEAMS,6800,90065.048417795,87094.558287372,63.3,HFET
392112:10629,217:217,05/15/25 07:18:48,STABLE BEAMS,6800,89805.007117824,86849.325559173,63.1,HFET
392112:10629,218:218,05/15/25 07:19:11,STABLE BEAMS,6800,89424.081860149,86494.858926990,62.9,HFET
392112:10629,219:219,05/15/25 07:19:34,STABLE BEAMS,6800,89002.346861213,86103.949505431,62.6,HFET
392112:10629,220:220,05/15/25 07:19:58,STABLE BEAMS,6800,90338.743656122,87353.772351724,63.5,HFET
392112:10629,221:221,05/15/25 07:20:21,STABLE BEAMS,6800,90284.479471175,87304.555548416,63.5,HFET
392112:10629,222:222,05/15/25 07:20:44,STABLE BEAMS,6800,89941.230907349,85725.896443831,63.2,HFET
392112:10629,223:223,05/15/25 07:21:08,STABLE BEAMS,6800,89823.770245447,86894.024224930,63.2,HFET
392112:10629,224:224,05/15/25 07:21:31,STABLE BEAMS,6800,89358.609999335,86441.522963986,62.8,HFET
392112:10629,225:225,05/15/25 07:21:54,STABLE BEAMS,6800,89276.660205971,86375.501438751,62.8,HFET
392112:10629,226:226,05/15/25 07:22:17,STABLE BEAMS,6800,89036.869250022,86146.768596424,62.6,HFET
392112:10629,227:227,05/15/25 07:22:41,STABLE BEAMS,6800,90415.244138161,87399.065291178,63.6,HFET
392112:10629,228:228,05/15/25 07:23:04,STABLE BEAMS,6800,90427.120611727,87419.218567001,63.6,HFET
392112:10629,229:229,05/15/25 07:23:27,STABLE BEAMS,6800,90265.716343552,87276.920943310,63.5,HFET
392112:10629,230:230,05/15/25 07:23:51,STABLE BEAMS,6800,90138.715094425,87143.193098830,63.4,HFET
392112:10629,231:231,05/15/25 07:24:14,STABLE BEAMS,6800,90241.274158694,87251.960174278,63.5,HFET
392112:10629,232:232,05/15/25 07:24:37,STABLE BEAMS,6800,90548.603053434,87548.354303177,63.7,HFET
392112:10629,233:233,05/15/25 07:25:01,STABLE BEAMS,6800,91387.702155829,88309.741253549,64.3,HFET
392112:10629,234:234,05/15/25 07:25:24,STABLE BEAMS,6800,91920.260530944,88790.323366429,64.6,HFET
392112:10629,235:235,05/15/25 07:25:47,STABLE BEAMS,6800,90480.386505731,86225.917544181,63.6,HFET
392112:10629,236:236,05/15/25 07:26:11,STABLE BEAMS,6800,91216.825978922,88141.665926265,64.1,HFET
392112:10629,237:237,05/15/25 07:26:34,STABLE BEAMS,6800,91776.082300326,68244.515284505,64.5,HFET
392112:10629,238:238,05/15/25 07:26:57,STABLE BEAMS,6800,91050.012461876,87989.244814043,64.0,HFET
392112:10629,239:239,05/15/25 07:27:21,STABLE BEAMS,6800,91034.752754962,87993.344943675,64.0,HFET
392112:10629,240:240,05/15/25 07:27:44,STABLE BEAMS,6800,91483.804624219,88397.291107934,64.3,HFET
392112:10629,241:241,05/15/25 07:28:07,STABLE BEAMS,6800,91631.196027156,88562.517257024,64.4,HFET
392112:10629,242:242,05/15/25 07:28:30,STABLE BEAMS,6800,91911.598047299,85221.227108752,64.6,HFET
392112:10629,243:243,05/15/25 07:28:54,STABLE BEAMS,6800,91143.449550682,72341.036234356,64.1,HFET
392112:10629,244:244,05/15/25 07:29:17,STABLE BEAMS,6800,89766.931434639,86814.555300539,63.1,HFET
392112:10629,245:245,05/15/25 07:29:40,STABLE BEAMS,6800,89805.376673521,86861.485919961,63.1,HFET
392112:10629,246:246,05/15/25 07:30:04,STABLE BEAMS,6800,89806.384775676,68444.519371255,63.1,HFET
392112:10629,247:247,05/15/25 07:30:27,STABLE BEAMS,6800,89660.230403202,86727.057069008,63.0,HFET
392112:10629,248:248,05/15/25 07:30:50,STABLE BEAMS,6800,89673.674218074,85399.060517751,63.1,HFET
392112:10629,249:249,05/15/25 07:31:14,STABLE BEAMS,6800,89310.843290323,86386.433256399,62.8,HFET
392112:10629,250:250,05/15/25 07:31:37,STABLE BEAMS,6800,89469.074448632,86561.132992336,62.9,HFET
392112:10629,251:251,05/15/25 07:32:00,STABLE BEAMS,6800,90580.600690049,87584.927632952,63.7,HFET
392112:10629,252:252,05/15/25 07:32:24,STABLE BEAMS,6800,90354.103110370,87350.647076327,63.5,HFET
392112:10629,253:253,05/15/25 07:32:47,STABLE BEAMS,6800,90137.406932667,87151.913408665,63.4,HFET
392112:10629,254:254,05/15/25 07:33:10,STABLE BEAMS,6800,89954.804720796,87000.027891887,63.3,HFET
392112:10629,255:255,05/15/25 07:33:33,STABLE BEAMS,6800,89761.412627220,86819.994300532,63.1,HFET
392112:10629,256:256,05/15/25 07:33:57,STABLE BEAMS,6800,89444.162960744,86536.054890544,62.9,HFET
392112:10629,257:257,05/15/25 07:34:20,STABLE BEAMS,6800,89272.329372949,86371.540476951,62.8,HFET
392112:10629,258:258,05/15/25 07:34:43,STABLE BEAMS,6800,88959.241296067,86067.339637323,62.6,HFET
392112:10629,259:259,05/15/25 07:35:07,STABLE BEAMS,6800,90177.139893279,87216.101678791,63.4,HFET
392112:10629,260:260,05/15/25 07:35:30,STABLE BEAMS,6800,90240.984727905,87255.676427520,63.5,HFET
392112:10629,261:261,05/15/25 07:35:53,STABLE BEAMS,6800,89888.683684710,85688.223626903,63.2,HFET
392112:10629,262:262,05/15/25 07:36:17,STABLE BEAMS,6800,89679.892074433,86745.686320300,63.1,HFET
392112:10629,263:263,05/15/25 07:36:40,STABLE BEAMS,6800,89690.700760963,86743.321358011,63.1,HFET
392112:10629,264:264,05/15/25 07:37:03,STABLE BEAMS,6800,89425.010654997,86489.736571104,62.9,HFET
392112:10629,265:265,05/15/25 07:37:27,STABLE BEAMS,6800,88996.558245432,86117.393931952,62.6,HFET
392112:10629,266:266,05/15/25 07:37:50,STABLE BEAMS,6800,88718.332679415,85854.707338015,62.4,HFET
392112:10629,267:267,05/15/25 07:38:13,STABLE BEAMS,6800,88501.516314351,85624.732488332,62.2,HFET
392112:10629,268:268,05/15/25 07:38:36,STABLE BEAMS,6800,86315.650782307,73785.743864747,60.7,HFET
392112:10629,269:269,05/15/25 07:39:00,STABLE BEAMS,6800,84740.221765269,74159.186767707,59.6,HFET
392112:10629,270:270,05/15/25 07:39:23,STABLE BEAMS,6800,85657.498249558,83037.582111091,60.2,HFET
392112:10629,271:271,05/15/25 07:39:46,STABLE BEAMS,6800,89548.618859563,86617.916229875,63.0,HFET
392112:10629,272:272,05/15/25 07:40:10,STABLE BEAMS,6800,91423.462392702,88362.844666393,64.3,HFET
392112:10629,273:273,05/15/25 07:40:33,STABLE BEAMS,6800,91252.017165429,88193.826253667,64.2,HFET
392112:10629,274:274,05/15/25 07:40:56,STABLE BEAMS,6800,90913.589177683,86615.392927534,63.9,HFET
392112:10629,275:275,05/15/25 07:41:20,STABLE BEAMS,6800,90752.165287082,87735.695348264,63.8,HFET
392112:10629,276:276,05/15/25 07:41:43,STABLE BEAMS,6800,90515.198325329,87515.878712077,63.6,HFET
392112:10629,277:277,05/15/25 07:42:06,STABLE BEAMS,6800,90141.878393077,87153.529175632,63.4,HFET
392112:10629,278:278,05/15/25 07:42:30,STABLE BEAMS,6800,89857.105477459,86907.569370981,63.2,HFET
392112:10629,279:279,05/15/25 07:42:53,STABLE BEAMS,6800,89664.791799733,86730.788498495,63.0,HFET
392112:10629,280:280,05/15/25 07:43:16,STABLE BEAMS,6800,89647.685131937,86728.763998588,63.0,HFET
392112:10629,281:281,05/15/25 07:43:40,STABLE BEAMS,6800,89291.171807879,86397.776854954,62.8,HFET
392112:10629,282:282,05/15/25 07:44:03,STABLE BEAMS,6800,88940.557475750,86066.847835895,62.5,HFET
392112:10629,283:283,05/15/25 07:44:26,STABLE BEAMS,6800,90190.483143216,87231.808911591,63.4,HFET
392112:10629,284:284,05/15/25 07:44:49,STABLE BEAMS,6800,90187.329655777,87202.459165873,63.4,HFET
392112:10629,285:285,05/15/25 07:45:13,STABLE BEAMS,6800,89720.841625481,86799.191249328,63.1,HFET
392112:10629,286:286,05/15/25 07:45:36,STABLE BEAMS,6800,89527.450349506,86614.940747393,63.0,HFET
392112:10629,287:287,05/15/25 07:45:59,STABLE BEAMS,6800,89150.197755968,85031.870787752,62.7,HFET
392112:10629,288:288,05/15/25 07:46:23,STABLE BEAMS,6800,90135.151988835,87174.872630207,63.4,HFET
392112:10629,289:289,05/15/25 07:46:46,STABLE BEAMS,6800,90469.328450866,87481.967444542,63.6,HFET
392112:10629,290:290,05/15/25 07:47:09,STABLE BEAMS,6800,90381.130549902,87424.436418198,63.6,HFET
392112:10629,291:291,05/15/25 07:47:33,STABLE BEAMS,6800,90565.759594898,87554.326259308,63.7,HFET
392112:10629,292:292,05/15/25 07:47:56,STABLE BEAMS,6800,90939.727884821,87909.505841809,63.9,HFET
392112:10629,293:293,05/15/25 07:48:19,STABLE BEAMS,6800,91444.550777851,88380.258576424,64.3,HFET
392112:10629,294:294,05/15/25 07:48:43,STABLE BEAMS,6800,91760.293605501,88656.453234036,64.5,HFET
392112:10629,295:295,05/15/25 07:49:06,STABLE BEAMS,6800,90884.905278323,87840.164040925,63.9,HFET
392112:10629,296:296,05/15/25 07:49:29,STABLE BEAMS,6800,91638.591229098,88544.794890447,64.4,HFET
392112:10629,297:297,05/15/25 07:49:53,STABLE BEAMS,6800,90943.610672440,87911.178396762,63.9,HFET
392112:10629,298:298,05/15/25 07:50:16,STABLE BEAMS,6800,90193.877005379,87234.768211232,63.4,HFET
392112:10629,299:299,05/15/25 07:50:39,STABLE BEAMS,6800,90680.056140546,87660.366925999,63.8,HFET
392112:10629,300:300,05/15/25 07:51:02,STABLE BEAMS,6800,91103.777092551,86824.344667033,64.1,HFET
392112:10629,301:301,05/15/25 07:51:26,STABLE BEAMS,6800,91254.073432193,88213.027210002,64.2,HFET
392112:10629,302:302,05/15/25 07:51:49,STABLE BEAMS,6800,91343.698047075,88286.092603516,64.2,HFET
392112:10629,303:303,05/15/25 07:52:12,STABLE BEAMS,6800,91279.124729870,88228.487265588,64.2,HFET
392112:10629,304:304,05/15/25 07:52:36,STABLE BEAMS,6800,91605.975486053,88526.966132762,64.4,HFET
392112:10629,305:305,05/15/25 07:52:59,STABLE BEAMS,6800,91520.382462191,88436.091319932,64.4,HFET
392112:10629,306:306,05/15/25 07:53:22,STABLE BEAMS,6800,91361.663196025,88315.260028187,64.2,HFET
392112:10629,307:307,05/15/25 07:53:46,STABLE BEAMS,6800,91239.701640073,88190.918433238,64.2,HFET
392112:10629,308:308,05/15/25 07:54:09,STABLE BEAMS,6800,91125.544904213,88087.337123878,64.1,HFET
392112:10629,309:309,05/15/25 07:54:32,STABLE BEAMS,6800,91035.820541997,87980.659724627,64.0,HFET
392112:10629,310:310,05/15/25 07:54:56,STABLE BEAMS,6800,90890.913828800,87894.893205675,63.9,HFET
392112:10629,311:311,05/15/25 07:55:19,STABLE BEAMS,6800,90531.476763212,87509.494759343,63.7,HFET
392112:10629,312:312,05/15/25 07:55:42,STABLE BEAMS,6800,90182.758448032,87208.798276911,63.4,HFET
392112:10629,313:313,05/15/25 07:56:06,STABLE BEAMS,6800,90029.368305831,85825.346876144,63.3,HFET
392112:10629,314:314,05/15/25 07:56:29,STABLE BEAMS,6800,89789.527476215,86853.691705238,63.1,HFET
392112:10629,315:315,05/15/25 07:56:52,STABLE BEAMS,6800,89448.963914398,86533.884660529,62.9,HFET
392112:10629,316:316,05/15/25 07:57:15,STABLE BEAMS,6800,89146.454778137,86267.619813865,62.7,HFET
392112:10629,317:317,05/15/25 07:57:39,STABLE BEAMS,6800,89718.406809408,86786.176554301,63.1,HFET
392112:10629,318:318,05/15/25 07:58:02,STABLE BEAMS,6800,90534.700564345,87548.654451497,63.7,HFET
392112:10629,319:319,05/15/25 07:58:25,STABLE BEAMS,6800,90244.538022282,87275.457923055,63.5,HFET
392112:10629,320:320,05/15/25 07:58:49,STABLE BEAMS,6800,89973.158230268,65394.751347547,63.3,HFET
392112:10629,321:321,05/15/25 07:59:12,STABLE BEAMS,6800,89509.485200556,45268.960718785,62.9,HFET
392112:10629,322:322,05/15/25 07:59:35,STABLE BEAMS,6800,89333.529268020,86430.798348011,62.8,HFET
392112:10629,323:323,05/15/25 07:59:59,STABLE BEAMS,6800,88999.921856354,86150.023443219,62.6,HFET
392112:10629,324:324,05/15/25 08:00:22,STABLE BEAMS,6800,90673.428666037,87676.059050391,63.8,HFET
392112:10629,325:325,05/15/25 08:00:45,STABLE BEAMS,6800,90523.272953783,87495.420891758,63.7,HFET
392112:10629,326:326,05/15/25 08:01:09,STABLE BEAMS,6800,90287.184095611,87306.893749616,63.5,HFET
392112:10629,327:327,05/15/25 08:01:32,STABLE BEAMS,6800,89978.737540168,85765.372615971,63.3,HFET
392112:10629,328:328,05/15/25 08:01:55,STABLE BEAMS,6800,89735.283731295,86797.292985722,63.1,HFET
392112:10629,329:329,05/15/25 08:02:18,STABLE BEAMS,6800,89377.573439228,86425.734883558,62.8,HFET
392112:10629,330:330,05/15/25 08:02:42,STABLE BEAMS,6800,89667.536486623,86735.442251676,63.1,HFET
392112:10629,331:331,05/15/25 08:03:05,STABLE BEAMS,6800,89029.982595964,86156.215651580,62.6,HFET
392112:10629,332:332,05/15/25 08:03:28,STABLE BEAMS,6800,91045.800998614,54990.445701391,64.0,HFET
392112:10629,333:333,05/15/25 08:03:52,STABLE BEAMS,6800,90849.305291266,81852.691234224,63.9,HFET
392112:10629,334:334,05/15/25 08:04:15,STABLE BEAMS,6800,90633.456965903,87632.704400821,63.7,HFET
392112:10629,335:335,05/15/25 08:04:38,STABLE BEAMS,6800,90565.270669441,87572.830312061,63.7,HFET
392112:10629,336:336,05/15/25 08:05:02,STABLE BEAMS,6800,90286.465424245,87318.173296158,63.5,HFET
392112:10629,337:337,05/15/25 08:05:25,STABLE BEAMS,6800,90189.954155305,87245.309819591,63.4,HFET
392112:10629,338:338,05/15/25 08:05:48,STABLE BEAMS,6800,90163.575891045,87195.176753072,63.4,HFET
392112:10629,339:339,05/15/25 08:06:12,STABLE BEAMS,6800,90261.355259289,87285.289409050,63.5,HFET
392112:10629,340:340,05/15/25 08:06:35,STABLE BEAMS,6800,90559.192622870,86305.829881008,63.7,HFET
392112:10629,341:341,05/15/25 08:06:58,STABLE BEAMS,6800,91229.870804458,88192.896490230,64.2,HFET
392112:10629,342:342,05/15/25 08:07:22,STABLE BEAMS,6800,91576.852534903,88516.539346528,64.4,HFET
392112:10629,343:343,05/15/25 08:07:45,STABLE BEAMS,6800,91880.478514265,88759.409025966,64.6,HFET
392112:10629,344:344,05/15/25 08:08:08,STABLE BEAMS,6800,91667.535125607,88587.006118984,64.5,HFET
392112:10629,345:345,05/15/25 08:08:31,STABLE BEAMS,6800,91311.331672365,88254.670517885,64.2,HFET
392112:10629,346:346,05/15/25 08:08:55,STABLE BEAMS,6800,89851.276799224,86916.116200716,63.2,HFET
392112:10629,347:347,05/15/25 08:09:18,STABLE BEAMS,6800,90424.106934075,87449.675436447,63.6,HFET
392112:10629,348:348,05/15/25 08:09:41,STABLE BEAMS,6800,91060.472032736,88030.778397008,64.0,HFET
392112:10629,349:349,05/15/25 08:10:05,STABLE BEAMS,6800,91571.792401701,88505.246299807,64.4,HFET
392112:10629,350:350,05/15/25 08:10:28,STABLE BEAMS,6800,91690.580030186,88605.821568862,64.5,HFET
392112:10629,351:351,05/15/25 08:10:51,STABLE BEAMS,6800,91833.181108284,88604.590783961,64.6,HFET
392112:10629,352:352,05/15/25 08:11:15,STABLE BEAMS,6800,90287.044285823,87307.033352459,63.5,HFET
392112:10629,353:353,05/15/25 08:11:38,STABLE BEAMS,6800,89956.171749833,85762.353681743,63.3,HFET
392112:10629,354:354,05/15/25 08:12:01,STABLE BEAMS,6800,89920.591385203,86973.283566234,63.2,HFET
392112:10629,355:355,05/15/25 08:12:25,STABLE BEAMS,6800,90343.623917083,87374.145930680,63.5,HFET
392112:10629,356:356,05/15/25 08:12:48,STABLE BEAMS,6800,90515.168891689,87523.522455241,63.6,HFET
392112:10629,357:357,05/15/25 08:13:11,STABLE BEAMS,6800,90305.348739229,87332.892692841,63.5,HFET
392112:10629,358:358,05/15/25 08:13:35,STABLE BEAMS,6800,90329.501493298,87353.540577188,63.5,HFET
392112:10629,359:359,05/15/25 08:13:58,STABLE BEAMS,6800,90364.732742259,87386.657085344,63.5,HFET
392112:10629,360:360,05/15/25 08:14:21,STABLE BEAMS,6800,90026.444564301,87089.260293383,63.3,HFET
392112:10629,361:361,05/15/25 08:14:44,STABLE BEAMS,6800,89881.827281893,86960.100120716,63.2,HFET
392112:10629,362:362,05/15/25 08:15:08,STABLE BEAMS,6800,89779.107967808,86857.731158526,63.1,HFET
392112:10629,363:363,05/15/25 08:15:31,STABLE BEAMS,6800,89485.002953245,86573.271873807,62.9,HFET
392112:10629,364:364,05/15/25 08:15:54,STABLE BEAMS,6800,89341.234340777,86441.876828218,62.8,HFET
392112:10629,365:365,05/15/25 08:16:18,STABLE BEAMS,6800,89046.949453972,86190.766644631,62.6,HFET
392112:10629,366:366,05/15/25 08:16:41,STABLE BEAMS,6800,89702.956601438,85539.353997818,63.1,HFET
392112:10629,367:367,05/15/25 08:17:04,STABLE BEAMS,6800,90436.033281308,87463.727811699,63.6,HFET
392112:10629,368:368,05/15/25 08:17:28,STABLE BEAMS,6800,90108.912716762,87137.603939353,63.4,HFET
392112:10629,369:369,05/15/25 08:17:51,STABLE BEAMS,6800,89893.504260790,86944.207327931,63.2,HFET
392112:10629,370:370,05/15/25 08:18:14,STABLE BEAMS,6800,89794.397925962,86864.691702119,63.1,HFET
392112:10629,371:371,05/15/25 08:18:37,STABLE BEAMS,6800,89582.971187343,86662.885985551,63.0,HFET
392112:10629,372:372,05/15/25 08:19:01,STABLE BEAMS,6800,89416.267228844,66748.653249552,62.9,HFET
392112:10629,373:373,05/15/25 08:19:24,STABLE BEAMS,6800,89084.505960459,86216.348155148,62.6,HFET
392112:10629,374:374,05/15/25 08:19:47,STABLE BEAMS,6800,90296.356762342,87320.298716062,63.5,HFET
392112:10629,375:375,05/15/25 08:20:11,STABLE BEAMS,6800,90368.644963518,87399.695542799,63.5,HFET
392112:10629,376:376,05/15/25 08:20:34,STABLE BEAMS,6800,90233.319717601,87259.052227329,63.4,HFET
392112:10629,377:377,05/15/25 08:20:57,STABLE BEAMS,6800,89696.259630835,86767.463779090,63.1,HFET
392112:10629,378:378,05/15/25 08:21:21,STABLE BEAMS,6800,89392.453779231,86484.059496916,62.9,HFET
392112:10629,379:379,05/15/25 08:21:44,STABLE BEAMS,6800,89350.116759118,85205.324216466,62.8,HFET
392112:10629,380:380,05/15/25 08:22:07,STABLE BEAMS,6800,89115.665555947,86236.378762319,62.7,HFET
392112:10629,381:381,05/15/25 08:22:31,STABLE BEAMS,6800,89956.520865503,87018.598862017,63.3,HFET
392112:10629,382:382,05/15/25 08:22:54,STABLE BEAMS,6800,90543.224055804,67444.278404534,63.7,HFET
392112:10629,383:383,05/15/25 08:23:17,STABLE BEAMS,6800,90291.935175598,87336.692407974,63.5,HFET
392112:10629,384:384,05/15/25 08:23:41,STABLE BEAMS,6800,89971.321898200,87002.919523975,63.3,HFET
392112:10629,385:385,05/15/25 08:24:04,STABLE BEAMS,6800,89575.256303371,86673.777740636,63.0,HFET
392112:10629,386:386,05/15/25 08:24:27,STABLE BEAMS,6800,89301.372199191,86417.539098646,62.8,HFET
392112:10629,387:387,05/15/25 08:24:51,STABLE BEAMS,6800,89231.199132058,86347.058944436,62.7,HFET
392112:10629,388:388,05/15/25 08:25:14,STABLE BEAMS,6800,90917.951079546,87890.435022728,63.9,HFET
392112:10629,389:389,05/15/25 08:25:37,STABLE BEAMS,6800,90507.113885661,87527.639997291,63.6,HFET
392112:10629,390:390,05/15/25 08:26:00,STABLE BEAMS,6800,90377.138203736,87400.907454034,63.6,HFET
392112:10629,391:391,05/15/25 08:26:24,STABLE BEAMS,6800,90015.395503047,87009.763300097,63.3,HFET
392112:10629,392:392,05/15/25 08:26:47,STABLE BEAMS,6800,89728.676696813,85557.123776989,63.1,HFET
392112:10629,393:393,05/15/25 08:27:10,STABLE BEAMS,6800,89718.925986106,66830.129571267,63.1,HFET
392112:10629,394:394,05/15/25 08:27:34,STABLE BEAMS,6800,89549.985888601,86622.076116734,63.0,HFET
392112:10629,395:395,05/15/25 08:27:57,STABLE BEAMS,6800,89303.687645504,86424.443969281,62.8,HFET
392112:10629,396:396,05/15/25 08:28:20,STABLE BEAMS,6800,89010.790227764,86129.791705926,62.6,HFET
392112:10629,397:397,05/15/25 08:28:44,STABLE BEAMS,6800,90656.522310510,87656.882464212,63.7,HFET
392112:10629,398:398,05/15/25 08:29:07,STABLE BEAMS,6800,90325.119969008,87356.855190115,63.5,HFET
392112:10629,399:399,05/15/25 08:29:30,STABLE BEAMS,6800,90121.049187477,87164.276705802,63.4,HFET
392112:10629,400:400,05/15/25 08:29:54,STABLE BEAMS,6800,89999.516872102,87058.839493001,63.3,HFET
392112:10629,401:401,05/15/25 08:30:17,STABLE BEAMS,6800,89682.197709532,86762.768248782,63.1,HFET
392112:10629,402:402,05/15/25 08:30:40,STABLE BEAMS,6800,89458.265762102,86536.379170114,62.9,HFET
392112:10629,403:403,05/15/25 08:31:04,STABLE BEAMS,6800,89383.142120314,86494.314577229,62.9,HFET
392112:10629,404:404,05/15/25 08:31:27,STABLE BEAMS,6800,89239.492877607,86359.474862610,62.8,HFET
392112:10629,405:405,05/15/25 08:31:50,STABLE BEAMS,6800,88959.031990186,84849.411062467,62.6,HFET
392112:10629,406:406,05/15/25 08:32:13,STABLE BEAMS,6800,90356.339249376,87372.676580397,63.5,HFET
392112:10629,407:407,05/15/25 08:32:37,STABLE BEAMS,6800,90366.689261689,87380.366367451,63.5,HFET
392112:10629,408:408,05/15/25 08:33:00,STABLE BEAMS,6800,90312.534635289,87337.886667904,63.5,HFET
392112:10629,409:409,05/15/25 08:33:23,STABLE BEAMS,6800,90202.679298812,87256.127182172,63.4,HFET
392112:10629,410:410,05/15/25 08:33:47,STABLE BEAMS,6800,89956.321370834,86999.846967068,63.3,HFET
392112:10629,411:411,05/15/25 08:34:10,STABLE BEAMS,6800,89893.803502792,86967.414629017,63.2,HFET
392112:10629,412:412,05/15/25 08:34:33,STABLE BEAMS,6800,89624.101428234,86704.309518122,63.0,HFET
392112:10629,413:413,05/15/25 08:34:57,STABLE BEAMS,6800,89276.021659513,86384.758579488,62.8,HFET
392112:10629,414:414,05/15/25 08:35:20,STABLE BEAMS,6800,89137.233055340,86264.247634311,62.7,HFET
392112:10629,415:415,05/15/25 08:35:43,STABLE BEAMS,6800,89304.645873992,86289.626875398,62.8,HFET
392112:10629,416:416,05/15/25 08:36:07,STABLE BEAMS,6800,90787.795525379,47023.711733908,63.8,HFET
392112:10629,417:417,05/15/25 08:36:30,STABLE BEAMS,6800,90739.440143575,87732.493972903,63.8,HFET
392112:10629,418:418,05/15/25 08:36:53,STABLE BEAMS,6800,90545.779059238,87559.271075196,63.7,HFET
392112:10629,419:419,05/15/25 08:37:17,STABLE BEAMS,6800,90404.334886696,86174.483431933,63.6,HFET
392112:10629,420:420,05/15/25 08:37:40,STABLE BEAMS,6800,90171.380711137,87212.453372517,63.4,HFET
392112:10629,421:421,05/15/25 08:38:03,STABLE BEAMS,6800,89648.693234092,86738.092473310,63.0,HFET
392112:10629,422:422,05/15/25 08:38:26,STABLE BEAMS,6800,89391.106372620,86516.653125269,62.9,HFET
392112:10629,423:423,05/15/25 08:38:50,STABLE BEAMS,6800,89792.881275923,86871.906268035,63.1,HFET
392112:10629,424:424,05/15/25 08:39:13,STABLE BEAMS,6800,90391.929425219,65313.815070417,63.6,HFET
392112:10629,425:425,05/15/25 08:39:36,STABLE BEAMS,6800,91287.887778450,67952.366144623,64.2,HFET
392112:10629,426:426,05/15/25 08:40:00,STABLE BEAMS,6800,92040.914742738,88933.383386349,64.7,HFET
392112:10629,427:427,05/15/25 08:40:23,STABLE BEAMS,6800,91303.875967942,88267.547914459,64.2,HFET
392112:10629,428:428,05/15/25 08:40:46,STABLE BEAMS,6800,91801.862080582,88700.437014535,64.6,HFET
392112:10629,429:429,05/15/25 08:41:10,STABLE BEAMS,6800,90447.600701658,87450.048954167,63.6,HFET
392112:10629,430:430,05/15/25 08:41:33,STABLE BEAMS,6800,90902.481249150,87888.269671679,63.9,HFET
392112:10629,431:431,05/15/25 08:41:56,STABLE BEAMS,6800,91502.797497751,88421.856992489,64.3,HFET
392112:10629,432:432,05/15/25 08:42:19,STABLE BEAMS,6800,92093.582152739,87707.901334808,64.8,HFET
392112:10629,433:433,05/15/25 08:42:43,STABLE BEAMS,6800,90723.321137907,87709.195617433,63.8,HFET
392112:10629,434:434,05/15/25 08:43:06,STABLE BEAMS,6800,90704.558010284,87700.339355887,63.8,HFET
392112:10629,435:435,05/15/25 08:43:29,STABLE BEAMS,6800,91119.127553186,88078.483341942,64.1,HFET
392112:10629,436:436,05/15/25 08:43:53,STABLE BEAMS,6800,91317.918266819,88261.109770709,64.2,HFET
392112:10629,437:437,05/15/25 08:44:16,STABLE BEAMS,6800,91253.165077372,88190.196872368,64.2,HFET
392112:10629,438:438,05/15/25 08:44:39,STABLE BEAMS,6800,91177.613012608,88124.727730409,64.1,HFET
392112:10629,439:439,05/15/25 08:45:03,STABLE BEAMS,6800,91182.753270718,88153.541225788,64.1,HFET
392112:10629,440:440,05/15/25 08:45:26,STABLE BEAMS,6800,91090.683210949,88067.344676092,64.1,HFET
392112:10629,441:441,05/15/25 08:45:49,STABLE BEAMS,6800,91152.242850503,88091.738534220,64.1,HFET
392112:10629,442:442,05/15/25 08:46:13,STABLE BEAMS,6800,90886.442368389,87866.359088429,63.9,HFET
392112:10629,443:443,05/15/25 08:46:36,STABLE BEAMS,6800,90787.685966832,87764.434271407,63.8,HFET
392112:10629,444:444,05/15/25 08:46:59,STABLE BEAMS,6800,90514.899083326,87539.021348821,63.6,HFET
392112:10629,445:445,05/15/25 08:47:23,STABLE BEAMS,6800,90061.975055264,85865.779252041,63.3,HFET
392112:10629,446:446,05/15/25 08:47:46,STABLE BEAMS,6800,89642.414875252,86725.588529389,63.0,HFET
392112:10629,447:447,05/15/25 08:48:09,STABLE BEAMS,6800,89618.930918883,86700.278646052,63.0,HFET
392112:10629,448:448,05/15/25 08:48:32,STABLE BEAMS,6800,89479.114590129,86561.251738023,62.9,HFET
392112:10629,449:449,05/15/25 08:48:56,STABLE BEAMS,6800,89006.958131412,86160.810009785,62.6,HFET
392112:10629,450:450,05/15/25 08:49:19,STABLE BEAMS,6800,89395.767516486,86496.718004632,62.9,HFET
392112:10629,451:451,05/15/25 08:49:42,STABLE BEAMS,6800,90244.777579404,87251.976583091,63.5,HFET
392112:10629,452:452,05/15/25 08:50:06,STABLE BEAMS,6800,89833.322279088,86893.476042694,63.2,HFET
392112:10629,453:453,05/15/25 08:50:29,STABLE BEAMS,6800,89505.962157420,86590.840265118,62.9,HFET
392112:10629,454:454,05/15/25 08:50:52,STABLE BEAMS,6800,89128.340825786,86241.381039272,62.7,HFET
392112:10629,455:455,05/15/25 08:51:16,STABLE BEAMS,6800,90086.007621971,87127.762132562,63.3,HFET
392112:10629,456:456,05/15/25 08:51:39,STABLE BEAMS,6800,90193.218018893,87234.579402912,63.4,HFET
392112:10629,457:457,05/15/25 08:52:02,STABLE BEAMS,6800,89886.866975067,86953.235320022,63.2,HFET
392112:10629,458:458,05/15/25 08:52:26,STABLE BEAMS,6800,89662.854902730,85505.852722645,63.0,HFET
392112:10629,459:459,05/15/25 08:52:49,STABLE BEAMS,6800,89305.025240902,66464.378683166,62.8,HFET
392112:10629,460:460,05/15/25 08:53:12,STABLE BEAMS,6800,89397.563786101,86487.784349071,62.9,HFET
392112:10629,461:461,05/15/25 08:53:36,STABLE BEAMS,6800,89245.960919902,86361.527786037,62.8,HFET
392112:10629,462:462,05/15/25 08:53:59,STABLE BEAMS,6800,89578.799786535,86667.366097391,63.0,HFET
392112:10629,463:463,05/15/25 08:54:22,STABLE BEAMS,6800,89719.694531139,61959.058111325,63.1,HFET
392112:10629,464:464,05/15/25 08:54:45,STABLE BEAMS,6800,89421.087804924,77274.046043155,62.9,HFET
392112:10629,465:465,05/15/25 08:55:09,STABLE BEAMS,6800,89498.436956904,86585.972019571,62.9,HFET
392112:10629,466:466,05/15/25 08:55:32,STABLE BEAMS,6800,89580.995045486,86550.858254004,63.0,HFET
392112:10629,467:467,05/15/25 08:55:55,STABLE BEAMS,6800,89881.128232953,86957.957222890,63.2,HFET
392112:10629,468:468,05/15/25 08:56:19,STABLE BEAMS,6800,90144.403962873,87197.865837773,63.4,HFET
392112:10629,469:469,05/15/25 08:56:42,STABLE BEAMS,6800,90466.892817192,87474.085858987,63.6,HFET
392112:10629,470:470,05/15/25 08:57:05,STABLE BEAMS,6800,90797.556047300,87672.186594397,63.8,HFET
392112:10629,471:471,05/15/25 08:57:29,STABLE BEAMS,6800,91190.418281022,86870.136915735,64.1,HFET
392112:10629,472:472,05/15/25 08:57:52,STABLE BEAMS,6800,91673.143869147,88569.527169373,64.5,HFET
392112:10629,473:473,05/15/25 08:58:15,STABLE BEAMS,6800,91844.748528633,88736.119654214,64.6,HFET
392112:10629,474:474,05/15/25 08:58:39,STABLE BEAMS,6800,90290.986758323,87304.979918811,63.5,HFET
392112:10629,475:475,05/15/25 08:59:02,STABLE BEAMS,6800,90555.269772797,87573.089945738,63.7,HFET
392112:10629,476:476,05/15/25 08:59:25,STABLE BEAMS,6800,90636.311211340,50298.523563335,63.7,HFET
392112:10629,477:477,05/15/25 08:59:49,STABLE BEAMS,6800,90600.212487613,82950.280850880,63.7,HFET
392112:10629,478:478,05/15/25 09:00:12,STABLE BEAMS,6800,90684.956841534,87668.140491109,63.8,HFET
392112:10629,479:479,05/15/25 09:00:35,STABLE BEAMS,6800,90819.483291177,87801.981946156,63.9,HFET
392112:10629,480:480,05/15/25 09:00:58,STABLE BEAMS,6800,90740.208688609,87734.177463074,63.8,HFET
392112:10629,481:481,05/15/25 09:01:22,STABLE BEAMS,6800,90652.769521465,87666.147200358,63.7,HFET
392112:10629,482:482,05/15/25 09:01:45,STABLE BEAMS,6800,90771.926705647,87770.866874756,63.8,HFET
392112:10629,483:483,05/15/25 09:02:08,STABLE BEAMS,6800,90617.019095806,87628.181290499,63.7,HFET
392112:10629,484:484,05/15/25 09:02:32,STABLE BEAMS,6800,90439.466388323,87438.723113277,63.6,HFET
392112:10629,485:485,05/15/25 09:02:55,STABLE BEAMS,6800,90264.718052610,86037.631190193,63.5,HFET
392112:10629,486:486,05/15/25 09:03:18,STABLE BEAMS,6800,90058.172392552,87095.354639925,63.3,HFET
392112:10629,487:487,05/15/25 09:03:42,STABLE BEAMS,6800,89743.916781301,86801.375091655,63.1,HFET
392112:10629,488:488,05/15/25 09:04:05,STABLE BEAMS,6800,89481.080920772,86572.759562821,62.9,HFET
392112:10629,489:489,05/15/25 09:04:28,STABLE BEAMS,6800,89173.452784030,86281.784210814,62.7,HFET
392112:10629,490:490,05/15/25 09:04:52,STABLE BEAMS,6800,89378.022302231,86473.548667587,62.8,HFET
392112:10629,491:491,05/15/25 09:05:15,STABLE BEAMS,6800,90611.680160629,87613.717134251,63.7,HFET
392112:10629,492:492,05/15/25 09:05:38,STABLE BEAMS,6800,90440.065689929,87437.337638485,63.6,HFET
392112:10629,493:493,05/15/25 09:06:02,STABLE BEAMS,6800,90285.517824571,87304.369323774,63.5,HFET
392112:10629,494:494,05/15/25 09:06:25,STABLE BEAMS,6800,90159.613796119,87203.951667723,63.4,HFET
392112:10629,495:495,05/15/25 09:06:48,STABLE BEAMS,6800,90528.412394292,87527.813158146,63.7,HFET
392112:10629,496:496,05/15/25 09:07:11,STABLE BEAMS,6800,89675.550612596,86748.648636867,63.1,HFET
392112:10629,497:497,05/15/25 09:07:35,STABLE BEAMS,6800,89123.060757888,85006.681296759,62.7,HFET
392112:10629,498:498,05/15/25 09:07:58,STABLE BEAMS,6800,89776.922520070,86827.725109662,63.1,HFET
392112:10629,499:499,05/15/25 09:08:21,STABLE BEAMS,6800,90939.698451181,87905.282322456,63.9,HFET
392112:10629,500:500,05/15/25 09:08:45,STABLE BEAMS,6800,90636.910512946,87626.041432725,63.7,HFET
392112:10629,501:501,05/15/25 09:09:08,STABLE BEAMS,6800,90418.238193386,87432.329117879,63.6,HFET
392112:10629,502:502,05/15/25 09:09:31,STABLE BEAMS,6800,90115.280194122,87162.508926205,63.4,HFET
392112:10629,503:503,05/15/25 09:09:55,STABLE BEAMS,6800,89987.999325419,87026.386605977,63.3,HFET
392112:10629,504:504,05/15/25 09:10:18,STABLE BEAMS,6800,89963.447582014,87003.278652509,63.3,HFET
392112:10629,505:505,05/15/25 09:10:41,STABLE BEAMS,6800,89585.496757138,86670.477386774,63.0,HFET
392112:10629,506:506,05/15/25 09:11:05,STABLE BEAMS,6800,89138.900143981,86268.151272374,62.7,HFET
392112:10629,507:507,05/15/25 09:11:28,STABLE BEAMS,6800,89388.890673642,86497.015205652,62.9,HFET
392112:10629,508:508,05/15/25 09:11:51,STABLE BEAMS,6800,90043.969843860,87083.388784973,63.3,HFET
392112:10629,509:509,05/15/25 09:12:14,STABLE BEAMS,6800,89721.670672995,86803.994150710,63.1,HFET
392112:10629,510:510,05/15/25 09:12:38,STABLE BEAMS,6800,89284.924517881,85148.919629606,62.8,HFET
392112:10629,511:511,05/15/25 09:13:01,STABLE BEAMS,6800,89937.987483788,86996.031065696,63.2,HFET
392112:10629,512:512,05/15/25 09:13:24,STABLE BEAMS,6800,91473.993411030,78072.319480465,64.3,HFET
392112:10629,513:513,05/15/25 09:13:48,STABLE BEAMS,6800,91306.620654832,79638.277881594,64.2,HFET
392112:10629,514:514,05/15/25 09:14:11,STABLE BEAMS,6800,91168.809901574,88151.883945421,64.1,HFET
392112:10629,515:515,05/15/25 09:14:34,STABLE BEAMS,6800,91267.397059704,88210.724239959,64.2,HFET
392112:10629,516:516,05/15/25 09:14:58,STABLE BEAMS,6800,91307.858502896,88275.966205519,64.2,HFET
392112:10629,517:517,05/15/25 09:15:21,STABLE BEAMS,6800,91429.310693363,73332.784119876,64.3,HFET
392112:10629,518:518,05/15/25 09:15:44,STABLE BEAMS,6800,91434.939876931,83159.847822621,64.3,HFET
392112:10629,519:519,05/15/25 09:16:08,STABLE BEAMS,6800,91460.030419460,88389.404167178,64.3,HFET
392112:10629,520:520,05/15/25 09:16:31,STABLE BEAMS,6800,93439.080483082,90204.480408015,65.7,HFET
392112:10629,521:521,05/15/25 09:16:54,STABLE BEAMS,6800,91165.117615011,88111.205300367,64.1,HFET
392112:10629,522:522,05/15/25 09:17:17,STABLE BEAMS,6800,90160.012785455,87202.039542702,63.4,HFET
392112:10629,523:523,05/15/25 09:17:41,STABLE BEAMS,6800,90024.068615507,86941.940973374,63.3,HFET
392112:10629,524:524,05/15/25 09:18:04,STABLE BEAMS,6800,90074.819568531,66738.227928581,63.3,HFET
392112:10629,525:525,05/15/25 09:18:27,STABLE BEAMS,6800,90159.644047360,87203.802582459,63.4,HFET
392112:10629,526:526,05/15/25 09:18:51,STABLE BEAMS,6800,89777.231573285,86834.295874722,63.1,HFET
392112:10629,527:527,05/15/25 09:19:14,STABLE BEAMS,6800,89647.764439244,86740.687093015,63.0,HFET
392112:10629,528:528,05/15/25 09:19:37,STABLE BEAMS,6800,89462.257290668,86545.048789478,62.9,HFET
392112:10629,529:529,05/15/25 09:20:01,STABLE BEAMS,6800,89153.151748739,86253.178527914,62.7,HFET
392112:10629,530:530,05/15/25 09:20:24,STABLE BEAMS,6800,88969.810425475,86103.488966876,62.6,HFET
392112:10629,531:531,05/15/25 09:20:47,STABLE BEAMS,6800,90032.622358205,87076.412673230,63.3,HFET
392112:10629,532:532,05/15/25 09:21:11,STABLE BEAMS,6800,90128.284957204,87164.655353636,63.4,HFET
392112:10629,533:533,05/15/25 09:21:34,STABLE BEAMS,6800,89989.216733455,87035.231802832,63.3,HFET
392112:10629,534:534,05/15/25 09:21:57,STABLE BEAMS,6800,90140.760732375,87181.919088350,63.4,HFET
392112:10629,535:535,05/15/25 09:22:21,STABLE BEAMS,6800,90284.599658537,87322.257114291,63.5,HFET
392112:10629,536:536,05/15/25 09:22:44,STABLE BEAMS,6800,89873.133729406,86941.645391542,63.2,HFET
392112:10629,537:537,05/15/25 09:23:07,STABLE BEAMS,6800,90124.033431489,85844.219618784,63.4,HFET
392112:10629,538:538,05/15/25 09:23:31,STABLE BEAMS,6800,90154.014863792,87192.863440465,63.4,HFET
392112:10629,539:539,05/15/25 09:23:54,STABLE BEAMS,6800,89923.565818001,86981.776305315,63.2,HFET
392112:10629,540:540,05/15/25 09:24:17,STABLE BEAMS,6800,89957.958208235,87019.214472160,63.3,HFET
392112:10629,541:541,05/15/25 09:24:40,STABLE BEAMS,6800,89967.998349732,87011.344284676,63.3,HFET
392112:10629,542:542,05/15/25 09:25:04,STABLE BEAMS,6800,90068.242785290,67754.564467455,63.3,HFET
392112:10629,543:543,05/15/25 09:25:27,STABLE BEAMS,6800,90262.243174083,87285.413340247,63.5,HFET
392112:10629,544:544,05/15/25 09:25:50,STABLE BEAMS,6800,90304.720003984,87323.880425975,63.5,HFET
392112:10629,545:545,05/15/25 09:26:14,STABLE BEAMS,6800,90285.886562667,87315.214343732,63.5,HFET
392112:10629,546:546,05/15/25 09:26:37,STABLE BEAMS,6800,90349.482846559,87372.264859364,63.5,HFET
392112:10629,547:547,05/15/25 09:27:00,STABLE BEAMS,6800,90391.490373429,87432.349377702,63.6,HFET
392112:10629,548:548,05/15/25 09:27:24,STABLE BEAMS,6800,90343.125180412,87369.742397074,63.5,HFET
392112:10629,549:549,05/15/25 09:27:47,STABLE BEAMS,6800,90295.348660186,87329.837622446,63.5,HFET
392112:10629,550:550,05/15/25 09:28:10,STABLE BEAMS,6800,90331.686941036,86120.860810878,63.5,HFET
392112:10629,551:551,05/15/25 09:28:34,STABLE BEAMS,6800,90438.378978861,87445.541640902,63.6,HFET
392112:10629,552:552,05/15/25 09:28:57,STABLE BEAMS,6800,90184.724778676,87226.267333747,63.4,HFET
392112:10629,553:553,05/15/25 09:29:20,STABLE BEAMS,6800,90028.670074492,87086.291562528,63.3,HFET
392112:10629,554:554,05/15/25 09:29:43,STABLE BEAMS,6800,89766.691877517,86825.706496635,63.1,HFET
392112:10629,555:555,05/15/25 09:30:07,STABLE BEAMS,6800,89681.858405076,86768.243482143,63.1,HFET
392112:10629,556:556,05/15/25 09:30:30,STABLE BEAMS,6800,89422.335464201,86508.443814022,62.9,HFET
392112:10629,557:557,05/15/25 09:30:53,STABLE BEAMS,6800,89171.446390933,86291.486789330,62.7,HFET
392112:10629,558:558,05/15/25 09:31:17,STABLE BEAMS,6800,89137.832356946,86249.510495588,62.7,HFET
392112:10629,559:559,05/15/25 09:31:40,STABLE BEAMS,6800,90528.762327563,87536.669651788,63.7,HFET
392112:10629,560:560,05/15/25 09:32:03,STABLE BEAMS,6800,90300.997466180,87340.302129815,63.5,HFET
392112:10629,561:561,05/15/25 09:32:27,STABLE BEAMS,6800,90149.803400531,87203.333604553,63.4,HFET
392112:10629,562:562,05/15/25 09:32:50,STABLE BEAMS,6800,89772.041441508,86845.337406550,63.1,HFET
392112:10629,563:563,05/15/25 09:33:13,STABLE BEAMS,6800,89667.166930926,85425.039455204,63.1,HFET
392112:10629,564:564,05/15/25 09:33:37,STABLE BEAMS,6800,89494.205053615,86580.388907162,62.9,HFET
392112:10629,565:565,05/15/25 09:34:00,STABLE BEAMS,6800,89350.386567481,66740.313866714,62.8,HFET
392112:10629,566:566,05/15/25 09:34:23,STABLE BEAMS,6800,89861.147697293,86906.031370463,63.2,HFET
392112:10629,567:567,05/15/25 09:34:46,STABLE BEAMS,6800,89054.535156970,86183.505891179,62.6,HFET
392112:10629,568:568,05/15/25 09:35:10,STABLE BEAMS,6800,89697.148363230,86755.822355846,63.1,HFET
392112:10629,574:574,05/15/25 09:37:30,STABLE BEAMS,6800,89122.591454857,84215.965782195,62.7,HFET
392112:10629,575:575,05/15/25 09:37:53,STABLE BEAMS,6800,89457.976331313,86434.929387069,62.9,HFET
392112:10629,576:576,05/15/25 09:38:16,STABLE BEAMS,6800,90571.139410130,86291.728754245,63.7,HFET
392112:10629,577:577,05/15/25 09:38:40,STABLE BEAMS,6800,90462.212050900,87435.607057309,63.6,HFET
392112:10629,578:578,05/15/25 09:39:03,STABLE BEAMS,6800,90816.399299831,87781.174133791,63.9,HFET
392112:10629,579:579,05/15/25 09:39:26,STABLE BEAMS,6800,91241.697404356,88138.246022742,64.2,HFET
392112:10629,580:580,05/15/25 09:39:50,STABLE BEAMS,6800,91607.192894089,88484.617204787,64.4,HFET
392112:10629,581:581,05/15/25 09:40:13,STABLE BEAMS,6800,91281.779480638,88148.997261556,64.2,HFET
392112:10629,582:582,05/15/25 09:40:36,STABLE BEAMS,6800,90534.819934106,87512.108795660,63.7,HFET
392112:10629,583:583,05/15/25 09:41:00,STABLE BEAMS,6800,91063.815203630,88010.046820683,64.0,HFET
392112:10629,584:584,05/15/25 09:41:23,STABLE BEAMS,6800,91280.671631149,88194.122819554,64.2,HFET
392112:10629,585:585,05/15/25 09:41:46,STABLE BEAMS,6800,91417.513527105,88332.910989373,64.3,HFET
392112:10629,586:586,05/15/25 09:42:09,STABLE BEAMS,6800,91566.452648922,88459.383242625,64.4,HFET
392112:10629,587:587,05/15/25 09:42:33,STABLE BEAMS,6800,91547.649458845,88431.813866760,64.4,HFET
392112:10629,588:588,05/15/25 09:42:56,STABLE BEAMS,6800,91538.207801353,88453.513034667,64.4,HFET
392112:10629,589:589,05/15/25 09:43:19,STABLE BEAMS,6800,91597.321996020,87234.968008161,64.4,HFET
392112:10629,590:590,05/15/25 09:43:43,STABLE BEAMS,6800,91325.134414120,88243.702679113,64.2,HFET
392112:10629,591:591,05/15/25 09:44:06,STABLE BEAMS,6800,91314.315916377,88242.570275932,64.2,HFET
392112:10629,592:592,05/15/25 09:44:29,STABLE BEAMS,6800,91217.594523955,88135.222220597,64.1,HFET
392112:10629,593:593,05/15/25 09:44:53,STABLE BEAMS,6800,91052.966454647,87983.476050954,64.0,HFET
392112:10629,594:594,05/15/25 09:45:16,STABLE BEAMS,6800,91038.844030862,87978.485399864,64.0,HFET
392112:10629,595:595,05/15/25 09:45:39,STABLE BEAMS,6800,90745.937619510,87706.436450522,63.8,HFET
392112:10629,596:596,05/15/25 09:46:03,STABLE BEAMS,6800,90370.052055010,87369.001154516,63.5,HFET
392112:10629,597:597,05/15/25 09:46:26,STABLE BEAMS,6800,90191.531307826,87211.371772137,63.4,HFET
392112:10629,598:598,05/15/25 09:46:49,STABLE BEAMS,6800,89967.618982822,87003.508453258,63.3,HFET
392112:10629,599:599,05/15/25 09:47:12,STABLE BEAMS,6800,89847.314704298,86891.579209704,63.2,HFET
392112:10629,600:600,05/15/25 09:47:36,STABLE BEAMS,6800,89675.441054049,67179.400635764,63.1,HFET
392112:10629,601:601,05/15/25 09:47:59,STABLE BEAMS,6800,89623.622313990,86695.610004973,63.0,HFET
392112:10629,602:602,05/15/25 09:48:22,STABLE BEAMS,6800,89710.881608892,85527.654614138,63.1,HFET
392112:10629,603:603,05/15/25 09:48:46,STABLE BEAMS,6800,89845.049131652,86881.281755007,63.2,HFET
392112:10629,604:604,05/15/25 09:49:09,STABLE BEAMS,6800,90074.629885076,87089.917714838,63.3,HFET
392112:10629,605:605,05/15/25 09:49:32,STABLE BEAMS,6800,90141.469592528,87175.158580356,63.4,HFET
392112:10629,606:606,05/15/25 09:49:56,STABLE BEAMS,6800,90241.174411360,87234.147998903,63.5,HFET
392112:10629,607:607,05/15/25 09:50:19,STABLE BEAMS,6800,90274.140087676,87284.142967850,63.5,HFET
392112:10629,608:608,05/15/25 09:50:42,STABLE BEAMS,6800,90323.473320394,87334.436824632,63.5,HFET
392112:10629,609:609,05/15/25 09:51:06,STABLE BEAMS,6800,90679.816583424,87656.585993135,63.8,HFET
392112:10629,610:610,05/15/25 09:51:29,STABLE BEAMS,6800,91097.519991340,88034.872620695,64.1,HFET
392112:10629,611:611,05/15/25 09:51:52,STABLE BEAMS,6800,91548.686994640,88452.841257436,64.4,HFET
392112:10629,612:612,05/15/25 09:52:15,STABLE BEAMS,6800,91894.750559051,88773.022704919,64.6,HFET
392112:10629,613:613,05/15/25 09:52:39,STABLE BEAMS,6800,90868.697154135,87835.457907315,63.9,HFET
392112:10629,614:614,05/15/25 09:53:02,STABLE BEAMS,6800,90981.526105810,87937.325038426,64.0,HFET
392112:10629,615:615,05/15/25 09:53:25,STABLE BEAMS,6800,91262.048313314,86816.840547968,64.2,HFET
392112:10629,616:616,05/15/25 09:53:49,STABLE BEAMS,6800,91582.102351560,88481.165985726,64.4,HFET
392112:10629,617:617,05/15/25 09:54:12,STABLE BEAMS,6800,91715.152213618,88605.584187567,64.5,HFET
392112:10629,618:618,05/15/25 09:54:35,STABLE BEAMS,6800,91893.941951564,88762.851751502,64.6,HFET
392112:10629,619:619,05/15/25 09:54:59,STABLE BEAMS,6800,89932.088491858,86974.228855261,63.2,HFET
392112:10629,620:620,05/15/25 09:55:22,STABLE BEAMS,6800,89750.104386419,86787.828039609,63.1,HFET
392112:10629,621:621,05/15/25 09:55:45,STABLE BEAMS,6800,89824.488916813,86867.336307531,63.2,HFET
392112:10629,622:622,05/15/25 09:56:09,STABLE BEAMS,6800,89763.607886171,86817.877817901,63.1,HFET
392112:10629,623:623,05/15/25 09:56:32,STABLE BEAMS,6800,89318.358679626,86398.558522741,62.8,HFET
392112:10629,624:624,05/15/25 09:56:55,STABLE BEAMS,6800,88703.471144237,85834.699321958,62.4,HFET
392112:10629,625:625,05/15/25 09:57:19,STABLE BEAMS,6800,88412.640622076,85585.739218410,62.2,HFET
392112:10629,626:626,05/15/25 09:57:42,STABLE BEAMS,6800,89777.710687529,86843.981025396,63.1,HFET
392112:10629,627:627,05/15/25 09:58:05,STABLE BEAMS,6800,89464.432927192,86526.428071232,62.9,HFET
392112:10629,628:628,05/15/25 09:58:28,STABLE BEAMS,6800,89508.975835071,85318.941870968,62.9,HFET
392112:10629,629:629,05/15/25 09:58:52,STABLE BEAMS,6800,88844.904687965,85974.108565051,62.5,HFET
392112:10629,630:630,05/15/25 09:59:15,STABLE BEAMS,6800,89977.689375559,87009.662171555,63.3,HFET
392112:10629,631:631,05/15/25 09:59:38,STABLE BEAMS,6800,90560.619336788,87541.095203177,63.7,HFET
392112:10629,632:632,05/15/25 10:00:02,STABLE BEAMS,6800,90106.807393932,87139.449767958,63.4,HFET
392112:10629,633:633,05/15/25 10:00:25,STABLE BEAMS,6800,89927.307978232,86979.912680700,63.2,HFET
392112:10629,634:634,05/15/25 10:00:48,STABLE BEAMS,6800,89491.919858543,86547.906569340,62.9,HFET
392112:10629,635:635,05/15/25 10:01:12,STABLE BEAMS,6800,89022.706763783,86112.322352967,62.6,HFET
392112:10629,636:636,05/15/25 10:01:35,STABLE BEAMS,6800,90450.495009549,87427.570371196,63.6,HFET
392112:10629,637:637,05/15/25 10:01:58,STABLE BEAMS,6800,90367.228060813,87343.356251717,63.5,HFET
392112:10629,638:638,05/15/25 10:02:22,STABLE BEAMS,6800,90153.535749548,87188.266108635,63.4,HFET
392112:10629,639:639,05/15/25 10:02:45,STABLE BEAMS,6800,89753.827741824,86791.915327354,63.1,HFET
392112:10629,640:640,05/15/25 10:03:08,STABLE BEAMS,6800,89360.725950980,86449.797961876,62.8,HFET
392112:10629,641:641,05/15/25 10:03:32,STABLE BEAMS,6800,89146.824333833,85006.109075670,62.7,HFET
392112:10629,642:642,05/15/25 10:03:55,STABLE BEAMS,6800,89248.834787765,86345.588273933,62.8,HFET
392112:10629,643:643,05/15/25 10:04:18,STABLE BEAMS,6800,90088.782560101,87123.914033032,63.3,HFET
392112:10629,644:644,05/15/25 10:04:41,STABLE BEAMS,6800,89792.291785531,86855.537736404,63.1,HFET
392112:10629,645:645,05/15/25 10:05:05,STABLE BEAMS,6800,89535.903527270,86617.133092839,63.0,HFET
392112:10629,646:646,05/15/25 10:05:28,STABLE BEAMS,6800,89480.412123073,86553.768105254,62.9,HFET
392112:10629,647:647,05/15/25 10:05:51,STABLE BEAMS,6800,89777.091763497,86824.408216346,63.1,HFET
392112:10629,648:648,05/15/25 10:06:15,STABLE BEAMS,6800,89962.778784315,86998.739909273,63.3,HFET
392112:10629,649:649,05/15/25 10:06:38,STABLE BEAMS,6800,90068.352343837,87073.031679569,63.3,HFET
392112:10629,650:650,05/15/25 10:07:01,STABLE BEAMS,6800,90447.710260205,87447.846140683,63.6,HFET
392112:10629,651:651,05/15/25 10:07:25,STABLE BEAMS,6800,90707.821873871,87699.825042545,63.8,HFET
392112:10629,652:652,05/15/25 10:07:48,STABLE BEAMS,6800,90949.569349251,87912.799099189,64.0,HFET
392112:10629,653:653,05/15/25 10:08:11,STABLE BEAMS,6800,91052.977083461,88002.017769357,64.0,HFET
392112:10629,654:654,05/15/25 10:08:35,STABLE BEAMS,6800,90955.686640674,86639.844184799,64.0,HFET
392112:10629,655:655,05/15/25 10:08:58,STABLE BEAMS,6800,90683.579183682,87517.079582476,63.8,HFET
392112:10629,656:656,05/15/25 10:09:21,STABLE BEAMS,6800,90487.013980241,67271.895058051,63.6,HFET
392112:10629,657:657,05/15/25 10:09:44,STABLE BEAMS,6800,90057.084165489,87048.548586680,63.3,HFET
392112:10629,658:658,05/15/25 10:10:08,STABLE BEAMS,6800,89949.524652898,87007.609369263,63.2,HFET
392112:10629,659:659,05/15/25 10:10:31,STABLE BEAMS,6800,89873.932525680,86903.688057861,63.2,HFET
392112:10629,660:660,05/15/25 10:10:54,STABLE BEAMS,6800,89693.465070279,86745.359304670,63.1,HFET
392112:10629,661:661,05/15/25 10:11:18,STABLE BEAMS,6800,89662.955467665,86729.895067213,63.0,HFET
392112:10629,662:662,05/15/25 10:11:41,STABLE BEAMS,6800,89668.633707298,86713.871598147,63.1,HFET
392112:10629,663:663,05/15/25 10:12:04,STABLE BEAMS,6800,89702.218307646,86759.597235222,63.1,HFET
392112:10629,664:664,05/15/25 10:12:28,STABLE BEAMS,6800,89721.111433843,86760.717191600,63.1,HFET
392112:10629,665:665,05/15/25 10:12:51,STABLE BEAMS,6800,89879.521646793,86928.656422690,63.2,HFET
392112:10629,666:666,05/15/25 10:13:14,STABLE BEAMS,6800,89884.921084452,86925.737110038,63.2,HFET
392112:10629,667:667,05/15/25 10:13:38,STABLE BEAMS,6800,89818.889984486,85630.962821784,63.2,HFET
392112:10629,668:668,05/15/25 10:14:01,STABLE BEAMS,6800,89797.432043641,86850.882352892,63.1,HFET
392112:10629,669:669,05/15/25 10:14:24,STABLE BEAMS,6800,89529.426491363,86624.924860932,63.0,HFET
392112:10629,670:670,05/15/25 10:14:48,STABLE BEAMS,6800,89525.174148046,86579.960501656,63.0,HFET
392112:10629,671:671,05/15/25 10:15:11,STABLE BEAMS,6800,89390.767068164,86486.590904087,62.9,HFET
392112:10629,672:672,05/15/25 10:15:34,STABLE BEAMS,6800,89119.597399632,86222.720228327,62.7,HFET
392112:10629,673:673,05/15/25 10:15:57,STABLE BEAMS,6800,89771.622829746,67664.807894267,63.1,HFET
392112:10629,674:674,05/15/25 10:16:21,STABLE BEAMS,6800,91014.012667881,87960.705652185,64.0,HFET
392112:10629,675:675,05/15/25 10:16:44,STABLE BEAMS,6800,90783.324064968,87749.715679896,63.8,HFET
392112:10629,676:676,05/15/25 10:17:07,STABLE BEAMS,6800,90409.335335018,87401.448952227,63.6,HFET
392112:10629,677:677,05/15/25 10:17:31,STABLE BEAMS,6800,90132.257680944,87158.415647131,63.4,HFET
392112:10629,678:678,05/15/25 10:17:54,STABLE BEAMS,6800,90028.610389612,87066.471404965,63.3,HFET
392112:10629,679:679,05/15/25 10:18:17,STABLE BEAMS,6800,89891.957359510,86926.503631728,63.2,HFET
392112:10629,680:680,05/15/25 10:18:41,STABLE BEAMS,6800,89914.622897180,85700.381401979,63.2,HFET
392112:10629,681:681,05/15/25 10:19:04,STABLE BEAMS,6800,89709.593887161,86772.888054864,63.1,HFET
392112:10629,682:682,05/15/25 10:19:27,STABLE BEAMS,6800,89613.421922677,86676.815419986,63.0,HFET
392112:10629,683:683,05/15/25 10:19:51,STABLE BEAMS,6800,89536.641821062,86596.994441132,63.0,HFET
392112:10629,684:684,05/15/25 10:20:14,STABLE BEAMS,6800,89160.996631285,66271.146547354,62.7,HFET
392112:10629,685:685,05/15/25 10:20:37,STABLE BEAMS,6800,90207.320820251,60679.347782227,63.4,HFET
392112:10629,686:686,05/15/25 10:21:01,STABLE BEAMS,6800,90529.920050719,87526.761362387,63.7,HFET
392112:10629,687:687,05/15/25 10:21:24,STABLE BEAMS,6800,90280.856680705,87278.010210307,63.5,HFET
392112:10629,688:688,05/15/25 10:21:47,STABLE BEAMS,6800,89919.922587504,86956.244557445,63.2,HFET
392112:10629,689:689,05/15/25 10:22:10,STABLE BEAMS,6800,89348.869099841,66248.686642329,62.8,HFET
392112:10629,690:690,05/15/25 10:22:34,STABLE BEAMS,6800,89256.949478674,67143.790343305,62.8,HFET
392112:10629,691:691,05/15/25 10:22:57,STABLE BEAMS,6800,89004.572371405,86123.011834354,62.6,HFET
392112:10629,692:692,05/15/25 10:23:20,STABLE BEAMS,6800,90329.261936176,87332.707878970,63.5,HFET
392112:10629,693:693,05/15/25 10:23:44,STABLE BEAMS,6800,90033.381092025,87074.366362350,63.3,HFET
392112:10629,694:694,05/15/25 10:24:07,STABLE BEAMS,6800,89713.346676205,85525.906674307,63.1,HFET
392112:10629,695:695,05/15/25 10:24:30,STABLE BEAMS,6800,89189.221856428,86274.835626547,62.7,HFET
392112:10629,696:696,05/15/25 10:24:54,STABLE BEAMS,6800,89869.192074507,86898.112288777,63.2,HFET
392112:10629,697:697,05/15/25 10:25:17,STABLE BEAMS,6800,90310.139064069,87329.117241473,63.5,HFET
392112:10629,698:698,05/15/25 10:25:40,STABLE BEAMS,6800,90098.872575265,87104.885093453,63.4,HFET
392112:10629,699:699,05/15/25 10:26:04,STABLE BEAMS,6800,89894.292428249,86936.922074778,63.2,HFET
392112:10629,700:700,05/15/25 10:26:27,STABLE BEAMS,6800,89474.613696078,86554.272394603,62.9,HFET
392112:10629,701:701,05/15/25 10:26:50,STABLE BEAMS,6800,91340.724431878,88259.960683980,64.2,HFET
392112:10629,702:702,05/15/25 10:27:14,STABLE BEAMS,6800,93714.401929995,90445.475560754,65.9,HFET
392112:10629,703:703,05/15/25 10:27:37,STABLE BEAMS,6800,92620.870271168,42274.708097755,65.1,HFET
392112:10629,704:704,05/15/25 10:28:00,STABLE BEAMS,6800,89739.744562892,66787.617364892,63.1,HFET
392112:10629,705:705,05/15/25 10:28:23,STABLE BEAMS,6800,90354.712223188,87358.285307880,63.5,HFET
392112:10629,706:706,05/15/25 10:28:47,STABLE BEAMS,6800,90943.151180623,87895.705515872,63.9,HFET
392112:10629,707:707,05/15/25 10:29:10,STABLE BEAMS,6800,91104.705887400,88046.602351417,64.1,HFET
392112:10629,708:708,05/15/25 10:29:33,STABLE BEAMS,6800,91598.090541053,87235.941540936,64.4,HFET
392112:10629,709:709,05/15/25 10:29:57,STABLE BEAMS,6800,91912.894762642,88788.563233595,64.6,HFET
392112:10629,710:710,05/15/25 10:30:20,STABLE BEAMS,6800,91490.960269039,88405.256454379,64.3,HFET
392112:10629,711:711,05/15/25 10:30:43,STABLE BEAMS,6800,90946.714286213,87896.522482927,64.0,HFET
392112:10629,712:712,05/15/25 10:31:07,STABLE BEAMS,6800,91238.743411585,88183.319150086,64.2,HFET
392112:10629,713:713,05/15/25 10:31:30,STABLE BEAMS,6800,91173.112118558,88080.563517428,64.1,HFET
392112:10629,714:714,05/15/25 10:31:53,STABLE BEAMS,6800,91324.854794544,88272.726758815,64.2,HFET
392112:10629,715:715,05/15/25 10:32:17,STABLE BEAMS,6800,91367.172192231,88288.180135058,64.2,HFET
392112:10629,716:716,05/15/25 10:32:40,STABLE BEAMS,6800,91423.671698583,68481.197498520,64.3,HFET
392112:10629,717:717,05/15/25 10:33:03,STABLE BEAMS,6800,91396.544511716,88325.703119783,64.3,HFET
392112:10629,718:718,05/15/25 10:33:27,STABLE BEAMS,6800,91084.684471685,88038.615023837,64.0,HFET
392112:10629,719:719,05/15/25 10:33:50,STABLE BEAMS,6800,90747.424018308,87707.535001571,63.8,HFET
392112:10629,720:720,05/15/25 10:34:13,STABLE BEAMS,6800,90463.229964268,87456.654654493,63.6,HFET
392112:10629,721:721,05/15/25 10:34:36,STABLE BEAMS,6800,90108.633914787,85816.110737066,63.4,HFET
392112:10629,722:722,05/15/25 10:35:00,STABLE BEAMS,6800,89762.001300011,86829.912206866,63.1,HFET
392112:10629,723:723,05/15/25 10:35:23,STABLE BEAMS,6800,89271.450451767,86361.444556722,62.8,HFET
392112:10629,724:724,05/15/25 10:35:46,STABLE BEAMS,6800,89465.131976132,86556.150163710,62.9,HFET
392112:10629,725:725,05/15/25 10:36:10,STABLE BEAMS,6800,90918.100700548,87882.651457585,63.9,HFET
392112:10629,726:726,05/15/25 10:36:33,STABLE BEAMS,6800,90653.538066498,87633.601258369,63.7,HFET
392112:10629,727:727,05/15/25 10:36:56,STABLE BEAMS,6800,90747.513954429,87727.637831890,63.8,HFET
392112:10629,728:728,05/15/25 10:37:20,STABLE BEAMS,6800,90733.461844339,87739.335362052,63.8,HFET
392112:10629,729:729,05/15/25 10:37:43,STABLE BEAMS,6800,90574.522643478,87544.437074147,63.7,HFET
392112:10629,730:730,05/15/25 10:38:06,STABLE BEAMS,6800,90690.655521195,87676.249004645,63.8,HFET
392112:10629,731:731,05/15/25 10:38:30,STABLE BEAMS,6800,90601.140464860,87594.727115309,63.7,HFET
392112:10629,732:732,05/15/25 10:38:53,STABLE BEAMS,6800,90605.541611577,87575.243603322,63.7,HFET
392112:10629,733:733,05/15/25 10:39:16,STABLE BEAMS,6800,90701.224650603,87682.816281814,63.8,HFET
392112:10629,734:734,05/15/25 10:39:39,STABLE BEAMS,6800,90786.737549557,86470.108192610,63.8,HFET
392112:10629,735:735,05/15/25 10:40:03,STABLE BEAMS,6800,90816.928287742,87779.170712278,63.9,HFET
392112:10629,736:736,05/15/25 10:40:26,STABLE BEAMS,6800,90613.446179003,87607.893385854,63.7,HFET
392112:10629,737:737,05/15/25 10:40:49,STABLE BEAMS,6800,90258.450322584,87284.700782271,63.5,HFET
392112:10629,738:738,05/15/25 10:41:13,STABLE BEAMS,6800,89875.059997595,86922.131838844,63.2,HFET
392112:10629,739:739,05/15/25 10:41:36,STABLE BEAMS,6800,89513.307485694,86568.484230679,62.9,HFET
392112:10629,740:740,05/15/25 10:41:59,STABLE BEAMS,6800,89162.184605682,86273.682496563,62.7,HFET
392112:10629,741:741,05/15/25 10:42:23,STABLE BEAMS,6800,89536.871566971,86602.994744914,63.0,HFET
392112:10629,742:742,05/15/25 10:42:46,STABLE BEAMS,6800,90128.913692449,87138.061778394,63.4,HFET
392112:10629,743:743,05/15/25 10:43:09,STABLE BEAMS,6800,89725.861696229,86770.310833838,63.1,HFET
392112:10629,744:744,05/15/25 10:43:33,STABLE BEAMS,6800,89325.524953259,86411.323212123,62.8,HFET
392112:10629,745:745,05/15/25 10:43:56,STABLE BEAMS,6800,88882.451383239,86020.198270394,62.5,HFET
392112:10629,746:746,05/15/25 10:44:19,STABLE BEAMS,6800,90148.086438223,87176.961880090,63.4,HFET
392112:10629,747:747,05/15/25 10:44:42,STABLE BEAMS,6800,90169.933557192,85930.279374813,63.4,HFET
392112:10629,748:748,05/15/25 10:45:06,STABLE BEAMS,6800,89713.825790449,86788.417756604,63.1,HFET
392112:10629,749:749,05/15/25 10:45:29,STABLE BEAMS,6800,89328.169892815,86446.747892990,62.8,HFET
392112:10629,750:750,05/15/25 10:45:52,STABLE BEAMS,6800,89185.199259021,86287.784092640,62.7,HFET
392112:10629,751:751,05/15/25 10:46:16,STABLE BEAMS,6800,89107.301496703,86204.386827138,62.7,HFET
392112:10629,752:752,05/15/25 10:46:39,STABLE BEAMS,6800,89616.126547113,86673.712633220,63.0,HFET
392112:10629,753:753,05/15/25 10:47:02,STABLE BEAMS,6800,89979.914885751,87009.614009633,63.3,HFET
392112:10629,754:754,05/15/25 10:47:26,STABLE BEAMS,6800,90861.101639924,87812.605581396,63.9,HFET
392112:10629,755:755,05/15/25 10:47:49,STABLE BEAMS,6800,91057.577724845,88003.709480660,64.0,HFET
392112:10629,756:756,05/15/25 10:48:12,STABLE BEAMS,6800,91148.041198455,88108.209015584,64.1,HFET
392112:10629,757:757,05/15/25 10:48:36,STABLE BEAMS,6800,91211.995591628,88153.395683104,64.1,HFET
392112:10629,758:758,05/15/25 10:48:59,STABLE BEAMS,6800,91106.931397591,88042.288274029,64.1,HFET
392112:10629,759:759,05/15/25 10:49:22,STABLE BEAMS,6800,90863.257654022,87827.481206188,63.9,HFET
392112:10629,760:760,05/15/25 10:49:46,STABLE BEAMS,6800,90890.564713131,86581.596408820,63.9,HFET
392112:10629,761:761,05/15/25 10:50:09,STABLE BEAMS,6800,90868.577784374,87838.149797841,63.9,HFET
392112:10629,762:762,05/15/25 10:50:32,STABLE BEAMS,6800,90669.616192112,87635.825141989,63.8,HFET
392112:10629,763:763,05/15/25 10:50:55,STABLE BEAMS,6800,90268.161788439,87284.609324736,63.5,HFET
392112:10629,764:764,05/15/25 10:51:19,STABLE BEAMS,6800,90128.903881236,87142.197870834,63.4,HFET
392112:10629,765:765,05/15/25 10:51:42,STABLE BEAMS,6800,90104.531192472,87095.595453204,63.4,HFET
392112:10629,766:766,05/15/25 10:52:05,STABLE BEAMS,6800,90206.571897644,87223.708911499,63.4,HFET
392112:10629,767:767,05/15/25 10:52:29,STABLE BEAMS,6800,90364.073755773,87346.814938420,63.5,HFET
392112:10629,768:768,05/15/25 10:52:52,STABLE BEAMS,6800,90718.091761277,87699.103155127,63.8,HFET
392112:10629,769:769,05/15/25 10:53:15,STABLE BEAMS,6800,91014.571907033,87963.103482744,64.0,HFET
392112:10629,770:770,05/15/25 10:53:39,STABLE BEAMS,6800,91363.349907093,88272.738966119,64.2,HFET
392112:10629,771:771,05/15/25 10:54:02,STABLE BEAMS,6800,91531.061967747,88441.610600735,64.4,HFET
392112:10629,772:772,05/15/25 10:54:25,STABLE BEAMS,6800,91884.260736950,87512.289172273,64.6,HFET
392112:10629,773:773,05/15/25 10:54:49,STABLE BEAMS,6800,90963.202029977,87921.307376152,64.0,HFET
392112:10629,774:774,05/15/25 10:55:12,STABLE BEAMS,6800,90016.473918897,87063.381593339,63.3,HFET
392112:10629,775:775,05/15/25 10:55:35,STABLE BEAMS,6800,90128.365082112,87136.771555059,63.4,HFET
392112:10629,776:776,05/15/25 10:55:59,STABLE BEAMS,6800,90110.399933161,87135.143777230,63.4,HFET
392112:10629,777:777,05/15/25 10:56:22,STABLE BEAMS,6800,90011.094103665,86975.544313184,63.3,HFET
392112:10629,778:778,05/15/25 10:56:45,STABLE BEAMS,6800,90029.418179498,87062.978119047,63.3,HFET
392112:10629,779:779,05/15/25 10:57:08,STABLE BEAMS,6800,90066.765380104,87102.037294813,63.3,HFET
392112:10629,780:780,05/15/25 10:57:32,STABLE BEAMS,6800,89949.405283137,86982.032609107,63.2,HFET
392112:10629,781:781,05/15/25 10:57:55,STABLE BEAMS,6800,89884.422347781,86931.659713984,63.2,HFET
392112:10629,782:782,05/15/25 10:58:18,STABLE BEAMS,6800,89486.899787794,86559.057145339,62.9,HFET
392112:10629,783:783,05/15/25 10:58:42,STABLE BEAMS,6800,89221.418170109,86312.886313019,62.7,HFET
392112:10629,784:784,05/15/25 10:59:05,STABLE BEAMS,6800,89017.996563851,66361.727781043,62.6,HFET
392112:10629,785:785,05/15/25 10:59:28,STABLE BEAMS,6800,90483.989673775,87369.288523564,63.6,HFET
392112:10629,786:786,05/15/25 10:59:52,STABLE BEAMS,6800,90575.480871966,66356.844692325,63.7,HFET
392112:10629,787:787,05/15/25 11:00:15,STABLE BEAMS,6800,90104.042267015,87120.675252949,63.4,HFET
392112:10629,788:788,05/15/25 11:00:38,STABLE BEAMS,6800,90037.912237317,87059.954479516,63.3,HFET
392112:10629,789:789,05/15/25 11:01:02,STABLE BEAMS,6800,89716.500163645,86779.648797067,63.1,HFET
392112:10629,790:790,05/15/25 11:01:25,STABLE BEAMS,6800,89377.882492443,86460.382731507,62.8,HFET
392112:10629,791:791,05/15/25 11:01:48,STABLE BEAMS,6800,89236.040148166,86325.745451852,62.7,HFET
392112:10629,792:792,05/15/25 11:02:11,STABLE BEAMS,6800,89185.409382503,86288.061814934,62.7,HFET
392112:10629,793:793,05/15/25 11:02:35,STABLE BEAMS,6800,89360.107026948,86431.275277555,62.8,HFET
392112:10629,794:794,05/15/25 11:02:58,STABLE BEAMS,6800,90165.712282717,87200.215464989,63.4,HFET
392112:10629,795:795,05/15/25 11:03:21,STABLE BEAMS,6800,89922.437528485,86938.932122859,63.2,HFET
392112:10629,796:796,05/15/25 11:03:45,STABLE BEAMS,6800,89834.369626096,86876.913819788,63.2,HFET
392112:10629,797:797,05/15/25 11:04:08,STABLE BEAMS,6800,89561.254066948,86634.764527481,63.0,HFET
392112:10629,798:798,05/15/25 11:04:31,STABLE BEAMS,6800,89171.097275263,86264.458951706,62.7,HFET
392112:10629,799:799,05/15/25 11:04:55,STABLE BEAMS,6800,90532.803729796,86261.101745822,63.7,HFET
392112:10629,800:800,05/15/25 11:05:18,STABLE BEAMS,6800,91643.043067082,88546.575220530,64.4,HFET
392112:10629,801:801,05/15/25 11:05:41,STABLE BEAMS,6800,91760.752279718,88633.034229951,64.5,HFET
392112:10629,802:802,05/15/25 11:06:05,STABLE BEAMS,6800,91801.064101909,88694.362481980,64.6,HFET
392112:10629,803:803,05/15/25 11:06:28,STABLE BEAMS,6800,91853.361138611,88757.335829886,64.6,HFET
392112:10629,804:804,05/15/25 11:06:51,STABLE BEAMS,6800,91484.193802342,88388.009078002,64.3,HFET
392112:10629,805:805,05/15/25 11:07:15,STABLE BEAMS,6800,90594.293873256,87579.388321065,63.7,HFET
392112:10629,806:806,05/15/25 11:07:38,STABLE BEAMS,6800,90738.701032182,87696.867149156,63.8,HFET
392112:10629,807:807,05/15/25 11:08:01,STABLE BEAMS,6800,91005.689488693,87959.053635480,64.0,HFET
392112:10629,808:808,05/15/25 11:08:24,STABLE BEAMS,6800,91231.327769616,88160.576595382,64.2,HFET
392112:10629,809:809,05/15/25 11:08:48,STABLE BEAMS,6800,91364.048138431,88277.067308418,64.2,HFET
392112:10629,810:810,05/15/25 11:09:11,STABLE BEAMS,6800,91369.208018968,88302.489417503,64.2,HFET
392112:10629,811:811,05/15/25 11:09:34,STABLE BEAMS,6800,91418.042515016,88321.030897069,64.3,HFET
392112:10629,812:812,05/15/25 11:09:58,STABLE BEAMS,6800,91506.769403891,87146.441662863,64.3,HFET
392112:10629,813:813,05/15/25 11:10:21,STABLE BEAMS,6800,91379.477906374,88310.115781739,64.3,HFET
392112:10629,814:814,05/15/25 11:10:44,STABLE BEAMS,6800,91451.088316239,77744.538936664,64.3,HFET
392112:10629,815:815,05/15/25 11:11:08,STABLE BEAMS,6800,91359.906171263,78638.345932120,64.2,HFET
392112:10629,816:816,05/15/25 11:11:31,STABLE BEAMS,6800,91251.518428759,88174.358668702,64.2,HFET
392112:10629,817:817,05/15/25 11:11:54,STABLE BEAMS,6800,91338.857848568,88288.352395806,64.2,HFET
392112:10629,818:818,05/15/25 11:12:18,STABLE BEAMS,6800,91281.449987395,88209.140969699,64.2,HFET
392112:10629,819:819,05/15/25 11:12:41,STABLE BEAMS,6800,91144.467464051,88085.997965515,64.1,HFET
392112:10629,820:820,05/15/25 11:13:04,STABLE BEAMS,6800,90957.083920952,87942.737699340,64.0,HFET
392112:10629,821:821,05/15/25 11:13:27,STABLE BEAMS,6800,90843.995789729,87826.672263091,63.9,HFET
392112:10629,822:822,05/15/25 11:13:51,STABLE BEAMS,6800,90652.449839435,67789.150299815,63.7,HFET
392112:10629,823:823,05/15/25 11:14:14,STABLE BEAMS,6800,90505.407552167,9856.385065615,63.6,HFET
392112:10629,827:827,05/15/25 11:15:47,STABLE BEAMS,6800,89541.632458171,71748.716445237,63.0,HFET
392112:10629,828:828,05/15/25 11:16:11,STABLE BEAMS,6800,89439.512445692,72821.220471469,62.9,HFET
392112:10629,829:829,05/15/25 11:16:34,STABLE BEAMS,6800,89158.022198487,84993.894435766,62.7,HFET
392112:10629,830:830,05/15/25 11:16:57,STABLE BEAMS,6800,90870.293929081,87830.957470706,63.9,HFET
392112:10629,831:831,05/15/25 11:17:21,STABLE BEAMS,6800,91024.013564525,87938.321869288,64.0,HFET
392112:10629,832:832,05/15/25 11:17:44,STABLE BEAMS,6800,90909.537146636,67458.142487926,63.9,HFET
392112:10629,833:833,05/15/25 11:18:07,STABLE BEAMS,6800,91195.089236101,88048.206120114,64.1,HFET
392112:10629,834:834,05/15/25 11:18:31,STABLE BEAMS,6800,91414.559534334,76216.783610763,64.3,HFET
392112:10629,835:835,05/15/25 11:18:54,STABLE BEAMS,6800,91503.994465760,88420.369805681,64.3,HFET
392112:10629,836:836,05/15/25 11:19:17,STABLE BEAMS,6800,91612.013470169,79249.524031527,64.4,HFET
392112:10629,837:837,05/15/25 11:19:40,STABLE BEAMS,6800,91664.271262019,56357.440113192,64.5,HFET
392112:10629,838:838,05/15/25 11:20:04,STABLE BEAMS,6800,91772.459509856,86768.805213161,64.5,HFET
392112:10629,839:839,05/15/25 11:20:27,STABLE BEAMS,6800,91846.764732944,68263.948414203,64.6,HFET
392112:10629,840:840,05/15/25 11:20:50,STABLE BEAMS,6800,90771.896454406,87673.790121380,63.8,HFET
392112:10629,841:841,05/15/25 11:21:14,STABLE BEAMS,6800,90598.984450762,87463.153502004,63.7,HFET
392112:10629,842:842,05/15/25 11:21:37,STABLE BEAMS,6800,90593.425580889,87565.670770368,63.7,HFET
392112:10629,843:843,05/15/25 11:22:00,STABLE BEAMS,6800,90837.557998675,60353.500543750,63.9,HFET
392112:10629,844:844,05/15/25 11:22:24,STABLE BEAMS,6800,90949.648656557,87851.829299262,64.0,HFET
392112:10629,845:845,05/15/25 11:22:47,STABLE BEAMS,6800,90864.635311874,87758.376324354,63.9,HFET
392112:10629,846:846,05/15/25 11:23:10,STABLE BEAMS,6800,90847.139465955,87763.401524815,63.9,HFET
392112:10629,847:847,05/15/25 11:23:34,STABLE BEAMS,6800,90763.243781974,87686.331261540,63.8,HFET
392112:10629,848:848,05/15/25 11:23:57,STABLE BEAMS,6800,90607.099141670,87534.505176274,63.7,HFET
392112:10629,849:849,05/15/25 11:24:20,STABLE BEAMS,6800,90461.274262439,87450.807292524,63.6,HFET
392112:10629,850:850,05/15/25 11:24:43,STABLE BEAMS,6800,90320.668948624,87312.973746542,63.5,HFET
392112:10629,851:851,05/15/25 11:25:07,STABLE BEAMS,6800,90308.153110999,87281.859656799,63.5,HFET
392112:10629,852:852,05/15/25 11:25:30,STABLE BEAMS,6800,90208.847281503,87211.729586544,63.4,HFET
392112:10629,853:853,05/15/25 11:25:53,STABLE BEAMS,6800,89978.208552257,86996.486590086,63.3,HFET
392112:10629,854:854,05/15/25 11:26:17,STABLE BEAMS,6800,89838.281847355,86881.729380057,63.2,HFET
392112:10629,855:855,05/15/25 11:26:40,STABLE BEAMS,6800,89575.037186277,86607.585268221,63.0,HFET
392112:10629,856:856,05/15/25 11:27:03,STABLE BEAMS,6800,89339.008830586,85185.484003716,62.8,HFET
392112:10629,857:857,05/15/25 11:27:27,STABLE BEAMS,6800,89118.240181808,86099.892000868,62.7,HFET
392112:10629,858:858,05/15/25 11:27:50,STABLE BEAMS,6800,90284.789341992,87290.699430506,63.5,HFET
392112:10629,859:859,05/15/25 11:28:13,STABLE BEAMS,6800,90610.591933566,87574.140577562,63.7,HFET
392112:10629,860:860,05/15/25 11:28:37,STABLE BEAMS,6800,90622.937710162,87599.000567854,63.7,HFET
392112:10629,861:861,05/15/25 11:29:00,STABLE BEAMS,6800,90716.115619420,87715.357935167,63.8,HFET
392112:10629,862:862,05/15/25 11:29:23,STABLE BEAMS,6800,90688.909125247,87664.841262604,63.8,HFET
392112:10629,863:863,05/15/25 11:29:47,STABLE BEAMS,6800,90801.139592918,87749.658208408,63.8,HFET
392112:10629,864:864,05/15/25 11:30:10,STABLE BEAMS,6800,90870.543297416,87827.659281591,63.9,HFET
392112:10629,865:865,05/15/25 11:30:33,STABLE BEAMS,6800,90991.527002454,87938.405540147,64.0,HFET
392112:10629,866:866,05/15/25 11:30:56,STABLE BEAMS,6800,91093.836698388,88010.915790443,64.1,HFET
392112:10629,867:867,05/15/25 11:31:20,STABLE BEAMS,6800,91108.767729660,88052.086411426,64.1,HFET
392112:10629,868:868,05/15/25 11:31:43,STABLE BEAMS,6800,91117.091726450,88032.390595848,64.1,HFET
392112:10629,869:869,05/15/25 11:32:06,STABLE BEAMS,6800,91159.378872896,86841.334850969,64.1,HFET
392112:10629,870:870,05/15/25 11:32:30,STABLE BEAMS,6800,91112.769887040,88050.772003307,64.1,HFET
392112:10629,871:871,05/15/25 11:32:53,STABLE BEAMS,6800,91104.765572280,88038.783770783,64.1,HFET
392112:10629,872:872,05/15/25 11:33:16,STABLE BEAMS,6800,91083.487503676,87997.482325688,64.0,HFET
392112:10629,873:873,05/15/25 11:33:40,STABLE BEAMS,6800,91134.437133767,88052.414799511,64.1,HFET
392112:10629,874:874,05/15/25 11:34:03,STABLE BEAMS,6800,90935.596546467,87887.256307133,63.9,HFET
392112:10629,875:875,05/15/25 11:34:26,STABLE BEAMS,6800,90822.298291761,87783.785580066,63.9,HFET
392112:10629,876:876,05/15/25 11:34:50,STABLE BEAMS,6800,90684.477727290,87654.249746556,63.8,HFET
392112:10629,877:877,05/15/25 11:35:13,STABLE BEAMS,6800,90577.147143006,87548.300873638,63.7,HFET
392112:10629,878:878,05/15/25 11:35:36,STABLE BEAMS,6800,90529.979735599,87507.930005169,63.7,HFET
392112:10629,879:879,05/15/25 11:36:00,STABLE BEAMS,6800,90379.913141866,87372.104636645,63.6,HFET
392112:10629,880:880,05/15/25 11:36:23,STABLE BEAMS,6800,90302.703799674,87284.163392824,63.5,HFET
392112:10629,881:881,05/15/25 11:36:46,STABLE BEAMS,6800,90188.866745844,87189.351102637,63.4,HFET
392112:10629,882:882,05/15/25 11:37:10,STABLE BEAMS,6800,90095.079723766,85839.493600022,63.4,HFET
392112:10629,883:883,05/15/25 11:37:33,STABLE BEAMS,6800,89974.665886695,86994.740582495,63.3,HFET
392112:10629,884:884,05/15/25 11:37:56,STABLE BEAMS,6800,89874.720693139,86920.081422264,63.2,HFET
392112:10629,885:885,05/15/25 11:38:19,STABLE BEAMS,6800,89458.315635769,86552.446804846,62.9,HFET
392112:10629,886:886,05/15/25 11:38:43,STABLE BEAMS,6800,89288.267688775,86377.037703325,62.8,HFET
392112:10629,887:887,05/15/25 11:39:06,STABLE BEAMS,6800,89178.941340208,86277.742208008,62.7,HFET
392112:10629,888:888,05/15/25 11:39:29,STABLE BEAMS,6800,89030.342340448,86152.879005094,62.6,HFET
392112:10629,889:889,05/15/25 11:39:53,STABLE BEAMS,6800,89501.550381889,86583.310668716,62.9,HFET
392112:10629,890:890,05/15/25 11:40:16,STABLE BEAMS,6800,89642.205569371,86717.056820898,63.0,HFET
392112:10629,891:891,05/15/25 11:40:39,STABLE BEAMS,6800,89629.480425865,86693.124330011,63.0,HFET
392112:10629,892:892,05/15/25 11:41:03,STABLE BEAMS,6800,89480.542121648,86561.033683371,62.9,HFET
392112:10629,893:893,05/15/25 11:41:26,STABLE BEAMS,6800,89380.726926667,86474.823537257,62.8,HFET
392112:10629,894:894,05/15/25 11:41:49,STABLE BEAMS,6800,89218.164935336,86318.042897127,62.7,HFET
392112:10629,895:895,05/15/25 11:42:13,STABLE BEAMS,6800,89111.533399992,84992.674764192,62.7,HFET
392112:10629,896:896,05/15/25 11:42:36,STABLE BEAMS,6800,89320.474631270,86397.981283153,62.8,HFET
392112:10629,897:897,05/15/25 11:42:59,STABLE BEAMS,6800,89466.040330953,86550.306254365,62.9,HFET
392112:10629,898:898,05/15/25 11:43:22,STABLE BEAMS,6800,89449.742270644,86534.698968487,62.9,HFET
392112:10629,899:899,05/15/25 11:43:46,STABLE BEAMS,6800,89404.720248521,84224.921608594,62.9,HFET
392112:10629,900:900,05/15/25 11:44:09,STABLE BEAMS,6800,89393.961435658,68884.123214945,62.9,HFET
392112:10629,901:901,05/15/25 11:44:32,STABLE BEAMS,6800,89350.126570331,86445.753609711,62.8,HFET
392112:10629,902:902,05/15/25 11:44:56,STABLE BEAMS,6800,89309.566197406,86401.790599730,62.8,HFET
392112:10629,903:903,05/15/25 11:45:19,STABLE BEAMS,6800,89144.957750524,86281.284249340,62.7,HFET
392112:10629,904:904,05/15/25 11:45:42,STABLE BEAMS,6800,89165.038851119,66567.936991857,62.7,HFET
392112:10629,905:905,05/15/25 11:46:06,STABLE BEAMS,6800,89114.168528334,86232.394804896,62.7,HFET
392112:10629,906:906,05/15/25 11:46:29,STABLE BEAMS,6800,85921.472210816,83280.052161555,60.4,HFET
392112:10629,907:907,05/15/25 11:46:52,STABLE BEAMS,6800,88992.855330054,86111.203044575,62.6,HFET
392112:10629,908:908,05/15/25 11:47:16,STABLE BEAMS,6800,88861.622177638,84683.031289131,62.5,HFET
392112:10629,909:909,05/15/25 11:47:39,STABLE BEAMS,6800,88827.169284923,85946.344962312,62.5,HFET
392112:10629,910:910,05/15/25 11:48:02,STABLE BEAMS,6800,88700.846644709,85840.024752601,62.4,HFET
392112:10629,911:911,05/15/25 11:48:25,STABLE BEAMS,6800,88813.536604197,85946.161369447,62.5,HFET
392112:10629,912:912,05/15/25 11:48:49,STABLE BEAMS,6800,89584.418341288,86635.308373353,63.0,HFET
392112:10629,913:913,05/15/25 11:49:12,STABLE BEAMS,6800,89463.285832850,86550.011453631,62.9,HFET
392112:10629,914:914,05/15/25 11:49:35,STABLE BEAMS,6800,89212.525940556,86312.530704989,62.7,HFET
392112:10629,915:915,05/15/25 11:49:59,STABLE BEAMS,6800,89007.227122174,86142.391297924,62.6,HFET
392112:10629,916:916,05/15/25 11:50:22,STABLE BEAMS,6800,89037.937037057,86165.206939591,62.6,HFET
392112:10629,917:917,05/15/25 11:50:45,STABLE BEAMS,6800,88623.847425999,85775.565629025,62.3,HFET
392112:10629,918:918,05/15/25 11:51:09,STABLE BEAMS,6800,87875.889588525,85076.567588673,61.8,HFET
392112:10629,919:919,05/15/25 11:51:32,STABLE BEAMS,6800,87346.545203331,84563.113742989,61.4,HFET
392112:10629,920:920,05/15/25 11:51:55,STABLE BEAMS,6800,86861.433855200,84136.791055804,61.1,HFET
392112:10629,921:921,05/15/25 11:52:19,STABLE BEAMS,6800,86887.123699334,82959.103450220,61.1,HFET
392112:10629,922:922,05/15/25 11:52:42,STABLE BEAMS,6800,86889.818512557,84154.200476466,61.1,HFET
392112:10629,923:923,05/15/25 11:53:05,STABLE BEAMS,6800,86393.818352987,83710.013029638,60.7,HFET
392112:10629,924:924,05/15/25 11:53:29,STABLE BEAMS,6800,86317.697237858,80279.650881763,60.7,HFET
392112:10629,925:925,05/15/25 11:53:52,STABLE BEAMS,6800,87244.544560612,69352.697015136,61.3,HFET
392112:10629,926:926,05/15/25 11:54:15,STABLE BEAMS,6800,87355.956609583,84603.418977991,61.4,HFET
392112:10629,927:927,05/15/25 11:54:38,STABLE BEAMS,6800,87753.030306566,84960.787790820,61.7,HFET
392112:10629,928:928,05/15/25 11:55:02,STABLE BEAMS,6800,87895.132647993,85085.647363114,61.8,HFET
392112:10629,929:929,05/15/25 11:55:25,STABLE BEAMS,6800,88082.016636820,85276.441411166,61.9,HFET
392112:10629,930:930,05/15/25 11:55:48,STABLE BEAMS,6800,88207.341803694,85371.992615624,62.0,HFET
392112:10629,931:931,05/15/25 11:56:12,STABLE BEAMS,6800,88560.930568621,85714.603231374,62.3,HFET
392112:10629,932:932,05/15/25 11:56:35,STABLE BEAMS,6800,88789.572715983,85928.203897071,62.4,HFET
392112:10629,933:933,05/15/25 11:56:58,STABLE BEAMS,6800,88949.031093541,86080.733155906,62.5,HFET
392112:10629,934:934,05/15/25 11:57:22,STABLE BEAMS,6800,89166.995370549,85029.606981209,62.7,HFET
392112:10629,935:935,05/15/25 11:57:45,STABLE BEAMS,6800,89248.805354126,86329.443275268,62.8,HFET
392112:10629,936:936,05/15/25 11:58:08,STABLE BEAMS,6800,89430.040536959,86513.680348827,62.9,HFET
392112:10629,937:937,05/15/25 11:58:32,STABLE BEAMS,6800,89551.992281698,86624.667782009,63.0,HFET
392112:10629,938:938,05/15/25 11:58:55,STABLE BEAMS,6800,89584.578591103,86649.295063360,63.0,HFET
392112:10629,939:939,05/15/25 11:59:18,STABLE BEAMS,6800,89668.284591629,86749.901631473,63.1,HFET
392112:10629,940:940,05/15/25 11:59:41,STABLE BEAMS,6800,89645.788297387,86699.243929772,63.0,HFET
392112:10629,941:941,05/15/25 12:00:05,STABLE BEAMS,6800,89785.275950499,86840.958403929,63.1,HFET
392112:10629,942:942,05/15/25 12:00:28,STABLE BEAMS,6800,90134.363003775,87164.684982341,63.4,HFET
392112:10629,943:943,05/15/25 12:00:51,STABLE BEAMS,6800,90108.743473334,87140.971638323,63.4,HFET
392112:10629,944:944,05/15/25 12:01:15,STABLE BEAMS,6800,89996.273448542,87040.487510258,63.3,HFET
392112:10629,945:945,05/15/25 12:01:38,STABLE BEAMS,6800,89797.062487944,86872.252337511,63.1,HFET
392112:10629,946:946,05/15/25 12:02:01,STABLE BEAMS,6800,89304.925493568,86410.759170560,62.8,HFET
392112:10629,947:947,05/15/25 12:02:25,STABLE BEAMS,6800,89353.959484284,85199.962594248,62.8,HFET
392112:10629,948:948,05/15/25 12:02:48,STABLE BEAMS,6800,89330.075720977,86417.122188994,62.8,HFET
392112:10629,949:949,05/15/25 12:03:11,STABLE BEAMS,6800,89446.758026632,86550.914199667,62.9,HFET
392112:10629,950:950,05/15/25 12:03:35,STABLE BEAMS,6800,89420.579257040,86502.666477772,62.9,HFET
392112:10629,951:951,05/15/25 12:03:58,STABLE BEAMS,6800,89451.697972473,66603.060241244,62.9,HFET
392112:10629,952:952,05/15/25 12:04:21,STABLE BEAMS,6800,89414.031907439,86389.479798829,62.9,HFET
392112:10629,953:953,05/15/25 12:04:45,STABLE BEAMS,6800,89405.997341438,86508.189136500,62.9,HFET
392112:10629,954:954,05/15/25 12:05:08,STABLE BEAMS,6800,89328.089767907,86422.116025979,62.8,HFET
392112:10629,955:955,05/15/25 12:05:31,STABLE BEAMS,6800,89334.158003265,86444.459240671,62.8,HFET
392112:10629,956:956,05/15/25 12:05:54,STABLE BEAMS,6800,89695.571210710,86760.443462408,63.1,HFET
392112:10629,957:957,05/15/25 12:06:18,STABLE BEAMS,6800,89964.345308021,87021.982495991,63.3,HFET
392112:10629,958:958,05/15/25 12:06:41,STABLE BEAMS,6800,89869.520750149,86925.739261913,63.2,HFET
392112:10629,959:959,05/15/25 12:07:04,STABLE BEAMS,6800,89790.665576945,86844.971784493,63.1,HFET
392112:10629,960:960,05/15/25 12:07:28,STABLE BEAMS,6800,89734.735120958,85459.196736337,63.1,HFET
392112:10629,961:961,05/15/25 12:07:51,STABLE BEAMS,6800,89684.313661177,86749.342138912,63.1,HFET
392112:10629,962:962,05/15/25 12:08:14,STABLE BEAMS,6800,89578.799786535,86669.324952837,63.0,HFET
392112:10629,963:963,05/15/25 12:08:38,STABLE BEAMS,6800,89505.473231963,86565.560445656,62.9,HFET
392112:10629,964:964,05/15/25 12:09:01,STABLE BEAMS,6800,89223.175194871,86338.531874379,62.7,HFET
392112:10629,965:965,05/15/25 12:09:24,STABLE BEAMS,6800,89014.673015383,86146.209857579,62.6,HFET
392112:10629,966:966,05/15/25 12:09:48,STABLE BEAMS,6800,88639.256753914,85791.254060239,62.3,HFET
392112:10629,967:967,05/15/25 12:10:11,STABLE BEAMS,6800,88632.440413551,85784.613805998,62.3,HFET
392112:10629,968:968,05/15/25 12:10:34,STABLE BEAMS,6800,88651.174107534,85806.427539326,62.3,HFET
392112:10629,969:969,05/15/25 12:10:58,STABLE BEAMS,6800,88433.489450103,85594.178856889,62.2,HFET
392112:10629,970:970,05/15/25 12:11:21,STABLE BEAMS,6800,88236.913617847,85425.115451284,62.0,HFET
392112:10629,971:971,05/15/25 12:11:44,STABLE BEAMS,6800,89088.647927627,86200.673236907,62.6,HFET
392112:10629,972:972,05/15/25 12:12:07,STABLE BEAMS,6800,89184.909828232,86293.738544809,62.7,HFET
392112:10629,973:973,05/15/25 12:12:31,STABLE BEAMS,6800,89032.188483729,84779.991387697,62.6,HFET
392112:10629,974:974,05/15/25 12:12:54,STABLE BEAMS,6800,88880.365682835,86021.408341079,62.5,HFET
392112:10629,975:975,05/15/25 12:13:17,STABLE BEAMS,6800,88604.804678800,85740.865654575,62.3,HFET
392112:10629,976:976,05/15/25 12:13:41,STABLE BEAMS,6800,88432.361978187,85587.102712081,62.2,HFET
392112:10629,977:977,05/15/25 12:14:04,STABLE BEAMS,6800,88887.132149531,86026.385941818,62.5,HFET
392112:10629,978:978,05/15/25 12:14:27,STABLE BEAMS,6800,88825.173520641,65977.329399231,62.5,HFET
392112:10629,979:979,05/15/25 12:14:51,STABLE BEAMS,6800,88990.669882316,86114.537164025,62.6,HFET
392112:10629,980:980,05/15/25 12:15:14,STABLE BEAMS,6800,88976.587520985,86112.004356892,62.6,HFET
392112:10629,981:981,05/15/25 12:15:37,STABLE BEAMS,6800,88996.797802554,86106.479735607,62.6,HFET
392112:10629,982:982,05/15/25 12:16:01,STABLE BEAMS,6800,89042.049570586,86164.765126870,62.6,HFET
392112:10629,983:983,05/15/25 12:16:24,STABLE BEAMS,6800,88986.787094697,86115.329724935,62.6,HFET
392112:10629,984:984,05/15/25 12:16:47,STABLE BEAMS,6800,89019.662834891,86143.466237537,62.6,HFET
392112:10629,985:985,05/15/25 12:17:11,STABLE BEAMS,6800,89009.083894270,86112.106166458,62.6,HFET
392112:10629,986:986,05/15/25 12:17:34,STABLE BEAMS,6800,89717.917883950,85527.931286299,63.1,HFET
392112:10629,987:987,05/15/25 12:17:57,STABLE BEAMS,6800,89714.793830151,86769.746918520,63.1,HFET
392112:10629,988:988,05/15/25 12:18:20,STABLE BEAMS,6800,89657.795587128,86723.117070260,63.0,HFET
392112:10629,989:989,05/15/25 12:18:44,STABLE BEAMS,6800,89621.077121768,86694.022361426,63.0,HFET
392112:10629,990:990,05/15/25 12:19:07,STABLE BEAMS,6800,89624.230609207,86700.486068245,63.0,HFET
392112:10629,991:991,05/15/25 12:19:30,STABLE BEAMS,6800,89523.308382338,86591.799951833,63.0,HFET
392112:10629,992:992,05/15/25 12:19:54,STABLE BEAMS,6800,89368.161215375,86465.198898116,62.8,HFET
392112:10629,993:993,05/15/25 12:20:17,STABLE BEAMS,6800,89093.159450492,86224.661973639,62.6,HFET
392112:10629,994:994,05/15/25 12:20:40,STABLE BEAMS,6800,88712.234192817,85857.004880538,62.4,HFET
392112:10629,995:995,05/15/25 12:21:04,STABLE BEAMS,6800,88136.410820342,85327.111041824,62.0,HFET
392112:10629,996:996,05/15/25 12:21:27,STABLE BEAMS,6800,87700.433210260,84917.835364875,61.7,HFET
392112:10629,997:997,05/15/25 12:21:50,STABLE BEAMS,6800,87879.902374719,85092.013577709,61.8,HFET
392112:10629,998:998,05/15/25 12:22:14,STABLE BEAMS,6800,87751.123660803,84973.237085548,61.7,HFET
392112:10629,999:999,05/15/25 12:22:37,STABLE BEAMS,6800,87508.089281294,83529.842721908,61.5,HFET
392112:10629,1000:1000,05/15/25 12:23:00,STABLE BEAMS,6800,87326.504165190,84576.104411335,61.4,HFET
392112:10629,1001:1001,05/15/25 12:23:24,STABLE BEAMS,6800,87443.704829942,84679.027775909,61.5,HFET
392112:10629,1002:1002,05/15/25 12:23:47,STABLE BEAMS,6800,87364.300228799,84603.799370036,61.4,HFET
392112:10629,1003:1003,05/15/25 12:24:10,STABLE BEAMS,6800,87289.357276854,84530.341904030,61.4,HFET
392112:10629,1004:1004,05/15/25 12:24:33,STABLE BEAMS,6800,87115.117489025,84369.988122696,61.3,HFET
392112:10629,1005:1005,05/15/25 12:24:57,STABLE BEAMS,6800,86899.139982688,84172.105314423,61.1,HFET
392112:10629,1006:1006,05/15/25 12:25:20,STABLE BEAMS,6800,87226.998841026,84480.019667794,61.3,HFET
392112:10629,1007:1007,05/15/25 12:25:43,STABLE BEAMS,6800,87701.211566507,84907.747725813,61.7,HFET
392112:10629,1008:1008,05/15/25 12:26:07,STABLE BEAMS,6800,87942.070309491,85150.146352395,61.8,HFET
392112:10629,1009:1009,05/15/25 12:26:30,STABLE BEAMS,6800,88071.936432869,85276.206837544,61.9,HFET
392112:10629,1010:1010,05/15/25 12:26:53,STABLE BEAMS,6800,88401.661874517,85585.705462700,62.2,HFET
392112:10629,1011:1011,05/15/25 12:27:17,STABLE BEAMS,6800,88431.672740460,85604.621712104,62.2,HFET
392112:10629,1012:1012,05/15/25 12:27:40,STABLE BEAMS,6800,88407.749732301,84350.996422363,62.2,HFET
392112:10629,1013:1013,05/15/25 12:28:03,STABLE BEAMS,6800,88899.418241247,86036.212399757,62.5,HFET
392112:10629,1014:1014,05/15/25 12:28:27,STABLE BEAMS,6800,88987.016840605,86105.386198315,62.6,HFET
392112:10629,1015:1015,05/15/25 12:28:50,STABLE BEAMS,6800,88961.247689164,86084.191440858,62.6,HFET
392112:10629,1016:1016,05/15/25 12:29:13,STABLE BEAMS,6800,88959.231484854,86078.213613145,62.6,HFET
392112:10629,1017:1017,05/15/25 12:29:36,STABLE BEAMS,6800,89120.026640210,86230.773797643,62.7,HFET
392112:10629,1018:1018,05/15/25 12:30:00,STABLE BEAMS,6800,89129.877915853,86241.540199253,62.7,HFET
392112:10629,1019:1019,05/15/25 12:30:23,STABLE BEAMS,6800,89166.077204515,86276.660753551,62.7,HFET
392112:10629,1020:1020,05/15/25 12:30:46,STABLE BEAMS,6800,89150.776617547,86263.889170781,62.7,HFET
392112:10629,1021:1021,05/15/25 12:31:10,STABLE BEAMS,6800,89132.951278384,86235.599191840,62.7,HFET
392112:10629,1022:1022,05/15/25 12:31:33,STABLE BEAMS,6800,89076.292339818,86174.410441587,62.6,HFET
392112:10629,1023:1023,05/15/25 12:31:56,STABLE BEAMS,6800,89052.688196087,86176.515678025,62.6,HFET
392112:10629,1024:1024,05/15/25 12:32:20,STABLE BEAMS,6800,89007.477308110,86137.016160444,62.6,HFET
392112:10629,1025:1025,05/15/25 12:32:43,STABLE BEAMS,6800,89515.443877366,85348.969983616,62.9,HFET
392112:10629,1026:1026,05/15/25 12:33:06,STABLE BEAMS,6800,89676.348591269,86755.075049864,63.1,HFET
392112:10629,1027:1027,05/15/25 12:33:30,STABLE BEAMS,6800,89611.346033487,86688.315920882,63.0,HFET
392112:10629,1028:1028,05/15/25 12:33:53,STABLE BEAMS,6800,89581.444726091,86644.068015838,63.0,HFET
392112:10629,1029:1029,05/15/25 12:34:16,STABLE BEAMS,6800,89434.960860373,86526.444324964,62.9,HFET
392112:10629,1030:1030,05/15/25 12:34:39,STABLE BEAMS,6800,89381.855216184,86466.628843333,62.9,HFET
392112:10629,1031:1031,05/15/25 12:35:03,STABLE BEAMS,6800,89406.546769376,86506.669081884,62.9,HFET
392112:10629,1032:1032,05/15/25 12:35:26,STABLE BEAMS,6800,89274.484569446,86380.374222802,62.8,HFET
392112:10629,1033:1033,05/15/25 12:35:49,STABLE BEAMS,6800,89042.628432164,86146.407874092,62.6,HFET
392112:10629,1034:1034,05/15/25 12:36:13,STABLE BEAMS,6800,88975.679166164,86088.210734680,62.6,HFET
392112:10629,1035:1035,05/15/25 12:36:36,STABLE BEAMS,6800,89654.261915178,86723.197255191,63.0,HFET
392112:10629,1036:1036,05/15/25 12:36:59,STABLE BEAMS,6800,89507.499247486,86586.759488620,62.9,HFET
392112:10629,1037:1037,05/15/25 12:37:23,STABLE BEAMS,6800,89383.780666772,86480.756504535,62.9,HFET
392112:10629,1038:1038,05/15/25 12:37:46,STABLE BEAMS,6800,89284.684960759,85013.080858041,62.8,HFET
392112:10629,1039:1039,05/15/25 12:38:09,STABLE BEAMS,6800,89164.070811418,86267.673552268,62.7,HFET
392112:10629,1040:1040,05/15/25 12:38:33,STABLE BEAMS,6800,88924.548846230,86048.386621492,62.5,HFET
392112:10629,1041:1041,05/15/25 12:38:56,STABLE BEAMS,6800,88673.190469931,85824.558950030,62.4,HFET
392112:10629,1042:1042,05/15/25 12:39:19,STABLE BEAMS,6800,88219.008971378,85419.591744112,62.0,HFET
392112:10629,1043:1043,05/15/25 12:39:43,STABLE BEAMS,6800,88126.369861244,85319.344484859,62.0,HFET
392112:10629,1044:1044,05/15/25 12:40:06,STABLE BEAMS,6800,88502.234985717,85667.799403323,62.2,HFET
392112:10629,1045:1045,05/15/25 12:40:29,STABLE BEAMS,6800,88618.597609342,85788.630133441,62.3,HFET
392112:10629,1046:1046,05/15/25 12:40:52,STABLE BEAMS,6800,88672.811103021,85813.014323048,62.4,HFET
392112:10629,1047:1047,05/15/25 12:41:16,STABLE BEAMS,6800,89447.616507786,86547.679627447,62.9,HFET
392112:10629,1048:1048,05/15/25 12:41:39,STABLE BEAMS,6800,89507.758427035,86601.839730926,62.9,HFET
392112:10629,1049:1049,05/15/25 12:42:02,STABLE BEAMS,6800,89495.393028012,55199.865792628,62.9,HFET
392112:10629,1050:1050,05/15/25 12:42:26,STABLE BEAMS,6800,89435.240479949,76148.027908205,62.9,HFET
392112:10629,1051:1051,05/15/25 12:42:49,STABLE BEAMS,6800,89198.423139197,85052.720009732,62.7,HFET
392112:10629,1052:1052,05/15/25 12:43:12,STABLE BEAMS,6800,89130.845955554,86235.054818390,62.7,HFET
392112:10629,1053:1053,05/15/25 12:43:36,STABLE BEAMS,6800,89145.606925797,86230.927291898,62.7,HFET
392112:10629,1054:1054,05/15/25 12:43:59,STABLE BEAMS,6800,89015.520867723,86141.920292004,62.6,HFET
392112:10629,1055:1055,05/15/25 12:44:22,STABLE BEAMS,6800,88841.441329709,85979.019530328,62.5,HFET
392112:10629,1056:1056,05/15/25 12:44:46,STABLE BEAMS,6800,88931.935054559,86055.133719917,62.5,HFET
392112:10629,1057:1057,05/15/25 12:45:09,STABLE BEAMS,6800,89030.511583875,86142.275615462,62.6,HFET
392112:10629,1058:1058,05/15/25 12:45:32,STABLE BEAMS,6800,88995.680141851,86119.059263082,62.6,HFET
392112:10629,1059:1059,05/15/25 12:45:56,STABLE BEAMS,6800,88954.011919437,86089.465965169,62.5,HFET
392112:10629,1060:1060,05/15/25 12:46:19,STABLE BEAMS,6800,88836.091765718,85975.764757105,62.5,HFET
392112:10629,1061:1061,05/15/25 12:46:42,STABLE BEAMS,6800,88789.154104220,85907.123288842,62.4,HFET
392112:10629,1062:1062,05/15/25 12:47:05,STABLE BEAMS,6800,89360.267276763,86461.025787957,62.8,HFET
392112:10629,1063:1063,05/15/25 12:47:29,STABLE BEAMS,6800,89387.992947635,86475.543376776,62.9,HFET
392112:10629,1064:1064,05/15/25 12:47:52,STABLE BEAMS,6800,89320.325010269,85152.313010181,62.8,HFET
392112:10629,1065:1065,05/15/25 12:48:15,STABLE BEAMS,6800,89243.036360771,86356.361910468,62.8,HFET
392112:10629,1066:1066,05/15/25 12:48:39,STABLE BEAMS,6800,89071.022900734,86177.382751669,62.6,HFET
392112:10629,1067:1067,05/15/25 12:49:02,STABLE BEAMS,6800,89016.718653333,86133.224868250,62.6,HFET
392112:10629,1068:1068,05/15/25 12:49:25,STABLE BEAMS,6800,88954.620214655,86071.588422001,62.6,HFET
392112:10629,1069:1069,05/15/25 12:49:49,STABLE BEAMS,6800,89314.975446278,86391.326803868,62.8,HFET
392112:10629,1070:1070,05/15/25 12:50:12,STABLE BEAMS,6800,89318.908107564,86432.097015401,62.8,HFET
392112:10629,1071:1071,05/15/25 12:50:35,STABLE BEAMS,6800,89255.362514941,86362.517456899,62.8,HFET
392112:10629,1072:1072,05/15/25 12:50:59,STABLE BEAMS,6800,89181.896150580,86297.860156845,62.7,HFET
392112:10629,1073:1073,05/15/25 12:51:22,STABLE BEAMS,6800,88893.639436679,86024.885443707,62.5,HFET
392112:10629,1074:1074,05/15/25 12:51:45,STABLE BEAMS,6800,88899.338116340,86030.353189209,62.5,HFET
#Summary:
#nfill,nrun,nls,ncms,totdelivered(/ub),totrecorded(/ub)
#8,24,6658,6657,264893251.194870591,253496204.929076761
#Check JSON:
#(run,ls) in json but not in results: []
