#Data tag : 24v2 , Norm tag: None
#run:fill,ls,time,beamstatus,E(GeV),delivered(/ub),recorded(/ub),avgpu,source
367619:8782,1:1,05/17/23 08:19:47,STABLE BEAMS,6800,393516.909522531,308720.021375499,50.9,AVG
367619:8782,2:2,05/17/23 08:20:10,STABLE BEAMS,6800,394093.851304184,376991.124771013,50.9,AVG
367619:8782,3:3,05/17/23 08:20:34,STABLE BEAMS,6800,393543.406885085,376490.121799323,50.9,AVG
367619:8782,4:4,05/17/23 08:20:57,STABLE BEAMS,6800,393597.996067480,377700.615632977,50.9,AVG
367619:8782,5:5,05/17/23 08:21:20,STABLE BEAMS,6800,393814.212867542,300699.089338910,50.9,AVG
367619:8782,6:6,05/17/23 08:21:44,STABLE BEAMS,6800,393755.481359709,379526.267748189,50.9,AVG
367619:8782,7:7,05/17/23 08:22:07,STABLE BEAMS,6800,393608.833248663,376179.511510613,50.9,AVG
367619:8782,8:8,05/17/23 08:22:30,STABLE BEAMS,6800,393499.291235720,376684.329221596,50.9,AVG
367619:8782,9:9,05/17/23 08:22:53,STABLE BEAMS,6800,393140.340204416,382123.514581132,50.8,AVG
367619:8782,10:10,05/17/23 08:23:17,STABLE BEAMS,6800,393124.586779929,328120.479490624,50.8,AVG
367619:8782,11:11,05/17/23 08:23:40,STABLE BEAMS,6800,392714.191190325,321625.288220999,50.8,AVG
367619:8782,12:12,05/17/23 08:24:03,STABLE BEAMS,6800,392214.785721970,372431.703376099,50.7,AVG
367619:8782,13:13,05/17/23 08:24:27,STABLE BEAMS,6800,392151.270842274,380825.836926163,50.7,AVG
367619:8782,14:14,05/17/23 08:24:50,STABLE BEAMS,6800,392516.504128534,381233.684023669,50.7,AVG
367619:8782,15:15,05/17/23 08:25:13,STABLE BEAMS,6800,392287.813730599,381298.392057898,50.7,AVG
367619:8782,16:16,05/17/23 08:25:37,STABLE BEAMS,6800,391778.254086887,276743.194408745,50.6,AVG
367619:8782,17:17,05/17/23 08:26:00,STABLE BEAMS,6800,391901.955067029,380867.049288036,50.7,AVG
367619:8782,18:18,05/17/23 08:26:23,STABLE BEAMS,6800,391643.534101485,380276.031098775,50.6,AVG
367619:8782,19:19,05/17/23 08:26:47,STABLE BEAMS,6800,391273.748220075,380445.829922950,50.6,AVG
367619:8782,20:20,05/17/23 08:27:10,STABLE BEAMS,6800,390883.339292434,375939.364639981,50.5,AVG
367619:8782,21:21,05/17/23 08:27:33,STABLE BEAMS,6800,390905.374971876,380335.416298743,50.5,AVG
367619:8782,22:22,05/17/23 08:27:57,STABLE BEAMS,6800,390508.045073932,380006.894483475,50.5,AVG
367619:8782,23:23,05/17/23 08:28:20,STABLE BEAMS,6800,390267.377597718,375485.690837933,50.4,AVG
367619:8782,24:24,05/17/23 08:28:43,STABLE BEAMS,6800,389658.931298169,379184.309943673,50.4,AVG
367619:8782,25:25,05/17/23 08:29:06,STABLE BEAMS,6800,389354.114889068,376025.295941827,50.3,AVG
367619:8782,26:26,05/17/23 08:29:30,STABLE BEAMS,6800,389369.458043844,376100.111480333,50.3,AVG
367619:8782,27:27,05/17/23 08:29:53,STABLE BEAMS,6800,388706.420230823,370163.661827742,50.2,AVG
367619:8782,28:28,05/17/23 08:30:16,STABLE BEAMS,6800,388157.525978531,369545.437857140,50.2,AVG
367619:8782,29:29,05/17/23 08:30:40,STABLE BEAMS,6800,389306.173940860,375628.368141828,50.3,AVG
367619:8782,30:30,05/17/23 08:31:03,STABLE BEAMS,6800,389329.801746512,375919.253019446,50.3,AVG
367619:8782,31:31,05/17/23 08:31:26,STABLE BEAMS,6800,389180.011342450,370534.086316630,50.3,AVG
367619:8782,32:32,05/17/23 08:31:50,STABLE BEAMS,6800,389117.592069370,375754.886006824,50.3,AVG
367619:8782,33:33,05/17/23 08:32:13,STABLE BEAMS,6800,388960.792114045,370201.291408192,50.3,AVG
367619:8782,34:34,05/17/23 08:32:36,STABLE BEAMS,6800,388736.833804258,375309.041969360,50.2,AVG
367619:8782,35:35,05/17/23 08:33:00,STABLE BEAMS,6800,388296.570113448,374877.337697203,50.2,AVG
367619:8782,36:36,05/17/23 08:33:23,STABLE BEAMS,6800,388345.378222637,375085.088975062,50.2,AVG
367619:8782,37:37,05/17/23 08:33:46,STABLE BEAMS,6800,388337.592422432,369703.864564020,50.2,AVG
367619:8782,38:38,05/17/23 08:34:10,STABLE BEAMS,6800,387928.469601364,374663.822695975,50.1,AVG
367619:8782,39:39,05/17/23 08:34:33,STABLE BEAMS,6800,387712.115267705,374656.581380991,50.1,AVG
367619:8782,40:40,05/17/23 08:34:56,STABLE BEAMS,6800,387806.498281028,374720.121800591,50.1,AVG
367619:8782,41:41,05/17/23 08:35:19,STABLE BEAMS,6800,387858.490642636,247599.862884993,50.1,AVG
367619:8782,42:42,05/17/23 08:35:43,STABLE BEAMS,6800,387535.827501089,374482.037320707,50.1,AVG
367619:8782,43:43,05/17/23 08:36:06,STABLE BEAMS,6800,387252.911568911,374266.487646568,50.1,AVG
367619:8782,44:44,05/17/23 08:36:29,STABLE BEAMS,6800,386985.520615586,374016.546145929,50.0,AVG
367619:8782,45:45,05/17/23 08:36:53,STABLE BEAMS,6800,386641.413888385,373638.294979364,50.0,AVG
367619:8782,46:46,05/17/23 08:37:16,STABLE BEAMS,6800,386575.125025981,373451.823677843,50.0,AVG
367619:8782,47:47,05/17/23 08:37:39,STABLE BEAMS,6800,386468.086590709,367820.443893845,50.0,AVG
367619:8782,48:48,05/17/23 08:38:03,STABLE BEAMS,6800,385700.695744163,372862.362359243,49.9,AVG
367619:8782,49:49,05/17/23 08:38:26,STABLE BEAMS,6800,385358.001650172,372667.577759457,49.8,AVG
367619:8782,50:50,05/17/23 08:38:49,STABLE BEAMS,6800,385807.552355359,373090.182212371,49.9,AVG
367619:8782,51:51,05/17/23 08:39:13,STABLE BEAMS,6800,385505.605503159,372824.450769041,49.8,AVG
367619:8782,52:52,05/17/23 08:39:36,STABLE BEAMS,6800,385257.336381894,372595.908920873,49.8,AVG
367619:8782,53:53,05/17/23 08:39:59,STABLE BEAMS,6800,385170.876702373,372430.406826033,49.8,AVG
367619:8782,54:54,05/17/23 08:40:22,STABLE BEAMS,6800,385148.339841181,372486.702403900,49.8,AVG
367619:8782,55:55,05/17/23 08:40:46,STABLE BEAMS,6800,385037.431816585,372351.699617363,49.8,AVG
367619:8782,56:56,05/17/23 08:41:09,STABLE BEAMS,6800,384790.983267164,372206.227275562,49.7,AVG
367619:8782,57:57,05/17/23 08:41:32,STABLE BEAMS,6800,384282.425986952,367432.056401874,49.7,AVG
367619:8782,58:58,05/17/23 08:41:56,STABLE BEAMS,6800,384110.464700928,367267.277710552,49.6,AVG
367619:8782,59:59,05/17/23 08:42:19,STABLE BEAMS,6800,384440.184015296,370360.751961426,49.7,AVG
367619:8782,60:60,05/17/23 08:42:42,STABLE BEAMS,6800,384431.670918784,371858.949950170,49.7,AVG
367619:8782,61:61,05/17/23 08:43:06,STABLE BEAMS,6800,383954.802311621,371500.890763977,49.6,AVG
367619:8782,62:62,05/17/23 08:43:29,STABLE BEAMS,6800,383514.081729542,371253.594490814,49.6,AVG
367619:8782,63:63,05/17/23 08:43:52,STABLE BEAMS,6800,383670.019186042,371299.648935933,49.6,AVG
367619:8782,64:64,05/17/23 08:44:16,STABLE BEAMS,6800,383481.847584262,371298.488471976,49.6,AVG
367619:8782,65:65,05/17/23 08:44:39,STABLE BEAMS,6800,383288.440381507,371086.773771044,49.5,AVG
367619:8782,66:66,05/17/23 08:45:02,STABLE BEAMS,6800,382911.460793680,370786.811464274,49.5,AVG
367619:8782,67:67,05/17/23 08:45:26,STABLE BEAMS,6800,382751.154897185,370565.828081069,49.5,AVG
367619:8782,68:68,05/17/23 08:45:49,STABLE BEAMS,6800,382745.236290383,370605.412409835,49.5,AVG
367619:8782,69:69,05/17/23 08:46:12,STABLE BEAMS,6800,382373.357101014,370374.654370314,49.4,AVG
367619:8782,70:70,05/17/23 08:46:35,STABLE BEAMS,6800,382133.099894510,369952.099365843,49.4,AVG
367619:8782,71:71,05/17/23 08:46:59,STABLE BEAMS,6800,382122.400246923,370206.393905202,49.4,AVG
367619:8782,72:72,05/17/23 08:47:22,STABLE BEAMS,6800,381732.923750444,369663.438981785,49.3,AVG
367619:8782,73:73,05/17/23 08:47:45,STABLE BEAMS,6800,381212.074696435,369129.027951663,49.3,AVG
367619:8782,74:74,05/17/23 08:48:09,STABLE BEAMS,6800,381178.656363579,369199.236983954,49.3,AVG
367619:8782,75:75,05/17/23 08:48:32,STABLE BEAMS,6800,380847.069855810,368882.775951645,49.2,AVG
367619:8782,76:76,05/17/23 08:48:55,STABLE BEAMS,6800,380309.031433324,368282.865241712,49.2,AVG
367619:8782,77:77,05/17/23 08:49:19,STABLE BEAMS,6800,380297.056686123,368333.154178508,49.2,AVG
367619:8782,78:78,05/17/23 08:49:42,STABLE BEAMS,6800,380851.440626883,368896.908277272,49.2,AVG
367619:8782,79:79,05/17/23 08:50:05,STABLE BEAMS,6800,379388.211370105,367635.135471775,49.0,AVG
367619:8782,80:80,05/17/23 08:50:29,STABLE BEAMS,6800,379613.806096582,367764.878495487,49.1,AVG
367619:8782,81:81,05/17/23 08:50:52,STABLE BEAMS,6800,379847.300846081,368107.156758663,49.1,AVG
367619:8782,82:82,05/17/23 08:51:15,STABLE BEAMS,6800,379348.508451216,367613.251155229,49.0,AVG
367619:8782,83:83,05/17/23 08:51:39,STABLE BEAMS,6800,379563.200726328,367723.971039667,49.1,AVG
367619:8782,84:84,05/17/23 08:52:02,STABLE BEAMS,6800,378804.553753006,367189.752166757,49.0,AVG
367619:8782,85:85,05/17/23 08:52:25,STABLE BEAMS,6800,378658.155067296,366855.231068938,48.9,AVG
367619:8782,86:86,05/17/23 08:52:48,STABLE BEAMS,6800,379740.626058962,367380.855351424,49.1,AVG
367619:8782,87:87,05/17/23 08:53:12,STABLE BEAMS,6800,379496.478283434,361228.756039979,49.1,AVG
367619:8782,88:88,05/17/23 08:53:35,STABLE BEAMS,6800,379401.162838949,361395.959225115,49.0,AVG
367619:8782,89:89,05/17/23 08:53:58,STABLE BEAMS,6800,379229.427667483,367656.270323953,49.0,AVG
367619:8782,90:90,05/17/23 08:54:22,STABLE BEAMS,6800,379155.534828951,361946.330862268,49.0,AVG
367619:8782,91:91,05/17/23 08:54:45,STABLE BEAMS,6800,378628.447810466,367036.702592578,48.9,AVG
367619:8782,92:92,05/17/23 08:55:08,STABLE BEAMS,6800,378371.460457834,366837.853590956,48.9,AVG
367619:8782,93:93,05/17/23 08:55:32,STABLE BEAMS,6800,378065.846820089,361403.760387532,48.9,AVG
367619:8782,94:94,05/17/23 08:55:55,STABLE BEAMS,6800,245680.540838814,240809.228914458,31.8,AVG
367619:8782,95:95,05/17/23 08:56:18,STABLE BEAMS,6800,13036.611511021,13006.798486988,1.7,AVG
367619:8782,96:96,05/17/23 08:56:42,STABLE BEAMS,6800,46117.055510070,45930.588178237,6.0,AVG
367619:8782,97:97,05/17/23 08:57:05,STABLE BEAMS,6800,132813.391421782,131881.767932471,17.2,AVG
367619:8782,98:98,05/17/23 08:57:28,STABLE BEAMS,6800,241065.507767340,158768.014252653,31.2,AVG
367619:8782,99:99,05/17/23 08:57:51,STABLE BEAMS,6800,351888.389742738,343169.802246145,45.5,AVG
367619:8782,100:100,05/17/23 08:58:15,STABLE BEAMS,6800,361123.190304913,245175.866043489,46.7,AVG
367619:8782,101:101,05/17/23 08:58:38,STABLE BEAMS,6800,281698.517416738,276635.466495937,36.4,AVG
367619:8782,102:102,05/17/23 08:59:01,STABLE BEAMS,6800,154248.938820086,152990.923882588,19.9,AVG
367619:8782,103:103,05/17/23 08:59:25,STABLE BEAMS,6800,70242.923696300,69915.813500433,9.1,AVG
367619:8782,104:104,05/17/23 08:59:48,STABLE BEAMS,6800,20548.232640457,20498.384980227,2.7,AVG
367619:8782,105:105,05/17/23 09:00:11,STABLE BEAMS,6800,134081.632072553,132631.563302750,17.3,AVG
367619:8782,106:106,05/17/23 09:00:35,STABLE BEAMS,6800,90849.862878746,90161.168588604,11.7,AVG
367619:8782,107:107,05/17/23 09:00:58,STABLE BEAMS,6800,15350.967522576,15315.992412540,2.0,AVG
367619:8782,108:108,05/17/23 09:01:21,STABLE BEAMS,6800,50491.927182342,50314.252673220,6.5,AVG
367619:8782,109:109,05/17/23 09:01:45,STABLE BEAMS,6800,144482.428012616,143373.856664268,18.7,AVG
367619:8782,110:110,05/17/23 09:02:08,STABLE BEAMS,6800,280241.570414916,275462.980301045,36.2,AVG
367619:8782,111:111,05/17/23 09:02:31,STABLE BEAMS,6800,363184.191855508,353200.124733300,46.9,AVG
367619:8782,112:112,05/17/23 09:02:55,STABLE BEAMS,6800,313621.696903708,307318.846177187,40.5,AVG
367619:8782,113:113,05/17/23 09:03:18,STABLE BEAMS,6800,190650.006605890,188735.605660387,24.6,AVG
367619:8782,114:114,05/17/23 09:03:41,STABLE BEAMS,6800,69753.488481256,69460.770667002,9.0,AVG
367619:8782,115:115,05/17/23 09:04:04,STABLE BEAMS,6800,23442.582164305,23383.728521400,3.0,AVG
367619:8782,116:116,05/17/23 09:04:28,STABLE BEAMS,6800,67522.858587405,67118.603465375,8.7,AVG
367619:8782,117:117,05/17/23 09:04:51,STABLE BEAMS,6800,372813.888670293,354930.167299972,48.2,AVG
367619:8782,118:118,05/17/23 09:05:14,STABLE BEAMS,6800,372854.339865190,361908.221901234,48.2,AVG
367619:8782,119:119,05/17/23 09:05:38,STABLE BEAMS,6800,372300.321903661,356347.039930925,48.1,AVG
367619:8782,120:120,05/17/23 09:06:01,STABLE BEAMS,6800,372017.951443714,361074.660111902,48.1,AVG
367619:8782,121:121,05/17/23 09:06:24,STABLE BEAMS,6800,371249.061714075,351378.218158915,48.0,AVG
367619:8782,122:122,05/17/23 09:06:48,STABLE BEAMS,6800,371204.988024112,360523.258546567,48.0,AVG
367619:8782,123:123,05/17/23 09:07:11,STABLE BEAMS,6800,370134.923029060,359556.039941243,47.8,AVG
367619:8782,124:124,05/17/23 09:07:34,STABLE BEAMS,6800,369525.838014166,358984.091893680,47.8,AVG
367619:8782,125:125,05/17/23 09:07:58,STABLE BEAMS,6800,368996.018972376,358566.586601832,47.7,AVG
367619:8782,126:126,05/17/23 09:08:21,STABLE BEAMS,6800,367966.589327376,357702.399907625,47.6,AVG
367619:8782,127:127,05/17/23 09:08:44,STABLE BEAMS,6800,368573.443500714,358064.521241339,47.6,AVG
367619:8782,128:128,05/17/23 09:09:07,STABLE BEAMS,6800,368516.781990061,357866.770775336,47.6,AVG
367619:8782,129:129,05/17/23 09:09:31,STABLE BEAMS,6800,367766.557201213,357342.431965476,47.5,AVG
367619:8782,130:130,05/17/23 09:09:54,STABLE BEAMS,6800,367256.111747897,356870.869862330,47.5,AVG
367619:8782,131:131,05/17/23 09:10:17,STABLE BEAMS,6800,368321.645127500,352769.613714883,47.6,AVG
367619:8782,132:132,05/17/23 09:10:41,STABLE BEAMS,6800,368260.864602188,357969.434474711,47.6,AVG
367619:8782,133:133,05/17/23 09:11:04,STABLE BEAMS,6800,368601.010828027,354144.234174260,47.6,AVG
367619:8782,134:134,05/17/23 09:11:27,STABLE BEAMS,6800,368386.250951656,358071.985225748,47.6,AVG
367619:8782,135:135,05/17/23 09:11:51,STABLE BEAMS,6800,368039.207066293,357710.734546338,47.6,AVG
367619:8782,136:136,05/17/23 09:12:14,STABLE BEAMS,6800,367762.552409371,357417.105323067,47.5,AVG
367619:8782,137:137,05/17/23 09:12:37,STABLE BEAMS,6800,367675.659149359,353406.669577469,47.5,AVG
367619:8782,138:138,05/17/23 09:13:01,STABLE BEAMS,6800,367466.090583484,357256.665576129,47.5,AVG
367619:8782,139:139,05/17/23 09:13:24,STABLE BEAMS,6800,367573.697801765,357406.789688982,47.5,AVG
367619:8782,140:140,05/17/23 09:13:47,STABLE BEAMS,6800,367550.592157564,357280.041681554,47.5,AVG
367619:8782,141:141,05/17/23 09:14:11,STABLE BEAMS,6800,367309.927012427,357065.803488004,47.5,AVG
367619:8782,142:142,05/17/23 09:14:34,STABLE BEAMS,6800,367474.284322322,357319.509393448,47.5,AVG
367619:8782,143:143,05/17/23 09:14:57,STABLE BEAMS,6800,367168.808218174,356540.664956337,47.5,AVG
367619:8782,144:144,05/17/23 09:15:20,STABLE BEAMS,6800,366876.924629293,356484.994014613,47.4,AVG
367619:8782,145:145,05/17/23 09:15:44,STABLE BEAMS,6800,366538.689887337,356426.640816968,47.4,AVG
367619:8782,146:146,05/17/23 09:16:07,STABLE BEAMS,6800,366577.458043986,356502.787403338,47.4,AVG
367619:8782,147:147,05/17/23 09:16:30,STABLE BEAMS,6800,366364.586340718,351052.699023621,47.4,AVG
367619:8782,148:148,05/17/23 09:16:54,STABLE BEAMS,6800,366630.135742498,356541.793432104,47.4,AVG
367619:8782,149:149,05/17/23 09:17:17,STABLE BEAMS,6800,366200.592678976,356122.563079365,47.3,AVG
367619:8782,150:150,05/17/23 09:17:40,STABLE BEAMS,6800,365669.498537572,355463.122812673,47.3,AVG
367619:8782,151:151,05/17/23 09:18:04,STABLE BEAMS,6800,364731.649950252,354838.927271741,47.1,AVG
367619:8782,152:152,05/17/23 09:18:27,STABLE BEAMS,6800,364471.361791305,354578.246893468,47.1,AVG
367619:8782,153:153,05/17/23 09:18:50,STABLE BEAMS,6800,363511.360970647,353716.614199032,47.0,AVG
367619:8782,154:154,05/17/23 09:19:14,STABLE BEAMS,6800,362488.101688863,347154.976239694,46.9,AVG
367619:8782,155:155,05/17/23 09:19:37,STABLE BEAMS,6800,362689.611718419,352981.502726062,46.9,AVG
367619:8782,156:156,05/17/23 09:20:00,STABLE BEAMS,6800,362748.389847810,347851.724531722,46.9,AVG
367619:8782,157:157,05/17/23 09:20:23,STABLE BEAMS,6800,362181.714133254,329853.280959273,46.8,AVG
367619:8782,158:158,05/17/23 09:20:47,STABLE BEAMS,6800,361199.815166750,301091.251799517,46.7,AVG
367619:8782,159:159,05/17/23 09:21:10,STABLE BEAMS,6800,362280.831565803,345807.246247158,46.8,AVG
367619:8782,160:160,05/17/23 09:21:33,STABLE BEAMS,6800,363065.134382554,353196.249285346,46.9,AVG
367619:8782,161:161,05/17/23 09:21:57,STABLE BEAMS,6800,363332.842362475,347834.429765779,47.0,AVG
367619:8782,162:162,05/17/23 09:22:20,STABLE BEAMS,6800,362842.975664910,353004.374701052,46.9,AVG
367619:8782,163:163,05/17/23 09:22:43,STABLE BEAMS,6800,362965.972659525,349698.433142756,46.9,AVG
367619:8782,164:164,05/17/23 09:23:07,STABLE BEAMS,6800,362662.065370807,351400.494151308,46.9,AVG
367619:8782,165:165,05/17/23 09:23:30,STABLE BEAMS,6800,362579.272476832,352793.977124927,46.9,AVG
367619:8782,166:166,05/17/23 09:23:53,STABLE BEAMS,6800,362356.978556669,348572.323449972,46.8,AVG
367619:8782,167:167,05/17/23 09:24:17,STABLE BEAMS,6800,361723.738912516,351930.570609320,46.8,AVG
367619:8782,168:168,05/17/23 09:24:40,STABLE BEAMS,6800,361825.201409439,352094.883213634,46.8,AVG
367619:8782,169:169,05/17/23 09:25:03,STABLE BEAMS,6800,362428.253594713,207649.629842281,46.8,AVG
367619:8782,170:170,05/17/23 09:25:27,STABLE BEAMS,6800,362484.982706625,352601.178376361,46.9,AVG
367619:8782,171:171,05/17/23 09:25:50,STABLE BEAMS,6800,362678.478490341,347850.138705233,46.9,AVG
367619:8782,172:172,05/17/23 09:26:13,STABLE BEAMS,6800,362510.319192382,352664.354550369,46.9,AVG
367619:8782,173:173,05/17/23 09:26:37,STABLE BEAMS,6800,362550.702786020,352804.697745327,46.9,AVG
367619:8782,174:174,05/17/23 09:27:00,STABLE BEAMS,6800,362259.614094705,352489.108267885,46.8,AVG
367619:8782,175:175,05/17/23 09:27:23,STABLE BEAMS,6800,362334.485985957,348483.288261084,46.8,AVG
367619:8782,176:176,05/17/23 09:27:46,STABLE BEAMS,6800,361682.558090235,351937.814298324,46.8,AVG
367619:8782,177:177,05/17/23 09:28:10,STABLE BEAMS,6800,361572.242159427,351820.167695913,46.7,AVG
367619:8782,178:178,05/17/23 09:28:33,STABLE BEAMS,6800,361601.767592180,351825.469840200,46.7,AVG
367619:8782,179:179,05/17/23 09:28:56,STABLE BEAMS,6800,361278.353843548,351619.192039199,46.7,AVG
367619:8782,180:180,05/17/23 09:29:20,STABLE BEAMS,6800,359984.626585603,350501.648403323,46.5,AVG
367619:8782,181:181,05/17/23 09:29:43,STABLE BEAMS,6800,359052.423868970,349795.711389541,46.4,AVG
367619:8782,182:182,05/17/23 09:30:06,STABLE BEAMS,6800,358275.132934559,343940.797915573,46.3,AVG
367619:8782,183:183,05/17/23 09:30:30,STABLE BEAMS,6800,357416.070118294,348280.078317700,46.2,AVG
367619:8782,184:184,05/17/23 09:30:53,STABLE BEAMS,6800,356714.175567664,347680.358393993,46.1,AVG
367619:8782,185:185,05/17/23 09:31:16,STABLE BEAMS,6800,356437.427667625,347327.221960691,46.1,AVG
367619:8782,186:186,05/17/23 09:31:40,STABLE BEAMS,6800,356386.071690285,347282.852295773,46.1,AVG
367619:8782,187:187,05/17/23 09:32:03,STABLE BEAMS,6800,355811.088014073,346721.968277595,46.0,AVG
367619:8782,188:188,05/17/23 09:32:26,STABLE BEAMS,6800,355422.681482352,346366.819958443,45.9,AVG
367619:8782,189:189,05/17/23 09:32:49,STABLE BEAMS,6800,355364.425514412,346285.019878918,45.9,AVG
367619:8782,190:190,05/17/23 09:33:13,STABLE BEAMS,6800,355027.195467032,346050.488899604,45.9,AVG
367619:8782,191:191,05/17/23 09:33:36,STABLE BEAMS,6800,354393.000080938,345442.243682579,45.8,AVG
367619:8782,192:192,05/17/23 09:33:59,STABLE BEAMS,6800,353857.854526134,339985.861906500,45.7,AVG
367619:8782,193:193,05/17/23 09:34:23,STABLE BEAMS,6800,354091.894747863,345223.397427117,45.8,AVG
367619:8782,194:194,05/17/23 09:34:46,STABLE BEAMS,6800,354048.506394805,345013.702023563,45.8,AVG
367619:8782,195:195,05/17/23 09:35:09,STABLE BEAMS,6800,353343.672354935,344408.111993075,45.7,AVG
367619:8782,196:196,05/17/23 09:35:33,STABLE BEAMS,6800,353038.380405941,344201.452911213,45.6,AVG
367619:8782,197:197,05/17/23 09:35:56,STABLE BEAMS,6800,353380.370514404,344456.729286844,45.7,AVG
367619:8782,198:198,05/17/23 09:36:19,STABLE BEAMS,6800,352962.937400602,344106.456426416,45.6,AVG
367619:8782,199:199,05/17/23 09:36:43,STABLE BEAMS,6800,353225.139374510,344405.946306777,45.7,AVG
367619:8782,200:200,05/17/23 09:37:06,STABLE BEAMS,6800,353211.707703617,344326.875626562,45.7,AVG
367619:8782,201:201,05/17/23 09:37:29,STABLE BEAMS,6800,353409.916926859,344576.925455325,45.7,AVG
367619:8782,202:202,05/17/23 09:37:53,STABLE BEAMS,6800,353235.200306751,340333.179386780,45.7,AVG
367619:8782,203:203,05/17/23 09:38:16,STABLE BEAMS,6800,353220.768603437,344372.888587574,45.7,AVG
367619:8782,204:204,05/17/23 09:38:39,STABLE BEAMS,6800,352904.821297336,344138.050564369,45.6,AVG
367619:8782,205:205,05/17/23 09:39:02,STABLE BEAMS,6800,352824.825696847,344011.772441288,45.6,AVG
367619:8782,206:206,05/17/23 09:39:26,STABLE BEAMS,6800,352263.751562498,343539.806634581,45.5,AVG
367619:8782,207:207,05/17/23 09:39:49,STABLE BEAMS,6800,352082.706065877,338424.519875431,45.5,AVG
367619:8782,208:208,05/17/23 09:40:12,STABLE BEAMS,6800,351662.906908001,342942.122466311,45.5,AVG
367619:8782,209:209,05/17/23 09:40:36,STABLE BEAMS,6800,351901.909994591,343205.422878036,45.5,AVG
367619:8782,210:210,05/17/23 09:40:59,STABLE BEAMS,6800,351039.753837946,342462.241800462,45.4,AVG
367619:8782,211:211,05/17/23 09:41:22,STABLE BEAMS,6800,349996.619785938,341461.886483093,45.2,AVG
367619:8782,212:212,05/17/23 09:41:46,STABLE BEAMS,6800,351303.638850101,342670.144269779,45.4,AVG
367619:8782,213:213,05/17/23 09:42:09,STABLE BEAMS,6800,351305.596955542,342712.279587606,45.4,AVG
367619:8782,214:214,05/17/23 09:42:32,STABLE BEAMS,6800,350791.713162315,342200.932326213,45.3,AVG
367619:8782,215:215,05/17/23 09:42:55,STABLE BEAMS,6800,350813.678909420,342236.881580048,45.3,AVG
367619:8782,216:216,05/17/23 09:43:19,STABLE BEAMS,6800,351402.049966045,342745.672765156,45.4,AVG
367619:8782,217:217,05/17/23 09:43:42,STABLE BEAMS,6800,350961.170870668,337121.486753622,45.4,AVG
367619:8782,218:218,05/17/23 09:44:05,STABLE BEAMS,6800,350887.345633395,337347.343127169,45.4,AVG
367619:8782,219:219,05/17/23 09:44:29,STABLE BEAMS,6800,350803.799801256,337306.033130947,45.3,AVG
367619:8782,220:220,05/17/23 09:44:52,STABLE BEAMS,6800,350909.381312837,337453.927838535,45.4,AVG
367619:8782,221:221,05/17/23 09:45:15,STABLE BEAMS,6800,350666.142657692,337195.578481219,45.3,AVG
367619:8782,222:222,05/17/23 09:45:39,STABLE BEAMS,6800,350210.263075992,336892.818802843,45.3,AVG
367619:8782,223:223,05/17/23 09:46:02,STABLE BEAMS,6800,350383.340948333,337160.115285294,45.3,AVG
367619:8782,224:224,05/17/23 09:46:25,STABLE BEAMS,6800,350174.590590802,336714.221028857,45.3,AVG
367619:8782,225:225,05/17/23 09:46:49,STABLE BEAMS,6800,349614.654022471,336192.013808615,45.2,AVG
367619:8782,226:226,05/17/23 09:47:12,STABLE BEAMS,6800,349233.760554840,336300.122568545,45.1,AVG
367619:8782,227:227,05/17/23 09:47:35,STABLE BEAMS,6800,349445.469050233,336271.948551666,45.2,AVG
367619:8782,228:228,05/17/23 09:47:59,STABLE BEAMS,6800,349331.397752919,336349.123265559,45.2,AVG
367619:8782,229:229,05/17/23 09:48:22,STABLE BEAMS,6800,349478.066843666,336419.402018614,45.2,AVG
367619:8782,230:230,05/17/23 09:48:45,STABLE BEAMS,6800,349037.758862376,336092.242345771,45.1,AVG
367619:8782,231:231,05/17/23 09:49:08,STABLE BEAMS,6800,349056.106776572,336197.998353217,45.1,AVG
367619:8782,232:232,05/17/23 09:49:32,STABLE BEAMS,6800,348832.446844756,336011.521150716,45.1,AVG
367619:8782,233:233,05/17/23 09:49:55,STABLE BEAMS,6800,348598.723649622,335911.258086702,45.1,AVG
367619:8782,234:234,05/17/23 09:50:18,STABLE BEAMS,6800,348283.230903713,335462.372622802,45.0,AVG
367619:8782,235:235,05/17/23 09:50:42,STABLE BEAMS,6800,348246.215717649,335651.097707919,45.0,AVG
367619:8782,236:236,05/17/23 09:51:05,STABLE BEAMS,6800,347694.064949523,330588.868475606,44.9,AVG
367619:8782,237:237,05/17/23 09:51:28,STABLE BEAMS,6800,347623.768964200,336073.689542280,44.9,AVG
367619:8782,238:238,05/17/23 09:51:52,STABLE BEAMS,6800,347666.224886096,330261.802305617,44.9,AVG
367619:8782,239:239,05/17/23 09:52:15,STABLE BEAMS,6800,347530.640070790,335819.006208766,44.9,AVG
367619:8782,240:240,05/17/23 09:52:38,STABLE BEAMS,6800,347138.543442745,330675.528394596,44.9,AVG
367619:8782,241:241,05/17/23 09:53:02,STABLE BEAMS,6800,347042.227965839,335450.046944077,44.9,AVG
367619:8782,242:242,05/17/23 09:53:25,STABLE BEAMS,6800,346900.883057029,330694.816839014,44.8,AVG
367619:8782,243:243,05/17/23 09:53:48,STABLE BEAMS,6800,346590.467398798,334983.944674149,44.8,AVG
367619:8782,244:244,05/17/23 09:54:12,STABLE BEAMS,6800,346102.740630751,334614.235296274,44.7,AVG
367619:8782,245:245,05/17/23 09:54:35,STABLE BEAMS,6800,345358.753806378,329853.301054575,44.6,AVG
367619:8782,246:246,05/17/23 09:54:58,STABLE BEAMS,6800,346135.930517972,334634.225788096,44.7,AVG
367619:8782,247:247,05/17/23 09:55:22,STABLE BEAMS,6800,345893.444800991,334522.141906777,44.7,AVG
367619:8782,248:248,05/17/23 09:55:45,STABLE BEAMS,6800,345601.377056955,329048.044862367,44.7,AVG
367619:8782,249:249,05/17/23 09:56:08,STABLE BEAMS,6800,345207.345634249,333860.187833718,44.6,AVG
367619:8782,250:250,05/17/23 09:56:31,STABLE BEAMS,6800,345638.278020202,334282.374771101,44.7,AVG
367619:8782,251:251,05/17/23 09:56:55,STABLE BEAMS,6800,345354.905196755,330208.874285715,44.6,AVG
367619:8782,252:252,05/17/23 09:57:18,STABLE BEAMS,6800,344719.413731346,333519.641756035,44.6,AVG
367619:8782,253:253,05/17/23 09:57:41,STABLE BEAMS,6800,344916.508699348,333712.833638762,44.6,AVG
367619:8782,254:254,05/17/23 09:58:05,STABLE BEAMS,6800,344950.017944242,333656.995377366,44.6,AVG
367619:8782,255:255,05/17/23 09:58:28,STABLE BEAMS,6800,344695.009676751,329733.010392600,44.6,AVG
367619:8782,256:256,05/17/23 09:58:51,STABLE BEAMS,6800,344419.765321962,333408.743091276,44.5,AVG
367619:8782,257:257,05/17/23 09:59:15,STABLE BEAMS,6800,344027.169843245,326563.476322547,44.5,AVG
367619:8782,258:258,05/17/23 09:59:38,STABLE BEAMS,6800,343349.791238948,332399.187985520,44.4,AVG
367619:8782,259:259,05/17/23 10:00:01,STABLE BEAMS,6800,342022.305310773,331281.756728256,44.2,AVG
367619:8782,260:260,05/17/23 10:00:25,STABLE BEAMS,6800,341203.856864859,330658.389569217,44.1,AVG
367619:8782,261:261,05/17/23 10:00:48,STABLE BEAMS,6800,340927.269809196,330438.967870873,44.1,AVG
367619:8782,262:262,05/17/23 10:01:11,STABLE BEAMS,6800,340239.420002947,329822.857704351,44.0,AVG
367619:8782,263:263,05/17/23 10:01:35,STABLE BEAMS,6800,340256.059237038,329812.014607382,44.0,AVG
367619:8782,264:264,05/17/23 10:01:58,STABLE BEAMS,6800,339043.716902013,327970.033795448,43.8,AVG
367619:8782,265:265,05/17/23 10:02:21,STABLE BEAMS,6800,338817.439169710,328414.282806402,43.8,AVG
367619:8782,266:266,05/17/23 10:02:44,STABLE BEAMS,6800,338349.880887703,327955.202461118,43.7,AVG
367619:8782,267:267,05/17/23 10:03:08,STABLE BEAMS,6800,337772.209478665,327481.151372321,43.7,AVG
367619:8782,268:268,05/17/23 10:03:31,STABLE BEAMS,6800,337468.919925592,327210.003493327,43.6,AVG
367619:8782,269:269,05/17/23 10:03:54,STABLE BEAMS,6800,337246.509451535,327111.628003923,43.6,AVG
367619:8782,270:270,05/17/23 10:04:18,STABLE BEAMS,6800,336830.377079204,323021.066549157,43.5,AVG
367619:8782,271:271,05/17/23 10:04:41,STABLE BEAMS,6800,337090.574326113,326452.324800781,43.6,AVG
367619:8782,272:272,05/17/23 10:05:04,STABLE BEAMS,6800,337249.584143292,327040.608631006,43.6,AVG
367619:8782,273:273,05/17/23 10:05:28,STABLE BEAMS,6800,336938.781526129,326730.579911600,43.6,AVG
367619:8782,274:274,05/17/23 10:05:51,STABLE BEAMS,6800,337016.294528649,326919.749303854,43.6,AVG
367619:8782,275:275,05/17/23 10:06:14,STABLE BEAMS,6800,336890.884868402,326783.203472515,43.5,AVG
367619:8782,276:276,05/17/23 10:06:38,STABLE BEAMS,6800,337038.649565764,326872.743205749,43.6,AVG
367619:8782,277:277,05/17/23 10:07:01,STABLE BEAMS,6800,337173.891712617,320976.338449704,43.6,AVG
367619:8782,278:278,05/17/23 10:07:24,STABLE BEAMS,6800,337492.708575620,327266.485042480,43.6,AVG
367619:8782,279:279,05/17/23 10:07:48,STABLE BEAMS,6800,337955.418215583,327691.913991352,43.7,AVG
367619:8782,280:280,05/17/23 10:08:11,STABLE BEAMS,6800,337329.237075329,327105.177683509,43.6,AVG
367619:8782,281:281,05/17/23 10:08:34,STABLE BEAMS,6800,337288.305678383,327147.844579236,43.6,AVG
367619:8782,282:282,05/17/23 10:08:57,STABLE BEAMS,6800,335737.045595576,325863.850503830,43.4,AVG
367619:8782,283:283,05/17/23 10:09:21,STABLE BEAMS,6800,335618.556905631,325775.119601006,43.4,AVG
367619:8782,284:284,05/17/23 10:09:44,STABLE BEAMS,6800,334359.457809974,324585.189669751,43.2,AVG
367619:8782,285:285,05/17/23 10:10:07,STABLE BEAMS,6800,334647.814477984,324939.544977528,43.3,AVG
367619:8782,286:286,05/17/23 10:10:31,STABLE BEAMS,6800,335152.523148574,325104.188496826,43.3,AVG
367619:8782,287:287,05/17/23 10:10:54,STABLE BEAMS,6800,335059.622700799,325258.167752297,43.3,AVG
367619:8782,288:288,05/17/23 10:11:17,STABLE BEAMS,6800,334747.908632175,324995.347563257,43.3,AVG
367619:8782,289:289,05/17/23 10:11:41,STABLE BEAMS,6800,334446.120293274,324788.689307417,43.2,AVG
367619:8782,290:290,05/17/23 10:12:04,STABLE BEAMS,6800,335210.119421467,320668.695792543,43.3,AVG
367619:8782,291:291,05/17/23 10:12:27,STABLE BEAMS,6800,335099.642646284,325224.905164975,43.3,AVG
367619:8782,292:292,05/17/23 10:12:50,STABLE BEAMS,6800,335484.771682469,325622.420372907,43.4,AVG
367619:8782,293:293,05/17/23 10:13:14,STABLE BEAMS,6800,335901.109189655,325891.568456654,43.4,AVG
367619:8782,294:294,05/17/23 10:13:37,STABLE BEAMS,6800,335557.436042944,325630.866175529,43.4,AVG
367619:8782,295:295,05/17/23 10:14:00,STABLE BEAMS,6800,334811.104154198,324942.150308981,43.3,AVG
367619:8782,296:296,05/17/23 10:14:24,STABLE BEAMS,6800,334738.348881684,324752.289214876,43.3,AVG
367619:8782,297:297,05/17/23 10:14:47,STABLE BEAMS,6800,334456.113624255,323844.682095885,43.2,AVG
367619:8782,298:298,05/17/23 10:15:10,STABLE BEAMS,6800,334940.017424537,325141.173481395,43.3,AVG
367619:8782,299:299,05/17/23 10:15:34,STABLE BEAMS,6800,336216.100753814,326325.776761565,43.5,AVG
367619:8782,300:300,05/17/23 10:15:57,STABLE BEAMS,6800,335230.378819545,323227.031140051,43.3,AVG
367619:8782,302:302,05/17/23 10:16:44,STABLE BEAMS,6800,334901.887983234,325180.581702729,43.3,AVG
367619:8782,303:303,05/17/23 10:17:07,STABLE BEAMS,6800,334143.581347286,324519.551152421,43.2,AVG
367619:8782,304:304,05/17/23 10:17:30,STABLE BEAMS,6800,333833.690181585,324175.621902171,43.2,AVG
367619:8782,305:305,05/17/23 10:17:53,STABLE BEAMS,6800,332794.721765794,323231.804467861,43.0,AVG
367619:8782,306:306,05/17/23 10:18:17,STABLE BEAMS,6800,333149.390606986,319072.865785583,43.1,AVG
367619:8782,307:307,05/17/23 10:18:40,STABLE BEAMS,6800,332969.757743575,281086.108421371,43.0,AVG
367619:8782,308:308,05/17/23 10:19:03,STABLE BEAMS,6800,332335.242999808,178231.946485323,43.0,AVG
367619:8782,309:309,05/17/23 10:19:27,STABLE BEAMS,6800,331759.758141846,322304.758274636,42.9,AVG
367619:8782,310:310,05/17/23 10:19:50,STABLE BEAMS,6800,331996.758832515,322561.741349670,42.9,AVG
367619:8782,311:311,05/17/23 10:20:13,STABLE BEAMS,6800,332271.094066922,322747.280697641,42.9,AVG
367619:8782,312:312,05/17/23 10:20:37,STABLE BEAMS,6800,332188.184619051,318211.214310047,42.9,AVG
367619:8782,313:313,05/17/23 10:21:00,STABLE BEAMS,6800,331985.991583669,317786.163485254,42.9,AVG
367619:8782,314:314,05/17/23 10:21:23,STABLE BEAMS,6800,332201.478756347,321643.702170629,42.9,AVG
367619:8782,315:315,05/17/23 10:21:47,STABLE BEAMS,6800,331997.509439601,322535.569298656,42.9,AVG
367619:8782,316:316,05/17/23 10:22:10,STABLE BEAMS,6800,331765.585836610,317054.583301128,42.9,AVG
367619:8782,317:317,05/17/23 10:22:33,STABLE BEAMS,6800,331588.274726794,322191.323450467,42.9,AVG
367619:8782,318:318,05/17/23 10:22:57,STABLE BEAMS,6800,332205.371656450,322564.450528385,42.9,AVG
367619:8782,319:319,05/17/23 10:23:20,STABLE BEAMS,6800,332242.023194360,322777.877657427,42.9,AVG
367619:8782,320:320,05/17/23 10:23:43,STABLE BEAMS,6800,332207.625808784,322688.203301915,42.9,AVG
367619:8782,321:321,05/17/23 10:24:07,STABLE BEAMS,6800,332125.515920635,322432.834577153,42.9,AVG
367619:8782,322:322,05/17/23 10:24:30,STABLE BEAMS,6800,332162.279350285,322692.490974902,42.9,AVG
367619:8782,323:323,05/17/23 10:24:53,STABLE BEAMS,6800,331917.630393008,317855.325568682,42.9,AVG
367619:8782,324:324,05/17/23 10:25:16,STABLE BEAMS,6800,331705.441695566,322365.282422434,42.9,AVG
367619:8782,325:325,05/17/23 10:25:40,STABLE BEAMS,6800,331649.465521817,322380.758679359,42.9,AVG
367619:8782,326:326,05/17/23 10:26:03,STABLE BEAMS,6800,331357.919939233,314963.967333258,42.8,AVG
367619:8782,327:327,05/17/23 10:26:26,STABLE BEAMS,6800,330817.128513741,314626.032698553,42.8,AVG
367619:8782,328:328,05/17/23 10:26:50,STABLE BEAMS,6800,330562.532847040,321367.686255906,42.7,AVG
367619:8782,329:329,05/17/23 10:27:13,STABLE BEAMS,6800,330799.463605372,321564.535740740,42.8,AVG
367619:8782,330:330,05/17/23 10:27:36,STABLE BEAMS,6800,330763.679228442,317520.518419474,42.8,AVG
367619:8782,331:331,05/17/23 10:28:00,STABLE BEAMS,6800,330663.377608317,321483.950687481,42.7,AVG
367619:8782,332:332,05/17/23 10:28:23,STABLE BEAMS,6800,330532.119273605,321352.434699197,42.7,AVG
367619:8782,333:333,05/17/23 10:28:46,STABLE BEAMS,6800,330421.211249009,321302.699271934,42.7,AVG
367619:8782,334:334,05/17/23 10:29:10,STABLE BEAMS,6800,330396.716282376,317565.331413168,42.7,AVG
367619:8782,335:335,05/17/23 10:29:33,STABLE BEAMS,6800,330035.534409516,320894.630378684,42.7,AVG
367619:8782,336:336,05/17/23 10:29:56,STABLE BEAMS,6800,329818.725515666,320682.935574138,42.6,AVG
367619:8782,337:337,05/17/23 10:30:19,STABLE BEAMS,6800,329862.139510581,320754.664805767,42.6,AVG
367619:8782,338:338,05/17/23 10:30:43,STABLE BEAMS,6800,329671.895580543,315995.815477604,42.6,AVG
367619:8782,339:339,05/17/23 10:31:06,STABLE BEAMS,6800,329355.743139587,320281.626567732,42.6,AVG
367619:8782,340:340,05/17/23 10:31:29,STABLE BEAMS,6800,329220.500992734,319790.174903710,42.6,AVG
367619:8782,341:341,05/17/23 10:31:53,STABLE BEAMS,6800,329148.974198276,320066.116714403,42.5,AVG
367619:8782,342:342,05/17/23 10:32:16,STABLE BEAMS,6800,328711.419219993,319708.289137824,42.5,AVG
367619:8782,343:343,05/17/23 10:32:39,STABLE BEAMS,6800,328359.344868510,319375.049176654,42.4,AVG
367619:8782,344:344,05/17/23 10:33:03,STABLE BEAMS,6800,328495.293331969,319521.349125599,42.5,AVG
367619:8782,345:345,05/17/23 10:33:26,STABLE BEAMS,6800,328099.898228687,319129.822249270,42.4,AVG
367619:8782,346:346,05/17/23 10:33:49,STABLE BEAMS,6800,327566.983515438,318675.967217099,42.3,AVG
367619:8782,347:347,05/17/23 10:34:13,STABLE BEAMS,6800,327204.960123454,318419.752544183,42.3,AVG
367619:8782,348:348,05/17/23 10:34:36,STABLE BEAMS,6800,327624.917794628,318675.186506445,42.3,AVG
367619:8782,349:349,05/17/23 10:34:59,STABLE BEAMS,6800,327629.675524634,318819.405872748,42.3,AVG
367619:8782,350:350,05/17/23 10:35:23,STABLE BEAMS,6800,327268.381760034,318418.341548398,42.3,AVG
367619:8782,351:351,05/17/23 10:35:46,STABLE BEAMS,6800,327269.428414014,318412.831822589,42.3,AVG
367619:8782,352:352,05/17/23 10:36:09,STABLE BEAMS,6800,326595.488149628,317769.620046664,42.2,AVG
367619:8782,353:353,05/17/23 10:36:32,STABLE BEAMS,6800,326534.479178681,317745.653204498,42.2,AVG
367619:8782,354:354,05/17/23 10:36:56,STABLE BEAMS,6800,327332.896672151,318483.609192276,42.3,AVG
367619:8782,355:355,05/17/23 10:37:19,STABLE BEAMS,6800,326919.880950981,311514.303848367,42.3,AVG
367619:8782,356:356,05/17/23 10:37:42,STABLE BEAMS,6800,327088.247714873,318197.871193961,42.3,AVG
367619:8782,357:357,05/17/23 10:38:06,STABLE BEAMS,6800,326852.885771972,317983.636033466,42.2,AVG
367619:8782,358:358,05/17/23 10:38:29,STABLE BEAMS,6800,326589.478630787,317761.921198486,42.2,AVG
367619:8782,359:359,05/17/23 10:38:52,STABLE BEAMS,6800,326496.235514560,317647.245329279,42.2,AVG
367619:8782,360:360,05/17/23 10:39:16,STABLE BEAMS,6800,326537.938498293,317709.365006870,42.2,AVG
367619:8782,361:361,05/17/23 10:39:39,STABLE BEAMS,6800,325989.179448519,317174.883466047,42.1,AVG
367619:8782,362:362,05/17/23 10:40:02,STABLE BEAMS,6800,325805.949731900,317102.446383224,42.1,AVG
367619:8782,363:363,05/17/23 10:40:26,STABLE BEAMS,6800,325795.704644505,316840.118612535,42.1,AVG
367619:8782,364:364,05/17/23 10:40:49,STABLE BEAMS,6800,325699.069809925,316970.264648579,42.1,AVG
367619:8782,365:365,05/17/23 10:41:12,STABLE BEAMS,6800,324900.244377821,316206.443718079,42.0,AVG
367619:8782,366:366,05/17/23 10:41:35,STABLE BEAMS,6800,324905.887917431,316200.533966052,42.0,AVG
367619:8782,367:367,05/17/23 10:41:59,STABLE BEAMS,6800,325068.359385300,316375.680999139,42.0,AVG
367619:8782,368:368,05/17/23 10:42:22,STABLE BEAMS,6800,325105.829131556,316396.525998428,42.0,AVG
367619:8782,369:369,05/17/23 10:42:45,STABLE BEAMS,6800,325215.622900913,316516.691287038,42.0,AVG
367619:8782,370:370,05/17/23 10:43:09,STABLE BEAMS,6800,324854.986500282,316158.039620084,42.0,AVG
367619:8782,371:371,05/17/23 10:43:32,STABLE BEAMS,6800,324836.547674049,316210.335919744,42.0,AVG
367619:8782,372:372,05/17/23 10:43:55,STABLE BEAMS,6800,324750.931844729,316168.993378749,42.0,AVG
367619:8782,373:373,05/17/23 10:44:19,STABLE BEAMS,6800,324421.165908804,315815.594717915,41.9,AVG
367619:8782,374:374,05/17/23 10:44:42,STABLE BEAMS,6800,324329.880898018,269031.623231711,41.9,AVG
367619:8782,375:375,05/17/23 10:45:05,STABLE BEAMS,6800,324363.639568248,315832.890346657,41.9,AVG
367619:8782,376:376,05/17/23 10:45:29,STABLE BEAMS,6800,324167.227606072,315607.852461918,41.9,AVG
367619:8782,377:377,05/17/23 10:45:52,STABLE BEAMS,6800,323998.476214325,315491.797725781,41.9,AVG
367619:8782,378:378,05/17/23 10:46:15,STABLE BEAMS,6800,323839.307883848,315360.251070938,41.9,AVG
367619:8782,379:379,05/17/23 10:46:39,STABLE BEAMS,6800,323570.709432167,314913.351060950,41.8,AVG
367619:8782,380:380,05/17/23 10:47:02,STABLE BEAMS,6800,323598.004023365,315089.529512150,41.8,AVG
367619:8782,381:381,05/17/23 10:47:25,STABLE BEAMS,6800,323827.561582281,315311.206129902,41.9,AVG
367619:8782,382:382,05/17/23 10:47:48,STABLE BEAMS,6800,323015.598195101,249823.120717057,41.8,AVG
367619:8782,383:383,05/17/23 10:48:12,STABLE BEAMS,6800,322798.768321549,309246.537774394,41.7,AVG
367619:8782,384:384,05/17/23 10:48:35,STABLE BEAMS,6800,322673.880822753,314196.302703296,41.7,AVG
367619:8782,385:385,05/17/23 10:48:58,STABLE BEAMS,6800,322722.530418644,314309.545190337,41.7,AVG
367619:8782,386:386,05/17/23 10:49:22,STABLE BEAMS,6800,321693.532023056,313338.271711487,41.6,AVG
367619:8782,387:387,05/17/23 10:49:45,STABLE BEAMS,6800,321618.182260834,313221.497423543,41.6,AVG
367619:8782,388:388,05/17/23 10:50:08,STABLE BEAMS,6800,321846.122051684,309010.994614407,41.6,AVG
367619:8782,389:389,05/17/23 10:50:32,STABLE BEAMS,6800,321613.811489761,313210.183333737,41.6,AVG
367619:8782,390:390,05/17/23 10:50:55,STABLE BEAMS,6800,320982.348126972,312715.754674283,41.5,AVG
367619:8782,391:391,05/17/23 10:51:18,STABLE BEAMS,6800,320963.566632286,312655.450162420,41.5,AVG
367619:8782,392:392,05/17/23 10:51:42,STABLE BEAMS,6800,321105.732080519,308327.758887070,41.5,AVG
367619:8782,393:393,05/17/23 10:52:05,STABLE BEAMS,6800,320694.469329933,312405.791481020,41.5,AVG
367619:8782,394:394,05/17/23 10:52:28,STABLE BEAMS,6800,320292.631127321,312105.351023111,41.4,AVG
367619:8782,395:395,05/17/23 10:52:52,STABLE BEAMS,6800,319806.405573445,311722.483965758,41.3,AVG
367619:8782,396:396,05/17/23 10:53:15,STABLE BEAMS,6800,319449.526870398,311348.722630065,41.3,AVG
367619:8782,397:397,05/17/23 10:53:38,STABLE BEAMS,6800,318872.312352630,310867.776828938,41.2,AVG
367619:8782,398:398,05/17/23 10:54:01,STABLE BEAMS,6800,318213.987979135,305680.993071455,41.1,AVG
367619:8782,399:399,05/17/23 10:54:25,STABLE BEAMS,6800,317813.014606425,309803.989883403,41.1,AVG
367619:8782,400:400,05/17/23 10:54:48,STABLE BEAMS,6800,317180.301785879,309198.666578456,41.0,AVG
367619:8782,401:401,05/17/23 10:55:11,STABLE BEAMS,6800,316532.425303556,308656.721381966,40.9,AVG
367619:8782,402:402,05/17/23 10:55:35,STABLE BEAMS,6800,315915.395975159,308078.886234347,40.8,AVG
367619:8782,403:403,05/17/23 10:55:58,STABLE BEAMS,6800,316100.196838287,308191.659714054,40.9,AVG
367619:8782,404:404,05/17/23 10:56:21,STABLE BEAMS,6800,315944.578739460,307532.745034670,40.8,AVG
367619:8782,405:405,05/17/23 10:56:45,STABLE BEAMS,6800,315947.744343256,304613.607438560,40.8,AVG
367619:8782,406:406,05/17/23 10:57:08,STABLE BEAMS,6800,315767.426142941,307875.043079297,40.8,AVG
367619:8782,407:407,05/17/23 10:57:31,STABLE BEAMS,6800,315965.339319288,308128.747762799,40.8,AVG
367619:8782,408:408,05/17/23 10:57:55,STABLE BEAMS,6800,316029.625785771,308227.690097069,40.8,AVG
367619:8782,409:409,05/17/23 10:58:18,STABLE BEAMS,6800,315754.950213990,307975.862918843,40.8,AVG
367619:8782,410:410,05/17/23 10:58:41,STABLE BEAMS,6800,315660.637133005,307827.738122353,40.8,AVG
367619:8782,411:411,05/17/23 10:59:04,STABLE BEAMS,6800,315312.707438038,307519.097014275,40.8,AVG
367619:8782,412:412,05/17/23 10:59:28,STABLE BEAMS,6800,314957.922042951,301931.847232620,40.7,AVG
367619:8782,413:413,05/17/23 10:59:51,STABLE BEAMS,6800,315196.584792167,307313.931838994,40.7,AVG
367619:8782,414:414,05/17/23 11:00:14,STABLE BEAMS,6800,314651.354994343,306335.426907426,40.7,AVG
367619:8782,415:415,05/17/23 11:00:38,STABLE BEAMS,6800,314322.703313657,306638.884261837,40.6,AVG
367619:8782,416:416,05/17/23 11:01:01,STABLE BEAMS,6800,314104.325604376,306500.358804805,40.6,AVG
367619:8782,417:417,05/17/23 11:01:24,STABLE BEAMS,6800,314209.359312649,305268.447596774,40.6,AVG
367619:8782,418:418,05/17/23 11:01:48,STABLE BEAMS,6800,314299.166420043,300912.929669287,40.6,AVG
367619:8782,419:419,05/17/23 11:02:11,STABLE BEAMS,6800,314197.909057977,306575.916867302,40.6,AVG
367619:8782,420:420,05/17/23 11:02:34,STABLE BEAMS,6800,314141.590215776,306522.263215191,40.6,AVG
367619:8782,421:421,05/17/23 11:02:58,STABLE BEAMS,6800,314244.826662984,306671.634629173,40.6,AVG
367619:8782,422:422,05/17/23 11:03:21,STABLE BEAMS,6800,314115.001941184,306500.972432782,40.6,AVG
367619:8782,423:423,05/17/23 11:03:44,STABLE BEAMS,6800,313946.590886811,306292.760018974,40.6,AVG
367619:8782,424:424,05/17/23 11:04:08,STABLE BEAMS,6800,314024.103889330,306390.912488964,40.6,AVG
367619:8782,425:425,05/17/23 11:04:31,STABLE BEAMS,6800,314057.748336743,300566.693451031,40.6,AVG
367619:8782,426:426,05/17/23 11:04:54,STABLE BEAMS,6800,313814.829039271,306186.517126609,40.6,AVG
367619:8782,427:427,05/17/23 11:05:18,STABLE BEAMS,6800,313886.288232469,306324.357268182,40.6,AVG
367619:8782,428:428,05/17/23 11:05:41,STABLE BEAMS,6800,313440.264448154,305836.414013747,40.5,AVG
367619:8782,429:429,05/17/23 11:06:04,STABLE BEAMS,6800,313355.215070766,305744.896374077,40.5,AVG
367619:8782,430:430,05/17/23 11:06:27,STABLE BEAMS,6800,312823.619747612,305254.700610928,40.4,AVG
367619:8782,431:431,05/17/23 11:06:51,STABLE BEAMS,6800,312177.680391029,301186.380397859,40.4,AVG
367619:8782,432:432,05/17/23 11:07:14,STABLE BEAMS,6800,311735.071635846,304271.607157439,40.3,AVG
367619:8782,433:433,05/17/23 11:07:37,STABLE BEAMS,6800,312045.235537663,304561.763328910,40.3,AVG
367619:8782,434:434,05/17/23 11:08:01,STABLE BEAMS,6800,312433.870515018,304884.458073428,40.4,AVG
367619:8782,435:435,05/17/23 11:08:24,STABLE BEAMS,6800,312012.910480345,304512.063575658,40.3,AVG
367619:8782,436:436,05/17/23 11:08:47,STABLE BEAMS,6800,312026.661508910,304541.099588496,40.3,AVG
367619:8782,437:437,05/17/23 11:09:11,STABLE BEAMS,6800,311752.599010619,304257.518188757,40.3,AVG
367619:8782,438:438,05/17/23 11:09:34,STABLE BEAMS,6800,311280.784180355,303827.085212562,40.2,AVG
367619:8782,439:439,05/17/23 11:09:57,STABLE BEAMS,6800,312010.544436270,304092.033415577,40.3,AVG
367619:8782,440:440,05/17/23 11:10:21,STABLE BEAMS,6800,312025.316476959,304461.862276760,40.3,AVG
367619:8782,441:441,05/17/23 11:10:44,STABLE BEAMS,6800,312463.237434473,305054.244788719,40.4,AVG
367619:8782,442:442,05/17/23 11:11:07,STABLE BEAMS,6800,312265.914020836,304854.568181183,40.4,AVG
367619:8782,443:443,05/17/23 11:11:30,STABLE BEAMS,6800,311894.398479621,304471.104230083,40.3,AVG
367619:8782,444:444,05/17/23 11:11:54,STABLE BEAMS,6800,311638.800449420,304271.111439276,40.3,AVG
367619:8782,445:445,05/17/23 11:12:17,STABLE BEAMS,6800,311526.139454239,304157.292924182,40.3,AVG
367619:8782,446:446,05/17/23 11:12:40,STABLE BEAMS,6800,310961.468466681,303601.950264729,40.2,AVG
367619:8782,447:447,05/17/23 11:13:04,STABLE BEAMS,6800,310983.776882239,303648.874896509,40.2,AVG
367619:8782,448:448,05/17/23 11:13:27,STABLE BEAMS,6800,310507.840706238,303239.471028482,40.1,AVG
367619:8782,449:449,05/17/23 11:13:50,STABLE BEAMS,6800,309799.046165007,302560.435560481,40.0,AVG
367619:8782,450:450,05/17/23 11:14:14,STABLE BEAMS,6800,309939.684757212,302701.556741813,40.1,AVG
367619:8782,451:451,05/17/23 11:14:37,STABLE BEAMS,6800,309555.443861709,302335.375072655,40.0,AVG
367619:8782,452:452,05/17/23 11:15:00,STABLE BEAMS,6800,309068.581923564,301866.684835299,39.9,AVG
367619:8782,453:453,05/17/23 11:15:24,STABLE BEAMS,6800,308744.825506480,301545.057000848,39.9,AVG
367619:8782,454:454,05/17/23 11:15:47,STABLE BEAMS,6800,309539.396721406,301967.743942482,40.0,AVG
367619:8782,455:455,05/17/23 11:16:10,STABLE BEAMS,6800,309686.863040796,302458.260054727,40.0,AVG
367619:8782,456:456,05/17/23 11:16:34,STABLE BEAMS,6800,309929.190244480,302643.629663993,40.1,AVG
367619:8782,457:457,05/17/23 11:16:57,STABLE BEAMS,6800,309798.227956662,302548.424500359,40.0,AVG
367619:8782,458:458,05/17/23 11:17:20,STABLE BEAMS,6800,309823.701976015,302569.016345367,40.0,AVG
367619:8782,459:459,05/17/23 11:17:43,STABLE BEAMS,6800,309823.109882227,302532.818341489,40.0,AVG
367619:8782,460:460,05/17/23 11:18:07,STABLE BEAMS,6800,310032.769360141,302754.444407101,40.1,AVG
367619:8782,461:461,05/17/23 11:18:30,STABLE BEAMS,6800,309675.072448750,302459.883940160,40.0,AVG
367619:8782,462:462,05/17/23 11:18:53,STABLE BEAMS,6800,309448.179311879,302276.660353689,40.0,AVG
367619:8782,463:463,05/17/23 11:19:17,STABLE BEAMS,6800,309455.531531594,301824.930895268,40.0,AVG
367619:8782,464:464,05/17/23 11:19:40,STABLE BEAMS,6800,309512.146420689,302302.917018513,40.0,AVG
367619:8782,465:465,05/17/23 11:20:03,STABLE BEAMS,6800,309303.533596755,302096.265357595,40.0,AVG
367619:8782,466:466,05/17/23 11:20:27,STABLE BEAMS,6800,309327.002889109,302114.541005706,40.0,AVG
367619:8782,467:467,05/17/23 11:20:50,STABLE BEAMS,6800,309058.497680544,301875.501533528,39.9,AVG
367619:8782,468:468,05/17/23 11:21:13,STABLE BEAMS,6800,308778.609818567,301664.207899995,39.9,AVG
367619:8782,469:469,05/17/23 11:21:36,STABLE BEAMS,6800,309230.437986867,302032.640768444,40.0,AVG
367619:8782,470:470,05/17/23 11:22:00,STABLE BEAMS,6800,309122.373877316,301931.315395800,40.0,AVG
367619:8782,471:471,05/17/23 11:22:23,STABLE BEAMS,6800,308988.336897740,301817.114648356,39.9,AVG
367619:8782,472:472,05/17/23 11:22:46,STABLE BEAMS,6800,309042.313006645,298398.298367905,39.9,AVG
367619:8782,473:473,05/17/23 11:23:10,STABLE BEAMS,6800,308572.682396380,301444.981661786,39.9,AVG
367619:8782,474:474,05/17/23 11:23:33,STABLE BEAMS,6800,308283.232452833,301172.405540030,39.8,AVG
367619:8782,475:475,05/17/23 11:23:56,STABLE BEAMS,6800,307313.443436049,300274.337557666,39.7,AVG
367619:8782,476:476,05/17/23 11:24:20,STABLE BEAMS,6800,306913.859385771,299861.457130262,39.7,AVG
367619:8782,477:477,05/17/23 11:24:43,STABLE BEAMS,6800,306583.890646068,295254.367661043,39.6,AVG
367619:8782,478:478,05/17/23 11:25:06,STABLE BEAMS,6800,306251.597821693,298845.381538372,39.6,AVG
367619:8782,479:479,05/17/23 11:25:30,STABLE BEAMS,6800,305939.200747243,298947.557905205,39.5,AVG
367619:8782,480:480,05/17/23 11:25:53,STABLE BEAMS,6800,306035.108285515,299041.063907564,39.6,AVG
367619:8782,481:481,05/17/23 11:26:16,STABLE BEAMS,6800,305998.228301970,298983.270019851,39.6,AVG
367619:8782,482:482,05/17/23 11:26:40,STABLE BEAMS,6800,305593.112603822,298647.521809672,39.5,AVG
367619:8782,483:483,05/17/23 11:27:03,STABLE BEAMS,6800,305530.830864338,298580.484359450,39.5,AVG
367619:8782,484:484,05/17/23 11:27:26,STABLE BEAMS,6800,305592.704665188,298502.188407231,39.5,AVG
367619:8782,485:485,05/17/23 11:27:50,STABLE BEAMS,6800,305690.954936756,298720.632793006,39.5,AVG
367619:8782,486:486,05/17/23 11:28:13,STABLE BEAMS,6800,305311.471771259,298333.668333998,39.5,AVG
367619:8782,487:487,05/17/23 11:28:36,STABLE BEAMS,6800,305210.307652309,298305.327166676,39.5,AVG
367619:8782,488:488,05/17/23 11:28:59,STABLE BEAMS,6800,304755.882663222,297830.323667431,39.4,AVG
367619:8782,489:489,05/17/23 11:29:23,STABLE BEAMS,6800,304451.089564900,297176.622882305,39.4,AVG
367619:8782,490:490,05/17/23 11:29:46,STABLE BEAMS,6800,305132.680426972,298177.996809887,39.4,AVG
367619:8782,491:491,05/17/23 11:30:09,STABLE BEAMS,6800,304789.482820154,297895.995751956,39.4,AVG
367619:8782,492:492,05/17/23 11:30:33,STABLE BEAMS,6800,304785.044447822,297910.256935287,39.4,AVG
367619:8782,493:493,05/17/23 11:30:56,STABLE BEAMS,6800,304561.452117266,294086.578908898,39.4,AVG
367619:8782,494:494,05/17/23 11:31:19,STABLE BEAMS,6800,304238.788975719,297416.441654216,39.3,AVG
367619:8782,495:495,05/17/23 11:31:43,STABLE BEAMS,6800,304191.211675664,297392.941452260,39.3,AVG
367619:8782,496:496,05/17/23 11:32:06,STABLE BEAMS,6800,304434.813978962,297577.752267347,39.4,AVG
367619:8782,497:497,05/17/23 11:32:29,STABLE BEAMS,6800,304157.359762318,297321.839918906,39.3,AVG
367619:8782,498:498,05/17/23 11:32:53,STABLE BEAMS,6800,304170.381163499,297317.368455226,39.3,AVG
367619:8782,499:499,05/17/23 11:33:16,STABLE BEAMS,6800,303729.094129489,296972.240692717,39.3,AVG
367619:8782,500:500,05/17/23 11:33:39,STABLE BEAMS,6800,303358.511019435,296578.911587269,39.2,AVG
367619:8782,501:501,05/17/23 11:34:02,STABLE BEAMS,6800,303795.634748306,296972.963492164,39.3,AVG
367619:8782,503:503,05/17/23 11:34:49,STABLE BEAMS,6800,303913.302898828,297102.017131189,39.3,AVG
367619:8782,504:504,05/17/23 11:35:12,STABLE BEAMS,6800,303435.408617387,296472.241072715,39.2,AVG
367619:8782,505:505,05/17/23 11:35:36,STABLE BEAMS,6800,303362.541453134,296544.567654871,39.2,AVG
367619:8782,506:506,05/17/23 11:35:59,STABLE BEAMS,6800,303288.238344891,296457.198588693,39.2,AVG
367619:8782,507:507,05/17/23 11:36:22,STABLE BEAMS,6800,302881.982749646,296123.676451159,39.1,AVG
367619:8782,508:508,05/17/23 11:36:46,STABLE BEAMS,6800,302831.309778133,296060.569469917,39.1,AVG
367619:8782,509:509,05/17/23 11:37:09,STABLE BEAMS,6800,302436.392545822,295699.116923819,39.1,AVG
367619:8782,510:510,05/17/23 11:37:32,STABLE BEAMS,6800,302351.844350184,295593.177861075,39.1,AVG
367619:8782,511:511,05/17/23 11:37:56,STABLE BEAMS,6800,302707.902513807,295984.379949204,39.1,AVG
367619:8782,512:512,05/17/23 11:38:19,STABLE BEAMS,6800,302425.578675418,290096.196542887,39.1,AVG
367619:8782,513:513,05/17/23 11:38:42,STABLE BEAMS,6800,302350.047089118,295633.900201091,39.1,AVG
367619:8782,514:514,05/17/23 11:39:06,STABLE BEAMS,6800,302344.697265325,295650.220253052,39.1,AVG
367619:8782,515:515,05/17/23 11:39:29,STABLE BEAMS,6800,302199.506077970,295472.714787917,39.1,AVG
367619:8782,516:516,05/17/23 11:39:52,STABLE BEAMS,6800,301952.306921464,295225.873603183,39.0,AVG
367619:8782,517:517,05/17/23 11:40:15,STABLE BEAMS,6800,301765.137683184,295077.947152958,39.0,AVG
367619:8782,518:518,05/17/23 11:40:39,STABLE BEAMS,6800,301925.672025313,295225.541824830,39.0,AVG
367619:8782,519:519,05/17/23 11:41:02,STABLE BEAMS,6800,301996.264057531,295299.249114120,39.0,AVG
367619:8782,520:520,05/17/23 11:41:25,STABLE BEAMS,6800,301502.026588893,294910.539807124,39.0,AVG
367619:8782,521:521,05/17/23 11:41:49,STABLE BEAMS,6800,301445.479301057,294466.331782121,39.0,AVG
367619:8782,522:522,05/17/23 11:42:12,STABLE BEAMS,6800,301639.637110898,294959.850573329,39.0,AVG
367619:8782,523:523,05/17/23 11:42:35,STABLE BEAMS,6800,301510.721509481,294452.305558618,39.0,AVG
367619:8782,524:524,05/17/23 11:42:59,STABLE BEAMS,6800,301137.681443315,294511.365178315,38.9,AVG
367619:8782,525:525,05/17/23 11:43:22,STABLE BEAMS,6800,301062.375971572,294399.507417413,38.9,AVG
367619:8782,526:526,05/17/23 11:43:45,STABLE BEAMS,6800,301220.998829819,294456.278607378,38.9,AVG
367619:8782,527:527,05/17/23 11:44:09,STABLE BEAMS,6800,300935.441786375,294246.732329415,38.9,AVG
367619:8782,528:528,05/17/23 11:44:32,STABLE BEAMS,6800,300544.554987763,293961.957997322,38.8,AVG
367619:8782,529:529,05/17/23 11:44:55,STABLE BEAMS,6800,300697.552955023,294077.390036191,38.9,AVG
367619:8782,530:530,05/17/23 11:45:19,STABLE BEAMS,6800,300486.322330601,293927.380926599,38.8,AVG
367619:8782,531:531,05/17/23 11:45:42,STABLE BEAMS,6800,300337.897938192,293785.048223832,38.8,AVG
367619:8782,532:532,05/17/23 11:46:05,STABLE BEAMS,6800,300277.299236956,293716.888156957,38.8,AVG
367619:8782,533:533,05/17/23 11:46:28,STABLE BEAMS,6800,300438.062024720,290486.862072437,38.8,AVG
367619:8782,534:534,05/17/23 11:46:52,STABLE BEAMS,6800,300336.783682953,293787.938583028,38.8,AVG
367619:8782,535:535,05/17/23 11:47:15,STABLE BEAMS,6800,300156.603016234,293463.914918527,38.8,AVG
367619:8782,536:536,05/17/23 11:47:38,STABLE BEAMS,6800,300033.925379292,293496.637786345,38.8,AVG
367619:8782,537:537,05/17/23 11:48:02,STABLE BEAMS,6800,299817.389221557,293270.114991736,38.8,AVG
367619:8782,538:538,05/17/23 11:48:25,STABLE BEAMS,6800,299974.531845334,293435.971466018,38.8,AVG
367619:8782,539:539,05/17/23 11:48:48,STABLE BEAMS,6800,299525.913571310,292531.750727833,38.7,AVG
367619:8782,540:540,05/17/23 11:49:12,STABLE BEAMS,6800,299285.201804615,292780.172310147,38.7,AVG
367619:8782,541:541,05/17/23 11:49:35,STABLE BEAMS,6800,299514.304803340,293039.740617151,38.7,AVG
367619:8782,542:542,05/17/23 11:49:58,STABLE BEAMS,6800,84763.575581696,84214.972227865,11.0,AVG
367619:8782,543:543,05/17/23 11:50:22,STABLE BEAMS,6800,81596.092703898,81179.522461403,10.5,AVG
367619:8782,544:544,05/17/23 11:50:45,STABLE BEAMS,6800,197437.244833234,195056.139972260,25.5,AVG
367619:8782,545:545,05/17/23 11:51:08,STABLE BEAMS,6800,285697.271766901,279897.702573518,36.9,AVG
367619:8782,546:546,05/17/23 11:51:32,STABLE BEAMS,6800,244959.477834565,241090.160387357,31.7,AVG
367619:8782,547:547,05/17/23 11:51:55,STABLE BEAMS,6800,131949.241960420,130926.965304654,17.1,AVG
367619:8782,548:548,05/17/23 11:52:18,STABLE BEAMS,6800,45580.574713841,45420.236185523,5.9,AVG
367619:8782,549:549,05/17/23 11:52:41,STABLE BEAMS,6800,183775.432446839,178774.644670346,23.8,AVG
367619:8782,550:550,05/17/23 11:53:05,STABLE BEAMS,6800,24130.310055180,24066.003098127,3.1,AVG
367619:8782,551:551,05/17/23 11:53:28,STABLE BEAMS,6800,103365.298472014,102727.584211290,13.4,AVG
367619:8782,552:552,05/17/23 11:53:51,STABLE BEAMS,6800,253882.566659194,249622.983196447,32.8,AVG
367619:8782,553:553,05/17/23 11:54:15,STABLE BEAMS,6800,270160.045431832,265245.588575914,34.9,AVG
367619:8782,554:554,05/17/23 11:54:38,STABLE BEAMS,6800,134314.148002440,133256.743174356,17.4,AVG
367619:8782,555:555,05/17/23 11:55:01,STABLE BEAMS,6800,34404.814721332,34300.129525354,4.4,AVG
367619:8782,556:556,05/17/23 11:55:25,STABLE BEAMS,6800,207861.101427695,204700.792798665,26.9,AVG
367619:8782,557:557,05/17/23 11:55:48,STABLE BEAMS,6800,297230.393928014,290812.283972929,38.4,AVG
367619:8782,558:558,05/17/23 11:56:11,STABLE BEAMS,6800,297075.300321717,290287.868060317,38.4,AVG
367619:8782,559:559,05/17/23 11:56:34,STABLE BEAMS,6800,297076.141840841,290710.787661702,38.4,AVG
367619:8782,560:560,05/17/23 11:56:58,STABLE BEAMS,6800,297118.348337401,290725.395839286,38.4,AVG
367619:8782,561:561,05/17/23 11:57:21,STABLE BEAMS,6800,271618.449357345,266311.096509849,35.1,AVG
367619:8782,562:562,05/17/23 11:57:44,STABLE BEAMS,6800,252033.457759146,247805.223092465,32.6,AVG
367619:8782,563:563,05/17/23 11:58:08,STABLE BEAMS,6800,241620.754206925,237846.248581881,31.2,AVG
367619:8782,564:564,05/17/23 11:58:31,STABLE BEAMS,6800,216115.962760561,212990.722206525,27.9,AVG
367619:8782,565:565,05/17/23 11:58:54,STABLE BEAMS,6800,238797.623052616,234778.467111111,30.9,AVG
367619:8782,566:566,05/17/23 11:59:18,STABLE BEAMS,6800,184247.168486669,182094.429286799,23.8,AVG
367619:8782,567:567,05/17/23 11:59:41,STABLE BEAMS,6800,294923.720076940,284765.196996700,38.1,AVG
367619:8782,568:568,05/17/23 12:00:04,STABLE BEAMS,6800,294665.821272847,288448.084437616,38.1,AVG
367619:8782,569:569,05/17/23 12:00:28,STABLE BEAMS,6800,294268.740800239,288081.772835622,38.0,AVG
367619:8782,570:570,05/17/23 12:00:51,STABLE BEAMS,6800,293876.532280455,287096.402154779,38.0,AVG
367619:8782,571:571,05/17/23 12:01:14,STABLE BEAMS,6800,293658.905178259,287303.622434057,38.0,AVG
367619:8782,572:572,05/17/23 12:01:38,STABLE BEAMS,6800,293726.469140277,287415.768845390,38.0,AVG
367619:8782,573:573,05/17/23 12:02:01,STABLE BEAMS,6800,293944.916781895,287649.416547335,38.0,AVG
367619:8782,574:574,05/17/23 12:02:24,STABLE BEAMS,6800,292575.956315623,286378.587686277,37.8,AVG
367619:8782,575:575,05/17/23 12:02:47,STABLE BEAMS,6800,292461.768464414,286269.251444248,37.8,AVG
367619:8782,576:576,05/17/23 12:03:11,STABLE BEAMS,6800,292305.127022386,286100.816270208,37.8,AVG
367619:8782,577:577,05/17/23 12:03:34,STABLE BEAMS,6800,292222.355108112,286019.246034629,37.8,AVG
367619:8782,578:578,05/17/23 12:03:57,STABLE BEAMS,6800,292283.114653723,286153.649197544,37.8,AVG
367619:8782,579:579,05/17/23 12:04:21,STABLE BEAMS,6800,292199.864868478,286131.642102364,37.8,AVG
367615:8782,53:53,05/17/23 02:49:11,STABLE BEAMS,6800,195439.187980678,413.961893893,25.3,AVG
367615:8782,54:54,05/17/23 02:49:34,STABLE BEAMS,6800,161191.111907322,147160.486333902,20.8,AVG
367615:8782,55:55,05/17/23 02:49:57,STABLE BEAMS,6800,5764.748620863,5750.328568845,0.7,AVG
367615:8782,56:56,05/17/23 02:50:21,STABLE BEAMS,6800,36619.563447627,36500.396683126,4.7,AVG
367615:8782,57:57,05/17/23 02:50:44,STABLE BEAMS,6800,137665.596051936,136500.854185340,17.8,AVG
367615:8782,58:58,05/17/23 02:51:07,STABLE BEAMS,6800,231998.730135067,225341.543347349,30.0,AVG
367615:8782,59:59,05/17/23 02:51:31,STABLE BEAMS,6800,138972.832139452,137325.761348651,18.0,AVG
367615:8782,60:60,05/17/23 02:51:54,STABLE BEAMS,6800,39219.699959755,39066.276749242,5.1,AVG
367615:8782,61:61,05/17/23 02:52:17,STABLE BEAMS,6800,6012.435252382,5999.569882630,0.8,AVG
367615:8782,62:62,05/17/23 02:52:41,STABLE BEAMS,6800,159756.588476306,156822.229431034,20.6,AVG
367615:8782,63:63,05/17/23 02:53:04,STABLE BEAMS,6800,11461.538301868,11434.209479398,1.5,AVG
367615:8782,64:64,05/17/23 02:53:27,STABLE BEAMS,6800,47807.323362979,47598.937478817,6.2,AVG
367615:8782,65:65,05/17/23 02:53:51,STABLE BEAMS,6800,140666.153005095,139001.494122423,18.2,AVG
367615:8782,66:66,05/17/23 02:54:14,STABLE BEAMS,6800,233363.001638132,223853.166217448,30.2,AVG
367615:8782,67:67,05/17/23 02:54:37,STABLE BEAMS,6800,163899.442136933,161478.028066138,21.2,AVG
367615:8782,68:68,05/17/23 02:55:00,STABLE BEAMS,6800,62602.127260058,62272.177400860,8.1,AVG
367615:8782,69:69,05/17/23 02:55:24,STABLE BEAMS,6800,22256.206755057,22189.503960194,2.9,AVG
367615:8782,70:70,05/17/23 02:55:47,STABLE BEAMS,6800,236280.630028581,226125.018244912,30.5,AVG
367615:8782,71:71,05/17/23 02:56:10,STABLE BEAMS,6800,240673.390159594,233420.295839179,31.1,AVG
367615:8782,72:72,05/17/23 02:56:34,STABLE BEAMS,6800,242287.069515481,235071.689619428,31.3,AVG
367615:8782,73:73,05/17/23 02:56:57,STABLE BEAMS,6800,242257.338947872,235163.277537033,31.3,AVG
367615:8782,74:74,05/17/23 02:57:20,STABLE BEAMS,6800,241230.550414139,209032.488203905,31.2,AVG
367615:8782,75:75,05/17/23 02:57:44,STABLE BEAMS,6800,237956.933792404,188576.903288394,30.8,AVG
367615:8782,76:76,05/17/23 02:58:07,STABLE BEAMS,6800,238702.013892315,231720.571847608,30.9,AVG
367615:8782,77:77,05/17/23 02:58:30,STABLE BEAMS,6800,240560.295583922,233630.087269616,31.1,AVG
367615:8782,78:78,05/17/23 02:58:54,STABLE BEAMS,6800,240479.255660532,233691.930455657,31.1,AVG
367615:8782,79:79,05/17/23 02:59:17,STABLE BEAMS,6800,239184.528370165,232521.981957664,30.9,AVG
367615:8782,80:80,05/17/23 02:59:40,STABLE BEAMS,6800,238227.124370294,163704.584665530,30.8,AVG
367615:8782,81:81,05/17/23 03:00:04,STABLE BEAMS,6800,238058.941761556,231076.213998244,30.8,AVG
367615:8782,82:82,05/17/23 03:00:27,STABLE BEAMS,6800,238011.590576058,231443.743990567,30.8,AVG
367615:8782,83:83,05/17/23 03:00:50,STABLE BEAMS,6800,237350.671712854,230309.489227722,30.7,AVG
367615:8782,84:84,05/17/23 03:01:13,STABLE BEAMS,6800,237138.392103374,226304.958597155,30.7,AVG
367615:8782,85:85,05/17/23 03:01:37,STABLE BEAMS,6800,237397.633608341,193316.328191031,30.7,AVG
367615:8782,86:86,05/17/23 03:02:00,STABLE BEAMS,6800,237184.559101296,214753.590407230,30.7,AVG
367615:8782,87:87,05/17/23 03:02:23,STABLE BEAMS,6800,237391.304731827,231004.333625061,30.7,AVG
367615:8782,88:88,05/17/23 03:02:47,STABLE BEAMS,6800,236980.156204059,230597.755615344,30.6,AVG
367615:8782,89:89,05/17/23 03:03:10,STABLE BEAMS,6800,236819.099700479,227145.740296476,30.6,AVG
367615:8782,90:90,05/17/23 03:03:33,STABLE BEAMS,6800,236516.423220895,230251.586207265,30.6,AVG
367615:8782,91:91,05/17/23 03:03:57,STABLE BEAMS,6800,236337.927923502,230090.092930609,30.5,AVG
367615:8782,92:92,05/17/23 03:04:20,STABLE BEAMS,6800,236366.064033824,226589.556343020,30.6,AVG
367615:8782,93:93,05/17/23 03:04:43,STABLE BEAMS,6800,243793.666145616,133925.970937122,31.5,AVG
367615:8782,94:94,05/17/23 03:05:07,STABLE BEAMS,6800,248970.570580083,210687.957610841,32.2,AVG
367615:8782,95:95,05/17/23 03:05:30,STABLE BEAMS,6800,248722.415681635,240932.867398810,32.1,AVG
367615:8782,96:96,05/17/23 03:05:53,STABLE BEAMS,6800,248552.184055418,100362.544889036,32.1,AVG
367615:8782,97:97,05/17/23 03:06:16,STABLE BEAMS,6800,248319.689338340,240574.855288420,32.1,AVG
367615:8782,98:98,05/17/23 03:06:40,STABLE BEAMS,6800,247935.495064395,240260.360911961,32.0,AVG
367615:8782,99:99,05/17/23 03:07:03,STABLE BEAMS,6800,247698.471062947,239808.066213982,32.0,AVG
367615:8782,100:100,05/17/23 03:07:26,STABLE BEAMS,6800,252416.127508140,243952.375765203,32.6,AVG
367615:8782,101:101,05/17/23 03:07:50,STABLE BEAMS,6800,260294.282688618,250275.870599898,33.6,AVG
367615:8782,102:102,05/17/23 03:08:13,STABLE BEAMS,6800,260357.384967525,245693.363454080,33.7,AVG
367615:8782,103:103,05/17/23 03:08:36,STABLE BEAMS,6800,260220.298938048,253752.704937624,33.6,AVG
367615:8782,104:104,05/17/23 03:09:00,STABLE BEAMS,6800,260217.839650858,253683.915393193,33.6,AVG
367615:8782,105:105,05/17/23 03:09:23,STABLE BEAMS,6800,259873.369275503,253421.725073482,33.6,AVG
367615:8782,106:106,05/17/23 03:09:46,STABLE BEAMS,6800,259815.295131639,253395.382237460,33.6,AVG
367615:8782,107:107,05/17/23 03:10:10,STABLE BEAMS,6800,261100.166624621,249683.811137398,33.7,AVG
367615:8782,108:108,05/17/23 03:10:33,STABLE BEAMS,6800,271256.745323034,263627.113981385,35.1,AVG
367615:8782,109:109,05/17/23 03:10:56,STABLE BEAMS,6800,271793.667159203,264080.380809387,35.1,AVG
367615:8782,110:110,05/17/23 03:11:20,STABLE BEAMS,6800,271658.788660503,260014.159813008,35.1,AVG
367615:8782,111:111,05/17/23 03:11:43,STABLE BEAMS,6800,271326.906105839,263816.205816897,35.1,AVG
367615:8782,112:112,05/17/23 03:12:06,STABLE BEAMS,6800,270743.567846413,263153.099972598,35.0,AVG
367615:8782,113:113,05/17/23 03:12:29,STABLE BEAMS,6800,270491.109778151,260084.434064298,35.0,AVG
367615:8782,114:114,05/17/23 03:12:53,STABLE BEAMS,6800,270221.054402779,262881.564157904,34.9,AVG
367615:8782,115:115,05/17/23 03:13:16,STABLE BEAMS,6800,270003.154564469,262667.980916440,34.9,AVG
367615:8782,116:116,05/17/23 03:13:39,STABLE BEAMS,6800,269678.556628260,262332.010766041,34.9,AVG
367615:8782,117:117,05/17/23 03:14:03,STABLE BEAMS,6800,269939.868130408,258536.974227781,34.9,AVG
367615:8782,118:118,05/17/23 03:14:26,STABLE BEAMS,6800,279619.463998841,271015.048581406,36.1,AVG
367615:8782,119:119,05/17/23 03:14:49,STABLE BEAMS,6800,285098.909710373,275740.681204313,36.9,AVG
367615:8782,120:120,05/17/23 03:15:13,STABLE BEAMS,6800,284994.533366069,271419.745571399,36.8,AVG
367615:8782,121:121,05/17/23 03:15:36,STABLE BEAMS,6800,284432.275044144,275133.066154110,36.8,AVG
367615:8782,122:122,05/17/23 03:15:59,STABLE BEAMS,6800,284288.268044365,217415.185659854,36.7,AVG
367615:8782,123:123,05/17/23 03:16:23,STABLE BEAMS,6800,284080.268293920,274529.570125411,36.7,AVG
367615:8782,124:124,05/17/23 03:16:46,STABLE BEAMS,6800,284036.630515526,270632.587642609,36.7,AVG
367615:8782,125:125,05/17/23 03:17:09,STABLE BEAMS,6800,291568.469106949,280566.165435082,37.7,AVG
367615:8782,126:126,05/17/23 03:17:32,STABLE BEAMS,6800,298848.262230898,283235.089962548,38.6,AVG
367615:8782,127:127,05/17/23 03:17:56,STABLE BEAMS,6800,298670.403317774,286257.046692197,38.6,AVG
367615:8782,128:128,05/17/23 03:18:19,STABLE BEAMS,6800,298615.678932860,208140.787281935,38.6,AVG
367615:8782,129:129,05/17/23 03:18:42,STABLE BEAMS,6800,298728.656954637,291345.707069545,38.6,AVG
367615:8782,130:130,05/17/23 03:19:06,STABLE BEAMS,6800,298310.247119192,290855.220151832,38.6,AVG
367615:8782,131:131,05/17/23 03:19:29,STABLE BEAMS,6800,298164.874107761,291062.249760940,38.5,AVG
367615:8782,132:132,05/17/23 03:19:52,STABLE BEAMS,6800,303692.715327693,296028.135038398,39.3,AVG
367615:8782,133:133,05/17/23 03:20:16,STABLE BEAMS,6800,311449.081011911,297199.518767979,40.3,AVG
367615:8782,134:134,05/17/23 03:20:39,STABLE BEAMS,6800,310989.739779521,302849.427597131,40.2,AVG
367615:8782,135:135,05/17/23 03:21:02,STABLE BEAMS,6800,310801.661420858,302706.192395012,40.2,AVG
367615:8782,136:136,05/17/23 03:21:26,STABLE BEAMS,6800,310565.024378342,302508.276048715,40.1,AVG
367615:8782,137:137,05/17/23 03:21:49,STABLE BEAMS,6800,310238.037087280,302327.521474879,40.1,AVG
367615:8782,138:138,05/17/23 03:22:12,STABLE BEAMS,6800,309925.889438166,248806.157901977,40.1,AVG
367615:8782,139:139,05/17/23 03:22:36,STABLE BEAMS,6800,314930.946809427,306208.937103411,40.7,AVG
367615:8782,140:140,05/17/23 03:22:59,STABLE BEAMS,6800,324286.058964469,314207.012041888,41.9,AVG
367615:8782,141:141,05/17/23 03:23:22,STABLE BEAMS,6800,324045.915980783,314288.548892579,41.9,AVG
367615:8782,142:142,05/17/23 03:23:46,STABLE BEAMS,6800,323438.812382109,308022.258031332,41.8,AVG
367615:8782,143:143,05/17/23 03:24:09,STABLE BEAMS,6800,323125.664700573,313638.541700273,41.8,AVG
367615:8782,144:144,05/17/23 03:24:32,STABLE BEAMS,6800,322886.591681645,313400.094243030,41.7,AVG
367615:8782,145:145,05/17/23 03:24:55,STABLE BEAMS,6800,322199.494813560,308593.809911169,41.6,AVG
367615:8782,146:146,05/17/23 03:25:19,STABLE BEAMS,6800,328102.175691801,318170.081897096,42.4,AVG
367615:8782,147:147,05/17/23 03:25:42,STABLE BEAMS,6800,337717.643607049,326248.536155775,43.7,AVG
367615:8782,148:148,05/17/23 03:26:05,STABLE BEAMS,6800,337258.756934851,319646.707019639,43.6,AVG
367615:8782,149:149,05/17/23 03:26:29,STABLE BEAMS,6800,336844.787802817,240927.004992489,43.5,AVG
367615:8782,150:150,05/17/23 03:26:52,STABLE BEAMS,6800,336216.487712746,324755.983246547,43.5,AVG
367615:8782,151:151,05/17/23 03:27:15,STABLE BEAMS,6800,335376.003587390,319219.793200687,43.3,AVG
367615:8782,152:152,05/17/23 03:27:39,STABLE BEAMS,6800,335132.263750495,324145.768262392,43.3,AVG
367615:8782,153:153,05/17/23 03:28:02,STABLE BEAMS,6800,341412.287864717,325635.582068585,44.1,AVG
367615:8782,154:154,05/17/23 03:28:25,STABLE BEAMS,6800,351592.177342187,330313.066678611,45.4,AVG
367615:8782,155:155,05/17/23 03:28:49,STABLE BEAMS,6800,351555.845161949,309934.485618902,45.4,AVG
367615:8782,156:156,05/17/23 03:29:12,STABLE BEAMS,6800,350900.117609240,337295.439820696,45.4,AVG
367615:8782,157:157,05/17/23 03:29:35,STABLE BEAMS,6800,350370.000189478,341257.689903543,45.3,AVG
367615:8782,158:158,05/17/23 03:29:58,STABLE BEAMS,6800,349618.889591025,333921.440324981,45.2,AVG
367615:8782,159:159,05/17/23 03:30:22,STABLE BEAMS,6800,348959.949812963,339851.305915022,45.1,AVG
367615:8782,160:160,05/17/23 03:30:45,STABLE BEAMS,6800,351768.124771429,256647.124208582,45.5,AVG
367615:8782,161:161,05/17/23 03:31:08,STABLE BEAMS,6800,363285.241751641,352002.406383704,47.0,AVG
367615:8782,162:162,05/17/23 03:31:32,STABLE BEAMS,6800,364006.738336381,353199.657868749,47.1,AVG
367615:8782,163:163,05/17/23 03:31:55,STABLE BEAMS,6800,363799.172166426,348748.327183938,47.0,AVG
367615:8782,164:164,05/17/23 03:32:18,STABLE BEAMS,6800,362846.320761705,348065.207232723,46.9,AVG
367615:8782,165:165,05/17/23 03:32:42,STABLE BEAMS,6800,362670.876845291,346929.881010203,46.9,AVG
367615:8782,166:166,05/17/23 03:33:05,STABLE BEAMS,6800,363558.551311769,352277.887054315,47.0,AVG
367615:8782,167:167,05/17/23 03:33:28,STABLE BEAMS,6800,361255.837962057,350853.023851756,46.7,AVG
367615:8782,168:168,05/17/23 03:33:52,STABLE BEAMS,6800,366912.890830300,351502.503147712,47.4,AVG
367615:8782,169:169,05/17/23 03:34:15,STABLE BEAMS,6800,374163.272744314,357186.439161308,48.4,AVG
367615:8782,170:170,05/17/23 03:34:38,STABLE BEAMS,6800,373636.640286021,361492.880614940,48.3,AVG
367615:8782,171:171,05/17/23 03:35:01,STABLE BEAMS,6800,373205.367562693,361336.244706973,48.2,AVG
367615:8782,172:172,05/17/23 03:35:25,STABLE BEAMS,6800,372972.693352617,356029.826024538,48.2,AVG
367615:8782,173:173,05/17/23 03:35:48,STABLE BEAMS,6800,372785.342290260,360559.027346719,48.2,AVG
367615:8782,174:174,05/17/23 03:36:11,STABLE BEAMS,6800,372947.855717532,361264.991363118,48.2,AVG
367615:8782,175:175,05/17/23 03:36:35,STABLE BEAMS,6800,375432.139056395,352125.953965361,48.5,AVG
367615:8782,176:176,05/17/23 03:36:58,STABLE BEAMS,6800,389304.441949976,299446.692984924,50.3,AVG
367615:8782,177:177,05/17/23 03:37:21,STABLE BEAMS,6800,387773.306062729,372709.401563085,50.1,AVG
367615:8782,178:178,05/17/23 03:37:45,STABLE BEAMS,6800,383610.558050824,364810.311503745,49.6,AVG
367615:8782,179:179,05/17/23 03:38:08,STABLE BEAMS,6800,378523.936263643,366334.300305721,48.9,AVG
367615:8782,180:180,05/17/23 03:38:31,STABLE BEAMS,6800,331950.046362364,325074.837549756,42.9,AVG
367615:8782,181:181,05/17/23 03:38:55,STABLE BEAMS,6800,402160.702578970,389099.466227133,52.0,AVG
367615:8782,182:182,05/17/23 03:39:18,STABLE BEAMS,6800,359847.153597194,351240.675550418,46.5,AVG
367615:8782,183:183,05/17/23 03:39:41,STABLE BEAMS,6800,403964.782047115,286539.255356663,52.2,AVG
367615:8782,184:184,05/17/23 03:40:05,STABLE BEAMS,6800,410538.104714505,216803.661498429,53.1,AVG
367615:8782,185:185,05/17/23 03:40:28,STABLE BEAMS,6800,410445.269536912,396022.458114702,53.1,AVG
367615:8782,186:186,05/17/23 03:40:51,STABLE BEAMS,6800,409969.857853440,395563.596336641,53.0,AVG
367615:8782,187:187,05/17/23 03:41:14,STABLE BEAMS,6800,409543.025833523,389591.019400445,52.9,AVG
367615:8782,188:188,05/17/23 03:41:38,STABLE BEAMS,6800,409252.778661332,395160.878735439,52.9,AVG
367615:8782,189:189,05/17/23 03:42:01,STABLE BEAMS,6800,409078.859269868,394980.152947524,52.9,AVG
367615:8782,190:190,05/17/23 03:42:24,STABLE BEAMS,6800,411814.003888628,391130.344507284,53.2,AVG
367615:8782,191:191,05/17/23 03:42:48,STABLE BEAMS,6800,425550.838520799,350159.309373347,55.0,AVG
367615:8782,192:192,05/17/23 03:43:11,STABLE BEAMS,6800,428752.016896616,395705.279181004,55.4,AVG
367615:8782,193:193,05/17/23 03:43:34,STABLE BEAMS,6800,428505.433144676,409321.612646152,55.4,AVG
367615:8782,194:194,05/17/23 03:43:58,STABLE BEAMS,6800,428400.898287074,406851.944415099,55.4,AVG
367615:8782,195:195,05/17/23 03:44:21,STABLE BEAMS,6800,428280.565714506,414997.521616137,55.4,AVG
367615:8782,196:196,05/17/23 03:44:44,STABLE BEAMS,6800,427987.814964644,414824.536258425,55.3,AVG
367615:8782,197:197,05/17/23 03:45:08,STABLE BEAMS,6800,428173.482988753,317668.885828955,55.3,AVG
367615:8782,198:198,05/17/23 03:45:31,STABLE BEAMS,6800,436683.784537846,421395.344235982,56.4,AVG
367615:8782,199:199,05/17/23 03:45:54,STABLE BEAMS,6800,445701.822827729,422991.970851669,57.6,AVG
367615:8782,200:200,05/17/23 03:46:17,STABLE BEAMS,6800,445737.882271851,429705.924983876,57.6,AVG
367615:8782,201:201,05/17/23 03:46:41,STABLE BEAMS,6800,445856.301029459,429555.283534159,57.6,AVG
367615:8782,202:202,05/17/23 03:47:04,STABLE BEAMS,6800,445975.176678337,317047.398947699,57.6,AVG
367615:8782,203:203,05/17/23 03:47:27,STABLE BEAMS,6800,445701.139821902,429341.801384001,57.6,AVG
367615:8782,204:204,05/17/23 03:47:51,STABLE BEAMS,6800,446004.998157984,429511.336515455,57.6,AVG
367615:8782,205:205,05/17/23 03:48:14,STABLE BEAMS,6800,445969.714962804,429671.414041220,57.6,AVG
367615:8782,206:206,05/17/23 03:48:37,STABLE BEAMS,6800,445623.603508604,429658.060885221,57.6,AVG
367615:8782,207:207,05/17/23 03:49:01,STABLE BEAMS,6800,445219.900443666,429138.155739637,57.5,AVG
367615:8782,208:208,05/17/23 03:49:24,STABLE BEAMS,6800,444663.127148053,423515.116592290,57.5,AVG
367615:8782,209:209,05/17/23 03:49:47,STABLE BEAMS,6800,444538.286270815,428156.766495132,57.5,AVG
367615:8782,210:210,05/17/23 03:50:11,STABLE BEAMS,6800,443415.909556482,427500.915566744,57.3,AVG
367615:8782,211:211,05/17/23 03:50:34,STABLE BEAMS,6800,442887.820174498,427587.464911468,57.2,AVG
367615:8782,212:212,05/17/23 03:50:57,STABLE BEAMS,6800,440796.906232217,425841.015345154,57.0,AVG
367615:8782,213:213,05/17/23 03:51:21,STABLE BEAMS,6800,440652.216226612,425895.837944676,57.0,AVG
367615:8782,214:214,05/17/23 03:51:44,STABLE BEAMS,6800,440696.469409573,425720.975915403,57.0,AVG
367615:8782,215:215,05/17/23 03:52:07,STABLE BEAMS,6800,440450.615285018,418666.101214383,56.9,AVG
367615:8782,216:216,05/17/23 03:52:30,STABLE BEAMS,6800,440198.840222583,425409.187935794,56.9,AVG
367615:8782,217:217,05/17/23 03:52:54,STABLE BEAMS,6800,439958.993285791,425253.888586313,56.9,AVG
367615:8782,218:218,05/17/23 03:53:17,STABLE BEAMS,6800,439782.661228694,425086.795688631,56.8,AVG
367615:8782,219:219,05/17/23 03:53:40,STABLE BEAMS,6800,446799.933021064,430980.217945407,57.8,AVG
367615:8782,220:220,05/17/23 03:54:04,STABLE BEAMS,6800,455984.743617551,423221.790506862,58.9,AVG
367615:8782,221:221,05/17/23 03:54:27,STABLE BEAMS,6800,455591.602666604,417116.661428736,58.9,AVG
367615:8782,222:222,05/17/23 03:54:50,STABLE BEAMS,6800,455832.997439126,424907.540095226,58.9,AVG
367615:8782,223:223,05/17/23 03:55:14,STABLE BEAMS,6800,455663.812466888,426046.395677995,58.9,AVG
367615:8782,224:224,05/17/23 03:55:37,STABLE BEAMS,6800,455662.036185524,431691.860362374,58.9,AVG
367615:8782,225:225,05/17/23 03:56:00,STABLE BEAMS,6800,455090.831186597,432344.849066638,58.8,AVG
367615:8782,226:226,05/17/23 03:56:24,STABLE BEAMS,6800,454037.246912338,428370.472853206,58.7,AVG
367615:8782,227:227,05/17/23 03:56:47,STABLE BEAMS,6800,453206.937942040,429952.843094637,58.6,AVG
367615:8782,228:228,05/17/23 03:57:10,STABLE BEAMS,6800,450529.748582172,429869.291846996,58.2,AVG
367615:8782,229:229,05/17/23 03:57:33,STABLE BEAMS,6800,449209.365448375,434917.970373063,58.1,AVG
367615:8782,230:230,05/17/23 03:57:57,STABLE BEAMS,6800,446106.847613838,432278.502765119,57.7,AVG
367615:8782,231:231,05/17/23 03:58:20,STABLE BEAMS,6800,447532.446279985,433123.564853612,57.8,AVG
367615:8782,232:232,05/17/23 03:58:43,STABLE BEAMS,6800,449825.418055130,161379.151964908,58.1,AVG
367615:8782,233:233,05/17/23 03:59:07,STABLE BEAMS,6800,449522.058569720,435241.619336974,58.1,AVG
367615:8782,234:234,05/17/23 03:59:30,STABLE BEAMS,6800,449399.357621999,435246.568988162,58.1,AVG
367615:8782,235:235,05/17/23 03:59:53,STABLE BEAMS,6800,449009.722612222,428560.404206608,58.0,AVG
367615:8782,236:236,05/17/23 04:00:17,STABLE BEAMS,6800,448922.717460471,415935.928525864,58.0,AVG
367615:8782,237:237,05/17/23 04:00:40,STABLE BEAMS,6800,449157.827646959,434749.410789318,58.1,AVG
367615:8782,238:238,05/17/23 04:01:03,STABLE BEAMS,6800,449212.006559642,429944.921543488,58.1,AVG
367615:8782,239:239,05/17/23 04:01:27,STABLE BEAMS,6800,447655.876855090,433552.758687349,57.9,AVG
367615:8782,240:240,05/17/23 04:01:50,STABLE BEAMS,6800,447096.826096363,433144.325027412,57.8,AVG
367615:8782,241:241,05/17/23 04:02:13,STABLE BEAMS,6800,449997.880522903,429355.026635152,58.2,AVG
367615:8782,242:242,05/17/23 04:02:37,STABLE BEAMS,6800,450499.973724083,435799.234750070,58.2,AVG
367615:8782,243:243,05/17/23 04:03:00,STABLE BEAMS,6800,452659.269836727,437674.727975303,58.5,AVG
367615:8782,244:244,05/17/23 04:03:23,STABLE BEAMS,6800,452566.938171961,437151.944540446,58.5,AVG
367615:8782,245:245,05/17/23 04:03:47,STABLE BEAMS,6800,453335.238138890,438312.471718175,58.6,AVG
367615:8782,246:246,05/17/23 04:04:10,STABLE BEAMS,6800,453530.465913490,438375.407106616,58.6,AVG
367615:8782,247:247,05/17/23 04:04:33,STABLE BEAMS,6800,453799.267168949,438671.780560814,58.7,AVG
367615:8782,248:248,05/17/23 04:04:56,STABLE BEAMS,6800,453875.892030786,438785.925227539,58.7,AVG
367615:8782,249:249,05/17/23 04:05:20,STABLE BEAMS,6800,453543.986165343,438659.185588354,58.6,AVG
367615:8782,250:250,05/17/23 04:05:43,STABLE BEAMS,6800,453490.035698294,438584.058846704,58.6,AVG
367615:8782,251:251,05/17/23 04:06:06,STABLE BEAMS,6800,452988.625502941,430684.040788132,58.6,AVG
367615:8782,252:252,05/17/23 04:06:30,STABLE BEAMS,6800,453162.090334213,438357.119982626,58.6,AVG
367615:8782,253:253,05/17/23 04:06:53,STABLE BEAMS,6800,453088.379319758,438108.872710289,58.6,AVG
367615:8782,254:254,05/17/23 04:07:16,STABLE BEAMS,6800,453086.605369472,438268.209760782,58.6,AVG
367615:8782,255:255,05/17/23 04:07:40,STABLE BEAMS,6800,452833.373383345,338593.731916631,58.5,AVG
367615:8782,256:256,05/17/23 04:08:03,STABLE BEAMS,6800,452848.669916562,437499.915547711,58.5,AVG
367615:8782,257:257,05/17/23 04:08:26,STABLE BEAMS,6800,452595.622085590,437535.104521804,58.5,AVG
367615:8782,258:258,05/17/23 04:08:49,STABLE BEAMS,6800,452458.624637074,437516.675674726,58.5,AVG
367615:8782,259:259,05/17/23 04:09:13,STABLE BEAMS,6800,451898.163576214,436749.606991149,58.4,AVG
367615:8782,260:260,05/17/23 04:09:36,STABLE BEAMS,6800,451575.045874476,428442.429877889,58.4,AVG
367615:8782,261:261,05/17/23 04:09:59,STABLE BEAMS,6800,451259.394615269,436331.674816667,58.3,AVG
367615:8782,262:262,05/17/23 04:10:23,STABLE BEAMS,6800,450907.229351748,435676.210897291,58.3,AVG
367615:8782,263:263,05/17/23 04:10:46,STABLE BEAMS,6800,449921.801133295,435322.434607946,58.2,AVG
367615:8782,264:264,05/17/23 04:11:09,STABLE BEAMS,6800,448845.908443479,433723.732186746,58.0,AVG
367615:8782,265:265,05/17/23 04:11:33,STABLE BEAMS,6800,449687.602398269,435300.752870617,58.1,AVG
367615:8782,266:266,05/17/23 04:11:56,STABLE BEAMS,6800,449325.555695505,434922.613409892,58.1,AVG
367615:8782,267:267,05/17/23 04:12:19,STABLE BEAMS,6800,449016.960609119,434639.648792895,58.0,AVG
367615:8782,268:268,05/17/23 04:12:43,STABLE BEAMS,6800,447596.732746468,433222.786728967,57.9,AVG
367615:8782,269:269,05/17/23 04:13:06,STABLE BEAMS,6800,447995.929837813,433826.765640439,57.9,AVG
367615:8782,270:270,05/17/23 04:13:29,STABLE BEAMS,6800,447714.517450885,433643.434569163,57.9,AVG
367615:8782,271:271,05/17/23 04:13:53,STABLE BEAMS,6800,447982.043606729,427422.220227672,57.9,AVG
367615:8782,272:272,05/17/23 04:14:16,STABLE BEAMS,6800,447906.966580621,433411.958543484,57.9,AVG
367615:8782,273:273,05/17/23 04:14:39,STABLE BEAMS,6800,447341.454073940,433091.596131586,57.8,AVG
367615:8782,274:274,05/17/23 04:15:03,STABLE BEAMS,6800,447403.553989347,433184.712015529,57.8,AVG
367615:8782,275:275,05/17/23 04:15:26,STABLE BEAMS,6800,446805.397067674,416100.738010183,57.8,AVG
367615:8782,276:276,05/17/23 04:15:49,STABLE BEAMS,6800,446739.471853424,432644.942434895,57.7,AVG
367615:8782,277:277,05/17/23 04:16:12,STABLE BEAMS,6800,446096.285499848,432260.196521396,57.7,AVG
367615:8782,278:278,05/17/23 04:16:36,STABLE BEAMS,6800,446024.896238987,432046.406500178,57.7,AVG
367615:8782,279:279,05/17/23 04:16:59,STABLE BEAMS,6800,445760.099775370,431806.174272995,57.6,AVG
367615:8782,280:280,05/17/23 04:17:22,STABLE BEAMS,6800,445110.812990915,431322.113919564,57.5,AVG
367615:8782,281:281,05/17/23 04:17:46,STABLE BEAMS,6800,444494.123999892,430699.210590612,57.5,AVG
367615:8782,282:282,05/17/23 04:18:09,STABLE BEAMS,6800,444712.298905395,430862.655933284,57.5,AVG
367615:8782,283:283,05/17/23 04:18:32,STABLE BEAMS,6800,444710.068063840,431009.962198665,57.5,AVG
367615:8782,284:284,05/17/23 04:18:56,STABLE BEAMS,6800,445053.219049099,431408.125412021,57.5,AVG
367615:8782,285:285,05/17/23 04:19:19,STABLE BEAMS,6800,444703.692565768,430868.632721073,57.5,AVG
367615:8782,286:286,05/17/23 04:19:42,STABLE BEAMS,6800,443587.462903872,429581.174745318,57.3,AVG
367615:8782,287:287,05/17/23 04:20:06,STABLE BEAMS,6800,442718.726114299,429268.926522128,57.2,AVG
367615:8782,288:288,05/17/23 04:20:29,STABLE BEAMS,6800,442621.203139037,429182.617330523,57.2,AVG
367615:8782,289:289,05/17/23 04:20:52,STABLE BEAMS,6800,442756.424306190,429421.465819313,57.2,AVG
367615:8782,290:290,05/17/23 04:21:16,STABLE BEAMS,6800,443020.171784748,429540.266814225,57.3,AVG
367615:8782,291:291,05/17/23 04:21:39,STABLE BEAMS,6800,442783.739877088,429546.660507606,57.2,AVG
367615:8782,292:292,05/17/23 04:22:02,STABLE BEAMS,6800,442532.330793884,429305.984498500,57.2,AVG
367615:8782,293:293,05/17/23 04:22:25,STABLE BEAMS,6800,442200.835198152,428987.099860329,57.2,AVG
367615:8782,294:294,05/17/23 04:22:49,STABLE BEAMS,6800,441767.126498413,428658.960236608,57.1,AVG
367615:8782,295:295,05/17/23 04:23:12,STABLE BEAMS,6800,441465.361470291,428404.671174394,57.1,AVG
367615:8782,296:296,05/17/23 04:23:35,STABLE BEAMS,6800,449726.438156177,434629.681626635,58.1,AVG
367615:8782,297:297,05/17/23 04:23:59,STABLE BEAMS,6800,462276.880012570,441022.836088682,59.8,AVG
367615:8782,298:298,05/17/23 04:24:22,STABLE BEAMS,6800,462171.981506815,433102.497069518,59.7,AVG
367615:8782,299:299,05/17/23 04:24:45,STABLE BEAMS,6800,461504.482010683,430751.275730246,59.7,AVG
367615:8782,300:300,05/17/23 04:25:09,STABLE BEAMS,6800,462272.462619939,282718.886022789,59.8,AVG
367615:8782,301:301,05/17/23 04:25:32,STABLE BEAMS,6800,461698.252861591,293128.535004672,59.7,AVG
367615:8782,302:302,05/17/23 04:25:55,STABLE BEAMS,6800,460634.607655092,435999.019749925,59.5,AVG
367615:8782,303:303,05/17/23 04:26:19,STABLE BEAMS,6800,457701.319083273,435442.022097939,59.2,AVG
367615:8782,304:304,05/17/23 04:26:42,STABLE BEAMS,6800,457059.545362907,438316.684512040,59.1,AVG
367615:8782,305:305,05/17/23 04:27:05,STABLE BEAMS,6800,456366.457624605,421711.087991205,59.0,AVG
367615:8782,306:306,05/17/23 04:27:28,STABLE BEAMS,6800,456274.307783915,432542.916852892,59.0,AVG
367615:8782,307:307,05/17/23 04:27:52,STABLE BEAMS,6800,455176.470326696,342233.162686062,58.8,AVG
367615:8782,308:308,05/17/23 04:28:15,STABLE BEAMS,6800,454925.105533971,439069.661745267,58.8,AVG
367615:8782,309:309,05/17/23 04:28:38,STABLE BEAMS,6800,453490.991440235,430367.389329164,58.6,AVG
367615:8782,310:310,05/17/23 04:29:02,STABLE BEAMS,6800,454469.771424501,439316.569396235,58.7,AVG
367615:8782,311:311,05/17/23 04:29:25,STABLE BEAMS,6800,455803.583898112,434013.986918437,58.9,AVG
367615:8782,312:312,05/17/23 04:29:48,STABLE BEAMS,6800,456226.502038226,440533.519915813,59.0,AVG
367615:8782,313:313,05/17/23 04:30:12,STABLE BEAMS,6800,456229.917067358,440676.884030737,59.0,AVG
367615:8782,314:314,05/17/23 04:30:35,STABLE BEAMS,6800,455464.211590138,431501.026836010,58.9,AVG
367615:8782,315:315,05/17/23 04:30:58,STABLE BEAMS,6800,456464.344248019,440357.010292176,59.0,AVG
367615:8782,316:316,05/17/23 04:31:22,STABLE BEAMS,6800,454366.010484764,430735.157130338,58.7,AVG
367615:8782,317:317,05/17/23 04:31:45,STABLE BEAMS,6800,453259.158749283,437528.570839666,58.6,AVG
367615:8782,318:318,05/17/23 04:32:08,STABLE BEAMS,6800,453886.729211969,438909.239935519,58.7,AVG
367615:8782,319:319,05/17/23 04:32:32,STABLE BEAMS,6800,452664.505437703,437959.769458422,58.5,AVG
367615:8782,320:320,05/17/23 04:32:55,STABLE BEAMS,6800,453412.089115284,432029.165017542,58.6,AVG
367615:8782,321:321,05/17/23 04:33:18,STABLE BEAMS,6800,453242.358670817,438474.873611735,58.6,AVG
367615:8782,322:322,05/17/23 04:33:41,STABLE BEAMS,6800,454097.983147170,439079.788047601,58.7,AVG
367615:8782,323:323,05/17/23 04:34:05,STABLE BEAMS,6800,454471.046524116,439474.324899544,58.7,AVG
367615:8782,324:324,05/17/23 04:34:28,STABLE BEAMS,6800,454966.172133436,439797.928940546,58.8,AVG
367615:8782,325:325,05/17/23 04:34:51,STABLE BEAMS,6800,455482.377680256,440090.053581409,58.9,AVG
367615:8782,326:326,05/17/23 04:35:15,STABLE BEAMS,6800,455350.163603603,440095.866596223,58.9,AVG
367615:8782,327:327,05/17/23 04:35:38,STABLE BEAMS,6800,455058.321974124,439798.164944405,58.8,AVG
367615:8782,328:328,05/17/23 04:36:01,STABLE BEAMS,6800,455151.429887833,440140.973767868,58.8,AVG
367615:8782,329:329,05/17/23 04:36:25,STABLE BEAMS,6800,455412.445343086,440542.140885679,58.9,AVG
367615:8782,330:330,05/17/23 04:36:48,STABLE BEAMS,6800,455581.723558440,440592.897335930,58.9,AVG
367615:8782,331:331,05/17/23 04:37:11,STABLE BEAMS,6800,456333.950743210,441045.720944035,59.0,AVG
367615:8782,332:332,05/17/23 04:37:35,STABLE BEAMS,6800,455012.565245914,434666.136698484,58.8,AVG
367615:8782,333:333,05/17/23 04:37:58,STABLE BEAMS,6800,454534.468160695,439665.966314489,58.8,AVG
367615:8782,334:334,05/17/23 04:38:21,STABLE BEAMS,6800,453543.440693113,438754.075439399,58.6,AVG
367615:8782,335:335,05/17/23 04:38:45,STABLE BEAMS,6800,452288.938483087,437792.091245927,58.5,AVG
367615:8782,336:336,05/17/23 04:39:08,STABLE BEAMS,6800,452066.893988260,437632.106886929,58.4,AVG
367615:8782,337:337,05/17/23 04:39:31,STABLE BEAMS,6800,450833.427425255,436482.122309376,58.3,AVG
367615:8782,338:338,05/17/23 04:39:54,STABLE BEAMS,6800,450734.946376974,436499.812763749,58.3,AVG
367615:8782,339:339,05/17/23 04:40:18,STABLE BEAMS,6800,451141.884978044,432523.703534186,58.3,AVG
367615:8782,340:340,05/17/23 04:40:41,STABLE BEAMS,6800,451020.230684303,432988.165521450,58.3,AVG
367615:8782,341:341,05/17/23 04:41:04,STABLE BEAMS,6800,450289.948266938,435775.584721502,58.2,AVG
367615:8782,342:342,05/17/23 04:41:28,STABLE BEAMS,6800,450888.697282398,436429.588798750,58.3,AVG
367615:8782,343:343,05/17/23 04:41:51,STABLE BEAMS,6800,451725.109014653,437305.967419225,58.4,AVG
367615:8782,344:344,05/17/23 04:42:14,STABLE BEAMS,6800,451692.464599662,437432.550882411,58.4,AVG
367615:8782,345:345,05/17/23 04:42:38,STABLE BEAMS,6800,452479.613662537,437914.812942649,58.5,AVG
367615:8782,346:346,05/17/23 04:43:01,STABLE BEAMS,6800,451705.940561035,437511.046371694,58.4,AVG
367615:8782,347:347,05/17/23 04:43:24,STABLE BEAMS,6800,451014.766637693,436083.050390289,58.3,AVG
367615:8782,348:348,05/17/23 04:43:47,STABLE BEAMS,6800,450855.463104697,436690.232829189,58.3,AVG
367615:8782,349:349,05/17/23 04:44:11,STABLE BEAMS,6800,450057.842839870,436009.028672387,58.2,AVG
367615:8782,350:350,05/17/23 04:44:34,STABLE BEAMS,6800,450476.935681141,436119.878242487,58.2,AVG
367615:8782,351:351,05/17/23 04:44:57,STABLE BEAMS,6800,450541.632417335,436286.410961419,58.2,AVG
367615:8782,352:352,05/17/23 04:45:21,STABLE BEAMS,6800,449179.681502325,435142.055095817,58.1,AVG
367615:8782,353:353,05/17/23 04:45:44,STABLE BEAMS,6800,449053.612147030,435054.756150652,58.0,AVG
367615:8782,354:354,05/17/23 04:46:07,STABLE BEAMS,6800,449260.996492908,435278.742236578,58.1,AVG
367615:8782,355:355,05/17/23 04:46:31,STABLE BEAMS,6800,448992.148615891,435042.906968481,58.0,AVG
367615:8782,356:356,05/17/23 04:46:54,STABLE BEAMS,6800,448659.014272392,434681.134837297,58.0,AVG
367615:8782,357:357,05/17/23 04:47:17,STABLE BEAMS,6800,448653.869583455,434782.804472830,58.0,AVG
367615:8782,358:358,05/17/23 04:47:41,STABLE BEAMS,6800,448659.422211026,434761.609537185,58.0,AVG
367615:8782,359:359,05/17/23 04:48:04,STABLE BEAMS,6800,448366.354434569,434426.892242446,58.0,AVG
367615:8782,360:360,05/17/23 04:48:27,STABLE BEAMS,6800,448731.494477713,434719.350579515,58.0,AVG
367615:8782,361:361,05/17/23 04:48:51,STABLE BEAMS,6800,447975.215879543,433847.993874284,57.9,AVG
367615:8782,362:362,05/17/23 04:49:14,STABLE BEAMS,6800,446736.056824292,431252.724126489,57.7,AVG
367615:8782,363:363,05/17/23 04:49:37,STABLE BEAMS,6800,446837.176652762,431684.216046794,57.8,AVG
367615:8782,364:364,05/17/23 04:50:00,STABLE BEAMS,6800,446485.647773510,432737.213997030,57.7,AVG
367615:8782,365:365,05/17/23 04:50:24,STABLE BEAMS,6800,446082.898119436,432396.516933859,57.7,AVG
367615:8782,366:366,05/17/23 04:50:47,STABLE BEAMS,6800,446193.943677628,432607.396499431,57.7,AVG
367615:8782,367:367,05/17/23 04:51:10,STABLE BEAMS,6800,445361.858425966,431838.671437860,57.6,AVG
367615:8782,368:368,05/17/23 04:51:34,STABLE BEAMS,6800,445096.835847792,431764.664139637,57.5,AVG
367615:8782,369:369,05/17/23 04:51:57,STABLE BEAMS,6800,445849.564214312,432226.535858371,57.6,AVG
367615:8782,370:370,05/17/23 04:52:20,STABLE BEAMS,6800,445646.459727469,432188.774637302,57.6,AVG
367615:8782,371:371,05/17/23 04:52:44,STABLE BEAMS,6800,444989.568966885,431539.010238419,57.5,AVG
367615:8782,372:372,05/17/23 04:53:07,STABLE BEAMS,6800,445115.365586065,431739.732531892,57.5,AVG
367615:8782,373:373,05/17/23 04:53:30,STABLE BEAMS,6800,445426.874519833,352390.015363820,57.6,AVG
367615:8782,374:374,05/17/23 04:53:54,STABLE BEAMS,6800,445016.294775074,431482.787595898,57.5,AVG
367615:8782,375:375,05/17/23 04:54:17,STABLE BEAMS,6800,445559.226130083,414652.810264365,57.6,AVG
367615:8782,376:376,05/17/23 04:54:40,STABLE BEAMS,6800,444770.300785844,425218.250801717,57.5,AVG
367615:8782,377:377,05/17/23 04:55:04,STABLE BEAMS,6800,443345.203301447,421892.288326668,57.3,AVG
367615:8782,378:378,05/17/23 04:55:27,STABLE BEAMS,6800,443385.495983047,421900.402824979,57.3,AVG
367615:8782,379:379,05/17/23 04:55:50,STABLE BEAMS,6800,442813.607978293,429753.942789219,57.2,AVG
367615:8782,380:380,05/17/23 04:56:13,STABLE BEAMS,6800,442772.268642714,423508.846704613,57.2,AVG
367615:8782,381:381,05/17/23 04:56:37,STABLE BEAMS,6800,443076.628160546,423892.564331503,57.3,AVG
367615:8782,382:382,05/17/23 04:57:00,STABLE BEAMS,6800,442455.249040777,429400.776068471,57.2,AVG
367615:8782,383:383,05/17/23 04:57:23,STABLE BEAMS,6800,441862.782280272,422581.153482138,57.1,AVG
367615:8782,384:384,05/17/23 04:57:47,STABLE BEAMS,6800,441537.797385132,427690.234321160,57.1,AVG
367615:8782,385:385,05/17/23 04:58:10,STABLE BEAMS,6800,441099.400887724,423298.250946283,57.0,AVG
367615:8782,386:386,05/17/23 04:58:33,STABLE BEAMS,6800,450533.618171495,436154.120362872,58.2,AVG
367615:8782,387:387,05/17/23 04:58:57,STABLE BEAMS,6800,459802.112133718,435649.096865624,59.4,AVG
367615:8782,388:388,05/17/23 04:59:20,STABLE BEAMS,6800,459641.120900319,443841.001540882,59.4,AVG
367615:8782,389:389,05/17/23 04:59:43,STABLE BEAMS,6800,459865.032588548,438168.068976975,59.4,AVG
367615:8782,390:390,05/17/23 05:00:07,STABLE BEAMS,6800,459666.890966566,438754.212320744,59.4,AVG
367615:8782,391:391,05/17/23 05:00:30,STABLE BEAMS,6800,460177.951824449,440534.276139928,59.5,AVG
367615:8782,392:392,05/17/23 05:00:53,STABLE BEAMS,6800,460368.627003899,444561.148844119,59.5,AVG
367615:8782,393:393,05/17/23 05:01:17,STABLE BEAMS,6800,460570.593924724,444672.700651824,59.5,AVG
367615:8782,394:394,05/17/23 05:01:40,STABLE BEAMS,6800,460569.365446668,444623.953836573,59.5,AVG
367615:8782,395:395,05/17/23 05:02:03,STABLE BEAMS,6800,460406.507019866,444585.521478703,59.5,AVG
367615:8782,396:396,05/17/23 05:02:26,STABLE BEAMS,6800,460391.802580437,405174.187812081,59.5,AVG
367615:8782,397:397,05/17/23 05:02:50,STABLE BEAMS,6800,460311.033062084,382443.038226226,59.5,AVG
367615:8782,398:398,05/17/23 05:03:13,STABLE BEAMS,6800,460159.923267927,444282.006411264,59.5,AVG
367615:8782,399:399,05/17/23 05:03:36,STABLE BEAMS,6800,459920.805958519,443963.086263916,59.4,AVG
367615:8782,400:400,05/17/23 05:04:00,STABLE BEAMS,6800,459227.037545468,443576.775736636,59.4,AVG
367615:8782,401:401,05/17/23 05:04:23,STABLE BEAMS,6800,459020.518029493,443495.546586917,59.3,AVG
367615:8782,402:402,05/17/23 05:04:46,STABLE BEAMS,6800,458270.521686279,436480.188466981,59.2,AVG
367615:8782,403:403,05/17/23 05:05:10,STABLE BEAMS,6800,458056.444815734,442634.069635870,59.2,AVG
367615:8782,404:404,05/17/23 05:05:33,STABLE BEAMS,6800,456673.458253703,441563.217617211,59.0,AVG
367615:8782,405:405,05/17/23 05:05:56,STABLE BEAMS,6800,456450.367104897,441311.263766102,59.0,AVG
367615:8782,406:406,05/17/23 05:06:20,STABLE BEAMS,6800,457175.733278960,441928.799045223,59.1,AVG
367615:8782,407:407,05/17/23 05:06:43,STABLE BEAMS,6800,457153.697599517,441901.518919857,59.1,AVG
367615:8782,408:408,05/17/23 05:07:06,STABLE BEAMS,6800,456496.305657184,436231.031470717,59.0,AVG
367615:8782,409:409,05/17/23 05:07:30,STABLE BEAMS,6800,456664.399684962,441557.949654675,59.0,AVG
367615:8782,410:410,05/17/23 05:07:53,STABLE BEAMS,6800,456794.567075214,441746.676731450,59.0,AVG
367615:8782,411:411,05/17/23 05:08:16,STABLE BEAMS,6800,456751.085479040,441682.378308399,59.0,AVG
367615:8782,412:412,05/17/23 05:08:39,STABLE BEAMS,6800,456874.651256663,441970.890534685,59.1,AVG
367615:8782,413:413,05/17/23 05:09:03,STABLE BEAMS,6800,456532.411722865,441716.646764952,59.0,AVG
367615:8782,414:414,05/17/23 05:09:26,STABLE BEAMS,6800,455930.520414387,441237.447002596,58.9,AVG
367615:8782,415:415,05/17/23 05:09:49,STABLE BEAMS,6800,455758.829533401,440352.677501218,58.9,AVG
367615:8782,416:416,05/17/23 05:10:13,STABLE BEAMS,6800,455260.470719026,440694.100605735,58.8,AVG
367615:8782,417:417,05/17/23 05:10:36,STABLE BEAMS,6800,454350.212769797,439779.956485454,58.7,AVG
367615:8782,418:418,05/17/23 05:10:59,STABLE BEAMS,6800,453952.062332431,439588.623052454,58.7,AVG
367615:8782,419:419,05/17/23 05:11:23,STABLE BEAMS,6800,454095.796596095,439642.451053714,58.7,AVG
367615:8782,420:420,05/17/23 05:11:46,STABLE BEAMS,6800,453759.202932984,438535.144795222,58.7,AVG
367615:8782,421:421,05/17/23 05:12:09,STABLE BEAMS,6800,452734.346862834,438339.640285504,58.5,AVG
367615:8782,422:422,05/17/23 05:12:33,STABLE BEAMS,6800,452566.255166135,438126.557656445,58.5,AVG
367615:8782,423:423,05/17/23 05:12:56,STABLE BEAMS,6800,453564.383097017,438994.428239370,58.6,AVG
367615:8782,424:424,05/17/23 05:13:19,STABLE BEAMS,6800,452987.215200808,438546.722463030,58.6,AVG
367615:8782,425:425,05/17/23 05:13:43,STABLE BEAMS,6800,453045.219412334,438597.164649487,58.6,AVG
367615:8782,426:426,05/17/23 05:14:06,STABLE BEAMS,6800,453088.335029278,438672.816573091,58.6,AVG
367615:8782,427:427,05/17/23 05:14:29,STABLE BEAMS,6800,453069.849581486,438577.747238976,58.6,AVG
367615:8782,428:428,05/17/23 05:14:52,STABLE BEAMS,6800,452861.828851340,438464.079540282,58.5,AVG
367615:8782,429:429,05/17/23 05:15:16,STABLE BEAMS,6800,452431.579471213,438222.348013084,58.5,AVG
367615:8782,430:430,05/17/23 05:15:39,STABLE BEAMS,6800,452301.731438633,437901.123214526,58.5,AVG
367615:8782,431:431,05/17/23 05:16:02,STABLE BEAMS,6800,452183.811531697,437800.358032028,58.4,AVG
367615:8782,432:432,05/17/23 05:16:26,STABLE BEAMS,6800,452130.042888725,437647.518656000,58.4,AVG
367615:8782,433:433,05/17/23 05:16:49,STABLE BEAMS,6800,451897.755637581,437576.253178990,58.4,AVG
367615:8782,434:434,05/17/23 05:17:12,STABLE BEAMS,6800,451101.091114695,436977.415302578,58.3,AVG
367615:8782,435:435,05/17/23 05:17:36,STABLE BEAMS,6800,450672.072543702,436500.714279933,58.3,AVG
367615:8782,436:436,05/17/23 05:17:59,STABLE BEAMS,6800,451551.324825708,437358.942871062,58.4,AVG
367615:8782,437:437,05/17/23 05:18:22,STABLE BEAMS,6800,451197.383280823,437000.430092851,58.3,AVG
367615:8782,438:438,05/17/23 05:18:45,STABLE BEAMS,6800,450727.253819885,436550.510034071,58.3,AVG
367615:8782,439:439,05/17/23 05:19:09,STABLE BEAMS,6800,450415.835798155,436455.041709253,58.2,AVG
367615:8782,440:440,05/17/23 05:19:32,STABLE BEAMS,6800,450171.799914367,436043.010047601,58.2,AVG
367615:8782,441:441,05/17/23 05:19:55,STABLE BEAMS,6800,449764.726110778,435886.987486360,58.1,AVG
367615:8782,442:442,05/17/23 05:20:19,STABLE BEAMS,6800,448524.567023105,434687.883744853,58.0,AVG
367615:8782,443:443,05/17/23 05:20:42,STABLE BEAMS,6800,448835.117883854,434910.614503334,58.0,AVG
367615:8782,444:444,05/17/23 05:21:05,STABLE BEAMS,6800,449242.147396963,435371.286835183,58.1,AVG
367615:8782,445:445,05/17/23 05:21:29,STABLE BEAMS,6800,448797.648137598,434949.383108168,58.0,AVG
367615:8782,446:446,05/17/23 05:21:52,STABLE BEAMS,6800,448620.451250599,434289.627992416,58.0,AVG
367615:8782,447:447,05/17/23 05:22:15,STABLE BEAMS,6800,448691.066593595,435216.092019606,58.0,AVG
367615:8782,448:448,05/17/23 05:22:39,STABLE BEAMS,6800,448601.191884942,434991.516185263,58.0,AVG
367615:8782,449:449,05/17/23 05:23:02,STABLE BEAMS,6800,448173.219967929,434485.821731808,57.9,AVG
367615:8782,450:450,05/17/23 05:23:25,STABLE BEAMS,6800,447804.389828460,434385.444076074,57.9,AVG
367615:8782,451:451,05/17/23 05:23:49,STABLE BEAMS,6800,447750.301827815,434142.009228285,57.9,AVG
367615:8782,452:452,05/17/23 05:24:12,STABLE BEAMS,6800,436133.431030785,417801.654728037,56.4,AVG
367615:8782,453:453,05/17/23 05:24:35,STABLE BEAMS,6800,438277.202164577,419031.604254875,56.7,AVG
367615:8782,454:454,05/17/23 05:24:58,STABLE BEAMS,6800,435750.395302559,423468.313178067,56.3,AVG
367615:8782,455:455,05/17/23 05:25:22,STABLE BEAMS,6800,422403.792436108,406538.107293464,54.6,AVG
367615:8782,456:456,05/17/23 05:25:45,STABLE BEAMS,6800,419758.608775884,403755.178542946,54.3,AVG
367615:8782,457:457,05/17/23 05:26:08,STABLE BEAMS,6800,446115.861892100,426021.673282555,57.7,AVG
367615:8782,458:458,05/17/23 05:26:32,STABLE BEAMS,6800,445826.162523217,427612.774277743,57.6,AVG
367615:8782,459:459,05/17/23 05:26:55,STABLE BEAMS,6800,445578.119516508,432354.423811305,57.6,AVG
367615:8782,460:460,05/17/23 05:27:18,STABLE BEAMS,6800,445360.263968678,427149.311533978,57.6,AVG
367615:8782,461:461,05/17/23 05:27:42,STABLE BEAMS,6800,445119.554533061,426940.449106866,57.5,AVG
367615:8782,462:462,05/17/23 05:28:05,STABLE BEAMS,6800,444968.943589576,426867.110245520,57.5,AVG
367615:8782,463:463,05/17/23 05:28:28,STABLE BEAMS,6800,444462.025057131,426411.767971460,57.4,AVG
367615:8782,464:464,05/17/23 05:28:52,STABLE BEAMS,6800,444428.333988161,431308.567266502,57.4,AVG
367615:8782,465:465,05/17/23 05:29:15,STABLE BEAMS,6800,443898.787682486,424553.700310713,57.4,AVG
367615:8782,466:466,05/17/23 05:29:38,STABLE BEAMS,6800,442966.538344295,423864.700505547,57.3,AVG
367615:8782,467:467,05/17/23 05:30:02,STABLE BEAMS,6800,442507.926739289,429395.646330951,57.2,AVG
367615:8782,468:468,05/17/23 05:30:25,STABLE BEAMS,6800,442533.696805537,429691.780967365,57.2,AVG
367615:8782,469:469,05/17/23 05:30:48,STABLE BEAMS,6800,442174.792395790,328472.709618377,57.2,AVG
367615:8782,470:470,05/17/23 05:31:11,STABLE BEAMS,6800,441951.018241158,402748.578202237,57.1,AVG
367615:8782,471:471,05/17/23 05:31:35,STABLE BEAMS,6800,441907.765090618,429036.365387053,57.1,AVG
367615:8782,472:472,05/17/23 05:31:58,STABLE BEAMS,6800,441794.945582139,428980.049386501,57.1,AVG
367615:8782,473:473,05/17/23 05:32:21,STABLE BEAMS,6800,444576.667468532,431361.559652733,57.5,AVG
367615:8782,474:474,05/17/23 05:32:45,STABLE BEAMS,6800,457106.621481212,433838.361403632,59.1,AVG
367615:8782,475:475,05/17/23 05:33:08,STABLE BEAMS,6800,459163.023815100,443007.714118042,59.4,AVG
367615:8782,476:476,05/17/23 05:33:31,STABLE BEAMS,6800,459410.745133058,443051.588185261,59.4,AVG
367615:8782,477:477,05/17/23 05:33:55,STABLE BEAMS,6800,459766.873229018,443520.493249878,59.4,AVG
367615:8782,478:478,05/17/23 05:34:18,STABLE BEAMS,6800,459885.110162550,438087.942954337,59.4,AVG
367615:8782,479:479,05/17/23 05:34:41,STABLE BEAMS,6800,459766.553871345,443330.301314459,59.4,AVG
367615:8782,480:480,05/17/23 05:35:05,STABLE BEAMS,6800,459955.634593508,443310.578958309,59.5,AVG
367615:8782,481:481,05/17/23 05:35:28,STABLE BEAMS,6800,459586.440805886,443412.170706637,59.4,AVG
367615:8782,482:482,05/17/23 05:35:51,STABLE BEAMS,6800,458930.689942398,437955.450002302,59.3,AVG
367615:8782,483:483,05/17/23 05:36:15,STABLE BEAMS,6800,458289.051424551,442906.383219943,59.2,AVG
367615:8782,484:484,05/17/23 05:36:38,STABLE BEAMS,6800,456265.519620211,441223.954764672,59.0,AVG
367554:8775,1:1,05/16/23 02:39:53,STABLE BEAMS,6800,456647.690518534,429748.969776241,59.0,AVG
367554:8775,2:2,05/16/23 02:40:16,STABLE BEAMS,6800,457165.625725161,431909.976995196,59.1,AVG
367554:8775,3:3,05/16/23 02:40:40,STABLE BEAMS,6800,455897.465729685,420375.835198306,58.9,AVG
367554:8775,4:4,05/16/23 02:41:03,STABLE BEAMS,6800,454368.287947878,430455.025534729,58.7,AVG
367554:8775,5:5,05/16/23 02:41:26,STABLE BEAMS,6800,454720.954393149,330127.987201991,58.8,AVG
367554:8775,6:6,05/16/23 02:41:50,STABLE BEAMS,6800,453342.886405499,422197.743445852,58.6,AVG
367554:8775,7:7,05/16/23 02:42:13,STABLE BEAMS,6800,452782.290142120,437155.983204220,58.5,AVG
367554:8775,8:8,05/16/23 02:42:36,STABLE BEAMS,6800,452446.423775316,437651.058964792,58.5,AVG
367554:8775,9:9,05/16/23 02:43:00,STABLE BEAMS,6800,452027.920696755,430918.782241943,58.4,AVG
367554:8775,10:10,05/16/23 02:43:23,STABLE BEAMS,6800,451262.853934881,410014.521959675,58.3,AVG
367554:8775,11:11,05/16/23 02:43:46,STABLE BEAMS,6800,451144.069198042,231194.012885172,58.3,AVG
367554:8775,12:12,05/16/23 02:44:10,STABLE BEAMS,6800,450621.807510822,344763.191603793,58.2,AVG
367554:8775,13:13,05/16/23 02:44:33,STABLE BEAMS,6800,450191.651373811,428591.858727366,58.2,AVG
367554:8775,14:14,05/16/23 02:44:56,STABLE BEAMS,6800,449543.639688970,435135.614271006,58.1,AVG
367554:8775,15:15,05/16/23 02:45:19,STABLE BEAMS,6800,448604.196644363,425834.238756558,58.0,AVG
367554:8775,16:16,05/16/23 02:45:43,STABLE BEAMS,6800,447629.696519132,336071.030533760,57.9,AVG
367554:8775,17:17,05/16/23 02:46:06,STABLE BEAMS,6800,446416.624556723,244715.886698911,57.7,AVG
367554:8775,18:18,05/16/23 02:46:29,STABLE BEAMS,6800,446262.600915184,432800.984865371,57.7,AVG
367554:8775,19:19,05/16/23 02:46:53,STABLE BEAMS,6800,445739.611931657,425823.473171688,57.6,AVG
367554:8775,20:20,05/16/23 02:47:16,STABLE BEAMS,6800,443556.137878976,430195.466795196,57.3,AVG
367554:8775,21:21,05/16/23 02:47:39,STABLE BEAMS,6800,442805.959711685,429579.796958650,57.2,AVG
367554:8775,22:22,05/16/23 02:48:03,STABLE BEAMS,6800,444080.630407751,431000.400637085,57.4,AVG
367554:8775,23:23,05/16/23 02:48:26,STABLE BEAMS,6800,444712.571641510,425061.289353190,57.5,AVG
367554:8775,24:24,05/16/23 02:48:49,STABLE BEAMS,6800,445599.609723721,418861.215138575,57.6,AVG
367554:8775,25:25,05/16/23 02:49:13,STABLE BEAMS,6800,445207.515426754,431966.583617912,57.5,AVG
367554:8775,26:26,05/16/23 02:49:36,STABLE BEAMS,6800,445202.916210046,431952.800373890,57.5,AVG
367554:8775,27:27,05/16/23 02:49:59,STABLE BEAMS,6800,444891.272073759,325137.150063886,57.5,AVG
367554:8775,28:28,05/16/23 02:50:23,STABLE BEAMS,6800,444483.834622017,431324.496085284,57.5,AVG
367554:8775,29:29,05/16/23 02:50:46,STABLE BEAMS,6800,444078.945038425,430928.074868938,57.4,AVG
367554:8775,30:30,05/16/23 02:51:09,STABLE BEAMS,6800,443341.697360277,430179.937208551,57.3,AVG
367554:8775,31:31,05/16/23 02:51:32,STABLE BEAMS,6800,443579.357745994,425584.280884643,57.3,AVG
367554:8775,32:32,05/16/23 02:51:56,STABLE BEAMS,6800,444489.023601435,431291.166214816,57.5,AVG
367554:8775,33:33,05/16/23 02:52:19,STABLE BEAMS,6800,445187.118495079,431985.046326861,57.5,AVG
367554:8775,34:34,05/16/23 02:52:42,STABLE BEAMS,6800,444718.035688121,430817.684569980,57.5,AVG
367554:8775,35:35,05/16/23 02:53:06,STABLE BEAMS,6800,444397.146496861,431124.937480743,57.4,AVG
367554:8775,36:36,05/16/23 02:53:29,STABLE BEAMS,6800,444499.222067272,431238.650574535,57.5,AVG
367554:8775,37:37,05/16/23 02:53:52,STABLE BEAMS,6800,443824.030014051,331917.425556861,57.4,AVG
367554:8775,38:38,05/16/23 02:54:16,STABLE BEAMS,6800,444193.314713711,341201.290423294,57.4,AVG
367554:8775,39:39,05/16/23 02:54:39,STABLE BEAMS,6800,443023.132253689,429996.912729292,57.3,AVG
367554:8775,40:40,05/16/23 02:55:02,STABLE BEAMS,6800,442199.422564942,429386.374453280,57.2,AVG
367554:8775,41:41,05/16/23 02:55:26,STABLE BEAMS,6800,440315.666853981,427634.712850948,56.9,AVG
367554:8775,42:42,05/16/23 02:55:49,STABLE BEAMS,6800,439257.667518169,426582.456478383,56.8,AVG
367554:8775,43:43,05/16/23 02:56:12,STABLE BEAMS,6800,438394.802713841,425928.057918392,56.7,AVG
367554:8775,44:44,05/16/23 02:56:36,STABLE BEAMS,6800,437364.622461755,424950.317538450,56.5,AVG
367554:8775,45:45,05/16/23 02:56:59,STABLE BEAMS,6800,436133.158294670,423959.163667142,56.4,AVG
367554:8775,46:46,05/16/23 02:57:22,STABLE BEAMS,6800,436324.469858388,424033.053163788,56.4,AVG
367554:8775,47:47,05/16/23 02:57:45,STABLE BEAMS,6800,436752.849714035,424367.890995617,56.5,AVG
367554:8775,48:48,05/16/23 02:58:09,STABLE BEAMS,6800,436945.937559118,424661.601893230,56.5,AVG
367554:8775,49:49,05/16/23 02:58:32,STABLE BEAMS,6800,436925.724782598,424691.048039177,56.5,AVG
367554:8775,50:50,05/16/23 02:58:55,STABLE BEAMS,6800,437941.335797773,425268.613962788,56.6,AVG
367554:8775,51:51,05/16/23 02:59:19,STABLE BEAMS,6800,436520.881820564,424064.631168325,56.4,AVG
367554:8775,52:52,05/16/23 02:59:42,STABLE BEAMS,6800,436727.718363134,424134.937164837,56.5,AVG
367554:8775,53:53,05/16/23 03:00:05,STABLE BEAMS,6800,436446.669624359,424226.964889277,56.4,AVG
367554:8775,54:54,05/16/23 03:00:29,STABLE BEAMS,6800,436964.469628468,424659.504500943,56.5,AVG
367554:8775,55:55,05/16/23 03:00:52,STABLE BEAMS,6800,436685.558488132,424344.015252244,56.4,AVG
367554:8775,56:56,05/16/23 03:01:15,STABLE BEAMS,6800,437078.244878887,424578.633459189,56.5,AVG
367554:8775,57:57,05/16/23 03:01:39,STABLE BEAMS,6800,437066.316753244,424563.352108638,56.5,AVG
367554:8775,58:58,05/16/23 03:02:02,STABLE BEAMS,6800,436984.500580911,424368.560444749,56.5,AVG
367554:8775,59:59,05/16/23 03:02:25,STABLE BEAMS,6800,436646.904554300,424006.246602570,56.4,AVG
367554:8775,60:60,05/16/23 03:02:48,STABLE BEAMS,6800,436366.720645429,423877.842918299,56.4,AVG
367554:8775,61:61,05/16/23 03:03:12,STABLE BEAMS,6800,435864.263796096,423587.897753438,56.3,AVG
367554:8775,62:62,05/16/23 03:03:35,STABLE BEAMS,6800,435520.110447336,423236.813355156,56.3,AVG
367554:8775,63:63,05/16/23 03:03:58,STABLE BEAMS,6800,435712.743732227,117814.409220536,56.3,AVG
367554:8775,64:64,05/16/23 03:04:22,STABLE BEAMS,6800,435579.436380036,413855.436689570,56.3,AVG
367554:8775,65:65,05/16/23 03:04:45,STABLE BEAMS,6800,434989.972047873,422889.019944691,56.2,AVG
367554:8775,66:66,05/16/23 03:05:08,STABLE BEAMS,6800,434637.214690564,422714.846416529,56.2,AVG
367554:8775,67:67,05/16/23 03:05:32,STABLE BEAMS,6800,434415.170195738,422442.261943861,56.2,AVG
367554:8775,68:68,05/16/23 03:05:55,STABLE BEAMS,6800,433920.091207976,421968.499612671,56.1,AVG
367554:8775,69:69,05/16/23 03:06:18,STABLE BEAMS,6800,432764.475653786,420898.211090804,55.9,AVG
367554:8775,70:70,05/16/23 03:06:42,STABLE BEAMS,6800,432615.279674590,420740.142960716,55.9,AVG
367554:8775,71:71,05/16/23 03:07:05,STABLE BEAMS,6800,432819.976287642,421024.169781360,55.9,AVG
367554:8775,72:72,05/16/23 03:07:28,STABLE BEAMS,6800,432439.446468165,420583.568115385,55.9,AVG
367554:8775,73:73,05/16/23 03:07:52,STABLE BEAMS,6800,431904.890676071,416540.239970522,55.8,AVG
367554:8775,74:74,05/16/23 03:08:15,STABLE BEAMS,6800,432265.617988739,416950.265505386,55.9,AVG
367554:8775,75:75,05/16/23 03:08:38,STABLE BEAMS,6800,432824.437970754,417710.840866754,55.9,AVG
367554:8775,76:76,05/16/23 03:09:01,STABLE BEAMS,6800,432381.670702273,417308.792521884,55.9,AVG
367554:8775,77:77,05/16/23 03:09:25,STABLE BEAMS,6800,432183.892728444,417171.844452228,55.9,AVG
367554:8775,78:78,05/16/23 03:09:48,STABLE BEAMS,6800,432011.064281440,416933.360588763,55.8,AVG
367554:8775,79:79,05/16/23 03:10:11,STABLE BEAMS,6800,431365.602795828,410746.839271977,55.8,AVG
367554:8775,80:80,05/16/23 03:10:35,STABLE BEAMS,6800,431407.580846753,404648.820379620,55.8,AVG
367554:8775,81:81,05/16/23 03:10:58,STABLE BEAMS,6800,430962.990675350,204245.828178443,55.7,AVG
367554:8775,82:82,05/16/23 03:11:21,STABLE BEAMS,6800,429741.678352545,232383.105652963,55.5,AVG
367554:8775,83:83,05/16/23 03:11:45,STABLE BEAMS,6800,429441.188424037,407044.334704064,55.5,AVG
367554:8775,84:84,05/16/23 03:12:08,STABLE BEAMS,6800,429491.908017109,408702.960584828,55.5,AVG
367554:8775,85:85,05/16/23 03:12:31,STABLE BEAMS,6800,428972.331731636,410301.955352356,55.4,AVG
367554:8775,86:86,05/16/23 03:12:55,STABLE BEAMS,6800,428210.589086856,408418.776676705,55.3,AVG
367554:8775,87:87,05/16/23 03:13:18,STABLE BEAMS,6800,427848.132114381,323961.959206295,55.3,AVG
367554:8775,88:88,05/16/23 03:13:41,STABLE BEAMS,6800,428377.953487249,409350.362218071,55.4,AVG
367554:8775,89:89,05/16/23 03:14:04,STABLE BEAMS,6800,428382.641284917,402283.934998724,55.4,AVG
367554:8775,90:90,05/16/23 03:14:28,STABLE BEAMS,6800,428250.972680493,413790.794871667,55.4,AVG
367554:8775,91:91,05/16/23 03:14:51,STABLE BEAMS,6800,428613.700058005,413949.495219264,55.4,AVG
367554:8775,92:92,05/16/23 03:15:14,STABLE BEAMS,6800,428506.388886617,408140.915676389,55.4,AVG
367554:8775,93:93,05/16/23 03:15:38,STABLE BEAMS,6800,428282.069259755,414111.391821825,55.4,AVG
367554:8775,94:94,05/16/23 03:16:01,STABLE BEAMS,6800,428185.502026435,408087.250262169,55.3,AVG
367554:8775,95:95,05/16/23 03:16:24,STABLE BEAMS,6800,428269.047858574,413911.707218530,55.4,AVG
367554:8775,96:96,05/16/23 03:16:48,STABLE BEAMS,6800,427875.540928396,407865.332518347,55.3,AVG
367554:8775,97:97,05/16/23 03:17:11,STABLE BEAMS,6800,427733.126054827,413723.437162930,55.3,AVG
367554:8775,98:98,05/16/23 03:17:34,STABLE BEAMS,6800,427493.325739593,413316.710206445,55.3,AVG
367554:8775,99:99,05/16/23 03:17:58,STABLE BEAMS,6800,426883.058868201,412672.742569134,55.2,AVG
367554:8775,100:100,05/16/23 03:18:21,STABLE BEAMS,6800,427101.597421857,412813.033111266,55.2,AVG
367554:8775,101:101,05/16/23 03:18:44,STABLE BEAMS,6800,427224.615396173,412976.667252614,55.2,AVG
367554:8775,102:102,05/16/23 03:19:08,STABLE BEAMS,6800,426822.276011810,412488.716808515,55.2,AVG
367554:8775,103:103,05/16/23 03:19:31,STABLE BEAMS,6800,426616.075853508,412496.956843300,55.1,AVG
367554:8775,104:104,05/16/23 03:19:54,STABLE BEAMS,6800,426616.257677585,412442.719239288,55.1,AVG
367554:8775,105:105,05/16/23 03:20:17,STABLE BEAMS,6800,426515.231092231,412328.762933042,55.1,AVG
367554:8775,106:106,05/16/23 03:20:41,STABLE BEAMS,6800,426313.583529079,412313.784322652,55.1,AVG
367554:8775,107:107,05/16/23 03:21:04,STABLE BEAMS,6800,425939.928058346,412097.375977556,55.1,AVG
367554:8775,108:108,05/16/23 03:21:27,STABLE BEAMS,6800,425682.052565031,411680.505849305,55.0,AVG
367554:8775,109:109,05/16/23 03:21:51,STABLE BEAMS,6800,425344.228092786,410762.206960624,55.0,AVG
367554:8775,110:110,05/16/23 03:22:14,STABLE BEAMS,6800,424646.543468853,411088.633096290,54.9,AVG
367554:8775,111:111,05/16/23 03:22:37,STABLE BEAMS,6800,423981.092990200,410653.403017910,54.8,AVG
367554:8775,112:112,05/16/23 03:23:01,STABLE BEAMS,6800,423687.022850244,409763.952434640,54.8,AVG
367554:8775,113:113,05/16/23 03:23:24,STABLE BEAMS,6800,423240.383661362,410091.430887396,54.7,AVG
367554:8775,114:114,05/16/23 03:23:47,STABLE BEAMS,6800,422354.664969246,409303.303375002,54.6,AVG
367554:8775,115:115,05/16/23 03:24:11,STABLE BEAMS,6800,422318.652146682,409255.709514905,54.6,AVG
367554:8775,116:116,05/16/23 03:24:34,STABLE BEAMS,6800,423079.986852829,409810.742012269,54.7,AVG
367554:8775,117:117,05/16/23 03:24:57,STABLE BEAMS,6800,423007.732762065,409827.827916074,54.7,AVG
367554:8775,118:118,05/16/23 03:25:21,STABLE BEAMS,6800,422854.480707312,409760.243354520,54.7,AVG
367554:8775,119:119,05/16/23 03:25:44,STABLE BEAMS,6800,422547.843726367,409246.081931130,54.6,AVG
367554:8775,120:120,05/16/23 03:26:07,STABLE BEAMS,6800,422133.760371516,409226.233664187,54.6,AVG
367554:8775,121:121,05/16/23 03:26:30,STABLE BEAMS,6800,422485.196007652,409421.116930668,54.6,AVG
367554:8775,122:122,05/16/23 03:26:54,STABLE BEAMS,6800,422720.809706968,409514.788246046,54.6,AVG
367554:8775,123:123,05/16/23 03:27:17,STABLE BEAMS,6800,422153.064027652,408936.849890541,54.6,AVG
367554:8775,124:124,05/16/23 03:27:40,STABLE BEAMS,6800,421461.207098484,408208.693744301,54.5,AVG
367554:8775,125:125,05/16/23 03:28:04,STABLE BEAMS,6800,421506.782002617,408236.426617756,54.5,AVG
367554:8775,126:126,05/16/23 03:28:27,STABLE BEAMS,6800,421417.408475714,408429.026046527,54.5,AVG
367554:8775,127:127,05/16/23 03:28:50,STABLE BEAMS,6800,420715.945174496,407799.178876750,54.4,AVG
367554:8775,128:128,05/16/23 03:29:14,STABLE BEAMS,6800,420531.461337964,407639.504490736,54.4,AVG
367554:8775,129:129,05/16/23 03:29:37,STABLE BEAMS,6800,420878.209176432,407886.976729574,54.4,AVG
367554:8775,130:130,05/16/23 03:30:00,STABLE BEAMS,6800,420417.730378024,407600.140601569,54.3,AVG
367554:8775,131:131,05/16/23 03:30:24,STABLE BEAMS,6800,419930.117832794,407076.813010109,54.3,AVG
367554:8775,132:132,05/16/23 03:30:47,STABLE BEAMS,6800,419732.931952754,407035.643368947,54.3,AVG
367554:8775,133:133,05/16/23 03:31:10,STABLE BEAMS,6800,419946.370107952,407194.100366020,54.3,AVG
367554:8775,134:134,05/16/23 03:31:34,STABLE BEAMS,6800,419346.392614436,406652.230146824,54.2,AVG
367554:8775,135:135,05/16/23 03:31:57,STABLE BEAMS,6800,419051.592847095,406280.798097969,54.2,AVG
367554:8775,136:136,05/16/23 03:32:20,STABLE BEAMS,6800,418822.263733813,405895.510907546,54.1,AVG
367554:8775,137:137,05/16/23 03:32:43,STABLE BEAMS,6800,418960.762396501,405360.084749754,54.2,AVG
367554:8775,138:138,05/16/23 03:33:07,STABLE BEAMS,6800,418415.099018186,405710.990909220,54.1,AVG
367554:8775,139:139,05/16/23 03:33:30,STABLE BEAMS,6800,417913.143350603,405283.722486353,54.0,AVG
367554:8775,140:140,05/16/23 03:33:53,STABLE BEAMS,6800,417897.208102039,405241.521627781,54.0,AVG
367554:8775,141:141,05/16/23 03:34:17,STABLE BEAMS,6800,417870.118645698,405074.991899871,54.0,AVG
367554:8775,142:142,05/16/23 03:34:40,STABLE BEAMS,6800,417033.616001404,396964.759260957,53.9,AVG
367554:8775,143:143,05/16/23 03:35:03,STABLE BEAMS,6800,416620.942948686,404052.033415186,53.9,AVG
367554:8775,144:144,05/16/23 03:35:27,STABLE BEAMS,6800,416872.216829372,404361.453808053,53.9,AVG
367554:8775,145:145,05/16/23 03:35:50,STABLE BEAMS,6800,416952.119186744,404532.278560717,53.9,AVG
367554:8775,146:146,05/16/23 03:36:13,STABLE BEAMS,6800,417067.125246298,404567.469104417,53.9,AVG
367554:8775,147:147,05/16/23 03:36:37,STABLE BEAMS,6800,416760.124617200,404227.242800378,53.9,AVG
367554:8775,148:148,05/16/23 03:37:00,STABLE BEAMS,6800,416691.558291682,404329.951187957,53.9,AVG
367554:8775,149:149,05/16/23 03:37:23,STABLE BEAMS,6800,416613.884444788,307116.590360594,53.9,AVG
367554:8775,150:150,05/16/23 03:37:46,STABLE BEAMS,6800,416353.004192053,198890.041450038,53.8,AVG
367554:8775,151:151,05/16/23 03:38:10,STABLE BEAMS,6800,416247.879571741,403869.135079646,53.8,AVG
367554:8775,152:152,05/16/23 03:38:33,STABLE BEAMS,6800,416058.341958309,321872.434571307,53.8,AVG
367554:8775,153:153,05/16/23 03:38:56,STABLE BEAMS,6800,415351.323698441,402913.371830849,53.7,AVG
367554:8775,154:154,05/16/23 03:39:20,STABLE BEAMS,6800,414987.183687719,402513.940176306,53.6,AVG
367554:8775,155:155,05/16/23 03:39:43,STABLE BEAMS,6800,414999.431171035,402570.177955491,53.6,AVG
367554:8775,156:156,05/16/23 03:40:06,STABLE BEAMS,6800,414871.678777493,396640.527854534,53.6,AVG
367554:8775,157:157,05/16/23 03:40:30,STABLE BEAMS,6800,414304.979752158,401850.738724243,53.6,AVG
367554:8775,158:158,05/16/23 03:40:53,STABLE BEAMS,6800,414270.878413476,394382.448448099,53.5,AVG
367554:8775,159:159,05/16/23 03:41:16,STABLE BEAMS,6800,414619.584357385,402119.825636051,53.6,AVG
367554:8775,160:160,05/16/23 03:41:40,STABLE BEAMS,6800,414314.541833727,396214.434565406,53.6,AVG
367554:8775,161:161,05/16/23 03:42:03,STABLE BEAMS,6800,414187.561026971,395775.759036807,53.5,AVG
367554:8775,162:162,05/16/23 03:42:26,STABLE BEAMS,6800,414203.633809131,397223.222384715,53.5,AVG
367554:8775,163:163,05/16/23 03:42:49,STABLE BEAMS,6800,413979.220939152,401851.773184449,53.5,AVG
367554:8775,164:164,05/16/23 03:43:13,STABLE BEAMS,6800,413692.297884055,393574.918011480,53.5,AVG
367554:8775,165:165,05/16/23 03:43:36,STABLE BEAMS,6800,413566.275150319,401595.367098629,53.5,AVG
367554:8775,166:166,05/16/23 03:43:59,STABLE BEAMS,6800,413280.035101048,401284.714662475,53.4,AVG
367554:8775,167:167,05/16/23 03:44:23,STABLE BEAMS,6800,412961.877933093,389444.237776165,53.4,AVG
367554:8775,168:168,05/16/23 03:44:46,STABLE BEAMS,6800,412732.686353407,400782.854963109,53.3,AVG
367554:8775,169:169,05/16/23 03:45:09,STABLE BEAMS,6800,412543.514719207,395934.959188694,53.3,AVG
367554:8775,170:170,05/16/23 03:45:33,STABLE BEAMS,6800,411934.338792274,400169.590180648,53.2,AVG
367554:8775,171:171,05/16/23 03:45:56,STABLE BEAMS,6800,411783.683558309,399758.094846686,53.2,AVG
367554:8775,172:172,05/16/23 03:46:19,STABLE BEAMS,6800,410692.855652351,398932.395371639,53.1,AVG
367554:8775,173:173,05/16/23 03:46:43,STABLE BEAMS,6800,410596.425952627,398878.422148399,53.1,AVG
367554:8775,174:174,05/16/23 03:47:06,STABLE BEAMS,6800,411118.869463923,393661.280429632,53.1,AVG
367554:8775,175:175,05/16/23 03:47:29,STABLE BEAMS,6800,410773.352434589,399158.793320616,53.1,AVG
367554:8775,176:176,05/16/23 03:47:53,STABLE BEAMS,6800,410421.140549510,398727.205079990,53.0,AVG
367554:8775,177:177,05/16/23 03:48:16,STABLE BEAMS,6800,410304.768478304,394148.507841369,53.0,AVG
367554:8775,178:178,05/16/23 03:48:39,STABLE BEAMS,6800,410348.748925150,398570.523926620,53.0,AVG
367554:8775,179:179,05/16/23 03:49:02,STABLE BEAMS,6800,410051.718316254,398395.331971082,53.0,AVG
367554:8775,180:180,05/16/23 03:49:26,STABLE BEAMS,6800,409560.462296257,397986.922873735,52.9,AVG
367554:8775,181:181,05/16/23 03:49:49,STABLE BEAMS,6800,408572.166851980,397028.514015436,52.8,AVG
367554:8775,182:182,05/16/23 03:50:12,STABLE BEAMS,6800,407544.672001642,396216.052335005,52.7,AVG
367554:8775,183:183,05/16/23 03:50:36,STABLE BEAMS,6800,406779.787063844,395519.034421987,52.6,AVG
367554:8775,184:184,05/16/23 03:50:59,STABLE BEAMS,6800,405792.722428702,388987.403970807,52.5,AVG
367554:8775,185:185,05/16/23 03:51:22,STABLE BEAMS,6800,405520.093543322,394389.063656569,52.4,AVG
367554:8775,186:186,05/16/23 03:51:46,STABLE BEAMS,6800,405418.017972911,394257.398535954,52.4,AVG
367554:8775,187:187,05/16/23 03:52:09,STABLE BEAMS,6800,404354.009118258,393330.857178722,52.3,AVG
367554:8775,188:188,05/16/23 03:52:32,STABLE BEAMS,6800,404323.595544823,393153.189924936,52.3,AVG
367554:8775,189:189,05/16/23 03:52:56,STABLE BEAMS,6800,406315.711412228,394959.106299535,52.5,AVG
367554:8775,190:190,05/16/23 03:53:19,STABLE BEAMS,6800,406045.635057155,394679.243041883,52.5,AVG
367554:8775,191:191,05/16/23 03:53:42,STABLE BEAMS,6800,405559.157746865,389580.694957795,52.4,AVG
367554:8775,192:192,05/16/23 03:54:06,STABLE BEAMS,6800,405482.397682510,394173.100658153,52.4,AVG
367554:8775,193:193,05/16/23 03:54:29,STABLE BEAMS,6800,405457.310622089,394380.352318635,52.4,AVG
367554:8775,194:194,05/16/23 03:54:52,STABLE BEAMS,6800,405201.710260810,394069.565626374,52.4,AVG
367554:8775,195:195,05/16/23 03:55:16,STABLE BEAMS,6800,405169.431825050,225385.412569359,52.4,AVG
367554:8775,196:196,05/16/23 03:55:39,STABLE BEAMS,6800,404807.431743845,348491.702675484,52.3,AVG
367554:8775,197:197,05/16/23 03:56:02,STABLE BEAMS,6800,404470.108453350,393520.418982140,52.3,AVG
367554:8775,198:198,05/16/23 03:56:25,STABLE BEAMS,6800,404468.423084024,393473.484478230,52.3,AVG
367554:8775,199:199,05/16/23 03:56:49,STABLE BEAMS,6800,404351.186182914,393168.598862122,52.3,AVG
367554:8775,200:200,05/16/23 03:57:12,STABLE BEAMS,6800,404077.603886671,393144.323578606,52.2,AVG
367554:8775,201:201,05/16/23 03:57:35,STABLE BEAMS,6800,403895.488425291,392866.415135175,52.2,AVG
367554:8775,202:202,05/16/23 03:57:59,STABLE BEAMS,6800,403379.828350700,392430.955904745,52.1,AVG
367554:8775,203:203,05/16/23 03:58:22,STABLE BEAMS,6800,403516.187083870,392571.179161609,52.2,AVG
367554:8775,204:204,05/16/23 03:58:45,STABLE BEAMS,6800,402754.262615013,391972.831298387,52.1,AVG
367554:8775,205:205,05/16/23 03:59:09,STABLE BEAMS,6800,402564.088617312,391669.327610145,52.0,AVG
367554:8775,206:206,05/16/23 03:59:32,STABLE BEAMS,6800,402440.930778322,391525.532737247,52.0,AVG
367554:8775,207:207,05/16/23 03:59:55,STABLE BEAMS,6800,401978.085935840,391255.460944645,52.0,AVG
367554:8775,208:208,05/16/23 04:00:18,STABLE BEAMS,6800,401186.155832181,390353.391803253,51.9,AVG
367554:8775,209:209,05/16/23 04:00:42,STABLE BEAMS,6800,401299.614056006,390546.857472981,51.9,AVG
367554:8775,210:210,05/16/23 04:01:05,STABLE BEAMS,6800,401383.933806010,390709.356032375,51.9,AVG
367554:8775,211:211,05/16/23 04:01:28,STABLE BEAMS,6800,401132.158743574,390499.598356640,51.8,AVG
367554:8775,212:212,05/16/23 04:01:52,STABLE BEAMS,6800,400456.283684527,389841.897872746,51.8,AVG
367554:8775,213:213,05/16/23 04:02:15,STABLE BEAMS,6800,400403.515073976,389825.870349762,51.8,AVG
367554:8775,214:214,05/16/23 04:02:38,STABLE BEAMS,6800,400387.670737451,389850.140975975,51.8,AVG
367554:8775,215:215,05/16/23 04:03:02,STABLE BEAMS,6800,400186.023174299,389786.060557399,51.7,AVG
367554:8775,216:216,05/16/23 04:03:25,STABLE BEAMS,6800,399494.394690765,388747.958680150,51.6,AVG
367554:8775,217:217,05/16/23 04:03:48,STABLE BEAMS,6800,399756.640955153,389370.106584754,51.7,AVG
367554:8775,218:218,05/16/23 04:04:12,STABLE BEAMS,6800,399801.169205307,389270.132224797,51.7,AVG
367554:8775,219:219,05/16/23 04:04:35,STABLE BEAMS,6800,399350.387690987,388949.779874109,51.6,AVG
367554:8775,220:220,05/16/23 04:04:58,STABLE BEAMS,6800,399130.709240234,388793.433973318,51.6,AVG
367554:8775,221:221,05/16/23 04:05:22,STABLE BEAMS,6800,399523.896812739,389174.894793903,51.6,AVG
367554:8775,222:222,05/16/23 04:05:45,STABLE BEAMS,6800,399379.889812961,388890.973370524,51.6,AVG
367554:8775,223:223,05/16/23 04:06:08,STABLE BEAMS,6800,399455.057751107,389109.515965777,51.6,AVG
367554:8775,224:224,05/16/23 04:06:31,STABLE BEAMS,6800,399235.927103663,388663.627851932,51.6,AVG
367554:8775,225:225,05/16/23 04:06:55,STABLE BEAMS,6800,399277.951776146,388873.300829936,51.6,AVG
367554:8775,226:226,05/16/23 04:07:18,STABLE BEAMS,6800,398725.684454125,385147.527563698,51.5,AVG
367554:8775,227:227,05/16/23 04:07:41,STABLE BEAMS,6800,398284.646845450,384994.260855161,51.5,AVG
367554:8775,228:228,05/16/23 04:08:05,STABLE BEAMS,6800,398176.107196006,384906.559968228,51.5,AVG
367554:8775,229:229,05/16/23 04:08:28,STABLE BEAMS,6800,398140.047751883,384355.108117463,51.5,AVG
367554:8775,230:230,05/16/23 04:08:51,STABLE BEAMS,6800,397919.369268710,384715.188196654,51.4,AVG
367554:8775,231:231,05/16/23 04:09:15,STABLE BEAMS,6800,397140.460566231,384061.352205753,51.3,AVG
367554:8775,232:232,05/16/23 04:09:38,STABLE BEAMS,6800,397611.137830477,375534.943170479,51.4,AVG
367554:8775,233:233,05/16/23 04:10:01,STABLE BEAMS,6800,397652.206761019,379513.109243834,51.4,AVG
367554:8775,236:236,05/16/23 04:11:11,STABLE BEAMS,6800,396871.568398735,383607.956397081,51.3,AVG
367554:8775,238:238,05/16/23 04:11:58,STABLE BEAMS,6800,395996.640266244,378737.286524484,51.2,AVG
367554:8775,239:239,05/16/23 04:12:21,STABLE BEAMS,6800,395734.121265742,378381.116295472,51.2,AVG
367554:8775,240:240,05/16/23 04:12:44,STABLE BEAMS,6800,395430.489044217,377051.946429014,51.1,AVG
367554:8775,241:241,05/16/23 04:13:08,STABLE BEAMS,6800,394933.130262263,381999.567782932,51.0,AVG
367554:8775,242:242,05/16/23 04:13:31,STABLE BEAMS,6800,394146.757448331,375986.561044485,50.9,AVG
367554:8775,243:243,05/16/23 04:13:54,STABLE BEAMS,6800,393915.696344166,375759.615875559,50.9,AVG
367554:8775,244:244,05/16/23 04:14:18,STABLE BEAMS,6800,394307.792972211,381535.719094096,51.0,AVG
367554:8775,245:245,05/16/23 04:14:41,STABLE BEAMS,6800,393950.026128482,381279.846674101,50.9,AVG
367554:8775,246:246,05/16/23 04:15:04,STABLE BEAMS,6800,393499.883329508,380927.294988760,50.9,AVG
367554:8775,247:247,05/16/23 04:15:28,STABLE BEAMS,6800,393633.691863449,376015.684568059,50.9,AVG
367554:8775,249:249,05/16/23 04:16:14,STABLE BEAMS,6800,393752.931160480,375743.528383699,50.9,AVG
367554:8775,250:250,05/16/23 04:16:38,STABLE BEAMS,6800,393457.996190621,380864.431674285,50.9,AVG
367554:8775,251:251,05/16/23 04:17:01,STABLE BEAMS,6800,393666.746548152,381122.555393828,50.9,AVG
367554:8775,252:252,05/16/23 04:17:24,STABLE BEAMS,6800,393646.349616477,381145.108072540,50.9,AVG
367554:8775,253:253,05/16/23 04:17:48,STABLE BEAMS,6800,393656.046900565,381236.324197131,50.9,AVG
367554:8775,254:254,05/16/23 04:18:11,STABLE BEAMS,6800,393144.118881701,380627.533349255,50.8,AVG
367554:8775,255:255,05/16/23 04:18:34,STABLE BEAMS,6800,392819.089696080,380251.913235427,50.8,AVG
367554:8775,257:257,05/16/23 04:19:21,STABLE BEAMS,6800,392804.611371208,380296.130603137,50.8,AVG
367554:8775,258:258,05/16/23 04:19:44,STABLE BEAMS,6800,392474.344253533,380080.534773340,50.7,AVG
367554:8775,259:259,05/16/23 04:20:07,STABLE BEAMS,6800,391974.847873140,379419.048985953,50.7,AVG
367554:8775,260:260,05/16/23 04:20:31,STABLE BEAMS,6800,391829.337328112,379315.481078242,50.6,AVG
367554:8775,261:261,05/16/23 04:20:54,STABLE BEAMS,6800,392124.137095452,379602.148383006,50.7,AVG
367554:8775,262:262,05/16/23 04:21:17,STABLE BEAMS,6800,391706.636380391,379260.566011037,50.6,AVG
367554:8775,263:263,05/16/23 04:21:41,STABLE BEAMS,6800,391757.857155212,373915.118347302,50.6,AVG
367554:8775,264:264,05/16/23 04:22:04,STABLE BEAMS,6800,391357.384964252,378988.206189661,50.6,AVG
367554:8775,265:265,05/16/23 04:22:27,STABLE BEAMS,6800,391016.693266183,378648.706300868,50.5,AVG
367554:8775,266:266,05/16/23 04:22:51,STABLE BEAMS,6800,391298.152274669,378906.411651058,50.6,AVG
367554:8775,267:267,05/16/23 04:23:14,STABLE BEAMS,6800,391235.914825666,378794.869971824,50.6,AVG
367554:8775,268:268,05/16/23 04:23:37,STABLE BEAMS,6800,390563.499086230,378302.724325571,50.5,AVG
367554:8775,269:269,05/16/23 04:24:01,STABLE BEAMS,6800,390476.992785151,371031.318123662,50.5,AVG
367554:8775,270:270,05/16/23 04:24:24,STABLE BEAMS,6800,390677.230046170,378392.091891055,50.5,AVG
367554:8775,271:271,05/16/23 04:24:47,STABLE BEAMS,6800,390456.232205323,378300.559873264,50.5,AVG
367554:8775,272:272,05/16/23 04:25:10,STABLE BEAMS,6800,390506.541528683,378172.430059330,50.5,AVG
367554:8775,273:273,05/16/23 04:25:34,STABLE BEAMS,6800,390411.522131092,378156.459319825,50.5,AVG
367554:8775,274:274,05/16/23 04:25:57,STABLE BEAMS,6800,390152.418159722,378023.796481574,50.4,AVG
367554:8775,275:275,05/16/23 04:26:20,STABLE BEAMS,6800,389975.447387279,377963.918925674,50.4,AVG
367554:8775,276:276,05/16/23 04:26:44,STABLE BEAMS,6800,389611.717646268,377398.363548128,50.4,AVG
367554:8775,277:277,05/16/23 04:27:07,STABLE BEAMS,6800,389269.249666835,377185.444740068,50.3,AVG
367554:8775,278:278,05/16/23 04:27:30,STABLE BEAMS,6800,389096.057571677,377068.174290090,50.3,AVG
367554:8775,279:279,05/16/23 04:27:54,STABLE BEAMS,6800,388339.823263988,376410.416970887,50.2,AVG
367554:8775,280:280,05/16/23 04:28:17,STABLE BEAMS,6800,387684.251893498,375776.805274872,50.1,AVG
367554:8775,281:281,05/16/23 04:28:40,STABLE BEAMS,6800,388168.132383001,376141.651075727,50.2,AVG
367554:8775,282:282,05/16/23 04:29:04,STABLE BEAMS,6800,387844.287384956,375839.504500753,50.1,AVG
367554:8775,283:283,05/16/23 04:29:27,STABLE BEAMS,6800,387134.809837899,375213.332073186,50.0,AVG
367554:8775,284:284,05/16/23 04:29:50,STABLE BEAMS,6800,387635.627939464,375804.408245453,50.1,AVG
367554:8775,285:285,05/16/23 04:30:13,STABLE BEAMS,6800,387441.127461171,375633.132417213,50.1,AVG
367554:8775,286:286,05/16/23 04:30:37,STABLE BEAMS,6800,386952.377349923,375249.711709816,50.0,AVG
367554:8775,287:287,05/16/23 04:31:00,STABLE BEAMS,6800,385828.177732668,374393.269618537,49.9,AVG
367554:8775,288:288,05/16/23 04:31:23,STABLE BEAMS,6800,384263.532600526,372874.838883171,49.7,AVG
367554:8775,289:289,05/16/23 04:31:47,STABLE BEAMS,6800,383244.732670776,372098.195596277,49.5,AVG
367554:8775,290:290,05/16/23 04:32:10,STABLE BEAMS,6800,381910.782663569,370458.243380036,49.4,AVG
367554:8775,291:291,05/16/23 04:32:33,STABLE BEAMS,6800,380238.779738481,369497.848872455,49.1,AVG
367554:8775,292:292,05/16/23 04:32:57,STABLE BEAMS,6800,380141.827877307,369429.257176809,49.1,AVG
367554:8775,293:293,05/16/23 04:33:20,STABLE BEAMS,6800,380238.029131396,369127.585139800,49.1,AVG
367554:8775,294:294,05/16/23 04:33:43,STABLE BEAMS,6800,380039.819908154,369255.467372543,49.1,AVG
367554:8775,295:295,05/16/23 04:34:07,STABLE BEAMS,6800,379671.150613061,368913.752912308,49.1,AVG
367554:8775,296:296,05/16/23 04:34:30,STABLE BEAMS,6800,380212.942070975,369363.775038183,49.1,AVG
367554:8775,297:297,05/16/23 04:34:53,STABLE BEAMS,6800,380251.596004807,369352.377203988,49.2,AVG
367554:8775,298:298,05/16/23 04:35:17,STABLE BEAMS,6800,380631.489440015,369796.470611249,49.2,AVG
367554:8775,299:299,05/16/23 04:35:40,STABLE BEAMS,6800,380491.967434127,369636.534533020,49.2,AVG
367554:8775,300:300,05/16/23 04:36:03,STABLE BEAMS,6800,380961.779868470,370084.672846756,49.2,AVG
367554:8775,301:301,05/16/23 04:36:26,STABLE BEAMS,6800,381090.238578617,370166.364746497,49.3,AVG
367554:8775,302:302,05/16/23 04:36:50,STABLE BEAMS,6800,381150.359408882,370233.001895800,49.3,AVG
367554:8775,303:303,05/16/23 04:37:13,STABLE BEAMS,6800,381025.040660674,370154.786686984,49.3,AVG
367554:8775,304:304,05/16/23 04:37:36,STABLE BEAMS,6800,380979.148729945,370112.880003554,49.2,AVG
367554:8775,305:305,05/16/23 04:38:00,STABLE BEAMS,6800,380913.039360540,369363.958957596,49.2,AVG
367554:8775,306:306,05/16/23 04:38:23,STABLE BEAMS,6800,380604.013024741,369840.938021488,49.2,AVG
367554:8775,307:307,05/16/23 04:38:46,STABLE BEAMS,6800,380100.987392399,369370.778899572,49.1,AVG
367554:8775,308:308,05/16/23 04:39:10,STABLE BEAMS,6800,380003.464417138,369112.866203687,49.1,AVG
367554:8775,309:309,05/16/23 04:39:33,STABLE BEAMS,6800,380011.660487054,364579.204131065,49.1,AVG
367554:8775,310:310,05/16/23 04:39:56,STABLE BEAMS,6800,379715.904977772,364767.580266933,49.1,AVG
367554:8775,311:311,05/16/23 04:40:20,STABLE BEAMS,6800,378953.910576578,162415.833796781,49.0,AVG
367554:8775,312:312,05/16/23 04:40:43,STABLE BEAMS,6800,378812.064486018,363737.356872211,49.0,AVG
367553:8775,1:1,05/15/23 22:27:38,STABLE BEAMS,6800,25375.188643180,25260.988837388,3.3,AVG
367553:8775,2:2,05/15/23 22:28:02,STABLE BEAMS,6800,246809.202139181,243835.926555150,31.9,AVG
367553:8775,3:3,05/15/23 22:28:25,STABLE BEAMS,6800,249816.064191859,246988.829542179,32.3,AVG
367553:8775,4:4,05/15/23 22:28:48,STABLE BEAMS,6800,250357.198285803,247691.072829027,32.4,AVG
367553:8775,5:5,05/15/23 22:29:12,STABLE BEAMS,6800,250172.919584126,247510.072723715,32.3,AVG
367553:8775,6:6,05/15/23 22:29:35,STABLE BEAMS,6800,247963.677796275,245434.266897323,32.1,AVG
367553:8775,7:7,05/15/23 22:29:58,STABLE BEAMS,6800,247172.612522519,244618.475315972,31.9,AVG
367553:8775,8:8,05/15/23 22:30:22,STABLE BEAMS,6800,248966.085586193,246503.435987110,32.2,AVG
367553:8775,9:9,05/15/23 22:30:45,STABLE BEAMS,6800,249186.036773060,246669.586278686,32.2,AVG
367553:8775,10:10,05/15/23 22:31:08,STABLE BEAMS,6800,248191.640897904,245719.994150232,32.1,AVG
367553:8775,11:11,05/15/23 22:31:31,STABLE BEAMS,6800,247355.844570216,244872.935999382,32.0,AVG
367553:8775,12:12,05/15/23 22:31:55,STABLE BEAMS,6800,246549.368540426,241277.638379129,31.9,AVG
367553:8775,13:13,05/15/23 22:32:18,STABLE BEAMS,6800,246622.419859833,241341.438320695,31.9,AVG
367553:8775,14:14,05/15/23 22:32:41,STABLE BEAMS,6800,246251.587324444,241065.443766217,31.8,AVG
367553:8775,15:15,05/15/23 22:33:05,STABLE BEAMS,6800,245716.462749341,240547.319281285,31.8,AVG
367553:8775,16:16,05/15/23 22:33:28,STABLE BEAMS,6800,246181.268028341,241038.691435948,31.8,AVG
367553:8775,17:17,05/15/23 22:33:51,STABLE BEAMS,6800,246078.735566661,240855.982580864,31.8,AVG
367553:8775,18:18,05/15/23 22:34:15,STABLE BEAMS,6800,246038.102547687,235528.681690337,31.8,AVG
367553:8775,19:19,05/15/23 22:34:38,STABLE BEAMS,6800,245793.612103707,238676.723642980,31.8,AVG
367553:8775,20:20,05/15/23 22:35:01,STABLE BEAMS,6800,245627.886451081,238581.517564844,31.7,AVG
367553:8775,21:21,05/15/23 22:35:25,STABLE BEAMS,6800,245193.793123487,183231.311747660,31.7,AVG
367553:8775,22:22,05/15/23 22:35:48,STABLE BEAMS,6800,245228.962095850,234564.185638076,31.7,AVG
367553:8775,23:23,05/15/23 22:36:11,STABLE BEAMS,6800,245030.093177562,238005.625377591,31.7,AVG
367553:8775,24:24,05/15/23 22:36:34,STABLE BEAMS,6800,245044.228833982,238130.871798069,31.7,AVG
367553:8775,25:25,05/15/23 22:36:58,STABLE BEAMS,6800,244972.727681381,238043.526115386,31.7,AVG
367553:8775,26:26,05/15/23 22:37:21,STABLE BEAMS,6800,244817.519852266,237656.041109182,31.6,AVG
367553:8775,27:27,05/15/23 22:37:44,STABLE BEAMS,6800,244565.721479051,237771.300765461,31.6,AVG
367553:8775,28:28,05/15/23 22:38:08,STABLE BEAMS,6800,244208.956998823,237039.783051137,31.6,AVG
367553:8775,29:29,05/15/23 22:38:31,STABLE BEAMS,6800,244050.152316499,237238.733089963,31.5,AVG
367553:8775,30:30,05/15/23 22:38:54,STABLE BEAMS,6800,243618.835302691,234189.937949521,31.5,AVG
367553:8775,31:31,05/15/23 22:39:18,STABLE BEAMS,6800,247484.373212701,240216.849072498,32.0,AVG
367553:8775,32:32,05/15/23 22:39:41,STABLE BEAMS,6800,254530.487431997,243380.625973607,32.9,AVG
367553:8775,33:33,05/15/23 22:40:04,STABLE BEAMS,6800,254698.056967246,246342.708221025,32.9,AVG
367553:8775,34:34,05/15/23 22:40:28,STABLE BEAMS,6800,254465.154311535,242319.269252043,32.9,AVG
367553:8775,35:35,05/15/23 22:40:51,STABLE BEAMS,6800,254010.911146524,243191.536156479,32.8,AVG
367553:8775,36:36,05/15/23 22:41:14,STABLE BEAMS,6800,253583.783079713,237588.207916197,32.8,AVG
367553:8775,37:37,05/15/23 22:41:38,STABLE BEAMS,6800,253273.959515271,197627.351126844,32.7,AVG
367553:8775,38:38,05/15/23 22:42:01,STABLE BEAMS,6800,256328.058530629,244561.730179619,33.1,AVG
367553:8775,39:39,05/15/23 22:42:24,STABLE BEAMS,6800,264756.772353023,254437.626531804,34.2,AVG
367553:8775,40:40,05/15/23 22:42:47,STABLE BEAMS,6800,265077.363166312,250913.697436416,34.3,AVG
367553:8775,41:41,05/15/23 22:43:11,STABLE BEAMS,6800,264787.253527718,254566.844928725,34.2,AVG
367553:8775,42:42,05/15/23 22:43:34,STABLE BEAMS,6800,264362.195458087,199725.537153501,34.2,AVG
367553:8775,43:43,05/15/23 22:43:57,STABLE BEAMS,6800,264023.347642641,257480.516735466,34.1,AVG
367553:8775,44:44,05/15/23 22:44:21,STABLE BEAMS,6800,263891.518193842,257357.554756046,34.1,AVG
367553:8775,45:45,05/15/23 22:44:44,STABLE BEAMS,6800,269581.511523969,262514.406562167,34.8,AVG
367553:8775,46:46,05/15/23 22:45:07,STABLE BEAMS,6800,278510.745069958,267058.148698782,36.0,AVG
367553:8775,47:47,05/15/23 22:45:31,STABLE BEAMS,6800,278689.377900947,270834.602729331,36.0,AVG
367553:8775,48:48,05/15/23 22:45:54,STABLE BEAMS,6800,278848.250184530,267218.693485114,36.0,AVG
367553:8775,49:49,05/15/23 22:46:17,STABLE BEAMS,6800,278807.183585066,271009.470343724,36.0,AVG
367553:8775,50:50,05/15/23 22:46:41,STABLE BEAMS,6800,278947.822177270,271216.135540889,36.1,AVG
367553:8775,51:51,05/15/23 22:47:04,STABLE BEAMS,6800,279004.803045597,271315.947418456,36.1,AVG
367553:8775,52:52,05/15/23 22:47:27,STABLE BEAMS,6800,282963.285693861,271447.444278252,36.6,AVG
367553:8775,53:53,05/15/23 22:47:51,STABLE BEAMS,6800,293639.349765709,283765.774992238,38.0,AVG
367553:8775,54:54,05/15/23 22:48:14,STABLE BEAMS,6800,293804.439034066,280767.447521359,38.0,AVG
367553:8775,55:55,05/15/23 22:48:37,STABLE BEAMS,6800,293856.841665385,282680.912497490,38.0,AVG
367553:8775,56:56,05/15/23 22:49:00,STABLE BEAMS,6800,293851.195794698,284016.982259752,38.0,AVG
367553:8775,57:57,05/15/23 22:49:24,STABLE BEAMS,6800,293779.510486943,279866.132788532,38.0,AVG
367553:8775,58:58,05/15/23 22:49:47,STABLE BEAMS,6800,294008.179905177,284146.901524368,38.0,AVG
367553:8775,59:59,05/15/23 22:50:10,STABLE BEAMS,6800,303755.978450975,296779.011907898,39.3,AVG
367553:8775,60:60,05/15/23 22:50:34,STABLE BEAMS,6800,309327.709205714,298175.404957897,40.0,AVG
367553:8775,61:61,05/15/23 22:50:57,STABLE BEAMS,6800,309220.169588692,301796.968044292,40.0,AVG
367553:8775,62:62,05/15/23 22:51:20,STABLE BEAMS,6800,308761.467071648,297226.591429667,39.9,AVG
367553:8775,63:63,05/15/23 22:51:44,STABLE BEAMS,6800,308967.849054027,301626.839079623,39.9,AVG
367553:8775,64:64,05/15/23 22:52:07,STABLE BEAMS,6800,308654.475257934,301386.040652534,39.9,AVG
367553:8775,65:65,05/15/23 22:52:30,STABLE BEAMS,6800,308611.858491663,301298.044053243,39.9,AVG
367553:8775,66:66,05/15/23 22:52:54,STABLE BEAMS,6800,317677.406480340,303580.464896550,41.1,AVG
367553:8775,67:67,05/15/23 22:53:17,STABLE BEAMS,6800,321076.318539505,241228.668910833,41.5,AVG
367553:8775,68:68,05/15/23 22:53:40,STABLE BEAMS,6800,321007.957348844,246087.717899431,41.5,AVG
367553:8775,69:69,05/15/23 22:54:03,STABLE BEAMS,6800,320629.567458884,311935.129832098,41.4,AVG
367553:8775,70:70,05/15/23 22:54:27,STABLE BEAMS,6800,320501.108748736,311868.722430915,41.4,AVG
367553:8775,71:71,05/15/23 22:54:50,STABLE BEAMS,6800,320037.942217503,311707.985760411,41.4,AVG
367553:8775,72:72,05/15/23 22:55:13,STABLE BEAMS,6800,321838.860744008,313261.427574437,41.6,AVG
367553:8775,73:73,05/15/23 22:55:37,STABLE BEAMS,6800,334355.336464237,319815.758642339,43.2,AVG
367553:8775,74:74,05/15/23 22:56:00,STABLE BEAMS,6800,335370.949810491,325315.711637390,43.3,AVG
367553:8775,75:75,05/15/23 22:56:23,STABLE BEAMS,6800,335312.854686925,321504.942498423,43.3,AVG
367553:8775,76:76,05/15/23 22:56:47,STABLE BEAMS,6800,334553.340552623,324578.621630331,43.2,AVG
367553:8775,77:77,05/15/23 22:57:10,STABLE BEAMS,6800,334316.955266520,319300.413640868,43.2,AVG
367553:8775,78:78,05/15/23 22:57:33,STABLE BEAMS,6800,334031.670959191,319243.038189207,43.2,AVG
367553:8775,79:79,05/15/23 22:57:57,STABLE BEAMS,6800,339340.770821688,324939.365618241,43.9,AVG
367553:8775,80:80,05/15/23 22:58:20,STABLE BEAMS,6800,349178.010495648,332542.656434782,45.1,AVG
367553:8775,81:81,05/15/23 22:58:43,STABLE BEAMS,6800,348847.288817782,336364.535574137,45.1,AVG
367553:8775,82:82,05/15/23 22:59:07,STABLE BEAMS,6800,348189.146268363,336152.716666740,45.0,AVG
367553:8775,83:83,05/15/23 22:59:30,STABLE BEAMS,6800,347672.348627754,331905.371250958,44.9,AVG
367553:8775,84:84,05/15/23 22:59:53,STABLE BEAMS,6800,347061.191284601,272456.904070677,44.9,AVG
367553:8775,85:85,05/15/23 23:00:16,STABLE BEAMS,6800,346797.168738850,329568.115465291,44.8,AVG
367553:8775,86:86,05/15/23 23:00:40,STABLE BEAMS,6800,353648.101805104,334006.063621367,45.7,AVG
367553:8775,87:87,05/15/23 23:01:03,STABLE BEAMS,6800,363637.887217211,347801.320573783,47.0,AVG
367553:8775,88:88,05/15/23 23:01:26,STABLE BEAMS,6800,363367.400592427,337402.503120106,47.0,AVG
367553:8775,89:89,05/15/23 23:01:50,STABLE BEAMS,6800,362961.622868153,348028.686232592,46.9,AVG
367553:8775,90:90,05/15/23 23:02:13,STABLE BEAMS,6800,362556.894128937,276378.330246845,46.9,AVG
367553:8775,91:91,05/15/23 23:02:36,STABLE BEAMS,6800,362574.468125268,352699.730405091,46.9,AVG
367553:8775,92:92,05/15/23 23:03:00,STABLE BEAMS,6800,362698.101504151,347923.109665906,46.9,AVG
367553:8775,93:93,05/15/23 23:03:23,STABLE BEAMS,6800,366209.014863449,355909.650576840,47.3,AVG
367553:8775,94:94,05/15/23 23:03:46,STABLE BEAMS,6800,375185.212636003,353305.584802009,48.5,AVG
367553:8775,95:95,05/15/23 23:04:10,STABLE BEAMS,6800,370264.202278631,359875.076919017,47.9,AVG
367553:8775,96:96,05/15/23 23:04:33,STABLE BEAMS,6800,361832.530318374,352066.085278063,46.8,AVG
367553:8775,97:97,05/15/23 23:04:56,STABLE BEAMS,6800,356892.761777095,347655.694509207,46.1,AVG
367553:8775,98:98,05/15/23 23:05:19,STABLE BEAMS,6800,322660.108814486,315840.499723307,41.7,AVG
367553:8775,99:99,05/15/23 23:05:43,STABLE BEAMS,6800,371982.257978823,356094.734077058,48.1,AVG
367553:8775,100:100,05/15/23 23:06:06,STABLE BEAMS,6800,341707.609793508,258877.072156110,44.2,AVG
367553:8775,101:101,05/15/23 23:06:29,STABLE BEAMS,6800,389498.396956040,376256.283622859,50.3,AVG
367553:8775,102:102,05/15/23 23:06:53,STABLE BEAMS,6800,389182.608163237,375800.845677324,50.3,AVG
367553:8775,103:103,05/15/23 23:07:16,STABLE BEAMS,6800,388975.860201627,370234.634157919,50.3,AVG
367553:8775,104:104,05/15/23 23:07:39,STABLE BEAMS,6800,388631.800095984,375205.686192986,50.2,AVG
367553:8775,105:105,05/15/23 23:08:03,STABLE BEAMS,6800,388302.397808212,369904.275679970,50.2,AVG
367553:8775,106:106,05/15/23 23:08:26,STABLE BEAMS,6800,388318.104611140,375092.793747730,50.2,AVG
367553:8775,107:107,05/15/23 23:08:49,STABLE BEAMS,6800,387928.150243691,371019.808099162,50.1,AVG
367553:8775,108:108,05/15/23 23:09:13,STABLE BEAMS,6800,387720.129513545,375057.380725620,50.1,AVG
367553:8775,109:109,05/15/23 23:09:36,STABLE BEAMS,6800,389713.201122891,371429.552822745,50.4,AVG
367553:8775,110:110,05/15/23 23:09:59,STABLE BEAMS,6800,401075.886522931,380406.225894727,51.8,AVG
367553:8775,111:111,05/15/23 23:10:23,STABLE BEAMS,6800,405094.536623019,292554.254417647,52.4,AVG
367553:8775,112:112,05/15/23 23:10:46,STABLE BEAMS,6800,404607.742286134,388145.322994921,52.3,AVG
367553:8775,113:113,05/15/23 23:11:09,STABLE BEAMS,6800,404657.687961341,387214.650478844,52.3,AVG
367553:8775,114:114,05/15/23 23:11:32,STABLE BEAMS,6800,404395.122339280,392495.841480217,52.3,AVG
367553:8775,115:115,05/15/23 23:11:56,STABLE BEAMS,6800,404068.953256563,386638.846471535,52.2,AVG
367553:8775,116:116,05/15/23 23:12:19,STABLE BEAMS,6800,403543.504985847,384397.969982632,52.2,AVG
367553:8775,117:117,05/15/23 23:12:42,STABLE BEAMS,6800,403306.800342071,391676.695094790,52.1,AVG
367553:8775,118:118,05/15/23 23:13:06,STABLE BEAMS,6800,406123.989578798,394133.376731317,52.5,AVG
367553:8775,119:119,05/15/23 23:13:29,STABLE BEAMS,6800,419150.253388375,400162.408320307,54.2,AVG
367553:8775,120:120,05/15/23 23:13:52,STABLE BEAMS,6800,422356.669696245,407406.878573902,54.6,AVG
367553:8775,121:121,05/15/23 23:14:16,STABLE BEAMS,6800,421984.151791530,407753.685399115,54.5,AVG
367553:8775,122:122,05/15/23 23:14:39,STABLE BEAMS,6800,421772.033026426,302580.531931786,54.5,AVG
367553:8775,123:123,05/15/23 23:15:02,STABLE BEAMS,6800,421378.390893729,406938.781769626,54.5,AVG
367553:8775,124:124,05/15/23 23:15:26,STABLE BEAMS,6800,421086.915243482,400358.488816707,54.4,AVG
367553:8775,125:125,05/15/23 23:15:49,STABLE BEAMS,6800,420817.202536563,406137.626030614,54.4,AVG
367553:8775,126:126,05/15/23 23:16:12,STABLE BEAMS,6800,420760.107445419,407049.459595592,54.4,AVG
367553:8775,127:127,05/15/23 23:16:35,STABLE BEAMS,6800,425097.324983173,410558.702854027,54.9,AVG
367553:8775,128:128,05/15/23 23:16:59,STABLE BEAMS,6800,439896.208033479,417225.842690623,56.9,AVG
367553:8775,129:129,05/15/23 23:17:22,STABLE BEAMS,6800,441741.904235474,423703.779801873,57.1,AVG
367553:8775,130:130,05/15/23 23:17:45,STABLE BEAMS,6800,441631.723507185,423617.751829751,57.1,AVG
367553:8775,131:131,05/15/23 23:18:09,STABLE BEAMS,6800,441260.937593353,428024.119070578,57.0,AVG
367553:8775,132:132,05/15/23 23:18:32,STABLE BEAMS,6800,440655.766458262,427574.590602470,57.0,AVG
367553:8775,133:133,05/15/23 23:18:55,STABLE BEAMS,6800,440468.462017464,427297.958022576,56.9,AVG
367553:8775,134:134,05/15/23 23:19:19,STABLE BEAMS,6800,439918.336956038,426798.691061820,56.9,AVG
367553:8775,135:135,05/15/23 23:19:42,STABLE BEAMS,6800,439405.271371156,426425.849988774,56.8,AVG
367553:8775,136:136,05/15/23 23:20:05,STABLE BEAMS,6800,438777.474793913,425727.830510109,56.7,AVG
367553:8775,137:137,05/15/23 23:20:29,STABLE BEAMS,6800,438341.080692426,425442.787920003,56.7,AVG
367553:8775,138:138,05/15/23 23:20:52,STABLE BEAMS,6800,438821.681355316,425833.309094631,56.7,AVG
367553:8775,139:139,05/15/23 23:21:15,STABLE BEAMS,6800,450989.863732426,436152.430798827,58.3,AVG
367553:8775,140:140,05/15/23 23:21:39,STABLE BEAMS,6800,456470.218564342,440718.979759962,59.0,AVG
367553:8775,141:141,05/15/23 23:22:02,STABLE BEAMS,6800,456428.923519243,432206.374281751,59.0,AVG
367553:8775,142:142,05/15/23 23:22:25,STABLE BEAMS,6800,456283.459595773,440826.012730026,59.0,AVG
367553:8775,143:143,05/15/23 23:22:49,STABLE BEAMS,6800,455801.036029961,359278.870215105,58.9,AVG
367553:8775,144:144,05/15/23 23:23:12,STABLE BEAMS,6800,456750.903654963,440417.925070920,59.0,AVG
367553:8775,145:145,05/15/23 23:23:35,STABLE BEAMS,6800,456806.677024934,440544.104470401,59.0,AVG
367553:8775,146:146,05/15/23 23:23:58,STABLE BEAMS,6800,457169.404402446,441115.141271322,59.1,AVG
367553:8775,147:147,05/15/23 23:24:22,STABLE BEAMS,6800,456928.557433232,440953.561485318,59.1,AVG
367553:8775,148:148,05/15/23 23:24:45,STABLE BEAMS,6800,456829.486622241,440764.480055153,59.0,AVG
367553:8775,149:149,05/15/23 23:25:08,STABLE BEAMS,6800,456867.504171805,440720.907961679,59.1,AVG
367553:8775,150:150,05/15/23 23:25:32,STABLE BEAMS,6800,456560.638745225,440684.368386183,59.0,AVG
367553:8775,151:151,05/15/23 23:25:55,STABLE BEAMS,6800,455967.899248605,440355.468370269,58.9,AVG
367553:8775,152:152,05/15/23 23:26:18,STABLE BEAMS,6800,455151.656002390,439696.864366792,58.8,AVG
367553:8775,153:153,05/15/23 23:26:42,STABLE BEAMS,6800,455023.812696809,395045.451732731,58.8,AVG
367553:8775,154:154,05/15/23 23:27:05,STABLE BEAMS,6800,454761.156162710,392776.154622328,58.8,AVG
367553:8775,155:155,05/15/23 23:27:28,STABLE BEAMS,6800,453686.582862988,433170.560092274,58.6,AVG
367553:8775,156:156,05/15/23 23:27:52,STABLE BEAMS,6800,453207.483414270,424452.808590201,58.6,AVG
367553:8775,157:157,05/15/23 23:28:15,STABLE BEAMS,6800,454153.709895583,433737.163742447,58.7,AVG
367553:8775,158:158,05/15/23 23:28:38,STABLE BEAMS,6800,453803.045846234,425291.871260384,58.7,AVG
367553:8775,159:159,05/15/23 23:29:01,STABLE BEAMS,6800,453878.351317976,433198.337112383,58.7,AVG
367553:8775,160:160,05/15/23 23:29:25,STABLE BEAMS,6800,453657.309186649,429924.615568669,58.6,AVG
367553:8775,161:161,05/15/23 23:29:48,STABLE BEAMS,6800,453321.988292074,438008.983818255,58.6,AVG
367553:8775,162:162,05/15/23 23:30:11,STABLE BEAMS,6800,453107.820509491,432864.939998548,58.6,AVG
367553:8775,163:163,05/15/23 23:30:35,STABLE BEAMS,6800,452421.017357222,432250.901250687,58.5,AVG
367553:8775,164:164,05/15/23 23:30:58,STABLE BEAMS,6800,452444.192933760,429121.530361960,58.5,AVG
367553:8775,165:165,05/15/23 23:31:21,STABLE BEAMS,6800,452623.576371835,429226.603317019,58.5,AVG
367553:8775,166:166,05/15/23 23:31:45,STABLE BEAMS,6800,452237.764329824,345200.262978512,58.5,AVG
367553:8775,167:167,05/15/23 23:32:08,STABLE BEAMS,6800,451628.952051044,436966.247895992,58.4,AVG
367553:8775,168:168,05/15/23 23:32:31,STABLE BEAMS,6800,451518.771322755,436695.941633278,58.4,AVG
367553:8775,169:169,05/15/23 23:32:55,STABLE BEAMS,6800,451237.039578154,429701.916836548,58.3,AVG
367553:8775,170:170,05/15/23 23:33:18,STABLE BEAMS,6800,450447.659673723,436011.551140566,58.2,AVG
367553:8775,171:171,05/15/23 23:33:41,STABLE BEAMS,6800,449699.029342162,430290.663024885,58.1,AVG
367553:8775,172:172,05/15/23 23:34:05,STABLE BEAMS,6800,449915.199520666,251841.972966033,58.2,AVG
367553:8775,173:173,05/15/23 23:34:28,STABLE BEAMS,6800,449841.262391654,435595.566982396,58.1,AVG
367553:8775,174:174,05/15/23 23:34:51,STABLE BEAMS,6800,449041.593109349,434739.642257829,58.0,AVG
367553:8775,175:175,05/15/23 23:35:14,STABLE BEAMS,6800,448799.468709443,434049.321817844,58.0,AVG
367553:8775,176:176,05/15/23 23:35:38,STABLE BEAMS,6800,449571.957623368,435223.933199309,58.1,AVG
367553:8775,177:177,05/15/23 23:36:01,STABLE BEAMS,6800,449253.574340856,434895.045454012,58.1,AVG
367553:8775,178:178,05/15/23 23:36:24,STABLE BEAMS,6800,449048.831106246,434832.983179605,58.0,AVG
367553:8775,179:179,05/15/23 23:36:48,STABLE BEAMS,6800,448640.664027119,429489.754452031,58.0,AVG
367553:8775,180:180,05/15/23 23:37:11,STABLE BEAMS,6800,447810.310766341,427552.792000300,57.9,AVG
367553:8775,181:181,05/15/23 23:37:34,STABLE BEAMS,6800,447790.095658743,433701.025250915,57.9,AVG
367553:8775,182:182,05/15/23 23:37:58,STABLE BEAMS,6800,447938.291605518,433786.304095642,57.9,AVG
367553:8775,183:183,05/15/23 23:38:21,STABLE BEAMS,6800,447313.954347887,433168.855829085,57.8,AVG
367553:8775,184:184,05/15/23 23:38:44,STABLE BEAMS,6800,446814.956818165,432905.188993616,57.8,AVG
367553:8775,185:185,05/15/23 23:39:08,STABLE BEAMS,6800,446947.264137935,428093.342785601,57.8,AVG
367553:8775,186:186,05/15/23 23:39:31,STABLE BEAMS,6800,447148.275316819,433321.788193853,57.8,AVG
367553:8775,187:187,05/15/23 23:39:54,STABLE BEAMS,6800,446607.346357731,432671.389865421,57.7,AVG
367553:8775,188:188,05/15/23 23:40:17,STABLE BEAMS,6800,446568.100330111,432574.478018958,57.7,AVG
367553:8775,189:189,05/15/23 23:40:41,STABLE BEAMS,6800,446099.243637710,432275.345628011,57.7,AVG
367553:8775,190:190,05/15/23 23:41:04,STABLE BEAMS,6800,445987.016223020,432297.090557166,57.6,AVG
367553:8775,191:191,05/15/23 23:41:27,STABLE BEAMS,6800,445169.544498748,425519.512088349,57.5,AVG
367553:8775,192:192,05/15/23 23:41:51,STABLE BEAMS,6800,445201.778644028,431635.856587492,57.5,AVG
367553:8775,193:193,05/15/23 23:42:14,STABLE BEAMS,6800,445259.645321958,431464.104730376,57.6,AVG
367553:8775,194:194,05/15/23 23:42:37,STABLE BEAMS,6800,444953.283408206,431287.892629154,57.5,AVG
367553:8775,195:195,05/15/23 23:43:01,STABLE BEAMS,6800,444022.626196224,430510.491558663,57.4,AVG
367553:8775,196:196,05/15/23 23:43:24,STABLE BEAMS,6800,444161.080568431,430649.278677762,57.4,AVG
367553:8775,197:197,05/15/23 23:43:47,STABLE BEAMS,6800,444531.183476437,431016.541013105,57.5,AVG
367553:8775,198:198,05/15/23 23:44:11,STABLE BEAMS,6800,444041.065022458,342075.038280248,57.4,AVG
367553:8775,199:199,05/15/23 23:44:34,STABLE BEAMS,6800,443916.135564260,334960.470087348,57.4,AVG
367553:8775,200:200,05/15/23 23:44:57,STABLE BEAMS,6800,443754.326122516,430506.493744919,57.4,AVG
367553:8775,201:201,05/15/23 23:45:21,STABLE BEAMS,6800,443290.523207014,430019.390908978,57.3,AVG
367553:8775,202:202,05/15/23 23:45:44,STABLE BEAMS,6800,443216.674658963,429930.094583449,57.3,AVG
367553:8775,203:203,05/15/23 23:46:07,STABLE BEAMS,6800,442830.545590356,429538.851036899,57.2,AVG
367553:8775,204:204,05/15/23 23:46:30,STABLE BEAMS,6800,442674.106952107,429479.152692442,57.2,AVG
367553:8775,205:205,05/15/23 23:46:54,STABLE BEAMS,6800,442221.185508269,429113.028705049,57.2,AVG
367553:8775,206:206,05/15/23 23:47:17,STABLE BEAMS,6800,441854.905568029,427402.079752614,57.1,AVG
367553:8775,207:207,05/15/23 23:47:40,STABLE BEAMS,6800,441361.509618515,424451.605753735,57.0,AVG
367553:8775,208:208,05/15/23 23:48:04,STABLE BEAMS,6800,449547.327454217,435033.631208559,58.1,AVG
367553:8775,209:209,05/15/23 23:48:27,STABLE BEAMS,6800,461418.842870584,443531.278690822,59.6,AVG
367553:8775,210:210,05/15/23 23:48:50,STABLE BEAMS,6800,461699.891609359,443667.598162078,59.7,AVG
367553:8775,211:211,05/15/23 23:49:14,STABLE BEAMS,6800,461473.795701133,443799.741209326,59.6,AVG
367553:8775,212:212,05/15/23 23:49:37,STABLE BEAMS,6800,460305.706549069,442849.351142672,59.5,AVG
367553:8775,213:213,05/15/23 23:50:00,STABLE BEAMS,6800,458444.441077743,441909.652987170,59.3,AVG
367553:8775,214:214,05/15/23 23:50:24,STABLE BEAMS,6800,457976.404924765,441597.675681575,59.2,AVG
367553:8775,215:215,05/15/23 23:50:47,STABLE BEAMS,6800,457737.287615357,441425.513236486,59.2,AVG
367553:8775,216:216,05/15/23 23:51:10,STABLE BEAMS,6800,457056.447360371,440946.562626167,59.1,AVG
367553:8775,217:217,05/15/23 23:51:33,STABLE BEAMS,6800,455712.890981114,439982.396587830,58.9,AVG
367553:8775,218:218,05/15/23 23:51:57,STABLE BEAMS,6800,456066.650701923,440056.895888982,58.9,AVG
367553:8775,219:219,05/15/23 23:52:20,STABLE BEAMS,6800,457385.803026585,441139.359455760,59.1,AVG
367553:8775,220:220,05/15/23 23:52:43,STABLE BEAMS,6800,457245.029231861,441002.560559253,59.1,AVG
367553:8775,221:221,05/15/23 23:53:07,STABLE BEAMS,6800,457158.250194667,440864.453472087,59.1,AVG
367553:8775,222:222,05/15/23 23:53:30,STABLE BEAMS,6800,457029.723883260,440732.451462988,59.1,AVG
367553:8775,223:223,05/15/23 23:53:53,STABLE BEAMS,6800,456783.002597724,440859.880624438,59.0,AVG
367553:8775,224:224,05/15/23 23:54:17,STABLE BEAMS,6800,456691.580053342,440591.718019849,59.0,AVG
367553:8775,225:225,05/15/23 23:54:40,STABLE BEAMS,6800,456185.845708473,440304.006373288,59.0,AVG
367553:8775,226:226,05/15/23 23:55:03,STABLE BEAMS,6800,455390.775642875,439598.613418881,58.9,AVG
367553:8775,227:227,05/15/23 23:55:27,STABLE BEAMS,6800,454970.407701990,439494.735102023,58.8,AVG
367553:8775,228:228,05/15/23 23:55:50,STABLE BEAMS,6800,455942.266715954,440188.714065949,58.9,AVG
367553:8775,229:229,05/15/23 23:56:13,STABLE BEAMS,6800,455298.623471108,439786.760499631,58.9,AVG
367553:8775,230:230,05/15/23 23:56:37,STABLE BEAMS,6800,455006.965996785,439523.695205349,58.8,AVG
367553:8775,231:231,05/15/23 23:57:00,STABLE BEAMS,6800,454669.507503771,439202.311811555,58.8,AVG
367553:8775,232:232,05/15/23 23:57:23,STABLE BEAMS,6800,454542.661899534,439305.598513899,58.8,AVG
367553:8775,233:233,05/15/23 23:57:46,STABLE BEAMS,6800,454622.202939831,439302.657270787,58.8,AVG
367553:8775,234:234,05/15/23 23:58:10,STABLE BEAMS,6800,454451.558712824,439171.028331419,58.7,AVG
367553:8775,235:235,05/15/23 23:58:33,STABLE BEAMS,6800,454323.442671129,438933.962241235,58.7,AVG
367553:8775,236:236,05/15/23 23:58:56,STABLE BEAMS,6800,454259.291407165,438902.994463586,58.7,AVG
367553:8775,237:237,05/15/23 23:59:20,STABLE BEAMS,6800,453885.454112355,438809.720921800,58.7,AVG
367553:8775,238:238,05/15/23 23:59:43,STABLE BEAMS,6800,453697.646158729,438823.140836270,58.6,AVG
367553:8775,239:239,05/16/23 00:00:06,STABLE BEAMS,6800,453160.451586445,438012.155749226,58.6,AVG
367553:8775,240:240,05/16/23 00:00:30,STABLE BEAMS,6800,453079.455953535,438124.573048916,58.6,AVG
367553:8775,241:241,05/16/23 00:00:53,STABLE BEAMS,6800,452237.309769632,431225.365817755,58.5,AVG
367553:8775,242:242,05/16/23 00:01:16,STABLE BEAMS,6800,451574.181044573,422050.839960821,58.4,AVG
367553:8775,243:243,05/16/23 00:01:40,STABLE BEAMS,6800,449770.008333312,430934.285309528,58.1,AVG
367553:8775,244:244,05/16/23 00:02:03,STABLE BEAMS,6800,449706.176427021,419294.698614933,58.1,AVG
367553:8775,245:245,05/16/23 00:02:26,STABLE BEAMS,6800,450628.409123451,428181.082192156,58.2,AVG
367553:8775,246:246,05/16/23 00:02:50,STABLE BEAMS,6800,450110.518207305,436216.781163664,58.2,AVG
367553:8775,247:247,05/16/23 00:03:13,STABLE BEAMS,6800,449806.841695299,429755.475913126,58.1,AVG
367553:8775,248:248,05/16/23 00:03:36,STABLE BEAMS,6800,450019.552554192,430703.532732270,58.2,AVG
367553:8775,249:249,05/16/23 00:04:00,STABLE BEAMS,6800,450747.604130002,436870.732971482,58.3,AVG
367553:8775,250:250,05/16/23 00:04:23,STABLE BEAMS,6800,450635.784653945,428092.942181658,58.2,AVG
367553:8775,251:251,05/16/23 00:04:46,STABLE BEAMS,6800,450754.844457977,436816.312961678,58.3,AVG
367553:8775,252:252,05/16/23 00:05:09,STABLE BEAMS,6800,450590.212080889,428127.644583237,58.2,AVG
367553:8775,253:253,05/16/23 00:05:33,STABLE BEAMS,6800,450587.981239333,436439.722249127,58.2,AVG
367553:8775,254:254,05/16/23 00:05:56,STABLE BEAMS,6800,449752.979809211,429488.679862080,58.1,AVG
367553:8775,255:255,05/16/23 00:06:19,STABLE BEAMS,6800,449770.600427100,435022.179415054,58.1,AVG
367553:8775,256:256,05/16/23 00:06:43,STABLE BEAMS,6800,449775.334846326,331369.528021782,58.1,AVG
367553:8775,257:257,05/16/23 00:07:06,STABLE BEAMS,6800,449528.797715945,422556.132675351,58.1,AVG
367553:8775,258:258,05/16/23 00:07:29,STABLE BEAMS,6800,448548.378983911,434026.462929504,58.0,AVG
367553:8775,259:259,05/16/23 00:07:53,STABLE BEAMS,6800,447963.194510784,434268.537270093,57.9,AVG
367553:8775,260:260,05/16/23 00:08:16,STABLE BEAMS,6800,448105.973032506,434363.511748808,57.9,AVG
367553:8775,261:261,05/16/23 00:08:39,STABLE BEAMS,6800,447420.037041218,433246.987429221,57.8,AVG
367553:8775,262:262,05/16/23 00:09:02,STABLE BEAMS,6800,446807.355173115,433242.066542962,57.8,AVG
367553:8775,263:263,05/16/23 00:09:26,STABLE BEAMS,6800,446448.495053849,432912.379639302,57.7,AVG
367553:8775,264:264,05/16/23 00:09:49,STABLE BEAMS,6800,446851.517444038,427361.782908964,57.8,AVG
367553:8775,265:265,05/16/23 00:10:12,STABLE BEAMS,6800,446512.828141890,432827.578778937,57.7,AVG
367553:8775,266:266,05/16/23 00:10:36,STABLE BEAMS,6800,446315.642261849,432637.069135667,57.7,AVG
367553:8775,267:267,05/16/23 00:10:59,STABLE BEAMS,6800,446199.179278604,432739.608521534,57.7,AVG
367553:8775,268:268,05/16/23 00:11:22,STABLE BEAMS,6800,445870.506618216,432516.940562562,57.6,AVG
367553:8775,269:269,05/16/23 00:11:46,STABLE BEAMS,6800,445408.981165829,427078.758922533,57.6,AVG
367553:8775,270:270,05/16/23 00:12:09,STABLE BEAMS,6800,445335.496265931,431986.512972841,57.6,AVG
367553:8775,271:271,05/16/23 00:12:32,STABLE BEAMS,6800,444807.271681428,431494.679194560,57.5,AVG
367553:8775,272:272,05/16/23 00:12:56,STABLE BEAMS,6800,444111.134893225,430978.029811148,57.4,AVG
367553:8775,273:273,05/16/23 00:13:19,STABLE BEAMS,6800,443811.418882581,430700.477929771,57.4,AVG
367553:8775,274:274,05/16/23 00:13:42,STABLE BEAMS,6800,443475.324070142,430379.396194501,57.3,AVG
367553:8775,275:275,05/16/23 00:14:06,STABLE BEAMS,6800,443248.682689685,430154.602035636,57.3,AVG
367553:8775,276:276,05/16/23 00:14:29,STABLE BEAMS,6800,442760.704165224,429784.307008811,57.2,AVG
367553:8775,277:277,05/16/23 00:14:52,STABLE BEAMS,6800,442358.502314458,429368.453175819,57.2,AVG
367553:8775,278:278,05/16/23 00:15:15,STABLE BEAMS,6800,442239.125483831,429328.798759389,57.2,AVG
367553:8775,279:279,05/16/23 00:15:39,STABLE BEAMS,6800,442566.842402277,429590.285624735,57.2,AVG
367553:8775,280:280,05/16/23 00:16:02,STABLE BEAMS,6800,454546.759934492,439721.157539439,58.8,AVG
367553:8775,281:281,05/16/23 00:16:25,STABLE BEAMS,6800,462431.859396051,446159.002311214,59.8,AVG
367553:8775,282:282,05/16/23 00:16:49,STABLE BEAMS,6800,462333.243145251,446065.365118986,59.8,AVG
367553:8775,283:283,05/16/23 00:17:12,STABLE BEAMS,6800,461726.708329586,445581.368769326,59.7,AVG
367553:8775,284:284,05/16/23 00:17:35,STABLE BEAMS,6800,461263.770243988,445358.279418283,59.6,AVG
367553:8775,285:285,05/16/23 00:17:59,STABLE BEAMS,6800,459491.787387526,443924.471354937,59.4,AVG
367553:8775,286:286,05/16/23 00:18:22,STABLE BEAMS,6800,459646.083765180,444157.231378434,59.4,AVG
367553:8775,287:287,05/16/23 00:18:45,STABLE BEAMS,6800,459910.742695200,444323.880349828,59.4,AVG
367553:8775,288:288,05/16/23 00:19:09,STABLE BEAMS,6800,459007.086358600,443581.516257386,59.3,AVG
367553:8775,289:289,05/16/23 00:19:32,STABLE BEAMS,6800,458361.941899583,443176.457975730,59.2,AVG
367553:8775,290:290,05/16/23 00:19:55,STABLE BEAMS,6800,459188.518814155,443697.465858087,59.4,AVG
367553:8775,291:291,05/16/23 00:20:19,STABLE BEAMS,6800,459601.466934066,444039.959710748,59.4,AVG
367553:8775,292:292,05/16/23 00:20:42,STABLE BEAMS,6800,460230.720435000,444550.712900405,59.5,AVG
367553:8775,293:293,05/16/23 00:21:05,STABLE BEAMS,6800,460048.877709734,444513.185366291,59.5,AVG
367553:8775,294:294,05/16/23 00:21:28,STABLE BEAMS,6800,460557.891881216,444650.153073788,59.5,AVG
367553:8775,295:295,05/16/23 00:21:52,STABLE BEAMS,6800,460139.116066541,444341.263509985,59.5,AVG
367553:8775,296:296,05/16/23 00:22:15,STABLE BEAMS,6800,460562.579678885,444661.512689665,59.5,AVG
367553:8775,297:297,05/16/23 00:22:38,STABLE BEAMS,6800,460191.521028938,444383.167227034,59.5,AVG
367553:8775,298:298,05/16/23 00:23:02,STABLE BEAMS,6800,460238.324411128,444285.747265848,59.5,AVG
367553:8775,299:299,05/16/23 00:23:25,STABLE BEAMS,6800,460002.848245409,443988.417003262,59.5,AVG
367553:8775,300:300,05/16/23 00:23:48,STABLE BEAMS,6800,460127.689122647,444332.760645364,59.5,AVG
367553:8775,301:301,05/16/23 00:24:12,STABLE BEAMS,6800,459582.025744333,443803.713957437,59.4,AVG
367553:8775,302:302,05/16/23 00:24:35,STABLE BEAMS,6800,459409.880303155,443721.780488500,59.4,AVG
367553:8775,303:303,05/16/23 00:24:58,STABLE BEAMS,6800,459222.256504683,443672.978133056,59.4,AVG
367553:8775,304:304,05/16/23 00:25:22,STABLE BEAMS,6800,459043.600362915,443323.180601188,59.3,AVG
367553:8775,305:305,05/16/23 00:25:45,STABLE BEAMS,6800,459085.988683552,443350.423489725,59.3,AVG
367553:8775,306:306,05/16/23 00:26:08,STABLE BEAMS,6800,458619.726480860,442959.031109430,59.3,AVG
367553:8775,307:307,05/16/23 00:26:31,STABLE BEAMS,6800,457849.561651606,441801.459908862,59.2,AVG
367553:8775,308:308,05/16/23 00:26:55,STABLE BEAMS,6800,457641.676123978,442461.853572454,59.2,AVG
367553:8775,309:309,05/16/23 00:27:18,STABLE BEAMS,6800,456891.178599015,435417.661596218,59.1,AVG
367553:8775,310:310,05/16/23 00:27:41,STABLE BEAMS,6800,456693.810894897,426617.581471608,59.0,AVG
367553:8775,311:311,05/16/23 00:28:05,STABLE BEAMS,6800,455133.946803540,435314.596433775,58.8,AVG
367553:8775,312:312,05/16/23 00:28:28,STABLE BEAMS,6800,454954.927013619,423904.897051656,58.8,AVG
367553:8775,313:313,05/16/23 00:28:51,STABLE BEAMS,6800,454722.730674513,439884.285962523,58.8,AVG
367553:8775,314:314,05/16/23 00:29:15,STABLE BEAMS,6800,453661.679957722,425717.225909742,58.6,AVG
367553:8775,315:315,05/16/23 00:29:38,STABLE BEAMS,6800,452559.972911179,433175.063427635,58.5,AVG
367553:8775,316:316,05/16/23 00:30:01,STABLE BEAMS,6800,453473.007174193,438948.772966322,58.6,AVG
367553:8775,317:317,05/16/23 00:30:25,STABLE BEAMS,6800,454335.962890560,439063.569265563,58.7,AVG
367553:8775,318:318,05/16/23 00:30:48,STABLE BEAMS,6800,454587.600419399,435102.888037296,58.8,AVG
367553:8775,319:319,05/16/23 00:31:11,STABLE BEAMS,6800,454370.155141280,434425.594674605,58.7,AVG
367553:8775,320:320,05/16/23 00:31:35,STABLE BEAMS,6800,453966.722481380,431594.845448996,58.7,AVG
367553:8775,321:321,05/16/23 00:31:58,STABLE BEAMS,6800,453878.260405938,339703.471064269,58.7,AVG
367553:8775,322:322,05/16/23 00:32:21,STABLE BEAMS,6800,454377.803407889,438480.731473564,58.7,AVG
367553:8775,323:323,05/16/23 00:32:44,STABLE BEAMS,6800,454109.181645429,431716.803007009,58.7,AVG
367553:8775,324:324,05/16/23 00:33:08,STABLE BEAMS,6800,452939.045806965,438164.591878424,58.5,AVG
367553:8775,325:325,05/16/23 00:33:31,STABLE BEAMS,6800,453677.433382209,438959.558051840,58.6,AVG
367553:8775,326:326,05/16/23 00:33:54,STABLE BEAMS,6800,452882.498519129,330404.207910611,58.5,AVG
367553:8775,327:327,05/16/23 00:34:18,STABLE BEAMS,6800,452630.541632617,438268.464964760,58.5,AVG
367553:8775,328:328,05/16/23 00:34:41,STABLE BEAMS,6800,453191.093605515,438724.215441283,58.6,AVG
367553:8775,329:329,05/16/23 00:35:04,STABLE BEAMS,6800,452889.191043796,438373.210695588,58.5,AVG
367553:8775,330:330,05/16/23 00:35:28,STABLE BEAMS,6800,452560.427471370,433146.541166752,58.5,AVG
367553:8775,331:331,05/16/23 00:35:51,STABLE BEAMS,6800,452542.580738925,438354.909827632,58.5,AVG
367553:8775,332:332,05/16/23 00:36:14,STABLE BEAMS,6800,452229.386435831,438135.524516449,58.5,AVG
367553:8775,333:333,05/16/23 00:36:38,STABLE BEAMS,6800,452202.525425124,438150.881599708,58.5,AVG
367553:8775,334:334,05/16/23 00:37:01,STABLE BEAMS,6800,450824.958619223,436820.305384804,58.3,AVG
367553:8775,335:335,05/16/23 00:37:24,STABLE BEAMS,6800,450749.016763213,431809.149020726,58.3,AVG
367553:8775,336:336,05/16/23 00:37:47,STABLE BEAMS,6800,450913.602518742,436622.760603926,58.3,AVG
367553:8775,337:337,05/16/23 00:38:11,STABLE BEAMS,6800,450482.854287943,436647.269481128,58.2,AVG
367553:8775,338:338,05/16/23 00:38:34,STABLE BEAMS,6800,450473.611564047,436568.905887442,58.2,AVG
367553:8775,339:339,05/16/23 00:38:57,STABLE BEAMS,6800,450400.721089015,436031.137789553,58.2,AVG
367553:8775,340:340,05/16/23 00:39:21,STABLE BEAMS,6800,450310.708846765,436356.982877587,58.2,AVG
367553:8775,341:341,05/16/23 00:39:44,STABLE BEAMS,6800,450008.761994566,436317.894593522,58.2,AVG
367553:8775,342:342,05/16/23 00:40:07,STABLE BEAMS,6800,449490.642632785,435749.484941713,58.1,AVG
367553:8775,343:343,05/16/23 00:40:31,STABLE BEAMS,6800,449502.573089506,435587.863495074,58.1,AVG
367553:8775,344:344,05/16/23 00:40:54,STABLE BEAMS,6800,449311.033080153,435711.946004962,58.1,AVG
367553:8775,345:345,05/16/23 00:41:17,STABLE BEAMS,6800,448770.285945142,435098.703419180,58.0,AVG
367553:8775,346:346,05/16/23 00:41:41,STABLE BEAMS,6800,448439.018795045,434710.479184341,58.0,AVG
367553:8775,347:347,05/16/23 00:42:04,STABLE BEAMS,6800,448434.829848048,434868.061745227,58.0,AVG
367553:8775,348:348,05/16/23 00:42:27,STABLE BEAMS,6800,447816.865757411,434235.075504443,57.9,AVG
367553:8775,349:349,05/16/23 00:42:51,STABLE BEAMS,6800,446776.804066083,433366.610556427,57.7,AVG
367553:8775,350:350,05/16/23 00:43:14,STABLE BEAMS,6800,446844.552183256,433381.585763072,57.8,AVG
367553:8775,351:351,05/16/23 00:43:37,STABLE BEAMS,6800,447356.340337445,433955.383820736,57.8,AVG
367553:8775,352:352,05/16/23 00:44:01,STABLE BEAMS,6800,447078.433891687,433695.609600754,57.8,AVG
367553:8775,353:353,05/16/23 00:44:24,STABLE BEAMS,6800,446327.752211569,433211.268747685,57.7,AVG
367553:8775,354:354,05/16/23 00:44:47,STABLE BEAMS,6800,446447.902960061,433229.644706635,57.7,AVG
367553:8775,355:355,05/16/23 00:45:10,STABLE BEAMS,6800,446605.751900443,433359.899683706,57.7,AVG
367553:8775,356:356,05/16/23 00:45:34,STABLE BEAMS,6800,446565.048949132,433322.979993838,57.7,AVG
367553:8775,357:357,05/16/23 00:45:57,STABLE BEAMS,6800,446009.278017019,432739.521400014,57.6,AVG
367553:8775,358:358,05/16/23 00:46:20,STABLE BEAMS,6800,446005.862987887,432096.689490091,57.6,AVG
367553:8775,359:359,05/16/23 00:46:44,STABLE BEAMS,6800,445267.205007606,431968.666092188,57.6,AVG
367553:8775,360:360,05/16/23 00:47:07,STABLE BEAMS,6800,445198.454526934,431811.498161150,57.5,AVG
367553:8775,361:361,05/16/23 00:47:30,STABLE BEAMS,6800,444999.403784569,431772.868955636,57.5,AVG
367553:8775,362:362,05/16/23 00:47:54,STABLE BEAMS,6800,444358.539184587,431283.299567070,57.4,AVG
367553:8775,363:363,05/16/23 00:48:17,STABLE BEAMS,6800,444051.582845968,431089.727844338,57.4,AVG
367553:8775,364:364,05/16/23 00:48:40,STABLE BEAMS,6800,442802.679885072,429928.020204254,57.2,AVG
367553:8775,365:365,05/16/23 00:49:04,STABLE BEAMS,6800,442385.817885357,429637.186164245,57.2,AVG
367553:8775,366:366,05/16/23 00:49:27,STABLE BEAMS,6800,442851.851642414,430104.428893505,57.2,AVG
367553:8775,367:367,05/16/23 00:49:50,STABLE BEAMS,6800,442309.966941384,429584.350081018,57.2,AVG
367553:8775,368:368,05/16/23 00:50:13,STABLE BEAMS,6800,442168.463519276,429443.740404673,57.2,AVG
367553:8775,369:369,05/16/23 00:50:37,STABLE BEAMS,6800,441662.046168582,429047.352398645,57.1,AVG
367553:8775,370:370,05/16/23 00:51:00,STABLE BEAMS,6800,441399.207810406,422746.426077954,57.1,AVG
367553:8775,371:371,05/16/23 00:51:23,STABLE BEAMS,6800,441231.708207494,428570.316809492,57.0,AVG
367553:8775,372:372,05/16/23 00:51:47,STABLE BEAMS,6800,449449.804478956,435575.587089800,58.1,AVG
367553:8775,373:373,05/16/23 00:52:10,STABLE BEAMS,6800,460345.544670477,444795.016791940,59.5,AVG
367553:8775,374:374,05/16/23 00:52:33,STABLE BEAMS,6800,460463.737313528,444742.454589442,59.5,AVG
367553:8775,375:375,05/16/23 00:52:57,STABLE BEAMS,6800,460352.738376894,444649.374878287,59.5,AVG
367553:8775,376:376,05/16/23 00:53:20,STABLE BEAMS,6800,459884.201042166,444288.844764811,59.4,AVG
367553:8775,377:377,05/16/23 00:53:43,STABLE BEAMS,6800,458884.159296323,443516.298772182,59.3,AVG
367553:8775,378:378,05/16/23 00:54:07,STABLE BEAMS,6800,459078.613153058,443737.705665404,59.3,AVG
367553:8775,379:379,05/16/23 00:54:30,STABLE BEAMS,6800,460124.728653707,444471.263482971,59.5,AVG
367553:8775,380:380,05/16/23 00:54:53,STABLE BEAMS,6800,460180.683847755,444576.449389863,59.5,AVG
367553:8775,381:381,05/16/23 00:55:16,STABLE BEAMS,6800,460004.214257062,443838.620716491,59.5,AVG
367553:8775,382:382,05/16/23 00:55:40,STABLE BEAMS,6800,459536.406549719,444198.003175074,59.4,AVG
367553:8775,383:383,05/16/23 00:56:03,STABLE BEAMS,6800,458756.814841414,443711.079796977,59.3,AVG
367553:8775,384:384,05/16/23 00:56:26,STABLE BEAMS,6800,458966.611852924,443847.837762399,59.3,AVG
367553:8775,385:385,05/16/23 00:56:50,STABLE BEAMS,6800,458917.896986852,443635.250074814,59.3,AVG
367553:8775,386:386,05/16/23 00:57:13,STABLE BEAMS,6800,458696.535497852,443438.235234543,59.3,AVG
367553:8775,387:387,05/16/23 00:57:36,STABLE BEAMS,6800,458450.769954257,443420.209405073,59.3,AVG
367553:8775,388:388,05/16/23 00:58:00,STABLE BEAMS,6800,458960.420510007,443696.520688434,59.3,AVG
367553:8775,389:389,05/16/23 00:58:23,STABLE BEAMS,6800,458825.381166932,426972.276071071,59.3,AVG
367553:8775,390:390,05/16/23 00:58:46,STABLE BEAMS,6800,458430.601468217,423440.756304510,59.3,AVG
367553:8775,391:391,05/16/23 00:59:10,STABLE BEAMS,6800,458212.016293003,434679.879058290,59.2,AVG
367553:8775,392:392,05/16/23 00:59:33,STABLE BEAMS,6800,457643.042135631,436344.904582933,59.2,AVG
367553:8775,393:393,05/16/23 00:59:56,STABLE BEAMS,6800,457291.331432302,437209.668876826,59.1,AVG
367553:8775,394:394,05/16/23 01:00:20,STABLE BEAMS,6800,456880.980133177,430489.247117617,59.1,AVG
367553:8775,395:395,05/16/23 01:00:43,STABLE BEAMS,6800,456299.166398702,435026.601198428,59.0,AVG
367553:8775,396:396,05/16/23 01:01:06,STABLE BEAMS,6800,455688.442636040,440928.530022357,58.9,AVG
367553:8775,397:397,05/16/23 01:01:30,STABLE BEAMS,6800,455247.950499595,435552.526413200,58.8,AVG
367553:8775,398:398,05/16/23 01:01:53,STABLE BEAMS,6800,454708.751200313,440201.829558395,58.8,AVG
367553:8775,399:399,05/16/23 01:02:16,STABLE BEAMS,6800,453826.403246848,439447.402975600,58.7,AVG
367553:8775,400:400,05/16/23 01:02:39,STABLE BEAMS,6800,453388.871579344,438989.080699679,58.6,AVG
367553:8775,401:401,05/16/23 01:03:03,STABLE BEAMS,6800,454047.582911772,432775.673729219,58.7,AVG
367553:8775,402:402,05/16/23 01:03:26,STABLE BEAMS,6800,454272.130984269,439455.284571825,58.7,AVG
367553:8775,403:403,05/16/23 01:03:49,STABLE BEAMS,6800,453753.466150258,439444.999871044,58.7,AVG
367553:8775,404:404,05/16/23 01:04:13,STABLE BEAMS,6800,453304.323383705,432866.278163082,58.6,AVG
367553:8775,405:405,05/16/23 01:04:36,STABLE BEAMS,6800,454132.448134006,439672.031748655,58.7,AVG
367553:8775,406:406,05/16/23 01:04:59,STABLE BEAMS,6800,454360.821505346,440000.665774977,58.7,AVG
367553:8775,407:407,05/16/23 01:05:23,STABLE BEAMS,6800,454469.135040233,440129.928902638,58.7,AVG
367553:8775,408:408,05/16/23 01:05:46,STABLE BEAMS,6800,454377.439759736,440226.407512076,58.7,AVG
367553:8775,409:409,05/16/23 01:06:09,STABLE BEAMS,6800,453967.496399245,439718.143222317,58.7,AVG
367553:8775,410:410,05/16/23 01:06:32,STABLE BEAMS,6800,453614.920866012,439511.635564256,58.6,AVG
367553:8775,411:411,05/16/23 01:06:56,STABLE BEAMS,6800,453373.710248646,438619.662582972,58.6,AVG
367553:8775,412:412,05/16/23 01:07:19,STABLE BEAMS,6800,452925.294778399,438828.425348037,58.5,AVG
367553:8775,413:413,05/16/23 01:07:43,STABLE BEAMS,6800,452336.471492661,437966.187389997,58.5,AVG
367553:8775,414:414,05/16/23 01:08:06,STABLE BEAMS,6800,452187.135648790,437920.344515896,58.4,AVG
367553:8775,415:415,05/16/23 01:08:29,STABLE BEAMS,6800,452053.963499117,437128.343635866,58.4,AVG
367553:8775,416:416,05/16/23 01:08:52,STABLE BEAMS,6800,451613.245248116,437623.483149960,58.4,AVG
367553:8775,417:417,05/16/23 01:09:16,STABLE BEAMS,6800,451230.300431929,437152.650022366,58.3,AVG
367553:8775,418:418,05/16/23 01:09:39,STABLE BEAMS,6800,451080.829385539,437046.352127272,58.3,AVG
367553:8775,419:419,05/16/23 01:10:02,STABLE BEAMS,6800,450816.671637269,372963.432467860,58.3,AVG
367553:8775,420:420,05/16/23 01:10:26,STABLE BEAMS,6800,449830.835480182,436024.966830007,58.1,AVG
367553:8775,421:421,05/16/23 01:10:49,STABLE BEAMS,6800,449388.385238297,435688.854598208,58.1,AVG
367553:8775,422:422,05/16/23 01:11:12,STABLE BEAMS,6800,449816.902627540,436074.896033063,58.1,AVG
367553:8775,423:423,05/16/23 01:11:36,STABLE BEAMS,6800,449563.306993260,435631.563317721,58.1,AVG
367553:8775,424:424,05/16/23 01:11:59,STABLE BEAMS,6800,449823.914509880,435952.847218341,58.1,AVG
367553:8775,425:425,05/16/23 01:12:22,STABLE BEAMS,6800,449376.457112654,435704.645891330,58.1,AVG
367553:8775,426:426,05/16/23 01:12:46,STABLE BEAMS,6800,449063.127607041,435423.351977637,58.0,AVG
367553:8775,427:427,05/16/23 01:13:09,STABLE BEAMS,6800,448965.923989453,435363.388470356,58.0,AVG
367553:8775,428:428,05/16/23 01:13:32,STABLE BEAMS,6800,448935.191058344,435395.838133161,58.0,AVG
367553:8775,429:429,05/16/23 01:13:55,STABLE BEAMS,6800,448747.066078123,434392.620766670,58.0,AVG
367553:8775,430:430,05/16/23 01:14:19,STABLE BEAMS,6800,448783.125522246,346841.265755326,58.0,AVG
367553:8775,431:431,05/16/23 01:14:42,STABLE BEAMS,6800,448090.403763174,434683.236466367,57.9,AVG
367553:8775,432:432,05/16/23 01:15:05,STABLE BEAMS,6800,447630.197700881,434186.024804806,57.9,AVG
367553:8775,433:433,05/16/23 01:15:29,STABLE BEAMS,6800,447821.054704408,434294.743121762,57.9,AVG
367553:8775,434:434,05/16/23 01:15:52,STABLE BEAMS,6800,447555.985504676,434143.404713925,57.8,AVG
367553:8775,435:435,05/16/23 01:16:15,STABLE BEAMS,6800,447448.401597174,434115.268664680,57.8,AVG
367553:8775,436:436,05/16/23 01:16:39,STABLE BEAMS,6800,447217.841674758,433810.875499952,57.8,AVG
367553:8775,437:437,05/16/23 01:17:02,STABLE BEAMS,6800,447021.795691813,433808.719956387,57.8,AVG
367553:8775,438:438,05/16/23 01:17:25,STABLE BEAMS,6800,446547.474952802,433179.172790583,57.7,AVG
367553:8775,439:439,05/16/23 01:17:49,STABLE BEAMS,6800,445801.439110949,432455.562385826,57.6,AVG
367553:8775,440:440,05/16/23 01:18:12,STABLE BEAMS,6800,445765.288754788,432656.990171420,57.6,AVG
367553:8775,441:441,05/16/23 01:18:35,STABLE BEAMS,6800,445689.302608297,432597.022461544,57.6,AVG
367553:8775,442:442,05/16/23 01:18:58,STABLE BEAMS,6800,445143.548317944,425847.557217943,57.5,AVG
367553:8775,443:443,05/16/23 01:19:22,STABLE BEAMS,6800,444087.278641938,430961.226812460,57.4,AVG
367553:8775,444:444,05/16/23 01:19:45,STABLE BEAMS,6800,443923.783830868,430802.533847208,57.4,AVG
367553:8775,445:445,05/16/23 01:20:08,STABLE BEAMS,6800,444017.026947095,431037.119690780,57.4,AVG
367553:8775,446:446,05/16/23 01:20:32,STABLE BEAMS,6800,443378.164743034,430609.512196005,57.3,AVG
367553:8775,447:447,05/16/23 01:20:55,STABLE BEAMS,6800,442844.977293670,430052.441055175,57.2,AVG
367553:8775,448:448,05/16/23 01:21:18,STABLE BEAMS,6800,443483.655342577,430571.339255496,57.3,AVG
367553:8775,449:449,05/16/23 01:21:42,STABLE BEAMS,6800,444154.889225514,431130.010278535,57.4,AVG
367553:8775,450:450,05/16/23 01:22:05,STABLE BEAMS,6800,443495.310732105,430545.298571989,57.3,AVG
367553:8775,451:451,05/16/23 01:22:28,STABLE BEAMS,6800,449505.486936888,435521.808337417,58.1,AVG
367553:8775,452:452,05/16/23 01:22:52,STABLE BEAMS,6800,465313.290808780,350409.449830957,60.1,AVG
367553:8775,453:453,05/16/23 01:23:15,STABLE BEAMS,6800,466120.060554387,449855.959675976,60.2,AVG
367553:8775,454:454,05/16/23 01:23:38,STABLE BEAMS,6800,465906.986047341,449774.164613576,60.2,AVG
367553:8775,455:455,05/16/23 01:24:01,STABLE BEAMS,6800,465431.164094158,449265.753888876,60.2,AVG
367553:8775,456:456,05/16/23 01:24:25,STABLE BEAMS,6800,465514.208744548,449228.073490337,60.2,AVG
367553:8775,457:457,05/16/23 01:24:48,STABLE BEAMS,6800,465439.677190670,449459.441152944,60.2,AVG
367553:8775,458:458,05/16/23 01:25:11,STABLE BEAMS,6800,465409.582974908,448943.323327883,60.2,AVG
367553:8775,459:459,05/16/23 01:25:35,STABLE BEAMS,6800,464962.990407584,449022.474967504,60.1,AVG
367553:8775,460:460,05/16/23 01:25:58,STABLE BEAMS,6800,465009.476763179,448624.547876407,60.1,AVG
367553:8775,461:461,05/16/23 01:26:21,STABLE BEAMS,6800,464700.925967273,448721.480327165,60.1,AVG
367553:8775,462:462,05/16/23 01:26:45,STABLE BEAMS,6800,464339.883959087,360662.089527578,60.0,AVG
367553:8775,463:463,05/16/23 01:27:08,STABLE BEAMS,6800,464025.188441822,448065.620307153,60.0,AVG
367553:8775,464:464,05/16/23 01:27:31,STABLE BEAMS,6800,463628.448306589,364686.231368286,59.9,AVG
367553:8775,465:465,05/16/23 01:27:55,STABLE BEAMS,6800,462658.274661950,195478.394886347,59.8,AVG
367553:8775,466:466,05/16/23 01:28:18,STABLE BEAMS,6800,462389.335872896,436065.144954253,59.8,AVG
367553:8775,467:467,05/16/23 01:28:41,STABLE BEAMS,6800,461358.425993425,440774.716773885,59.6,AVG
367553:8775,468:468,05/16/23 01:29:05,STABLE BEAMS,6800,460993.283619203,439309.153643673,59.6,AVG
367553:8775,469:469,05/16/23 01:29:28,STABLE BEAMS,6800,461818.904791833,380162.324944592,59.7,AVG
367553:8775,470:470,05/16/23 01:29:51,STABLE BEAMS,6800,461672.939686614,412121.595996892,59.7,AVG
367553:8775,471:471,05/16/23 01:30:15,STABLE BEAMS,6800,461202.078267214,440790.504954733,59.6,AVG
367553:8775,472:472,05/16/23 01:30:38,STABLE BEAMS,6800,461305.293734721,437780.312074507,59.6,AVG
367553:8775,473:473,05/16/23 01:31:01,STABLE BEAMS,6800,461460.182206163,439613.671270844,59.6,AVG
367553:8775,474:474,05/16/23 01:31:24,STABLE BEAMS,6800,461054.521035785,439165.351823971,59.6,AVG
367553:8775,475:475,05/16/23 01:31:48,STABLE BEAMS,6800,460663.107413567,445511.184151448,59.5,AVG
367553:8775,476:476,05/16/23 01:32:11,STABLE BEAMS,6800,460444.296123795,444663.347037990,59.5,AVG
367553:8775,477:477,05/16/23 01:32:34,STABLE BEAMS,6800,460216.652379839,444949.352853754,59.5,AVG
367553:8775,478:478,05/16/23 01:32:58,STABLE BEAMS,6800,459875.732236135,438240.282276174,59.4,AVG
367553:8775,479:479,05/16/23 01:33:21,STABLE BEAMS,6800,459258.632975401,439041.419157153,59.4,AVG
367553:8775,480:480,05/16/23 01:33:44,STABLE BEAMS,6800,459237.872395573,443917.778762722,59.4,AVG
367553:8775,481:481,05/16/23 01:34:08,STABLE BEAMS,6800,459283.675745342,444280.216641014,59.4,AVG
367553:8775,482:482,05/16/23 01:34:31,STABLE BEAMS,6800,458759.866222393,438622.035096746,59.3,AVG
367553:8775,483:483,05/16/23 01:34:54,STABLE BEAMS,6800,458267.379393262,267858.942641542,59.2,AVG
367553:8775,484:484,05/16/23 01:35:18,STABLE BEAMS,6800,458802.753393701,443796.089192797,59.3,AVG
367553:8775,485:485,05/16/23 01:35:41,STABLE BEAMS,6800,458650.869681680,443760.900876129,59.3,AVG
367553:8775,486:486,05/16/23 01:36:04,STABLE BEAMS,6800,458191.619361328,443254.027826132,59.2,AVG
367553:8775,487:487,05/16/23 01:36:27,STABLE BEAMS,6800,457616.864130750,442876.477764615,59.2,AVG
367553:8775,488:488,05/16/23 01:36:51,STABLE BEAMS,6800,457958.966130953,438136.477943971,59.2,AVG
367553:8775,489:489,05/16/23 01:37:14,STABLE BEAMS,6800,457662.984507114,442974.122141717,59.2,AVG
367553:8775,490:490,05/16/23 01:37:37,STABLE BEAMS,6800,456920.909166623,442009.115040672,59.1,AVG
367553:8775,491:491,05/16/23 01:38:01,STABLE BEAMS,6800,456973.402709981,441562.353900117,59.1,AVG
367553:8775,492:492,05/16/23 01:38:24,STABLE BEAMS,6800,457007.823406336,441895.406394827,59.1,AVG
367553:8775,493:493,05/16/23 01:38:47,STABLE BEAMS,6800,456871.191937051,412776.755689189,59.1,AVG
367553:8775,494:494,05/16/23 01:39:11,STABLE BEAMS,6800,456515.520732360,371136.816169653,59.0,AVG
367553:8775,495:495,05/16/23 01:39:34,STABLE BEAMS,6800,456128.568793253,441444.448324775,59.0,AVG
367553:8775,496:496,05/16/23 01:39:57,STABLE BEAMS,6800,455792.930872083,441057.117066668,58.9,AVG
367553:8775,497:497,05/16/23 01:40:21,STABLE BEAMS,6800,454777.501680985,440145.001319653,58.8,AVG
367553:8775,498:498,05/16/23 01:40:44,STABLE BEAMS,6800,454046.762372349,439698.168195592,58.7,AVG
367553:8775,499:499,05/16/23 01:41:07,STABLE BEAMS,6800,453832.140029574,345110.715668762,58.7,AVG
367553:8775,500:500,05/16/23 01:41:30,STABLE BEAMS,6800,453426.567440156,439114.134487440,58.6,AVG
367553:8775,501:501,05/16/23 01:41:54,STABLE BEAMS,6800,451875.764248619,437678.662711964,58.4,AVG
367553:8775,502:502,05/16/23 01:42:17,STABLE BEAMS,6800,451113.564712568,437065.283499463,58.3,AVG
367553:8775,503:503,05/16/23 01:42:40,STABLE BEAMS,6800,452174.069957129,438129.489038155,58.4,AVG
367553:8775,504:504,05/16/23 01:43:04,STABLE BEAMS,6800,451957.170151240,437782.899098036,58.4,AVG
367553:8775,505:505,05/16/23 01:43:27,STABLE BEAMS,6800,451317.990920584,437402.296377231,58.3,AVG
367553:8775,506:506,05/16/23 01:43:50,STABLE BEAMS,6800,451028.471044700,340739.181271469,58.3,AVG
367553:8775,507:507,05/16/23 01:44:14,STABLE BEAMS,6800,451336.840016529,437297.919958201,58.3,AVG
367553:8775,508:508,05/16/23 01:44:37,STABLE BEAMS,6800,451105.963067518,436189.842518580,58.3,AVG
367553:8775,509:509,05/16/23 01:45:00,STABLE BEAMS,6800,451358.784783933,437282.882276125,58.3,AVG
367553:8775,510:510,05/16/23 01:45:24,STABLE BEAMS,6800,451241.090991554,437065.644341785,58.3,AVG
367553:8775,511:511,05/16/23 01:45:47,STABLE BEAMS,6800,451331.830530110,437346.521177307,58.3,AVG
367553:8775,512:512,05/16/23 01:46:10,STABLE BEAMS,6800,451195.744533055,437162.310855909,58.3,AVG
367553:8775,513:513,05/16/23 01:46:34,STABLE BEAMS,6800,451079.237259330,436938.265387877,58.3,AVG
367553:8775,514:514,05/16/23 01:46:57,STABLE BEAMS,6800,451071.633283201,437160.083287913,58.3,AVG
367553:8775,515:515,05/16/23 01:47:20,STABLE BEAMS,6800,450922.707709042,437078.386974188,58.3,AVG
367553:8775,516:516,05/16/23 01:47:44,STABLE BEAMS,6800,451116.979741700,437093.266699891,58.3,AVG
367553:8775,517:517,05/16/23 01:48:07,STABLE BEAMS,6800,450751.702164960,436863.249484239,58.3,AVG
367553:8775,518:518,05/16/23 01:48:30,STABLE BEAMS,6800,450462.366444230,436602.872794701,58.2,AVG
367553:8775,519:519,05/16/23 01:48:53,STABLE BEAMS,6800,450108.424899345,436211.045062596,58.2,AVG
367553:8775,520:520,05/16/23 01:49:17,STABLE BEAMS,6800,449253.210692703,435477.720812531,58.1,AVG
367553:8775,521:521,05/16/23 01:49:40,STABLE BEAMS,6800,448826.968435496,435293.451738270,58.0,AVG
367553:8775,522:522,05/16/23 01:50:03,STABLE BEAMS,6800,447716.701670883,434192.352817762,57.9,AVG
367553:8775,523:523,05/16/23 01:50:27,STABLE BEAMS,6800,447654.419931399,434032.722726611,57.9,AVG
367553:8775,524:524,05/16/23 01:50:50,STABLE BEAMS,6800,448127.782597392,434650.814192722,57.9,AVG
367553:8775,525:525,05/16/23 01:51:13,STABLE BEAMS,6800,447719.023424477,434303.056087884,57.9,AVG
367553:8775,526:526,05/16/23 01:51:37,STABLE BEAMS,6800,447947.944599125,434549.023064159,57.9,AVG
367553:8775,527:527,05/16/23 01:52:00,STABLE BEAMS,6800,447491.834240712,434282.008109503,57.8,AVG
367553:8775,528:528,05/16/23 01:52:23,STABLE BEAMS,6800,447544.374405628,434230.944297702,57.8,AVG
367553:8775,529:529,05/16/23 01:52:47,STABLE BEAMS,6800,447624.780275829,434358.469828758,57.9,AVG
367553:8775,530:530,05/16/23 01:53:10,STABLE BEAMS,6800,447284.724962027,434098.676714156,57.8,AVG
367553:8775,531:531,05/16/23 01:53:33,STABLE BEAMS,6800,447160.658002654,433882.074610816,57.8,AVG
367553:8775,532:532,05/16/23 01:53:56,STABLE BEAMS,6800,447010.958510630,333984.599283083,57.8,AVG
367553:8775,533:533,05/16/23 01:54:20,STABLE BEAMS,6800,445850.930225965,325550.513333628,57.6,AVG
367553:8775,534:534,05/16/23 01:54:43,STABLE BEAMS,6800,445573.021449129,432405.840247325,57.6,AVG
367553:8775,535:535,05/16/23 01:55:06,STABLE BEAMS,6800,445089.504607779,432082.870105581,57.5,AVG
367553:8775,536:536,05/16/23 01:55:30,STABLE BEAMS,6800,444251.137101161,431275.508307735,57.4,AVG
367553:8775,537:537,05/16/23 01:55:53,STABLE BEAMS,6800,443310.738314612,430385.495553128,57.3,AVG
367553:8775,538:538,05/16/23 01:56:16,STABLE BEAMS,6800,443111.184059420,430155.844044703,57.3,AVG
367553:8775,539:539,05/16/23 01:56:40,STABLE BEAMS,6800,443060.009906156,430128.207209357,57.3,AVG
367553:8775,540:540,05/16/23 01:57:03,STABLE BEAMS,6800,442876.619345162,429919.750375066,57.2,AVG
367553:8775,541:541,05/16/23 01:57:26,STABLE BEAMS,6800,442517.714935415,429752.020846988,57.2,AVG
367553:8775,542:542,05/16/23 01:57:50,STABLE BEAMS,6800,442153.076074021,429426.607519496,57.2,AVG
367553:8775,543:543,05/16/23 01:58:13,STABLE BEAMS,6800,441733.116071770,417972.571817065,57.1,AVG
367553:8775,544:544,05/16/23 01:58:36,STABLE BEAMS,6800,441370.251160662,422666.569290747,57.1,AVG
367553:8775,545:545,05/16/23 01:58:59,STABLE BEAMS,6800,442035.247079123,423008.997824136,57.1,AVG
367553:8775,546:546,05/16/23 01:59:23,STABLE BEAMS,6800,456260.011283120,435061.904794312,59.0,AVG
367553:8775,547:547,05/16/23 01:59:46,STABLE BEAMS,6800,464209.942683391,448135.460576662,60.0,AVG
367553:8775,548:548,05/16/23 02:00:09,STABLE BEAMS,6800,463942.507439586,434425.437255732,60.0,AVG
367553:8775,549:549,05/16/23 02:00:33,STABLE BEAMS,6800,463560.793432532,440699.135022257,59.9,AVG
367553:8775,550:550,05/16/23 02:00:56,STABLE BEAMS,6800,462952.755071618,441765.911351966,59.8,AVG
367553:8775,551:551,05/16/23 02:01:19,STABLE BEAMS,6800,462562.891616206,440360.625639735,59.8,AVG
367553:8775,552:552,05/16/23 02:01:43,STABLE BEAMS,6800,462340.800499822,303822.214297347,59.8,AVG
367553:8775,553:553,05/16/23 02:02:06,STABLE BEAMS,6800,462350.817141582,446740.716772928,59.8,AVG
367553:8775,554:554,05/16/23 02:02:29,STABLE BEAMS,6800,461826.007586212,446033.138495361,59.7,AVG
367553:8775,555:555,05/16/23 02:02:53,STABLE BEAMS,6800,461093.174969617,437010.209507524,59.6,AVG
367553:8775,556:556,05/16/23 02:03:16,STABLE BEAMS,6800,461554.336773851,445854.457727841,59.7,AVG
367553:8775,557:557,05/16/23 02:03:39,STABLE BEAMS,6800,461328.012419990,439104.379421256,59.6,AVG
367553:8775,558:558,05/16/23 02:04:03,STABLE BEAMS,6800,460630.372086537,344898.144978877,59.5,AVG
367553:8775,559:559,05/16/23 02:04:26,STABLE BEAMS,6800,460291.319136236,444765.769994537,59.5,AVG
367553:8775,560:560,05/16/23 02:04:49,STABLE BEAMS,6800,460351.372365242,445012.787712625,59.5,AVG
367553:8775,561:561,05/16/23 02:05:12,STABLE BEAMS,6800,460116.444002830,351251.324814803,59.5,AVG
367553:8775,562:562,05/16/23 02:05:36,STABLE BEAMS,6800,459226.354539641,435213.671918923,59.4,AVG
367553:8775,563:563,05/16/23 02:05:59,STABLE BEAMS,6800,459047.971133988,443854.855796982,59.3,AVG
367553:8775,564:564,05/16/23 02:06:22,STABLE BEAMS,6800,458549.749853209,437643.649254908,59.3,AVG
367553:8775,565:565,05/16/23 02:06:46,STABLE BEAMS,6800,457902.327931079,442906.740057372,59.2,AVG
367553:8775,566:566,05/16/23 02:07:09,STABLE BEAMS,6800,456642.865187269,442052.007691473,59.0,AVG
367553:8775,567:567,05/16/23 02:07:32,STABLE BEAMS,6800,456611.402628776,442066.630632326,59.0,AVG
367553:8775,568:568,05/16/23 02:07:56,STABLE BEAMS,6800,457033.320736469,442332.919659698,59.1,AVG
367553:8775,569:569,05/16/23 02:08:19,STABLE BEAMS,6800,456518.751606338,441809.695973200,59.0,AVG
367553:8775,570:570,05/16/23 02:08:42,STABLE BEAMS,6800,456336.410030400,441968.515920534,59.0,AVG
367553:8775,571:571,05/16/23 02:09:06,STABLE BEAMS,6800,456452.234298299,441161.898577511,59.0,AVG
367553:8775,572:572,05/16/23 02:09:29,STABLE BEAMS,6800,456630.207434241,441887.907488724,59.0,AVG
367553:8775,573:573,05/16/23 02:09:52,STABLE BEAMS,6800,456715.664750263,442063.389887349,59.0,AVG
367553:8775,574:574,05/16/23 02:10:15,STABLE BEAMS,6800,456685.251176828,442144.748217489,59.0,AVG
367553:8775,575:575,05/16/23 02:10:39,STABLE BEAMS,6800,456870.280485590,442152.899162383,59.1,AVG
367553:8775,576:576,05/16/23 02:11:02,STABLE BEAMS,6800,456956.010537727,442200.361109633,59.1,AVG
367553:8775,577:577,05/16/23 02:11:25,STABLE BEAMS,6800,456659.117462427,441492.878715911,59.0,AVG
367553:8775,578:578,05/16/23 02:11:49,STABLE BEAMS,6800,456495.851096992,441934.283131894,59.0,AVG
367553:8775,579:579,05/16/23 02:12:12,STABLE BEAMS,6800,455888.041181712,441038.097899296,58.9,AVG
367553:8775,580:580,05/16/23 02:12:35,STABLE BEAMS,6800,455741.894252417,441279.745573726,58.9,AVG
367553:8775,581:581,05/16/23 02:12:59,STABLE BEAMS,6800,455374.339212562,441036.244261375,58.9,AVG
367553:8775,582:582,05/16/23 02:13:22,STABLE BEAMS,6800,454565.016936649,347602.113744416,58.8,AVG
367553:8775,583:583,05/16/23 02:13:45,STABLE BEAMS,6800,453761.979246769,439577.836759205,58.7,AVG
367553:8775,584:584,05/16/23 02:14:09,STABLE BEAMS,6800,454160.584244327,439914.528129123,58.7,AVG
367553:8775,585:585,05/16/23 02:14:32,STABLE BEAMS,6800,454230.698405574,440184.883132530,58.7,AVG
367553:8775,586:586,05/16/23 02:14:55,STABLE BEAMS,6800,453921.147577246,439763.946205619,58.7,AVG
367553:8775,587:587,05/16/23 02:15:19,STABLE BEAMS,6800,453344.114883555,439255.617800507,58.6,AVG
367553:8775,588:588,05/16/23 02:15:42,STABLE BEAMS,6800,453660.358236550,439416.980041004,58.6,AVG
367553:8775,589:589,05/16/23 02:16:05,STABLE BEAMS,6800,453355.907806680,439292.163826463,58.6,AVG
367553:8775,590:590,05/16/23 02:16:29,STABLE BEAMS,6800,453215.632862628,439163.100191528,58.6,AVG
367553:8775,591:591,05/16/23 02:16:52,STABLE BEAMS,6800,452732.708115067,438846.730485370,58.5,AVG
367553:8775,592:592,05/16/23 02:17:15,STABLE BEAMS,6800,452634.865782132,438628.735275790,58.5,AVG
367553:8775,593:593,05/16/23 02:17:38,STABLE BEAMS,6800,451997.099184687,438032.110657629,58.4,AVG
367553:8775,594:594,05/16/23 02:18:02,STABLE BEAMS,6800,450907.912357575,437112.978218898,58.3,AVG
367553:8775,595:595,05/16/23 02:18:25,STABLE BEAMS,6800,450749.834971557,436597.142025564,58.3,AVG
367553:8775,596:596,05/16/23 02:18:48,STABLE BEAMS,6800,450835.019551464,437058.552791404,58.3,AVG
367553:8775,597:597,05/16/23 02:19:12,STABLE BEAMS,6800,449882.373281599,436195.899931313,58.2,AVG
367553:8775,598:598,05/16/23 02:19:35,STABLE BEAMS,6800,449269.008407670,435565.589672928,58.1,AVG
367553:8775,599:599,05/16/23 02:19:58,STABLE BEAMS,6800,449075.237556761,435345.189732997,58.0,AVG
367553:8775,600:600,05/16/23 02:20:22,STABLE BEAMS,6800,449761.677060877,436049.565367842,58.1,AVG
367553:8775,601:601,05/16/23 02:20:45,STABLE BEAMS,6800,449273.926982051,435861.052291368,58.1,AVG
367553:8775,602:602,05/16/23 02:21:08,STABLE BEAMS,6800,449311.942200536,435709.393787836,58.1,AVG
367553:8775,603:603,05/16/23 02:21:32,STABLE BEAMS,6800,449272.560970398,435792.059694910,58.1,AVG
367553:8775,604:604,05/16/23 02:21:55,STABLE BEAMS,6800,449221.249283538,435776.473495970,58.1,AVG
367553:8775,605:605,05/16/23 02:22:18,STABLE BEAMS,6800,449056.479372854,435580.660856962,58.0,AVG
367553:8775,606:606,05/16/23 02:22:42,STABLE BEAMS,6800,448760.770485130,435000.734772699,58.0,AVG
367553:8775,607:607,05/16/23 02:23:05,STABLE BEAMS,6800,448644.852974115,435273.771574906,58.0,AVG
367553:8775,608:608,05/16/23 02:23:28,STABLE BEAMS,6800,448488.871227135,435140.817712043,58.0,AVG
367553:8775,609:609,05/16/23 02:23:51,STABLE BEAMS,6800,447839.766266757,434680.237285025,57.9,AVG
367553:8775,610:610,05/16/23 02:24:15,STABLE BEAMS,6800,447582.711312865,434249.611247473,57.9,AVG
367553:8775,611:611,05/16/23 02:24:38,STABLE BEAMS,6800,447827.929053152,434470.422511391,57.9,AVG
367553:8775,612:612,05/16/23 02:25:01,STABLE BEAMS,6800,447490.969410809,434077.386433551,57.8,AVG
367553:8775,613:613,05/16/23 02:25:25,STABLE BEAMS,6800,446729.772238259,330483.392191602,57.7,AVG
367553:8775,614:614,05/16/23 02:25:48,STABLE BEAMS,6800,446868.909616292,319760.779631333,57.8,AVG
367553:8775,615:615,05/16/23 02:26:11,STABLE BEAMS,6800,446783.906860462,241542.871777634,57.7,AVG
367553:8775,616:616,05/16/23 02:26:35,STABLE BEAMS,6800,446119.731481423,432276.882516258,57.7,AVG
367553:8775,617:617,05/16/23 02:26:58,STABLE BEAMS,6800,445596.194694589,432446.268890415,57.6,AVG
367553:8775,618:618,05/16/23 02:27:21,STABLE BEAMS,6800,445938.208113831,432936.167359172,57.6,AVG
367553:8775,619:619,05/16/23 02:27:45,STABLE BEAMS,6800,445815.644699707,424317.653171237,57.6,AVG
367553:8775,620:620,05/16/23 02:28:08,STABLE BEAMS,6800,445322.339662231,426020.000181954,57.6,AVG
367553:8775,621:621,05/16/23 02:28:31,STABLE BEAMS,6800,445167.313657192,425902.778333311,57.5,AVG
367553:8775,622:622,05/16/23 02:28:54,STABLE BEAMS,6800,445032.320935675,425678.372590525,57.5,AVG
367553:8775,623:623,05/16/23 02:29:18,STABLE BEAMS,6800,445128.114251131,351714.922335642,57.5,AVG
367553:8775,624:624,05/16/23 02:29:41,STABLE BEAMS,6800,443962.892324892,229678.018385155,57.4,AVG
367553:8775,625:625,05/16/23 02:30:04,STABLE BEAMS,6800,443634.401488581,430123.728691395,57.3,AVG
367553:8775,626:626,05/16/23 02:30:28,STABLE BEAMS,6800,443791.977692848,231230.035628993,57.4,AVG
367553:8775,627:627,05/16/23 02:30:51,STABLE BEAMS,6800,443813.239454426,430905.437687037,57.4,AVG
367553:8775,628:628,05/16/23 02:31:14,STABLE BEAMS,6800,443414.088984638,424200.307838463,57.3,AVG
367553:8775,629:629,05/16/23 02:31:38,STABLE BEAMS,6800,443344.200937948,430382.411477620,57.3,AVG
367553:8775,630:630,05/16/23 02:32:01,STABLE BEAMS,6800,442951.423635154,424021.264536296,57.3,AVG
367553:8775,631:631,05/16/23 02:32:24,STABLE BEAMS,6800,442904.482719368,423668.451122553,57.2,AVG
367553:8775,632:632,05/16/23 02:32:48,STABLE BEAMS,6800,443146.698031312,430371.041557376,57.3,AVG
367553:8775,633:633,05/16/23 02:33:11,STABLE BEAMS,6800,456408.755033203,441738.513622389,59.0,AVG
367553:8775,634:634,05/16/23 02:33:34,STABLE BEAMS,6800,462577.460853117,440438.837742644,59.8,AVG
367553:8775,635:635,05/16/23 02:33:58,STABLE BEAMS,6800,462275.514000918,446449.020703818,59.8,AVG
367553:8775,636:636,05/16/23 02:34:21,STABLE BEAMS,6800,462152.950586793,441567.332851641,59.7,AVG
367553:8775,637:637,05/16/23 02:34:44,STABLE BEAMS,6800,461597.769417390,446034.163883206,59.7,AVG
367553:8775,638:638,05/16/23 02:35:07,STABLE BEAMS,6800,460757.898365523,440254.616104947,59.6,AVG
367553:8775,639:639,05/16/23 02:35:31,STABLE BEAMS,6800,461035.487784686,439749.752384986,59.6,AVG
367553:8775,640:640,05/16/23 02:35:54,STABLE BEAMS,6800,460981.810053752,445672.629034884,59.6,AVG
367553:8775,641:641,05/16/23 02:36:17,STABLE BEAMS,6800,460777.295264776,436695.714198673,59.6,AVG
367553:8775,642:642,05/16/23 02:36:41,STABLE BEAMS,6800,460356.426142141,348778.709883757,59.5,AVG
367553:8775,643:643,05/16/23 02:37:04,STABLE BEAMS,6800,459326.472004612,443569.858017087,59.4,AVG
367553:8775,644:644,05/16/23 02:37:27,STABLE BEAMS,6800,459595.138057552,246152.310274043,59.4,AVG
367516:8773,1:1,05/15/23 09:48:44,STABLE BEAMS,6800,445333.948430201,417526.191594026,57.6,AVG
367516:8773,2:2,05/15/23 09:49:07,STABLE BEAMS,6800,445364.042645963,425338.638829971,57.6,AVG
367516:8773,3:3,05/15/23 09:49:30,STABLE BEAMS,6800,444995.988755437,422084.610132216,57.5,AVG
367516:8773,4:4,05/15/23 09:49:54,STABLE BEAMS,6800,444347.611091365,423973.699825538,57.4,AVG
367516:8773,5:5,05/15/23 09:50:17,STABLE BEAMS,6800,444033.188310215,302841.239272203,57.4,AVG
367516:8773,6:6,05/15/23 09:50:40,STABLE BEAMS,6800,443827.535955221,418216.775521025,57.4,AVG
367516:8773,7:7,05/15/23 09:51:04,STABLE BEAMS,6800,443268.851175725,420085.043704383,57.3,AVG
367516:8773,8:8,05/15/23 09:51:27,STABLE BEAMS,6800,442263.345383271,429351.679787702,57.2,AVG
367516:8773,9:9,05/15/23 09:51:50,STABLE BEAMS,6800,441867.519030577,275934.377188996,57.1,AVG
367516:8773,10:10,05/15/23 09:52:14,STABLE BEAMS,6800,440046.045059100,35531.667083906,56.9,AVG
367516:8773,11:11,05/15/23 09:52:37,STABLE BEAMS,6800,441119.615995322,360512.334492357,57.0,AVG
367516:8773,12:12,05/15/23 09:53:00,STABLE BEAMS,6800,440469.189313771,400112.543141783,56.9,AVG
367516:8773,13:13,05/15/23 09:53:24,STABLE BEAMS,6800,440521.594276168,167923.687735457,56.9,AVG
367516:8773,14:14,05/15/23 09:53:47,STABLE BEAMS,6800,451777.147997819,429940.039685386,58.4,AVG
367516:8773,15:15,05/15/23 09:54:10,STABLE BEAMS,6800,460153.184121702,442600.379454340,59.5,AVG
367516:8773,16:16,05/15/23 09:54:33,STABLE BEAMS,6800,460080.839118899,347200.778636968,59.5,AVG
367516:8773,17:17,05/15/23 09:54:57,STABLE BEAMS,6800,460194.206430686,443133.597485790,59.5,AVG
367516:8773,18:18,05/15/23 09:55:20,STABLE BEAMS,6800,459790.594277786,439046.791486407,59.4,AVG
367516:8773,19:19,05/15/23 09:55:43,STABLE BEAMS,6800,460757.625629408,282009.724111200,59.6,AVG
367516:8773,20:20,05/15/23 09:56:07,STABLE BEAMS,6800,460867.850648177,445264.284283429,59.6,AVG
367516:8773,21:21,05/15/23 09:56:30,STABLE BEAMS,6800,461187.690854380,438859.016654809,59.6,AVG
367516:8773,22:22,05/15/23 09:56:53,STABLE BEAMS,6800,461586.615209611,446277.969426149,59.7,AVG
367516:8773,23:23,05/15/23 09:57:17,STABLE BEAMS,6800,461524.650496723,439882.481396259,59.7,AVG
367516:8773,24:24,05/15/23 09:57:40,STABLE BEAMS,6800,461489.047943869,436386.575741533,59.7,AVG
367516:8773,25:25,05/15/23 09:58:03,STABLE BEAMS,6800,461370.673476742,446139.571832712,59.6,AVG
367516:8773,26:26,05/15/23 09:58:27,STABLE BEAMS,6800,461370.216585472,441186.834023988,59.6,AVG
367516:8773,27:27,05/15/23 09:58:50,STABLE BEAMS,6800,461044.686218101,299200.312454072,59.6,AVG
367516:8773,28:28,05/15/23 09:59:13,STABLE BEAMS,6800,459871.042107389,444726.679317759,59.4,AVG
367516:8773,29:29,05/15/23 09:59:37,STABLE BEAMS,6800,459218.932387590,444255.077056830,59.4,AVG
367516:8773,30:30,05/15/23 10:00:00,STABLE BEAMS,6800,457712.200554936,160688.061510913,59.2,AVG
367516:8773,31:31,05/15/23 10:00:23,STABLE BEAMS,6800,385734.204989057,6093.197523524,49.9,AVG
367516:8773,32:32,05/15/23 10:00:46,STABLE BEAMS,6800,454332.319415794,432746.279254204,58.7,AVG
367516:8773,33:33,05/15/23 10:01:10,STABLE BEAMS,6800,455254.824848339,438387.668596804,58.8,AVG
367516:8773,34:34,05/15/23 10:01:33,STABLE BEAMS,6800,456777.629463152,441563.316220748,59.0,AVG
367516:8773,35:35,05/15/23 10:01:56,STABLE BEAMS,6800,457024.805308879,436021.374647664,59.1,AVG
367516:8773,36:36,05/15/23 10:02:20,STABLE BEAMS,6800,456636.718134832,441964.953485257,59.0,AVG
367516:8773,37:37,05/15/23 10:02:43,STABLE BEAMS,6800,455686.848178752,323902.968581312,58.9,AVG
367516:8773,38:38,05/15/23 10:03:06,STABLE BEAMS,6800,455331.223595619,436122.130615085,58.9,AVG
367516:8773,39:39,05/15/23 10:03:30,STABLE BEAMS,6800,456198.958021693,438860.689209274,59.0,AVG
367516:8773,40:40,05/15/23 10:03:53,STABLE BEAMS,6800,456676.647168278,440555.077899593,59.0,AVG
367516:8773,41:41,05/15/23 10:04:16,STABLE BEAMS,6800,456658.434456601,227276.795807034,59.0,AVG
367516:8773,42:42,05/15/23 10:04:40,STABLE BEAMS,6800,456214.210264429,293194.033201117,59.0,AVG
367516:8773,43:43,05/15/23 10:05:03,STABLE BEAMS,6800,455877.068798010,434306.889658131,58.9,AVG
367516:8773,44:44,05/15/23 10:05:26,STABLE BEAMS,6800,455385.493420341,437227.076289435,58.9,AVG
367516:8773,45:45,05/15/23 10:05:49,STABLE BEAMS,6800,455555.088662290,439114.369597753,58.9,AVG
367516:8773,46:46,05/15/23 10:06:13,STABLE BEAMS,6800,455313.649599288,439512.431226311,58.9,AVG
367516:8773,47:47,05/15/23 10:06:36,STABLE BEAMS,6800,455702.601603239,439705.261390546,58.9,AVG
367516:8773,48:48,05/15/23 10:06:59,STABLE BEAMS,6800,455666.134220482,152458.026446694,58.9,AVG
367516:8773,49:49,05/15/23 10:07:23,STABLE BEAMS,6800,455400.608129481,335854.655949096,58.9,AVG
367516:8773,50:50,05/15/23 10:07:46,STABLE BEAMS,6800,455824.938902806,439599.682185488,58.9,AVG
367516:8773,51:51,05/15/23 10:08:09,STABLE BEAMS,6800,455839.962699908,439703.398094221,58.9,AVG
367516:8773,52:52,05/15/23 10:08:33,STABLE BEAMS,6800,455532.689334694,439372.257884425,58.9,AVG
367516:8773,53:53,05/15/23 10:08:56,STABLE BEAMS,6800,455654.614033472,439414.843641600,58.9,AVG
367516:8773,54:54,05/15/23 10:09:19,STABLE BEAMS,6800,455353.168363023,439286.293144517,58.9,AVG
367516:8773,55:55,05/15/23 10:09:43,STABLE BEAMS,6800,454914.405886384,439013.568256278,58.8,AVG
367516:8773,56:56,05/15/23 10:10:06,STABLE BEAMS,6800,454596.477164064,438814.238946795,58.8,AVG
367516:8773,57:57,05/15/23 10:10:29,STABLE BEAMS,6800,454315.701161404,437390.453889107,58.7,AVG
367516:8773,58:58,05/15/23 10:10:52,STABLE BEAMS,6800,453837.102894435,438114.715081808,58.7,AVG
367516:8773,59:59,05/15/23 10:11:16,STABLE BEAMS,6800,452935.630777833,437106.708567724,58.5,AVG
367516:8773,60:60,05/15/23 10:11:39,STABLE BEAMS,6800,400969.346938331,13494.905252660,51.8,AVG
367516:8773,61:61,05/15/23 10:12:02,STABLE BEAMS,6800,452274.914718406,422280.395239170,58.5,AVG
367516:8773,62:62,05/15/23 10:12:26,STABLE BEAMS,6800,452516.447024524,437301.060617739,58.5,AVG
367516:8773,63:63,05/15/23 10:12:49,STABLE BEAMS,6800,452652.668224098,437438.362307446,58.5,AVG
367516:8773,64:64,05/15/23 10:13:12,STABLE BEAMS,6800,451907.406300110,436857.574348620,58.4,AVG
367516:8773,65:65,05/15/23 10:13:36,STABLE BEAMS,6800,452390.878850980,437090.524050705,58.5,AVG
367516:8773,66:66,05/15/23 10:13:59,STABLE BEAMS,6800,452090.433212952,436765.158590065,58.4,AVG
367516:8773,67:67,05/15/23 10:14:22,STABLE BEAMS,6800,452072.950128659,436869.068878049,58.4,AVG
367516:8773,68:68,05/15/23 10:14:46,STABLE BEAMS,6800,452003.518973239,436923.901648220,58.4,AVG
367516:8773,69:69,05/15/23 10:15:09,STABLE BEAMS,6800,451324.226553982,436012.937576917,58.3,AVG
367516:8773,70:70,05/15/23 10:15:32,STABLE BEAMS,6800,451052.147802988,436161.784578857,58.3,AVG
367516:8773,71:71,05/15/23 10:15:56,STABLE BEAMS,6800,450787.169515295,435844.539395169,58.3,AVG
367516:8773,72:72,05/15/23 10:16:19,STABLE BEAMS,6800,449080.610691334,434525.630611918,58.0,AVG
367516:8773,73:73,05/15/23 10:16:42,STABLE BEAMS,6800,446281.904571321,432285.524633696,57.7,AVG
367516:8773,74:74,05/15/23 10:17:06,STABLE BEAMS,6800,445120.190917329,296161.125866700,57.5,AVG
367516:8773,75:75,05/15/23 10:17:29,STABLE BEAMS,6800,444752.363141360,430504.174142720,57.5,AVG
367516:8773,76:76,05/15/23 10:17:52,STABLE BEAMS,6800,443394.281815673,428468.684574094,57.3,AVG
367516:8773,77:77,05/15/23 10:18:15,STABLE BEAMS,6800,442637.047475562,428595.150339197,57.2,AVG
367516:8773,78:78,05/15/23 10:18:39,STABLE BEAMS,6800,443098.118367758,422847.536279840,57.3,AVG
367516:8773,79:79,05/15/23 10:19:02,STABLE BEAMS,6800,443062.741929462,420977.723824391,57.3,AVG
367516:8773,80:80,05/15/23 10:19:25,STABLE BEAMS,6800,442972.594484694,418140.377026068,57.3,AVG
367516:8773,81:81,05/15/23 10:19:49,STABLE BEAMS,6800,442802.635594591,422475.440136675,57.2,AVG
367516:8773,82:82,05/15/23 10:20:12,STABLE BEAMS,6800,442312.971700805,413831.930306528,57.2,AVG
367516:8773,83:83,05/15/23 10:20:35,STABLE BEAMS,6800,442084.873396657,420300.090689544,57.1,AVG
367516:8773,84:84,05/15/23 10:20:59,STABLE BEAMS,6800,442149.022329543,411549.911016388,57.2,AVG
367516:8773,85:85,05/15/23 10:21:22,STABLE BEAMS,6800,447471.120282443,433286.334051623,57.8,AVG
367516:8773,86:86,05/15/23 10:21:45,STABLE BEAMS,6800,461367.440271686,438289.245376205,59.6,AVG
367516:8773,87:87,05/15/23 10:22:09,STABLE BEAMS,6800,461357.104272253,438288.124685241,59.6,AVG
367516:8773,88:88,05/15/23 10:22:32,STABLE BEAMS,6800,461444.748139350,444860.405479576,59.6,AVG
367516:8773,89:89,05/15/23 10:22:55,STABLE BEAMS,6800,460651.999827346,435378.511979423,59.5,AVG
367516:8773,90:90,05/15/23 10:23:18,STABLE BEAMS,6800,461244.830236004,444521.069746570,59.6,AVG
367516:8773,91:91,05/15/23 10:23:42,STABLE BEAMS,6800,460828.287593962,442716.938336002,59.6,AVG
367516:8773,92:92,05/15/23 10:24:05,STABLE BEAMS,6800,460855.922522534,444124.062789724,59.6,AVG
367516:8773,93:93,05/15/23 10:24:28,STABLE BEAMS,6800,460564.493493845,444144.931810577,59.5,AVG
367516:8773,94:94,05/15/23 10:24:52,STABLE BEAMS,6800,460326.648952974,438304.277742730,59.5,AVG
367516:8773,95:95,05/15/23 10:25:15,STABLE BEAMS,6800,460028.254663503,169346.430537672,59.5,AVG
367516:8773,96:96,05/15/23 10:25:38,STABLE BEAMS,6800,416816.988931631,14816.551407037,53.9,AVG
367516:8773,97:97,05/15/23 10:26:02,STABLE BEAMS,6800,459331.388247915,149933.641738765,59.4,AVG
367516:8773,98:98,05/15/23 10:26:25,STABLE BEAMS,6800,459355.428654356,443090.656571381,59.4,AVG
367516:8773,99:99,05/15/23 10:26:48,STABLE BEAMS,6800,458665.119560917,442679.452018093,59.3,AVG
367516:8773,100:100,05/15/23 10:27:12,STABLE BEAMS,6800,457854.205158794,375670.986063884,59.2,AVG
367516:8773,101:101,05/15/23 10:27:35,STABLE BEAMS,6800,457896.637769911,412459.142113870,59.2,AVG
367516:8773,102:102,05/15/23 10:27:58,STABLE BEAMS,6800,457699.041620159,441248.277987580,59.2,AVG
367516:8773,103:103,05/15/23 10:28:21,STABLE BEAMS,6800,456832.719827296,440930.203045386,59.0,AVG
367516:8773,104:104,05/15/23 10:28:45,STABLE BEAMS,6800,456566.284615912,440781.426995676,59.0,AVG
367516:8773,105:105,05/15/23 10:29:08,STABLE BEAMS,6800,456696.452006165,440888.609185275,59.0,AVG
367516:8773,106:106,05/15/23 10:29:31,STABLE BEAMS,6800,456395.414274349,433194.421445798,59.0,AVG
367516:8773,107:107,05/15/23 10:29:55,STABLE BEAMS,6800,455007.103530381,439565.386906176,58.8,AVG
367516:8773,108:108,05/15/23 10:30:18,STABLE BEAMS,6800,455289.380747212,439763.458321267,58.8,AVG
367516:8773,109:109,05/15/23 10:30:41,STABLE BEAMS,6800,455812.008413663,440190.736688793,58.9,AVG
367516:8773,110:110,05/15/23 10:31:05,STABLE BEAMS,6800,455623.564075769,440164.596031796,58.9,AVG
367516:8773,111:111,05/15/23 10:31:28,STABLE BEAMS,6800,455473.137287438,439758.231892395,58.9,AVG
367516:8773,112:112,05/15/23 10:31:51,STABLE BEAMS,6800,455232.106163070,439687.352292410,58.8,AVG
367516:8773,113:113,05/15/23 10:32:15,STABLE BEAMS,6800,455214.441254701,224494.046391194,58.8,AVG
367516:8773,114:114,05/15/23 10:32:38,STABLE BEAMS,6800,454952.968908178,206372.058344384,58.8,AVG
367516:8773,115:115,05/15/23 10:33:01,STABLE BEAMS,6800,454343.611157169,437974.950479313,58.7,AVG
367516:8773,116:116,05/15/23 10:33:25,STABLE BEAMS,6800,454429.660566978,439333.693195561,58.7,AVG
367516:8773,117:117,05/15/23 10:33:48,STABLE BEAMS,6800,454340.105215999,439133.456478994,58.7,AVG
367516:8773,118:118,05/15/23 10:34:11,STABLE BEAMS,6800,453840.699747644,341082.038634032,58.7,AVG
367516:8773,119:119,05/15/23 10:34:34,STABLE BEAMS,6800,453895.834402269,438672.107566712,58.7,AVG
367516:8773,120:120,05/15/23 10:34:58,STABLE BEAMS,6800,453659.402494608,438467.150902692,58.6,AVG
367516:8773,121:121,05/15/23 10:35:21,STABLE BEAMS,6800,453522.498289209,438396.194104991,58.6,AVG
367516:8773,122:122,05/15/23 10:35:44,STABLE BEAMS,6800,454384.906202268,439027.685614010,58.7,AVG
367516:8773,123:123,05/15/23 10:36:08,STABLE BEAMS,6800,453755.559458217,438566.943849914,58.7,AVG
367516:8773,124:124,05/15/23 10:36:31,STABLE BEAMS,6800,453168.829480438,438028.301184744,58.6,AVG
367516:8773,125:125,05/15/23 10:36:54,STABLE BEAMS,6800,452812.475269921,437846.558784182,58.5,AVG
367516:8773,126:126,05/15/23 10:37:18,STABLE BEAMS,6800,452847.986910736,437813.722435891,58.5,AVG
367516:8773,127:127,05/15/23 10:37:41,STABLE BEAMS,6800,451989.495208558,436993.100768398,58.4,AVG
367516:8773,128:128,05/15/23 10:38:04,STABLE BEAMS,6800,451382.960392893,436484.854312209,58.3,AVG
367516:8773,129:129,05/15/23 10:38:28,STABLE BEAMS,6800,452135.779671451,436891.554306218,58.4,AVG
367516:8773,130:130,05/15/23 10:38:51,STABLE BEAMS,6800,452347.306342767,437274.543724458,58.5,AVG
367516:8773,131:131,05/15/23 10:39:14,STABLE BEAMS,6800,452130.954340186,437045.488805757,58.4,AVG
367516:8773,132:132,05/15/23 10:39:38,STABLE BEAMS,6800,451755.977148280,436785.859470690,58.4,AVG
367516:8773,133:133,05/15/23 10:40:01,STABLE BEAMS,6800,451156.498505435,436389.503411342,58.3,AVG
367516:8773,134:134,05/15/23 10:40:24,STABLE BEAMS,6800,451216.551734441,435759.835509141,58.3,AVG
367516:8773,135:135,05/15/23 10:40:47,STABLE BEAMS,6800,451515.675651296,436500.072915476,58.4,AVG
367516:8773,136:136,05/15/23 10:41:11,STABLE BEAMS,6800,451223.015813473,436233.998815825,58.3,AVG
367516:8773,137:137,05/15/23 10:41:34,STABLE BEAMS,6800,451165.969674966,436254.473556287,58.3,AVG
367516:8773,138:138,05/15/23 10:41:57,STABLE BEAMS,6800,450740.592247661,435731.074402211,58.3,AVG
367516:8773,139:139,05/15/23 10:42:21,STABLE BEAMS,6800,449796.004514116,434846.233982058,58.1,AVG
367516:8773,140:140,05/15/23 10:42:44,STABLE BEAMS,6800,449536.809630707,434788.736614666,58.1,AVG
367516:8773,141:141,05/15/23 10:43:07,STABLE BEAMS,6800,449827.467072609,435026.661224416,58.1,AVG
367516:8773,142:142,05/15/23 10:43:31,STABLE BEAMS,6800,449323.688502103,434697.166480663,58.1,AVG
367516:8773,143:143,05/15/23 10:43:54,STABLE BEAMS,6800,449062.444601215,434417.207110243,58.0,AVG
367516:8773,144:144,05/15/23 10:44:17,STABLE BEAMS,6800,448987.505108703,434258.594013961,58.0,AVG
367516:8773,145:145,05/15/23 10:44:41,STABLE BEAMS,6800,448645.946249653,434183.257388263,58.0,AVG
367516:8773,146:146,05/15/23 10:45:04,STABLE BEAMS,6800,448161.702111997,433739.419429197,57.9,AVG
367516:8773,147:147,05/15/23 10:45:27,STABLE BEAMS,6800,447959.462455057,433484.599904881,57.9,AVG
367516:8773,148:148,05/15/23 10:45:50,STABLE BEAMS,6800,447564.817958861,433192.605469715,57.9,AVG
367516:8773,149:149,05/15/23 10:46:14,STABLE BEAMS,6800,446976.174166122,432935.816109049,57.8,AVG
367516:8773,150:150,05/15/23 10:46:37,STABLE BEAMS,6800,446166.399661095,432086.573150365,57.7,AVG
367516:8773,151:151,05/15/23 10:47:00,STABLE BEAMS,6800,446147.960834861,431995.226177025,57.7,AVG
367516:8773,152:152,05/15/23 10:47:24,STABLE BEAMS,6800,445916.125812830,431447.279711247,57.6,AVG
367516:8773,153:153,05/15/23 10:47:47,STABLE BEAMS,6800,445392.682269112,431316.205150331,57.6,AVG
367516:8773,154:154,05/15/23 10:48:10,STABLE BEAMS,6800,444594.106262344,430658.140657676,57.5,AVG
367516:8773,155:155,05/15/23 10:48:34,STABLE BEAMS,6800,445032.411847713,430910.585144722,57.5,AVG
367516:8773,156:156,05/15/23 10:48:57,STABLE BEAMS,6800,445417.904532052,431367.511109545,57.6,AVG
367516:8773,157:157,05/15/23 10:49:20,STABLE BEAMS,6800,445736.425348160,418400.821003623,57.6,AVG
367516:8773,158:158,05/15/23 10:49:44,STABLE BEAMS,6800,445516.655985370,421142.744781664,57.6,AVG
367516:8773,159:159,05/15/23 10:50:07,STABLE BEAMS,6800,445640.541120666,425312.484019984,57.6,AVG
367516:8773,160:160,05/15/23 10:50:30,STABLE BEAMS,6800,445636.170349593,425392.177116957,57.6,AVG
367516:8773,161:161,05/15/23 10:50:54,STABLE BEAMS,6800,445054.811175309,416601.665744912,57.5,AVG
367516:8773,162:162,05/15/23 10:51:17,STABLE BEAMS,6800,444616.414677902,420195.395033722,57.5,AVG
367516:8773,163:163,05/15/23 10:51:40,STABLE BEAMS,6800,444273.946698468,425694.050741061,57.4,AVG
367516:8773,164:164,05/15/23 10:52:04,STABLE BEAMS,6800,444330.538276784,430724.869307867,57.4,AVG
367516:8773,165:165,05/15/23 10:52:27,STABLE BEAMS,6800,444685.708299725,425945.918865025,57.5,AVG
367516:8773,166:166,05/15/23 10:52:50,STABLE BEAMS,6800,444205.198548874,430538.827296717,57.4,AVG
367516:8773,167:167,05/15/23 10:53:13,STABLE BEAMS,6800,443650.928830932,425171.746672322,57.3,AVG
367516:8773,168:168,05/15/23 10:53:37,STABLE BEAMS,6800,443686.715538940,430093.908069095,57.3,AVG
367516:8773,169:169,05/15/23 10:54:00,STABLE BEAMS,6800,443793.252792462,430206.410744218,57.4,AVG
367516:8773,170:170,05/15/23 10:54:23,STABLE BEAMS,6800,443665.316243766,430041.489588364,57.3,AVG
367516:8773,171:171,05/15/23 10:54:47,STABLE BEAMS,6800,443435.259834177,421147.970782713,57.3,AVG
367516:8773,172:172,05/15/23 10:55:10,STABLE BEAMS,6800,443358.178081070,429609.247055035,57.3,AVG
367516:8773,173:173,05/15/23 10:55:33,STABLE BEAMS,6800,443009.929028431,429466.041774867,57.3,AVG
367516:8773,174:174,05/15/23 10:55:57,STABLE BEAMS,6800,442738.211594513,429295.013555161,57.2,AVG
367516:8773,175:175,05/15/23 10:56:20,STABLE BEAMS,6800,442150.798610907,418807.506313806,57.2,AVG
367516:8773,176:176,05/15/23 10:56:43,STABLE BEAMS,6800,441643.970990501,428099.345073829,57.1,AVG
367516:8773,177:177,05/15/23 10:57:07,STABLE BEAMS,6800,441620.249941733,428067.835312787,57.1,AVG
367516:8773,178:178,05/15/23 10:57:30,STABLE BEAMS,6800,440767.632555878,426705.657530662,57.0,AVG
367516:8773,179:179,05/15/23 10:57:53,STABLE BEAMS,6800,440450.205015307,426761.942125499,56.9,AVG
367516:8773,180:180,05/15/23 10:58:16,STABLE BEAMS,6800,439690.464766447,426562.595297923,56.8,AVG
367516:8773,181:181,05/15/23 10:58:40,STABLE BEAMS,6800,439926.712518953,426532.501243350,56.9,AVG
367516:8773,182:182,05/15/23 10:59:03,STABLE BEAMS,6800,439961.452572981,426719.287663410,56.9,AVG
367516:8773,183:183,05/15/23 10:59:26,STABLE BEAMS,6800,439548.823810743,420536.471252216,56.8,AVG
367516:8773,184:184,05/15/23 10:59:50,STABLE BEAMS,6800,439472.744421136,426150.139380564,56.8,AVG
367516:8773,185:185,05/15/23 11:00:13,STABLE BEAMS,6800,439383.326603752,426288.351576341,56.8,AVG
367516:8773,186:186,05/15/23 11:00:36,STABLE BEAMS,6800,439451.664483635,426254.032628153,56.8,AVG
367516:8773,187:187,05/15/23 11:01:00,STABLE BEAMS,6800,438618.714402070,425639.316959859,56.7,AVG
367516:8773,188:188,05/15/23 11:01:23,STABLE BEAMS,6800,438416.794102803,425485.690410007,56.7,AVG
367516:8773,189:189,05/15/23 11:01:46,STABLE BEAMS,6800,438819.860783472,425703.674557724,56.7,AVG
367516:8773,190:190,05/15/23 11:02:10,STABLE BEAMS,6800,438577.738714644,425643.884497833,56.7,AVG
367516:8773,191:191,05/15/23 11:02:33,STABLE BEAMS,6800,438157.007125605,425133.048689062,56.6,AVG
367516:8773,192:192,05/15/23 11:02:56,STABLE BEAMS,6800,438037.765497497,425140.789482803,56.6,AVG
367516:8773,193:193,05/15/23 11:03:19,STABLE BEAMS,6800,437938.102592718,424982.136116213,56.6,AVG
367516:8773,194:194,05/15/23 11:03:43,STABLE BEAMS,6800,437590.217188232,420921.827977650,56.6,AVG
367516:8773,195:195,05/15/23 11:04:06,STABLE BEAMS,6800,436654.461908871,329807.405769077,56.4,AVG
367516:8773,196:196,05/15/23 11:04:29,STABLE BEAMS,6800,436128.468165924,423363.154111267,56.4,AVG
367516:8773,197:197,05/15/23 11:04:53,STABLE BEAMS,6800,435690.708052785,422955.823090793,56.3,AVG
367516:8773,198:198,05/15/23 11:05:16,STABLE BEAMS,6800,434794.427246678,422224.561703927,56.2,AVG
367516:8773,199:199,05/15/23 11:05:39,STABLE BEAMS,6800,433680.607919337,421287.171036461,56.1,AVG
367516:8773,200:200,05/15/23 11:06:03,STABLE BEAMS,6800,433069.975068714,420683.985915993,56.0,AVG
367516:8773,201:201,05/15/23 11:06:26,STABLE BEAMS,6800,432942.266965651,420393.196157050,56.0,AVG
367516:8773,202:202,05/15/23 11:06:49,STABLE BEAMS,6800,431976.872030720,419640.995107502,55.8,AVG
367516:8773,203:203,05/15/23 11:07:13,STABLE BEAMS,6800,431318.251610330,419189.063412927,55.8,AVG
367516:8773,204:204,05/15/23 11:07:36,STABLE BEAMS,6800,432159.670497927,420070.542057049,55.9,AVG
367516:8773,205:205,05/15/23 11:07:59,STABLE BEAMS,6800,432007.332225713,419842.972885052,55.8,AVG
367516:8773,206:206,05/15/23 11:08:23,STABLE BEAMS,6800,431974.596898684,419741.474767882,55.8,AVG
367516:8773,207:207,05/15/23 11:08:46,STABLE BEAMS,6800,431907.349963261,419770.948608225,55.8,AVG
367516:8773,208:208,05/15/23 11:09:09,STABLE BEAMS,6800,431681.937060861,419479.989872328,55.8,AVG
367516:8773,209:209,05/15/23 11:09:33,STABLE BEAMS,6800,431673.057985118,419505.602382197,55.8,AVG
367516:8773,210:210,05/15/23 11:09:56,STABLE BEAMS,6800,430933.078283665,418946.350778810,55.7,AVG
367516:8773,211:211,05/15/23 11:10:19,STABLE BEAMS,6800,431074.854441888,419117.897949629,55.7,AVG
367516:8773,212:212,05/15/23 11:10:42,STABLE BEAMS,6800,430541.848816601,418514.205120574,55.7,AVG
367516:8773,213:213,05/15/23 11:11:06,STABLE BEAMS,6800,430115.788383470,418274.816258374,55.6,AVG
367516:8773,214:214,05/15/23 11:11:29,STABLE BEAMS,6800,429798.134728343,417945.305880119,55.6,AVG
367516:8773,215:215,05/15/23 11:11:52,STABLE BEAMS,6800,430022.955536955,418115.798142652,55.6,AVG
367516:8773,216:216,05/15/23 11:12:16,STABLE BEAMS,6800,430017.538111902,417998.662435345,55.6,AVG
367516:8773,217:217,05/15/23 11:12:39,STABLE BEAMS,6800,429752.240466536,417914.406225900,55.5,AVG
367516:8773,218:218,05/15/23 11:13:02,STABLE BEAMS,6800,429898.890908659,418053.400895727,55.6,AVG
367516:8773,219:219,05/15/23 11:13:26,STABLE BEAMS,6800,429038.485391521,417100.106833173,55.5,AVG
367516:8773,220:220,05/15/23 11:13:49,STABLE BEAMS,6800,428970.830517465,417213.299945709,55.4,AVG
367516:8773,221:221,05/15/23 11:14:12,STABLE BEAMS,6800,428928.486487308,417168.359868682,55.4,AVG
367516:8773,222:222,05/15/23 11:14:35,STABLE BEAMS,6800,428571.314068446,416870.989037322,55.4,AVG
367516:8773,223:223,05/15/23 11:14:59,STABLE BEAMS,6800,427792.862257238,416131.659148945,55.3,AVG
367516:8773,224:224,05/15/23 11:15:22,STABLE BEAMS,6800,427847.041169921,415294.324219696,55.3,AVG
367516:8773,225:225,05/15/23 11:15:45,STABLE BEAMS,6800,428112.201281691,416488.686504920,55.3,AVG
367516:8773,226:226,05/15/23 11:16:09,STABLE BEAMS,6800,427714.232668402,415928.393292474,55.3,AVG
367516:8773,227:227,05/15/23 11:16:32,STABLE BEAMS,6800,427435.368149624,412511.562504274,55.2,AVG
367516:8773,228:228,05/15/23 11:16:55,STABLE BEAMS,6800,427798.097858214,412903.710089034,55.3,AVG
367516:8773,229:229,05/15/23 11:17:19,STABLE BEAMS,6800,427464.506623445,412399.683603142,55.3,AVG
367516:8773,230:230,05/15/23 11:17:42,STABLE BEAMS,6800,427263.770511754,412231.445792725,55.2,AVG
367516:8773,231:231,05/15/23 11:18:05,STABLE BEAMS,6800,426880.963229163,412192.329679328,55.2,AVG
367516:8773,232:232,05/15/23 11:18:29,STABLE BEAMS,6800,426614.346193702,412008.765150922,55.1,AVG
367516:8773,233:233,05/15/23 11:18:52,STABLE BEAMS,6800,426227.032937520,403757.320630791,55.1,AVG
367516:8773,234:234,05/15/23 11:19:15,STABLE BEAMS,6800,425603.786624349,405257.753171736,55.0,AVG
367516:8773,235:235,05/15/23 11:19:39,STABLE BEAMS,6800,425098.781906864,226773.800686504,54.9,AVG
367516:8773,236:236,05/15/23 11:20:02,STABLE BEAMS,6800,425285.130605722,388218.996561412,55.0,AVG
367516:8773,237:237,05/15/23 11:20:25,STABLE BEAMS,6800,424471.484180293,400685.945898721,54.9,AVG
367516:8773,238:238,05/15/23 11:20:49,STABLE BEAMS,6800,423606.299953449,409460.240665485,54.8,AVG
367516:8773,239:239,05/15/23 11:21:12,STABLE BEAMS,6800,423761.097512852,403617.117094573,54.8,AVG
367516:8773,240:240,05/15/23 11:21:35,STABLE BEAMS,6800,424503.172853343,405559.708067283,54.9,AVG
367516:8773,241:241,05/15/23 11:21:58,STABLE BEAMS,6800,424195.078948707,403863.030178168,54.8,AVG
367516:8773,242:242,05/15/23 11:22:22,STABLE BEAMS,6800,424116.223245314,409885.702869204,54.8,AVG
367516:8773,243:243,05/15/23 11:22:45,STABLE BEAMS,6800,423728.045159228,403481.676832176,54.8,AVG
367516:8773,244:244,05/15/23 11:23:08,STABLE BEAMS,6800,423525.577056653,409236.608667893,54.7,AVG
367516:8773,245:245,05/15/23 11:23:32,STABLE BEAMS,6800,423575.203374187,403449.705602691,54.8,AVG
367516:8773,246:246,05/15/23 11:23:55,STABLE BEAMS,6800,423409.342519043,408201.200679324,54.7,AVG
367516:8773,247:247,05/15/23 11:24:18,STABLE BEAMS,6800,423058.359112020,231969.314827253,54.7,AVG
367516:8773,248:248,05/15/23 11:24:42,STABLE BEAMS,6800,422850.930475662,311223.817834512,54.7,AVG
367516:8773,249:249,05/15/23 11:25:05,STABLE BEAMS,6800,422949.500104903,316498.058591751,54.7,AVG
367516:8773,250:250,05/15/23 11:25:28,STABLE BEAMS,6800,423070.835040971,408731.926775596,54.7,AVG
367516:8773,251:251,05/15/23 11:25:52,STABLE BEAMS,6800,422246.535589514,401780.625989148,54.6,AVG
367516:8773,252:252,05/15/23 11:26:15,STABLE BEAMS,6800,422181.610407685,402324.568347300,54.6,AVG
367516:8773,253:253,05/15/23 11:26:38,STABLE BEAMS,6800,421803.630787437,401791.234841333,54.5,AVG
367516:8773,254:254,05/15/23 11:27:01,STABLE BEAMS,6800,421137.268857322,407108.257739780,54.4,AVG
367516:8773,255:255,05/15/23 11:27:25,STABLE BEAMS,6800,420160.857248209,401741.736850532,54.3,AVG
367516:8773,256:256,05/15/23 11:27:48,STABLE BEAMS,6800,420548.035301873,406762.206306128,54.4,AVG
367516:8773,257:257,05/15/23 11:28:11,STABLE BEAMS,6800,420488.436633059,406603.467909700,54.4,AVG
367516:8773,258:258,05/15/23 11:28:35,STABLE BEAMS,6800,420201.697733116,406406.677945474,54.3,AVG
367516:8773,259:259,05/15/23 11:28:58,STABLE BEAMS,6800,419941.955046399,406255.085442308,54.3,AVG
367516:8773,260:260,05/15/23 11:29:21,STABLE BEAMS,6800,419950.969324660,400421.495031875,54.3,AVG
367516:8773,261:261,05/15/23 11:29:45,STABLE BEAMS,6800,420163.451737918,406368.142690938,54.3,AVG
367516:8773,262:262,05/15/23 11:30:08,STABLE BEAMS,6800,419639.096742739,405896.495006728,54.2,AVG
367516:8773,263:263,05/15/23 11:30:31,STABLE BEAMS,6800,419710.166645927,406046.773093681,54.3,AVG
367516:8773,264:264,05/15/23 11:30:55,STABLE BEAMS,6800,418524.230761418,405025.554349436,54.1,AVG
367516:8773,265:265,05/15/23 11:31:18,STABLE BEAMS,6800,418489.628240986,404954.337049649,54.1,AVG
367516:8773,266:266,05/15/23 11:31:41,STABLE BEAMS,6800,419294.169476115,405704.736301122,54.2,AVG
367516:8773,267:267,05/15/23 11:32:05,STABLE BEAMS,6800,418973.965621758,405361.101861339,54.2,AVG
367516:8773,268:268,05/15/23 11:32:28,STABLE BEAMS,6800,419122.891195918,405618.658554391,54.2,AVG
367516:8773,269:269,05/15/23 11:32:51,STABLE BEAMS,6800,418469.688200581,404941.361788609,54.1,AVG
367516:8773,270:270,05/15/23 11:33:15,STABLE BEAMS,6800,418184.448183732,404762.277690420,54.1,AVG
367516:8773,271:271,05/15/23 11:33:38,STABLE BEAMS,6800,417696.607192867,404305.138389613,54.0,AVG
367516:8773,272:272,05/15/23 11:34:01,STABLE BEAMS,6800,417504.202353611,404247.664281537,54.0,AVG
367516:8773,273:273,05/15/23 11:34:24,STABLE BEAMS,6800,416947.475679556,403648.494603854,53.9,AVG
367516:8773,274:274,05/15/23 11:34:48,STABLE BEAMS,6800,416219.878663938,402989.058310497,53.8,AVG
367516:8773,275:275,05/15/23 11:35:11,STABLE BEAMS,6800,415857.514934579,402812.452395043,53.8,AVG
367516:8773,276:276,05/15/23 11:35:34,STABLE BEAMS,6800,416372.993185094,402506.588513787,53.8,AVG
367516:8773,277:277,05/15/23 11:35:58,STABLE BEAMS,6800,416020.918833611,402622.792909914,53.8,AVG
367516:8773,278:278,05/15/23 11:36:21,STABLE BEAMS,6800,415283.622202827,291111.853211514,53.7,AVG
367516:8773,279:279,05/15/23 11:36:44,STABLE BEAMS,6800,415900.129369773,402961.363303424,53.8,AVG
367516:8773,280:280,05/15/23 11:37:08,STABLE BEAMS,6800,415702.398017503,402797.785431788,53.7,AVG
367516:8773,281:281,05/15/23 11:37:31,STABLE BEAMS,6800,415057.300180044,402218.880796739,53.6,AVG
367516:8773,282:282,05/15/23 11:37:54,STABLE BEAMS,6800,415001.890458226,402240.843238324,53.6,AVG
367516:8773,283:283,05/15/23 11:38:17,STABLE BEAMS,6800,415558.617132281,402655.890379926,53.7,AVG
367516:8773,284:284,05/15/23 11:38:41,STABLE BEAMS,6800,416078.647977945,397607.622373530,53.8,AVG
367516:8773,285:285,05/15/23 11:39:04,STABLE BEAMS,6800,413934.375662403,401186.455252503,53.5,AVG
367516:8773,286:286,05/15/23 11:39:27,STABLE BEAMS,6800,412944.441470358,400474.751977111,53.4,AVG
367516:8773,287:287,05/15/23 11:39:51,STABLE BEAMS,6800,412213.702161723,399748.823095332,53.3,AVG
367516:8773,288:288,05/15/23 11:40:14,STABLE BEAMS,6800,410940.761125463,398716.613477614,53.1,AVG
367516:8773,289:289,05/15/23 11:40:37,STABLE BEAMS,6800,410711.613836258,397369.199960124,53.1,AVG
367516:8773,290:290,05/15/23 11:41:01,STABLE BEAMS,6800,410994.347944358,398087.032923382,53.1,AVG
367516:8773,291:291,05/15/23 11:41:24,STABLE BEAMS,6800,410573.662976878,398168.889919297,53.1,AVG
367516:8773,292:292,05/15/23 11:41:47,STABLE BEAMS,6800,410139.180359274,397799.597181903,53.0,AVG
367516:8773,293:293,05/15/23 11:42:11,STABLE BEAMS,6800,409792.294987210,397463.649043201,53.0,AVG
367516:8773,294:294,05/15/23 11:42:34,STABLE BEAMS,6800,407338.700288975,27577.399876405,52.7,AVG
367516:8773,296:296,05/15/23 11:43:21,STABLE BEAMS,6800,409528.638420689,335575.906113130,52.9,AVG
367516:8773,297:297,05/15/23 11:43:44,STABLE BEAMS,6800,409705.245544978,397450.943336904,53.0,AVG
367516:8773,298:298,05/15/23 11:44:07,STABLE BEAMS,6800,410680.109318363,398281.860268846,53.1,AVG
367516:8773,299:299,05/15/23 11:44:30,STABLE BEAMS,6800,410400.470881721,397476.629065676,53.0,AVG
367516:8773,300:300,05/15/23 11:44:54,STABLE BEAMS,6800,409286.106082150,258251.585010942,52.9,AVG
367516:8773,301:301,05/15/23 11:45:17,STABLE BEAMS,6800,409127.846872056,396812.381930132,52.9,AVG
367516:8773,302:302,05/15/23 11:45:40,STABLE BEAMS,6800,408470.683375357,396359.155210556,52.8,AVG
367516:8773,303:303,05/15/23 11:46:04,STABLE BEAMS,6800,407786.521334355,395673.050632206,52.7,AVG
367516:8773,304:304,05/15/23 11:46:27,STABLE BEAMS,6800,406779.877975883,394952.265660762,52.6,AVG
367516:8773,305:305,05/15/23 11:46:50,STABLE BEAMS,6800,407318.303357300,395429.791210041,52.6,AVG
367516:8773,306:306,05/15/23 11:47:14,STABLE BEAMS,6800,407843.068622191,395955.088950569,52.7,AVG
367516:8773,307:307,05/15/23 11:47:37,STABLE BEAMS,6800,408018.673382981,396042.728918295,52.7,AVG
367516:8773,308:308,05/15/23 11:48:00,STABLE BEAMS,6800,407757.154414899,395786.709918135,52.7,AVG
367516:8773,309:309,05/15/23 11:48:24,STABLE BEAMS,6800,407195.693321618,387748.569108204,52.6,AVG
367516:8773,310:310,05/15/23 11:48:47,STABLE BEAMS,6800,406708.169357349,394879.458059981,52.6,AVG
367516:8773,311:311,05/15/23 11:49:10,STABLE BEAMS,6800,407153.123176905,390440.167701216,52.6,AVG
367516:8773,312:312,05/15/23 11:49:33,STABLE BEAMS,6800,406722.148831549,394943.620560522,52.6,AVG
367516:8773,313:313,05/15/23 11:49:57,STABLE BEAMS,6800,406578.687304000,390232.594832264,52.6,AVG
367516:8773,314:314,05/15/23 11:50:20,STABLE BEAMS,6800,406403.856461075,389024.283598571,52.5,AVG
367516:8773,315:315,05/15/23 11:50:43,STABLE BEAMS,6800,405830.602444669,393869.976159497,52.5,AVG
367516:8773,316:316,05/15/23 11:51:07,STABLE BEAMS,6800,405710.267541023,386490.119547400,52.4,AVG
367516:8773,317:317,05/15/23 11:51:30,STABLE BEAMS,6800,405216.689767432,385808.533227894,52.4,AVG
367516:8773,318:318,05/15/23 11:51:53,STABLE BEAMS,6800,404557.066983543,176447.305443792,52.3,AVG
367516:8773,319:319,05/15/23 11:52:17,STABLE BEAMS,6800,403666.751405797,367678.749061937,52.2,AVG
367516:8773,320:320,05/15/23 11:52:40,STABLE BEAMS,6800,403172.444004822,391746.799527938,52.1,AVG
367516:8773,321:321,05/15/23 11:53:03,STABLE BEAMS,6800,402232.910048176,390934.440046297,52.0,AVG
367516:8773,322:322,05/15/23 11:53:27,STABLE BEAMS,6800,401236.875425253,390106.968907603,51.9,AVG
367516:8773,323:323,05/15/23 11:53:50,STABLE BEAMS,6800,400854.205676258,383863.312944220,51.8,AVG
367516:8773,324:324,05/15/23 11:54:13,STABLE BEAMS,6800,401100.197334409,390013.233519504,51.8,AVG
367516:8773,325:325,05/15/23 11:54:37,STABLE BEAMS,6800,400934.564924900,384830.442760227,51.8,AVG
367516:8773,326:326,05/15/23 11:55:00,STABLE BEAMS,6800,400310.817429979,389234.880827027,51.7,AVG
367516:8773,327:327,05/15/23 11:55:23,STABLE BEAMS,6800,400144.273569009,389173.684800700,51.7,AVG
367516:8773,328:328,05/15/23 11:55:46,STABLE BEAMS,6800,400790.238567449,384747.879349604,51.8,AVG
367516:8773,329:329,05/15/23 11:56:10,STABLE BEAMS,6800,400627.652876762,389486.089680793,51.8,AVG
367516:8773,330:330,05/15/23 11:56:33,STABLE BEAMS,6800,400028.265145955,388871.182330226,51.7,AVG
367516:8773,331:331,05/15/23 11:56:56,STABLE BEAMS,6800,399869.052524998,382890.498552120,51.7,AVG
367516:8773,332:332,05/15/23 11:57:20,STABLE BEAMS,6800,400112.675807997,389045.830031418,51.7,AVG
367516:8773,333:333,05/15/23 11:57:43,STABLE BEAMS,6800,399901.923054546,388881.171561376,51.7,AVG
367516:8773,334:334,05/15/23 11:58:06,STABLE BEAMS,6800,399792.017393449,384317.592727153,51.7,AVG
367516:8773,335:335,05/15/23 11:58:30,STABLE BEAMS,6800,399310.778015214,388311.204278524,51.6,AVG
367516:8773,336:336,05/15/23 11:58:53,STABLE BEAMS,6800,399102.801575548,387646.556055425,51.6,AVG
367516:8773,337:337,05/15/23 11:59:16,STABLE BEAMS,6800,398756.326473194,387916.521016383,51.5,AVG
367516:8773,338:338,05/15/23 11:59:40,STABLE BEAMS,6800,398528.454283604,387605.227852548,51.5,AVG
367516:8773,339:339,05/15/23 12:00:03,STABLE BEAMS,6800,397405.986657233,386727.188455130,51.4,AVG
367516:8773,340:340,05/15/23 12:00:26,STABLE BEAMS,6800,396833.049667421,385734.297773179,51.3,AVG
367516:8773,341:341,05/15/23 12:00:50,STABLE BEAMS,6800,397736.025329273,387132.364001533,51.4,AVG
367516:8773,342:342,05/15/23 12:01:13,STABLE BEAMS,6800,397762.112422115,386952.594368590,51.4,AVG
367516:8773,343:343,05/15/23 12:01:36,STABLE BEAMS,6800,397666.183904141,387010.914873991,51.4,AVG
367516:8773,344:344,05/15/23 12:01:59,STABLE BEAMS,6800,397406.303683828,386666.905695400,51.4,AVG
367516:8773,345:345,05/15/23 12:02:23,STABLE BEAMS,6800,396801.181501373,386121.598911820,51.3,AVG
367516:8773,346:346,05/15/23 12:02:46,STABLE BEAMS,6800,396579.820012373,380472.370210830,51.3,AVG
367516:8773,347:347,05/15/23 12:03:09,STABLE BEAMS,6800,396417.327564802,385819.645515391,51.2,AVG
367516:8773,348:348,05/15/23 12:03:33,STABLE BEAMS,6800,395925.568031978,385416.165839874,51.2,AVG
367516:8773,349:349,05/15/23 12:03:56,STABLE BEAMS,6800,395142.381801543,384641.878895422,51.1,AVG
367516:8773,350:350,05/15/23 12:04:19,STABLE BEAMS,6800,395157.724956319,384389.240736646,51.1,AVG
367516:8773,351:351,05/15/23 12:04:43,STABLE BEAMS,6800,395605.546001699,385104.418124387,51.1,AVG
367516:8773,352:352,05/15/23 12:05:06,STABLE BEAMS,6800,395639.101868151,385206.834917564,51.1,AVG
367516:8773,353:353,05/15/23 12:05:29,STABLE BEAMS,6800,395961.765009698,385220.561289347,51.2,AVG
367516:8773,354:354,05/15/23 12:05:53,STABLE BEAMS,6800,395751.329282841,385182.658605327,51.2,AVG
367516:8773,355:355,05/15/23 12:06:16,STABLE BEAMS,6800,395717.638213871,385154.300808817,51.1,AVG
367516:8773,356:356,05/15/23 12:06:39,STABLE BEAMS,6800,395485.761232438,385071.019738244,51.1,AVG
367516:8773,357:357,05/15/23 12:07:03,STABLE BEAMS,6800,395118.341395102,384693.005586949,51.1,AVG
367516:8773,358:358,05/15/23 12:07:26,STABLE BEAMS,6800,395091.433762837,384602.703862747,51.1,AVG
367516:8773,359:359,05/15/23 12:07:49,STABLE BEAMS,6800,394728.342737172,381368.907553045,51.0,AVG
367516:8773,360:360,05/15/23 12:08:12,STABLE BEAMS,6800,394449.613420914,380714.988919164,51.0,AVG
367516:8773,361:361,05/15/23 12:08:36,STABLE BEAMS,6800,394075.731835623,368820.499210826,50.9,AVG
367516:8773,362:362,05/15/23 12:08:59,STABLE BEAMS,6800,394037.031280233,380737.977080919,50.9,AVG
367516:8773,363:363,05/15/23 12:09:22,STABLE BEAMS,6800,393248.562827264,379905.968750805,50.8,AVG
367516:8773,364:364,05/15/23 12:09:46,STABLE BEAMS,6800,392794.002635659,375380.992000129,50.8,AVG
367516:8773,365:365,05/15/23 12:10:09,STABLE BEAMS,6800,392482.903971602,379236.688776453,50.7,AVG
367516:8773,366:366,05/15/23 12:10:32,STABLE BEAMS,6800,392149.450270430,379037.907793279,50.7,AVG
367516:8773,367:367,05/15/23 12:10:56,STABLE BEAMS,6800,392282.713332141,379295.036363309,50.7,AVG
367516:8773,368:368,05/15/23 12:11:19,STABLE BEAMS,6800,392189.561127953,373585.515800388,50.7,AVG
367516:8773,369:369,05/15/23 12:11:42,STABLE BEAMS,6800,391596.730719295,378287.068511893,50.6,AVG
367516:8773,370:370,05/15/23 12:12:06,STABLE BEAMS,6800,391143.079648073,378302.658176199,50.6,AVG
367516:8773,371:371,05/15/23 12:12:29,STABLE BEAMS,6800,392235.590592278,379012.573740677,50.7,AVG
367516:8773,372:372,05/15/23 12:12:52,STABLE BEAMS,6800,391952.630369621,378952.618873285,50.7,AVG
367516:8773,373:373,05/15/23 12:13:15,STABLE BEAMS,6800,392017.825956486,378884.347844486,50.7,AVG
367516:8773,374:374,05/15/23 12:13:39,STABLE BEAMS,6800,392033.898738646,378923.617217469,50.7,AVG
367516:8773,375:375,05/15/23 12:14:02,STABLE BEAMS,6800,392015.093933181,379006.811401438,50.7,AVG
367516:8773,376:376,05/15/23 12:14:25,STABLE BEAMS,6800,391420.032682967,378439.011480926,50.6,AVG
367516:8773,377:377,05/15/23 12:14:49,STABLE BEAMS,6800,391179.185713754,378255.088065394,50.6,AVG
367516:8773,378:378,05/15/23 12:15:12,STABLE BEAMS,6800,391453.905576014,378576.052792033,50.6,AVG
367516:8773,379:379,05/15/23 12:15:35,STABLE BEAMS,6800,391438.790866874,357424.724336971,50.6,AVG
367516:8773,380:380,05/15/23 12:15:59,STABLE BEAMS,6800,390688.293341910,376981.444252235,50.5,AVG
367516:8773,381:381,05/15/23 12:16:22,STABLE BEAMS,6800,390369.499789687,377603.530656467,50.5,AVG
367516:8773,382:382,05/15/23 12:16:45,STABLE BEAMS,6800,390668.579416062,377776.803085136,50.5,AVG
367516:8773,383:383,05/15/23 12:17:09,STABLE BEAMS,6800,390431.783860249,252785.442645193,50.5,AVG
367516:8773,384:384,05/15/23 12:17:32,STABLE BEAMS,6800,390458.873316590,377498.974256451,50.5,AVG
367516:8773,385:385,05/15/23 12:17:55,STABLE BEAMS,6800,390201.634207544,376765.072813081,50.4,AVG
367516:8773,386:386,05/15/23 12:18:19,STABLE BEAMS,6800,390157.791294294,377287.972182649,50.4,AVG
367516:8773,387:387,05/15/23 12:18:42,STABLE BEAMS,6800,389976.950932528,370059.620406780,50.4,AVG
367516:8773,388:388,05/15/23 12:19:05,STABLE BEAMS,6800,389992.338377783,376712.136442935,50.4,AVG
367516:8773,389:389,05/15/23 12:19:28,STABLE BEAMS,6800,389495.574020696,369660.668023518,50.3,AVG
367516:8773,390:390,05/15/23 12:19:52,STABLE BEAMS,6800,389250.353949331,372223.445548039,50.3,AVG
367516:8773,391:391,05/15/23 12:20:15,STABLE BEAMS,6800,389119.687708407,372266.437984730,50.3,AVG
367516:8773,392:392,05/15/23 12:20:38,STABLE BEAMS,6800,389072.245610871,376271.017198324,50.3,AVG
367516:8773,393:393,05/15/23 12:21:02,STABLE BEAMS,6800,388534.321411203,369989.827650427,50.2,AVG
367516:8773,394:394,05/15/23 12:21:25,STABLE BEAMS,6800,388250.086088931,368621.273490396,50.2,AVG
367516:8773,395:395,05/15/23 12:21:48,STABLE BEAMS,6800,388283.322597710,371055.288761365,50.2,AVG
367516:8773,396:396,05/15/23 12:22:12,STABLE BEAMS,6800,388204.511184797,375792.127070632,50.2,AVG
367516:8773,397:397,05/15/23 12:22:35,STABLE BEAMS,6800,387474.865151700,375081.738601901,50.1,AVG
367516:8773,398:398,05/15/23 12:22:58,STABLE BEAMS,6800,387019.668575826,369372.850246946,50.0,AVG
367516:8773,399:399,05/15/23 12:23:22,STABLE BEAMS,6800,387068.154996264,369610.550751206,50.0,AVG
367516:8773,400:400,05/15/23 12:23:45,STABLE BEAMS,6800,386923.966172409,374820.067887660,50.0,AVG
367516:8773,401:401,05/15/23 12:24:08,STABLE BEAMS,6800,386030.918571358,369777.700611277,49.9,AVG
367516:8773,402:402,05/15/23 12:24:31,STABLE BEAMS,6800,386223.959794882,374113.879804633,49.9,AVG
367516:8773,403:403,05/15/23 12:24:55,STABLE BEAMS,6800,386613.049332429,374479.486535223,50.0,AVG
367516:8773,404:404,05/15/23 12:25:18,STABLE BEAMS,6800,386185.716130761,374002.846724365,49.9,AVG
367516:8773,405:405,05/15/23 12:25:41,STABLE BEAMS,6800,386429.523568915,374253.773072845,49.9,AVG
367516:8773,406:406,05/15/23 12:26:05,STABLE BEAMS,6800,386085.050862483,368778.335850067,49.9,AVG
367516:8773,407:407,05/15/23 12:26:28,STABLE BEAMS,6800,386251.823169088,374311.696457946,49.9,AVG
367516:8773,408:408,05/15/23 12:26:51,STABLE BEAMS,6800,386098.573445414,373708.730339098,49.9,AVG
367516:8773,409:409,05/15/23 12:27:15,STABLE BEAMS,6800,385956.888199229,373885.713956614,49.9,AVG
367516:8773,410:410,05/15/23 12:27:38,STABLE BEAMS,6800,385608.909551627,368203.855691810,49.8,AVG
367516:8773,411:411,05/15/23 12:28:01,STABLE BEAMS,6800,385509.064822771,373580.684087333,49.8,AVG
367516:8773,412:412,05/15/23 12:28:25,STABLE BEAMS,6800,385299.449635338,373350.873767234,49.8,AVG
367516:8773,413:413,05/15/23 12:28:48,STABLE BEAMS,6800,385243.039881099,373217.596950831,49.8,AVG
367516:8773,414:414,05/15/23 12:29:11,STABLE BEAMS,6800,384832.052197706,372934.011110687,49.7,AVG
367516:8773,415:415,05/15/23 12:29:35,STABLE BEAMS,6800,384596.485119949,372762.298664922,49.7,AVG
367516:8773,416:416,05/15/23 12:29:58,STABLE BEAMS,6800,384350.174104124,311554.559377643,49.7,AVG
367516:8773,417:417,05/15/23 12:30:21,STABLE BEAMS,6800,383991.132160781,371864.568753995,49.6,AVG
367516:8773,418:418,05/15/23 12:30:44,STABLE BEAMS,6800,383203.484247235,371651.520186240,49.5,AVG
367516:8773,419:419,05/15/23 12:31:08,STABLE BEAMS,6800,383114.931259754,371446.376504988,49.5,AVG
367516:8773,420:420,05/15/23 12:31:31,STABLE BEAMS,6800,382886.285152299,371291.697662843,49.5,AVG
367516:8773,421:421,05/15/23 12:31:54,STABLE BEAMS,6800,382419.111498146,370800.320167678,49.4,AVG
367516:8773,422:422,05/15/23 12:32:18,STABLE BEAMS,6800,381575.781126667,370017.523705896,49.3,AVG
367516:8773,423:423,05/15/23 12:32:41,STABLE BEAMS,6800,382264.404850781,365088.657111073,49.4,AVG
367516:8773,424:424,05/15/23 12:33:04,STABLE BEAMS,6800,382535.119921200,339236.253538378,49.4,AVG
367516:8773,425:425,05/15/23 12:33:28,STABLE BEAMS,6800,382197.342070512,243562.138461973,49.4,AVG
367516:8773,426:426,05/15/23 12:33:51,STABLE BEAMS,6800,382087.800057569,366993.248850818,49.4,AVG
367516:8773,427:427,05/15/23 12:34:14,STABLE BEAMS,6800,381695.955185938,358954.573422979,49.3,AVG
367516:8773,428:428,05/15/23 12:34:38,STABLE BEAMS,6800,381527.201463113,369900.604897394,49.3,AVG
367516:8773,429:429,05/15/23 12:35:01,STABLE BEAMS,6800,381933.000167087,370527.419657644,49.4,AVG
367516:8773,430:430,05/15/23 12:35:24,STABLE BEAMS,6800,381687.122731753,370172.003620709,49.3,AVG
367516:8773,431:431,05/15/23 12:35:48,STABLE BEAMS,6800,381238.982328700,369856.648749101,49.3,AVG
367516:8773,432:432,05/15/23 12:36:11,STABLE BEAMS,6800,381132.832034110,369663.684520269,49.3,AVG
367516:8773,433:433,05/15/23 12:36:34,STABLE BEAMS,6800,381237.364560634,369930.371525955,49.3,AVG
367516:8773,434:434,05/15/23 12:36:57,STABLE BEAMS,6800,380833.274536764,369499.930492760,49.2,AVG
367516:8773,435:435,05/15/23 12:37:21,STABLE BEAMS,6800,380882.604807404,369494.851492760,49.2,AVG
367516:8773,436:436,05/15/23 12:37:44,STABLE BEAMS,6800,380847.295970366,369553.104768079,49.2,AVG
367516:8773,437:437,05/15/23 12:38:07,STABLE BEAMS,6800,380488.393891698,369170.498218876,49.2,AVG
367516:8773,438:438,05/15/23 12:38:31,STABLE BEAMS,6800,380330.363127239,368861.838494268,49.2,AVG
367516:8773,439:439,05/15/23 12:38:54,STABLE BEAMS,6800,379921.445441027,368664.257060584,49.1,AVG
367516:8773,440:440,05/15/23 12:39:17,STABLE BEAMS,6800,380069.254428869,368816.766353508,49.1,AVG
367516:8773,441:441,05/15/23 12:39:41,STABLE BEAMS,6800,379802.795906706,368699.361702174,49.1,AVG
367516:8773,442:442,05/15/23 12:40:04,STABLE BEAMS,6800,378729.430105340,367868.149907119,49.0,AVG
367516:8773,443:443,05/15/23 12:40:27,STABLE BEAMS,6800,378658.700539526,367700.248072711,48.9,AVG
367516:8773,444:444,05/15/23 12:40:51,STABLE BEAMS,6800,379226.833177773,368245.491840017,49.0,AVG
367516:8773,445:445,05/15/23 12:41:14,STABLE BEAMS,6800,379249.756997898,367656.444970071,49.0,AVG
367516:8773,446:446,05/15/23 12:41:37,STABLE BEAMS,6800,378934.150029171,367930.575147801,49.0,AVG
367516:8773,447:447,05/15/23 12:42:00,STABLE BEAMS,6800,378955.162365413,368049.163734080,49.0,AVG
367516:8773,448:448,05/15/23 12:42:24,STABLE BEAMS,6800,378459.649797161,367628.988652012,48.9,AVG
367516:8773,449:449,05/15/23 12:42:47,STABLE BEAMS,6800,378361.763173746,367490.482753944,48.9,AVG
367516:8773,450:450,05/15/23 12:43:10,STABLE BEAMS,6800,378657.040812057,367710.365544960,48.9,AVG
367516:8773,451:451,05/15/23 12:43:34,STABLE BEAMS,6800,378262.076958188,367387.541589408,48.9,AVG
367516:8773,452:452,05/15/23 12:43:57,STABLE BEAMS,6800,378105.048557229,367265.341666225,48.9,AVG
367516:8773,453:453,05/15/23 12:44:20,STABLE BEAMS,6800,377904.652782912,358452.654276954,48.8,AVG
367516:8773,454:454,05/15/23 12:44:44,STABLE BEAMS,6800,377724.290292117,353601.615724184,48.8,AVG
367516:8773,455:455,05/15/23 12:45:07,STABLE BEAMS,6800,376556.746612283,365928.958827828,48.7,AVG
367516:8773,456:456,05/15/23 12:45:30,STABLE BEAMS,6800,375557.593007122,364925.640472207,48.5,AVG
367516:8773,457:457,05/15/23 12:45:54,STABLE BEAMS,6800,374958.342809912,287516.437446599,48.5,AVG
367516:8773,458:458,05/15/23 12:46:17,STABLE BEAMS,6800,374208.255554659,363709.398535349,48.4,AVG
367516:8773,459:459,05/15/23 12:46:40,STABLE BEAMS,6800,373300.818209697,362956.902126033,48.3,AVG
367516:8773,460:460,05/15/23 12:47:04,STABLE BEAMS,6800,372734.531785150,362376.439528925,48.2,AVG
367516:8773,461:461,05/15/23 12:47:27,STABLE BEAMS,6800,373638.325655347,363374.160678913,48.3,AVG
367516:8773,462:462,05/15/23 12:47:50,STABLE BEAMS,6800,373474.080237191,363069.439916762,48.3,AVG
367516:8773,463:463,05/15/23 12:48:13,STABLE BEAMS,6800,373543.828419207,363229.443440609,48.3,AVG
367516:8773,464:464,05/15/23 12:48:37,STABLE BEAMS,6800,373267.695923735,362900.955720710,48.2,AVG
367516:8773,465:465,05/15/23 12:49:00,STABLE BEAMS,6800,373208.782591825,357777.428216396,48.2,AVG
367516:8773,466:466,05/15/23 12:49:23,STABLE BEAMS,6800,372784.067190646,357335.172319732,48.2,AVG
367516:8773,467:467,05/15/23 12:49:47,STABLE BEAMS,6800,372114.360163737,361937.291963025,48.1,AVG
367516:8773,468:468,05/15/23 12:50:10,STABLE BEAMS,6800,371642.908981627,356101.817038828,48.0,AVG
367516:8773,469:469,05/15/23 12:50:33,STABLE BEAMS,6800,371151.743873669,360918.972788430,48.0,AVG
367516:8773,470:470,05/15/23 12:50:57,STABLE BEAMS,6800,370215.645925856,360084.794437147,47.9,AVG
367516:8773,471:471,05/15/23 12:51:20,STABLE BEAMS,6800,369741.189984325,359782.402484086,47.8,AVG
367516:8773,472:472,05/15/23 12:51:43,STABLE BEAMS,6800,369257.309494823,354187.973676752,47.7,AVG
367516:8773,473:473,05/15/23 12:52:07,STABLE BEAMS,6800,368574.285019838,60710.018167976,47.6,AVG
367516:8773,474:474,05/15/23 12:52:30,STABLE BEAMS,6800,368649.749004879,355487.961113255,47.7,AVG
367516:8773,475:475,05/15/23 12:52:53,STABLE BEAMS,6800,368130.993258829,356576.823228609,47.6,AVG
367516:8773,476:476,05/15/23 12:53:16,STABLE BEAMS,6800,366683.494115759,176555.140714156,47.4,AVG
367516:8773,477:477,05/15/23 12:53:40,STABLE BEAMS,6800,366014.607628272,354936.340466076,47.3,AVG
367516:8773,478:478,05/15/23 12:54:03,STABLE BEAMS,6800,364587.367883280,302827.830020724,47.1,AVG
367516:8773,479:479,05/15/23 12:54:26,STABLE BEAMS,6800,363957.613200597,330703.516018178,47.0,AVG
367516:8773,480:480,05/15/23 12:54:50,STABLE BEAMS,6800,362022.021310248,351334.482099483,46.8,AVG
367516:8773,481:481,05/15/23 12:55:13,STABLE BEAMS,6800,361193.099331304,346957.979178692,46.7,AVG
367516:8773,482:482,05/15/23 12:55:36,STABLE BEAMS,6800,359521.576608265,349546.308560249,46.5,AVG
367516:8773,483:483,05/15/23 12:56:00,STABLE BEAMS,6800,359904.747539009,350697.222972265,46.5,AVG
367516:8773,484:484,05/15/23 12:56:23,STABLE BEAMS,6800,360347.309672634,241510.970681883,46.6,AVG
367516:8773,485:485,05/15/23 12:56:46,STABLE BEAMS,6800,347238.639928015,337070.184954376,44.9,AVG
367516:8773,486:486,05/15/23 12:57:10,STABLE BEAMS,6800,351097.142644905,339975.689491800,45.4,AVG
367516:8773,487:487,05/15/23 12:57:33,STABLE BEAMS,6800,357204.839493872,340554.152115944,46.2,AVG
367516:8773,488:488,05/15/23 12:57:56,STABLE BEAMS,6800,351817.135684395,342419.643929712,45.5,AVG
367516:8773,489:489,05/15/23 12:58:20,STABLE BEAMS,6800,347823.458421911,252939.800510122,45.0,AVG
367516:8773,490:490,05/15/23 12:58:43,STABLE BEAMS,6800,337666.604656305,316679.864886788,43.6,AVG
367516:8773,491:491,05/15/23 12:59:06,STABLE BEAMS,6800,359976.728893658,350312.606909850,46.5,AVG
367516:8773,492:492,05/15/23 12:59:29,STABLE BEAMS,6800,359698.911028861,350203.594138996,46.5,AVG
367516:8773,493:493,05/15/23 12:59:53,STABLE BEAMS,6800,359427.468662135,346028.356494670,46.5,AVG
367516:8773,494:494,05/15/23 13:00:16,STABLE BEAMS,6800,359268.799182330,349995.039080613,46.4,AVG
367516:8773,495:495,05/15/23 13:00:39,STABLE BEAMS,6800,360004.228619712,350572.542238860,46.5,AVG
367516:8773,496:496,05/15/23 13:01:03,STABLE BEAMS,6800,366448.997002760,356332.763959802,47.4,AVG
367516:8773,497:497,05/15/23 13:01:26,STABLE BEAMS,6800,366202.002981109,350550.629493324,47.3,AVG
367516:8773,498:498,05/15/23 13:01:49,STABLE BEAMS,6800,366024.941296628,356041.079334933,47.3,AVG
367516:8773,499:499,05/15/23 13:02:13,STABLE BEAMS,6800,365856.122303622,350885.220083366,47.3,AVG
367516:8773,500:500,05/15/23 13:02:36,STABLE BEAMS,6800,365760.783548358,351745.295863110,47.3,AVG
367516:8773,501:501,05/15/23 13:02:59,STABLE BEAMS,6800,365703.599876254,355922.581576472,47.3,AVG
367516:8773,502:502,05/15/23 13:03:23,STABLE BEAMS,6800,365427.057111071,355637.377706318,47.2,AVG
367516:8773,503:503,05/15/23 13:03:46,STABLE BEAMS,6800,365150.104076176,349896.716383950,47.2,AVG
367516:8773,504:504,05/15/23 13:04:09,STABLE BEAMS,6800,365063.371660540,355249.307584327,47.2,AVG
367516:8773,505:505,05/15/23 13:04:33,STABLE BEAMS,6800,364995.784387743,355293.233652837,47.2,AVG
367516:8773,506:506,05/15/23 13:04:56,STABLE BEAMS,6800,364417.977776187,354681.943577826,47.1,AVG
367516:8773,507:507,05/15/23 13:05:19,STABLE BEAMS,6800,364089.806297549,354373.209399469,47.1,AVG
367516:8773,508:508,05/15/23 13:05:42,STABLE BEAMS,6800,363945.365717280,354288.855482074,47.0,AVG
367516:8773,509:509,05/15/23 13:06:06,STABLE BEAMS,6800,363686.965731437,350055.096096719,47.0,AVG
367516:8773,510:510,05/15/23 13:06:29,STABLE BEAMS,6800,362893.671947203,353397.034359231,46.9,AVG
367516:8773,511:511,05/15/23 13:06:52,STABLE BEAMS,6800,363196.644473681,353614.798989018,46.9,AVG
367516:8773,512:512,05/15/23 13:07:16,STABLE BEAMS,6800,363326.879465192,353747.412080718,47.0,AVG
367516:8773,513:513,05/15/23 13:07:39,STABLE BEAMS,6800,363309.736718274,353769.754372542,47.0,AVG
367516:8773,514:514,05/15/23 13:08:02,STABLE BEAMS,6800,363281.327871838,353659.353052270,47.0,AVG
367516:8773,515:515,05/15/23 13:08:26,STABLE BEAMS,6800,362873.503461163,353288.004641292,46.9,AVG
367516:8773,516:516,05/15/23 13:08:49,STABLE BEAMS,6800,362785.791992806,353266.595374266,46.9,AVG
367516:8773,517:517,05/15/23 13:09:12,STABLE BEAMS,6800,362802.090889523,353325.986961701,46.9,AVG
367516:8773,518:518,05/15/23 13:09:36,STABLE BEAMS,6800,362720.456541266,353244.345803037,46.9,AVG
367516:8773,519:519,05/15/23 13:09:59,STABLE BEAMS,6800,362685.581284720,353155.455727693,46.9,AVG
367516:8773,520:520,05/15/23 13:10:22,STABLE BEAMS,6800,362437.358785013,347900.965952812,46.8,AVG
367516:8773,521:521,05/15/23 13:10:45,STABLE BEAMS,6800,362079.797076140,350232.134865575,46.8,AVG
367516:8773,522:522,05/15/23 13:11:09,STABLE BEAMS,6800,361588.837103037,348572.423506628,46.7,AVG
367516:8773,523:523,05/15/23 13:11:32,STABLE BEAMS,6800,360946.310444509,349797.537786623,46.7,AVG
367516:8773,524:524,05/15/23 13:11:55,STABLE BEAMS,6800,360920.337574484,351568.151669053,46.7,AVG
367516:8773,525:525,05/15/23 13:12:19,STABLE BEAMS,6800,360698.885173445,351260.149028777,46.6,AVG
367516:8773,526:526,05/15/23 13:12:42,STABLE BEAMS,6800,360296.660011900,350976.519269629,46.6,AVG
367516:8773,527:527,05/15/23 13:13:05,STABLE BEAMS,6800,359785.599154017,345522.106348039,46.5,AVG
367516:8773,528:528,05/15/23 13:13:29,STABLE BEAMS,6800,360083.676416893,350794.525331522,46.5,AVG
367516:8773,529:529,05/15/23 13:13:52,STABLE BEAMS,6800,360225.907135307,350969.727381674,46.6,AVG
367516:8773,530:530,05/15/23 13:14:15,STABLE BEAMS,6800,360245.802885232,350919.850250032,46.6,AVG
367516:8773,531:531,05/15/23 13:14:39,STABLE BEAMS,6800,360260.076075248,350994.955821673,46.6,AVG
367516:8773,532:532,05/15/23 13:15:02,STABLE BEAMS,6800,360428.328616324,351059.024670136,46.6,AVG
367516:8773,533:533,05/15/23 13:15:25,STABLE BEAMS,6800,360030.658381006,350761.973954949,46.5,AVG
367516:8773,534:534,05/15/23 13:15:49,STABLE BEAMS,6800,360200.570649550,350875.411232740,46.6,AVG
367516:8773,535:535,05/15/23 13:16:12,STABLE BEAMS,6800,360011.967798358,350772.971416441,46.5,AVG
367516:8773,536:536,05/15/23 13:16:35,STABLE BEAMS,6800,359834.586756204,350676.796991044,46.5,AVG
367516:8773,537:537,05/15/23 13:16:58,STABLE BEAMS,6800,359770.071844087,261053.197152575,46.5,AVG
367516:8773,538:538,05/15/23 13:17:22,STABLE BEAMS,6800,359428.811363009,349995.856684385,46.5,AVG
367516:8773,539:539,05/15/23 13:17:45,STABLE BEAMS,6800,359334.020411053,349810.397294862,46.4,AVG
367516:8773,540:540,05/15/23 13:18:08,STABLE BEAMS,6800,359509.396726208,350106.734936595,46.5,AVG
367516:8773,541:541,05/15/23 13:18:32,STABLE BEAMS,6800,358674.465228423,104645.909694339,46.4,AVG
367516:8773,542:542,05/15/23 13:18:55,STABLE BEAMS,6800,358469.519190034,349021.598214073,46.3,AVG
367516:8773,543:543,05/15/23 13:19:18,STABLE BEAMS,6800,358305.933466926,348939.848828618,46.3,AVG
367516:8773,544:544,05/15/23 13:19:42,STABLE BEAMS,6800,358359.452684562,344043.738116655,46.3,AVG
367516:8773,545:545,05/15/23 13:20:05,STABLE BEAMS,6800,357546.216528846,347977.462352373,46.2,AVG
367516:8773,546:546,05/15/23 13:20:28,STABLE BEAMS,6800,357506.970501226,343343.641447358,46.2,AVG
367516:8773,547:547,05/15/23 13:20:52,STABLE BEAMS,6800,357787.312923395,348126.583374104,46.2,AVG
367516:8773,548:548,05/15/23 13:21:15,STABLE BEAMS,6800,357758.540428806,348372.617436633,46.2,AVG
367516:8773,549:549,05/15/23 13:21:38,STABLE BEAMS,6800,357288.863196982,348310.920147269,46.2,AVG
367516:8773,550:550,05/15/23 13:22:02,STABLE BEAMS,6800,357200.058453088,348239.078102291,46.2,AVG
367516:8773,551:551,05/15/23 13:22:25,STABLE BEAMS,6800,357655.143137222,343909.890497911,46.2,AVG
367516:8773,552:552,05/15/23 13:22:48,STABLE BEAMS,6800,357511.819143270,348055.438828059,46.2,AVG
367516:8773,553:553,05/15/23 13:23:11,STABLE BEAMS,6800,357349.165851324,348393.746182432,46.2,AVG
367516:8773,554:554,05/15/23 13:23:35,STABLE BEAMS,6800,357198.102678725,348243.151423941,46.2,AVG
367516:8773,555:555,05/15/23 13:23:58,STABLE BEAMS,6800,356999.389942656,348017.450975116,46.1,AVG
367516:8773,556:556,05/15/23 13:24:21,STABLE BEAMS,6800,356867.015021627,342940.372367398,46.1,AVG
367516:8773,557:557,05/15/23 13:24:45,STABLE BEAMS,6800,356766.419685685,347854.871911083,46.1,AVG
367516:8773,558:558,05/15/23 13:25:08,STABLE BEAMS,6800,356538.799252509,342449.683849894,46.1,AVG
367516:8773,559:559,05/15/23 13:25:31,STABLE BEAMS,6800,356267.855736455,347383.054033505,46.1,AVG
367516:8773,560:560,05/15/23 13:25:55,STABLE BEAMS,6800,355404.468770675,346640.624006010,45.9,AVG
367516:8773,561:561,05/15/23 13:26:18,STABLE BEAMS,6800,355123.305809083,342406.641443648,45.9,AVG
367516:8773,562:562,05/15/23 13:26:41,STABLE BEAMS,6800,355585.971158566,346825.021172542,46.0,AVG
367516:8773,563:563,05/15/23 13:27:05,STABLE BEAMS,6800,355352.749145182,346610.869249426,45.9,AVG
367516:8773,564:564,05/15/23 13:27:28,STABLE BEAMS,6800,354690.737006440,345907.097137621,45.8,AVG
367516:8773,565:565,05/15/23 13:27:51,STABLE BEAMS,6800,354747.601320871,346084.815983618,45.9,AVG
367516:8773,566:566,05/15/23 13:28:14,STABLE BEAMS,6800,355142.541863961,346455.039216061,45.9,AVG
367516:8773,567:567,05/15/23 13:28:38,STABLE BEAMS,6800,354160.325870862,345454.948967201,45.8,AVG
367516:8773,568:568,05/15/23 13:29:01,STABLE BEAMS,6800,353538.513170603,340197.767568299,45.7,AVG
367516:8773,569:569,05/15/23 13:29:24,STABLE BEAMS,6800,352974.525188871,344347.562250520,45.6,AVG
367516:8773,570:570,05/15/23 13:29:48,STABLE BEAMS,6800,352551.152488566,344068.071839888,45.6,AVG
367516:8773,571:571,05/15/23 13:30:11,STABLE BEAMS,6800,351773.451284443,343357.925761082,45.5,AVG
367516:8773,572:572,05/15/23 13:30:34,STABLE BEAMS,6800,351400.364596719,337836.848025283,45.4,AVG
367516:8773,573:573,05/15/23 13:30:58,STABLE BEAMS,6800,351178.979796940,342791.556352730,45.4,AVG
367516:8773,574:574,05/15/23 13:31:21,STABLE BEAMS,6800,350817.093938552,342451.649843331,45.3,AVG
367516:8773,575:575,05/15/23 13:31:44,STABLE BEAMS,6800,349523.005363532,341211.696141282,45.2,AVG
367516:8773,576:576,05/15/23 13:32:08,STABLE BEAMS,6800,349073.135300672,340747.922576689,45.1,AVG
367516:8773,577:577,05/15/23 13:32:31,STABLE BEAMS,6800,349754.474406331,338060.058932538,45.2,AVG
367516:8773,578:578,05/15/23 13:32:54,STABLE BEAMS,6800,349563.365646390,332977.874953891,45.2,AVG
367516:8773,579:579,05/15/23 13:33:18,STABLE BEAMS,6800,349423.204925156,338019.748826624,45.2,AVG
367516:8773,580:580,05/15/23 13:33:41,STABLE BEAMS,6800,349349.722356336,337962.551927478,45.2,AVG
367516:8773,581:581,05/15/23 13:34:04,STABLE BEAMS,6800,349240.930950478,337786.692227821,45.1,AVG
367516:8773,582:582,05/15/23 13:34:27,STABLE BEAMS,6800,349021.480945361,337389.809056673,45.1,AVG
367516:8773,583:583,05/15/23 13:34:51,STABLE BEAMS,6800,348938.415315270,337535.190705853,45.1,AVG
367516:8773,584:584,05/15/23 13:35:14,STABLE BEAMS,6800,348722.471251323,337372.110954689,45.1,AVG
367516:8773,585:585,05/15/23 13:35:37,STABLE BEAMS,6800,348785.755354306,332519.826954122,45.1,AVG
367516:8773,586:586,05/15/23 13:36:01,STABLE BEAMS,6800,348109.015465355,336225.660995878,45.0,AVG
367516:8773,587:587,05/15/23 13:36:24,STABLE BEAMS,6800,347545.983225565,336398.529016114,44.9,AVG
367516:8773,588:588,05/15/23 13:36:47,STABLE BEAMS,6800,348254.250943190,336978.311579384,45.0,AVG
367516:8773,589:589,05/15/23 13:37:11,STABLE BEAMS,6800,348796.660136749,337294.770840758,45.1,AVG
367516:8773,590:590,05/15/23 13:37:34,STABLE BEAMS,6800,348492.230686580,337174.372225314,45.0,AVG
367516:8773,591:591,05/15/23 13:37:57,STABLE BEAMS,6800,348071.158760167,336691.956708969,45.0,AVG
367516:8773,592:592,05/15/23 13:38:21,STABLE BEAMS,6800,348334.018098044,336980.242959644,45.0,AVG
367516:8773,593:593,05/15/23 13:38:44,STABLE BEAMS,6800,348334.381746197,337115.085440487,45.0,AVG
367516:8773,594:594,05/15/23 13:39:07,STABLE BEAMS,6800,348118.894573520,336973.931869506,45.0,AVG
367516:8773,595:595,05/15/23 13:39:31,STABLE BEAMS,6800,347765.591743981,336561.119937001,45.0,AVG
367516:8773,596:596,05/15/23 13:39:54,STABLE BEAMS,6800,347295.231506331,336139.831598211,44.9,AVG
367516:8773,597:597,05/15/23 13:40:17,STABLE BEAMS,6800,347115.552021362,333730.035625541,44.9,AVG
367516:8773,598:598,05/15/23 13:40:40,STABLE BEAMS,6800,346408.967341985,330901.162335695,44.8,AVG
367516:8773,599:599,05/15/23 13:41:04,STABLE BEAMS,6800,346548.559280210,325386.279887151,44.8,AVG
367516:8773,600:600,05/15/23 13:41:27,STABLE BEAMS,6800,347444.544039422,275435.047365011,44.9,AVG
367516:8773,601:601,05/15/23 13:41:50,STABLE BEAMS,6800,346127.986204469,334807.481783149,44.7,AVG
367516:8773,602:602,05/15/23 13:42:14,STABLE BEAMS,6800,346249.957524806,334964.883967419,44.8,AVG
367516:8773,603:603,05/15/23 13:42:37,STABLE BEAMS,6800,345856.359682589,157918.264922787,44.7,AVG
367516:8773,604:604,05/15/23 13:43:00,STABLE BEAMS,6800,344963.265459980,333765.935070778,44.6,AVG
367516:8773,605:605,05/15/23 13:43:24,STABLE BEAMS,6800,344742.677888844,329016.342065155,44.6,AVG
367516:8773,606:606,05/15/23 13:43:47,STABLE BEAMS,6800,344198.972615970,333307.337242743,44.5,AVG
367516:8773,607:607,05/15/23 13:44:10,STABLE BEAMS,6800,344210.651316278,333331.598725959,44.5,AVG
367516:8773,608:608,05/15/23 13:44:34,STABLE BEAMS,6800,343818.489418051,332910.693948108,44.4,AVG
367516:8773,609:609,05/15/23 13:44:57,STABLE BEAMS,6800,342702.621073231,332039.064177327,44.3,AVG
367516:8773,610:610,05/15/23 13:45:20,STABLE BEAMS,6800,342852.845057784,332161.107071624,44.3,AVG
367516:8773,611:611,05/15/23 13:45:44,STABLE BEAMS,6800,343967.254147835,333208.560759150,44.5,AVG
367516:8773,612:612,05/15/23 13:46:07,STABLE BEAMS,6800,343632.094097636,332901.859529444,44.4,AVG
367516:8773,613:613,05/15/23 13:46:30,STABLE BEAMS,6800,343192.581013912,332508.660667797,44.4,AVG
367516:8773,614:614,05/15/23 13:46:53,STABLE BEAMS,6800,342840.597574468,332228.333476001,44.3,AVG
367516:8773,615:615,05/15/23 13:47:17,STABLE BEAMS,6800,343374.013469466,332727.939212927,44.4,AVG
367516:8773,616:616,05/15/23 13:47:40,STABLE BEAMS,6800,344045.130798508,333339.449081997,44.5,AVG
367516:8773,617:617,05/15/23 13:48:03,STABLE BEAMS,6800,343132.823831800,332416.549633837,44.4,AVG
367516:8773,618:618,05/15/23 13:48:27,STABLE BEAMS,6800,342355.668099907,331794.349426666,44.3,AVG
367516:8773,619:619,05/15/23 13:48:50,STABLE BEAMS,6800,342647.621621125,327092.832267140,44.3,AVG
367516:8773,620:620,05/15/23 13:49:13,STABLE BEAMS,6800,341971.564738001,331503.551823265,44.2,AVG
367516:8773,621:621,05/15/23 13:49:37,STABLE BEAMS,6800,341906.844691028,331580.432344710,44.2,AVG
367516:8773,622:622,05/15/23 13:50:00,STABLE BEAMS,6800,341239.347525973,330769.651829752,44.1,AVG
367516:8773,623:623,05/15/23 13:50:23,STABLE BEAMS,6800,340899.040455758,326750.360544500,44.1,AVG
367516:8773,624:624,05/15/23 13:50:47,STABLE BEAMS,6800,341086.142092779,330813.443166344,44.1,AVG
367516:8773,625:625,05/15/23 13:51:10,STABLE BEAMS,6800,340565.132194394,329691.524550507,44.0,AVG
367516:8773,626:626,05/15/23 13:51:33,STABLE BEAMS,6800,339829.476642456,329546.562541741,43.9,AVG
367516:8773,627:627,05/15/23 13:51:56,STABLE BEAMS,6800,340260.658453746,326123.516646461,44.0,AVG
367516:8773,628:628,05/15/23 13:52:20,STABLE BEAMS,6800,340883.105207195,330081.016883453,44.1,AVG
367516:8773,629:629,05/15/23 13:52:43,STABLE BEAMS,6800,340497.659144415,330167.282651306,44.0,AVG
367516:8773,630:630,05/15/23 13:53:06,STABLE BEAMS,6800,340365.967229212,330087.920221701,44.0,AVG
367516:8773,631:631,05/15/23 13:53:30,STABLE BEAMS,6800,340345.752121614,325816.896083670,44.0,AVG
367516:8773,632:632,05/15/23 13:53:53,STABLE BEAMS,6800,340773.745018329,330423.037623460,44.0,AVG
367516:8773,633:633,05/15/23 13:54:16,STABLE BEAMS,6800,340542.140773011,330283.352678106,44.0,AVG
367516:8773,634:634,05/15/23 13:54:40,STABLE BEAMS,6800,340568.204555074,325560.020395830,44.0,AVG
367516:8773,635:635,05/15/23 13:55:03,STABLE BEAMS,6800,340182.485756179,329975.129498092,44.0,AVG
367516:8773,636:636,05/15/23 13:55:26,STABLE BEAMS,6800,340198.078336290,323677.777968271,44.0,AVG
367516:8773,637:637,05/15/23 13:55:50,STABLE BEAMS,6800,339715.267811546,329549.721253508,43.9,AVG
367516:8773,638:638,05/15/23 13:56:13,STABLE BEAMS,6800,339762.322950150,329696.570340271,43.9,AVG
367516:8773,639:639,05/15/23 13:56:36,STABLE BEAMS,6800,339396.998751851,325606.255080732,43.9,AVG
367516:8773,640:640,05/15/23 13:57:00,STABLE BEAMS,6800,339207.461138419,329152.991751953,43.8,AVG
367516:8773,641:641,05/15/23 13:57:23,STABLE BEAMS,6800,338517.403801394,323700.827328437,43.8,AVG
367516:8773,642:642,05/15/23 13:57:46,STABLE BEAMS,6800,338957.462357348,328949.679930097,43.8,AVG
367516:8773,643:643,05/15/23 13:58:09,STABLE BEAMS,6800,338892.742310375,328919.549910634,43.8,AVG
367516:8773,644:644,05/15/23 13:58:33,STABLE BEAMS,6800,338731.821009313,328691.628003355,43.8,AVG
367516:8773,645:645,05/15/23 13:58:56,STABLE BEAMS,6800,338155.562233486,328142.474772962,43.7,AVG
367516:8773,646:646,05/15/23 13:59:19,STABLE BEAMS,6800,338377.492505495,328279.580786711,43.7,AVG
367516:8773,647:647,05/15/23 13:59:43,STABLE BEAMS,6800,338434.198306629,325732.761152010,43.7,AVG
367516:8773,648:648,05/15/23 14:00:06,STABLE BEAMS,6800,338268.109005850,328280.886546957,43.7,AVG
367516:8773,649:649,05/15/23 14:00:29,STABLE BEAMS,6800,338095.145356327,328063.757212205,43.7,AVG
367516:8773,650:650,05/15/23 14:00:53,STABLE BEAMS,6800,337987.605739305,323117.985683499,43.7,AVG
367516:8773,651:651,05/15/23 14:01:16,STABLE BEAMS,6800,338295.382617346,328330.402338297,43.7,AVG
367516:8773,652:652,05/15/23 14:01:39,STABLE BEAMS,6800,337710.881150045,327704.921707567,43.7,AVG
367516:8773,653:653,05/15/23 14:02:03,STABLE BEAMS,6800,337341.528849125,327284.588596158,43.6,AVG
367516:8773,654:654,05/15/23 14:02:26,STABLE BEAMS,6800,337675.346198451,327254.959477288,43.6,AVG
367516:8773,655:655,05/15/23 14:02:49,STABLE BEAMS,6800,337207.606092367,327274.426034170,43.6,AVG
367516:8773,656:656,05/15/23 14:03:13,STABLE BEAMS,6800,336920.638746790,326617.372464831,43.5,AVG
367516:8773,657:657,05/15/23 14:03:36,STABLE BEAMS,6800,336427.718337169,326614.927975015,43.5,AVG
367516:8773,658:658,05/15/23 14:03:59,STABLE BEAMS,6800,336885.922003540,327128.966271408,43.5,AVG
367516:8773,659:659,05/15/23 14:04:22,STABLE BEAMS,6800,336683.432921265,326883.233071872,43.5,AVG
367516:8773,660:660,05/15/23 14:04:46,STABLE BEAMS,6800,336273.808918447,326050.539388562,43.5,AVG
367516:8773,661:661,05/15/23 14:05:09,STABLE BEAMS,6800,336322.866452972,326526.950108790,43.5,AVG
367516:8773,662:662,05/15/23 14:05:32,STABLE BEAMS,6800,336110.498262531,326164.415953876,43.4,AVG
367516:8773,663:663,05/15/23 14:05:56,STABLE BEAMS,6800,335989.890622770,326337.973309716,43.4,AVG
367516:8773,664:664,05/15/23 14:06:19,STABLE BEAMS,6800,335841.466230360,326105.849852033,43.4,AVG
367516:8773,665:665,05/15/23 14:06:42,STABLE BEAMS,6800,335667.500217338,325994.539284266,43.4,AVG
367516:8773,666:666,05/15/23 14:07:06,STABLE BEAMS,6800,335649.266525960,321306.742104961,43.4,AVG
367516:8773,667:667,05/15/23 14:07:29,STABLE BEAMS,6800,335363.073098247,325782.749515324,43.3,AVG
367516:8773,668:668,05/15/23 14:07:52,STABLE BEAMS,6800,335340.603838315,325740.881208214,43.3,AVG
367516:8773,669:669,05/15/23 14:08:16,STABLE BEAMS,6800,335107.677871824,325516.906418938,43.3,AVG
367516:8773,670:670,05/15/23 14:08:39,STABLE BEAMS,6800,335395.738492940,325761.252239726,43.4,AVG
367516:8773,671:671,05/15/23 14:09:02,STABLE BEAMS,6800,334355.881936467,324877.122720415,43.2,AVG
367516:8773,672:672,05/15/23 14:09:25,STABLE BEAMS,6800,334327.904339443,318847.955214670,43.2,AVG
367516:8773,673:673,05/15/23 14:09:49,STABLE BEAMS,6800,334639.117226318,325073.874451857,43.3,AVG
367516:8773,674:674,05/15/23 14:10:12,STABLE BEAMS,6800,334699.307988920,325004.283660269,43.3,AVG
367516:8773,675:675,05/15/23 14:10:35,STABLE BEAMS,6800,334608.295714249,325027.390197542,43.3,AVG
367516:8773,676:676,05/15/23 14:10:59,STABLE BEAMS,6800,334626.643628444,325174.837911790,43.3,AVG
367516:8773,677:677,05/15/23 14:11:22,STABLE BEAMS,6800,334235.936322831,324350.675175976,43.2,AVG
367516:8773,678:678,05/15/23 14:11:45,STABLE BEAMS,6800,334067.821315352,324601.491459191,43.2,AVG
367516:8773,679:679,05/15/23 14:12:09,STABLE BEAMS,6800,333833.461735950,324440.373999679,43.2,AVG
367516:8773,680:680,05/15/23 14:12:32,STABLE BEAMS,6800,333619.226352107,324259.541091962,43.1,AVG
367516:8773,681:681,05/15/23 14:12:55,STABLE BEAMS,6800,333303.938741054,324003.271014726,43.1,AVG
367516:8773,682:682,05/15/23 14:13:19,STABLE BEAMS,6800,332721.397710272,323476.039118974,43.0,AVG
367516:8773,683:683,05/15/23 14:13:42,STABLE BEAMS,6800,332254.543413792,323031.333981591,42.9,AVG
367516:8773,684:684,05/15/23 14:14:05,STABLE BEAMS,6800,332859.735528583,323561.424637573,43.0,AVG
367516:8773,685:685,05/15/23 14:14:28,STABLE BEAMS,6800,332522.684974203,323269.510479691,43.0,AVG
367516:8773,686:686,05/15/23 14:14:52,STABLE BEAMS,6800,332528.626891784,323261.677983773,43.0,AVG
367516:8773,687:687,05/15/23 14:15:15,STABLE BEAMS,6800,332519.568323043,323221.316385099,43.0,AVG
367516:8773,688:688,05/15/23 14:15:38,STABLE BEAMS,6800,332284.728541592,323054.563691530,43.0,AVG
367516:8773,689:689,05/15/23 14:16:02,STABLE BEAMS,6800,332401.874530664,323118.148717200,43.0,AVG
367516:8773,690:690,05/15/23 14:16:25,STABLE BEAMS,6800,331832.240678245,318711.785415397,42.9,AVG
367516:8773,691:691,05/15/23 14:16:48,STABLE BEAMS,6800,331885.326315391,322722.366768779,42.9,AVG
367516:8773,692:692,05/15/23 14:17:12,STABLE BEAMS,6800,332145.821940271,322970.020120302,42.9,AVG
367516:8773,693:693,05/15/23 14:17:35,STABLE BEAMS,6800,331819.037452987,322685.133682404,42.9,AVG
367516:8773,694:694,05/15/23 14:17:58,STABLE BEAMS,6800,331683.109969230,322531.433913788,42.9,AVG
367516:8773,695:695,05/15/23 14:18:22,STABLE BEAMS,6800,331736.790031242,322580.777497576,42.9,AVG
367516:8773,696:696,05/15/23 14:18:45,STABLE BEAMS,6800,331785.255471978,322657.608123626,42.9,AVG
367516:8773,697:697,05/15/23 14:19:08,STABLE BEAMS,6800,331571.155290654,322040.945530320,42.9,AVG
367516:8773,698:698,05/15/23 14:19:32,STABLE BEAMS,6800,331630.182845382,322445.159828247,42.9,AVG
367516:8773,699:699,05/15/23 14:19:55,STABLE BEAMS,6800,331090.121047274,317270.767138715,42.8,AVG
367516:8773,700:700,05/15/23 14:20:18,STABLE BEAMS,6800,331345.469652139,322248.938862051,42.8,AVG
367516:8773,701:701,05/15/23 14:20:41,STABLE BEAMS,6800,330461.662443906,321392.675284979,42.7,AVG
367516:8773,702:702,05/15/23 14:21:05,STABLE BEAMS,6800,330493.442028994,321555.095325027,42.7,AVG
367516:8773,703:703,05/15/23 14:21:28,STABLE BEAMS,6800,329478.784424682,315985.727209807,42.6,AVG
367516:8773,704:704,05/15/23 14:21:51,STABLE BEAMS,6800,329585.710968215,320727.215717184,42.6,AVG
367516:8773,705:705,05/15/23 14:22:15,STABLE BEAMS,6800,329773.106321052,320782.452789364,42.6,AVG
367516:8773,706:706,05/15/23 14:22:38,STABLE BEAMS,6800,329238.324414401,320269.837887328,42.6,AVG
367516:8773,707:707,05/15/23 14:23:01,STABLE BEAMS,6800,328686.308848793,319878.241543884,42.5,AVG
367516:8773,708:708,05/15/23 14:23:25,STABLE BEAMS,6800,329029.597367649,315945.117543644,42.5,AVG
367516:8773,709:709,05/15/23 14:23:48,STABLE BEAMS,6800,329363.734074648,320496.950676457,42.6,AVG
367516:8773,710:710,05/15/23 14:24:11,STABLE BEAMS,6800,329263.956947051,320420.859703612,42.6,AVG
367516:8773,711:711,05/15/23 14:24:35,STABLE BEAMS,6800,329273.176360168,320362.627677294,42.6,AVG
367516:8773,712:712,05/15/23 14:24:58,STABLE BEAMS,6800,328292.622425616,319487.868624590,42.4,AVG
367516:8773,713:713,05/15/23 14:25:21,STABLE BEAMS,6800,327791.007095407,315420.054942246,42.4,AVG
367516:8773,714:714,05/15/23 14:25:45,STABLE BEAMS,6800,327724.876746301,318944.389720660,42.4,AVG
367516:8773,715:715,05/15/23 14:26:08,STABLE BEAMS,6800,327236.602174946,318593.479425727,42.3,AVG
367516:8773,716:716,05/15/23 14:26:31,STABLE BEAMS,6800,326460.996609860,317856.927239784,42.2,AVG
367516:8773,717:717,05/15/23 14:26:54,STABLE BEAMS,6800,326136.146917238,317530.977855530,42.2,AVG
367516:8773,718:718,05/15/23 14:27:18,STABLE BEAMS,6800,325937.072864094,312765.191753157,42.1,AVG
367516:8773,719:719,05/15/23 14:27:41,STABLE BEAMS,6800,325537.465503037,316880.075463376,42.1,AVG
367516:8773,720:720,05/15/23 14:28:04,STABLE BEAMS,6800,325358.149666221,316703.901814641,42.1,AVG
367516:8773,721:721,05/15/23 14:28:28,STABLE BEAMS,6800,325360.632264190,312107.755729903,42.1,AVG
367516:8773,722:722,05/15/23 14:28:51,STABLE BEAMS,6800,325562.529252678,316875.701075543,42.1,AVG
367516:8773,723:723,05/15/23 14:29:14,STABLE BEAMS,6800,325380.050143145,316734.586538234,42.1,AVG
367516:8773,724:724,05/15/23 14:29:38,STABLE BEAMS,6800,325125.384544106,314772.270650158,42.0,AVG
367516:8773,725:725,05/15/23 14:30:01,STABLE BEAMS,6800,325317.514316169,314507.112987522,42.0,AVG
367516:8773,726:726,05/15/23 14:30:24,STABLE BEAMS,6800,325124.405491386,316641.294519203,42.0,AVG
367516:8773,727:727,05/15/23 14:30:48,STABLE BEAMS,6800,324883.239164499,316388.768699645,42.0,AVG
367516:8773,728:728,05/15/23 14:31:11,STABLE BEAMS,6800,324834.454366089,310946.844521922,42.0,AVG
367516:8773,729:729,05/15/23 14:31:34,STABLE BEAMS,6800,325075.940050649,316155.777424744,42.0,AVG
367516:8773,730:730,05/15/23 14:31:57,STABLE BEAMS,6800,324750.043704047,316224.306438925,42.0,AVG
367516:8773,731:731,05/15/23 14:32:21,STABLE BEAMS,6800,324698.846240005,316190.772340233,42.0,AVG
367516:8773,732:732,05/15/23 14:32:44,STABLE BEAMS,6800,324442.861250872,315965.896233061,41.9,AVG
367516:8773,733:733,05/15/23 14:33:07,STABLE BEAMS,6800,324389.113587601,315867.842297520,41.9,AVG
367516:8773,734:734,05/15/23 14:33:31,STABLE BEAMS,6800,324230.080459642,315811.853005029,41.9,AVG
367516:8773,735:735,05/15/23 14:33:54,STABLE BEAMS,6800,323805.866240213,315368.879803575,41.9,AVG
367516:8773,736:736,05/15/23 14:34:17,STABLE BEAMS,6800,323342.608796942,314958.265529179,41.8,AVG
367516:8773,737:737,05/15/23 14:34:41,STABLE BEAMS,6800,322961.533505234,314621.654258018,41.7,AVG
367516:8773,738:738,05/15/23 14:35:04,STABLE BEAMS,6800,322979.562061757,314681.664074486,41.7,AVG
367516:8773,739:739,05/15/23 14:35:27,STABLE BEAMS,6800,323145.220113123,314805.396466887,41.8,AVG
367516:8773,740:740,05/15/23 14:35:51,STABLE BEAMS,6800,322916.527384110,311020.447557916,41.7,AVG
367516:8773,741:741,05/15/23 14:36:14,STABLE BEAMS,6800,322740.353840311,314396.871891081,41.7,AVG
367516:8773,742:742,05/15/23 14:36:37,STABLE BEAMS,6800,322537.568711141,314234.666636074,41.7,AVG
367516:8773,743:743,05/15/23 14:37:01,STABLE BEAMS,6800,322455.594025510,314153.946316740,41.7,AVG
367516:8773,744:744,05/15/23 14:37:24,STABLE BEAMS,6800,321991.996244865,313743.877636551,41.6,AVG
367516:8773,745:745,05/15/23 14:37:47,STABLE BEAMS,6800,321930.553693427,313618.778071200,41.6,AVG
367516:8773,746:746,05/15/23 14:38:10,STABLE BEAMS,6800,321918.033473996,307717.364313428,41.6,AVG
367516:8773,747:747,05/15/23 14:38:34,STABLE BEAMS,6800,321796.654247447,313424.560314260,41.6,AVG
367516:8773,748:748,05/15/23 14:38:57,STABLE BEAMS,6800,321176.983807784,313123.749784661,41.5,AVG
367516:8773,749:749,05/15/23 14:39:20,STABLE BEAMS,6800,320447.041727792,312430.146281707,41.4,AVG
367516:8773,750:750,05/15/23 14:39:44,STABLE BEAMS,6800,320122.968284112,312107.552248164,41.4,AVG
367516:8773,751:751,05/15/23 14:40:07,STABLE BEAMS,6800,319419.227519780,311541.332402206,41.3,AVG
367516:8773,752:752,05/15/23 14:40:30,STABLE BEAMS,6800,318389.114868954,310524.096901835,41.2,AVG
367516:8773,753:753,05/15/23 14:40:54,STABLE BEAMS,6800,317788.929909503,310018.509822123,41.1,AVG
367516:8773,754:754,05/15/23 14:41:17,STABLE BEAMS,6800,318166.524901897,304499.659330363,41.1,AVG
367516:8773,755:755,05/15/23 14:41:40,STABLE BEAMS,6800,317934.281941233,309154.879239165,41.1,AVG
367516:8773,756:756,05/15/23 14:42:04,STABLE BEAMS,6800,318069.228041193,310238.173377806,41.1,AVG
367516:8773,757:757,05/15/23 14:42:27,STABLE BEAMS,6800,317982.633159153,309739.175283891,41.1,AVG
367516:8773,758:758,05/15/23 14:42:50,STABLE BEAMS,6800,317800.904656705,100190.687682877,41.1,AVG
367516:8773,759:759,05/15/23 14:43:14,STABLE BEAMS,6800,318463.942469726,56799.420859099,41.2,AVG
367516:8773,760:760,05/15/23 14:43:37,STABLE BEAMS,6800,317811.079811763,95612.943740253,41.1,AVG
367516:8773,761:761,05/15/23 14:44:00,STABLE BEAMS,6800,317933.326199292,310041.834372514,41.1,AVG
367516:8773,762:762,05/15/23 14:44:23,STABLE BEAMS,6800,317704.498267760,309890.444332652,41.1,AVG
367516:8773,763:763,05/15/23 14:44:47,STABLE BEAMS,6800,317518.056325787,309729.993983646,41.0,AVG
367516:8773,764:764,05/15/23 14:45:10,STABLE BEAMS,6800,317321.280715458,309651.057926651,41.0,AVG
367516:8773,765:765,05/15/23 14:45:33,STABLE BEAMS,6800,317560.899206615,309730.744573476,41.0,AVG
367516:8773,766:766,05/15/23 14:45:57,STABLE BEAMS,6800,317163.135728181,309418.061970326,41.0,AVG
367516:8773,767:767,05/15/23 14:46:20,STABLE BEAMS,6800,317312.744308167,309545.611533573,41.0,AVG
367516:8773,768:768,05/15/23 14:46:43,STABLE BEAMS,6800,316981.955029041,308842.416977798,41.0,AVG
367516:8773,769:769,05/15/23 14:47:07,STABLE BEAMS,6800,316971.094537079,268000.980325020,41.0,AVG
367516:8773,770:770,05/15/23 14:47:30,STABLE BEAMS,6800,316817.208429136,309102.112045040,41.0,AVG
367516:8773,771:771,05/15/23 14:47:53,STABLE BEAMS,6800,316730.315169124,309078.948633014,40.9,AVG
367516:8773,772:772,05/15/23 14:48:17,STABLE BEAMS,6800,316394.085154166,308748.650491306,40.9,AVG
367516:8773,773:773,05/15/23 14:48:40,STABLE BEAMS,6800,316215.179587062,308551.250340178,40.9,AVG
367516:8773,774:774,05/15/23 14:49:03,STABLE BEAMS,6800,316184.334764214,308521.311494285,40.9,AVG
367516:8773,775:775,05/15/23 14:49:27,STABLE BEAMS,6800,316124.440048506,308487.832919772,40.9,AVG
367516:8773,776:776,05/15/23 14:49:50,STABLE BEAMS,6800,315487.309835329,307881.595213369,40.8,AVG
367516:8773,777:777,05/15/23 14:50:13,STABLE BEAMS,6800,315338.656997284,307773.799606561,40.8,AVG
367516:8773,778:778,05/15/23 14:50:36,STABLE BEAMS,6800,315639.967465215,304538.047891404,40.8,AVG
367516:8773,779:779,05/15/23 14:51:00,STABLE BEAMS,6800,315546.701038209,307973.443202915,40.8,AVG
367516:8773,780:780,05/15/23 14:51:23,STABLE BEAMS,6800,315427.872010890,307866.688572426,40.8,AVG
367516:8773,781:781,05/15/23 14:51:46,STABLE BEAMS,6800,315110.922341290,307529.950558912,40.7,AVG
367516:8773,782:782,05/15/23 14:52:10,STABLE BEAMS,6800,314914.806426008,307333.028459490,40.7,AVG
367516:8773,783:783,05/15/23 14:52:33,STABLE BEAMS,6800,315129.657214418,307589.599980351,40.7,AVG
367516:8773,784:784,05/15/23 14:52:56,STABLE BEAMS,6800,315138.422067343,307610.824722557,40.7,AVG
367516:8773,785:785,05/15/23 14:53:20,STABLE BEAMS,6800,314720.967973840,307219.260255318,40.7,AVG
367516:8773,786:786,05/15/23 14:53:43,STABLE BEAMS,6800,314352.410570487,306817.274837530,40.6,AVG
367516:8773,787:787,05/15/23 14:54:06,STABLE BEAMS,6800,314755.183535340,307230.454998396,40.7,AVG
367516:8773,788:788,05/15/23 14:54:30,STABLE BEAMS,6800,314669.269328048,302450.582775388,40.7,AVG
367516:8773,789:789,05/15/23 14:54:53,STABLE BEAMS,6800,314350.862734757,306807.672146919,40.6,AVG
367516:8773,790:790,05/15/23 14:55:16,STABLE BEAMS,6800,314230.213135593,306786.188282139,40.6,AVG
367516:8773,791:791,05/15/23 14:55:39,STABLE BEAMS,6800,314367.231563811,306918.565432160,40.6,AVG
367516:8773,792:792,05/15/23 14:56:03,STABLE BEAMS,6800,314344.375344946,306875.888989453,40.6,AVG
367516:8773,793:793,05/15/23 14:56:26,STABLE BEAMS,6800,313669.866297551,306253.240895384,40.5,AVG
367516:8773,794:794,05/15/23 14:56:49,STABLE BEAMS,6800,313411.079352775,306040.763939870,40.5,AVG
367516:8773,795:795,05/15/23 14:57:13,STABLE BEAMS,6800,313505.846993952,306107.306670332,40.5,AVG
367516:8773,796:796,05/15/23 14:57:36,STABLE BEAMS,6800,313065.674215181,305682.682422717,40.5,AVG
367516:8773,797:797,05/15/23 14:57:59,STABLE BEAMS,6800,312485.478248771,305149.767933416,40.4,AVG
367516:8773,798:798,05/15/23 14:58:23,STABLE BEAMS,6800,312576.126875289,305247.271019340,40.4,AVG
367516:8773,799:799,05/15/23 14:58:46,STABLE BEAMS,6800,312630.168254376,305221.882391066,40.4,AVG
367516:8773,800:800,05/15/23 14:59:09,STABLE BEAMS,6800,312309.416596712,305044.741472695,40.4,AVG
367516:8773,801:801,05/15/23 14:59:33,STABLE BEAMS,6800,312140.369158071,304845.864544698,40.3,AVG
367516:8773,802:802,05/15/23 14:59:56,STABLE BEAMS,6800,312244.994927711,300574.940814769,40.4,AVG
367516:8773,803:803,05/15/23 15:00:19,STABLE BEAMS,6800,312337.669260929,305064.217105160,40.4,AVG
367516:8773,804:804,05/15/23 15:00:43,STABLE BEAMS,6800,312343.019084722,305064.089943161,40.4,AVG
367516:8773,805:805,05/15/23 15:01:06,STABLE BEAMS,6800,312280.802615420,300611.690320193,40.4,AVG
367516:8773,806:806,05/15/23 15:01:29,STABLE BEAMS,6800,312204.837448630,304876.790542864,40.4,AVG
367516:8773,807:807,05/15/23 15:01:52,STABLE BEAMS,6800,312191.405777738,304900.447726704,40.4,AVG
367516:8773,808:808,05/15/23 15:02:16,STABLE BEAMS,6800,311986.709164685,304756.921225521,40.3,AVG
367516:8773,809:809,05/15/23 15:02:39,STABLE BEAMS,6800,311941.954799974,300332.425448708,40.3,AVG
367516:8773,810:810,05/15/23 15:03:02,STABLE BEAMS,6800,311422.516048098,304219.531465663,40.3,AVG
367516:8773,811:811,05/15/23 15:03:26,STABLE BEAMS,6800,311329.317222352,304094.487801920,40.2,AVG
367516:8773,812:812,05/15/23 15:03:49,STABLE BEAMS,6800,311183.398738690,303996.751300197,40.2,AVG
367516:8773,813:813,05/15/23 15:04:12,STABLE BEAMS,6800,310544.240487735,303413.146419567,40.1,AVG
367516:8773,814:814,05/15/23 15:04:36,STABLE BEAMS,6800,310380.997433079,303252.200856984,40.1,AVG
367516:8773,815:815,05/15/23 15:04:59,STABLE BEAMS,6800,310658.381717386,303480.387435336,40.2,AVG
367516:8773,816:816,05/15/23 15:05:22,STABLE BEAMS,6800,310830.844185159,303680.528185730,40.2,AVG
367516:8773,817:817,05/15/23 15:05:46,STABLE BEAMS,6800,311029.260874334,303804.820101865,40.2,AVG
367516:8773,818:818,05/15/23 15:06:09,STABLE BEAMS,6800,310674.953350218,303466.980309047,40.2,AVG
367516:8773,819:819,05/15/23 15:06:32,STABLE BEAMS,6800,310531.538444227,303391.037876387,40.1,AVG
367516:8773,820:820,05/15/23 15:06:55,STABLE BEAMS,6800,310368.430592090,303211.035263321,40.1,AVG
367516:8773,821:821,05/15/23 15:07:19,STABLE BEAMS,6800,310293.013228607,303170.671023694,40.1,AVG
367516:8773,822:822,05/15/23 15:07:42,STABLE BEAMS,6800,310383.181653077,303237.302508811,40.1,AVG
367516:8773,823:823,05/15/23 15:08:05,STABLE BEAMS,6800,309744.594516208,302615.895958989,40.0,AVG
367516:8773,824:824,05/15/23 15:08:29,STABLE BEAMS,6800,309141.952600645,242543.426012110,40.0,AVG
367516:8773,825:825,05/15/23 15:08:52,STABLE BEAMS,6800,309053.807551798,301874.135466462,39.9,AVG
367516:8773,826:826,05/15/23 15:09:15,STABLE BEAMS,6800,308896.233678609,301772.363434787,39.9,AVG
367516:8773,827:827,05/15/23 15:09:39,STABLE BEAMS,6800,308393.797808977,301414.770762276,39.9,AVG
367516:8773,828:828,05/15/23 15:10:02,STABLE BEAMS,6800,308473.359828975,301447.636598809,39.9,AVG
367516:8773,829:829,05/15/23 15:10:25,STABLE BEAMS,6800,308769.388074372,301763.100654499,39.9,AVG
367516:8773,830:830,05/15/23 15:10:49,STABLE BEAMS,6800,308295.342402553,301314.040186535,39.8,AVG
367516:8773,831:831,05/15/23 15:11:12,STABLE BEAMS,6800,308237.314880247,301245.744640919,39.8,AVG
367516:8773,832:832,05/15/23 15:11:35,STABLE BEAMS,6800,308567.924666374,301531.347050507,39.9,AVG
367516:8773,833:833,05/15/23 15:11:59,STABLE BEAMS,6800,308764.767877963,301718.060691113,39.9,AVG
367516:8773,834:834,05/15/23 15:12:22,STABLE BEAMS,6800,308732.100152193,301718.005936394,39.9,AVG
367516:8773,835:835,05/15/23 15:12:45,STABLE BEAMS,6800,308839.707370474,301776.583381189,39.9,AVG
367516:8773,836:836,05/15/23 15:13:09,STABLE BEAMS,6800,308604.186914275,301598.664767051,39.9,AVG
367516:8773,837:837,05/15/23 15:13:32,STABLE BEAMS,6800,308171.753314150,301181.311396671,39.8,AVG
367516:8773,838:838,05/15/23 15:13:55,STABLE BEAMS,6800,307759.150193769,236648.119675512,39.8,AVG
367516:8773,839:839,05/15/23 15:14:18,STABLE BEAMS,6800,307303.063146135,300341.734723644,39.7,AVG
367516:8773,840:840,05/15/23 15:14:42,STABLE BEAMS,6800,307051.311394479,253655.598355207,39.7,AVG
367516:8773,841:841,05/15/23 15:15:05,STABLE BEAMS,6800,306509.631828305,158610.498863850,39.6,AVG
367516:8773,842:842,05/15/23 15:15:28,STABLE BEAMS,6800,305867.151791334,298991.997775251,39.5,AVG
367516:8773,843:843,05/15/23 15:15:52,STABLE BEAMS,6800,305889.574429709,299039.338124738,39.5,AVG
367516:8773,844:844,05/15/23 15:16:15,STABLE BEAMS,6800,306014.277773350,299163.128066799,39.6,AVG
367516:8773,845:845,05/15/23 15:16:38,STABLE BEAMS,6800,305711.671226104,298841.147480909,39.5,AVG
367516:8773,846:846,05/15/23 15:17:02,STABLE BEAMS,6800,305680.141066352,298800.078335324,39.5,AVG
367516:8773,847:847,05/15/23 15:17:25,STABLE BEAMS,6800,305343.705916538,298478.224139496,39.5,AVG
367516:8773,848:848,05/15/23 15:17:48,STABLE BEAMS,6800,305354.724921798,298492.863011556,39.5,AVG
367516:8773,849:849,05/15/23 15:18:11,STABLE BEAMS,6800,305352.356546646,298569.965395108,39.5,AVG
367516:8773,850:850,05/15/23 15:18:35,STABLE BEAMS,6800,305231.933062039,298452.696543920,39.5,AVG
367516:8773,851:851,05/15/23 15:18:58,STABLE BEAMS,6800,304938.748731688,298142.359038854,39.4,AVG
367516:8773,852:852,05/15/23 15:19:21,STABLE BEAMS,6800,304901.621653884,298151.503531685,39.4,AVG
367516:8773,853:853,05/15/23 15:19:45,STABLE BEAMS,6800,304377.469462483,297245.643679666,39.3,AVG
367516:8773,854:854,05/15/23 15:20:08,STABLE BEAMS,6800,303789.807053542,297024.530963815,39.3,AVG
367516:8773,855:855,05/15/23 15:20:31,STABLE BEAMS,6800,303323.157891918,296564.117877634,39.2,AVG
367516:8773,856:856,05/15/23 15:20:55,STABLE BEAMS,6800,303245.873335033,296582.531189683,39.2,AVG
367516:8773,857:857,05/15/23 15:21:18,STABLE BEAMS,6800,303451.707514104,296797.527102425,39.2,AVG
367516:8773,858:858,05/15/23 15:21:41,STABLE BEAMS,6800,303093.943001453,296422.984648277,39.2,AVG
367516:8773,859:859,05/15/23 15:22:05,STABLE BEAMS,6800,302839.482537270,296204.863282536,39.1,AVG
367516:8773,860:860,05/15/23 15:22:28,STABLE BEAMS,6800,303328.416803673,296669.510858564,39.2,AVG
367516:8773,861:861,05/15/23 15:22:51,STABLE BEAMS,6800,303346.969852724,296698.910273262,39.2,AVG
367516:8773,862:862,05/15/23 15:23:15,STABLE BEAMS,6800,303167.495502611,296474.038177145,39.2,AVG
367516:8773,863:863,05/15/23 15:23:38,STABLE BEAMS,6800,303301.849508782,296607.982239651,39.2,AVG
367516:8773,864:864,05/15/23 15:24:01,STABLE BEAMS,6800,303207.606360134,296589.842048764,39.2,AVG
367516:8773,865:865,05/15/23 15:24:25,STABLE BEAMS,6800,302077.397224038,295499.197757563,39.0,AVG
367516:8773,866:866,05/15/23 15:24:48,STABLE BEAMS,6800,302033.097419518,295470.564019761,39.0,AVG
367516:8773,867:867,05/15/23 15:25:11,STABLE BEAMS,6800,302193.587471168,295620.415584720,39.1,AVG
367516:8773,868:868,05/15/23 15:25:34,STABLE BEAMS,6800,301932.751508913,295379.413124269,39.0,AVG
367516:8773,869:869,05/15/23 15:25:58,STABLE BEAMS,6800,301293.639879516,294810.641448952,38.9,AVG
367516:8773,870:870,05/15/23 15:26:21,STABLE BEAMS,6800,300697.007482794,294215.159485476,38.9,AVG
367516:8773,871:871,05/15/23 15:26:44,STABLE BEAMS,6800,300601.671058608,289940.018073805,38.9,AVG
367516:8773,872:872,05/15/23 15:27:08,STABLE BEAMS,6800,300106.041936460,293637.737212484,38.8,AVG
367516:8773,873:873,05/15/23 15:27:31,STABLE BEAMS,6800,299860.982709471,293456.314980572,38.8,AVG
367516:8773,874:874,05/15/23 15:27:54,STABLE BEAMS,6800,299634.863490465,293256.043401811,38.7,AVG
367516:8773,875:875,05/15/23 15:28:18,STABLE BEAMS,6800,300831.680846638,294369.027471135,38.9,AVG
367516:8773,876:876,05/15/23 15:28:41,STABLE BEAMS,6800,300445.666000849,293878.598152456,38.8,AVG
367516:8773,877:877,05/15/23 15:29:04,STABLE BEAMS,6800,299489.126830881,293059.727020186,38.7,AVG
367516:8773,878:878,05/15/23 15:29:28,STABLE BEAMS,6800,299224.763947755,292839.240189460,38.7,AVG
367516:8773,879:879,05/15/23 15:29:51,STABLE BEAMS,6800,299372.162665886,292968.320426225,38.7,AVG
367516:8773,880:880,05/15/23 15:30:14,STABLE BEAMS,6800,299524.456647619,293147.138388254,38.7,AVG
367516:8773,881:881,05/15/23 15:30:38,STABLE BEAMS,6800,299798.244078718,293243.596894871,38.8,AVG
367516:8773,882:882,05/15/23 15:31:01,STABLE BEAMS,6800,299324.652967090,289569.655283236,38.7,AVG
367516:8773,883:883,05/15/23 15:31:24,STABLE BEAMS,6800,299334.807142448,292932.838403690,38.7,AVG
367516:8773,884:884,05/15/23 15:31:47,STABLE BEAMS,6800,299102.860228678,292701.511093254,38.7,AVG
367516:8773,885:885,05/15/23 15:32:11,STABLE BEAMS,6800,299351.220261981,292978.701174008,38.7,AVG
367516:8773,886:886,05/15/23 15:32:34,STABLE BEAMS,6800,299442.141624614,292999.482578190,38.7,AVG
367516:8773,887:887,05/15/23 15:32:57,STABLE BEAMS,6800,299599.489383247,289831.004560020,38.7,AVG
367516:8773,888:888,05/15/23 15:33:21,STABLE BEAMS,6800,299930.005926258,293523.774565831,38.8,AVG
367516:8773,889:889,05/15/23 15:33:44,STABLE BEAMS,6800,299734.004233793,293308.980872698,38.7,AVG
367516:8773,890:890,05/15/23 15:34:07,STABLE BEAMS,6800,299471.142564838,293033.833667433,38.7,AVG
367516:8773,891:891,05/15/23 15:34:31,STABLE BEAMS,6800,299464.927911142,292595.338421938,38.7,AVG
367516:8773,892:892,05/15/23 15:34:54,STABLE BEAMS,6800,299447.330604032,293065.270314897,38.7,AVG
367516:8773,893:893,05/15/23 15:35:17,STABLE BEAMS,6800,298659.612758148,292242.291020415,38.6,AVG
367516:8773,894:894,05/15/23 15:35:40,STABLE BEAMS,6800,298604.182056630,292253.004192169,38.6,AVG
367516:8773,895:895,05/15/23 15:36:04,STABLE BEAMS,6800,298502.948005342,291730.911353780,38.6,AVG
367516:8773,896:896,05/15/23 15:36:27,STABLE BEAMS,6800,297062.689190247,287316.621548721,38.4,AVG
367516:8773,897:897,05/15/23 15:36:50,STABLE BEAMS,6800,297620.031268869,287776.936921449,38.5,AVG
367516:8773,898:898,05/15/23 15:37:14,STABLE BEAMS,6800,297823.567005125,214866.623480958,38.5,AVG
367516:8773,899:899,05/15/23 15:37:37,STABLE BEAMS,6800,297885.804454128,218069.993655230,38.5,AVG
367516:8773,900:900,05/15/23 15:38:00,STABLE BEAMS,6800,297331.991627455,287469.231470203,38.4,AVG
367516:8773,901:901,05/15/23 15:38:24,STABLE BEAMS,6800,297604.846627392,287704.766892667,38.5,AVG
367516:8773,902:902,05/15/23 15:38:47,STABLE BEAMS,6800,298423.887167094,288381.777822591,38.6,AVG
367516:8773,903:903,05/15/23 15:39:10,STABLE BEAMS,6800,298559.404381140,284380.353141383,38.6,AVG
367516:8773,904:904,05/15/23 15:39:34,STABLE BEAMS,6800,298740.062918829,288572.091796506,38.6,AVG
367516:8773,905:905,05/15/23 15:39:57,STABLE BEAMS,6800,298645.339568132,288558.986540131,38.6,AVG
367516:8773,906:906,05/15/23 15:40:20,STABLE BEAMS,6800,298460.562015783,288503.058010980,38.6,AVG
367516:8773,907:907,05/15/23 15:40:44,STABLE BEAMS,6800,298775.075708972,288583.151542383,38.6,AVG
367516:8773,908:908,05/15/23 15:41:07,STABLE BEAMS,6800,298411.548771739,288328.691731220,38.6,AVG
367516:8773,909:909,05/15/23 15:41:30,STABLE BEAMS,6800,297673.254439611,287768.245422516,38.5,AVG
367516:8773,910:910,05/15/23 15:41:53,STABLE BEAMS,6800,297700.935989741,287955.799717974,38.5,AVG
367516:8773,911:911,05/15/23 15:42:17,STABLE BEAMS,6800,297471.923903054,287727.682884096,38.5,AVG
367516:8773,912:912,05/15/23 15:42:40,STABLE BEAMS,6800,297737.540906094,287911.122906476,38.5,AVG
367516:8773,913:913,05/15/23 15:43:03,STABLE BEAMS,6800,297786.164860128,287977.398019239,38.5,AVG
367516:8773,914:914,05/15/23 15:43:27,STABLE BEAMS,6800,297560.204154420,287843.210303796,38.5,AVG
367516:8773,915:915,05/15/23 15:43:50,STABLE BEAMS,6800,297296.365763823,287548.837041374,38.4,AVG
367516:8773,916:916,05/15/23 15:44:13,STABLE BEAMS,6800,297159.186491230,287465.537858523,38.4,AVG
367516:8773,917:917,05/15/23 15:44:37,STABLE BEAMS,6800,297130.525888380,287443.282486847,38.4,AVG
367516:8773,918:918,05/15/23 15:45:00,STABLE BEAMS,6800,296602.187081060,286970.624882841,38.3,AVG
367516:8773,919:919,05/15/23 15:45:23,STABLE BEAMS,6800,296378.527149245,286874.702411369,38.3,AVG
367516:8773,920:920,05/15/23 15:45:47,STABLE BEAMS,6800,296830.264405506,287225.091759394,38.4,AVG
367516:8773,921:921,05/15/23 15:46:10,STABLE BEAMS,6800,296730.123629757,286808.516939835,38.4,AVG
367516:8773,922:922,05/15/23 15:46:33,STABLE BEAMS,6800,296655.342650543,287116.864311180,38.3,AVG
367516:8773,923:923,05/15/23 15:46:57,STABLE BEAMS,6800,296520.144794170,287022.098248266,38.3,AVG
367516:8773,924:924,05/15/23 15:47:20,STABLE BEAMS,6800,296250.749113846,286711.316824105,38.3,AVG
367516:8773,925:925,05/15/23 15:47:43,STABLE BEAMS,6800,296799.030292648,283948.225196400,38.4,AVG
367516:8773,926:926,05/15/23 15:48:06,STABLE BEAMS,6800,295750.115167435,286352.603058094,38.2,AVG
367516:8773,927:927,05/15/23 15:48:30,STABLE BEAMS,6800,295768.985243081,286361.402241849,38.2,AVG
367516:8773,928:928,05/15/23 15:48:53,STABLE BEAMS,6800,295597.525138807,281879.158394643,38.2,AVG
367516:8773,929:929,05/15/23 15:49:16,STABLE BEAMS,6800,295280.323712794,285904.107236720,38.2,AVG
367516:8773,930:930,05/15/23 15:49:40,STABLE BEAMS,6800,295362.708668136,285986.239635113,38.2,AVG
367516:8773,931:931,05/15/23 15:50:03,STABLE BEAMS,6800,294870.154237746,285546.550122511,38.1,AVG
367516:8773,932:932,05/15/23 15:50:26,STABLE BEAMS,6800,294419.190899349,281079.281677681,38.1,AVG
367516:8773,933:933,05/15/23 15:50:50,STABLE BEAMS,6800,294259.498076343,285013.103927130,38.0,AVG
367516:8773,934:934,05/15/23 15:51:13,STABLE BEAMS,6800,293939.748782178,284804.522929022,38.0,AVG
367516:8773,935:935,05/15/23 15:51:36,STABLE BEAMS,6800,293550.614954152,281056.586803931,37.9,AVG
367516:8773,936:936,05/15/23 15:52:00,STABLE BEAMS,6800,293634.682947742,284507.620006496,38.0,AVG
367516:8773,937:937,05/15/23 15:52:23,STABLE BEAMS,6800,293317.735609219,284312.034288382,37.9,AVG
367516:8773,938:938,05/15/23 15:52:46,STABLE BEAMS,6800,293482.048628634,284475.147566817,37.9,AVG
367516:8773,939:939,05/15/23 15:53:09,STABLE BEAMS,6800,293111.670653436,284044.091146314,37.9,AVG
367516:8773,940:940,05/15/23 15:53:33,STABLE BEAMS,6800,293109.507413140,284016.916201791,37.9,AVG
367516:8773,941:941,05/15/23 15:53:56,STABLE BEAMS,6800,293719.890838427,284609.482558757,38.0,AVG
367516:8773,942:942,05/15/23 15:54:19,STABLE BEAMS,6800,292827.115973491,283857.695436998,37.8,AVG
367516:8773,943:943,05/15/23 15:54:43,STABLE BEAMS,6800,292120.393760518,283238.210425935,37.8,AVG
367516:8773,944:944,05/15/23 15:55:06,STABLE BEAMS,6800,292401.216384736,283384.536655202,37.8,AVG
367516:8773,945:945,05/15/23 15:55:29,STABLE BEAMS,6800,292034.321039929,265420.895129410,37.7,AVG
367516:8773,946:946,05/15/23 15:55:53,STABLE BEAMS,6800,291914.443027552,146297.754891119,37.7,AVG
367516:8773,947:947,05/15/23 15:56:16,STABLE BEAMS,6800,292280.541143715,283341.118374917,37.8,AVG
367516:8773,948:948,05/15/23 15:56:39,STABLE BEAMS,6800,291887.945664998,283027.504673560,37.7,AVG
367516:8773,949:949,05/15/23 15:57:03,STABLE BEAMS,6800,291733.467463268,278863.263141896,37.7,AVG
367516:8773,950:950,05/15/23 15:57:26,STABLE BEAMS,6800,292357.758099341,283402.400525812,37.8,AVG
367516:8773,951:951,05/15/23 15:57:49,STABLE BEAMS,6800,291922.935144363,283024.176557700,37.7,AVG
367516:8773,952:952,05/15/23 15:58:13,STABLE BEAMS,6800,291339.573574157,282431.656172831,37.7,AVG
367516:8773,953:953,05/15/23 15:58:36,STABLE BEAMS,6800,290647.989381104,281839.415896017,37.6,AVG
367516:8773,954:954,05/15/23 15:58:59,STABLE BEAMS,6800,290399.766881396,281577.026177697,37.5,AVG
367516:8773,955:955,05/15/23 15:59:22,STABLE BEAMS,6800,289941.973484736,281183.010752880,37.5,AVG
367516:8773,956:956,05/15/23 15:59:46,STABLE BEAMS,6800,289167.845823042,280581.720162987,37.4,AVG
367516:8773,957:957,05/15/23 16:00:09,STABLE BEAMS,6800,289442.635617640,280729.849666954,37.4,AVG
367516:8773,958:958,05/15/23 16:00:32,STABLE BEAMS,6800,289580.430294800,280719.592183707,37.4,AVG
367516:8773,959:959,05/15/23 16:00:56,STABLE BEAMS,6800,288542.485222211,279919.017484446,37.3,AVG
367516:8773,960:960,05/15/23 16:01:19,STABLE BEAMS,6800,288125.758425014,275464.154749557,37.2,AVG
367516:8773,961:961,05/15/23 16:01:42,STABLE BEAMS,6800,287928.117984782,279300.639857486,37.2,AVG
367516:8773,962:962,05/15/23 16:02:06,STABLE BEAMS,6800,288066.663269028,279354.072951996,37.2,AVG
367516:8773,963:963,05/15/23 16:02:29,STABLE BEAMS,6800,288195.464647628,275727.799064901,37.3,AVG
367516:8773,964:964,05/15/23 16:02:52,STABLE BEAMS,6800,288409.198849720,279918.835837304,37.3,AVG
367516:8773,965:965,05/15/23 16:03:16,STABLE BEAMS,6800,288198.991568499,279732.451026387,37.3,AVG
367516:8773,966:966,05/15/23 16:03:39,STABLE BEAMS,6800,287904.352645534,279502.665063483,37.2,AVG
367516:8773,967:967,05/15/23 16:04:02,STABLE BEAMS,6800,288203.749298504,279735.342040911,37.3,AVG
367516:8773,968:968,05/15/23 16:04:26,STABLE BEAMS,6800,287808.764464934,278966.910077050,37.2,AVG
367516:8773,969:969,05/15/23 16:04:49,STABLE BEAMS,6800,287047.385468307,278698.167137580,37.1,AVG
367516:8773,970:970,05/15/23 16:05:12,STABLE BEAMS,6800,287004.680121075,278695.774290507,37.1,AVG
367516:8773,971:971,05/15/23 16:05:35,STABLE BEAMS,6800,287110.511057992,278753.843524977,37.1,AVG
367516:8773,972:972,05/15/23 16:05:59,STABLE BEAMS,6800,287086.267847773,278736.927096804,37.1,AVG
367516:8773,973:973,05/15/23 16:06:22,STABLE BEAMS,6800,286698.134052168,278453.072438176,37.1,AVG
367516:8773,974:974,05/15/23 16:06:45,STABLE BEAMS,6800,286996.824388533,278709.958173865,37.1,AVG
367516:8773,975:975,05/15/23 16:07:09,STABLE BEAMS,6800,286849.789318555,278607.770608563,37.1,AVG
367516:8773,976:976,05/15/23 16:07:32,STABLE BEAMS,6800,287039.622978881,278820.016986730,37.1,AVG
367516:8773,977:977,05/15/23 16:07:55,STABLE BEAMS,6800,286967.298955780,278685.094245145,37.1,AVG
367516:8773,978:978,05/15/23 16:08:19,STABLE BEAMS,6800,287037.641562661,278696.142014200,37.1,AVG
367516:8773,979:979,05/15/23 16:08:42,STABLE BEAMS,6800,286755.681372425,277492.633472865,37.1,AVG
367516:8773,980:980,05/15/23 16:09:05,STABLE BEAMS,6800,286662.118898525,278394.289527993,37.1,AVG
367516:8773,981:981,05/15/23 16:09:29,STABLE BEAMS,6800,286674.116956506,278414.446130335,37.1,AVG
367516:8773,982:982,05/15/23 16:09:52,STABLE BEAMS,6800,286590.048962916,278322.178450192,37.0,AVG
367516:8773,983:983,05/15/23 16:10:15,STABLE BEAMS,6800,286480.870598126,278077.118727798,37.0,AVG
367516:8773,984:984,05/15/23 16:10:38,STABLE BEAMS,6800,286193.308827682,273347.859525624,37.0,AVG
367516:8773,985:985,05/15/23 16:11:02,STABLE BEAMS,6800,285864.386741959,277654.779860087,36.9,AVG
367516:8773,986:986,05/15/23 16:11:25,STABLE BEAMS,6800,285940.601334085,277730.492444259,37.0,AVG
367516:8773,987:987,05/15/23 16:11:48,STABLE BEAMS,6800,285437.326276407,277274.276015498,36.9,AVG
367516:8773,988:988,05/15/23 16:12:12,STABLE BEAMS,6800,284745.149989565,276718.550165826,36.8,AVG
367516:8773,989:989,05/15/23 16:12:35,STABLE BEAMS,6800,285199.027175344,277149.037337243,36.9,AVG
367516:8773,990:990,05/15/23 16:12:58,STABLE BEAMS,6800,285296.186502452,277160.340318035,36.9,AVG
367516:8773,991:991,05/15/23 16:13:22,STABLE BEAMS,6800,285023.469036112,276972.504878970,36.8,AVG
367516:8773,992:992,05/15/23 16:13:45,STABLE BEAMS,6800,284661.489934608,276675.137080804,36.8,AVG
367516:8773,993:993,05/15/23 16:14:08,STABLE BEAMS,6800,284355.582581047,276319.341045771,36.8,AVG
367516:8773,994:994,05/15/23 16:14:32,STABLE BEAMS,6800,284903.409199659,276853.841553508,36.8,AVG
367516:8773,995:995,05/15/23 16:14:55,STABLE BEAMS,6800,285107.718853779,277069.590177855,36.9,AVG
367516:8773,996:996,05/15/23 16:15:18,STABLE BEAMS,6800,284782.733958638,272790.648738864,36.8,AVG
367516:8773,997:997,05/15/23 16:15:42,STABLE BEAMS,6800,284614.413816303,276627.633325554,36.8,AVG
367516:8773,998:998,05/15/23 16:16:05,STABLE BEAMS,6800,284518.893236963,276552.646981204,36.8,AVG
367516:8773,999:999,05/15/23 16:16:28,STABLE BEAMS,6800,284748.087147726,276689.334832908,36.8,AVG
367516:8773,1000:1000,05/15/23 16:16:51,STABLE BEAMS,6800,284746.082420727,276744.296194401,36.8,AVG
367516:8773,1001:1001,05/15/23 16:17:15,STABLE BEAMS,6800,284629.370012146,276599.074973703,36.8,AVG
367516:8773,1002:1002,05/15/23 16:17:38,STABLE BEAMS,6800,284503.142143554,273389.992527831,36.8,AVG
367516:8773,1003:1003,05/15/23 16:18:01,STABLE BEAMS,6800,284468.448711084,276491.832794603,36.8,AVG
367516:8773,1004:1004,05/15/23 16:18:25,STABLE BEAMS,6800,284140.072097590,276171.164621837,36.7,AVG
367516:8773,1005:1005,05/15/23 16:18:48,STABLE BEAMS,6800,283976.167016809,275534.022229435,36.7,AVG
367516:8773,1006:1006,05/15/23 16:19:11,STABLE BEAMS,6800,283846.204761412,275967.550628246,36.7,AVG
367516:8773,1007:1007,05/15/23 16:19:35,STABLE BEAMS,6800,283717.359092332,275782.825857971,36.7,AVG
367516:8773,1008:1008,05/15/23 16:19:58,STABLE BEAMS,6800,282864.033058794,274978.657386108,36.6,AVG
367516:8773,1009:1009,05/15/23 16:20:21,STABLE BEAMS,6800,282691.980860732,274675.928916297,36.5,AVG
367516:8773,1010:1010,05/15/23 16:20:45,STABLE BEAMS,6800,283309.646573397,275436.864445602,36.6,AVG
367516:8773,1011:1011,05/15/23 16:21:08,STABLE BEAMS,6800,282952.632667832,274949.763188105,36.6,AVG
367516:8773,1012:1012,05/15/23 16:21:31,STABLE BEAMS,6800,282902.756924963,275104.142830182,36.6,AVG
367516:8773,1013:1013,05/15/23 16:21:55,STABLE BEAMS,6800,282738.033635837,274548.948845649,36.5,AVG
367516:8773,1014:1014,05/15/23 16:22:18,STABLE BEAMS,6800,283148.270712144,275263.678294077,36.6,AVG
367516:8773,1015:1015,05/15/23 16:22:41,STABLE BEAMS,6800,282955.455603176,275100.964491765,36.6,AVG
367516:8773,1016:1016,05/15/23 16:23:04,STABLE BEAMS,6800,282914.638429048,271971.103341958,36.6,AVG
367516:8773,1017:1017,05/15/23 16:23:28,STABLE BEAMS,6800,282625.622065991,274848.809135359,36.5,AVG
367516:8773,1018:1018,05/15/23 16:23:51,STABLE BEAMS,6800,282405.558987385,274642.936297681,36.5,AVG
367516:8773,1019:1019,05/15/23 16:24:14,STABLE BEAMS,6800,282733.024149417,274949.714311576,36.5,AVG
367516:8773,1020:1020,05/15/23 16:24:38,STABLE BEAMS,6800,282578.613548946,274784.425223826,36.5,AVG
367516:8773,1021:1021,05/15/23 16:25:01,STABLE BEAMS,6800,282507.065774787,274703.458442275,36.5,AVG
367516:8773,1022:1022,05/15/23 16:25:24,STABLE BEAMS,6800,282230.226962710,271299.265439868,36.5,AVG
367516:8773,1023:1023,05/15/23 16:25:48,STABLE BEAMS,6800,282073.242852230,274324.491191431,36.5,AVG
367516:8773,1024:1024,05/15/23 16:26:11,STABLE BEAMS,6800,281798.317855114,274122.893631212,36.4,AVG
367516:8773,1025:1025,05/15/23 16:26:34,STABLE BEAMS,6800,281531.630887316,273938.955882322,36.4,AVG
367516:8773,1026:1026,05/15/23 16:26:58,STABLE BEAMS,6800,281685.290880702,274004.478450339,36.4,AVG
367516:8773,1027:1027,05/15/23 16:27:21,STABLE BEAMS,6800,281660.933447665,274050.481276708,36.4,AVG
367516:8773,1028:1028,05/15/23 16:27:44,STABLE BEAMS,6800,281151.989208521,273573.375733242,36.3,AVG
367516:8773,1029:1029,05/15/23 16:28:07,STABLE BEAMS,6800,280940.667672060,269499.847677407,36.3,AVG
367516:8773,1030:1030,05/15/23 16:28:31,STABLE BEAMS,6800,281046.817966651,273457.456449936,36.3,AVG
367516:8773,1031:1031,05/15/23 16:28:54,STABLE BEAMS,6800,281289.986689458,273669.510349920,36.4,AVG
367516:8773,1032:1032,05/15/23 16:29:17,STABLE BEAMS,6800,280949.863774398,273087.963525213,36.3,AVG
367516:8773,1033:1033,05/15/23 16:29:41,STABLE BEAMS,6800,280800.437018489,273232.972506608,36.3,AVG
367516:8773,1034:1034,05/15/23 16:30:04,STABLE BEAMS,6800,280889.901457431,273320.319414953,36.3,AVG
367516:8773,1035:1035,05/15/23 16:30:27,STABLE BEAMS,6800,280854.571640692,273301.866365260,36.3,AVG
367516:8773,1036:1036,05/15/23 16:30:51,STABLE BEAMS,6800,280880.089950526,273326.950080436,36.3,AVG
367516:8773,1037:1037,05/15/23 16:31:14,STABLE BEAMS,6800,280807.243765973,273264.453489842,36.3,AVG
367516:8773,1038:1038,05/15/23 16:31:37,STABLE BEAMS,6800,280869.527836535,273346.382286397,36.3,AVG
367516:8773,1039:1039,05/15/23 16:32:01,STABLE BEAMS,6800,280394.866760149,272817.481909312,36.2,AVG
367516:8773,1040:1040,05/15/23 16:32:24,STABLE BEAMS,6800,280336.794947363,272842.030318001,36.2,AVG
367516:8773,1041:1041,05/15/23 16:32:47,STABLE BEAMS,6800,280401.104724625,272856.408420221,36.2,AVG
367516:8773,1042:1042,05/15/23 16:33:10,STABLE BEAMS,6800,280130.343032648,272697.725458566,36.2,AVG
367516:8773,1043:1043,05/15/23 16:33:34,STABLE BEAMS,6800,279883.281409737,272432.126730568,36.2,AVG
367516:8773,1044:1044,05/15/23 16:33:57,STABLE BEAMS,6800,279261.174993662,271861.828592962,36.1,AVG
367516:8773,1045:1045,05/15/23 16:34:20,STABLE BEAMS,6800,279237.796613346,269494.547084099,36.1,AVG
367516:8773,1046:1046,05/15/23 16:34:44,STABLE BEAMS,6800,279592.169407644,270284.615175288,36.1,AVG
367516:8773,1047:1047,05/15/23 16:35:07,STABLE BEAMS,6800,279262.426782497,271896.513185649,36.1,AVG
367516:8773,1048:1048,05/15/23 16:35:30,STABLE BEAMS,6800,279157.414053925,271839.816149975,36.1,AVG
367516:8773,1049:1049,05/15/23 16:35:54,STABLE BEAMS,6800,279278.499564657,271931.331814973,36.1,AVG
367516:8773,1050:1050,05/15/23 16:36:17,STABLE BEAMS,6800,279568.791027328,272160.306157230,36.1,AVG
367516:8773,1051:1051,05/15/23 16:36:40,STABLE BEAMS,6800,279612.044177867,272192.944106955,36.1,AVG
367516:8773,1052:1052,05/15/23 16:37:04,STABLE BEAMS,6800,279585.432592496,272140.895538196,36.1,AVG
367516:8773,1053:1053,05/15/23 16:37:27,STABLE BEAMS,6800,279421.618423753,272015.723568902,36.1,AVG
367516:8773,1054:1054,05/15/23 16:37:50,STABLE BEAMS,6800,279211.138406417,271815.491412443,36.1,AVG
367516:8773,1055:1055,05/15/23 16:38:14,STABLE BEAMS,6800,279322.820348877,271551.210261601,36.1,AVG
367516:8773,1056:1056,05/15/23 16:38:37,STABLE BEAMS,6800,278954.810748832,271594.019641006,36.1,AVG
367516:8773,1057:1057,05/15/23 16:39:00,STABLE BEAMS,6800,278567.359959053,271276.047205809,36.0,AVG
367516:8773,1058:1058,05/15/23 16:39:24,STABLE BEAMS,6800,278444.113539102,267083.224016457,36.0,AVG
367516:8773,1059:1059,05/15/23 16:39:47,STABLE BEAMS,6800,278212.532604563,270887.293578153,36.0,AVG
367516:8773,1060:1060,05/15/23 16:40:10,STABLE BEAMS,6800,278035.582811822,270749.077879692,35.9,AVG
367516:8773,1061:1061,05/15/23 16:40:33,STABLE BEAMS,6800,277308.419376694,270100.829029113,35.8,AVG
367516:8773,1062:1062,05/15/23 16:40:57,STABLE BEAMS,6800,277529.757554915,270320.960845580,35.9,AVG
367516:8773,1063:1063,05/15/23 16:41:20,STABLE BEAMS,6800,278119.720737749,270883.200044034,35.9,AVG
367516:8773,1064:1064,05/15/23 16:41:43,STABLE BEAMS,6800,277894.671483502,270718.072800012,35.9,AVG
367516:8773,1065:1065,05/15/23 16:42:07,STABLE BEAMS,6800,278107.473254433,270887.636384264,35.9,AVG
367516:8773,1066:1066,05/15/23 16:42:30,STABLE BEAMS,6800,277712.919670275,270453.374452560,35.9,AVG
367516:8773,1067:1067,05/15/23 16:42:53,STABLE BEAMS,6800,277682.734542474,270440.661945522,35.9,AVG
367516:8773,1068:1068,05/15/23 16:43:17,STABLE BEAMS,6800,277550.907424753,270304.372470947,35.9,AVG
367516:8773,1069:1069,05/15/23 16:43:40,STABLE BEAMS,6800,277542.415307943,270308.522623954,35.9,AVG
367516:8773,1070:1070,05/15/23 16:44:03,STABLE BEAMS,6800,277330.478366915,270156.682497775,35.8,AVG
367516:8773,1071:1071,05/15/23 16:44:27,STABLE BEAMS,6800,276779.646988884,269613.963141317,35.8,AVG
367516:8773,1072:1072,05/15/23 16:44:50,STABLE BEAMS,6800,276444.032378493,268822.266528344,35.7,AVG
367516:8773,1073:1073,05/15/23 16:45:13,STABLE BEAMS,6800,276089.132760589,269003.090177680,35.7,AVG
367516:8773,1074:1074,05/15/23 16:45:36,STABLE BEAMS,6800,275486.628378622,268417.488378958,35.6,AVG
367516:8773,1075:1075,05/15/23 16:46:00,STABLE BEAMS,6800,275101.818700110,268086.853629355,35.6,AVG
367516:8773,1076:1076,05/15/23 16:46:23,STABLE BEAMS,6800,274204.922489437,267250.770703330,35.4,AVG
367516:8773,1077:1077,05/15/23 16:46:46,STABLE BEAMS,6800,274031.753705058,267123.387517378,35.4,AVG
367516:8773,1078:1078,05/15/23 16:47:10,STABLE BEAMS,6800,274193.402302427,267230.714284586,35.4,AVG
367516:8773,1079:1079,05/15/23 16:47:33,STABLE BEAMS,6800,273918.225548896,267035.235056939,35.4,AVG
367516:8773,1080:1080,05/15/23 16:47:56,STABLE BEAMS,6800,273328.695946553,266496.514490979,35.3,AVG
367516:8773,1081:1081,05/15/23 16:48:20,STABLE BEAMS,6800,273736.520357227,266860.712903125,35.4,AVG
367516:8773,1082:1082,05/15/23 16:48:43,STABLE BEAMS,6800,274332.425457643,267377.269467135,35.5,AVG
367516:8773,1083:1083,05/15/23 16:49:06,STABLE BEAMS,6800,274206.197589051,267294.116016833,35.4,AVG
367516:8773,1084:1084,05/15/23 16:49:30,STABLE BEAMS,6800,274133.759343132,267214.796263127,35.4,AVG
367516:8773,1085:1085,05/15/23 16:49:53,STABLE BEAMS,6800,274009.715694538,267144.301048622,35.4,AVG
367516:8773,1086:1086,05/15/23 16:50:16,STABLE BEAMS,6800,274048.712296822,267132.869692311,35.4,AVG
367516:8773,1087:1087,05/15/23 16:50:40,STABLE BEAMS,6800,274266.591155431,267263.025542577,35.5,AVG
367516:8773,1088:1088,05/15/23 16:51:03,STABLE BEAMS,6800,274217.510310127,267290.721457831,35.4,AVG
367516:8773,1089:1089,05/15/23 16:51:26,STABLE BEAMS,6800,274469.625709937,267507.954519042,35.5,AVG
367516:8773,1090:1090,05/15/23 16:51:49,STABLE BEAMS,6800,274410.665756469,267468.947935044,35.5,AVG
367516:8773,1091:1091,05/15/23 16:52:13,STABLE BEAMS,6800,274097.406183193,267181.292527341,35.4,AVG
367516:8773,1092:1092,05/15/23 16:52:36,STABLE BEAMS,6800,273805.291817600,266919.010420074,35.4,AVG
367516:8773,1093:1093,05/15/23 16:52:59,STABLE BEAMS,6800,273508.967525310,266662.047664829,35.4,AVG
367516:8773,1094:1094,05/15/23 16:53:23,STABLE BEAMS,6800,272971.887175844,266143.846187015,35.3,AVG
367516:8773,1095:1095,05/15/23 16:53:46,STABLE BEAMS,6800,272518.828198410,262729.680406266,35.2,AVG
367516:8773,1096:1096,05/15/23 16:54:09,STABLE BEAMS,6800,272027.390354336,265320.570414698,35.2,AVG
367516:8773,1097:1097,05/15/23 16:54:33,STABLE BEAMS,6800,271699.696746669,265013.145528098,35.1,AVG
367516:8773,1098:1098,05/15/23 16:54:56,STABLE BEAMS,6800,271349.965128482,264661.490717656,35.1,AVG
367516:8773,1099:1099,05/15/23 16:55:19,STABLE BEAMS,6800,270942.096427327,264190.192208866,35.0,AVG
367516:8773,1100:1100,05/15/23 16:55:43,STABLE BEAMS,6800,271219.797738229,264175.468176518,35.1,AVG
367516:8773,1101:1101,05/15/23 16:56:06,STABLE BEAMS,6800,271224.352664457,264486.763610339,35.1,AVG
367516:8773,1102:1102,05/15/23 16:56:29,STABLE BEAMS,6800,271053.139654441,264397.807089092,35.0,AVG
367516:8773,1103:1103,05/15/23 16:56:53,STABLE BEAMS,6800,271237.008086407,264559.969804693,35.1,AVG
367516:8773,1104:1104,05/15/23 16:57:16,STABLE BEAMS,6800,270941.481022760,264333.038395471,35.0,AVG
367516:8773,1105:1105,05/15/23 16:57:39,STABLE BEAMS,6800,270934.219715084,264292.044475373,35.0,AVG
367516:8773,1106:1106,05/15/23 16:58:02,STABLE BEAMS,6800,271200.564014430,264542.807318167,35.1,AVG
367516:8773,1107:1107,05/15/23 16:58:26,STABLE BEAMS,6800,270933.786134593,264273.160773612,35.0,AVG
367516:8773,1108:1108,05/15/23 16:58:49,STABLE BEAMS,6800,270984.051167473,264369.299667588,35.0,AVG
367516:8773,1109:1109,05/15/23 16:59:12,STABLE BEAMS,6800,270673.838313020,264081.974303034,35.0,AVG
367516:8773,1110:1110,05/15/23 16:59:36,STABLE BEAMS,6800,270581.984519225,263978.726337862,35.0,AVG
367516:8773,1111:1111,05/15/23 16:59:59,STABLE BEAMS,6800,270577.273410778,264010.658347250,35.0,AVG
367516:8773,1112:1112,05/15/23 17:00:22,STABLE BEAMS,6800,270404.172227659,263864.055966375,35.0,AVG
367516:8773,1113:1113,05/15/23 17:00:46,STABLE BEAMS,6800,270174.274331368,263582.459990181,34.9,AVG
367516:8773,1114:1114,05/15/23 17:01:09,STABLE BEAMS,6800,269874.693523243,263317.820830074,34.9,AVG
367516:8773,1115:1115,05/15/23 17:01:32,STABLE BEAMS,6800,269981.617735698,263422.301075521,34.9,AVG
367516:8773,1116:1116,05/15/23 17:01:56,STABLE BEAMS,6800,269991.133195709,263406.820173755,34.9,AVG
367516:8773,1117:1117,05/15/23 17:02:19,STABLE BEAMS,6800,269269.888367384,262738.037510388,34.8,AVG
367516:8773,1118:1118,05/15/23 17:02:42,STABLE BEAMS,6800,269316.008743747,259040.013453227,34.8,AVG
367516:8773,1119:1119,05/15/23 17:03:05,STABLE BEAMS,6800,269695.265794688,263168.580624955,34.9,AVG
367516:8773,1120:1120,05/15/23 17:03:29,STABLE BEAMS,6800,269668.607587759,263162.456987658,34.9,AVG
367516:8773,1121:1121,05/15/23 17:03:52,STABLE BEAMS,6800,269584.152635237,263039.057532702,34.8,AVG
367516:8773,1122:1122,05/15/23 17:04:15,STABLE BEAMS,6800,269457.512165855,262957.620495013,34.8,AVG
367516:8773,1123:1123,05/15/23 17:04:39,STABLE BEAMS,6800,269219.306307909,262761.299890921,34.8,AVG
367516:8773,1124:1124,05/15/23 17:05:02,STABLE BEAMS,6800,268966.256145859,262514.004239534,34.8,AVG
367516:8773,1125:1125,05/15/23 17:05:25,STABLE BEAMS,6800,269161.985102208,262647.343102187,34.8,AVG
367516:8773,1126:1126,05/15/23 17:05:49,STABLE BEAMS,6800,269227.045486556,262749.654976906,34.8,AVG
367516:8773,1127:1127,05/15/23 17:06:12,STABLE BEAMS,6800,269209.881759936,262710.604033939,34.8,AVG
367516:8773,1128:1128,05/15/23 17:06:35,STABLE BEAMS,6800,268887.171996831,262420.060090038,34.8,AVG
367516:8773,1129:1129,05/15/23 17:06:59,STABLE BEAMS,6800,268712.933247694,262248.030993732,34.7,AVG
367516:8773,1130:1130,05/15/23 17:07:22,STABLE BEAMS,6800,268772.189248056,262311.929974960,34.7,AVG
367516:8773,1131:1131,05/15/23 17:07:45,STABLE BEAMS,6800,268589.777739782,262078.314986108,34.7,AVG
367516:8773,1132:1132,05/15/23 17:08:08,STABLE BEAMS,6800,268125.657797685,261744.650052352,34.7,AVG
367516:8773,1133:1133,05/15/23 17:08:32,STABLE BEAMS,6800,268122.175167294,261699.706837089,34.7,AVG
367516:8773,1134:1134,05/15/23 17:08:55,STABLE BEAMS,6800,268279.135966994,261757.835784539,34.7,AVG
367516:8773,1135:1135,05/15/23 17:09:18,STABLE BEAMS,6800,268097.680200661,261706.786064729,34.7,AVG
367516:8773,1136:1136,05/15/23 17:09:42,STABLE BEAMS,6800,267768.345514149,257694.548079871,34.6,AVG
367516:8773,1137:1137,05/15/23 17:10:05,STABLE BEAMS,6800,267500.886959564,261089.020116072,34.6,AVG
367516:8773,1138:1138,05/15/23 17:10:28,STABLE BEAMS,6800,267830.037490922,261457.793688560,34.6,AVG
367516:8773,1139:1139,05/15/23 17:10:52,STABLE BEAMS,6800,267967.762235745,261526.621188478,34.6,AVG
367516:8773,1140:1140,05/15/23 17:11:15,STABLE BEAMS,6800,267772.422569406,261347.042007923,34.6,AVG
367516:8773,1141:1141,05/15/23 17:11:38,STABLE BEAMS,6800,267797.803345642,261195.445201642,34.6,AVG
367516:8773,1142:1142,05/15/23 17:12:02,STABLE BEAMS,6800,267751.820502875,261393.292868888,34.6,AVG
367516:8773,1143:1143,05/15/23 17:12:25,STABLE BEAMS,6800,267726.619219637,261051.292417330,34.6,AVG
367516:8773,1144:1144,05/15/23 17:12:48,STABLE BEAMS,6800,267587.255727047,261251.003929098,34.6,AVG
367516:8773,1145:1145,05/15/23 17:13:12,STABLE BEAMS,6800,267270.238456187,260949.092748058,34.5,AVG
367516:8773,1146:1146,05/15/23 17:13:35,STABLE BEAMS,6800,267568.907812851,261237.228084128,34.6,AVG
367516:8773,1147:1147,05/15/23 17:13:58,STABLE BEAMS,6800,267333.000397720,261004.808752628,34.6,AVG
367516:8773,1148:1148,05/15/23 17:14:22,STABLE BEAMS,6800,267357.357830756,261069.642569917,34.6,AVG
367516:8773,1149:1149,05/15/23 17:14:45,STABLE BEAMS,6800,266794.097145331,260507.193653582,34.5,AVG
367516:8773,1150:1150,05/15/23 17:15:08,STABLE BEAMS,6800,266865.190359298,260613.820649316,34.5,AVG
367516:8773,1151:1151,05/15/23 17:15:31,STABLE BEAMS,6800,266503.055075575,260249.965439864,34.4,AVG
367516:8773,1152:1152,05/15/23 17:15:55,STABLE BEAMS,6800,266329.406089148,260061.660954859,34.4,AVG
367516:8773,1153:1153,05/15/23 17:16:18,STABLE BEAMS,6800,265829.886397976,259580.431813504,34.4,AVG
367516:8773,1154:1154,05/15/23 17:16:41,STABLE BEAMS,6800,266008.633451783,259801.599809602,34.4,AVG
367516:8773,1155:1155,05/15/23 17:17:05,STABLE BEAMS,6800,266015.416888488,259747.667882319,34.4,AVG
367516:8773,1156:1156,05/15/23 17:17:28,STABLE BEAMS,6800,265739.920777284,259565.057552950,34.3,AVG
367516:8773,1157:1157,05/15/23 17:17:51,STABLE BEAMS,6800,265445.554590435,259213.662309502,34.3,AVG
367516:8773,1158:1158,05/15/23 17:18:15,STABLE BEAMS,6800,265494.180875547,259330.904683718,34.3,AVG
367516:8773,1159:1159,05/15/23 17:18:38,STABLE BEAMS,6800,265465.450340359,259282.039342874,34.3,AVG
367516:8773,1160:1160,05/15/23 17:19:01,STABLE BEAMS,6800,265724.829378923,259551.141423019,34.3,AVG
367516:8773,1161:1161,05/15/23 17:19:25,STABLE BEAMS,6800,265702.565253846,259138.850032665,34.3,AVG
367516:8773,1162:1162,05/15/23 17:19:48,STABLE BEAMS,6800,265765.007837705,259540.529867955,34.4,AVG
367516:8773,1163:1163,05/15/23 17:20:11,STABLE BEAMS,6800,265581.936634384,259392.035912537,34.3,AVG
367516:8773,1164:1164,05/15/23 17:20:35,STABLE BEAMS,6800,265362.304805189,259190.268936695,34.3,AVG
367516:8773,1165:1165,05/15/23 17:20:58,STABLE BEAMS,6800,265340.702706238,259142.807228955,34.3,AVG
367516:8773,1166:1166,05/15/23 17:21:21,STABLE BEAMS,6800,265180.259276146,258988.740712977,34.3,AVG
367516:8773,1167:1167,05/15/23 17:21:44,STABLE BEAMS,6800,265331.870252053,259164.674403732,34.3,AVG
367516:8773,1168:1168,05/15/23 17:22:08,STABLE BEAMS,6800,264770.157402358,258627.405500759,34.2,AVG
367516:8773,1169:1169,05/15/23 17:22:31,STABLE BEAMS,6800,265167.419699042,259016.284421334,34.3,AVG
367516:8773,1170:1170,05/15/23 17:22:54,STABLE BEAMS,6800,264912.912613301,258786.610957260,34.2,AVG
367516:8773,1171:1171,05/15/23 17:23:18,STABLE BEAMS,6800,265013.598861280,258888.215338926,34.3,AVG
367516:8773,1172:1172,05/15/23 17:23:41,STABLE BEAMS,6800,264819.124024844,258703.555839146,34.2,AVG
367516:8773,1173:1173,05/15/23 17:24:04,STABLE BEAMS,6800,264627.537393933,258358.903343395,34.2,AVG
367516:8773,1174:1174,05/15/23 17:24:28,STABLE BEAMS,6800,264621.914834025,258532.332524250,34.2,AVG
367516:8773,1175:1175,05/15/23 17:24:51,STABLE BEAMS,6800,264565.094810074,258444.056376337,34.2,AVG
367516:8773,1176:1176,05/15/23 17:25:14,STABLE BEAMS,6800,264416.374370770,258323.007962942,34.2,AVG
367516:8773,1177:1177,05/15/23 17:25:38,STABLE BEAMS,6800,263711.269925864,257689.448762584,34.1,AVG
367516:8773,1178:1178,05/15/23 17:26:01,STABLE BEAMS,6800,263260.259965909,257281.097416987,34.0,AVG
367516:8773,1179:1179,05/15/23 17:26:24,STABLE BEAMS,6800,263121.807924779,257147.868926916,34.0,AVG
367516:8773,1180:1180,05/15/23 17:26:47,STABLE BEAMS,6800,262693.176312719,256721.031990322,34.0,AVG
367516:8773,1181:1181,05/15/23 17:27:11,STABLE BEAMS,6800,262308.366634207,256372.745918425,33.9,AVG
367516:8773,1182:1182,05/15/23 17:27:34,STABLE BEAMS,6800,261817.245816729,255888.199597905,33.8,AVG
367516:8773,1183:1183,05/15/23 17:27:57,STABLE BEAMS,6800,261777.955498629,255874.615902589,33.8,AVG
367516:8773,1184:1184,05/15/23 17:28:21,STABLE BEAMS,6800,261590.602105194,255700.082116289,33.8,AVG
367516:8773,1185:1185,05/15/23 17:28:44,STABLE BEAMS,6800,261392.665618068,255439.968143692,33.8,AVG
367516:8773,1186:1186,05/15/23 17:29:07,STABLE BEAMS,6800,261524.313242791,252973.950441102,33.8,AVG
367516:8773,1187:1187,05/15/23 17:29:31,STABLE BEAMS,6800,261408.032083622,252868.764928266,33.8,AVG
367516:8773,1188:1188,05/15/23 17:29:54,STABLE BEAMS,6800,261332.066916832,252749.388695734,33.8,AVG
367516:8773,1189:1189,05/15/23 17:30:17,STABLE BEAMS,6800,261124.433145619,252477.431916635,33.8,AVG
367516:8773,1190:1190,05/15/23 17:30:41,STABLE BEAMS,6800,261305.979823990,252422.409292132,33.8,AVG
367516:8773,1191:1191,05/15/23 17:31:04,STABLE BEAMS,6800,260911.449550612,252459.752479568,33.7,AVG
367516:8773,1192:1192,05/15/23 17:31:27,STABLE BEAMS,6800,260854.081723353,252345.803435476,33.7,AVG
367516:8773,1193:1193,05/15/23 17:31:51,STABLE BEAMS,6800,260913.475257311,252442.863969426,33.7,AVG
367516:8773,1194:1194,05/15/23 17:32:14,STABLE BEAMS,6800,260560.557055627,252116.116639458,33.7,AVG
367516:8773,1195:1195,05/15/23 17:32:37,STABLE BEAMS,6800,260602.194769178,216932.961987471,33.7,AVG
367516:8773,1196:1196,05/15/23 17:33:00,STABLE BEAMS,6800,260747.978050321,252308.362246932,33.7,AVG
367516:8773,1197:1197,05/15/23 17:33:24,STABLE BEAMS,6800,260757.334997034,252289.003931800,33.7,AVG
367516:8773,1198:1198,05/15/23 17:33:47,STABLE BEAMS,6800,260341.109381587,251939.940728873,33.7,AVG
367516:8773,1199:1199,05/15/23 17:34:10,STABLE BEAMS,6800,260162.954421569,251738.298444417,33.6,AVG
367516:8773,1200:1200,05/15/23 17:34:34,STABLE BEAMS,6800,260498.023559729,252038.372022262,33.7,AVG
367516:8773,1201:1201,05/15/23 17:34:57,STABLE BEAMS,6800,260327.906156330,251980.884524041,33.6,AVG
367516:8773,1202:1202,05/15/23 17:35:20,STABLE BEAMS,6800,260157.604597775,248123.161748446,33.6,AVG
367516:8773,1203:1203,05/15/23 17:35:44,STABLE BEAMS,6800,260460.213476100,252052.603886549,33.7,AVG
367516:8773,1204:1204,05/15/23 17:36:07,STABLE BEAMS,6800,260354.904700633,251949.728438876,33.7,AVG
367516:8773,1205:1205,05/15/23 17:36:30,STABLE BEAMS,6800,260245.225154093,251869.187169717,33.6,AVG
367516:8773,1206:1206,05/15/23 17:36:54,STABLE BEAMS,6800,260001.827985651,251677.208044040,33.6,AVG
367516:8773,1207:1207,05/15/23 17:37:17,STABLE BEAMS,6800,259747.889682919,251441.333007340,33.6,AVG
367516:8773,1208:1208,05/15/23 17:37:40,STABLE BEAMS,6800,259823.332688258,251499.613305242,33.6,AVG
367516:8773,1209:1209,05/15/23 17:38:03,STABLE BEAMS,6800,259241.495643003,251023.473554207,33.5,AVG
367516:8773,1210:1210,05/15/23 17:38:27,STABLE BEAMS,6800,259305.805420265,251038.452761502,33.5,AVG
367516:8773,1211:1211,05/15/23 17:38:50,STABLE BEAMS,6800,259355.135690905,251067.007546952,33.5,AVG
367516:8773,1212:1212,05/15/23 17:39:13,STABLE BEAMS,6800,259129.517653649,250895.507914977,33.5,AVG
367516:8773,1213:1213,05/15/23 17:39:37,STABLE BEAMS,6800,258342.983995341,250245.770151607,33.4,AVG
367516:8773,1214:1214,05/15/23 17:40:00,STABLE BEAMS,6800,258399.552262878,250378.560675745,33.4,AVG
367516:8773,1215:1215,05/15/23 17:40:23,STABLE BEAMS,6800,258532.703432850,250528.483959177,33.4,AVG
367516:8773,1216:1216,05/15/23 17:40:47,STABLE BEAMS,6800,258408.818297553,250407.871179841,33.4,AVG
367516:8773,1217:1217,05/15/23 17:41:10,STABLE BEAMS,6800,258151.898546180,250129.810305670,33.4,AVG
367516:8773,1218:1218,05/15/23 17:41:33,STABLE BEAMS,6800,257974.358990728,250063.206497931,33.3,AVG
367516:8773,1219:1219,05/15/23 17:41:57,STABLE BEAMS,6800,257655.201790352,249773.376635705,33.3,AVG
367516:8773,1220:1220,05/15/23 17:42:20,STABLE BEAMS,6800,257475.727440238,246768.663039879,33.3,AVG
367516:8773,1221:1221,05/15/23 17:42:43,STABLE BEAMS,6800,257026.015890677,249191.731945871,33.2,AVG
367516:8773,1222:1222,05/15/23 17:43:07,STABLE BEAMS,6800,256905.888452964,249045.432446331,33.2,AVG
367516:8773,1223:1223,05/15/23 17:43:30,STABLE BEAMS,6800,256719.719247106,248900.662994954,33.2,AVG
367516:8773,1224:1224,05/15/23 17:43:53,STABLE BEAMS,6800,255751.321883832,248003.646785569,33.1,AVG
367516:8773,1225:1225,05/15/23 17:44:16,STABLE BEAMS,6800,255606.084074919,247906.074684431,33.0,AVG
367516:8773,1226:1226,05/15/23 17:44:40,STABLE BEAMS,6800,256206.017277955,248317.207519848,33.1,AVG
367516:8773,1227:1227,05/15/23 17:45:03,STABLE BEAMS,6800,256014.819937055,248248.731546078,33.1,AVG
367516:8773,1228:1228,05/15/23 17:45:26,STABLE BEAMS,6800,255465.035213003,247758.804463366,33.0,AVG
367516:8773,1229:1229,05/15/23 17:45:50,STABLE BEAMS,6800,255476.669622830,247767.761417101,33.0,AVG
367516:8773,1230:1230,05/15/23 17:46:13,STABLE BEAMS,6800,255929.406911513,248164.816409744,33.1,AVG
367516:8773,1231:1231,05/15/23 17:46:36,STABLE BEAMS,6800,255916.364530631,248162.059888432,33.1,AVG
367516:8773,1232:1232,05/15/23 17:47:00,STABLE BEAMS,6800,255957.316907278,248217.770935397,33.1,AVG
367516:8773,1233:1233,05/15/23 17:47:23,STABLE BEAMS,6800,255919.574424907,248171.412379080,33.1,AVG
367516:8773,1234:1234,05/15/23 17:47:46,STABLE BEAMS,6800,256162.241965965,248309.633190042,33.1,AVG
367516:8773,1235:1235,05/15/23 17:48:10,STABLE BEAMS,6800,256056.933190498,248268.656219617,33.1,AVG
367516:8773,1236:1236,05/15/23 17:48:33,STABLE BEAMS,6800,256290.814898930,248487.385549944,33.1,AVG
367552:8775,49:49,05/15/23 22:21:36,STABLE BEAMS,6800,250140.436013510,64090.680095594,32.3,AVG
367552:8775,50:50,05/15/23 22:21:59,STABLE BEAMS,6800,71234.411551769,70161.983597769,9.2,AVG
367552:8775,51:51,05/15/23 22:22:23,STABLE BEAMS,6800,10756.816200360,10580.495778768,1.4,AVG
367552:8775,52:52,05/15/23 22:22:46,STABLE BEAMS,6800,74953.032810558,74655.557821312,9.7,AVG
367552:8775,53:53,05/15/23 22:23:09,STABLE BEAMS,6800,201391.973280532,196833.374472953,26.0,AVG
367552:8775,54:54,05/15/23 22:23:33,STABLE BEAMS,6800,212368.481824868,206702.487140753,27.5,AVG
367552:8775,55:55,05/15/23 22:23:56,STABLE BEAMS,6800,92658.696347171,92249.267781234,12.0,AVG
367552:8775,56:56,05/15/23 22:24:19,STABLE BEAMS,6800,14659.866375486,14627.350752430,1.9,AVG
367552:8775,57:57,05/15/23 22:24:42,STABLE BEAMS,6800,61154.810174172,60571.305403813,7.9,AVG
367552:8775,58:58,05/15/23 22:25:06,STABLE BEAMS,6800,110804.111902994,92269.347879390,14.3,AVG
367618:8782,18:18,05/17/23 06:11:09,STABLE BEAMS,6800,458312.681561281,415821.647421898,59.2,AVG
367618:8782,19:19,05/17/23 06:11:32,STABLE BEAMS,6800,457404.470298453,433439.706611107,59.1,AVG
367618:8782,20:20,05/17/23 06:11:55,STABLE BEAMS,6800,458874.371100197,436541.406119270,59.3,AVG
367618:8782,21:21,05/17/23 06:12:19,STABLE BEAMS,6800,459040.504691456,333904.095205922,59.3,AVG
367618:8782,22:22,05/17/23 06:12:42,STABLE BEAMS,6800,460020.287039221,435021.430249781,59.5,AVG
367618:8782,23:23,05/17/23 06:13:05,STABLE BEAMS,6800,459716.291169543,443189.645748190,59.4,AVG
367618:8782,24:24,05/17/23 06:13:29,STABLE BEAMS,6800,460018.783493972,444301.913348491,59.5,AVG
367618:8782,25:25,05/17/23 06:13:52,STABLE BEAMS,6800,459944.161028056,438003.430226294,59.5,AVG
367618:8782,26:26,05/17/23 06:14:15,STABLE BEAMS,6800,459902.730780439,444275.424088736,59.4,AVG
367618:8782,27:27,05/17/23 06:14:39,STABLE BEAMS,6800,459079.296158884,354071.574371158,59.3,AVG
367618:8782,28:28,05/17/23 06:15:02,STABLE BEAMS,6800,458918.214013447,443065.962768155,59.3,AVG
367618:8782,29:29,05/17/23 06:15:25,STABLE BEAMS,6800,458787.137502811,443141.094702775,59.3,AVG
367618:8782,30:30,05/17/23 06:15:49,STABLE BEAMS,6800,458228.816371469,437128.461209975,59.2,AVG
367618:8782,31:31,05/17/23 06:16:12,STABLE BEAMS,6800,457972.852362037,442351.059559651,59.2,AVG
367618:8782,32:32,05/17/23 06:16:35,STABLE BEAMS,6800,457800.480806302,442267.211607640,59.2,AVG
367618:8782,33:33,05/17/23 06:16:59,STABLE BEAMS,6800,457888.306497476,442398.614567159,59.2,AVG
367618:8782,34:34,05/17/23 06:17:22,STABLE BEAMS,6800,457078.075101179,433222.142667305,59.1,AVG
367618:8782,35:35,05/17/23 06:17:45,STABLE BEAMS,6800,456001.135757384,433556.984344765,58.9,AVG
367618:8782,36:36,05/17/23 06:18:09,STABLE BEAMS,6800,455739.434965226,440374.090590444,58.9,AVG
367618:8782,37:37,05/17/23 06:18:32,STABLE BEAMS,6800,454666.318589196,439669.811519091,58.8,AVG
367618:8782,38:38,05/17/23 06:18:55,STABLE BEAMS,6800,453787.749313017,439174.743612859,58.7,AVG
367618:8782,39:39,05/17/23 06:19:18,STABLE BEAMS,6800,452117.886317447,437774.863814470,58.4,AVG
367618:8782,40:40,05/17/23 06:19:42,STABLE BEAMS,6800,451531.792723936,428169.481417232,58.4,AVG
367618:8782,41:41,05/17/23 06:20:05,STABLE BEAMS,6800,451273.917230621,425051.491640492,58.3,AVG
367618:8782,42:42,05/17/23 06:20:28,STABLE BEAMS,6800,450328.648822327,424909.394128142,58.2,AVG
367618:8782,43:43,05/17/23 06:20:52,STABLE BEAMS,6800,449044.688780807,424284.761192798,58.0,AVG
367618:8782,44:44,05/17/23 06:21:15,STABLE BEAMS,6800,450196.250590519,425082.243814616,58.2,AVG
367618:8782,45:45,05/17/23 06:21:38,STABLE BEAMS,6800,451030.701886256,425177.126957734,58.3,AVG
367618:8782,46:46,05/17/23 06:22:02,STABLE BEAMS,6800,451167.699334772,424739.853570274,58.3,AVG
367618:8782,47:47,05/17/23 06:22:25,STABLE BEAMS,6800,451519.046389948,425099.984966152,58.4,AVG
367618:8782,48:48,05/17/23 06:22:48,STABLE BEAMS,6800,452022.549893261,425590.200046128,58.4,AVG
367618:8782,49:49,05/17/23 06:23:12,STABLE BEAMS,6800,452003.518973239,425045.849927480,58.4,AVG
367618:8782,50:50,05/17/23 06:23:35,STABLE BEAMS,6800,452521.409889385,425776.240590075,58.5,AVG
367618:8782,51:51,05/17/23 06:23:58,STABLE BEAMS,6800,452455.118695904,424955.044941600,58.5,AVG
367618:8782,52:52,05/17/23 06:24:22,STABLE BEAMS,6800,452698.515864346,425430.279249906,58.5,AVG
367618:8782,53:53,05/17/23 06:24:45,STABLE BEAMS,6800,452919.376171597,425721.535792260,58.5,AVG
367618:8782,54:54,05/17/23 06:25:08,STABLE BEAMS,6800,452598.125663261,425518.480631243,58.5,AVG
367618:8782,55:55,05/17/23 06:25:31,STABLE BEAMS,6800,452504.334743726,425295.006281760,58.5,AVG
367618:8782,56:56,05/17/23 06:25:55,STABLE BEAMS,6800,452025.780767238,425061.144545619,58.4,AVG
367618:8782,57:57,05/17/23 06:26:18,STABLE BEAMS,6800,451584.834070602,424806.932652810,58.4,AVG
367618:8782,58:58,05/17/23 06:26:41,STABLE BEAMS,6800,450810.890564063,424505.812862955,58.3,AVG
367618:8782,59:59,05/17/23 06:27:05,STABLE BEAMS,6800,451224.109089011,425416.902393624,58.3,AVG
367618:8782,60:60,05/17/23 06:27:28,STABLE BEAMS,6800,451341.073254006,425127.064836174,58.3,AVG
367618:8782,61:61,05/17/23 06:27:51,STABLE BEAMS,6800,450585.976512334,424823.406408124,58.2,AVG
367618:8782,62:62,05/17/23 06:28:15,STABLE BEAMS,6800,450345.994373024,424969.034428406,58.2,AVG
367618:8782,63:63,05/17/23 06:28:38,STABLE BEAMS,6800,450531.615775574,328936.693229106,58.2,AVG
367618:8782,64:64,05/17/23 06:29:01,STABLE BEAMS,6800,450296.778325201,435832.772498452,58.2,AVG
367618:8782,65:65,05/17/23 06:29:25,STABLE BEAMS,6800,450054.882370930,436083.967589431,58.2,AVG
367618:8782,66:66,05/17/23 06:29:48,STABLE BEAMS,6800,450192.425291676,435687.618456804,58.2,AVG
367618:8782,67:67,05/17/23 06:30:11,STABLE BEAMS,6800,449784.533279742,435680.111172863,58.1,AVG
367618:8782,68:68,05/17/23 06:30:34,STABLE BEAMS,6800,449544.914788585,435354.338198159,58.1,AVG
367618:8782,69:69,05/17/23 06:30:58,STABLE BEAMS,6800,449165.385001529,434482.575285085,58.1,AVG
367618:8782,70:70,05/17/23 06:31:21,STABLE BEAMS,6800,448290.503490597,434504.421181068,57.9,AVG
367618:8782,71:71,05/17/23 06:31:44,STABLE BEAMS,6800,447392.991875356,433540.021888678,57.8,AVG
367618:8782,72:72,05/17/23 06:32:08,STABLE BEAMS,6800,447461.877558547,433782.884420449,57.8,AVG
367618:8782,73:73,05/17/23 06:32:31,STABLE BEAMS,6800,447777.391284157,433876.033317056,57.9,AVG
367618:8782,74:74,05/17/23 06:32:54,STABLE BEAMS,6800,447567.960251878,419806.118899560,57.9,AVG
367618:8782,75:75,05/17/23 06:33:18,STABLE BEAMS,6800,447262.962018700,432658.900966447,57.8,AVG
367618:8782,76:76,05/17/23 06:33:41,STABLE BEAMS,6800,446957.098955619,433194.126315360,57.8,AVG
367618:8782,77:77,05/17/23 06:34:04,STABLE BEAMS,6800,446675.183055864,433073.179302953,57.7,AVG
367618:8782,78:78,05/17/23 06:34:28,STABLE BEAMS,6800,446844.552183256,420672.426709368,57.8,AVG
367618:8782,79:79,05/17/23 06:34:51,STABLE BEAMS,6800,446700.225825804,425239.619237743,57.7,AVG
367618:8782,80:80,05/17/23 06:35:14,STABLE BEAMS,6800,446452.730622404,424476.095493259,57.7,AVG
367618:8782,81:81,05/17/23 06:35:38,STABLE BEAMS,6800,445861.629873552,424348.900487301,57.6,AVG
367618:8782,82:82,05/17/23 06:36:01,STABLE BEAMS,6800,446186.705680731,424429.659274757,57.7,AVG
367618:8782,83:83,05/17/23 06:36:24,STABLE BEAMS,6800,445828.575188849,425906.461821848,57.6,AVG
367618:8782,84:84,05/17/23 06:36:47,STABLE BEAMS,6800,445646.594929987,425765.496294574,57.6,AVG
367618:8782,85:85,05/17/23 06:37:11,STABLE BEAMS,6800,445202.916210046,431673.639936627,57.5,AVG
367618:8782,86:86,05/17/23 06:37:34,STABLE BEAMS,6800,445077.940130289,425352.489420391,57.5,AVG
367618:8782,87:87,05/17/23 06:37:57,STABLE BEAMS,6800,444882.803267728,431472.030445956,57.5,AVG
367618:8782,88:88,05/17/23 06:38:21,STABLE BEAMS,6800,444714.711571028,431544.175644055,57.5,AVG
367618:8782,89:89,05/17/23 06:38:44,STABLE BEAMS,6800,444400.789971627,423758.215870685,57.4,AVG
367618:8782,90:90,05/17/23 06:39:07,STABLE BEAMS,6800,443846.748699320,430771.431111492,57.4,AVG
367618:8782,91:91,05/17/23 06:39:31,STABLE BEAMS,6800,444000.818962417,430779.426289471,57.4,AVG
367618:8782,92:92,05/17/23 06:39:54,STABLE BEAMS,6800,443858.084731175,430901.912644554,57.4,AVG
367618:8782,93:93,05/17/23 06:40:17,STABLE BEAMS,6800,443447.824344089,430139.620687174,57.3,AVG
367618:8782,94:94,05/17/23 06:40:41,STABLE BEAMS,6800,442428.842590262,424363.539555172,57.2,AVG
367618:8782,95:95,05/17/23 06:41:04,STABLE BEAMS,6800,441431.441955685,428471.339580978,57.1,AVG
367618:8782,96:96,05/17/23 06:41:27,STABLE BEAMS,6800,440747.962920510,427968.304240597,57.0,AVG
367618:8782,97:97,05/17/23 06:41:51,STABLE BEAMS,6800,440274.600254517,422704.474431679,56.9,AVG
367618:8782,98:98,05/17/23 06:42:14,STABLE BEAMS,6800,445521.208580519,432043.271796902,57.6,AVG
367618:8782,99:99,05/17/23 06:42:37,STABLE BEAMS,6800,457582.352522357,442174.656021189,59.1,AVG
367618:8782,100:100,05/17/23 06:43:00,STABLE BEAMS,6800,457784.636469777,434357.358414866,59.2,AVG
367618:8782,101:101,05/17/23 06:43:24,STABLE BEAMS,6800,457705.235294154,442569.986320697,59.2,AVG
367618:8782,102:102,05/17/23 06:43:47,STABLE BEAMS,6800,457271.845952088,442118.143183685,59.1,AVG
367618:8782,103:103,05/17/23 06:44:10,STABLE BEAMS,6800,456161.078005726,441512.025196992,59.0,AVG
367618:8782,104:104,05/17/23 06:44:34,STABLE BEAMS,6800,456200.186499749,441469.079470427,59.0,AVG
367618:8782,105:105,05/17/23 06:44:57,STABLE BEAMS,6800,456769.298190717,441865.747950353,59.0,AVG
367618:8782,106:106,05/17/23 06:45:20,STABLE BEAMS,6800,456522.304169066,441812.887504494,59.0,AVG
367618:8782,107:107,05/17/23 06:45:44,STABLE BEAMS,6800,456167.406882239,441358.066404726,59.0,AVG
367618:8782,108:108,05/17/23 06:46:07,STABLE BEAMS,6800,456054.449840165,441300.651761305,58.9,AVG
367618:8782,109:109,05/17/23 06:46:30,STABLE BEAMS,6800,455521.670329434,440926.017839212,58.9,AVG
367618:8782,110:110,05/17/23 06:46:54,STABLE BEAMS,6800,455921.641338645,441264.545119568,58.9,AVG
367618:8782,111:111,05/17/23 06:47:17,STABLE BEAMS,6800,456053.948658415,341103.805580600,58.9,AVG
367618:8782,112:112,05/17/23 06:47:40,STABLE BEAMS,6800,456042.703538598,440753.421104254,58.9,AVG
367618:8782,113:113,05/17/23 06:48:03,STABLE BEAMS,6800,455671.824381650,440753.765105963,58.9,AVG
367618:8782,114:114,05/17/23 06:48:27,STABLE BEAMS,6800,455318.474930553,440316.345679405,58.9,AVG
367618:8782,115:115,05/17/23 06:48:50,STABLE BEAMS,6800,455001.686105328,439936.302226851,58.8,AVG
367618:8782,116:116,05/17/23 06:49:13,STABLE BEAMS,6800,454096.752338036,439563.850592893,58.7,AVG
367618:8782,117:117,05/17/23 06:49:37,STABLE BEAMS,6800,453537.703910387,439002.740229169,58.6,AVG
367618:8782,118:118,05/17/23 06:50:00,STABLE BEAMS,6800,450985.129313200,436829.441886297,58.3,AVG
367618:8782,119:119,05/17/23 06:50:23,STABLE BEAMS,6800,450356.784932649,436574.905081403,58.2,AVG
367618:8782,120:120,05/17/23 06:50:47,STABLE BEAMS,6800,450792.859676462,436887.288442531,58.3,AVG
367618:8782,121:121,05/17/23 06:51:10,STABLE BEAMS,6800,449715.465772475,427813.541388620,58.1,AVG
367618:8782,122:122,05/17/23 06:51:33,STABLE BEAMS,6800,449190.108413797,435401.429572638,58.1,AVG
367618:8782,123:123,05/17/23 06:51:57,STABLE BEAMS,6800,448873.226345456,435152.574589795,58.0,AVG
367618:8782,124:124,05/17/23 06:52:20,STABLE BEAMS,6800,448965.558010221,382693.881743379,58.0,AVG
367618:8782,125:125,05/17/23 06:52:43,STABLE BEAMS,6800,449330.518560367,218296.241368740,58.1,AVG
367618:8782,126:126,05/17/23 06:53:06,STABLE BEAMS,6800,451285.208971997,437471.726504277,58.3,AVG
367618:8782,127:127,05/17/23 06:53:30,STABLE BEAMS,6800,450440.193231192,436493.605366098,58.2,AVG
367618:8782,128:128,05/17/23 06:53:53,STABLE BEAMS,6800,450180.907435744,436268.740277206,58.2,AVG
367618:8782,129:129,05/17/23 06:54:16,STABLE BEAMS,6800,449185.781933204,435597.849368308,58.1,AVG
367618:8782,130:130,05/17/23 06:54:40,STABLE BEAMS,6800,448981.721704419,435308.109354182,58.0,AVG
367618:8782,131:131,05/17/23 06:55:03,STABLE BEAMS,6800,448738.688184130,435237.339458210,58.0,AVG
367618:8782,132:132,05/17/23 06:55:26,STABLE BEAMS,6800,448887.341022175,435314.597674335,58.0,AVG
367618:8782,133:133,05/17/23 06:55:50,STABLE BEAMS,6800,448132.335192541,434126.281532127,57.9,AVG
367618:8782,134:134,05/17/23 06:56:13,STABLE BEAMS,6800,447602.697974828,433825.419119354,57.9,AVG
367618:8782,135:135,05/17/23 06:56:36,STABLE BEAMS,6800,447868.494470866,427528.498782969,57.9,AVG
367618:8782,136:136,05/17/23 06:57:00,STABLE BEAMS,6800,447470.437276616,433868.337601234,57.8,AVG
367618:8782,137:137,05/17/23 06:57:23,STABLE BEAMS,6800,446611.898952881,433129.753706527,57.7,AVG
367618:8782,138:138,05/17/23 06:57:46,STABLE BEAMS,6800,446968.936169225,433484.307493823,57.8,AVG
367618:8782,139:139,05/17/23 06:58:10,STABLE BEAMS,6800,447222.030621754,433871.784679093,57.8,AVG
367618:8782,140:140,05/17/23 06:58:33,STABLE BEAMS,6800,447267.060053658,433670.759372197,57.8,AVG
367618:8782,141:141,05/17/23 06:58:56,STABLE BEAMS,6800,446583.396863328,178470.310253970,57.7,AVG
367618:8782,142:142,05/17/23 06:59:19,STABLE BEAMS,6800,446530.129402106,432935.569445221,57.7,AVG
367618:8782,143:143,05/17/23 06:59:43,STABLE BEAMS,6800,446441.711617144,433016.989253052,57.7,AVG
367618:8782,144:144,05/17/23 07:00:06,STABLE BEAMS,6800,445969.031956977,432682.898848473,57.6,AVG
367618:8782,145:145,05/17/23 07:00:29,STABLE BEAMS,6800,445821.609928067,432581.256250873,57.6,AVG
367618:8782,146:146,05/17/23 07:00:53,STABLE BEAMS,6800,445559.636399794,432255.932269924,57.6,AVG
367618:8782,147:147,05/17/23 07:01:16,STABLE BEAMS,6800,445374.196821321,432225.687289335,57.6,AVG
367618:8782,148:148,05/17/23 07:01:39,STABLE BEAMS,6800,445324.115943595,431976.870625146,57.6,AVG
367618:8782,149:149,05/17/23 07:02:03,STABLE BEAMS,6800,445134.396506086,431892.740703380,57.5,AVG
367618:8782,150:150,05/17/23 07:02:26,STABLE BEAMS,6800,445098.108616329,431907.747590248,57.5,AVG
367618:8782,151:151,05/17/23 07:02:49,STABLE BEAMS,6800,444795.660582380,431417.885681926,57.5,AVG
367618:8782,152:152,05/17/23 07:03:13,STABLE BEAMS,6800,444699.095680138,431585.021406973,57.5,AVG
367618:8782,153:153,05/17/23 07:03:36,STABLE BEAMS,6800,444615.913496152,431387.944620720,57.5,AVG
367618:8782,154:154,05/17/23 07:03:59,STABLE BEAMS,6800,444099.479503696,430995.379095198,57.4,AVG
367618:8782,155:155,05/17/23 07:04:22,STABLE BEAMS,6800,443914.496816492,430652.527652239,57.4,AVG
367618:8782,156:156,05/17/23 07:04:46,STABLE BEAMS,6800,443311.146253246,430277.748858221,57.3,AVG
367618:8782,157:157,05/17/23 07:05:09,STABLE BEAMS,6800,443000.686304535,429978.471901389,57.3,AVG
367618:8782,158:158,05/17/23 07:05:32,STABLE BEAMS,6800,442225.875637015,428987.915513523,57.2,AVG
367618:8782,159:159,05/17/23 07:05:56,STABLE BEAMS,6800,442052.455096223,424191.097725814,57.1,AVG
367618:8782,160:160,05/17/23 07:06:19,STABLE BEAMS,6800,441816.708525467,420802.620888281,57.1,AVG
367618:8782,161:161,05/17/23 07:06:42,STABLE BEAMS,6800,441154.034360599,420112.104850037,57.0,AVG
367618:8782,162:162,05/17/23 07:07:06,STABLE BEAMS,6800,440216.824488625,416455.374779117,56.9,AVG
367618:8782,163:163,05/17/23 07:07:29,STABLE BEAMS,6800,440391.790534069,421180.103524193,56.9,AVG
367618:8782,164:164,05/17/23 07:07:52,STABLE BEAMS,6800,440345.168975955,420199.074185553,56.9,AVG
367618:8782,165:165,05/17/23 07:08:16,STABLE BEAMS,6800,439576.915630584,420808.122650662,56.8,AVG
367618:8782,166:166,05/17/23 07:08:39,STABLE BEAMS,6800,439409.551230191,425327.335081696,56.8,AVG
367618:8782,167:167,05/17/23 07:09:02,STABLE BEAMS,6800,439422.481719334,420608.554203440,56.8,AVG
367618:8782,168:168,05/17/23 07:09:26,STABLE BEAMS,6800,439426.987692925,425436.282141527,56.8,AVG
367618:8782,169:169,05/17/23 07:09:49,STABLE BEAMS,6800,439305.107284627,419374.198926780,56.8,AVG
367618:8782,170:170,05/17/23 07:10:12,STABLE BEAMS,6800,439343.488482344,425521.229137561,56.8,AVG
367618:8782,171:171,05/17/23 07:10:35,STABLE BEAMS,6800,439471.378409483,196090.641875167,56.8,AVG
367618:8782,172:172,05/17/23 07:10:59,STABLE BEAMS,6800,439230.713264346,425364.813822897,56.8,AVG
367618:8782,173:173,05/17/23 07:11:22,STABLE BEAMS,6800,438685.641979819,407596.312089285,56.7,AVG
367618:8782,174:174,05/17/23 07:11:45,STABLE BEAMS,6800,438369.034978671,424651.351567441,56.7,AVG
367618:8782,175:175,05/17/23 07:12:09,STABLE BEAMS,6800,438418.705586685,424405.720352044,56.7,AVG
367618:8782,176:176,05/17/23 07:12:32,STABLE BEAMS,6800,438119.945317983,419672.689377732,56.6,AVG
367618:8782,177:177,05/17/23 07:12:55,STABLE BEAMS,6800,437434.874156598,423716.469838297,56.5,AVG
367618:8782,178:178,05/17/23 07:13:19,STABLE BEAMS,6800,437452.947003600,423837.654350577,56.5,AVG
367618:8782,179:179,05/17/23 07:13:42,STABLE BEAMS,6800,437817.543905592,424160.854056868,56.6,AVG
367618:8782,180:180,05/17/23 07:14:05,STABLE BEAMS,6800,437449.033123797,423902.570525035,56.5,AVG
367618:8782,181:181,05/17/23 07:14:29,STABLE BEAMS,6800,437412.428207444,415776.449520620,56.5,AVG
367618:8782,182:182,05/17/23 07:14:52,STABLE BEAMS,6800,437001.300659377,423508.343707306,56.5,AVG
367618:8782,183:183,05/17/23 07:15:15,STABLE BEAMS,6800,436681.052514541,423223.084615569,56.4,AVG
367618:8782,184:184,05/17/23 07:15:39,STABLE BEAMS,6800,436816.546417808,423086.630028560,56.5,AVG
367618:8782,185:185,05/17/23 07:16:02,STABLE BEAMS,6800,436420.034728209,423027.511262069,56.4,AVG
367618:8782,186:186,05/17/23 07:16:25,STABLE BEAMS,6800,435978.267492150,422145.559005062,56.4,AVG
367618:8782,187:187,05/17/23 07:16:48,STABLE BEAMS,6800,435609.348771721,422289.324046554,56.3,AVG
367618:8782,188:188,05/17/23 07:17:12,STABLE BEAMS,6800,435909.475052076,422678.780655867,56.3,AVG
367618:8782,189:189,05/17/23 07:17:35,STABLE BEAMS,6800,435385.756441165,422198.932278287,56.3,AVG
367618:8782,190:190,05/17/23 07:17:58,STABLE BEAMS,6800,435054.759696106,421405.594774000,56.2,AVG
367618:8782,191:191,05/17/23 07:18:22,STABLE BEAMS,6800,434741.476812051,421733.058481250,56.2,AVG
367618:8782,192:192,05/17/23 07:18:45,STABLE BEAMS,6800,434613.812999469,421418.248643528,56.2,AVG
367618:8782,193:193,05/17/23 07:19:08,STABLE BEAMS,6800,434047.981135115,421088.198911258,56.1,AVG
367618:8782,194:194,05/17/23 07:19:32,STABLE BEAMS,6800,433761.650173806,420740.572036583,56.1,AVG
367618:8782,195:195,05/17/23 07:19:55,STABLE BEAMS,6800,434065.874489119,420947.241897931,56.1,AVG
367618:8782,196:196,05/17/23 07:20:18,STABLE BEAMS,6800,434306.402100659,421138.940690154,56.1,AVG
367618:8782,197:197,05/17/23 07:20:42,STABLE BEAMS,6800,434078.348086992,420938.720917358,56.1,AVG
367618:8782,198:198,05/17/23 07:21:05,STABLE BEAMS,6800,434014.290066144,420910.582007759,56.1,AVG
367618:8782,199:199,05/17/23 07:21:28,STABLE BEAMS,6800,433488.475816196,420450.553078494,56.0,AVG
367618:8782,200:200,05/17/23 07:21:52,STABLE BEAMS,6800,432064.061337626,419177.093970858,55.8,AVG
367618:8782,201:201,05/17/23 07:22:15,STABLE BEAMS,6800,432460.845763339,419660.694244317,55.9,AVG
367618:8782,202:202,05/17/23 07:22:38,STABLE BEAMS,6800,433870.145532769,420826.914433838,56.1,AVG
367618:8782,203:203,05/17/23 07:23:01,STABLE BEAMS,6800,432053.315068481,419218.056301176,55.8,AVG
367618:8782,204:204,05/17/23 07:23:25,STABLE BEAMS,6800,431314.109284892,418379.884203990,55.8,AVG
367618:8782,205:205,05/17/23 07:23:48,STABLE BEAMS,6800,432171.190684937,419305.930115510,55.9,AVG
367618:8782,206:206,05/17/23 07:24:11,STABLE BEAMS,6800,432030.004289424,419228.628647645,55.8,AVG
367618:8782,207:207,05/17/23 07:24:35,STABLE BEAMS,6800,432068.112751026,419345.567791076,55.8,AVG
367618:8782,208:208,05/17/23 07:24:58,STABLE BEAMS,6800,431696.597209810,418829.362698430,55.8,AVG
367618:8782,209:209,05/17/23 07:25:21,STABLE BEAMS,6800,431587.600669097,418796.978348556,55.8,AVG
367618:8782,210:210,05/17/23 07:25:45,STABLE BEAMS,6800,431311.286349548,418212.424907593,55.8,AVG
367618:8782,211:211,05/17/23 07:26:08,STABLE BEAMS,6800,430671.242288989,417964.516100883,55.7,AVG
367618:8782,212:212,05/17/23 07:26:31,STABLE BEAMS,6800,429939.001766182,417420.001238958,55.6,AVG
367618:8782,213:213,05/17/23 07:26:55,STABLE BEAMS,6800,428992.591129714,416578.803434496,55.5,AVG
367618:8782,214:214,05/17/23 07:27:18,STABLE BEAMS,6800,427823.956505421,415519.967760406,55.3,AVG
367618:8782,215:215,05/17/23 07:27:41,STABLE BEAMS,6800,426943.566657398,414760.632163423,55.2,AVG
367618:8782,216:216,05/17/23 07:28:05,STABLE BEAMS,6800,426292.911530212,414191.356358274,55.1,AVG
367618:8782,217:217,05/17/23 07:28:28,STABLE BEAMS,6800,425819.457952181,131574.082058482,55.0,AVG
367618:8782,218:218,05/17/23 07:28:51,STABLE BEAMS,6800,426322.143247149,414246.191798795,55.1,AVG
367618:8782,219:219,05/17/23 07:29:14,STABLE BEAMS,6800,426275.521689036,414260.286022585,55.1,AVG
367618:8782,220:220,05/17/23 07:29:38,STABLE BEAMS,6800,425482.043749647,413534.492260870,55.0,AVG
367618:8782,221:221,05/17/23 07:30:01,STABLE BEAMS,6800,425682.961685415,413795.444015396,55.0,AVG
367618:8782,222:222,05/17/23 07:30:24,STABLE BEAMS,6800,425972.024670029,414080.969213012,55.1,AVG
367618:8782,223:223,05/17/23 07:30:48,STABLE BEAMS,6800,425658.832698013,413840.040075023,55.0,AVG
367618:8782,224:224,05/17/23 07:31:11,STABLE BEAMS,6800,424850.832143272,413000.323348047,54.9,AVG
367618:8782,225:225,05/17/23 07:31:34,STABLE BEAMS,6800,424866.583236681,410178.611041701,54.9,AVG
367618:8782,226:226,05/17/23 07:31:58,STABLE BEAMS,6800,425044.920020776,413158.555494156,54.9,AVG
367618:8782,227:227,05/17/23 07:32:21,STABLE BEAMS,6800,424639.349762436,412698.728578049,54.9,AVG
367618:8782,228:228,05/17/23 07:32:44,STABLE BEAMS,6800,423899.323439425,412093.436656261,54.8,AVG
367618:8782,229:229,05/17/23 07:33:08,STABLE BEAMS,6800,424026.439448699,412251.992289037,54.8,AVG
367618:8782,230:230,05/17/23 07:33:31,STABLE BEAMS,6800,424236.101257690,412612.524366802,54.8,AVG
367618:8782,231:231,05/17/23 07:33:54,STABLE BEAMS,6800,424074.291815946,299869.075731396,54.8,AVG
367618:8782,232:232,05/17/23 07:34:17,STABLE BEAMS,6800,423990.291423616,405596.725563912,54.8,AVG
367618:8782,233:233,05/17/23 07:34:41,STABLE BEAMS,6800,423722.853848732,404101.405462250,54.8,AVG
367618:8782,234:234,05/17/23 07:35:04,STABLE BEAMS,6800,423694.260847141,411927.879179116,54.8,AVG
367618:8782,235:235,05/17/23 07:35:27,STABLE BEAMS,6800,423236.059511847,405613.183827904,54.7,AVG
367618:8782,236:236,05/17/23 07:35:51,STABLE BEAMS,6800,422837.818162443,405234.411962290,54.7,AVG
367618:8782,237:237,05/17/23 07:36:14,STABLE BEAMS,6800,422841.004745940,406381.873138512,54.7,AVG
367618:8782,238:238,05/17/23 07:36:37,STABLE BEAMS,6800,422593.919812250,394313.309259413,54.6,AVG
367618:8782,239:239,05/17/23 07:37:01,STABLE BEAMS,6800,421822.069613671,401449.115759936,54.5,AVG
367618:8782,240:240,05/17/23 07:37:24,STABLE BEAMS,6800,421597.976101365,407019.906644634,54.5,AVG
367618:8782,241:241,05/17/23 07:37:47,STABLE BEAMS,6800,422122.923190332,399924.610286885,54.6,AVG
367618:8782,242:242,05/17/23 07:38:11,STABLE BEAMS,6800,421606.855177108,406313.886615213,54.5,AVG
367618:8782,243:243,05/17/23 07:38:34,STABLE BEAMS,6800,421628.844234992,406992.092930607,54.5,AVG
367618:8782,244:244,05/17/23 07:38:57,STABLE BEAMS,6800,421461.344632080,407071.337765393,54.5,AVG
367618:8782,245:245,05/17/23 07:39:21,STABLE BEAMS,6800,421307.910753251,402009.641448648,54.5,AVG
367618:8782,246:246,05/17/23 07:39:44,STABLE BEAMS,6800,421172.827119696,406177.199876098,54.4,AVG
367618:8782,247:247,05/17/23 07:40:07,STABLE BEAMS,6800,420916.226725995,406451.889754262,54.4,AVG
367618:8782,248:248,05/17/23 07:40:30,STABLE BEAMS,6800,420683.118935429,400814.497499516,54.4,AVG
367618:8782,249:249,05/17/23 07:40:54,STABLE BEAMS,6800,420318.067473245,405986.956361326,54.3,AVG
367618:8782,250:250,05/17/23 07:41:17,STABLE BEAMS,6800,419743.221330629,405521.846010518,54.3,AVG
367618:8782,251:251,05/17/23 07:41:40,STABLE BEAMS,6800,419608.774081342,405429.971716014,54.2,AVG
367618:8782,252:252,05/17/23 07:42:04,STABLE BEAMS,6800,419644.012986042,396608.008737005,54.2,AVG
367618:8782,253:253,05/17/23 07:42:27,STABLE BEAMS,6800,419519.309642400,370563.249994498,54.2,AVG
367618:8782,254:254,05/17/23 07:42:50,STABLE BEAMS,6800,419034.426789398,404605.764506662,54.2,AVG
367618:8782,255:255,05/17/23 07:43:14,STABLE BEAMS,6800,418841.658301989,399756.163831993,54.1,AVG
367618:8782,256:256,05/17/23 07:43:37,STABLE BEAMS,6800,419193.870187068,404861.137116605,54.2,AVG
367618:8782,257:257,05/17/23 07:44:00,STABLE BEAMS,6800,418804.141934175,404161.036893302,54.1,AVG
367618:8782,258:258,05/17/23 07:44:24,STABLE BEAMS,6800,418010.666325864,399247.683639183,54.0,AVG
367618:8782,259:259,05/17/23 07:44:47,STABLE BEAMS,6800,417969.189456689,404204.636594275,54.0,AVG
367618:8782,260:260,05/17/23 07:45:10,STABLE BEAMS,6800,418342.889217902,399593.696212353,54.1,AVG
367618:8782,261:261,05/17/23 07:45:33,STABLE BEAMS,6800,417743.639020692,403578.643670772,54.0,AVG
367618:8782,262:262,05/17/23 07:45:57,STABLE BEAMS,6800,417260.213091381,403372.588486012,53.9,AVG
367618:8782,263:263,05/17/23 07:46:20,STABLE BEAMS,6800,417077.962427482,403342.948955729,53.9,AVG
367618:8782,264:264,05/17/23 07:46:43,STABLE BEAMS,6800,416800.645744434,398526.677559346,53.9,AVG
367618:8782,265:265,05/17/23 07:47:07,STABLE BEAMS,6800,415974.068829863,402255.388674038,53.8,AVG
367618:8782,266:266,05/17/23 07:47:30,STABLE BEAMS,6800,415360.249395742,401932.742313464,53.7,AVG
367618:8782,267:267,05/17/23 07:47:53,STABLE BEAMS,6800,415544.185428967,401972.756922164,53.7,AVG
367618:8782,268:268,05/17/23 07:48:17,STABLE BEAMS,6800,415652.771699969,402224.564488201,53.7,AVG
367618:8782,269:269,05/17/23 07:48:40,STABLE BEAMS,6800,415645.214345399,392387.264492571,53.7,AVG
367618:8782,270:270,05/17/23 07:49:03,STABLE BEAMS,6800,415702.670753617,401944.128947109,53.7,AVG
367618:8782,271:271,05/17/23 07:49:27,STABLE BEAMS,6800,415816.038065404,402079.444183449,53.7,AVG
367618:8782,272:272,05/17/23 07:49:50,STABLE BEAMS,6800,415572.277248808,401901.812504070,53.7,AVG
367618:8782,273:273,05/17/23 07:50:13,STABLE BEAMS,6800,415637.381923635,401918.671282906,53.7,AVG
367618:8782,274:274,05/17/23 07:50:36,STABLE BEAMS,6800,415559.300138107,401826.306544172,53.7,AVG
367618:8782,275:275,05/17/23 07:51:00,STABLE BEAMS,6800,415346.817724850,401732.852657859,53.7,AVG
367618:8782,276:276,05/17/23 07:51:23,STABLE BEAMS,6800,415223.797419456,401560.274726799,53.7,AVG
367618:8782,277:277,05/17/23 07:51:46,STABLE BEAMS,6800,414843.496045614,401335.209630907,53.6,AVG
367618:8782,278:278,05/17/23 07:52:10,STABLE BEAMS,6800,414716.652772454,401098.497080581,53.6,AVG
367618:8782,279:279,05/17/23 07:52:33,STABLE BEAMS,6800,414703.402925639,401153.623554073,53.6,AVG
367618:8782,280:280,05/17/23 07:52:56,STABLE BEAMS,6800,414458.138563794,400951.314540561,53.6,AVG
367618:8782,281:281,05/17/23 07:53:20,STABLE BEAMS,6800,413893.127238862,400452.233849152,53.5,AVG
367618:8782,282:282,05/17/23 07:53:43,STABLE BEAMS,6800,413952.222394849,400545.778613965,53.5,AVG
367618:8782,283:283,05/17/23 07:54:06,STABLE BEAMS,6800,414024.704931247,400673.701403381,53.5,AVG
367618:8782,284:284,05/17/23 07:54:30,STABLE BEAMS,6800,413722.620545452,400258.460046537,53.5,AVG
367618:8782,285:285,05/17/23 07:54:53,STABLE BEAMS,6800,413620.272238926,400375.350352988,53.5,AVG
367618:8782,286:286,05/17/23 07:55:16,STABLE BEAMS,6800,413430.415267821,399562.274534825,53.4,AVG
367618:8782,287:287,05/17/23 07:55:40,STABLE BEAMS,6800,413568.732106431,400218.885213760,53.5,AVG
367618:8782,288:288,05/17/23 07:56:03,STABLE BEAMS,6800,412923.405823338,399611.472219795,53.4,AVG
367618:8782,289:289,05/17/23 07:56:26,STABLE BEAMS,6800,412838.039419354,399556.113282673,53.4,AVG
367618:8782,290:290,05/17/23 07:56:50,STABLE BEAMS,6800,412472.260660864,399284.266385761,53.3,AVG
367618:8782,291:291,05/17/23 07:57:13,STABLE BEAMS,6800,412056.811294360,399008.269029481,53.3,AVG
367618:8782,292:292,05/17/23 07:57:36,STABLE BEAMS,6800,411045.249361507,398053.858889920,53.1,AVG
367618:8782,293:293,05/17/23 07:57:59,STABLE BEAMS,6800,411148.646653090,398168.367376024,53.1,AVG
367618:8782,294:294,05/17/23 07:58:23,STABLE BEAMS,6800,411332.673598354,398209.593804013,53.2,AVG
367618:8782,295:295,05/17/23 07:58:46,STABLE BEAMS,6800,411373.103813549,398184.394318267,53.2,AVG
367618:8782,296:296,05/17/23 07:59:09,STABLE BEAMS,6800,411181.062622447,398115.992086291,53.1,AVG
367618:8782,297:297,05/17/23 07:59:33,STABLE BEAMS,6800,410598.111321953,397618.067605878,53.1,AVG
367618:8782,298:298,05/17/23 07:59:56,STABLE BEAMS,6800,410721.311120345,397656.862704167,53.1,AVG
367618:8782,299:299,05/17/23 08:00:19,STABLE BEAMS,6800,410494.669739889,397645.410906302,53.1,AVG
367618:8782,300:300,05/17/23 08:00:43,STABLE BEAMS,6800,410750.859863878,397875.949698528,53.1,AVG
367618:8782,301:301,05/17/23 08:01:06,STABLE BEAMS,6800,410290.154950913,397284.306975442,53.0,AVG
367618:8782,302:302,05/17/23 08:01:29,STABLE BEAMS,6800,410278.315406230,397625.734067740,53.0,AVG
367618:8782,303:303,05/17/23 08:01:53,STABLE BEAMS,6800,410200.599599933,396711.570015079,53.0,AVG
367618:8782,304:304,05/17/23 08:02:16,STABLE BEAMS,6800,409806.046015775,313293.110148571,53.0,AVG
367618:8782,305:305,05/17/23 08:02:39,STABLE BEAMS,6800,409455.428587984,396454.565485124,52.9,AVG
367618:8782,306:306,05/17/23 08:03:03,STABLE BEAMS,6800,409374.157887880,396582.853359890,52.9,AVG
367618:8782,307:307,05/17/23 08:03:26,STABLE BEAMS,6800,409073.805492969,396362.066027698,52.9,AVG
367618:8782,308:308,05/17/23 08:03:49,STABLE BEAMS,6800,408966.767057696,396491.877374769,52.9,AVG
367618:8782,309:309,05/17/23 08:04:12,STABLE BEAMS,6800,408287.840617670,395904.384303831,52.8,AVG
367618:8782,310:310,05/17/23 08:04:36,STABLE BEAMS,6800,407983.252654204,390021.978362769,52.7,AVG
367618:8782,311:311,05/17/23 08:04:59,STABLE BEAMS,6800,408194.140610174,382512.707689929,52.8,AVG
367618:8782,312:312,05/17/23 08:05:22,STABLE BEAMS,6800,408000.143644708,389978.622423067,52.7,AVG
367618:8782,313:313,05/17/23 08:05:46,STABLE BEAMS,6800,407565.523493508,395174.357709085,52.7,AVG
367618:8782,314:314,05/17/23 08:06:09,STABLE BEAMS,6800,407546.401661448,389439.838185965,52.7,AVG
367618:8782,315:315,05/17/23 08:06:32,STABLE BEAMS,6800,407698.012637355,395239.400845490,52.7,AVG
367618:8782,316:316,05/17/23 08:06:56,STABLE BEAMS,6800,407044.902885134,389082.376277273,52.6,AVG
367618:8782,317:317,05/17/23 08:07:19,STABLE BEAMS,6800,406442.191037234,388438.374702343,52.5,AVG
367618:8782,318:318,05/17/23 08:07:42,STABLE BEAMS,6800,406604.683484804,394271.482444342,52.6,AVG
367618:8782,319:319,05/17/23 08:08:06,STABLE BEAMS,6800,406635.642530470,389746.083614628,52.6,AVG
367618:8782,320:320,05/17/23 08:08:29,STABLE BEAMS,6800,406754.016997597,394488.365803845,52.6,AVG
367618:8782,321:321,05/17/23 08:08:52,STABLE BEAMS,6800,406473.970622322,389649.742713721,52.5,AVG
367618:8782,322:322,05/17/23 08:09:15,STABLE BEAMS,6800,406108.145242274,393804.550005168,52.5,AVG
367618:8782,323:323,05/17/23 08:09:39,STABLE BEAMS,6800,406160.366049516,393852.603664198,52.5,AVG
367618:8782,324:324,05/17/23 08:10:02,STABLE BEAMS,6800,405583.016329230,387862.343530526,52.4,AVG
367618:8782,325:325,05/17/23 08:10:25,STABLE BEAMS,6800,405405.043193288,393316.334953493,52.4,AVG
367618:8782,326:326,05/17/23 08:10:49,STABLE BEAMS,6800,405277.927184014,393084.861710830,52.4,AVG
367618:8782,327:327,05/17/23 08:11:12,STABLE BEAMS,6800,404924.712935435,392040.132598269,52.3,AVG
367618:8782,328:328,05/17/23 08:11:35,STABLE BEAMS,6800,404130.234963625,392218.318753660,52.2,AVG
367618:8782,329:329,05/17/23 08:11:59,STABLE BEAMS,6800,403461.096719725,391618.351885812,52.2,AVG
367618:8782,330:330,05/17/23 08:12:22,STABLE BEAMS,6800,403192.248842709,391431.451239889,52.1,AVG
367618:8782,331:331,05/17/23 08:12:45,STABLE BEAMS,6800,402724.075156134,390938.491056338,52.1,AVG
367618:8782,332:332,05/17/23 08:13:09,STABLE BEAMS,6800,402181.917718990,389335.929813299,52.0,AVG
367618:8782,333:333,05/17/23 08:13:32,STABLE BEAMS,6800,401694.804024432,387577.743099057,51.9,AVG
367618:8782,334:334,05/17/23 08:13:55,STABLE BEAMS,6800,401219.348050480,389625.110576045,51.9,AVG
367618:8782,335:335,05/17/23 08:14:19,STABLE BEAMS,6800,400636.121682793,389219.049653813,51.8,AVG
367618:8782,336:336,05/17/23 08:14:42,STABLE BEAMS,6800,400273.074947609,383220.878930733,51.7,AVG
367618:8782,337:337,05/17/23 08:15:05,STABLE BEAMS,6800,400411.438407777,388958.384787404,51.8,AVG
367618:8782,338:338,05/17/23 08:15:28,STABLE BEAMS,6800,400350.611260907,388955.409272848,51.7,AVG
367618:8782,339:339,05/17/23 08:15:52,STABLE BEAMS,6800,399451.689343533,380619.037338659,51.6,AVG
367618:8782,340:340,05/17/23 08:16:15,STABLE BEAMS,6800,398765.296460976,386748.143210025,51.5,AVG
367618:8782,341:341,05/17/23 08:16:38,STABLE BEAMS,6800,397568.933664995,214853.751095359,51.4,AVG
#Summary:
#nfill,nrun,nls,ncms,totdelivered(/ub),totrecorded(/ub)
#3,7,3529,3529,1336145622.008463860,1268847467.637971401
#Check JSON:
#(run,ls) in json but not in results: []
