#Data tag : 24v2 , Norm tag: None
#run:fill,ls,time,beamstatus,E(GeV),delivered(/ub),recorded(/ub),avgpu,source
367516:8773,1:1,05/15/23 09:48:44,STABLE BEAMS,6800,449605.347210077,421530.873634610,58.1,PXL
367516:8773,2:2,05/15/23 09:49:07,STABLE BEAMS,6800,464443.864048806,443560.552786898,60.0,DT
367516:8773,3:3,05/15/23 09:49:30,STABLE BEAMS,6800,446548.118542923,423556.825866244,57.7,DT
367516:8773,4:4,05/15/23 09:49:54,STABLE BEAMS,6800,445893.598845902,425448.802046896,57.6,DT
367516:8773,5:5,05/15/23 09:50:17,STABLE BEAMS,6800,445268.079661048,303683.464666382,57.6,DT
367516:8773,6:6,05/15/23 09:50:40,STABLE BEAMS,6800,445220.708779516,419529.556272824,57.5,DT
367516:8773,7:7,05/15/23 09:51:04,STABLE BEAMS,6800,444915.029192307,421645.123466826,57.5,DT
367516:8773,8:8,05/15/23 09:51:27,STABLE BEAMS,6800,444034.237451252,431070.871513734,57.4,DT
367516:8773,9:9,05/15/23 09:51:50,STABLE BEAMS,6800,443704.940472406,277081.797443594,57.4,DT
367516:8773,10:10,05/15/23 09:52:14,STABLE BEAMS,6800,442878.034955107,35760.337068104,57.2,DT
367516:8773,11:11,05/15/23 09:52:37,STABLE BEAMS,6800,442772.703589148,361863.347791156,57.2,DT
367516:8773,12:12,05/15/23 09:53:00,STABLE BEAMS,6800,441922.497760202,401432.696633965,57.1,DT
367516:8773,13:13,05/15/23 09:53:24,STABLE BEAMS,6800,441008.765896715,168109.394080265,57.0,DT
367516:8773,14:14,05/15/23 09:53:47,STABLE BEAMS,6800,441204.000298246,419877.955842279,57.0,DT
367516:8773,15:15,05/15/23 09:54:10,STABLE BEAMS,6800,452714.664093009,435445.605998709,58.5,DT
367516:8773,16:16,05/15/23 09:54:33,STABLE BEAMS,6800,461752.167685003,348462.049548882,59.7,DT
367516:8773,17:17,05/15/23 09:54:57,STABLE BEAMS,6800,461238.812288321,444139.477058328,59.6,DT
367516:8773,18:18,05/15/23 09:55:20,STABLE BEAMS,6800,461537.659453319,440715.036486155,59.7,DT
367516:8773,19:19,05/15/23 09:55:43,STABLE BEAMS,6800,460932.320455114,282116.647224049,59.6,DT
367516:8773,20:20,05/15/23 09:56:07,STABLE BEAMS,6800,461599.825953115,445971.477158367,59.7,DT
367516:8773,21:21,05/15/23 09:56:30,STABLE BEAMS,6800,462357.822315342,439972.495510594,59.8,DT
367516:8773,22:22,05/15/23 09:56:53,STABLE BEAMS,6800,462447.453154395,447110.257446088,59.8,DT
367516:8773,23:23,05/15/23 09:57:17,STABLE BEAMS,6800,462810.412734733,441107.950681882,59.8,DT
367516:8773,24:24,05/15/23 09:57:40,STABLE BEAMS,6800,462732.680358435,437562.561376061,59.8,DT
367516:8773,25:25,05/15/23 09:58:03,STABLE BEAMS,6800,463146.359706209,447856.637826860,59.9,DT
367516:8773,26:26,05/15/23 09:58:27,STABLE BEAMS,6800,462811.362526843,442564.934717062,59.8,DT
367516:8773,27:27,05/15/23 09:58:50,STABLE BEAMS,6800,462031.557142411,299840.753820672,59.7,DT
367516:8773,28:28,05/15/23 09:59:13,STABLE BEAMS,6800,462152.814900474,446933.309316847,59.7,DT
367516:8773,29:29,05/15/23 09:59:37,STABLE BEAMS,6800,461899.984873680,446848.766242528,59.7,DT
367516:8773,30:30,05/15/23 10:00:00,STABLE BEAMS,6800,461787.952675254,162118.927252789,59.7,PXL
367516:8773,31:31,05/15/23 10:00:23,STABLE BEAMS,6800,105843.837965724,1671.947685820,13.7,PXL
367516:8773,32:32,05/15/23 10:00:46,STABLE BEAMS,6800,458098.508551008,436333.530844246,59.2,DT
367516:8773,33:33,05/15/23 10:01:10,STABLE BEAMS,6800,455830.535296982,438942.049017597,58.9,DT
367516:8773,34:34,05/15/23 10:01:33,STABLE BEAMS,6800,457120.392075661,441894.662123204,59.1,DT
367516:8773,35:35,05/15/23 10:01:56,STABLE BEAMS,6800,458314.600734780,437251.895109755,59.2,DT
367516:8773,36:36,05/15/23 10:02:20,STABLE BEAMS,6800,457882.054403779,443170.277026533,59.2,DT
367516:8773,37:37,05/15/23 10:02:43,STABLE BEAMS,6800,458055.660764834,325586.724502096,59.2,DT
367516:8773,38:38,05/15/23 10:03:06,STABLE BEAMS,6800,456618.710724391,437355.302426377,59.0,DT
367516:8773,39:39,05/15/23 10:03:30,STABLE BEAMS,6800,456150.602207676,438814.171203274,59.0,DT
367516:8773,40:40,05/15/23 10:03:53,STABLE BEAMS,6800,457271.060088524,441128.506893625,59.1,DT
367516:8773,41:41,05/15/23 10:04:16,STABLE BEAMS,6800,457554.839438738,227722.932430631,59.1,DT
367516:8773,42:42,05/15/23 10:04:40,STABLE BEAMS,6800,457721.206530654,294162.530681845,59.2,DT
367516:8773,43:43,05/15/23 10:05:03,STABLE BEAMS,6800,457379.964757730,435738.674923108,59.1,DT
367516:8773,44:44,05/15/23 10:05:26,STABLE BEAMS,6800,457254.816616432,439021.860549092,59.1,DT
367516:8773,45:45,05/15/23 10:05:49,STABLE BEAMS,6800,456805.121904697,440319.289865086,59.0,DT
367516:8773,46:46,05/15/23 10:06:13,STABLE BEAMS,6800,456907.738544730,441051.198861804,59.1,DT
367516:8773,47:47,05/15/23 10:06:36,STABLE BEAMS,6800,456659.793576750,440628.851349069,59.0,DT
367516:8773,48:48,05/15/23 10:06:59,STABLE BEAMS,6800,456968.774270687,152893.867331740,59.1,DT
367516:8773,49:49,05/15/23 10:07:23,STABLE BEAMS,6800,456738.882592084,336841.623689541,59.0,DT
367516:8773,50:50,05/15/23 10:07:46,STABLE BEAMS,6800,456392.212815160,440146.763773835,59.0,DT
367516:8773,51:51,05/15/23 10:08:09,STABLE BEAMS,6800,456682.643605857,440516.248410504,59.0,DT
367516:8773,52:52,05/15/23 10:08:33,STABLE BEAMS,6800,457206.584261873,440986.769885067,59.1,DT
367516:8773,53:53,05/15/23 10:08:56,STABLE BEAMS,6800,457001.397313130,440713.626855955,59.1,DT
367516:8773,54:54,05/15/23 10:09:19,STABLE BEAMS,6800,456998.229408956,440873.309155544,59.1,DT
367516:8773,55:55,05/15/23 10:09:43,STABLE BEAMS,6800,456582.514378701,440623.370566283,59.0,DT
367516:8773,56:56,05/15/23 10:10:06,STABLE BEAMS,6800,456295.975419092,440454.735674847,59.0,DT
367516:8773,57:57,05/15/23 10:10:29,STABLE BEAMS,6800,455945.639676277,438959.670064135,58.9,DT
367516:8773,58:58,05/15/23 10:10:52,STABLE BEAMS,6800,455307.815181742,439534.477129933,58.9,DT
367516:8773,59:59,05/15/23 10:11:16,STABLE BEAMS,6800,454733.515273895,438841.761676945,58.8,DT
367516:8773,60:60,05/15/23 10:11:39,STABLE BEAMS,6800,454237.987301392,15287.698791933,58.7,DT
367516:8773,61:61,05/15/23 10:12:02,STABLE BEAMS,6800,452359.079880069,422358.978632977,58.5,DT
367516:8773,62:62,05/15/23 10:12:26,STABLE BEAMS,6800,453802.816011402,438544.176809440,58.7,DT
367516:8773,63:63,05/15/23 10:12:49,STABLE BEAMS,6800,453729.383760973,438478.887889609,58.6,DT
367516:8773,64:64,05/15/23 10:13:12,STABLE BEAMS,6800,453588.941939694,438483.109957128,58.6,DT
367516:8773,65:65,05/15/23 10:13:36,STABLE BEAMS,6800,453020.885177551,437699.222873581,58.6,DT
367516:8773,66:66,05/15/23 10:13:59,STABLE BEAMS,6800,453511.073465137,438137.640995046,58.6,DT
367516:8773,67:67,05/15/23 10:14:22,STABLE BEAMS,6800,453456.416983144,438206.007698145,58.6,DT
367516:8773,68:68,05/15/23 10:14:46,STABLE BEAMS,6800,453369.183790030,438244.005530268,58.6,DT
367516:8773,69:69,05/15/23 10:15:09,STABLE BEAMS,6800,453121.374920310,437749.117228622,58.6,DT
367516:8773,70:70,05/15/23 10:15:32,STABLE BEAMS,6800,452694.800986348,437750.209658725,58.5,DT
367516:8773,71:71,05/15/23 10:15:56,STABLE BEAMS,6800,452610.372286098,437607.306895228,58.5,DT
367516:8773,72:72,05/15/23 10:16:19,STABLE BEAMS,6800,451946.939600915,437299.060030435,58.4,DT
367516:8773,73:73,05/15/23 10:16:42,STABLE BEAMS,6800,450588.264881955,436456.828034250,58.2,DT
367516:8773,74:74,05/15/23 10:17:06,STABLE BEAMS,6800,447627.810651401,297829.572948728,57.9,DT
367516:8773,75:75,05/15/23 10:17:29,STABLE BEAMS,6800,445943.549802955,431657.199674451,57.6,DT
367516:8773,76:76,05/15/23 10:17:52,STABLE BEAMS,6800,445822.381811829,430815.049545485,57.6,DT
367516:8773,77:77,05/15/23 10:18:15,STABLE BEAMS,6800,444570.893159582,430467.648103228,57.5,DT
367516:8773,78:78,05/15/23 10:18:39,STABLE BEAMS,6800,443773.442780552,423491.996845801,57.4,DT
367516:8773,79:79,05/15/23 10:19:02,STABLE BEAMS,6800,444105.182288805,421968.202436489,57.4,DT
367516:8773,80:80,05/15/23 10:19:25,STABLE BEAMS,6800,444295.530183668,419389.151417165,57.4,DT
367516:8773,81:81,05/15/23 10:19:49,STABLE BEAMS,6800,443451.114322178,423094.149949657,57.3,DT
367516:8773,82:82,05/15/23 10:20:12,STABLE BEAMS,6800,443702.768691665,415132.236669351,57.4,DT
367516:8773,83:83,05/15/23 10:20:35,STABLE BEAMS,6800,443224.614965094,421383.668783714,57.3,DT
367516:8773,84:84,05/15/23 10:20:59,STABLE BEAMS,6800,443331.485399672,412650.541226374,57.3,DT
367516:8773,85:85,05/15/23 10:21:22,STABLE BEAMS,6800,442857.358154595,428818.827685403,57.2,DT
367516:8773,86:86,05/15/23 10:21:45,STABLE BEAMS,6800,448953.637910574,426496.397432931,58.0,DT
367516:8773,87:87,05/15/23 10:22:09,STABLE BEAMS,6800,462456.322706943,439332.379519291,59.8,DT
367516:8773,88:88,05/15/23 10:22:32,STABLE BEAMS,6800,462824.574193021,446190.640529823,59.8,DT
367516:8773,89:89,05/15/23 10:22:55,STABLE BEAMS,6800,462848.691094227,437454.682657964,59.8,DT
367516:8773,90:90,05/15/23 10:23:18,STABLE BEAMS,6800,461727.100991686,444985.854386245,59.7,DT
367516:8773,91:91,05/15/23 10:23:42,STABLE BEAMS,6800,462731.866664584,444545.703454625,59.8,DT
367516:8773,92:92,05/15/23 10:24:05,STABLE BEAMS,6800,461957.626830265,445185.768562028,59.7,DT
367516:8773,93:93,05/15/23 10:24:28,STABLE BEAMS,6800,462515.095437367,446025.992941936,59.8,DT
367516:8773,94:94,05/15/23 10:24:52,STABLE BEAMS,6800,461781.757473678,439689.772783383,59.7,DT
367516:8773,95:95,05/15/23 10:25:15,STABLE BEAMS,6800,461227.456770751,169787.882979554,59.6,DT
367516:8773,96:96,05/15/23 10:25:38,STABLE BEAMS,6800,460466.473486078,16368.155225896,59.5,DT
367516:8773,97:97,05/15/23 10:26:02,STABLE BEAMS,6800,459922.216545154,150126.498226507,59.4,DT
367516:8773,98:98,05/15/23 10:26:25,STABLE BEAMS,6800,460032.432969927,443743.689643325,59.5,DT
367516:8773,99:99,05/15/23 10:26:48,STABLE BEAMS,6800,460620.759685657,444566.933018596,59.5,DT
367516:8773,100:100,05/15/23 10:27:12,STABLE BEAMS,6800,460117.178750165,377527.763856745,59.5,DT
367516:8773,101:101,05/15/23 10:27:35,STABLE BEAMS,6800,459183.221816560,413618.057267130,59.4,DT
367516:8773,102:102,05/15/23 10:27:58,STABLE BEAMS,6800,459179.240218534,442675.274820042,59.4,DT
367516:8773,103:103,05/15/23 10:28:21,STABLE BEAMS,6800,458825.874117658,442853.974894045,59.3,DT
367516:8773,104:104,05/15/23 10:28:45,STABLE BEAMS,6800,458177.959529799,442337.381502903,59.2,DT
367516:8773,105:105,05/15/23 10:29:08,STABLE BEAMS,6800,457916.892662580,442066.806171997,59.2,DT
367516:8773,106:106,05/15/23 10:29:31,STABLE BEAMS,6800,458149.771263629,434859.595190344,59.2,DT
367516:8773,107:107,05/15/23 10:29:55,STABLE BEAMS,6800,457557.418066405,442029.150629999,59.1,DT
367516:8773,108:108,05/15/23 10:30:18,STABLE BEAMS,6800,456351.310944530,440789.175405425,59.0,DT
367516:8773,109:109,05/15/23 10:30:41,STABLE BEAMS,6800,456880.591285462,441222.697832570,59.1,DT
367516:8773,110:110,05/15/23 10:31:05,STABLE BEAMS,6800,457292.686681148,441777.086550837,59.1,DT
367516:8773,111:111,05/15/23 10:31:28,STABLE BEAMS,6800,456873.669096312,441110.442026339,59.1,DT
367516:8773,112:112,05/15/23 10:31:51,STABLE BEAMS,6800,456976.602816332,441372.279836341,59.1,DT
367516:8773,113:113,05/15/23 10:32:15,STABLE BEAMS,6800,456393.026509011,225075.278770439,59.0,DT
367516:8773,114:114,05/15/23 10:32:38,STABLE BEAMS,6800,456005.318763198,206849.416710019,58.9,DT
367516:8773,115:115,05/15/23 10:33:01,STABLE BEAMS,6800,455618.922772952,439204.316377836,58.9,DT
367516:8773,116:116,05/15/23 10:33:25,STABLE BEAMS,6800,455578.789712704,440444.648741289,58.9,DT
367516:8773,117:117,05/15/23 10:33:48,STABLE BEAMS,6800,455607.612138851,440358.540264803,58.9,DT
367516:8773,118:118,05/15/23 10:34:11,STABLE BEAMS,6800,455423.779586212,342271.795522207,58.9,DT
367516:8773,119:119,05/15/23 10:34:34,STABLE BEAMS,6800,454960.873208300,439701.424829113,58.8,DT
367516:8773,120:120,05/15/23 10:34:58,STABLE BEAMS,6800,454902.324895218,439668.450028846,58.8,DT
367516:8773,121:121,05/15/23 10:35:21,STABLE BEAMS,6800,455159.908226128,439978.991622740,58.8,DT
367516:8773,122:122,05/15/23 10:35:44,STABLE BEAMS,6800,454629.948841751,439264.446345762,58.8,DT
367516:8773,123:123,05/15/23 10:36:08,STABLE BEAMS,6800,455507.844875151,440260.574801731,58.9,DT
367516:8773,124:124,05/15/23 10:36:31,STABLE BEAMS,6800,455262.343884432,440051.870543958,58.8,DT
367516:8773,125:125,05/15/23 10:36:54,STABLE BEAMS,6800,454654.652123758,439627.849804584,58.8,DT
367516:8773,126:126,05/15/23 10:37:18,STABLE BEAMS,6800,454192.424789291,439113.525833957,58.7,DT
367516:8773,127:127,05/15/23 10:37:41,STABLE BEAMS,6800,454143.649489546,439075.783150979,58.7,DT
367516:8773,128:128,05/15/23 10:38:04,STABLE BEAMS,6800,452814.248927127,437868.902497811,58.5,DT
367516:8773,129:129,05/15/23 10:38:28,STABLE BEAMS,6800,452423.373277139,437169.451396090,58.5,DT
367516:8773,130:130,05/15/23 10:38:51,STABLE BEAMS,6800,453322.626602349,438217.365126319,58.6,DT
367516:8773,131:131,05/15/23 10:39:14,STABLE BEAMS,6800,453671.061313089,438534.209713548,58.6,DT
367516:8773,132:132,05/15/23 10:39:38,STABLE BEAMS,6800,453157.797131198,438141.226476406,58.6,DT
367516:8773,133:133,05/15/23 10:40:01,STABLE BEAMS,6800,453037.218416580,438208.664679769,58.6,DT
367516:8773,134:134,05/15/23 10:40:24,STABLE BEAMS,6800,452346.547257337,436851.122301016,58.5,DT
367516:8773,135:135,05/15/23 10:40:47,STABLE BEAMS,6800,452530.876423839,437481.512176914,58.5,DT
367516:8773,136:136,05/15/23 10:41:11,STABLE BEAMS,6800,452713.261122650,437674.740195710,58.5,DT
367516:8773,137:137,05/15/23 10:41:34,STABLE BEAMS,6800,452407.310786775,437454.787076445,58.5,DT
367516:8773,138:138,05/15/23 10:41:57,STABLE BEAMS,6800,452509.520579882,437441.097985611,58.5,DT
367516:8773,139:139,05/15/23 10:42:21,STABLE BEAMS,6800,451763.830975190,436748.656229345,58.4,DT
367516:8773,140:140,05/15/23 10:42:44,STABLE BEAMS,6800,451283.143504420,436477.778051079,58.3,DT
367516:8773,141:141,05/15/23 10:43:07,STABLE BEAMS,6800,450801.415026749,435968.563081707,58.3,DT
367516:8773,142:142,05/15/23 10:43:31,STABLE BEAMS,6800,450749.880117609,436076.932270857,58.3,DT
367516:8773,143:143,05/15/23 10:43:54,STABLE BEAMS,6800,450509.989560472,435817.543401838,58.2,DT
367516:8773,144:144,05/15/23 10:44:17,STABLE BEAMS,6800,450203.225530745,435434.433063340,58.2,DT
367516:8773,145:145,05/15/23 10:44:41,STABLE BEAMS,6800,450358.326872029,435840.437181654,58.2,DT
367516:8773,146:146,05/15/23 10:45:04,STABLE BEAMS,6800,449900.126019057,435421.899151620,58.2,DT
367516:8773,147:147,05/15/23 10:45:27,STABLE BEAMS,6800,449539.429434251,435013.513592931,58.1,DT
367516:8773,148:148,05/15/23 10:45:50,STABLE BEAMS,6800,448938.706194049,434522.375371960,58.0,DT
367516:8773,149:149,05/15/23 10:46:14,STABLE BEAMS,6800,448591.085177161,434499.999743249,58.0,DT
367516:8773,150:150,05/15/23 10:46:37,STABLE BEAMS,6800,447976.200478671,433839.261461151,57.9,DT
367516:8773,151:151,05/15/23 10:47:00,STABLE BEAMS,6800,447443.073190119,433249.254893838,57.8,DT
367516:8773,152:152,05/15/23 10:47:24,STABLE BEAMS,6800,447043.601631957,432538.171802704,57.8,DT
367516:8773,153:153,05/15/23 10:47:47,STABLE BEAMS,6800,446889.539849721,432765.755080136,57.8,DT
367516:8773,154:154,05/15/23 10:48:10,STABLE BEAMS,6800,446358.630673233,432367.355402620,57.7,DT
367516:8773,155:155,05/15/23 10:48:34,STABLE BEAMS,6800,445691.802770824,431549.052188812,57.6,DT
367516:8773,156:156,05/15/23 10:48:57,STABLE BEAMS,6800,445862.423657286,431798.008192715,57.6,DT
367516:8773,157:157,05/15/23 10:49:20,STABLE BEAMS,6800,446566.623562694,419180.105788987,57.7,DT
367516:8773,158:158,05/15/23 10:49:44,STABLE BEAMS,6800,446450.976238213,422025.949013204,57.7,DT
367516:8773,159:159,05/15/23 10:50:07,STABLE BEAMS,6800,446064.490481030,425717.094774431,57.7,DT
367516:8773,160:160,05/15/23 10:50:30,STABLE BEAMS,6800,446410.482662362,426131.314607162,57.7,DT
367516:8773,161:161,05/15/23 10:50:54,STABLE BEAMS,6800,446424.146058933,417883.456614611,57.7,DT
367516:8773,162:162,05/15/23 10:51:17,STABLE BEAMS,6800,446166.698826283,421660.528210632,57.7,DT
367516:8773,163:163,05/15/23 10:51:40,STABLE BEAMS,6800,446142.493605993,427484.453504884,57.7,DT
367516:8773,164:164,05/15/23 10:52:04,STABLE BEAMS,6800,445363.593130203,431726.291398845,57.6,DT
367516:8773,165:165,05/15/23 10:52:27,STABLE BEAMS,6800,445607.465285365,426828.831490483,57.6,DT
367516:8773,166:166,05/15/23 10:52:50,STABLE BEAMS,6800,445464.851683345,431759.726072974,57.6,DT
367516:8773,167:167,05/15/23 10:53:13,STABLE BEAMS,6800,445263.058503974,426716.727071114,57.6,DT
367516:8773,168:168,05/15/23 10:53:37,STABLE BEAMS,6800,444536.732496373,430917.883866304,57.5,DT
367516:8773,169:169,05/15/23 10:54:00,STABLE BEAMS,6800,444803.137600655,431185.377675021,57.5,DT
367516:8773,170:170,05/15/23 10:54:23,STABLE BEAMS,6800,444879.194810073,431218.093049851,57.5,DT
367516:8773,171:171,05/15/23 10:54:47,STABLE BEAMS,6800,444889.103921669,422528.743902809,57.5,DT
367516:8773,172:172,05/15/23 10:55:10,STABLE BEAMS,6800,444181.963425138,430407.486083650,57.4,DT
367516:8773,173:173,05/15/23 10:55:33,STABLE BEAMS,6800,444339.779492348,430755.235486943,57.4,DT
367516:8773,174:174,05/15/23 10:55:57,STABLE BEAMS,6800,443850.630763810,430373.655492667,57.4,DT
367516:8773,175:175,05/15/23 10:56:20,STABLE BEAMS,6800,443799.640247709,420369.297576843,57.4,DT
367516:8773,176:176,05/15/23 10:56:43,STABLE BEAMS,6800,443209.005652978,429616.382230527,57.3,DT
367516:8773,177:177,05/15/23 10:57:07,STABLE BEAMS,6800,442886.496212876,429295.223097501,57.2,DT
367516:8773,178:178,05/15/23 10:57:30,STABLE BEAMS,6800,442685.832359491,428562.660286808,57.2,DT
367516:8773,179:179,05/15/23 10:57:53,STABLE BEAMS,6800,441911.411543444,428177.737438325,57.1,DT
367516:8773,180:180,05/15/23 10:58:16,STABLE BEAMS,6800,441362.674942776,428184.878176124,57.0,DT
367516:8773,181:181,05/15/23 10:58:40,STABLE BEAMS,6800,440882.168453735,427458.866926754,57.0,DT
367516:8773,182:182,05/15/23 10:59:03,STABLE BEAMS,6800,441237.526801478,427956.954014872,57.0,DT
367516:8773,183:183,05/15/23 10:59:26,STABLE BEAMS,6800,441126.448903677,422045.857362705,57.0,DT
367516:8773,184:184,05/15/23 10:59:50,STABLE BEAMS,6800,440762.539531228,427400.834384784,57.0,DT
367516:8773,185:185,05/15/23 11:00:13,STABLE BEAMS,6800,440634.495682275,427502.231966727,57.0,DT
367516:8773,186:186,05/15/23 11:00:36,STABLE BEAMS,6800,440506.179636803,427276.878535526,56.9,DT
367516:8773,187:187,05/15/23 11:01:00,STABLE BEAMS,6800,440420.439180985,427387.725951693,56.9,DT
367516:8773,188:188,05/15/23 11:01:23,STABLE BEAMS,6800,439998.300023297,427020.549812111,56.9,DT
367516:8773,189:189,05/15/23 11:01:46,STABLE BEAMS,6800,439670.450898279,426528.840804231,56.8,DT
367516:8773,190:190,05/15/23 11:02:10,STABLE BEAMS,6800,440151.319350776,427171.059535255,56.9,DT
367516:8773,191:191,05/15/23 11:02:33,STABLE BEAMS,6800,439865.866281538,426791.113015154,56.9,DT
367516:8773,192:192,05/15/23 11:02:56,STABLE BEAMS,6800,439193.157196881,426262.163432559,56.8,DT
367516:8773,193:193,05/15/23 11:03:19,STABLE BEAMS,6800,438865.580268383,425882.175280357,56.7,DT
367516:8773,194:194,05/15/23 11:03:43,STABLE BEAMS,6800,439012.039370169,422289.491075161,56.7,DT
367516:8773,195:195,05/15/23 11:04:06,STABLE BEAMS,6800,438770.066799228,331405.333241228,56.7,DT
367516:8773,196:196,05/15/23 11:04:29,STABLE BEAMS,6800,437440.121843770,424636.416185833,56.5,DT
367516:8773,197:197,05/15/23 11:04:53,STABLE BEAMS,6800,437253.982859984,424473.404647101,56.5,DT
367516:8773,198:198,05/15/23 11:05:16,STABLE BEAMS,6800,437102.320171541,424465.733663812,56.5,DT
367516:8773,199:199,05/15/23 11:05:39,STABLE BEAMS,6800,436178.589429520,423713.766887208,56.4,DT
367516:8773,200:200,05/15/23 11:06:03,STABLE BEAMS,6800,434902.080415277,422463.692254878,56.2,DT
367516:8773,201:201,05/15/23 11:06:26,STABLE BEAMS,6800,434311.898998794,421723.128648990,56.1,DT
367516:8773,202:202,05/15/23 11:06:49,STABLE BEAMS,6800,434418.225040333,422012.630888710,56.2,DT
367516:8773,203:203,05/15/23 11:07:13,STABLE BEAMS,6800,433366.631431088,421179.840328515,56.0,DT
367516:8773,204:204,05/15/23 11:07:36,STABLE BEAMS,6800,432663.743281248,420560.514032180,55.9,DT
367516:8773,205:205,05/15/23 11:07:59,STABLE BEAMS,6800,433529.334004967,421322.118501507,56.0,DT
367516:8773,206:206,05/15/23 11:08:23,STABLE BEAMS,6800,433384.548622205,421111.497959132,56.0,DT
367516:8773,207:207,05/15/23 11:08:46,STABLE BEAMS,6800,433227.953095771,421054.443389492,56.0,DT
367516:8773,208:208,05/15/23 11:09:09,STABLE BEAMS,6800,433038.828637392,420798.527471229,56.0,DT
367516:8773,209:209,05/15/23 11:09:33,STABLE BEAMS,6800,432840.426331686,420640.066422446,55.9,DT
367516:8773,210:210,05/15/23 11:09:56,STABLE BEAMS,6800,432899.381491693,420857.959785036,56.0,DT
367516:8773,211:211,05/15/23 11:10:19,STABLE BEAMS,6800,431955.199814357,419973.824706148,55.8,DT
367516:8773,212:212,05/15/23 11:10:42,STABLE BEAMS,6800,431848.646459767,419784.495984021,55.8,DT
367516:8773,213:213,05/15/23 11:11:06,STABLE BEAMS,6800,431685.175075506,419800.998156316,55.8,DT
367516:8773,214:214,05/15/23 11:11:29,STABLE BEAMS,6800,431303.891457126,419409.537354716,55.7,DT
367516:8773,215:215,05/15/23 11:11:52,STABLE BEAMS,6800,430666.247944320,418741.278049901,55.7,DT
367516:8773,216:216,05/15/23 11:12:16,STABLE BEAMS,6800,430926.725535031,418882.438312114,55.7,DT
367516:8773,217:217,05/15/23 11:12:39,STABLE BEAMS,6800,431171.323064962,419294.399174542,55.7,DT
367516:8773,218:218,05/15/23 11:13:02,STABLE BEAMS,6800,431065.674619014,419188.034895811,55.7,DT
367516:8773,219:219,05/15/23 11:13:26,STABLE BEAMS,6800,430493.908455365,418515.031452028,55.6,DT
367516:8773,220:220,05/15/23 11:13:49,STABLE BEAMS,6800,430368.624215807,418572.781943180,55.6,DT
367516:8773,221:221,05/15/23 11:14:12,STABLE BEAMS,6800,430263.654813305,418466.921279853,55.6,DT
367516:8773,222:222,05/15/23 11:14:35,STABLE BEAMS,6800,429723.016059095,417991.248681769,55.5,DT
367516:8773,223:223,05/15/23 11:14:59,STABLE BEAMS,6800,429605.784782527,417895.163229814,55.5,DT
367516:8773,224:224,05/15/23 11:15:22,STABLE BEAMS,6800,428629.027841924,416053.367978909,55.4,DT
367516:8773,225:225,05/15/23 11:15:45,STABLE BEAMS,6800,428589.618708590,416953.141749243,55.4,DT
367516:8773,226:226,05/15/23 11:16:09,STABLE BEAMS,6800,429016.916569465,417195.181209624,55.5,DT
367516:8773,227:227,05/15/23 11:16:32,STABLE BEAMS,6800,428819.827467181,413847.683749414,55.4,DT
367516:8773,228:228,05/15/23 11:16:55,STABLE BEAMS,6800,428229.961682832,413320.537971933,55.4,DT
367516:8773,229:229,05/15/23 11:17:19,STABLE BEAMS,6800,428515.461083393,413413.600033742,55.4,DT
367516:8773,230:230,05/15/23 11:17:42,STABLE BEAMS,6800,428775.802575844,413690.280374272,55.4,DT
367516:8773,231:231,05/15/23 11:18:05,STABLE BEAMS,6800,428519.532448356,413774.517038283,55.4,DT
367516:8773,232:232,05/15/23 11:18:29,STABLE BEAMS,6800,427938.039602693,413287.140554239,55.3,DT
367516:8773,233:233,05/15/23 11:18:52,STABLE BEAMS,6800,427802.799920216,405250.016789660,55.3,DT
367516:8773,234:234,05/15/23 11:19:15,STABLE BEAMS,6800,427333.469414871,406904.748295879,55.2,DT
367516:8773,235:235,05/15/23 11:19:39,STABLE BEAMS,6800,426629.224625994,227590.232835740,55.1,DT
367516:8773,236:236,05/15/23 11:20:02,STABLE BEAMS,6800,426064.154786298,388930.124141277,55.1,DT
367516:8773,237:237,05/15/23 11:20:25,STABLE BEAMS,6800,425878.738281571,402014.343592572,55.0,DT
367516:8773,238:238,05/15/23 11:20:49,STABLE BEAMS,6800,425262.495496191,411061.128625827,55.0,DT
367516:8773,239:239,05/15/23 11:21:12,STABLE BEAMS,6800,424645.121936972,404459.118381615,54.9,DT
367516:8773,240:240,05/15/23 11:21:35,STABLE BEAMS,6800,424638.968558204,405689.443885392,54.9,DT
367516:8773,241:241,05/15/23 11:21:58,STABLE BEAMS,6800,425132.007669977,404755.051069525,55.0,DT
367516:8773,242:242,05/15/23 11:22:22,STABLE BEAMS,6800,425471.846472542,411195.840394872,55.0,DT
367516:8773,243:243,05/15/23 11:22:45,STABLE BEAMS,6800,425078.119998367,404767.243048923,54.9,DT
367516:8773,244:244,05/15/23 11:23:08,STABLE BEAMS,6800,424710.003162695,410381.074431267,54.9,DT
367516:8773,245:245,05/15/23 11:23:32,STABLE BEAMS,6800,424610.689077243,404435.991860068,54.9,DT
367516:8773,246:246,05/15/23 11:23:55,STABLE BEAMS,6800,424882.388982973,409621.337825224,54.9,DT
367516:8773,247:247,05/15/23 11:24:18,STABLE BEAMS,6800,424805.607846640,232927.357808967,54.9,DT
367516:8773,248:248,05/15/23 11:24:42,STABLE BEAMS,6800,424527.845776935,312458.049438686,54.9,DT
367516:8773,249:249,05/15/23 11:25:05,STABLE BEAMS,6800,423694.062953955,317055.223681593,54.8,DT
367516:8773,250:250,05/15/23 11:25:28,STABLE BEAMS,6800,423737.588335721,409376.082165840,54.8,DT
367516:8773,251:251,05/15/23 11:25:52,STABLE BEAMS,6800,423727.091395471,403189.420587542,54.8,DT
367516:8773,252:252,05/15/23 11:26:15,STABLE BEAMS,6800,423321.013280292,403410.380134442,54.7,DT
367516:8773,253:253,05/15/23 11:26:38,STABLE BEAMS,6800,423083.158405637,403010.055506225,54.7,DT
367516:8773,254:254,05/15/23 11:27:01,STABLE BEAMS,6800,422728.751297859,408646.724390685,54.6,DT
367516:8773,255:255,05/15/23 11:27:25,STABLE BEAMS,6800,422557.542582743,404033.355673109,54.6,DT
367516:8773,256:256,05/15/23 11:27:48,STABLE BEAMS,6800,421077.654989189,407274.464727121,54.4,DT
367516:8773,257:257,05/15/23 11:28:11,STABLE BEAMS,6800,421331.934317664,407419.112417027,54.5,DT
367516:8773,258:258,05/15/23 11:28:35,STABLE BEAMS,6800,421666.207570116,407823.108628368,54.5,DT
367516:8773,259:259,05/15/23 11:28:58,STABLE BEAMS,6800,421081.048758561,407357.053482890,54.4,DT
367516:8773,260:260,05/15/23 11:29:21,STABLE BEAMS,6800,421283.024367513,401691.603950975,54.5,DT
367516:8773,261:261,05/15/23 11:29:45,STABLE BEAMS,6800,421047.024193612,407222.704638836,54.4,DT
367516:8773,262:262,05/15/23 11:30:08,STABLE BEAMS,6800,421380.663286086,407581.027647402,54.5,DT
367516:8773,263:263,05/15/23 11:30:31,STABLE BEAMS,6800,420739.310371774,407042.413709846,54.4,DT
367516:8773,264:264,05/15/23 11:30:55,STABLE BEAMS,6800,420640.403133248,407073.473740961,54.4,DT
367516:8773,265:265,05/15/23 11:31:18,STABLE BEAMS,6800,419498.725506702,405930.796886836,54.2,DT
367516:8773,266:266,05/15/23 11:31:41,STABLE BEAMS,6800,419480.853199054,405885.369556007,54.2,DT
367516:8773,267:267,05/15/23 11:32:05,STABLE BEAMS,6800,420347.665911403,406690.169318338,54.3,DT
367516:8773,268:268,05/15/23 11:32:28,STABLE BEAMS,6800,419750.877937905,406226.411424076,54.3,DT
367516:8773,269:269,05/15/23 11:32:51,STABLE BEAMS,6800,420186.183878301,406602.366436829,54.3,DT
367516:8773,270:270,05/15/23 11:33:15,STABLE BEAMS,6800,419748.887138892,406276.503954808,54.3,DT
367516:8773,271:271,05/15/23 11:33:38,STABLE BEAMS,6800,419387.104663716,405941.438043785,54.2,DT
367516:8773,272:272,05/15/23 11:34:01,STABLE BEAMS,6800,418869.769116862,405569.871749995,54.1,DT
367516:8773,273:273,05/15/23 11:34:24,STABLE BEAMS,6800,418665.213432388,405311.443292834,54.1,DT
367516:8773,274:274,05/15/23 11:34:48,STABLE BEAMS,6800,417897.669922022,404613.515847959,54.0,DT
367516:8773,275:275,05/15/23 11:35:11,STABLE BEAMS,6800,417333.460107499,404242.098543911,53.9,DT
367516:8773,276:276,05/15/23 11:35:34,STABLE BEAMS,6800,417079.587625949,403189.651350489,53.9,DT
367516:8773,277:277,05/15/23 11:35:58,STABLE BEAMS,6800,417262.605036883,403824.490094952,53.9,DT
367516:8773,278:278,05/15/23 11:36:21,STABLE BEAMS,6800,417197.497945963,292453.471047165,53.9,DT
367516:8773,279:279,05/15/23 11:36:44,STABLE BEAMS,6800,416206.531767895,403258.233439660,53.8,DT
367516:8773,280:280,05/15/23 11:37:08,STABLE BEAMS,6800,416790.242725622,403851.860273344,53.9,DT
367516:8773,281:281,05/15/23 11:37:31,STABLE BEAMS,6800,416762.235441181,403871.079546811,53.9,DT
367516:8773,282:282,05/15/23 11:37:54,STABLE BEAMS,6800,416164.182043437,403367.395088023,53.8,DT
367516:8773,283:283,05/15/23 11:38:17,STABLE BEAMS,6800,415955.554994000,403040.503672845,53.8,DT
367516:8773,284:284,05/15/23 11:38:41,STABLE BEAMS,6800,416721.695534008,398222.123048058,53.9,DT
367516:8773,285:285,05/15/23 11:39:04,STABLE BEAMS,6800,416907.203253525,404067.728791214,53.9,DT
367516:8773,286:286,05/15/23 11:39:27,STABLE BEAMS,6800,415040.964553194,402507.966320966,53.6,DT
367516:8773,287:287,05/15/23 11:39:51,STABLE BEAMS,6800,413479.635181836,400976.475723699,53.4,DT
367516:8773,288:288,05/15/23 11:40:14,STABLE BEAMS,6800,413316.434546240,401021.618360719,53.4,DT
367516:8773,289:289,05/15/23 11:40:37,STABLE BEAMS,6800,411983.685097918,398599.946602072,53.3,DT
367516:8773,290:290,05/15/23 11:41:01,STABLE BEAMS,6800,411599.235023216,398672.923468302,53.2,DT
367516:8773,291:291,05/15/23 11:41:24,STABLE BEAMS,6800,412543.189387501,400078.910496112,53.3,DT
367516:8773,292:292,05/15/23 11:41:47,STABLE BEAMS,6800,411909.573804043,399516.725983315,53.2,DT
367516:8773,293:293,05/15/23 11:42:11,STABLE BEAMS,6800,411212.340971254,398840.972788746,53.2,DT
367516:8773,294:294,05/15/23 11:42:34,STABLE BEAMS,6800,410823.773200267,27813.344188117,53.1,DT
367516:8773,296:296,05/15/23 11:43:21,STABLE BEAMS,6800,411107.959397406,336870.033112035,53.1,DT
367516:8773,297:297,05/15/23 11:43:44,STABLE BEAMS,6800,410447.874150271,398171.359887417,53.1,DT
367516:8773,298:298,05/15/23 11:44:07,STABLE BEAMS,6800,410694.326380955,398295.648124669,53.1,DT
367516:8773,299:299,05/15/23 11:44:30,STABLE BEAMS,6800,411354.683824609,398400.793073419,53.2,DT
367516:8773,300:300,05/15/23 11:44:54,STABLE BEAMS,6800,411485.668264686,259639.466034825,53.2,DT
367516:8773,301:301,05/15/23 11:45:17,STABLE BEAMS,6800,409938.727664666,397598.853790303,53.0,DT
367516:8773,302:302,05/15/23 11:45:40,STABLE BEAMS,6800,410184.681833633,398022.332051891,53.0,DT
367516:8773,303:303,05/15/23 11:46:04,STABLE BEAMS,6800,409498.126922822,397333.812254370,52.9,DT
367516:8773,304:304,05/15/23 11:46:27,STABLE BEAMS,6800,408854.781761643,396966.839133009,52.8,DT
367516:8773,305:305,05/15/23 11:46:50,STABLE BEAMS,6800,407821.376092180,395918.180621657,52.7,DT
367516:8773,306:306,05/15/23 11:47:14,STABLE BEAMS,6800,408000.865083337,396108.285894727,52.7,DT
367516:8773,307:307,05/15/23 11:47:37,STABLE BEAMS,6800,408680.813437132,396685.434194007,52.8,DT
367516:8773,308:308,05/15/23 11:48:00,STABLE BEAMS,6800,408892.291310755,396888.522829210,52.9,DT
367516:8773,309:309,05/15/23 11:48:24,STABLE BEAMS,6800,408605.842118084,389091.371075482,52.8,DT
367516:8773,310:310,05/15/23 11:48:47,STABLE BEAMS,6800,408337.853061715,396461.743999813,52.8,DT
367516:8773,311:311,05/15/23 11:49:10,STABLE BEAMS,6800,407770.701208214,391032.395186127,52.7,DT
367516:8773,312:312,05/15/23 11:49:33,STABLE BEAMS,6800,407706.724891133,395899.683648816,52.7,DT
367516:8773,313:313,05/15/23 11:49:57,STABLE BEAMS,6800,407235.719218909,390863.211431335,52.6,DT
367516:8773,314:314,05/15/23 11:50:20,STABLE BEAMS,6800,407449.323989805,390025.042449462,52.7,DT
367516:8773,315:315,05/15/23 11:50:43,STABLE BEAMS,6800,407253.772508286,395251.202601394,52.6,DT
367516:8773,316:316,05/15/23 11:51:07,STABLE BEAMS,6800,407029.265398067,387746.631103151,52.6,DT
367516:8773,317:317,05/15/23 11:51:30,STABLE BEAMS,6800,406368.816739622,386905.478216729,52.5,DT
367516:8773,318:318,05/15/23 11:51:53,STABLE BEAMS,6800,405929.755066397,177046.002471236,52.5,DT
367516:8773,319:319,05/15/23 11:52:17,STABLE BEAMS,6800,405509.289627734,369357.019928143,52.4,DT
367516:8773,320:320,05/15/23 11:52:40,STABLE BEAMS,6800,404286.079008593,392828.874841013,52.3,DT
367516:8773,321:321,05/15/23 11:53:03,STABLE BEAMS,6800,404100.753718658,392749.817160334,52.2,DT
367516:8773,322:322,05/15/23 11:53:27,STABLE BEAMS,6800,403233.942454163,392048.639309975,52.1,DT
367516:8773,323:323,05/15/23 11:53:50,STABLE BEAMS,6800,401963.903898676,384925.974705014,52.0,DT
367516:8773,324:324,05/15/23 11:54:13,STABLE BEAMS,6800,401415.393163205,390319.716899960,51.9,DT
367516:8773,325:325,05/15/23 11:54:37,STABLE BEAMS,6800,401800.296416155,385661.400882167,51.9,DT
367516:8773,326:326,05/15/23 11:55:00,STABLE BEAMS,6800,401970.598774775,390848.738773929,52.0,DT
367516:8773,327:327,05/15/23 11:55:23,STABLE BEAMS,6800,401115.506439160,390118.289784061,51.8,DT
367516:8773,328:328,05/15/23 11:55:46,STABLE BEAMS,6800,401181.564770045,385123.542008258,51.9,DT
367516:8773,329:329,05/15/23 11:56:10,STABLE BEAMS,6800,401687.181388018,390516.152418078,51.9,DT
367516:8773,330:330,05/15/23 11:56:33,STABLE BEAMS,6800,401607.007930168,390405.892815916,51.9,DT
367516:8773,331:331,05/15/23 11:56:56,STABLE BEAMS,6800,401355.352112828,384313.689435706,51.9,DT
367516:8773,332:332,05/15/23 11:57:20,STABLE BEAMS,6800,400600.929053848,389520.578522987,51.8,DT
367516:8773,333:333,05/15/23 11:57:43,STABLE BEAMS,6800,401023.431622846,389971.772883384,51.8,DT
367516:8773,334:334,05/15/23 11:58:06,STABLE BEAMS,6800,401182.333580428,385654.095075531,51.9,DT
367516:8773,335:335,05/15/23 11:58:30,STABLE BEAMS,6800,400266.474819668,389240.575078148,51.7,DT
367516:8773,336:336,05/15/23 11:58:53,STABLE BEAMS,6800,400379.091786088,388886.210356747,51.8,DT
367516:8773,337:337,05/15/23 11:59:16,STABLE BEAMS,6800,399822.119792849,388953.341774412,51.7,DT
367516:8773,338:338,05/15/23 11:59:40,STABLE BEAMS,6800,399694.980852538,388739.781211757,51.7,DT
367516:8773,339:339,05/15/23 12:00:03,STABLE BEAMS,6800,399672.177154753,388932.483566514,51.7,DT
367516:8773,340:340,05/15/23 12:00:26,STABLE BEAMS,6800,398210.522384450,387073.244898803,51.5,DT
367516:8773,341:341,05/15/23 12:00:50,STABLE BEAMS,6800,397758.295376370,387154.040328117,51.4,DT
367516:8773,342:342,05/15/23 12:01:13,STABLE BEAMS,6800,398587.553656138,387755.603546762,51.5,DT
367516:8773,343:343,05/15/23 12:01:36,STABLE BEAMS,6800,398622.708994927,387941.810347301,51.5,DT
367516:8773,344:344,05/15/23 12:01:59,STABLE BEAMS,6800,398508.464640805,387739.282159644,51.5,DT
367516:8773,345:345,05/15/23 12:02:23,STABLE BEAMS,6800,397998.366915235,387286.563049389,51.4,DT
367516:8773,346:346,05/15/23 12:02:46,STABLE BEAMS,6800,397554.961680527,381407.905613923,51.4,DT
367516:8773,347:347,05/15/23 12:03:09,STABLE BEAMS,6800,397246.749796972,386626.894263987,51.3,DT
367516:8773,348:348,05/15/23 12:03:33,STABLE BEAMS,6800,397334.208855284,386787.415865131,51.4,DT
367516:8773,349:349,05/15/23 12:03:56,STABLE BEAMS,6800,396739.819975578,386196.866790870,51.3,DT
367516:8773,350:350,05/15/23 12:04:19,STABLE BEAMS,6800,395770.436954518,384985.255656522,51.2,DT
367516:8773,351:351,05/15/23 12:04:43,STABLE BEAMS,6800,395923.592380258,385414.022139774,51.2,DT
367516:8773,352:352,05/15/23 12:05:06,STABLE BEAMS,6800,396330.575404078,385880.075582974,51.2,DT
367516:8773,353:353,05/15/23 12:05:29,STABLE BEAMS,6800,396269.312365070,385519.765847284,51.2,DT
367516:8773,354:354,05/15/23 12:05:53,STABLE BEAMS,6800,396716.654314336,386122.204311271,51.3,DT
367516:8773,355:355,05/15/23 12:06:16,STABLE BEAMS,6800,396761.492899523,386170.290703564,51.3,DT
367516:8773,356:356,05/15/23 12:06:39,STABLE BEAMS,6800,396708.736001752,386261.788629813,51.3,DT
367516:8773,357:357,05/15/23 12:07:03,STABLE BEAMS,6800,396299.310448525,385842.814358322,51.2,DT
367516:8773,358:358,05/15/23 12:07:26,STABLE BEAMS,6800,396047.021919062,385532.923445498,51.2,DT
367516:8773,359:359,05/15/23 12:07:49,STABLE BEAMS,6800,395670.036978696,382278.730500262,51.1,DT
367516:8773,360:360,05/15/23 12:08:12,STABLE BEAMS,6800,395454.759936629,381685.136516150,51.1,DT
367516:8773,361:361,05/15/23 12:08:36,STABLE BEAMS,6800,395170.708389896,369845.301721475,51.1,DT
367516:8773,362:362,05/15/23 12:08:59,STABLE BEAMS,6800,394815.079293487,381489.765372684,51.0,DT
367516:8773,363:363,05/15/23 12:09:22,STABLE BEAMS,6800,394678.710285026,381287.592504217,51.0,DT
367516:8773,364:364,05/15/23 12:09:46,STABLE BEAMS,6800,394615.954508721,377122.174647770,51.0,DT
367516:8773,365:365,05/15/23 12:10:09,STABLE BEAMS,6800,393505.993568123,380225.249314964,50.9,DT
367516:8773,366:366,05/15/23 12:10:32,STABLE BEAMS,6800,393226.647546330,380079.088907919,50.8,DT
367516:8773,367:367,05/15/23 12:10:56,STABLE BEAMS,6800,392960.107791642,379950.003680034,50.8,DT
367516:8773,368:368,05/15/23 12:11:19,STABLE BEAMS,6800,393025.849042539,374382.133260144,50.8,DT
367516:8773,369:369,05/15/23 12:11:42,STABLE BEAMS,6800,392749.762139712,379400.910486852,50.8,DT
367516:8773,370:370,05/15/23 12:12:06,STABLE BEAMS,6800,392224.732697618,379348.802784550,50.7,DT
367516:8773,371:371,05/15/23 12:12:29,STABLE BEAMS,6800,392283.236127231,379058.613052924,50.7,DT
367516:8773,372:372,05/15/23 12:12:52,STABLE BEAMS,6800,393188.370634690,380147.372967048,50.8,DT
367516:8773,373:373,05/15/23 12:13:15,STABLE BEAMS,6800,392756.955077528,379598.714479001,50.8,DT
367516:8773,374:374,05/15/23 12:13:39,STABLE BEAMS,6800,393084.712987755,379939.290447710,50.8,DT
367516:8773,375:375,05/15/23 12:14:02,STABLE BEAMS,6800,393029.332578849,379987.394447967,50.8,DT
367516:8773,376:376,05/15/23 12:14:25,STABLE BEAMS,6800,392956.939887468,379924.948823536,50.8,DT
367516:8773,377:377,05/15/23 12:14:49,STABLE BEAMS,6800,392306.718868461,379345.368858204,50.7,DT
367516:8773,378:378,05/15/23 12:15:12,STABLE BEAMS,6800,392200.074299080,379297.674433487,50.7,DT
367516:8773,379:379,05/15/23 12:15:35,STABLE BEAMS,6800,392020.947271381,357956.294271420,50.7,DT
367516:8773,380:380,05/15/23 12:15:59,STABLE BEAMS,6800,392467.972140658,378698.685068739,50.7,DT
367516:8773,381:381,05/15/23 12:16:22,STABLE BEAMS,6800,391567.407059880,378762.263638597,50.6,DT
367516:8773,382:382,05/15/23 12:16:45,STABLE BEAMS,6800,391347.424492873,378433.246772752,50.6,DT
367516:8773,383:383,05/15/23 12:17:09,STABLE BEAMS,6800,391728.708111253,253625.137527680,50.6,DT
367516:8773,384:384,05/15/23 12:17:32,STABLE BEAMS,6800,391493.928478128,378499.674428687,50.6,DT
367516:8773,385:385,05/15/23 12:17:55,STABLE BEAMS,6800,391404.478620804,377926.497377242,50.6,DT
367516:8773,386:386,05/15/23 12:18:19,STABLE BEAMS,6800,391249.287512583,378343.464099078,50.6,DT
367516:8773,387:387,05/15/23 12:18:42,STABLE BEAMS,6800,390694.623398345,370740.639117351,50.5,DT
367516:8773,388:388,05/15/23 12:19:05,STABLE BEAMS,6800,390464.233658026,377167.962523870,50.5,DT
367516:8773,389:389,05/15/23 12:19:28,STABLE BEAMS,6800,390467.355230878,370582.961665061,50.5,DT
367516:8773,390:390,05/15/23 12:19:52,STABLE BEAMS,6800,390059.467298415,372997.165997049,50.4,DT
367516:8773,391:391,05/15/23 12:20:15,STABLE BEAMS,6800,389951.919268246,373062.624577560,50.4,DT
367516:8773,392:392,05/15/23 12:20:38,STABLE BEAMS,6800,389810.844734844,376985.314984440,50.4,DT
367516:8773,393:393,05/15/23 12:21:02,STABLE BEAMS,6800,389688.999148127,371089.393360156,50.4,DT
367516:8773,394:394,05/15/23 12:21:25,STABLE BEAMS,6800,389532.448505162,369838.803334907,50.3,DT
367516:8773,395:395,05/15/23 12:21:48,STABLE BEAMS,6800,388675.455137472,371430.022478489,50.2,DT
367516:8773,396:396,05/15/23 12:22:12,STABLE BEAMS,6800,389170.350397851,376727.084707199,50.3,DT
367516:8773,397:397,05/15/23 12:22:35,STABLE BEAMS,6800,388968.147475848,376527.259281405,50.3,DT
367516:8773,398:398,05/15/23 12:22:58,STABLE BEAMS,6800,388167.711622226,370468.546323104,50.2,DT
367516:8773,399:399,05/15/23 12:23:22,STABLE BEAMS,6800,387927.502537247,370431.139874360,50.1,DT
367516:8773,400:400,05/15/23 12:23:45,STABLE BEAMS,6800,387519.028223984,375396.514988560,50.1,DT
367516:8773,401:401,05/15/23 12:24:08,STABLE BEAMS,6800,387998.629804383,371662.564491890,50.2,DT
367516:8773,402:402,05/15/23 12:24:31,STABLE BEAMS,6800,386597.603913111,374475.808284707,50.0,DT
367516:8773,403:403,05/15/23 12:24:55,STABLE BEAMS,6800,386613.575188683,374479.995887870,50.0,DT
367516:8773,404:404,05/15/23 12:25:18,STABLE BEAMS,6800,387552.328862019,375326.347388711,50.1,DT
367516:8773,405:405,05/15/23 12:25:41,STABLE BEAMS,6800,387337.548433815,375133.187587021,50.1,DT
367516:8773,406:406,05/15/23 12:26:05,STABLE BEAMS,6800,387208.010399712,369850.957409594,50.0,DT
367516:8773,407:407,05/15/23 12:26:28,STABLE BEAMS,6800,386921.742188769,374960.906402610,50.0,DT
367516:8773,408:408,05/15/23 12:26:51,STABLE BEAMS,6800,386693.207149202,374284.282339917,50.0,DT
367516:8773,409:409,05/15/23 12:27:15,STABLE BEAMS,6800,386500.597706660,374412.418424358,50.0,DT
367516:8773,410:410,05/15/23 12:27:38,STABLE BEAMS,6800,386707.370055344,369252.735483680,50.0,DT
367516:8773,411:411,05/15/23 12:28:01,STABLE BEAMS,6800,386228.039223611,374277.412058258,49.9,DT
367516:8773,412:412,05/15/23 12:28:25,STABLE BEAMS,6800,385955.933918810,373986.999723502,49.9,DT
367516:8773,413:413,05/15/23 12:28:48,STABLE BEAMS,6800,386067.101583549,374015.935393033,49.9,DT
367516:8773,414:414,05/15/23 12:29:11,STABLE BEAMS,6800,385986.428616127,374052.697107851,49.9,DT
367516:8773,415:415,05/15/23 12:29:35,STABLE BEAMS,6800,385527.322854513,373664.494153037,49.8,DT
367516:8773,416:416,05/15/23 12:29:58,STABLE BEAMS,6800,385230.965998099,312268.529993294,49.8,DT
367516:8773,417:417,05/15/23 12:30:21,STABLE BEAMS,6800,384806.065783162,372653.766510579,49.7,DT
367516:8773,418:418,05/15/23 12:30:44,STABLE BEAMS,6800,384711.774302638,373114.341676690,49.7,DT
367516:8773,419:419,05/15/23 12:31:08,STABLE BEAMS,6800,383762.887100363,372074.597515163,49.6,DT
367516:8773,420:420,05/15/23 12:31:31,STABLE BEAMS,6800,383694.567221799,372075.503281933,49.6,DT
367516:8773,421:421,05/15/23 12:31:54,STABLE BEAMS,6800,383734.291987267,372075.542382734,49.6,DT
367516:8773,422:422,05/15/23 12:32:18,STABLE BEAMS,6800,382886.302822531,371288.348576475,49.5,DT
367516:8773,423:423,05/15/23 12:32:41,STABLE BEAMS,6800,382192.191562594,365019.688480786,49.4,DT
367516:8773,424:424,05/15/23 12:33:04,STABLE BEAMS,6800,383007.967427519,339655.579786310,49.5,DT
367516:8773,425:425,05/15/23 12:33:28,STABLE BEAMS,6800,383555.211290890,244427.465073810,49.6,DT
367516:8773,426:426,05/15/23 12:33:51,STABLE BEAMS,6800,383016.654550485,367885.408527242,49.5,DT
367516:8773,427:427,05/15/23 12:34:14,STABLE BEAMS,6800,382738.892480779,359935.372686609,49.5,DT
367516:8773,428:428,05/15/23 12:34:38,STABLE BEAMS,6800,382449.864660441,370795.151009701,49.4,DT
367516:8773,429:429,05/15/23 12:35:01,STABLE BEAMS,6800,382387.155215459,370968.012374492,49.4,DT
367516:8773,430:430,05/15/23 12:35:24,STABLE BEAMS,6800,382660.256643694,371115.779054882,49.5,DT
367516:8773,431:431,05/15/23 12:35:48,STABLE BEAMS,6800,382211.964902317,370800.581795432,49.4,DT
367516:8773,432:432,05/15/23 12:36:11,STABLE BEAMS,6800,381971.710933870,370477.319659747,49.4,DT
367516:8773,433:433,05/15/23 12:36:34,STABLE BEAMS,6800,381382.661739080,370071.359383392,49.3,DT
367516:8773,434:434,05/15/23 12:36:57,STABLE BEAMS,6800,382219.700785318,370845.097621598,49.4,DT
367516:8773,435:435,05/15/23 12:37:21,STABLE BEAMS,6800,381845.613000461,370429.067350321,49.4,DT
367516:8773,436:436,05/15/23 12:37:44,STABLE BEAMS,6800,381817.424734291,370494.463944123,49.4,DT
367516:8773,437:437,05/15/23 12:38:07,STABLE BEAMS,6800,381643.092998469,370290.849986192,49.3,DT
367516:8773,438:438,05/15/23 12:38:31,STABLE BEAMS,6800,381371.620405791,369871.697583493,49.3,DT
367516:8773,439:439,05/15/23 12:38:54,STABLE BEAMS,6800,380998.210216525,369709.116967156,49.2,DT
367516:8773,440:440,05/15/23 12:39:17,STABLE BEAMS,6800,380842.250297922,369566.876586068,49.2,DT
367516:8773,441:441,05/15/23 12:39:41,STABLE BEAMS,6800,380916.678671784,369780.680399460,49.2,DT
367516:8773,442:442,05/15/23 12:40:04,STABLE BEAMS,6800,380679.818472709,369762.604637254,49.2,DT
367516:8773,443:443,05/15/23 12:40:27,STABLE BEAMS,6800,379791.108419071,368799.883859859,49.1,DT
367516:8773,444:444,05/15/23 12:40:51,STABLE BEAMS,6800,379181.832706309,368201.794455503,49.0,DT
367516:8773,445:445,05/15/23 12:41:14,STABLE BEAMS,6800,380198.905136742,368576.578533873,49.1,DT
367516:8773,446:446,05/15/23 12:41:37,STABLE BEAMS,6800,380331.564743698,369287.411420267,49.2,DT
367516:8773,447:447,05/15/23 12:42:00,STABLE BEAMS,6800,379815.359970684,368884.605603481,49.1,DT
367516:8773,448:448,05/15/23 12:42:24,STABLE BEAMS,6800,379593.928101995,368730.806471374,49.1,DT
367516:8773,449:449,05/15/23 12:42:47,STABLE BEAMS,6800,379109.395131460,368216.633374339,49.0,DT
367516:8773,450:450,05/15/23 12:43:10,STABLE BEAMS,6800,379253.546354245,368289.626584176,49.0,DT
367516:8773,451:451,05/15/23 12:43:34,STABLE BEAMS,6800,379261.826630285,368358.549778202,49.0,DT
367516:8773,452:452,05/15/23 12:43:57,STABLE BEAMS,6800,379153.237593214,368283.480688438,49.0,DT
367516:8773,453:453,05/15/23 12:44:20,STABLE BEAMS,6800,378825.977744703,359326.555605170,49.0,DT
367516:8773,454:454,05/15/23 12:44:44,STABLE BEAMS,6800,378816.362547434,354623.944771832,49.0,DT
367516:8773,455:455,05/15/23 12:45:07,STABLE BEAMS,6800,378517.968560685,367834.828028328,48.9,DT
367516:8773,456:456,05/15/23 12:45:30,STABLE BEAMS,6800,377406.446833661,366722.153655143,48.8,DT
367516:8773,457:457,05/15/23 12:45:54,STABLE BEAMS,6800,376218.007872045,288482.343174490,48.6,DT
367516:8773,458:458,05/15/23 12:46:17,STABLE BEAMS,6800,375512.926223656,364977.465119300,48.5,DT
367516:8773,459:459,05/15/23 12:46:40,STABLE BEAMS,6800,375132.502630449,364737.831796150,48.5,DT
367516:8773,460:460,05/15/23 12:47:04,STABLE BEAMS,6800,374065.253377766,363670.181083878,48.4,DT
367516:8773,461:461,05/15/23 12:47:27,STABLE BEAMS,6800,373324.584930148,363069.038680280,48.3,DT
367516:8773,462:462,05/15/23 12:47:50,STABLE BEAMS,6800,374442.191986809,364010.580973961,48.4,DT
367516:8773,463:463,05/15/23 12:48:13,STABLE BEAMS,6800,374458.413741094,364118.775005405,48.4,DT
367516:8773,464:464,05/15/23 12:48:37,STABLE BEAMS,6800,374400.272274938,364002.077100264,48.4,DT
367516:8773,465:465,05/15/23 12:49:00,STABLE BEAMS,6800,374510.083300640,359024.923030701,48.4,DT
367516:8773,466:466,05/15/23 12:49:23,STABLE BEAMS,6800,373935.941208860,358439.310444226,48.3,DT
367516:8773,467:467,05/15/23 12:49:47,STABLE BEAMS,6800,373272.779272342,363064.029117007,48.2,DT
367516:8773,468:468,05/15/23 12:50:10,STABLE BEAMS,6800,372840.799052187,357249.614616638,48.2,DT
367516:8773,469:469,05/15/23 12:50:33,STABLE BEAMS,6800,372119.812729502,361860.351679417,48.1,DT
367516:8773,470:470,05/15/23 12:50:57,STABLE BEAMS,6800,372209.624550283,362024.208373295,48.1,DT
367516:8773,471:471,05/15/23 12:51:20,STABLE BEAMS,6800,370749.327866870,360763.386694778,47.9,DT
367516:8773,472:472,05/15/23 12:51:43,STABLE BEAMS,6800,370338.477625476,355225.019496980,47.9,DT
367516:8773,473:473,05/15/23 12:52:07,STABLE BEAMS,6800,371575.641464109,61204.389076816,48.0,PXL
367516:8773,474:474,05/15/23 12:52:30,STABLE BEAMS,6800,369013.397458878,355838.626339050,47.7,DT
367516:8773,475:475,05/15/23 12:52:53,STABLE BEAMS,6800,369172.593330786,357585.731610501,47.7,DT
367516:8773,476:476,05/15/23 12:53:16,STABLE BEAMS,6800,368371.227955007,177367.770925928,47.6,DT
367516:8773,477:477,05/15/23 12:53:40,STABLE BEAMS,6800,366657.920263071,355560.181776265,47.4,DT
367516:8773,478:478,05/15/23 12:54:03,STABLE BEAMS,6800,366116.919545405,304098.282185414,47.3,DT
367516:8773,479:479,05/15/23 12:54:26,STABLE BEAMS,6800,364880.679689670,331542.243722679,47.2,DT
367516:8773,480:480,05/15/23 12:54:50,STABLE BEAMS,6800,364205.843707740,353453.834143989,47.1,DT
367516:8773,481:481,05/15/23 12:55:13,STABLE BEAMS,6800,362395.370545433,348112.867219607,46.8,DT
367516:8773,482:482,05/15/23 12:55:36,STABLE BEAMS,6800,361110.715905556,351091.355676466,46.7,DT
367516:8773,483:483,05/15/23 12:56:00,STABLE BEAMS,6800,359995.529660494,350785.682594201,46.5,DT
367516:8773,484:484,05/15/23 12:56:23,STABLE BEAMS,6800,360413.416471491,241555.276596571,46.6,DT
367516:8773,485:485,05/15/23 12:56:46,STABLE BEAMS,6800,360101.427137300,349556.301316776,46.5,DT
367516:8773,486:486,05/15/23 12:57:10,STABLE BEAMS,6800,347585.951338316,336575.719681727,44.9,DT
367516:8773,487:487,05/15/23 12:57:33,STABLE BEAMS,6800,351069.940825814,334705.224600913,45.4,DT
367516:8773,488:488,05/15/23 12:57:56,STABLE BEAMS,6800,357796.058714614,348238.862175315,46.2,DT
367516:8773,489:489,05/15/23 12:58:20,STABLE BEAMS,6800,352327.763838557,256215.364840062,45.5,DT
367516:8773,490:490,05/15/23 12:58:43,STABLE BEAMS,6800,348303.273142963,326655.440477478,45.0,DT
367516:8773,491:491,05/15/23 12:59:06,STABLE BEAMS,6800,337684.939036407,328619.274005858,43.6,DT
367516:8773,492:492,05/15/23 12:59:29,STABLE BEAMS,6800,360275.033498355,350764.508151506,46.6,DT
367516:8773,493:493,05/15/23 12:59:53,STABLE BEAMS,6800,360266.889320574,346836.484354036,46.6,DT
367516:8773,494:494,05/15/23 13:00:16,STABLE BEAMS,6800,359425.482099338,350147.677561289,46.5,DT
367516:8773,495:495,05/15/23 13:00:39,STABLE BEAMS,6800,359498.259919837,350079.829322436,46.5,DT
367516:8773,496:496,05/15/23 13:01:03,STABLE BEAMS,6800,360488.568772267,350536.879994701,46.6,DT
367516:8773,497:497,05/15/23 13:01:26,STABLE BEAMS,6800,367387.954224326,351685.893504645,47.5,DT
367516:8773,498:498,05/15/23 13:01:49,STABLE BEAMS,6800,366767.165177927,356763.057981715,47.4,DT
367516:8773,499:499,05/15/23 13:02:13,STABLE BEAMS,6800,366595.435235433,351594.280189169,47.4,DT
367516:8773,500:500,05/15/23 13:02:36,STABLE BEAMS,6800,366543.991541084,352498.492322422,47.4,DT
367516:8773,501:501,05/15/23 13:02:59,STABLE BEAMS,6800,366376.244644470,356577.235953591,47.4,DT
367516:8773,502:502,05/15/23 13:03:23,STABLE BEAMS,6800,366123.390004161,356315.056053583,47.3,DT
367516:8773,503:503,05/15/23 13:03:46,STABLE BEAMS,6800,365938.924739399,350652.585701243,47.3,DT
367516:8773,504:504,05/15/23 13:04:09,STABLE BEAMS,6800,365629.603799813,355800.317603475,47.3,DT
367516:8773,505:505,05/15/23 13:04:33,STABLE BEAMS,6800,365567.980245202,355850.219035066,47.3,DT
367516:8773,506:506,05/15/23 13:04:56,STABLE BEAMS,6800,365655.688334371,355886.586633699,47.3,DT
367516:8773,507:507,05/15/23 13:05:19,STABLE BEAMS,6800,365047.679493709,355305.519485743,47.2,DT
367516:8773,508:508,05/15/23 13:05:42,STABLE BEAMS,6800,364916.084059317,355233.817893446,47.2,DT
367516:8773,509:509,05/15/23 13:06:06,STABLE BEAMS,6800,364511.295981899,350848.528449898,47.1,DT
367516:8773,510:510,05/15/23 13:06:29,STABLE BEAMS,6800,364346.692375945,354812.030403735,47.1,DT
367516:8773,511:511,05/15/23 13:06:52,STABLE BEAMS,6800,363795.603012807,354197.955817802,47.0,DT
367516:8773,512:512,05/15/23 13:07:16,STABLE BEAMS,6800,364233.035850476,354629.676769492,47.1,DT
367516:8773,513:513,05/15/23 13:07:39,STABLE BEAMS,6800,364307.939120394,354741.745439454,47.1,DT
367516:8773,514:514,05/15/23 13:08:02,STABLE BEAMS,6800,364238.194553664,354590.875885097,47.1,DT
367516:8773,515:515,05/15/23 13:08:26,STABLE BEAMS,6800,363657.762984856,354051.547527735,47.0,DT
367516:8773,516:516,05/15/23 13:08:49,STABLE BEAMS,6800,363787.141755039,354241.670553863,47.0,DT
367516:8773,517:517,05/15/23 13:09:12,STABLE BEAMS,6800,363400.632832194,353908.895461797,47.0,DT
367516:8773,518:518,05/15/23 13:09:36,STABLE BEAMS,6800,363759.384949309,354256.132095254,47.0,DT
367516:8773,519:519,05/15/23 13:09:59,STABLE BEAMS,6800,363540.260959622,353987.677369982,47.0,DT
367516:8773,520:520,05/15/23 13:10:22,STABLE BEAMS,6800,363453.683644292,348876.528740959,47.0,DT
367516:8773,521:521,05/15/23 13:10:45,STABLE BEAMS,6800,362806.605915945,350935.161694633,46.9,DT
367516:8773,522:522,05/15/23 13:11:09,STABLE BEAMS,6800,362748.216866785,349690.068114387,46.9,DT
367516:8773,523:523,05/15/23 13:11:32,STABLE BEAMS,6800,362551.760476623,351353.399287414,46.9,DT
367516:8773,524:524,05/15/23 13:11:55,STABLE BEAMS,6800,361728.859723012,352355.723351080,46.8,DT
367516:8773,525:525,05/15/23 13:12:19,STABLE BEAMS,6800,361970.402281366,352498.393190818,46.8,DT
367516:8773,526:526,05/15/23 13:12:42,STABLE BEAMS,6800,361454.084575753,352104.003617457,46.7,DT
367516:8773,527:527,05/15/23 13:13:05,STABLE BEAMS,6800,361125.194443832,346808.594154331,46.7,DT
367516:8773,528:528,05/15/23 13:13:29,STABLE BEAMS,6800,360215.400742756,350922.851538435,46.6,DT
367516:8773,529:529,05/15/23 13:13:52,STABLE BEAMS,6800,360833.519946697,351561.727286576,46.6,DT
367516:8773,530:530,05/15/23 13:14:15,STABLE BEAMS,6800,361103.273936882,351755.123307009,46.7,DT
367516:8773,531:531,05/15/23 13:14:39,STABLE BEAMS,6800,361091.035228477,351804.544478997,46.7,DT
367516:8773,532:532,05/15/23 13:15:02,STABLE BEAMS,6800,360915.821749674,351533.845460678,46.7,DT
367516:8773,533:533,05/15/23 13:15:25,STABLE BEAMS,6800,361373.072810536,352069.829061747,46.7,DT
367516:8773,534:534,05/15/23 13:15:49,STABLE BEAMS,6800,360875.439658568,351532.808695049,46.6,DT
367516:8773,535:535,05/15/23 13:16:12,STABLE BEAMS,6800,361080.719269956,351814.295491556,46.7,DT
367516:8773,536:536,05/15/23 13:16:35,STABLE BEAMS,6800,360896.004974336,351711.202116904,46.6,DT
367516:8773,537:537,05/15/23 13:16:58,STABLE BEAMS,6800,360376.949377134,261493.554293651,46.6,DT
367516:8773,538:538,05/15/23 13:17:22,STABLE BEAMS,6800,360038.128415811,350589.182642533,46.5,DT
367516:8773,539:539,05/15/23 13:17:45,STABLE BEAMS,6800,359568.210081811,350038.380110618,46.5,DT
367516:8773,540:540,05/15/23 13:18:08,STABLE BEAMS,6800,360017.089651841,350601.149586566,46.5,DT
367516:8773,541:541,05/15/23 13:18:32,STABLE BEAMS,6800,360024.780651374,105039.874137052,46.5,DT
367516:8773,542:542,05/15/23 13:18:55,STABLE BEAMS,6800,359021.758194484,349559.282255842,46.4,DT
367516:8773,543:543,05/15/23 13:19:18,STABLE BEAMS,6800,358935.180879154,349552.647770500,46.4,DT
367516:8773,544:544,05/15/23 13:19:42,STABLE BEAMS,6800,359238.640906446,344887.804598225,46.4,DT
367516:8773,545:545,05/15/23 13:20:05,STABLE BEAMS,6800,358831.636164818,349228.481220160,46.4,DT
367516:8773,546:546,05/15/23 13:20:28,STABLE BEAMS,6800,358319.911051546,344124.375787826,46.3,DT
367516:8773,547:547,05/15/23 13:20:52,STABLE BEAMS,6800,358102.641762612,348433.397918585,46.3,DT
367516:8773,548:548,05/15/23 13:21:15,STABLE BEAMS,6800,358289.393188567,348889.543084781,46.3,DT
367516:8773,549:549,05/15/23 13:21:38,STABLE BEAMS,6800,358240.775704889,349238.913028330,46.3,DT
367516:8773,550:550,05/15/23 13:22:02,STABLE BEAMS,6800,357824.496011642,348847.850566285,46.3,DT
367516:8773,551:551,05/15/23 13:22:25,STABLE BEAMS,6800,357922.271028475,344166.752241948,46.3,DT
367516:8773,552:552,05/15/23 13:22:48,STABLE BEAMS,6800,358010.341081101,348540.774591932,46.3,DT
367516:8773,553:553,05/15/23 13:23:11,STABLE BEAMS,6800,357987.605432446,349016.186021765,46.3,DT
367516:8773,554:554,05/15/23 13:23:35,STABLE BEAMS,6800,358036.922229522,349060.941780764,46.3,DT
367516:8773,555:555,05/15/23 13:23:58,STABLE BEAMS,6800,357834.811970164,348831.854172131,46.3,DT
367516:8773,556:556,05/15/23 13:24:21,STABLE BEAMS,6800,357740.904170904,343780.158219399,46.2,DT
367516:8773,557:557,05/15/23 13:24:45,STABLE BEAMS,6800,356748.876715981,347837.767141288,46.1,DT
367516:8773,558:558,05/15/23 13:25:08,STABLE BEAMS,6800,357260.171816666,343142.550396401,46.2,DT
367516:8773,559:559,05/15/23 13:25:31,STABLE BEAMS,6800,357036.003504244,348132.045314158,46.1,DT
367516:8773,560:560,05/15/23 13:25:55,STABLE BEAMS,6800,356792.470146877,347994.398945397,46.1,DT
367516:8773,561:561,05/15/23 13:26:18,STABLE BEAMS,6800,356192.673533125,343437.716016529,46.0,DT
367516:8773,562:562,05/15/23 13:26:41,STABLE BEAMS,6800,355620.319540821,346858.523277150,46.0,DT
367516:8773,563:563,05/15/23 13:27:05,STABLE BEAMS,6800,355950.926827381,347194.331420160,46.0,DT
367516:8773,564:564,05/15/23 13:27:28,STABLE BEAMS,6800,355742.233176668,346932.553824099,46.0,DT
367516:8773,565:565,05/15/23 13:27:51,STABLE BEAMS,6800,355473.858991181,346793.338750933,45.9,DT
367516:8773,566:566,05/15/23 13:28:14,STABLE BEAMS,6800,355265.912433043,346575.391892271,45.9,DT
367516:8773,567:567,05/15/23 13:28:38,STABLE BEAMS,6800,355416.217034596,346679.969914449,45.9,DT
367516:8773,568:568,05/15/23 13:29:01,STABLE BEAMS,6800,354937.520362839,341543.983343612,45.9,DT
367516:8773,569:569,05/15/23 13:29:24,STABLE BEAMS,6800,354073.513591208,345419.690549535,45.8,DT
367516:8773,570:570,05/15/23 13:29:48,STABLE BEAMS,6800,353653.137919482,345143.541313565,45.7,DT
367516:8773,571:571,05/15/23 13:30:11,STABLE BEAMS,6800,352925.818684155,344482.724914159,45.6,DT
367516:8773,572:572,05/15/23 13:30:34,STABLE BEAMS,6800,352160.061825412,338567.222102982,45.5,DT
367516:8773,573:573,05/15/23 13:30:58,STABLE BEAMS,6800,352053.418703885,343645.110497743,45.5,DT
367516:8773,574:574,05/15/23 13:31:21,STABLE BEAMS,6800,351916.777498903,343525.110789375,45.5,DT
367516:8773,575:575,05/15/23 13:31:44,STABLE BEAMS,6800,351430.003250643,343073.347516482,45.4,DT
367516:8773,576:576,05/15/23 13:32:08,STABLE BEAMS,6800,350219.530849478,341866.977187896,45.3,DT
367516:8773,577:577,05/15/23 13:32:31,STABLE BEAMS,6800,349975.612362993,338273.802904758,45.2,DT
367516:8773,578:578,05/15/23 13:32:54,STABLE BEAMS,6800,350593.867665193,333959.483457752,45.3,DT
367516:8773,579:579,05/15/23 13:33:18,STABLE BEAMS,6800,349767.800455261,338353.098452210,45.2,DT
367516:8773,580:580,05/15/23 13:33:41,STABLE BEAMS,6800,349952.944763467,338546.112099558,45.2,DT
367516:8773,581:581,05/15/23 13:34:04,STABLE BEAMS,6800,349844.309395074,338370.281351830,45.2,DT
367516:8773,582:582,05/15/23 13:34:27,STABLE BEAMS,6800,349949.165864977,338286.577464871,45.2,DT
367516:8773,583:583,05/15/23 13:34:51,STABLE BEAMS,6800,349564.059912492,338140.389386103,45.2,DT
367516:8773,584:584,05/15/23 13:35:14,STABLE BEAMS,6800,349561.209088306,338183.549212697,45.2,DT
367516:8773,585:585,05/15/23 13:35:37,STABLE BEAMS,6800,349595.754880632,333292.051444923,45.2,DT
367516:8773,586:586,05/15/23 13:36:01,STABLE BEAMS,6800,349277.180707234,337353.948725163,45.1,DT
367516:8773,587:587,05/15/23 13:36:24,STABLE BEAMS,6800,348958.676030819,337765.910037838,45.1,DT
367516:8773,588:588,05/15/23 13:36:47,STABLE BEAMS,6800,348105.030101178,336833.922279735,45.0,DT
367516:8773,589:589,05/15/23 13:37:11,STABLE BEAMS,6800,348769.912088043,337268.904833455,45.1,DT
367516:8773,590:590,05/15/23 13:37:34,STABLE BEAMS,6800,349431.536403796,338083.172444206,45.2,DT
367516:8773,591:591,05/15/23 13:37:57,STABLE BEAMS,6800,349006.998152316,337597.201479119,45.1,DT
367516:8773,592:592,05/15/23 13:38:21,STABLE BEAMS,6800,348471.722248684,337113.458711560,45.0,DT
367516:8773,593:593,05/15/23 13:38:44,STABLE BEAMS,6800,348962.521530585,337722.993841664,45.1,DT
367516:8773,594:594,05/15/23 13:39:07,STABLE BEAMS,6800,348731.407863352,337566.835658454,45.1,DT
367516:8773,595:595,05/15/23 13:39:31,STABLE BEAMS,6800,348771.834837926,337534.943428074,45.1,DT
367516:8773,596:596,05/15/23 13:39:54,STABLE BEAMS,6800,348399.985435087,337209.099949403,45.0,DT
367516:8773,597:597,05/15/23 13:40:17,STABLE BEAMS,6800,347852.108859593,334438.189260352,45.0,DT
367516:8773,598:598,05/15/23 13:40:40,STABLE BEAMS,6800,347671.240063739,332106.926476324,44.9,DT
367516:8773,599:599,05/15/23 13:41:04,STABLE BEAMS,6800,346575.485464898,325411.561801713,44.8,DT
367516:8773,600:600,05/15/23 13:41:27,STABLE BEAMS,6800,347125.467219857,275182.100699370,44.9,DT
367516:8773,601:601,05/15/23 13:41:50,STABLE BEAMS,6800,347462.432032574,336098.283062130,44.9,DT
367516:8773,602:602,05/15/23 13:42:14,STABLE BEAMS,6800,346936.588896629,335629.136461297,44.8,DT
367516:8773,603:603,05/15/23 13:42:37,STABLE BEAMS,6800,346831.574610658,158363.548766950,44.8,DT
367516:8773,604:604,05/15/23 13:43:00,STABLE BEAMS,6800,346147.418793640,334911.651395527,44.7,DT
367516:8773,605:605,05/15/23 13:43:24,STABLE BEAMS,6800,345623.250824573,329856.745371207,44.7,DT
367516:8773,606:606,05/15/23 13:43:47,STABLE BEAMS,6800,344634.456427247,333729.040853436,44.5,DT
367516:8773,607:607,05/15/23 13:44:10,STABLE BEAMS,6800,344547.495430653,333657.796613028,44.5,DT
367516:8773,608:608,05/15/23 13:44:34,STABLE BEAMS,6800,344403.772772600,333477.408926261,44.5,DT
367516:8773,609:609,05/15/23 13:44:57,STABLE BEAMS,6800,344192.973942422,333483.043130364,44.5,DT
367516:8773,610:610,05/15/23 13:45:20,STABLE BEAMS,6800,343006.955792406,332310.411920516,44.3,DT
367516:8773,611:611,05/15/23 13:45:44,STABLE BEAMS,6800,343253.114108762,332516.757769968,44.4,DT
367516:8773,612:612,05/15/23 13:46:07,STABLE BEAMS,6800,344099.678585332,333354.843252776,44.5,DT
367516:8773,613:613,05/15/23 13:46:30,STABLE BEAMS,6800,344140.308259443,333426.884238245,44.5,DT
367516:8773,614:614,05/15/23 13:46:53,STABLE BEAMS,6800,343962.969331220,333315.963415176,44.5,DT
367516:8773,615:615,05/15/23 13:47:17,STABLE BEAMS,6800,343558.882015055,332907.076036875,44.4,DT
367516:8773,616:616,05/15/23 13:47:40,STABLE BEAMS,6800,343878.133784045,333177.648527894,44.4,DT
367516:8773,617:617,05/15/23 13:48:03,STABLE BEAMS,6800,344541.725733150,333781.450559342,44.5,DT
367516:8773,618:618,05/15/23 13:48:27,STABLE BEAMS,6800,343488.886969613,332892.609664969,44.4,DT
367516:8773,619:619,05/15/23 13:48:50,STABLE BEAMS,6800,343063.060128226,327489.411578789,44.3,DT
367516:8773,620:620,05/15/23 13:49:13,STABLE BEAMS,6800,342822.874208908,332328.802055760,44.3,DT
367516:8773,621:621,05/15/23 13:49:37,STABLE BEAMS,6800,342516.721173497,332171.889084679,44.3,DT
367516:8773,622:622,05/15/23 13:50:00,STABLE BEAMS,6800,341974.184282919,331481.942777466,44.2,DT
367516:8773,623:623,05/15/23 13:50:23,STABLE BEAMS,6800,341864.690337206,327675.932075886,44.2,DT
367516:8773,624:624,05/15/23 13:50:47,STABLE BEAMS,6800,341342.647817558,331062.223552101,44.1,DT
367516:8773,625:625,05/15/23 13:51:10,STABLE BEAMS,6800,341076.491744135,330186.557346322,44.1,DT
367516:8773,626:626,05/15/23 13:51:33,STABLE BEAMS,6800,341261.206039755,330934.969180362,44.1,DT
367516:8773,627:627,05/15/23 13:51:56,STABLE BEAMS,6800,340436.382536260,326291.939748942,44.0,DT
367516:8773,628:628,05/15/23 13:52:20,STABLE BEAMS,6800,340400.910117484,329614.101852708,44.0,DT
367516:8773,629:629,05/15/23 13:52:43,STABLE BEAMS,6800,341368.415272128,331011.620862798,44.1,DT
367516:8773,630:630,05/15/23 13:53:06,STABLE BEAMS,6800,341146.621439983,330845.000980813,44.1,DT
367516:8773,631:631,05/15/23 13:53:30,STABLE BEAMS,6800,340856.554060597,326305.892644478,44.1,DT
367516:8773,632:632,05/15/23 13:53:53,STABLE BEAMS,6800,340859.471486059,330506.160223972,44.1,DT
367516:8773,633:633,05/15/23 13:54:16,STABLE BEAMS,6800,341133.275123400,330856.679182387,44.1,DT
367516:8773,634:634,05/15/23 13:54:40,STABLE BEAMS,6800,340801.150486029,325782.700848728,44.1,DT
367516:8773,635:635,05/15/23 13:55:03,STABLE BEAMS,6800,340830.356593440,330603.560626602,44.1,DT
367516:8773,636:636,05/15/23 13:55:26,STABLE BEAMS,6800,340672.721507958,324129.372074518,44.0,DT
367516:8773,637:637,05/15/23 13:55:50,STABLE BEAMS,6800,340609.784749925,330417.470912210,44.0,DT
367516:8773,638:638,05/15/23 13:56:13,STABLE BEAMS,6800,340722.582698073,330628.381562826,44.0,DT
367516:8773,639:639,05/15/23 13:56:36,STABLE BEAMS,6800,340345.574592046,326516.287367764,44.0,DT
367516:8773,640:640,05/15/23 13:57:00,STABLE BEAMS,6800,339659.879706409,329592.000153119,43.9,DT
367516:8773,641:641,05/15/23 13:57:23,STABLE BEAMS,6800,340072.654145540,325188.005882478,44.0,DT
367516:8773,642:642,05/15/23 13:57:46,STABLE BEAMS,6800,338769.336669825,328767.108688659,43.8,DT
367516:8773,643:643,05/15/23 13:58:09,STABLE BEAMS,6800,339459.805129532,329469.924775485,43.9,DT
367516:8773,644:644,05/15/23 13:58:33,STABLE BEAMS,6800,339519.573983390,329456.031556415,43.9,DT
367516:8773,645:645,05/15/23 13:58:56,STABLE BEAMS,6800,339152.430105490,329109.824499166,43.8,DT
367516:8773,646:646,05/15/23 13:59:19,STABLE BEAMS,6800,338699.568937433,328592.045765617,43.8,DT
367516:8773,647:647,05/15/23 13:59:43,STABLE BEAMS,6800,338880.074321976,326161.903438272,43.8,DT
367516:8773,648:648,05/15/23 14:00:06,STABLE BEAMS,6800,339033.231195570,329023.418828514,43.8,DT
367516:8773,649:649,05/15/23 14:00:29,STABLE BEAMS,6800,339088.452340555,329027.592469193,43.8,DT
367516:8773,650:650,05/15/23 14:00:53,STABLE BEAMS,6800,338721.308462655,323819.409469561,43.8,DT
367516:8773,651:651,05/15/23 14:01:16,STABLE BEAMS,6800,338263.922751387,328299.869168238,43.7,DT
367516:8773,652:652,05/15/23 14:01:39,STABLE BEAMS,6800,338779.946542674,328742.312003073,43.8,DT
367516:8773,653:653,05/15/23 14:02:03,STABLE BEAMS,6800,338344.233755352,328257.400523101,43.7,DT
367516:8773,654:654,05/15/23 14:02:26,STABLE BEAMS,6800,338055.861812797,327623.732689059,43.7,DT
367516:8773,655:655,05/15/23 14:02:49,STABLE BEAMS,6800,338408.595201551,328440.037409121,43.7,DT
367516:8773,656:656,05/15/23 14:03:13,STABLE BEAMS,6800,338014.619696518,327677.898720081,43.7,DT
367516:8773,657:657,05/15/23 14:03:36,STABLE BEAMS,6800,337423.013591868,327581.192852161,43.6,DT
367516:8773,658:658,05/15/23 14:03:59,STABLE BEAMS,6800,337572.572548700,327795.729909650,43.6,DT
367516:8773,659:659,05/15/23 14:04:22,STABLE BEAMS,6800,337272.142879469,327454.806828293,43.6,DT
367516:8773,660:660,05/15/23 14:04:46,STABLE BEAMS,6800,337021.347087303,326775.351183904,43.6,DT
367516:8773,661:661,05/15/23 14:05:09,STABLE BEAMS,6800,336975.762857394,327160.829909832,43.6,DT
367516:8773,662:662,05/15/23 14:05:32,STABLE BEAMS,6800,337230.291216728,327251.072326655,43.6,DT
367516:8773,663:663,05/15/23 14:05:56,STABLE BEAMS,6800,336722.908217085,327049.933647825,43.5,DT
367516:8773,664:664,05/15/23 14:06:19,STABLE BEAMS,6800,336681.667548659,326921.694804195,43.5,DT
367516:8773,665:665,05/15/23 14:06:42,STABLE BEAMS,6800,336318.437219655,326626.718175687,43.5,DT
367516:8773,666:666,05/15/23 14:07:06,STABLE BEAMS,6800,336488.741026129,322110.345281340,43.5,DT
367516:8773,667:667,05/15/23 14:07:29,STABLE BEAMS,6800,336073.409677138,326472.793895031,43.4,DT
367516:8773,668:668,05/15/23 14:07:52,STABLE BEAMS,6800,335839.378584442,326225.377638018,43.4,DT
367516:8773,669:669,05/15/23 14:08:16,STABLE BEAMS,6800,336270.296079887,326646.250529579,43.5,DT
367516:8773,670:670,05/15/23 14:08:39,STABLE BEAMS,6800,335732.033253809,326087.886689271,43.4,DT
367516:8773,671:671,05/15/23 14:09:02,STABLE BEAMS,6800,336106.891296902,326578.492170176,43.4,DT
367516:8773,672:672,05/15/23 14:09:25,STABLE BEAMS,6800,335154.792754837,319636.557293697,43.3,DT
367516:8773,673:673,05/15/23 14:09:49,STABLE BEAMS,6800,335084.978691123,325506.991521476,43.3,DT
367516:8773,674:674,05/15/23 14:10:12,STABLE BEAMS,6800,335171.306975595,325462.610549185,43.3,DT
367516:8773,675:675,05/15/23 14:10:35,STABLE BEAMS,6800,335260.009740344,325660.443567018,43.3,DT
367516:8773,676:676,05/15/23 14:10:59,STABLE BEAMS,6800,335014.282884428,325551.527977070,43.3,DT
367516:8773,677:677,05/15/23 14:11:22,STABLE BEAMS,6800,335283.221732908,325366.986388940,43.3,DT
367516:8773,678:678,05/15/23 14:11:45,STABLE BEAMS,6800,334846.647472559,325358.248369273,43.3,DT
367516:8773,679:679,05/15/23 14:12:09,STABLE BEAMS,6800,334658.155726302,325241.863536630,43.3,DT
367516:8773,680:680,05/15/23 14:12:32,STABLE BEAMS,6800,334537.645060815,325152.193569674,43.2,DT
367516:8773,681:681,05/15/23 14:12:55,STABLE BEAMS,6800,334020.895894761,324700.221863420,43.2,DT
367516:8773,682:682,05/15/23 14:13:19,STABLE BEAMS,6800,333750.080627720,324476.137934185,43.1,DT
367516:8773,683:683,05/15/23 14:13:42,STABLE BEAMS,6800,333141.890805329,323894.049081431,43.1,DT
367516:8773,684:684,05/15/23 14:14:05,STABLE BEAMS,6800,332704.253820270,323410.286252009,43.0,DT
367516:8773,685:685,05/15/23 14:14:28,STABLE BEAMS,6800,333213.197606339,323940.808080299,43.1,DT
367516:8773,686:686,05/15/23 14:14:52,STABLE BEAMS,6800,333280.024747607,323992.135791201,43.1,DT
367516:8773,687:687,05/15/23 14:15:15,STABLE BEAMS,6800,333237.425992291,323919.100584692,43.1,DT
367516:8773,688:688,05/15/23 14:15:38,STABLE BEAMS,6800,333368.230898493,324107.968651498,43.1,DT
367516:8773,689:689,05/15/23 14:16:02,STABLE BEAMS,6800,333116.553363346,323812.867125963,43.1,DT
367516:8773,690:690,05/15/23 14:16:25,STABLE BEAMS,6800,332764.816098026,319607.487341362,43.0,DT
367516:8773,691:691,05/15/23 14:16:48,STABLE BEAMS,6800,332343.716499386,323168.101344407,43.0,DT
367516:8773,692:692,05/15/23 14:17:12,STABLE BEAMS,6800,332748.866540261,323556.405116669,43.0,DT
367516:8773,693:693,05/15/23 14:17:35,STABLE BEAMS,6800,332794.699801028,323633.939204905,43.0,DT
367516:8773,694:694,05/15/23 14:17:58,STABLE BEAMS,6800,332393.644290777,323222.363438644,43.0,DT
367516:8773,695:695,05/15/23 14:18:22,STABLE BEAMS,6800,332442.532523121,323267.041332594,43.0,DT
367516:8773,696:696,05/15/23 14:18:45,STABLE BEAMS,6800,332378.373776458,323234.409323503,43.0,DT
367516:8773,697:697,05/15/23 14:19:08,STABLE BEAMS,6800,332453.956089821,322898.372358746,43.0,DT
367516:8773,698:698,05/15/23 14:19:32,STABLE BEAMS,6800,332280.915839613,323077.869741833,42.9,DT
367516:8773,699:699,05/15/23 14:19:55,STABLE BEAMS,6800,332179.996084266,318315.151936359,42.9,DT
367516:8773,700:700,05/15/23 14:20:18,STABLE BEAMS,6800,331375.351319567,322278.000178719,42.8,DT
367516:8773,701:701,05/15/23 14:20:41,STABLE BEAMS,6800,331708.560399456,322605.354137884,42.9,DT
367516:8773,702:702,05/15/23 14:21:05,STABLE BEAMS,6800,331062.478794542,322108.742230291,42.8,DT
367516:8773,703:703,05/15/23 14:21:28,STABLE BEAMS,6800,331087.273291340,317528.344058802,42.8,DT
367516:8773,704:704,05/15/23 14:21:51,STABLE BEAMS,6800,329840.647980099,320975.300616753,42.6,DT
367516:8773,705:705,05/15/23 14:22:15,STABLE BEAMS,6800,329951.636110963,320956.115294905,42.6,DT
367516:8773,706:706,05/15/23 14:22:38,STABLE BEAMS,6800,330594.730793430,321589.295614170,42.7,DT
367516:8773,707:707,05/15/23 14:23:01,STABLE BEAMS,6800,329962.448683348,321120.183648717,42.6,DT
367516:8773,708:708,05/15/23 14:23:25,STABLE BEAMS,6800,329324.873219672,316228.651196912,42.6,DT
367516:8773,709:709,05/15/23 14:23:48,STABLE BEAMS,6800,329293.563380649,320428.669043943,42.6,DT
367516:8773,710:710,05/15/23 14:24:11,STABLE BEAMS,6800,330018.033239644,321154.683642906,42.7,DT
367516:8773,711:711,05/15/23 14:24:35,STABLE BEAMS,6800,329518.794417781,320601.598999561,42.6,DT
367516:8773,712:712,05/15/23 14:24:58,STABLE BEAMS,6800,329841.576054403,320995.279573405,42.6,DT
367516:8773,713:713,05/15/23 14:25:21,STABLE BEAMS,6800,328660.421245393,316256.657085137,42.5,DT
367516:8773,714:714,05/15/23 14:25:45,STABLE BEAMS,6800,328187.560872416,319394.677497720,42.4,DT
367516:8773,715:715,05/15/23 14:26:08,STABLE BEAMS,6800,328151.409410194,319484.124354028,42.4,DT
367516:8773,716:716,05/15/23 14:26:31,STABLE BEAMS,6800,327668.505275215,319032.611312218,42.4,DT
367516:8773,717:717,05/15/23 14:26:54,STABLE BEAMS,6800,327078.934853047,318448.890138476,42.3,DT
367516:8773,718:718,05/15/23 14:27:18,STABLE BEAMS,6800,326607.590383027,313408.612087457,42.2,DT
367516:8773,719:719,05/15/23 14:27:41,STABLE BEAMS,6800,326430.952216058,317749.800662626,42.2,DT
367516:8773,720:720,05/15/23 14:28:04,STABLE BEAMS,6800,326669.826379808,317980.689052147,42.2,DT
367516:8773,721:721,05/15/23 14:28:28,STABLE BEAMS,6800,326103.194305831,312820.071078856,42.2,DT
367516:8773,722:722,05/15/23 14:28:51,STABLE BEAMS,6800,325937.415042569,317240.583968447,42.1,DT
367516:8773,723:723,05/15/23 14:29:14,STABLE BEAMS,6800,326235.221200664,317567.035396741,42.2,DT
367516:8773,724:724,05/15/23 14:29:38,STABLE BEAMS,6800,325661.147158013,315290.972734110,42.1,DT
367516:8773,725:725,05/15/23 14:30:01,STABLE BEAMS,6800,325717.409309901,314893.719347284,42.1,DT
367516:8773,726:726,05/15/23 14:30:24,STABLE BEAMS,6800,325687.728306434,317189.919176031,42.1,DT
367516:8773,727:727,05/15/23 14:30:48,STABLE BEAMS,6800,325593.866838498,317080.816142162,42.1,DT
367516:8773,728:728,05/15/23 14:31:11,STABLE BEAMS,6800,325648.161357033,311725.763192028,42.1,DT
367516:8773,729:729,05/15/23 14:31:34,STABLE BEAMS,6800,325249.028596666,316324.116379084,42.0,DT
367516:8773,730:730,05/15/23 14:31:57,STABLE BEAMS,6800,325284.320033714,316744.556289760,42.0,DT
367516:8773,731:731,05/15/23 14:32:21,STABLE BEAMS,6800,325397.049932733,316870.681023035,42.1,DT
367516:8773,732:732,05/15/23 14:32:44,STABLE BEAMS,6800,325274.683118638,316775.984459203,42.0,DT
367516:8773,733:733,05/15/23 14:33:07,STABLE BEAMS,6800,325116.300940581,316575.927404296,42.0,DT
367516:8773,734:734,05/15/23 14:33:31,STABLE BEAMS,6800,324956.924086944,316519.825049009,42.0,DT
367516:8773,735:735,05/15/23 14:33:54,STABLE BEAMS,6800,324753.319642435,316291.646650249,42.0,DT
367516:8773,736:736,05/15/23 14:34:17,STABLE BEAMS,6800,324270.166476597,315861.771439055,41.9,DT
367516:8773,737:737,05/15/23 14:34:41,STABLE BEAMS,6800,324112.848471104,315743.238662211,41.9,DT
367516:8773,738:738,05/15/23 14:35:04,STABLE BEAMS,6800,323437.379777051,315127.719668753,41.8,DT
367516:8773,739:739,05/15/23 14:35:27,STABLE BEAMS,6800,323370.868267918,315025.221029996,41.8,DT
367516:8773,740:740,05/15/23 14:35:51,STABLE BEAMS,6800,323696.137317415,311771.337059738,41.8,DT
367516:8773,741:741,05/15/23 14:36:14,STABLE BEAMS,6800,323357.814417808,314998.369880940,41.8,DT
367516:8773,742:742,05/15/23 14:36:37,STABLE BEAMS,6800,323220.359518976,314899.880746602,41.8,DT
367516:8773,743:743,05/15/23 14:37:01,STABLE BEAMS,6800,323305.782894805,314982.246998608,41.8,DT
367516:8773,744:744,05/15/23 14:37:24,STABLE BEAMS,6800,322867.400265025,314596.857384454,41.7,DT
367516:8773,745:745,05/15/23 14:37:47,STABLE BEAMS,6800,322424.740675038,314100.205868386,41.7,DT
367516:8773,746:746,05/15/23 14:38:10,STABLE BEAMS,6800,322387.707469835,308166.319727720,41.7,DT
367516:8773,747:747,05/15/23 14:38:34,STABLE BEAMS,6800,322047.597918605,313668.975253812,41.6,DT
367516:8773,748:748,05/15/23 14:38:57,STABLE BEAMS,6800,322212.246408028,314133.054074019,41.6,DT
367516:8773,749:749,05/15/23 14:39:20,STABLE BEAMS,6800,321661.563891816,313614.283714596,41.6,DT
367516:8773,750:750,05/15/23 14:39:44,STABLE BEAMS,6800,320818.844915012,312786.005134881,41.5,DT
367516:8773,751:751,05/15/23 14:40:07,STABLE BEAMS,6800,320339.922378059,312439.319993971,41.4,DT
367516:8773,752:752,05/15/23 14:40:30,STABLE BEAMS,6800,319359.431422434,311470.444177565,41.3,DT
367516:8773,753:753,05/15/23 14:40:54,STABLE BEAMS,6800,318527.028404152,310738.560691982,41.2,DT
367516:8773,754:754,05/15/23 14:41:17,STABLE BEAMS,6800,318341.997028544,304667.594039404,41.1,DT
367516:8773,755:755,05/15/23 14:41:40,STABLE BEAMS,6800,318085.228839339,309301.657906034,41.1,DT
367516:8773,756:756,05/15/23 14:42:04,STABLE BEAMS,6800,318549.197941961,310706.326132499,41.2,DT
367516:8773,757:757,05/15/23 14:42:27,STABLE BEAMS,6800,318374.663506603,310121.042542800,41.2,DT
367516:8773,758:758,05/15/23 14:42:50,STABLE BEAMS,6800,318581.752935275,100436.859814107,41.2,DT
367516:8773,759:759,05/15/23 14:43:14,STABLE BEAMS,6800,317902.256311873,56699.241704677,41.1,DT
367516:8773,760:760,05/15/23 14:43:37,STABLE BEAMS,6800,317769.890619245,95600.552039029,41.1,DT
367516:8773,761:761,05/15/23 14:44:00,STABLE BEAMS,6800,317450.208837668,309570.708571373,41.0,DT
367516:8773,762:762,05/15/23 14:44:23,STABLE BEAMS,6800,318384.798483396,310554.012325086,41.2,DT
367516:8773,763:763,05/15/23 14:44:47,STABLE BEAMS,6800,318131.990174409,310328.869302551,41.1,DT
367516:8773,764:764,05/15/23 14:45:10,STABLE BEAMS,6800,318026.477826722,310339.209162702,41.1,DT
367516:8773,765:765,05/15/23 14:45:33,STABLE BEAMS,6800,317601.396630056,309770.243444864,41.1,DT
367516:8773,766:766,05/15/23 14:45:57,STABLE BEAMS,6800,318254.039908516,310482.326442612,41.1,DT
367516:8773,767:767,05/15/23 14:46:20,STABLE BEAMS,6800,317471.564681626,309700.544326245,41.0,DT
367516:8773,768:768,05/15/23 14:46:43,STABLE BEAMS,6800,317757.719959970,309598.261632276,41.1,DT
367516:8773,769:769,05/15/23 14:47:07,STABLE BEAMS,6800,317564.499523113,268502.707834965,41.0,DT
367516:8773,770:770,05/15/23 14:47:30,STABLE BEAMS,6800,317123.628032603,309401.069753408,41.0,DT
367516:8773,771:771,05/15/23 14:47:53,STABLE BEAMS,6800,317164.438688442,309502.584876535,41.0,DT
367516:8773,772:772,05/15/23 14:48:17,STABLE BEAMS,6800,317244.070648961,309578.096700224,41.0,DT
367516:8773,773:773,05/15/23 14:48:40,STABLE BEAMS,6800,316926.856010307,309245.678262698,41.0,DT
367516:8773,774:774,05/15/23 14:49:03,STABLE BEAMS,6800,316312.150845692,308646.029833404,40.9,DT
367516:8773,775:775,05/15/23 14:49:27,STABLE BEAMS,6800,316333.959867897,308692.291376157,40.9,DT
367516:8773,776:776,05/15/23 14:49:50,STABLE BEAMS,6800,316056.762461184,308437.319571785,40.9,DT
367516:8773,777:777,05/15/23 14:50:13,STABLE BEAMS,6800,315971.837147071,308391.789999465,40.8,DT
367516:8773,778:778,05/15/23 14:50:36,STABLE BEAMS,6800,315735.768924040,304630.479751317,40.8,DT
367516:8773,779:779,05/15/23 14:51:00,STABLE BEAMS,6800,315932.406295930,308349.891366977,40.8,DT
367516:8773,780:780,05/15/23 14:51:23,STABLE BEAMS,6800,315831.101411465,308260.252081886,40.8,DT
367516:8773,781:781,05/15/23 14:51:46,STABLE BEAMS,6800,316012.106305579,308409.453744403,40.8,DT
367516:8773,782:782,05/15/23 14:52:10,STABLE BEAMS,6800,315738.687797356,308137.074353113,40.8,DT
367516:8773,783:783,05/15/23 14:52:33,STABLE BEAMS,6800,315371.792950315,307825.942172970,40.8,DT
367516:8773,784:784,05/15/23 14:52:56,STABLE BEAMS,6800,315451.921524697,307916.835731922,40.8,DT
367516:8773,785:785,05/15/23 14:53:20,STABLE BEAMS,6800,315506.939970146,307986.497776355,40.8,DT
367516:8773,786:786,05/15/23 14:53:43,STABLE BEAMS,6800,315262.299004601,307705.352931968,40.7,DT
367516:8773,787:787,05/15/23 14:54:06,STABLE BEAMS,6800,314889.430312667,307361.492390750,40.7,DT
367516:8773,788:788,05/15/23 14:54:30,STABLE BEAMS,6800,314883.344983029,302656.345819060,40.7,DT
367516:8773,789:789,05/15/23 14:54:53,STABLE BEAMS,6800,314631.622564413,307081.694839333,40.7,DT
367516:8773,790:790,05/15/23 14:55:16,STABLE BEAMS,6800,314854.841084725,307396.018971862,40.7,DT
367516:8773,791:791,05/15/23 14:55:39,STABLE BEAMS,6800,314686.391979005,307230.163610783,40.7,DT
367516:8773,792:792,05/15/23 14:56:03,STABLE BEAMS,6800,314801.813438288,307322.458842653,40.7,DT
367516:8773,793:793,05/15/23 14:56:26,STABLE BEAMS,6800,314736.455868656,307294.611291310,40.7,DT
367516:8773,794:794,05/15/23 14:56:49,STABLE BEAMS,6800,313934.548995545,306551.923435901,40.6,DT
367516:8773,795:795,05/15/23 14:57:13,STABLE BEAMS,6800,313714.926944141,306311.452465521,40.5,DT
367516:8773,796:796,05/15/23 14:57:36,STABLE BEAMS,6800,313759.018436754,306359.675587247,40.6,DT
367516:8773,797:797,05/15/23 14:57:59,STABLE BEAMS,6800,313525.236374916,306165.117359181,40.5,DT
367516:8773,798:798,05/15/23 14:58:23,STABLE BEAMS,6800,312747.353740367,305414.483191979,40.4,DT
367516:8773,799:799,05/15/23 14:58:46,STABLE BEAMS,6800,313072.690838994,305653.918675446,40.5,DT
367516:8773,800:800,05/15/23 14:59:09,STABLE BEAMS,6800,313237.905439264,305951.632600164,40.5,DT
367516:8773,801:801,05/15/23 14:59:33,STABLE BEAMS,6800,312663.944329211,305357.204126089,40.4,DT
367516:8773,802:802,05/15/23 14:59:56,STABLE BEAMS,6800,312558.476864992,300876.706467623,40.4,DT
367516:8773,803:803,05/15/23 15:00:19,STABLE BEAMS,6800,312373.445489384,305099.160207446,40.4,DT
367516:8773,804:804,05/15/23 15:00:43,STABLE BEAMS,6800,312449.095851877,305167.694667643,40.4,DT
367516:8773,805:805,05/15/23 15:01:06,STABLE BEAMS,6800,312931.638023400,301238.205720673,40.4,DT
367516:8773,806:806,05/15/23 15:01:29,STABLE BEAMS,6800,312395.389161995,305062.869641695,40.4,DT
367516:8773,807:807,05/15/23 15:01:52,STABLE BEAMS,6800,312362.948549134,305067.984266260,40.4,DT
367516:8773,808:808,05/15/23 15:02:16,STABLE BEAMS,6800,312487.238113112,305245.851224223,40.4,DT
367516:8773,809:809,05/15/23 15:02:39,STABLE BEAMS,6800,312248.182967634,300627.256736769,40.4,DT
367516:8773,810:810,05/15/23 15:03:02,STABLE BEAMS,6800,311893.956841584,304680.068163934,40.3,DT
367516:8773,811:811,05/15/23 15:03:26,STABLE BEAMS,6800,311518.125840719,304278.908789340,40.3,DT
367516:8773,812:812,05/15/23 15:03:49,STABLE BEAMS,6800,311457.384029089,304264.409017551,40.3,DT
367516:8773,813:813,05/15/23 15:04:12,STABLE BEAMS,6800,311351.170920148,304201.547135213,40.2,DT
367516:8773,814:814,05/15/23 15:04:36,STABLE BEAMS,6800,310768.454638001,303630.758987482,40.2,DT
367516:8773,815:815,05/15/23 15:04:59,STABLE BEAMS,6800,310367.263029490,303195.995262481,40.1,DT
367516:8773,816:816,05/15/23 15:05:22,STABLE BEAMS,6800,310888.128443976,303736.494684228,40.2,DT
367516:8773,817:817,05/15/23 15:05:46,STABLE BEAMS,6800,310977.511700024,303754.272932935,40.2,DT
367516:8773,818:818,05/15/23 15:06:09,STABLE BEAMS,6800,311105.080652922,303887.128223427,40.2,DT
367516:8773,819:819,05/15/23 15:06:32,STABLE BEAMS,6800,311287.759266060,304129.869819671,40.2,DT
367516:8773,820:820,05/15/23 15:06:55,STABLE BEAMS,6800,310977.646350430,303806.201918747,40.2,DT
367516:8773,821:821,05/15/23 15:07:19,STABLE BEAMS,6800,310671.674296747,303540.640456535,40.2,DT
367516:8773,822:822,05/15/23 15:07:42,STABLE BEAMS,6800,310592.359416216,303441.664421404,40.1,DT
367516:8773,823:823,05/15/23 15:08:05,STABLE BEAMS,6800,310849.624219284,303695.493664899,40.2,DT
367516:8773,824:824,05/15/23 15:08:29,STABLE BEAMS,6800,310039.709266653,243247.778739609,40.1,DT
367516:8773,825:825,05/15/23 15:08:52,STABLE BEAMS,6800,309387.359902520,302199.939016026,40.0,DT
367516:8773,826:826,05/15/23 15:09:15,STABLE BEAMS,6800,309516.672071426,302378.493065881,40.0,DT
367516:8773,827:827,05/15/23 15:09:39,STABLE BEAMS,6800,309125.004445394,302129.430013731,40.0,DT
367516:8773,828:828,05/15/23 15:10:02,STABLE BEAMS,6800,308410.284434075,301385.997795605,39.9,DT
367516:8773,829:829,05/15/23 15:10:25,STABLE BEAMS,6800,308626.625648705,301623.577651604,39.9,DT
367516:8773,830:830,05/15/23 15:10:49,STABLE BEAMS,6800,308775.370911685,301783.198521410,39.9,DT
367516:8773,831:831,05/15/23 15:11:12,STABLE BEAMS,6800,308738.359424290,301735.424278918,39.9,DT
367516:8773,832:832,05/15/23 15:11:35,STABLE BEAMS,6800,308379.789736757,301347.502346571,39.9,DT
367516:8773,833:833,05/15/23 15:11:59,STABLE BEAMS,6800,308827.990263342,301779.840199313,39.9,DT
367516:8773,834:834,05/15/23 15:12:22,STABLE BEAMS,6800,308984.992636702,301965.152948657,39.9,DT
367516:8773,835:835,05/15/23 15:12:45,STABLE BEAMS,6800,309220.903043666,302149.061158853,40.0,DT
367516:8773,836:836,05/15/23 15:13:09,STABLE BEAMS,6800,309025.804740395,302010.711585570,39.9,DT
367516:8773,837:837,05/15/23 15:13:32,STABLE BEAMS,6800,309034.129899903,302024.126184923,39.9,DT
367516:8773,838:838,05/15/23 15:13:55,STABLE BEAMS,6800,308658.049868180,237339.319003273,39.9,DT
367516:8773,839:839,05/15/23 15:14:18,STABLE BEAMS,6800,307920.051263020,300944.746224512,39.8,DT
367516:8773,840:840,05/15/23 15:14:42,STABLE BEAMS,6800,307665.137774568,254162.681347364,39.8,DT
367516:8773,841:841,05/15/23 15:15:05,STABLE BEAMS,6800,307249.128829986,158993.168692675,39.7,DT
367516:8773,842:842,05/15/23 15:15:28,STABLE BEAMS,6800,306333.927394864,299448.281391830,39.6,DT
367516:8773,843:843,05/15/23 15:15:52,STABLE BEAMS,6800,306046.663060487,299192.908838165,39.6,DT
367516:8773,844:844,05/15/23 15:16:15,STABLE BEAMS,6800,306030.623735785,299179.108070375,39.6,DT
367516:8773,845:845,05/15/23 15:16:38,STABLE BEAMS,6800,305650.336240838,298781.190930006,39.5,DT
367516:8773,846:846,05/15/23 15:17:02,STABLE BEAMS,6800,306011.258690841,299123.743365674,39.6,DT
367516:8773,847:847,05/15/23 15:17:25,STABLE BEAMS,6800,305826.657327819,298950.316659471,39.5,DT
367516:8773,848:848,05/15/23 15:17:48,STABLE BEAMS,6800,305650.268191708,298781.764900340,39.5,DT
367516:8773,849:849,05/15/23 15:18:11,STABLE BEAMS,6800,305724.855829492,298934.190840252,39.5,DT
367516:8773,850:850,05/15/23 15:18:35,STABLE BEAMS,6800,305412.074519258,298628.837038549,39.5,DT
367516:8773,851:851,05/15/23 15:18:58,STABLE BEAMS,6800,305488.968588189,298680.315748815,39.5,DT
367516:8773,852:852,05/15/23 15:19:21,STABLE BEAMS,6800,304957.538184323,298206.182144190,39.4,DT
367516:8773,853:853,05/15/23 15:19:45,STABLE BEAMS,6800,305258.895927857,298106.417565195,39.5,DT
367516:8773,854:854,05/15/23 15:20:08,STABLE BEAMS,6800,304498.048741444,297717.000395882,39.4,DT
367516:8773,855:855,05/15/23 15:20:31,STABLE BEAMS,6800,304238.791691509,297459.348337326,39.3,DT
367516:8773,856:856,05/15/23 15:20:55,STABLE BEAMS,6800,303553.279235454,296883.182338029,39.2,DT
367516:8773,857:857,05/15/23 15:21:18,STABLE BEAMS,6800,303509.051644582,296853.613773544,39.2,DT
367516:8773,858:858,05/15/23 15:21:41,STABLE BEAMS,6800,303557.056686090,296875.905413608,39.2,DT
367516:8773,859:859,05/15/23 15:22:05,STABLE BEAMS,6800,303372.591421329,296726.292796265,39.2,DT
367516:8773,860:860,05/15/23 15:22:28,STABLE BEAMS,6800,302972.417654059,296321.326884590,39.2,DT
367516:8773,861:861,05/15/23 15:22:51,STABLE BEAMS,6800,303588.185543384,296934.839554488,39.2,DT
367516:8773,862:862,05/15/23 15:23:15,STABLE BEAMS,6800,303517.376804091,296816.194654575,39.2,DT
367516:8773,863:863,05/15/23 15:23:38,STABLE BEAMS,6800,303626.621718946,296925.586732008,39.2,DT
367516:8773,864:864,05/15/23 15:24:01,STABLE BEAMS,6800,303448.806446815,296825.777738075,39.2,DT
367516:8773,865:865,05/15/23 15:24:25,STABLE BEAMS,6800,303271.422635124,296667.221430703,39.2,DT
367516:8773,866:866,05/15/23 15:24:48,STABLE BEAMS,6800,302254.780217277,295687.430124327,39.1,DT
367516:8773,867:867,05/15/23 15:25:11,STABLE BEAMS,6800,301998.216175462,295429.293912969,39.0,DT
367516:8773,868:868,05/15/23 15:25:34,STABLE BEAMS,6800,302303.735050897,295742.344606072,39.1,DT
367516:8773,869:869,05/15/23 15:25:58,STABLE BEAMS,6800,302088.526057960,295588.423894807,39.0,DT
367516:8773,870:870,05/15/23 15:26:21,STABLE BEAMS,6800,301410.455570579,294913.228430989,39.0,DT
367516:8773,871:871,05/15/23 15:26:44,STABLE BEAMS,6800,300846.991400777,290176.637465148,38.9,DT
367516:8773,872:872,05/15/23 15:27:08,STABLE BEAMS,6800,300619.836165908,294140.457430825,38.9,DT
367516:8773,873:873,05/15/23 15:27:31,STABLE BEAMS,6800,300432.202996972,294015.334693965,38.8,DT
367516:8773,874:874,05/15/23 15:27:54,STABLE BEAMS,6800,299864.441597009,293480.734101660,38.8,DT
367516:8773,875:875,05/15/23 15:28:18,STABLE BEAMS,6800,299718.049096499,293279.319451266,38.7,DT
367516:8773,876:876,05/15/23 15:28:41,STABLE BEAMS,6800,301259.516809050,294674.660008841,38.9,DT
367516:8773,877:877,05/15/23 15:29:04,STABLE BEAMS,6800,300786.248141293,294329.001872211,38.9,DT
367516:8773,878:878,05/15/23 15:29:28,STABLE BEAMS,6800,299947.738075566,293546.785886787,38.8,DT
367516:8773,879:879,05/15/23 15:29:51,STABLE BEAMS,6800,299369.184373173,292965.405841896,38.7,DT
367516:8773,880:880,05/15/23 15:30:14,STABLE BEAMS,6800,299634.390654485,293254.731737676,38.7,DT
367516:8773,881:881,05/15/23 15:30:38,STABLE BEAMS,6800,299710.041016978,293157.322263206,38.7,DT
367516:8773,882:882,05/15/23 15:31:01,STABLE BEAMS,6800,300301.534189029,290514.699922511,38.8,DT
367516:8773,883:883,05/15/23 15:31:24,STABLE BEAMS,6800,299404.271662831,293000.817264279,38.7,DT
367516:8773,884:884,05/15/23 15:31:47,STABLE BEAMS,6800,299422.529099597,293014.338464735,38.7,DT
367516:8773,885:885,05/15/23 15:32:11,STABLE BEAMS,6800,299377.690514410,293004.607933866,38.7,DT
367516:8773,886:886,05/15/23 15:32:34,STABLE BEAMS,6800,299527.385569501,293082.892453665,38.7,DT
367516:8773,887:887,05/15/23 15:32:57,STABLE BEAMS,6800,299486.935429265,289722.120444040,38.7,DT
367516:8773,888:888,05/15/23 15:33:21,STABLE BEAMS,6800,299454.337000336,293058.265494310,38.7,DT
367516:8773,889:889,05/15/23 15:33:44,STABLE BEAMS,6800,300193.149299347,293758.283819138,38.8,DT
367516:8773,890:890,05/15/23 15:34:07,STABLE BEAMS,6800,299687.554399182,293245.593601714,38.7,DT
367516:8773,891:891,05/15/23 15:34:31,STABLE BEAMS,6800,299697.621326845,292822.693956327,38.7,DT
367516:8773,892:892,05/15/23 15:34:54,STABLE BEAMS,6800,299698.730382877,293311.312061189,38.7,DT
367516:8773,893:893,05/15/23 15:35:17,STABLE BEAMS,6800,299776.257163931,293334.942003209,38.7,DT
367516:8773,894:894,05/15/23 15:35:40,STABLE BEAMS,6800,299037.761944908,292677.362029470,38.7,DT
367516:8773,895:895,05/15/23 15:36:04,STABLE BEAMS,6800,298896.392049325,292115.429464187,38.6,DT
367516:8773,896:896,05/15/23 15:36:27,STABLE BEAMS,6800,298619.558053923,288822.412475630,38.6,DT
367516:8773,897:897,05/15/23 15:36:50,STABLE BEAMS,6800,297640.627884725,287796.852351861,38.5,DT
367516:8773,898:898,05/15/23 15:37:14,STABLE BEAMS,6800,298111.497458689,215074.352657587,38.5,DT
367516:8773,899:899,05/15/23 15:37:37,STABLE BEAMS,6800,298348.198393843,218408.493315141,38.6,DT
367516:8773,900:900,05/15/23 15:38:00,STABLE BEAMS,6800,298239.813504162,288346.940107542,38.5,DT
367516:8773,901:901,05/15/23 15:38:24,STABLE BEAMS,6800,298059.442770025,288144.240505844,38.5,DT
367516:8773,902:902,05/15/23 15:38:47,STABLE BEAMS,6800,298171.922190331,288138.291590180,38.5,DT
367516:8773,903:903,05/15/23 15:39:10,STABLE BEAMS,6800,298593.157887231,284412.503640885,38.6,DT
367516:8773,904:904,05/15/23 15:39:34,STABLE BEAMS,6800,298630.054994174,288465.828121585,38.6,DT
367516:8773,905:905,05/15/23 15:39:57,STABLE BEAMS,6800,299128.614772591,289025.939761032,38.7,DT
367516:8773,906:906,05/15/23 15:40:20,STABLE BEAMS,6800,298975.774978986,289001.081985762,38.6,DT
367516:8773,907:907,05/15/23 15:40:44,STABLE BEAMS,6800,298585.148359856,288399.703064152,38.6,DT
367516:8773,908:908,05/15/23 15:41:07,STABLE BEAMS,6800,299029.006772812,288925.286797266,38.7,DT
367516:8773,909:909,05/15/23 15:41:30,STABLE BEAMS,6800,298807.078290261,288864.341545542,38.6,DT
367516:8773,910:910,05/15/23 15:41:53,STABLE BEAMS,6800,297851.200849706,288101.145710175,38.5,DT
367516:8773,911:911,05/15/23 15:42:17,STABLE BEAMS,6800,297774.350216390,288020.202666257,38.5,DT
367516:8773,912:912,05/15/23 15:42:40,STABLE BEAMS,6800,297538.532472070,287718.682472081,38.5,DT
367516:8773,913:913,05/15/23 15:43:03,STABLE BEAMS,6800,297953.681391479,288139.396730114,38.5,DT
367516:8773,914:914,05/15/23 15:43:27,STABLE BEAMS,6800,298212.666244894,288474.365882067,38.5,DT
367516:8773,915:915,05/15/23 15:43:50,STABLE BEAMS,6800,297531.881031586,287776.630412399,38.5,DT
367516:8773,916:916,05/15/23 15:44:13,STABLE BEAMS,6800,297434.421646888,287731.794550746,38.4,DT
367516:8773,917:917,05/15/23 15:44:37,STABLE BEAMS,6800,297341.079958475,287646.971935678,38.4,DT
367516:8773,918:918,05/15/23 15:45:00,STABLE BEAMS,6800,297428.268268120,287769.880737249,38.4,DT
367516:8773,919:919,05/15/23 15:45:23,STABLE BEAMS,6800,297362.322869834,287826.951237531,38.4,DT
367516:8773,920:920,05/15/23 15:45:47,STABLE BEAMS,6800,296354.571722343,286764.792083266,38.3,DT
367516:8773,921:921,05/15/23 15:46:10,STABLE BEAMS,6800,297016.670934151,287085.483115028,38.4,DT
367516:8773,922:922,05/15/23 15:46:33,STABLE BEAMS,6800,297285.858813490,287727.107234787,38.4,DT
367516:8773,923:923,05/15/23 15:46:57,STABLE BEAMS,6800,296970.022531679,287457.565633676,38.4,DT
367516:8773,924:924,05/15/23 15:47:20,STABLE BEAMS,6800,296710.722046129,287156.478382390,38.4,DT
367516:8773,925:925,05/15/23 15:47:43,STABLE BEAMS,6800,296474.245528318,283637.502963543,38.3,DT
367516:8773,926:926,05/15/23 15:48:06,STABLE BEAMS,6800,296775.490339254,287345.396752850,38.4,DT
367516:8773,927:927,05/15/23 15:48:30,STABLE BEAMS,6800,296026.496732127,286610.723011693,38.3,DT
367516:8773,928:928,05/15/23 15:48:53,STABLE BEAMS,6800,295802.147437976,282074.284390544,38.2,DT
367516:8773,929:929,05/15/23 15:49:16,STABLE BEAMS,6800,295486.017241839,286103.269253500,38.2,DT
367516:8773,930:930,05/15/23 15:49:40,STABLE BEAMS,6800,295609.742142824,286225.430881728,38.2,DT
367516:8773,931:931,05/15/23 15:50:03,STABLE BEAMS,6800,295445.704647717,286103.901999691,38.2,DT
367516:8773,932:932,05/15/23 15:50:26,STABLE BEAMS,6800,295085.776873294,281715.665149018,38.1,DT
367516:8773,933:933,05/15/23 15:50:50,STABLE BEAMS,6800,294404.900445195,285153.937377658,38.1,DT
367516:8773,934:934,05/15/23 15:51:13,STABLE BEAMS,6800,294401.191043689,285251.624226799,38.1,DT
367516:8773,935:935,05/15/23 15:51:36,STABLE BEAMS,6800,294200.437423366,281678.751691082,38.0,DT
367516:8773,936:936,05/15/23 15:52:00,STABLE BEAMS,6800,293662.174597288,284534.257131593,38.0,DT
367516:8773,937:937,05/15/23 15:52:23,STABLE BEAMS,6800,293823.293219079,284802.069820023,38.0,DT
367516:8773,938:938,05/15/23 15:52:46,STABLE BEAMS,6800,293477.415418199,284470.656548616,37.9,DT
367516:8773,939:939,05/15/23 15:53:09,STABLE BEAMS,6800,293418.347325594,284341.280597777,37.9,DT
367516:8773,940:940,05/15/23 15:53:33,STABLE BEAMS,6800,293098.212365769,284005.971539672,37.9,DT
367516:8773,941:941,05/15/23 15:53:56,STABLE BEAMS,6800,293055.297978319,283965.503598095,37.9,DT
367516:8773,942:942,05/15/23 15:54:19,STABLE BEAMS,6800,294057.574790488,285050.464771086,38.0,DT
367516:8773,943:943,05/15/23 15:54:43,STABLE BEAMS,6800,293037.154922005,284127.096639680,37.9,DT
367516:8773,944:944,05/15/23 15:55:06,STABLE BEAMS,6800,292183.328010636,283173.367232925,37.8,DT
367516:8773,945:945,05/15/23 15:55:29,STABLE BEAMS,6800,292511.401552997,265854.498742767,37.8,DT
367516:8773,946:946,05/15/23 15:55:53,STABLE BEAMS,6800,292030.285517495,146355.811272378,37.7,DT
367516:8773,947:947,05/15/23 15:56:16,STABLE BEAMS,6800,291968.117569844,283038.250300016,37.7,DT
367516:8773,948:948,05/15/23 15:56:39,STABLE BEAMS,6800,292310.285969218,283437.024573925,37.8,DT
367516:8773,949:949,05/15/23 15:57:03,STABLE BEAMS,6800,291842.516250299,278967.501098746,37.7,DT
367516:8773,950:950,05/15/23 15:57:26,STABLE BEAMS,6800,292003.951952078,283059.431992646,37.7,DT
367516:8773,951:951,05/15/23 15:57:49,STABLE BEAMS,6800,292546.558339639,283628.789693828,37.8,DT
367516:8773,952:952,05/15/23 15:58:13,STABLE BEAMS,6800,292131.837984964,283199.696528371,37.8,DT
367516:8773,953:953,05/15/23 15:58:36,STABLE BEAMS,6800,291585.499030235,282748.512747060,37.7,DT
367516:8773,954:954,05/15/23 15:58:59,STABLE BEAMS,6800,291107.934580172,282263.678776622,37.6,DT
367516:8773,955:955,05/15/23 15:59:22,STABLE BEAMS,6800,290527.209097037,281750.566769310,37.6,DT
367516:8773,956:956,05/15/23 15:59:46,STABLE BEAMS,6800,290289.805952776,281670.366455105,37.5,DT
367516:8773,957:957,05/15/23 16:00:09,STABLE BEAMS,6800,289309.949157128,280601.157326819,37.4,DT
367516:8773,958:958,05/15/23 16:00:32,STABLE BEAMS,6800,289768.646623964,280902.049303173,37.5,DT
367516:8773,959:959,05/15/23 16:00:56,STABLE BEAMS,6800,289974.716763541,281308.444921971,37.5,DT
367516:8773,960:960,05/15/23 16:01:19,STABLE BEAMS,6800,289044.493844957,276342.516605424,37.4,DT
367516:8773,961:961,05/15/23 16:01:42,STABLE BEAMS,6800,288648.776571770,279999.704630573,37.3,DT
367516:8773,962:962,05/15/23 16:02:06,STABLE BEAMS,6800,288529.962790967,279803.359957239,37.3,DT
367516:8773,963:963,05/15/23 16:02:29,STABLE BEAMS,6800,288815.053896749,276320.584174109,37.3,DT
367516:8773,964:964,05/15/23 16:02:52,STABLE BEAMS,6800,288158.724382443,279675.734987654,37.2,DT
367516:8773,965:965,05/15/23 16:03:16,STABLE BEAMS,6800,288653.324280642,280173.436619215,37.3,DT
367516:8773,966:966,05/15/23 16:03:39,STABLE BEAMS,6800,288492.205658851,280073.363222013,37.3,DT
367516:8773,967:967,05/15/23 16:04:02,STABLE BEAMS,6800,287995.070568600,279532.795002475,37.2,DT
367516:8773,968:968,05/15/23 16:04:26,STABLE BEAMS,6800,288235.618451374,279380.650561544,37.3,DT
367516:8773,969:969,05/15/23 16:04:49,STABLE BEAMS,6800,287812.029992005,279440.570789572,37.2,DT
367516:8773,970:970,05/15/23 16:05:12,STABLE BEAMS,6800,287152.170610068,278838.994868001,37.1,DT
367516:8773,971:971,05/15/23 16:05:35,STABLE BEAMS,6800,287231.531821921,278871.341846327,37.1,DT
367516:8773,972:972,05/15/23 16:05:59,STABLE BEAMS,6800,287601.911653125,279237.574413925,37.2,DT
367516:8773,973:973,05/15/23 16:06:22,STABLE BEAMS,6800,287124.526736937,278867.202629611,37.1,DT
367516:8773,974:974,05/15/23 16:06:45,STABLE BEAMS,6800,287203.592586609,278910.756060602,37.1,DT
367516:8773,975:975,05/15/23 16:07:09,STABLE BEAMS,6800,286760.051253641,278520.610976117,37.1,DT
367516:8773,976:976,05/15/23 16:07:32,STABLE BEAMS,6800,286828.757709177,278615.190010334,37.1,DT
367516:8773,977:977,05/15/23 16:07:55,STABLE BEAMS,6800,286983.903933929,278701.219984620,37.1,DT
367516:8773,978:978,05/15/23 16:08:19,STABLE BEAMS,6800,287065.526693461,278723.216785060,37.1,DT
367516:8773,979:979,05/15/23 16:08:42,STABLE BEAMS,6800,287082.788006794,277809.173605438,37.1,DT
367516:8773,980:980,05/15/23 16:09:05,STABLE BEAMS,6800,286798.125465746,278526.373431504,37.1,DT
367516:8773,981:981,05/15/23 16:09:29,STABLE BEAMS,6800,286860.858076389,278595.806854540,37.1,DT
367516:8773,982:982,05/15/23 16:09:52,STABLE BEAMS,6800,286848.189355398,278572.871719695,37.1,DT
367516:8773,983:983,05/15/23 16:10:15,STABLE BEAMS,6800,286917.618289993,278501.054676861,37.1,DT
367516:8773,984:984,05/15/23 16:10:38,STABLE BEAMS,6800,286508.577865884,273648.978084685,37.0,DT
367516:8773,985:985,05/15/23 16:11:02,STABLE BEAMS,6800,286388.812845117,278164.145212955,37.0,DT
367516:8773,986:986,05/15/23 16:11:25,STABLE BEAMS,6800,286577.193106628,278348.805987875,37.0,DT
367516:8773,987:987,05/15/23 16:11:48,STABLE BEAMS,6800,286288.074071499,278100.693786549,37.0,DT
367516:8773,988:988,05/15/23 16:12:12,STABLE BEAMS,6800,285689.386513779,277636.169875955,36.9,DT
367516:8773,989:989,05/15/23 16:12:35,STABLE BEAMS,6800,285219.264032390,277168.702991452,36.9,DT
367516:8773,990:990,05/15/23 16:12:58,STABLE BEAMS,6800,285634.730031786,277489.229536475,36.9,DT
367516:8773,991:991,05/15/23 16:13:22,STABLE BEAMS,6800,286021.238954630,277942.091118867,37.0,DT
367516:8773,992:992,05/15/23 16:13:45,STABLE BEAMS,6800,285405.856194424,277398.619688234,36.9,DT
367516:8773,993:993,05/15/23 16:14:08,STABLE BEAMS,6800,284624.196109238,276580.363222414,36.8,DT
367516:8773,994:994,05/15/23 16:14:32,STABLE BEAMS,6800,285503.789027324,277437.258446087,36.9,DT
367516:8773,995:995,05/15/23 16:14:55,STABLE BEAMS,6800,285200.397049162,277159.655468674,36.9,DT
367516:8773,996:996,05/15/23 16:15:18,STABLE BEAMS,6800,285286.589235374,273273.286874613,36.9,DT
367516:8773,997:997,05/15/23 16:15:42,STABLE BEAMS,6800,284791.332011537,276799.586885402,36.8,DT
367516:8773,998:998,05/15/23 16:16:05,STABLE BEAMS,6800,284598.224507279,276629.757054790,36.8,DT
367516:8773,999:999,05/15/23 16:16:28,STABLE BEAMS,6800,284661.025167052,276604.736822915,36.8,DT
367516:8773,1000:1000,05/15/23 16:16:51,STABLE BEAMS,6800,284854.675616496,276849.837760694,36.8,DT
367516:8773,1001:1001,05/15/23 16:17:15,STABLE BEAMS,6800,284680.345328527,276648.612115133,36.8,DT
367516:8773,1002:1002,05/15/23 16:17:38,STABLE BEAMS,6800,284691.883275680,273571.361128236,36.8,DT
367516:8773,1003:1003,05/15/23 16:18:01,STABLE BEAMS,6800,284487.350756867,276510.204819008,36.8,DT
367516:8773,1004:1004,05/15/23 16:18:25,STABLE BEAMS,6800,284393.625387190,276417.606831714,36.8,DT
367516:8773,1005:1005,05/15/23 16:18:48,STABLE BEAMS,6800,284517.552987711,276059.313685082,36.8,DT
367516:8773,1006:1006,05/15/23 16:19:11,STABLE BEAMS,6800,284167.172361428,276279.609204057,36.7,DT
367516:8773,1007:1007,05/15/23 16:19:35,STABLE BEAMS,6800,283970.647922136,276029.031128826,36.7,DT
367516:8773,1008:1008,05/15/23 16:19:58,STABLE BEAMS,6800,284223.208648118,276299.943357544,36.7,DT
367516:8773,1009:1009,05/15/23 16:20:21,STABLE BEAMS,6800,283264.027205128,275231.754237382,36.6,DT
367516:8773,1010:1010,05/15/23 16:20:45,STABLE BEAMS,6800,282938.622057371,275076.150186265,36.6,DT
367516:8773,1011:1011,05/15/23 16:21:08,STABLE BEAMS,6800,283451.162312348,275434.192706959,36.6,DT
367516:8773,1012:1012,05/15/23 16:21:31,STABLE BEAMS,6800,283387.073062668,275575.108109455,36.6,DT
367516:8773,1013:1013,05/15/23 16:21:55,STABLE BEAMS,6800,283053.953749718,274855.718805353,36.6,DT
367516:8773,1014:1014,05/15/23 16:22:18,STABLE BEAMS,6800,283114.220665292,275230.576410323,36.6,DT
367516:8773,1015:1015,05/15/23 16:22:41,STABLE BEAMS,6800,283404.762940734,275537.799617110,36.6,DT
367516:8773,1016:1016,05/15/23 16:23:04,STABLE BEAMS,6800,283263.077413017,272306.064217237,36.6,DT
367516:8773,1017:1017,05/15/23 16:23:28,STABLE BEAMS,6800,282750.854238029,274970.595380704,36.5,DT
367516:8773,1018:1018,05/15/23 16:23:51,STABLE BEAMS,6800,282599.010567857,274831.070377913,36.5,DT
367516:8773,1019:1019,05/15/23 16:24:14,STABLE BEAMS,6800,282740.244365180,274956.735763234,36.5,DT
367516:8773,1020:1020,05/15/23 16:24:38,STABLE BEAMS,6800,282985.700472430,275180.283724513,36.6,DT
367516:8773,1021:1021,05/15/23 16:25:01,STABLE BEAMS,6800,282812.411191364,275000.369394654,36.6,DT
367516:8773,1022:1022,05/15/23 16:25:24,STABLE BEAMS,6800,282582.405132308,271637.803518317,36.5,DT
367516:8773,1023:1023,05/15/23 16:25:48,STABLE BEAMS,6800,282334.098200872,274578.180658986,36.5,DT
367516:8773,1024:1024,05/15/23 16:26:11,STABLE BEAMS,6800,282273.424438372,274585.059595783,36.5,DT
367516:8773,1025:1025,05/15/23 16:26:34,STABLE BEAMS,6800,282128.502957350,274519.730806778,36.5,DT
367516:8773,1026:1026,05/15/23 16:26:58,STABLE BEAMS,6800,281473.983260329,273798.932629569,36.4,DT
367516:8773,1027:1027,05/15/23 16:27:21,STABLE BEAMS,6800,281654.737675730,274044.452913954,36.4,DT
367516:8773,1028:1028,05/15/23 16:27:44,STABLE BEAMS,6800,282112.553399585,274508.047364403,36.5,DT
367516:8773,1029:1029,05/15/23 16:28:07,STABLE BEAMS,6800,281272.504265239,269818.170802559,36.4,DT
367516:8773,1030:1030,05/15/23 16:28:31,STABLE BEAMS,6800,280844.301495721,273260.408714508,36.3,DT
367516:8773,1031:1031,05/15/23 16:28:54,STABLE BEAMS,6800,281483.620175406,273857.898077155,36.4,DT
367516:8773,1032:1032,05/15/23 16:29:17,STABLE BEAMS,6800,281693.671913009,273810.957468324,36.4,DT
367516:8773,1033:1033,05/15/23 16:29:41,STABLE BEAMS,6800,281274.993125969,273694.739508271,36.4,DT
367516:8773,1034:1034,05/15/23 16:30:04,STABLE BEAMS,6800,281161.449533099,273584.549657455,36.3,DT
367516:8773,1035:1035,05/15/23 16:30:27,STABLE BEAMS,6800,281264.247154860,273700.524937816,36.4,DT
367516:8773,1036:1036,05/15/23 16:30:51,STABLE BEAMS,6800,281168.824900497,273607.920665682,36.3,DT
367516:8773,1037:1037,05/15/23 16:31:14,STABLE BEAMS,6800,281038.969786406,273489.955095440,36.3,DT
367516:8773,1038:1038,05/15/23 16:31:37,STABLE BEAMS,6800,280992.254782658,273465.821967128,36.3,DT
367516:8773,1039:1039,05/15/23 16:32:01,STABLE BEAMS,6800,280870.341146811,273280.107086372,36.3,DT
367516:8773,1040:1040,05/15/23 16:32:24,STABLE BEAMS,6800,280989.448841940,273477.235602861,36.3,DT
367516:8773,1041:1041,05/15/23 16:32:47,STABLE BEAMS,6800,280810.457912500,273254.747223946,36.3,DT
367516:8773,1042:1042,05/15/23 16:33:10,STABLE BEAMS,6800,280838.533246072,273387.125465371,36.3,DT
367516:8773,1043:1043,05/15/23 16:33:34,STABLE BEAMS,6800,280243.872169846,272783.117712098,36.2,DT
367516:8773,1044:1044,05/15/23 16:33:57,STABLE BEAMS,6800,280057.303173473,272636.862439907,36.2,DT
367516:8773,1045:1045,05/15/23 16:34:20,STABLE BEAMS,6800,279323.015417674,269576.792408169,36.1,DT
367516:8773,1046:1046,05/15/23 16:34:44,STABLE BEAMS,6800,279510.466157028,270205.631805696,36.1,DT
367516:8773,1047:1047,05/15/23 16:35:07,STABLE BEAMS,6800,279556.616497783,272182.943260482,36.1,DT
367516:8773,1048:1048,05/15/23 16:35:30,STABLE BEAMS,6800,279625.502487193,272295.634506341,36.1,DT
367516:8773,1049:1049,05/15/23 16:35:54,STABLE BEAMS,6800,279252.409377916,271905.928000362,36.1,DT
367516:8773,1050:1050,05/15/23 16:36:17,STABLE BEAMS,6800,279516.619535795,272109.517193783,36.1,DT
367516:8773,1051:1051,05/15/23 16:36:40,STABLE BEAMS,6800,279504.131796532,272087.895024153,36.1,DT
367516:8773,1052:1052,05/15/23 16:37:04,STABLE BEAMS,6800,279767.370444493,272317.988920764,36.2,DT
367516:8773,1053:1053,05/15/23 16:37:27,STABLE BEAMS,6800,279778.727409916,272363.367605223,36.2,DT
367516:8773,1054:1054,05/15/23 16:37:50,STABLE BEAMS,6800,279727.803495091,272318.471256926,36.2,DT
367516:8773,1055:1055,05/15/23 16:38:14,STABLE BEAMS,6800,279438.549809556,271663.719776831,36.1,DT
367516:8773,1056:1056,05/15/23 16:38:37,STABLE BEAMS,6800,279554.625698770,272178.007251247,36.1,DT
367516:8773,1057:1057,05/15/23 16:39:00,STABLE BEAMS,6800,279365.997854254,272053.781292784,36.1,DT
367516:8773,1058:1058,05/15/23 16:39:24,STABLE BEAMS,6800,278538.368410042,267173.633163520,36.0,DT
367516:8773,1059:1059,05/15/23 16:39:47,STABLE BEAMS,6800,278524.658682148,271191.201484891,36.0,DT
367516:8773,1060:1060,05/15/23 16:40:10,STABLE BEAMS,6800,278299.630344552,271006.205493647,36.0,DT
367516:8773,1061:1061,05/15/23 16:40:33,STABLE BEAMS,6800,278227.011787974,270995.546082365,36.0,DT
367516:8773,1062:1062,05/15/23 16:40:57,STABLE BEAMS,6800,277763.427814470,270548.561552764,35.9,DT
367516:8773,1063:1063,05/15/23 16:41:20,STABLE BEAMS,6800,277755.713649277,270528.664217870,35.9,DT
367516:8773,1064:1064,05/15/23 16:41:43,STABLE BEAMS,6800,278231.310465988,271046.018118580,36.0,DT
367516:8773,1065:1065,05/15/23 16:42:07,STABLE BEAMS,6800,278128.512844227,270908.129773683,36.0,DT
367516:8773,1066:1066,05/15/23 16:42:30,STABLE BEAMS,6800,278071.548483233,270802.628541118,35.9,DT
367516:8773,1067:1067,05/15/23 16:42:53,STABLE BEAMS,6800,277922.985649835,270674.647211530,35.9,DT
367516:8773,1068:1068,05/15/23 16:43:17,STABLE BEAMS,6800,278031.121508659,270772.048717463,35.9,DT
367516:8773,1069:1069,05/15/23 16:43:40,STABLE BEAMS,6800,277631.990196145,270395.762823501,35.9,DT
367516:8773,1070:1070,05/15/23 16:44:03,STABLE BEAMS,6800,277665.357435456,270482.899142724,35.9,DT
367516:8773,1071:1071,05/15/23 16:44:27,STABLE BEAMS,6800,277253.240321963,270075.295384631,35.8,DT
367516:8773,1072:1072,05/15/23 16:44:50,STABLE BEAMS,6800,277185.847069849,269543.628841571,35.8,DT
367516:8773,1073:1073,05/15/23 16:45:13,STABLE BEAMS,6800,276450.088294560,269354.781506797,35.7,DT
367516:8773,1074:1074,05/15/23 16:45:36,STABLE BEAMS,6800,276422.125893588,269328.980507741,35.7,DT
367516:8773,1075:1075,05/15/23 16:46:00,STABLE BEAMS,6800,275769.279915592,268737.294902421,35.6,DT
367516:8773,1076:1076,05/15/23 16:46:23,STABLE BEAMS,6800,275438.174567315,268452.746092001,35.6,DT
367516:8773,1077:1077,05/15/23 16:46:46,STABLE BEAMS,6800,274845.255259244,267916.380621158,35.5,DT
367516:8773,1078:1078,05/15/23 16:47:10,STABLE BEAMS,6800,274238.378640275,267274.548522712,35.4,DT
367516:8773,1079:1079,05/15/23 16:47:33,STABLE BEAMS,6800,274292.537060551,267400.140905386,35.5,DT
367516:8773,1080:1080,05/15/23 16:47:56,STABLE BEAMS,6800,274107.392752344,267255.746827965,35.4,DT
367516:8773,1081:1081,05/15/23 16:48:20,STABLE BEAMS,6800,273352.858208619,266486.687711463,35.3,DT
367516:8773,1082:1082,05/15/23 16:48:43,STABLE BEAMS,6800,274048.437592337,267100.481552398,35.4,DT
367516:8773,1083:1083,05/15/23 16:49:06,STABLE BEAMS,6800,274242.473170899,267329.477178136,35.4,DT
367516:8773,1084:1084,05/15/23 16:49:30,STABLE BEAMS,6800,274325.701600326,267401.894018884,35.5,DT
367516:8773,1085:1085,05/15/23 16:49:53,STABLE BEAMS,6800,274306.766567969,267433.909202688,35.5,DT
367516:8773,1086:1086,05/15/23 16:50:16,STABLE BEAMS,6800,274174.287942741,267255.276334462,35.4,DT
367516:8773,1087:1087,05/15/23 16:50:40,STABLE BEAMS,6800,274057.509844421,267059.283251073,35.4,DT
367516:8773,1088:1088,05/15/23 16:51:03,STABLE BEAMS,6800,274127.210975536,267202.703102392,35.4,DT
367516:8773,1089:1089,05/15/23 16:51:26,STABLE BEAMS,6800,274190.554580495,267235.961773727,35.4,DT
367516:8773,1090:1090,05/15/23 16:51:49,STABLE BEAMS,6800,274569.982050268,267624.234032885,35.5,DT
367516:8773,1091:1091,05/15/23 16:52:13,STABLE BEAMS,6800,274580.932168766,267652.618030179,35.5,DT
367516:8773,1092:1092,05/15/23 16:52:36,STABLE BEAMS,6800,274253.106209409,267355.562151854,35.4,DT
367516:8773,1093:1093,05/15/23 16:52:59,STABLE BEAMS,6800,274037.827719488,267177.668573292,35.4,DT
367516:8773,1094:1094,05/15/23 16:53:23,STABLE BEAMS,6800,273761.740816661,266913.942653970,35.4,DT
367516:8773,1095:1095,05/15/23 16:53:46,STABLE BEAMS,6800,273222.006971094,263407.600296929,35.3,DT
367516:8773,1096:1096,05/15/23 16:54:09,STABLE BEAMS,6800,272584.114427430,265863.568487224,35.2,DT
367516:8773,1097:1097,05/15/23 16:54:33,STABLE BEAMS,6800,272155.053080592,265457.295506305,35.2,DT
367516:8773,1098:1098,05/15/23 16:54:56,STABLE BEAMS,6800,272094.988864553,265388.150448440,35.2,DT
367516:8773,1099:1099,05/15/23 16:55:19,STABLE BEAMS,6800,271682.328805874,264911.977922294,35.1,DT
367516:8773,1100:1100,05/15/23 16:55:43,STABLE BEAMS,6800,271184.448070902,264141.036637987,35.1,DT
367516:8773,1101:1101,05/15/23 16:56:06,STABLE BEAMS,6800,271526.684519405,264781.585122737,35.1,DT
367516:8773,1102:1102,05/15/23 16:56:29,STABLE BEAMS,6800,271949.773469204,265272.425308558,35.2,DT
367516:8773,1103:1103,05/15/23 16:56:53,STABLE BEAMS,6800,271557.609229309,264872.678712980,35.1,DT
367516:8773,1104:1104,05/15/23 16:57:16,STABLE BEAMS,6800,271299.099271950,264681.934098105,35.1,DT
367516:8773,1105:1105,05/15/23 16:57:39,STABLE BEAMS,6800,271313.645859356,264662.168675640,35.1,DT
367516:8773,1106:1106,05/15/23 16:58:02,STABLE BEAMS,6800,271115.447701039,264459.780542118,35.0,DT
367516:8773,1107:1107,05/15/23 16:58:26,STABLE BEAMS,6800,271163.454190402,264497.182679123,35.0,DT
367516:8773,1108:1108,05/15/23 16:58:49,STABLE BEAMS,6800,271273.512799108,264651.695507883,35.1,DT
367516:8773,1109:1109,05/15/23 16:59:12,STABLE BEAMS,6800,271255.437791924,264649.409780359,35.1,DT
367516:8773,1110:1110,05/15/23 16:59:36,STABLE BEAMS,6800,270970.481336549,264357.742314132,35.0,DT
367516:8773,1111:1111,05/15/23 16:59:59,STABLE BEAMS,6800,270865.829014035,264292.211021003,35.0,DT
367516:8773,1112:1112,05/15/23 17:00:22,STABLE BEAMS,6800,270971.409410853,264417.573697330,35.0,DT
367516:8773,1113:1113,05/15/23 17:00:46,STABLE BEAMS,6800,270704.959423102,264100.197225918,35.0,DT
367516:8773,1114:1114,05/15/23 17:01:09,STABLE BEAMS,6800,270540.989977124,263967.928952375,35.0,DT
367516:8773,1115:1115,05/15/23 17:01:32,STABLE BEAMS,6800,270237.935348904,263672.391344788,34.9,DT
367516:8773,1116:1116,05/15/23 17:01:56,STABLE BEAMS,6800,270389.734135607,263795.700374574,34.9,DT
367516:8773,1117:1117,05/15/23 17:02:19,STABLE BEAMS,6800,270430.365257571,263870.363974935,35.0,DT
367516:8773,1118:1118,05/15/23 17:02:42,STABLE BEAMS,6800,269880.428386081,259582.897154887,34.9,DT
367516:8773,1119:1119,05/15/23 17:03:05,STABLE BEAMS,6800,269605.721287951,263081.203115116,34.8,DT
367516:8773,1120:1120,05/15/23 17:03:29,STABLE BEAMS,6800,270075.775720211,263559.801591843,34.9,DT
367516:8773,1121:1121,05/15/23 17:03:52,STABLE BEAMS,6800,269908.322737924,263355.357276057,34.9,DT
367516:8773,1122:1122,05/15/23 17:04:15,STABLE BEAMS,6800,269692.117621553,263186.566765205,34.9,DT
367516:8773,1123:1123,05/15/23 17:04:39,STABLE BEAMS,6800,269563.167416104,263096.912492448,34.8,DT
367516:8773,1124:1124,05/15/23 17:05:02,STABLE BEAMS,6800,269592.803536101,263125.521336939,34.8,DT
367516:8773,1125:1125,05/15/23 17:05:25,STABLE BEAMS,6800,269162.497034972,262647.842644424,34.8,DT
367516:8773,1126:1126,05/15/23 17:05:49,STABLE BEAMS,6800,269277.465316008,262798.861745003,34.8,DT
367516:8773,1127:1127,05/15/23 17:06:12,STABLE BEAMS,6800,269273.732748840,262772.913529243,34.8,DT
367516:8773,1128:1128,05/15/23 17:06:35,STABLE BEAMS,6800,269173.922049526,262699.913403604,34.8,DT
367516:8773,1129:1129,05/15/23 17:06:59,STABLE BEAMS,6800,269359.269057268,262878.816759690,34.8,DT
367516:8773,1130:1130,05/15/23 17:07:22,STABLE BEAMS,6800,269092.863952986,262624.896881915,34.8,DT
367516:8773,1131:1131,05/15/23 17:07:45,STABLE BEAMS,6800,269205.095790288,262678.715787710,34.8,DT
367516:8773,1132:1132,05/15/23 17:08:08,STABLE BEAMS,6800,268761.871537308,262365.722813549,34.7,DT
367516:8773,1133:1133,05/15/23 17:08:32,STABLE BEAMS,6800,268446.352335486,262016.118822880,34.7,DT
367516:8773,1134:1134,05/15/23 17:08:55,STABLE BEAMS,6800,268284.622719380,261763.189165541,34.7,DT
367516:8773,1135:1135,05/15/23 17:09:18,STABLE BEAMS,6800,268628.600936038,262225.050747983,34.7,DT
367516:8773,1136:1136,05/15/23 17:09:42,STABLE BEAMS,6800,268244.240628273,258152.539393715,34.7,DT
367516:8773,1137:1137,05/15/23 17:10:05,STABLE BEAMS,6800,267670.596598210,261254.661896785,34.6,DT
367516:8773,1138:1138,05/15/23 17:10:28,STABLE BEAMS,6800,267895.375904947,261521.577563342,34.6,DT
367516:8773,1139:1139,05/15/23 17:10:52,STABLE BEAMS,6800,268109.477289706,261664.929837716,34.7,DT
367516:8773,1140:1140,05/15/23 17:11:15,STABLE BEAMS,6800,268308.218393208,261869.981048199,34.7,DT
367516:8773,1141:1141,05/15/23 17:11:38,STABLE BEAMS,6800,268283.198031213,261668.872837763,34.7,DT
367516:8773,1142:1142,05/15/23 17:12:02,STABLE BEAMS,6800,268297.110458643,261925.633365541,34.7,DT
367516:8773,1143:1143,05/15/23 17:12:25,STABLE BEAMS,6800,267985.934818303,261304.142404280,34.6,DT
367516:8773,1144:1144,05/15/23 17:12:48,STABLE BEAMS,6800,268014.372115332,261668.006543557,34.6,DT
367516:8773,1145:1145,05/15/23 17:13:12,STABLE BEAMS,6800,268037.740476109,261698.442757763,34.6,DT
367516:8773,1146:1146,05/15/23 17:13:35,STABLE BEAMS,6800,267818.164756028,261480.586677055,34.6,DT
367516:8773,1147:1147,05/15/23 17:13:58,STABLE BEAMS,6800,267751.201516501,261413.110394645,34.6,DT
367516:8773,1148:1148,05/15/23 17:14:22,STABLE BEAMS,6800,267664.194188584,261369.262744636,34.6,DT
367516:8773,1149:1149,05/15/23 17:14:45,STABLE BEAMS,6800,267472.512820346,261169.622715992,34.6,DT
367516:8773,1150:1150,05/15/23 17:15:08,STABLE BEAMS,6800,267160.409105703,260902.123838369,34.5,DT
367516:8773,1151:1151,05/15/23 17:15:31,STABLE BEAMS,6800,267039.355495029,260773.682384080,34.5,DT
367516:8773,1152:1152,05/15/23 17:15:55,STABLE BEAMS,6800,266852.288436939,260572.237889819,34.5,DT
367516:8773,1153:1153,05/15/23 17:16:18,STABLE BEAMS,6800,266585.634301799,260318.412669889,34.5,DT
367516:8773,1154:1154,05/15/23 17:16:41,STABLE BEAMS,6800,266292.103656057,260078.455532716,34.4,DT
367516:8773,1155:1155,05/15/23 17:17:05,STABLE BEAMS,6800,266308.438342940,260033.785282294,34.4,DT
367516:8773,1156:1156,05/15/23 17:17:28,STABLE BEAMS,6800,266374.586440763,260184.975813578,34.4,DT
367516:8773,1157:1157,05/15/23 17:17:51,STABLE BEAMS,6800,266090.423409285,259843.391477509,34.4,DT
367516:8773,1158:1158,05/15/23 17:18:15,STABLE BEAMS,6800,265767.211760077,259597.597332341,34.4,DT
367516:8773,1159:1159,05/15/23 17:18:38,STABLE BEAMS,6800,265929.190407042,259734.977644488,34.4,DT
367516:8773,1160:1160,05/15/23 17:19:01,STABLE BEAMS,6800,265793.792908498,259618.502696181,34.4,DT
367516:8773,1161:1161,05/15/23 17:19:25,STABLE BEAMS,6800,265912.608137154,259343.704175439,34.4,DT
367516:8773,1162:1162,05/15/23 17:19:48,STABLE BEAMS,6800,266126.505374523,259893.560776783,34.4,DT
367516:8773,1163:1163,05/15/23 17:20:11,STABLE BEAMS,6800,265660.251558561,259468.525555931,34.3,DT
367516:8773,1164:1164,05/15/23 17:20:35,STABLE BEAMS,6800,265752.416141812,259571.306711932,34.4,DT
367516:8773,1165:1165,05/15/23 17:20:58,STABLE BEAMS,6800,265780.378542785,259572.213005723,34.4,DT
367516:8773,1166:1166,05/15/23 17:21:21,STABLE BEAMS,6800,265490.196782946,259291.441693830,34.3,DT
367516:8773,1167:1167,05/15/23 17:21:44,STABLE BEAMS,6800,265125.903729233,258963.495228482,34.3,DT
367516:8773,1168:1168,05/15/23 17:22:08,STABLE BEAMS,6800,265221.800879651,259068.570705666,34.3,DT
367516:8773,1169:1169,05/15/23 17:22:31,STABLE BEAMS,6800,264980.258321298,258833.464658991,34.3,DT
367516:8773,1170:1170,05/15/23 17:22:54,STABLE BEAMS,6800,265163.117916164,259031.030082522,34.3,DT
367516:8773,1171:1171,05/15/23 17:23:18,STABLE BEAMS,6800,265409.004036001,259274.481328517,34.3,DT
367516:8773,1172:1172,05/15/23 17:23:41,STABLE BEAMS,6800,265149.385022609,259026.189994785,34.3,DT
367516:8773,1173:1173,05/15/23 17:24:04,STABLE BEAMS,6800,265284.669588554,259000.469050524,34.3,DT
367516:8773,1174:1174,05/15/23 17:24:28,STABLE BEAMS,6800,264563.185204152,258474.954403437,34.2,DT
367516:8773,1175:1175,05/15/23 17:24:51,STABLE BEAMS,6800,264791.132415065,258664.864323694,34.2,DT
367516:8773,1176:1176,05/15/23 17:25:14,STABLE BEAMS,6800,264892.503900806,258788.165284123,34.2,DT
367516:8773,1177:1177,05/15/23 17:25:38,STABLE BEAMS,6800,264716.589660750,258671.812119243,34.2,DT
367516:8773,1178:1178,05/15/23 17:26:01,STABLE BEAMS,6800,263776.186881904,257785.306609638,34.1,DT
367516:8773,1179:1179,05/15/23 17:26:24,STABLE BEAMS,6800,263351.829612152,257372.668183129,34.0,DT
367516:8773,1180:1180,05/15/23 17:26:47,STABLE BEAMS,6800,263449.108015122,257459.778117950,34.1,DT
367516:8773,1181:1181,05/15/23 17:27:11,STABLE BEAMS,6800,262847.569633216,256899.747612032,34.0,DT
367516:8773,1182:1182,05/15/23 17:27:34,STABLE BEAMS,6800,262076.632353478,256141.712133649,33.9,DT
367516:8773,1183:1183,05/15/23 17:27:57,STABLE BEAMS,6800,262239.132227820,256325.392661925,33.9,DT
367516:8773,1184:1184,05/15/23 17:28:21,STABLE BEAMS,6800,262273.336326644,256367.442469006,33.9,DT
367516:8773,1185:1185,05/15/23 17:28:44,STABLE BEAMS,6800,261763.714944983,255802.567561021,33.8,DT
367516:8773,1186:1186,05/15/23 17:29:07,STABLE BEAMS,6800,261471.927515250,252923.277429945,33.8,DT
367516:8773,1187:1187,05/15/23 17:29:31,STABLE BEAMS,6800,261868.435316627,253314.128431334,33.8,DT
367516:8773,1188:1188,05/15/23 17:29:54,STABLE BEAMS,6800,261439.825700184,252853.608460801,33.8,DT
367516:8773,1189:1189,05/15/23 17:30:17,STABLE BEAMS,6800,261697.385865433,253031.411601974,33.8,DT
367516:8773,1190:1190,05/15/23 17:30:41,STABLE BEAMS,6800,261346.462293964,252461.515487144,33.8,DT
367516:8773,1191:1191,05/15/23 17:31:04,STABLE BEAMS,6800,261421.546545610,252953.325917299,33.8,DT
367516:8773,1192:1192,05/15/23 17:31:27,STABLE BEAMS,6800,261395.033446319,252869.110934634,33.8,DT
367516:8773,1193:1193,05/15/23 17:31:51,STABLE BEAMS,6800,261151.183008964,252672.854488527,33.8,DT
367516:8773,1194:1194,05/15/23 17:32:14,STABLE BEAMS,6800,261152.743795390,252689.111350712,33.8,DT
367516:8773,1195:1195,05/15/23 17:32:37,STABLE BEAMS,6800,261088.834079585,217338.054918939,33.7,DT
367516:8773,1196:1196,05/15/23 17:33:00,STABLE BEAMS,6800,260861.384930389,252418.098492603,33.7,DT
367516:8773,1197:1197,05/15/23 17:33:24,STABLE BEAMS,6800,261017.640211173,252540.855497909,33.7,DT
367516:8773,1198:1198,05/15/23 17:33:47,STABLE BEAMS,6800,260987.032581257,252565.020083520,33.7,DT
367516:8773,1199:1199,05/15/23 17:34:10,STABLE BEAMS,6800,260562.992391494,252125.382293792,33.7,DT
367516:8773,1200:1200,05/15/23 17:34:34,STABLE BEAMS,6800,260565.909816956,252104.053678961,33.7,DT
367516:8773,1201:1201,05/15/23 17:34:57,STABLE BEAMS,6800,260555.910938423,252201.578676718,33.7,DT
367516:8773,1202:1202,05/15/23 17:35:20,STABLE BEAMS,6800,260365.247411425,248321.199363056,33.7,DT
367516:8773,1203:1203,05/15/23 17:35:44,STABLE BEAMS,6800,260231.885595363,251831.646389389,33.6,DT
367516:8773,1204:1204,05/15/23 17:36:07,STABLE BEAMS,6800,260540.640424103,252129.467956914,33.7,DT
367516:8773,1205:1205,05/15/23 17:36:30,STABLE BEAMS,6800,260414.745190230,252033.251173909,33.7,DT
367516:8773,1206:1206,05/15/23 17:36:54,STABLE BEAMS,6800,260369.024862061,252032.648178340,33.7,DT
367516:8773,1207:1207,05/15/23 17:37:17,STABLE BEAMS,6800,260247.788821806,251925.245719795,33.6,DT
367516:8773,1208:1208,05/15/23 17:37:40,STABLE BEAMS,6800,260284.189314886,251945.705895106,33.6,DT
367516:8773,1209:1209,05/15/23 17:38:03,STABLE BEAMS,6800,260044.071444698,251800.607496566,33.6,DT
367516:8773,1210:1210,05/15/23 17:38:27,STABLE BEAMS,6800,259590.147551933,251313.729316430,33.6,DT
367516:8773,1211:1211,05/15/23 17:38:50,STABLE BEAMS,6800,259428.847948413,251138.364205701,33.5,DT
367516:8773,1212:1212,05/15/23 17:39:13,STABLE BEAMS,6800,259493.322327211,251247.752457327,33.5,DT
367516:8773,1213:1213,05/15/23 17:39:37,STABLE BEAMS,6800,259491.150546469,251357.949853203,33.5,DT
367516:8773,1214:1214,05/15/23 17:40:00,STABLE BEAMS,6800,258609.542215856,250582.032321584,33.4,DT
367516:8773,1215:1215,05/15/23 17:40:23,STABLE BEAMS,6800,258578.436524223,250572.801145731,33.4,DT
367516:8773,1216:1216,05/15/23 17:40:47,STABLE BEAMS,6800,258688.066568196,250678.473264720,33.4,DT
367516:8773,1217:1217,05/15/23 17:41:10,STABLE BEAMS,6800,258835.883756873,250792.540628267,33.5,DT
367516:8773,1218:1218,05/15/23 17:41:33,STABLE BEAMS,6800,258685.939670924,250752.965539364,33.4,DT
367516:8773,1219:1219,05/15/23 17:41:57,STABLE BEAMS,6800,258014.022562310,250121.220867828,33.4,DT
367516:8773,1220:1220,05/15/23 17:42:20,STABLE BEAMS,6800,257966.333152936,247238.867035439,33.3,DT
367516:8773,1221:1221,05/15/23 17:42:43,STABLE BEAMS,6800,257513.359052281,249664.220639560,33.3,DT
367516:8773,1222:1222,05/15/23 17:43:07,STABLE BEAMS,6800,257205.170334388,249335.557308908,33.2,DT
367516:8773,1223:1223,05/15/23 17:43:30,STABLE BEAMS,6800,257318.192699880,249480.908406632,33.3,DT
367516:8773,1224:1224,05/15/23 17:43:53,STABLE BEAMS,6800,257097.214009440,249308.766746914,33.2,DT
367516:8773,1225:1225,05/15/23 17:44:16,STABLE BEAMS,6800,256351.501239086,248629.036517831,33.1,DT
367516:8773,1226:1226,05/15/23 17:44:40,STABLE BEAMS,6800,255719.400110732,247845.573725373,33.1,DT
367516:8773,1227:1227,05/15/23 17:45:03,STABLE BEAMS,6800,256442.988226746,248663.911553354,33.1,DT
367516:8773,1228:1228,05/15/23 17:45:26,STABLE BEAMS,6800,256461.697393906,248725.401830355,33.1,DT
367516:8773,1229:1229,05/15/23 17:45:50,STABLE BEAMS,6800,255693.564607032,247978.111680308,33.1,DT
367516:8773,1230:1230,05/15/23 17:46:13,STABLE BEAMS,6800,255674.201009942,247917.353148392,33.0,DT
367516:8773,1231:1231,05/15/23 17:46:36,STABLE BEAMS,6800,256191.129709870,248428.499641086,33.1,DT
367516:8773,1232:1232,05/15/23 17:47:00,STABLE BEAMS,6800,256145.431099509,248400.196997841,33.1,DT
367516:8773,1233:1233,05/15/23 17:47:23,STABLE BEAMS,6800,256455.431082540,248691.045564062,33.1,DT
367516:8773,1234:1234,05/15/23 17:47:46,STABLE BEAMS,6800,256132.808709840,248281.102205241,33.1,DT
367516:8773,1235:1235,05/15/23 17:48:10,STABLE BEAMS,6800,256457.466765022,248657.007087835,33.1,DT
367516:8773,1236:1236,05/15/23 17:48:33,STABLE BEAMS,6800,256399.959458843,248593.206924582,33.1,DT
367552:8775,49:49,05/15/23 22:21:36,STABLE BEAMS,6800,251763.818570210,64506.621211603,32.5,DT
367552:8775,50:50,05/15/23 22:21:59,STABLE BEAMS,6800,251496.485391625,247710.227382452,32.5,DT
367552:8775,51:51,05/15/23 22:22:23,STABLE BEAMS,6800,73716.267683705,72507.947010183,9.5,DT
367552:8775,52:52,05/15/23 22:22:46,STABLE BEAMS,6800,11492.184612184,11446.574216371,1.5,DT
367552:8775,53:53,05/15/23 22:23:09,STABLE BEAMS,6800,75006.684347459,73308.873971718,9.7,DT
367552:8775,54:54,05/15/23 22:23:33,STABLE BEAMS,6800,202036.984946330,196646.634773536,26.1,DT
367552:8775,55:55,05/15/23 22:23:56,STABLE BEAMS,6800,214519.045726826,213571.156011985,27.7,DT
367552:8775,56:56,05/15/23 22:24:19,STABLE BEAMS,6800,94856.324809676,94645.933226085,12.3,DT
367552:8775,57:57,05/15/23 22:24:42,STABLE BEAMS,6800,15946.215706012,15794.065892986,2.1,DT
367552:8775,58:58,05/15/23 22:25:06,STABLE BEAMS,6800,60707.154085390,50552.361486156,7.8,DT
367553:8775,1:1,05/15/23 22:27:38,STABLE BEAMS,6800,24973.322852577,24860.931624285,3.2,PXL
367553:8775,2:2,05/15/23 22:28:02,STABLE BEAMS,6800,46006.443652856,45452.210526880,5.9,DT
367553:8775,3:3,05/15/23 22:28:25,STABLE BEAMS,6800,247583.751637277,244781.780660787,32.0,DT
367553:8775,4:4,05/15/23 22:28:48,STABLE BEAMS,6800,250692.836750359,248023.136983515,32.4,DT
367553:8775,5:5,05/15/23 22:29:12,STABLE BEAMS,6800,251026.499008495,248354.566627181,32.4,DT
367553:8775,6:6,05/15/23 22:29:35,STABLE BEAMS,6800,250618.928156021,248062.431761084,32.4,DT
367553:8775,7:7,05/15/23 22:29:58,STABLE BEAMS,6800,248687.536033447,246117.744493417,32.1,DT
367553:8775,8:8,05/15/23 22:30:22,STABLE BEAMS,6800,247696.231057583,245246.142232545,32.0,DT
367553:8775,9:9,05/15/23 22:30:45,STABLE BEAMS,6800,249427.389339360,246908.501502217,32.2,DT
367553:8775,10:10,05/15/23 22:31:08,STABLE BEAMS,6800,249799.125809601,247311.470727242,32.3,DT
367553:8775,11:11,05/15/23 22:31:31,STABLE BEAMS,6800,248871.436635215,246373.314853897,32.2,DT
367553:8775,12:12,05/15/23 22:31:55,STABLE BEAMS,6800,248090.206562617,242785.530130464,32.1,DT
367553:8775,13:13,05/15/23 22:32:18,STABLE BEAMS,6800,247033.024237597,241743.250334244,31.9,DT
367553:8775,14:14,05/15/23 22:32:41,STABLE BEAMS,6800,247330.716015240,242121.845633730,32.0,DT
367553:8775,15:15,05/15/23 22:33:05,STABLE BEAMS,6800,246748.859758266,241557.997728110,31.9,DT
367553:8775,16:16,05/15/23 22:33:28,STABLE BEAMS,6800,246531.478984587,241381.586698842,31.9,DT
367553:8775,17:17,05/15/23 22:33:51,STABLE BEAMS,6800,246698.546837756,241462.639033201,31.9,DT
367553:8775,18:18,05/15/23 22:34:15,STABLE BEAMS,6800,246480.418971502,235952.104741939,31.9,DT
367553:8775,19:19,05/15/23 22:34:38,STABLE BEAMS,6800,246476.324440878,239339.668226575,31.9,DT
367553:8775,20:20,05/15/23 22:35:01,STABLE BEAMS,6800,246429.993118394,239360.614061994,31.9,DT
367553:8775,21:21,05/15/23 22:35:25,STABLE BEAMS,6800,246250.368028978,184020.881513789,31.8,DT
367553:8775,22:22,05/15/23 22:35:48,STABLE BEAMS,6800,245752.035563612,235064.511133668,31.8,DT
367553:8775,23:23,05/15/23 22:36:11,STABLE BEAMS,6800,245851.416250339,238803.402944577,31.8,DT
367553:8775,24:24,05/15/23 22:36:34,STABLE BEAMS,6800,245791.059567827,238856.632427415,31.8,DT
367553:8775,25:25,05/15/23 22:36:58,STABLE BEAMS,6800,245929.193510105,238972.937730439,31.8,DT
367553:8775,26:26,05/15/23 22:37:21,STABLE BEAMS,6800,245607.567260838,238422.977803595,31.7,DT
367553:8775,27:27,05/15/23 22:37:44,STABLE BEAMS,6800,245364.033903471,238547.434814107,31.7,DT
367553:8775,28:28,05/15/23 22:38:08,STABLE BEAMS,6800,245320.370975592,238118.569559097,31.7,DT
367553:8775,29:29,05/15/23 22:38:31,STABLE BEAMS,6800,244837.647822341,238004.249662465,31.6,DT
367553:8775,30:30,05/15/23 22:38:54,STABLE BEAMS,6800,244546.720417780,235081.910679204,31.6,DT
367553:8775,31:31,05/15/23 22:39:18,STABLE BEAMS,6800,243880.887190951,236719.181536627,31.5,DT
367553:8775,32:32,05/15/23 22:39:41,STABLE BEAMS,6800,248085.975933732,237218.420186920,32.1,DT
367553:8775,33:33,05/15/23 22:40:04,STABLE BEAMS,6800,255175.188053276,246804.187061141,33.0,DT
367553:8775,34:34,05/15/23 22:40:28,STABLE BEAMS,6800,255295.677000957,243110.150234323,33.0,DT
367553:8775,35:35,05/15/23 22:40:51,STABLE BEAMS,6800,254865.325616358,244009.557581209,32.9,DT
367553:8775,36:36,05/15/23 22:41:14,STABLE BEAMS,6800,254734.384611896,238666.231726462,32.9,DT
367553:8775,37:37,05/15/23 22:41:38,STABLE BEAMS,6800,254265.822916933,198401.293055677,32.9,DT
367553:8775,38:38,05/15/23 22:42:01,STABLE BEAMS,6800,253708.874089356,242062.775198689,32.8,DT
367553:8775,39:39,05/15/23 22:42:24,STABLE BEAMS,6800,256970.188001727,246954.531676380,33.2,DT
367553:8775,40:40,05/15/23 22:42:47,STABLE BEAMS,6800,265359.934821929,251181.170667833,34.3,DT
367553:8775,41:41,05/15/23 22:43:11,STABLE BEAMS,6800,265510.443570872,255262.120872400,34.3,DT
367553:8775,42:42,05/15/23 22:43:34,STABLE BEAMS,6800,265519.515822955,200599.892244749,34.3,DT
367553:8775,43:43,05/15/23 22:43:57,STABLE BEAMS,6800,265033.128151667,258465.273612367,34.3,DT
367553:8775,44:44,05/15/23 22:44:21,STABLE BEAMS,6800,264858.140538061,258300.243496417,34.2,DT
367553:8775,45:45,05/15/23 22:44:44,STABLE BEAMS,6800,264575.289262151,257639.422893034,34.2,DT
367553:8775,46:46,05/15/23 22:45:07,STABLE BEAMS,6800,270188.256588371,259077.887951926,34.9,DT
367553:8775,47:47,05/15/23 22:45:31,STABLE BEAMS,6800,278984.827168472,271121.724849304,36.1,DT
367553:8775,48:48,05/15/23 22:45:54,STABLE BEAMS,6800,279082.603633159,267443.273063128,36.1,DT
367553:8775,49:49,05/15/23 22:46:17,STABLE BEAMS,6800,279265.757142353,271455.218459953,36.1,DT
367553:8775,50:50,05/15/23 22:46:41,STABLE BEAMS,6800,279173.275479114,271435.339880947,36.1,DT
367553:8775,51:51,05/15/23 22:47:04,STABLE BEAMS,6800,279630.774122980,271924.667892307,36.1,DT
367553:8775,52:52,05/15/23 22:47:27,STABLE BEAMS,6800,279563.404036527,268185.928620951,36.1,DT
367553:8775,53:53,05/15/23 22:47:51,STABLE BEAMS,6800,283542.332220019,274008.267998543,36.6,DT
367553:8775,54:54,05/15/23 22:48:14,STABLE BEAMS,6800,294174.850950525,281121.423140848,38.0,DT
367553:8775,55:55,05/15/23 22:48:37,STABLE BEAMS,6800,294343.660571848,283149.216764016,38.0,DT
367553:8775,56:56,05/15/23 22:49:00,STABLE BEAMS,6800,294283.303889336,284434.629146358,38.0,DT
367553:8775,57:57,05/15/23 22:49:24,STABLE BEAMS,6800,294516.770319040,280568.476044967,38.1,DT
367553:8775,58:58,05/15/23 22:49:47,STABLE BEAMS,6800,294145.033848799,284279.165273132,38.0,DT
367553:8775,59:59,05/15/23 22:50:10,STABLE BEAMS,6800,294433.789472617,287670.944149284,38.1,DT
367553:8775,60:60,05/15/23 22:50:34,STABLE BEAMS,6800,304227.979119124,293259.537292340,39.3,DT
367553:8775,61:61,05/15/23 22:50:57,STABLE BEAMS,6800,309833.615961415,302395.687900088,40.0,DT
367553:8775,62:62,05/15/23 22:51:20,STABLE BEAMS,6800,309830.132425105,298255.333012610,40.0,DT
367553:8775,63:63,05/15/23 22:51:44,STABLE BEAMS,6800,309378.040067431,302027.284042330,40.0,DT
367553:8775,64:64,05/15/23 22:52:07,STABLE BEAMS,6800,309252.755827874,301970.232448305,40.0,DT
367553:8775,65:65,05/15/23 22:52:30,STABLE BEAMS,6800,309141.088653565,301814.731951804,40.0,DT
367553:8775,66:66,05/15/23 22:52:54,STABLE BEAMS,6800,308931.083247284,295222.259940633,39.9,DT
367553:8775,67:67,05/15/23 22:53:17,STABLE BEAMS,6800,318267.455722083,239118.335013640,41.1,DT
367553:8775,68:68,05/15/23 22:53:40,STABLE BEAMS,6800,321229.899303796,246257.860688573,41.5,DT
367553:8775,69:69,05/15/23 22:54:03,STABLE BEAMS,6800,321027.110000992,312321.892305282,41.5,DT
367553:8775,70:70,05/15/23 22:54:27,STABLE BEAMS,6800,321318.965479856,312664.550984712,41.5,DT
367553:8775,71:71,05/15/23 22:54:50,STABLE BEAMS,6800,321234.197981810,312873.105346429,41.5,DT
367553:8775,72:72,05/15/23 22:55:13,STABLE BEAMS,6800,320285.378828665,311749.348015784,41.4,DT
367553:8775,73:73,05/15/23 22:55:37,STABLE BEAMS,6800,322382.797797506,308363.850689959,41.7,DT
367553:8775,74:74,05/15/23 22:56:00,STABLE BEAMS,6800,334726.340954460,324690.429725389,43.3,DT
367553:8775,75:75,05/15/23 22:56:23,STABLE BEAMS,6800,335732.169352068,321906.990124755,43.4,DT
367553:8775,76:76,05/15/23 22:56:47,STABLE BEAMS,6800,335206.960376100,325212.753757136,43.3,DT
367553:8775,77:77,05/15/23 22:57:10,STABLE BEAMS,6800,335388.078202812,320323.424861897,43.4,DT
367553:8775,78:78,05/15/23 22:57:33,STABLE BEAMS,6800,334530.699706003,319719.973363703,43.2,DT
367553:8775,79:79,05/15/23 22:57:57,STABLE BEAMS,6800,334352.681734336,320162.967840377,43.2,DT
367553:8775,80:80,05/15/23 22:58:20,STABLE BEAMS,6800,339880.858396849,323688.434338080,43.9,DT
367553:8775,81:81,05/15/23 22:58:43,STABLE BEAMS,6800,349615.435557711,337105.195827811,45.2,DT
367553:8775,82:82,05/15/23 22:59:07,STABLE BEAMS,6800,349672.693833032,337584.979991179,45.2,DT
367553:8775,83:83,05/15/23 22:59:30,STABLE BEAMS,6800,349108.552067639,333276.442714617,45.1,DT
367553:8775,84:84,05/15/23 22:59:53,STABLE BEAMS,6800,347958.072937675,273160.992008628,45.0,DT
367553:8775,85:85,05/15/23 23:00:16,STABLE BEAMS,6800,347579.504045221,330311.583970298,44.9,DT
367553:8775,86:86,05/15/23 23:00:40,STABLE BEAMS,6800,347173.992040890,327891.533650018,44.9,DT
367553:8775,87:87,05/15/23 23:01:03,STABLE BEAMS,6800,354175.994132981,338751.496489151,45.8,DT
367553:8775,88:88,05/15/23 23:01:26,STABLE BEAMS,6800,364408.068347551,338368.808586482,47.1,DT
367553:8775,89:89,05/15/23 23:01:50,STABLE BEAMS,6800,363818.135961926,348849.960736523,47.0,DT
367553:8775,90:90,05/15/23 23:02:13,STABLE BEAMS,6800,363793.476115534,277320.980821702,47.0,DT
367553:8775,91:91,05/15/23 23:02:36,STABLE BEAMS,6800,362978.832472302,353093.081864508,46.9,DT
367553:8775,92:92,05/15/23 23:03:00,STABLE BEAMS,6800,363051.316378474,348261.935860323,46.9,DT
367553:8775,93:93,05/15/23 23:03:23,STABLE BEAMS,6800,362902.119385099,352695.759147563,46.9,DT
367553:8775,94:94,05/15/23 23:03:46,STABLE BEAMS,6800,366910.276841664,345513.217375059,47.4,DT
367553:8775,95:95,05/15/23 23:04:10,STABLE BEAMS,6800,375460.509571534,364925.582680093,48.5,DT
367553:8775,96:96,05/15/23 23:04:33,STABLE BEAMS,6800,371116.043180037,361099.021117078,48.0,DT
367553:8775,97:97,05/15/23 23:04:56,STABLE BEAMS,6800,362810.021403125,353419.804138765,46.9,DT
367553:8775,98:98,05/15/23 23:05:19,STABLE BEAMS,6800,357924.940870933,350359.989040688,46.3,DT
367553:8775,99:99,05/15/23 23:05:43,STABLE BEAMS,6800,322844.030456393,309055.221607585,41.7,DT
367553:8775,100:100,05/15/23 23:06:06,STABLE BEAMS,6800,372270.366361913,282031.361702748,48.1,DT
367553:8775,101:101,05/15/23 23:06:29,STABLE BEAMS,6800,343241.372014220,331571.898700928,44.4,DT
367553:8775,102:102,05/15/23 23:06:53,STABLE BEAMS,6800,390210.406059944,376793.303486760,50.4,DT
367553:8775,103:103,05/15/23 23:07:16,STABLE BEAMS,6800,390160.908281140,371362.585496468,50.4,DT
367553:8775,104:104,05/15/23 23:07:39,STABLE BEAMS,6800,389340.835186053,375890.226154561,50.3,DT
367553:8775,105:105,05/15/23 23:08:03,STABLE BEAMS,6800,389312.963999872,370866.960322822,50.3,DT
367553:8775,106:106,05/15/23 23:08:26,STABLE BEAMS,6800,388809.924561712,375567.863328803,50.3,DT
367553:8775,107:107,05/15/23 23:08:49,STABLE BEAMS,6800,389273.329001341,372306.355528651,50.3,DT
367553:8775,108:108,05/15/23 23:09:13,STABLE BEAMS,6800,388281.232049434,375600.157928581,50.2,DT
367553:8775,109:109,05/15/23 23:09:36,STABLE BEAMS,6800,388248.836320041,370033.889647043,50.2,DT
367553:8775,110:110,05/15/23 23:09:59,STABLE BEAMS,6800,390075.303923582,369972.564211547,50.4,DT
367553:8775,111:111,05/15/23 23:10:23,STABLE BEAMS,6800,401441.092568646,289915.782395057,51.9,DT
367553:8775,112:112,05/15/23 23:10:46,STABLE BEAMS,6800,406208.196179548,389680.658650852,52.5,DT
367553:8775,113:113,05/15/23 23:11:09,STABLE BEAMS,6800,405770.039414965,388279.053286794,52.4,DT
367553:8775,114:114,05/15/23 23:11:32,STABLE BEAMS,6800,405183.975694768,393261.482914702,52.4,DT
367553:8775,115:115,05/15/23 23:11:56,STABLE BEAMS,6800,405196.825397488,387718.066193862,52.4,DT
367553:8775,116:116,05/15/23 23:12:19,STABLE BEAMS,6800,404741.701233899,385539.319551393,52.3,DT
367553:8775,117:117,05/15/23 23:12:42,STABLE BEAMS,6800,404206.674361125,392550.619564910,52.2,DT
367553:8775,118:118,05/15/23 23:13:06,STABLE BEAMS,6800,404297.254992289,392360.575593123,52.3,DT
367553:8775,119:119,05/15/23 23:13:29,STABLE BEAMS,6800,407229.024342810,388781.220580475,52.6,DT
367553:8775,120:120,05/15/23 23:13:52,STABLE BEAMS,6800,420005.428015046,405138.861746326,54.3,DT
367553:8775,121:121,05/15/23 23:14:16,STABLE BEAMS,6800,423016.738111295,408751.450067739,54.7,DT
367553:8775,122:122,05/15/23 23:14:39,STABLE BEAMS,6800,423308.028927166,303682.460035828,54.7,DT
367553:8775,123:123,05/15/23 23:15:02,STABLE BEAMS,6800,422645.454819302,408162.426506613,54.6,DT
367553:8775,124:124,05/15/23 23:15:26,STABLE BEAMS,6800,422749.472981840,401939.205480188,54.6,DT
367553:8775,125:125,05/15/23 23:15:49,STABLE BEAMS,6800,422057.988128746,407335.128679709,54.6,DT
367553:8775,126:126,05/15/23 23:16:12,STABLE BEAMS,6800,422039.074814196,408286.751266283,54.6,DT
367553:8775,127:127,05/15/23 23:16:35,STABLE BEAMS,6800,421321.618359142,406912.128004418,54.5,DT
367553:8775,128:128,05/15/23 23:16:59,STABLE BEAMS,6800,426097.952038196,404138.689675530,55.1,DT
367553:8775,129:129,05/15/23 23:17:22,STABLE BEAMS,6800,440979.944918422,422972.934392836,57.0,DT
367553:8775,130:130,05/15/23 23:17:45,STABLE BEAMS,6800,443125.798941359,425050.884557315,57.3,DT
367553:8775,131:131,05/15/23 23:18:09,STABLE BEAMS,6800,442714.065509130,429433.656473638,57.2,DT
367553:8775,132:132,05/15/23 23:18:32,STABLE BEAMS,6800,442396.080612239,429263.242308737,57.2,DT
367553:8775,133:133,05/15/23 23:18:55,STABLE BEAMS,6800,442016.970222454,428800.164085055,57.1,DT
367553:8775,134:134,05/15/23 23:19:19,STABLE BEAMS,6800,441406.291539333,428242.270506369,57.1,DT
367553:8775,135:135,05/15/23 23:19:42,STABLE BEAMS,6800,440782.674834409,427762.566866936,57.0,DT
367553:8775,136:136,05/15/23 23:20:05,STABLE BEAMS,6800,440558.166276337,427455.562595664,56.9,DT
367553:8775,137:137,05/15/23 23:20:29,STABLE BEAMS,6800,439732.708612866,426793.466850858,56.8,DT
367553:8775,138:138,05/15/23 23:20:52,STABLE BEAMS,6800,439448.657066133,426441.727395282,56.8,DT
367553:8775,139:139,05/15/23 23:21:15,STABLE BEAMS,6800,440127.159013955,425647.105848060,56.9,DT
367553:8775,140:140,05/15/23 23:21:39,STABLE BEAMS,6800,451735.823690748,436147.952793442,58.4,DT
367553:8775,141:141,05/15/23 23:22:02,STABLE BEAMS,6800,457730.979543990,433439.330574768,59.2,DT
367553:8775,142:142,05/15/23 23:22:25,STABLE BEAMS,6800,457758.578533652,442251.159283144,59.2,DT
367553:8775,143:143,05/15/23 23:22:49,STABLE BEAMS,6800,457579.316855547,360680.575510702,59.1,DT
367553:8775,144:144,05/15/23 23:23:12,STABLE BEAMS,6800,457055.872813395,440711.988821844,59.1,DT
367553:8775,145:145,05/15/23 23:23:35,STABLE BEAMS,6800,458185.650529331,441873.985748712,59.2,DT
367553:8775,146:146,05/15/23 23:23:58,STABLE BEAMS,6800,458159.363295237,442070.336112974,59.2,DT
367553:8775,147:147,05/15/23 23:24:22,STABLE BEAMS,6800,458823.159391731,442781.924951788,59.3,DT
367553:8775,148:148,05/15/23 23:24:45,STABLE BEAMS,6800,458290.302851845,442173.924770857,59.2,DT
367553:8775,149:149,05/15/23 23:25:08,STABLE BEAMS,6800,458121.538113990,441930.621877789,59.2,DT
367553:8775,150:150,05/15/23 23:25:32,STABLE BEAMS,6800,458204.201880424,442270.778866353,59.2,DT
367553:8775,151:151,05/15/23 23:25:55,STABLE BEAMS,6800,457827.125725267,442151.034565359,59.2,DT
367553:8775,152:152,05/15/23 23:26:18,STABLE BEAMS,6800,457450.321766630,441917.478343331,59.1,DT
367553:8775,153:153,05/15/23 23:26:42,STABLE BEAMS,6800,456861.181357049,396640.630077535,59.1,DT
367553:8775,154:154,05/15/23 23:27:05,STABLE BEAMS,6800,456441.937907016,394227.841912110,59.0,DT
367553:8775,155:155,05/15/23 23:27:28,STABLE BEAMS,6800,455927.632718223,435310.268114629,58.9,DT
367553:8775,156:156,05/15/23 23:27:52,STABLE BEAMS,6800,455206.646395538,426325.130591232,58.8,DT
367553:8775,157:157,05/15/23 23:28:15,STABLE BEAMS,6800,454476.702201221,434045.635881957,58.7,DT
367553:8775,158:158,05/15/23 23:28:38,STABLE BEAMS,6800,455548.656978844,426927.810533767,58.9,DT
367553:8775,159:159,05/15/23 23:29:01,STABLE BEAMS,6800,454897.212523353,434170.776045934,58.8,DT
367553:8775,160:160,05/15/23 23:29:25,STABLE BEAMS,6800,454912.144239877,431113.805000728,58.8,DT
367553:8775,161:161,05/15/23 23:29:48,STABLE BEAMS,6800,454624.336960316,439267.339758373,58.8,DT
367553:8775,162:162,05/15/23 23:30:11,STABLE BEAMS,6800,454714.648290667,434399.981725051,58.8,DT
367553:8775,163:163,05/15/23 23:30:35,STABLE BEAMS,6800,454533.982194349,434269.664570956,58.8,DT
367553:8775,164:164,05/15/23 23:30:58,STABLE BEAMS,6800,453353.257397926,429983.734231859,58.6,DT
367553:8775,165:165,05/15/23 23:31:21,STABLE BEAMS,6800,453726.215856798,430272.245270996,58.6,DT
367553:8775,166:166,05/15/23 23:31:45,STABLE BEAMS,6800,453870.684159572,346446.696600629,58.7,DT
367553:8775,167:167,05/15/23 23:32:08,STABLE BEAMS,6800,453479.944607843,438757.145642371,58.6,DT
367553:8775,168:168,05/15/23 23:32:31,STABLE BEAMS,6800,452814.927970572,437949.546984313,58.5,DT
367553:8775,169:169,05/15/23 23:32:55,STABLE BEAMS,6800,452888.451435792,431274.515667037,58.5,DT
367553:8775,170:170,05/15/23 23:33:18,STABLE BEAMS,6800,452742.263082672,438232.616274555,58.5,DT
367553:8775,171:171,05/15/23 23:33:41,STABLE BEAMS,6800,452071.770662224,432561.000226390,58.4,DT
367553:8775,172:172,05/15/23 23:34:05,STABLE BEAMS,6800,450683.506154589,252272.035917310,58.3,DT
367553:8775,173:173,05/15/23 23:34:28,STABLE BEAMS,6800,450910.864088994,436631.296242360,58.3,DT
367553:8775,174:174,05/15/23 23:34:51,STABLE BEAMS,6800,451352.640488146,436977.082900559,58.3,DT
367553:8775,175:175,05/15/23 23:35:14,STABLE BEAMS,6800,450608.081657293,435798.493281221,58.2,DT
367553:8775,176:176,05/15/23 23:35:38,STABLE BEAMS,6800,450283.536534710,435912.802171949,58.2,DT
367553:8775,177:177,05/15/23 23:36:01,STABLE BEAMS,6800,450848.199527481,436438.705054354,58.3,DT
367553:8775,178:178,05/15/23 23:36:24,STABLE BEAMS,6800,450495.692003924,436234.039805971,58.2,DT
367553:8775,179:179,05/15/23 23:36:48,STABLE BEAMS,6800,450465.785135261,431236.967487837,58.2,DT
367553:8775,180:180,05/15/23 23:37:11,STABLE BEAMS,6800,449646.344752298,429305.769629511,58.1,DT
367553:8775,181:181,05/15/23 23:37:34,STABLE BEAMS,6800,449042.725804441,434914.243193242,58.0,DT
367553:8775,182:182,05/15/23 23:37:58,STABLE BEAMS,6800,449043.946345217,434857.027211143,58.0,DT
367553:8775,183:183,05/15/23 23:38:21,STABLE BEAMS,6800,449006.981189145,434808.345258349,58.0,DT
367553:8775,184:184,05/15/23 23:38:44,STABLE BEAMS,6800,448554.256119348,434590.342279569,58.0,DT
367553:8775,185:185,05/15/23 23:39:08,STABLE BEAMS,6800,448247.038911373,429338.288156735,57.9,DT
367553:8775,186:186,05/15/23 23:39:31,STABLE BEAMS,6800,447788.431211475,433942.149519856,57.9,DT
367553:8775,187:187,05/15/23 23:39:54,STABLE BEAMS,6800,448299.342630896,434310.589007862,57.9,DT
367553:8775,188:188,05/15/23 23:40:17,STABLE BEAMS,6800,448069.540719230,434028.869392009,57.9,DT
367553:8775,189:189,05/15/23 23:40:41,STABLE BEAMS,6800,447728.119412432,433853.745162521,57.9,DT
367553:8775,190:190,05/15/23 23:41:04,STABLE BEAMS,6800,447573.516132865,433834.891592280,57.9,DT
367553:8775,191:191,05/15/23 23:41:27,STABLE BEAMS,6800,447392.941251338,427644.766866068,57.8,DT
367553:8775,192:192,05/15/23 23:41:51,STABLE BEAMS,6800,446279.043596183,432680.295766984,57.7,DT
367553:8775,193:193,05/15/23 23:42:14,STABLE BEAMS,6800,446581.645046155,432745.144756005,57.7,DT
367553:8775,194:194,05/15/23 23:42:37,STABLE BEAMS,6800,446475.725851542,432763.577869651,57.7,DT
367553:8775,195:195,05/15/23 23:43:01,STABLE BEAMS,6800,446380.122615451,432796.246568455,57.7,DT
367553:8775,196:196,05/15/23 23:43:24,STABLE BEAMS,6800,445357.439751435,431809.243478236,57.6,DT
367553:8775,197:197,05/15/23 23:43:47,STABLE BEAMS,6800,445611.131251257,432063.656202500,57.6,DT
367553:8775,198:198,05/15/23 23:44:11,STABLE BEAMS,6800,445289.571603266,343036.847829104,57.6,DT
367553:8775,199:199,05/15/23 23:44:34,STABLE BEAMS,6800,445447.749633933,336116.161731938,57.6,DT
367553:8775,200:200,05/15/23 23:44:57,STABLE BEAMS,6800,444984.934470812,431700.363537305,57.5,DT
367553:8775,201:201,05/15/23 23:45:21,STABLE BEAMS,6800,445018.686839241,431695.817165838,57.5,DT
367553:8775,202:202,05/15/23 23:45:44,STABLE BEAMS,6800,444408.326683963,431086.023719493,57.4,DT
367553:8775,203:203,05/15/23 23:46:07,STABLE BEAMS,6800,444595.370576391,431250.704260060,57.5,DT
367553:8775,204:204,05/15/23 23:46:30,STABLE BEAMS,6800,443728.966158821,430502.569312468,57.4,DT
367553:8775,205:205,05/15/23 23:46:54,STABLE BEAMS,6800,443739.599197331,430586.434137202,57.4,DT
367553:8775,206:206,05/15/23 23:47:17,STABLE BEAMS,6800,443341.258413008,428839.814830769,57.3,DT
367553:8775,207:207,05/15/23 23:47:40,STABLE BEAMS,6800,443088.607920089,426112.533658461,57.3,DT
367553:8775,208:208,05/15/23 23:48:04,STABLE BEAMS,6800,442651.988776270,428360.909472080,57.2,DT
367553:8775,209:209,05/15/23 23:48:27,STABLE BEAMS,6800,450942.716873202,433461.274764588,58.3,DT
367553:8775,210:210,05/15/23 23:48:50,STABLE BEAMS,6800,463436.428533449,445336.312364165,59.9,DT
367553:8775,211:211,05/15/23 23:49:14,STABLE BEAMS,6800,463302.955232642,445558.845484102,59.9,DT
367553:8775,212:212,05/15/23 23:49:37,STABLE BEAMS,6800,463452.716889010,445877.016164533,59.9,DT
367553:8775,213:213,05/15/23 23:50:00,STABLE BEAMS,6800,462405.465393394,445727.814412987,59.8,DT
367553:8775,214:214,05/15/23 23:50:24,STABLE BEAMS,6800,460283.997572476,443822.741293452,59.5,DT
367553:8775,215:215,05/15/23 23:50:47,STABLE BEAMS,6800,459347.598109464,442978.439239159,59.4,DT
367553:8775,216:216,05/15/23 23:51:10,STABLE BEAMS,6800,459430.487741095,443236.925121788,59.4,DT
367553:8775,217:217,05/15/23 23:51:33,STABLE BEAMS,6800,458755.517108759,442919.996032691,59.3,DT
367553:8775,218:218,05/15/23 23:51:57,STABLE BEAMS,6800,457236.899425316,441186.064224009,59.1,DT
367553:8775,219:219,05/15/23 23:52:20,STABLE BEAMS,6800,457990.371244331,441722.453278435,59.2,DT
367553:8775,220:220,05/15/23 23:52:43,STABLE BEAMS,6800,458930.933287098,442628.577153606,59.3,DT
367553:8775,221:221,05/15/23 23:53:07,STABLE BEAMS,6800,459125.579859975,442761.664596082,59.3,DT
367553:8775,222:222,05/15/23 23:53:30,STABLE BEAMS,6800,458814.517152234,442453.600595491,59.3,DT
367553:8775,223:223,05/15/23 23:53:53,STABLE BEAMS,6800,458823.657453448,442829.399741773,59.3,DT
367553:8775,224:224,05/15/23 23:54:17,STABLE BEAMS,6800,458456.806042021,442294.714057032,59.3,DT
367553:8775,225:225,05/15/23 23:54:40,STABLE BEAMS,6800,457995.574830988,442050.730851019,59.2,DT
367553:8775,226:226,05/15/23 23:55:03,STABLE BEAMS,6800,457711.478400786,441838.838230406,59.2,DT
367553:8775,227:227,05/15/23 23:55:27,STABLE BEAMS,6800,457143.286988237,441593.704595756,59.1,DT
367553:8775,228:228,05/15/23 23:55:50,STABLE BEAMS,6800,456181.096904994,440419.292280490,59.0,DT
367553:8775,229:229,05/15/23 23:56:13,STABLE BEAMS,6800,457018.907657322,441448.435212428,59.1,DT
367553:8775,230:230,05/15/23 23:56:37,STABLE BEAMS,6800,456576.405883402,441039.729178274,59.0,DT
367553:8775,231:231,05/15/23 23:57:00,STABLE BEAMS,6800,456431.575617172,440904.436929257,59.0,DT
367553:8775,232:232,05/15/23 23:57:23,STABLE BEAMS,6800,455982.334083684,440697.010373633,58.9,DT
367553:8775,233:233,05/15/23 23:57:46,STABLE BEAMS,6800,456092.777821509,440723.677733622,59.0,DT
367553:8775,234:234,05/15/23 23:58:10,STABLE BEAMS,6800,455837.186737466,440510.065843338,58.9,DT
367553:8775,235:235,05/15/23 23:58:33,STABLE BEAMS,6800,455735.926736470,440298.600666577,58.9,DT
367553:8775,236:236,05/15/23 23:58:56,STABLE BEAMS,6800,455554.493277623,440154.411859184,58.9,DT
367553:8775,237:237,05/15/23 23:59:20,STABLE BEAMS,6800,455471.965609449,440343.536691774,58.9,DT
367553:8775,238:238,05/15/23 23:59:43,STABLE BEAMS,6800,455194.565503200,440270.983587673,58.8,DT
367553:8775,239:239,05/16/23 00:00:06,STABLE BEAMS,6800,455207.325438983,439990.606484628,58.8,DT
367553:8775,240:240,05/16/23 00:00:30,STABLE BEAMS,6800,454584.703409638,439580.136505551,58.8,DT
367553:8775,241:241,05/16/23 00:00:53,STABLE BEAMS,6800,454284.091310825,433177.049369251,58.7,DT
367553:8775,242:242,05/16/23 00:01:16,STABLE BEAMS,6800,453256.659486255,423623.320118756,58.6,DT
367553:8775,243:243,05/16/23 00:01:40,STABLE BEAMS,6800,452633.358413466,433677.722394082,58.5,DT
367553:8775,244:244,05/16/23 00:02:03,STABLE BEAMS,6800,451091.709719187,420586.534917416,58.3,DT
367553:8775,245:245,05/16/23 00:02:26,STABLE BEAMS,6800,450673.959006450,428224.363081246,58.3,DT
367553:8775,246:246,05/16/23 00:02:50,STABLE BEAMS,6800,451769.034561846,437824.103446572,58.4,DT
367553:8775,247:247,05/16/23 00:03:13,STABLE BEAMS,6800,451464.894043255,431339.616059148,58.4,DT
367553:8775,248:248,05/16/23 00:03:36,STABLE BEAMS,6800,451313.503551332,431941.943957932,58.3,DT
367553:8775,249:249,05/16/23 00:04:00,STABLE BEAMS,6800,450899.553454893,437018.004332064,58.3,DT
367553:8775,250:250,05/16/23 00:04:23,STABLE BEAMS,6800,452096.430508616,429480.519916728,58.4,DT
367553:8775,251:251,05/16/23 00:04:46,STABLE BEAMS,6800,451818.487457182,437847.065307289,58.4,DT
367553:8775,252:252,05/16/23 00:05:09,STABLE BEAMS,6800,452525.357205048,429966.319951055,58.5,DT
367553:8775,253:253,05/16/23 00:05:33,STABLE BEAMS,6800,451998.474510055,437805.926668550,58.4,DT
367553:8775,254:254,05/16/23 00:05:56,STABLE BEAMS,6800,451944.993685370,431581.929241574,58.4,DT
367553:8775,255:255,05/16/23 00:06:19,STABLE BEAMS,6800,450847.520484036,436063.786202556,58.3,DT
367553:8775,256:256,05/16/23 00:06:43,STABLE BEAMS,6800,451172.880748324,332399.162352646,58.3,DT
367553:8775,257:257,05/16/23 00:07:06,STABLE BEAMS,6800,451141.162614523,424071.752318555,58.3,DT
367553:8775,258:258,05/16/23 00:07:29,STABLE BEAMS,6800,450821.548882076,436226.038129782,58.3,DT
367553:8775,259:259,05/16/23 00:07:53,STABLE BEAMS,6800,449964.239882251,436208.408797769,58.2,DT
367553:8775,260:260,05/16/23 00:08:16,STABLE BEAMS,6800,449818.141296068,436023.171437413,58.1,DT
367553:8775,261:261,05/16/23 00:08:39,STABLE BEAMS,6800,449381.070421855,435145.900607155,58.1,DT
367553:8775,262:262,05/16/23 00:09:02,STABLE BEAMS,6800,449141.360846447,435505.210668791,58.1,DT
367553:8775,263:263,05/16/23 00:09:26,STABLE BEAMS,6800,448111.574811554,434525.035574789,57.9,DT
367553:8775,264:264,05/16/23 00:09:49,STABLE BEAMS,6800,447819.515185300,428287.560766727,57.9,DT
367553:8775,265:265,05/16/23 00:10:12,STABLE BEAMS,6800,448149.670741466,434414.253504868,57.9,DT
367553:8775,266:266,05/16/23 00:10:36,STABLE BEAMS,6800,448039.090905382,434307.697944832,57.9,DT
367553:8775,267:267,05/16/23 00:10:59,STABLE BEAMS,6800,447618.172288470,434115.797694668,57.9,DT
367553:8775,268:268,05/16/23 00:11:22,STABLE BEAMS,6800,447577.904577816,434173.202932124,57.9,DT
367553:8775,269:269,05/16/23 00:11:46,STABLE BEAMS,6800,446864.338505998,428474.222940795,57.8,DT
367553:8775,270:270,05/16/23 00:12:09,STABLE BEAMS,6800,446643.721779014,433255.524274024,57.7,DT
367553:8775,271:271,05/16/23 00:12:32,STABLE BEAMS,6800,446306.190855451,432948.737366065,57.7,DT
367553:8775,272:272,05/16/23 00:12:56,STABLE BEAMS,6800,445972.279566456,432784.137340192,57.6,DT
367553:8775,273:273,05/16/23 00:13:19,STABLE BEAMS,6800,445556.021591016,432393.542119539,57.6,DT
367553:8775,274:274,05/16/23 00:13:42,STABLE BEAMS,6800,445072.665725643,431929.567985124,57.5,DT
367553:8775,275:275,05/16/23 00:14:06,STABLE BEAMS,6800,444788.071233724,431648.515255008,57.5,DT
367553:8775,276:276,05/16/23 00:14:29,STABLE BEAMS,6800,444493.703728470,431466.515952218,57.5,DT
367553:8775,277:277,05/16/23 00:14:52,STABLE BEAMS,6800,444095.364392000,431054.311545698,57.4,DT
367553:8775,278:278,05/16/23 00:15:15,STABLE BEAMS,6800,443808.734217600,430852.585763657,57.4,DT
367553:8775,279:279,05/16/23 00:15:39,STABLE BEAMS,6800,443669.649035358,430660.756728992,57.3,DT
367553:8775,280:280,05/16/23 00:16:02,STABLE BEAMS,6800,443778.961999343,429304.564595565,57.4,DT
367553:8775,281:281,05/16/23 00:16:25,STABLE BEAMS,6800,456332.126881314,440273.917800181,59.0,DT
367553:8775,282:282,05/16/23 00:16:49,STABLE BEAMS,6800,464395.043865592,448054.618335702,60.0,DT
367553:8775,283:283,05/16/23 00:17:12,STABLE BEAMS,6800,463964.216137085,447740.636954405,60.0,DT
367553:8775,284:284,05/16/23 00:17:35,STABLE BEAMS,6800,463417.244470233,447437.496642877,59.9,DT
367553:8775,285:285,05/16/23 00:17:59,STABLE BEAMS,6800,463333.313831700,447635.849104737,59.9,DT
367553:8775,286:286,05/16/23 00:18:22,STABLE BEAMS,6800,461260.936942661,445717.668292238,59.6,DT
367553:8775,287:287,05/16/23 00:18:45,STABLE BEAMS,6800,461391.017921950,445753.987480792,59.6,DT
367553:8775,288:288,05/16/23 00:19:09,STABLE BEAMS,6800,461344.777814257,445840.646347661,59.6,DT
367553:8775,289:289,05/16/23 00:19:32,STABLE BEAMS,6800,460712.517421982,445449.159173181,59.6,DT
367553:8775,290:290,05/16/23 00:19:55,STABLE BEAMS,6800,459888.960790587,444374.277923698,59.4,DT
367553:8775,291:291,05/16/23 00:20:19,STABLE BEAMS,6800,460605.467453530,445009.966079932,59.5,DT
367553:8775,292:292,05/16/23 00:20:42,STABLE BEAMS,6800,461498.069338256,445774.883372779,59.7,DT
367553:8775,293:293,05/16/23 00:21:05,STABLE BEAMS,6800,461656.383467183,446066.406207293,59.7,DT
367553:8775,294:294,05/16/23 00:21:28,STABLE BEAMS,6800,462007.215823861,446049.417149621,59.7,DT
367553:8775,295:295,05/16/23 00:21:52,STABLE BEAMS,6800,462225.977850091,446356.477538300,59.7,DT
367553:8775,296:296,05/16/23 00:22:15,STABLE BEAMS,6800,462004.863061391,446054.000787677,59.7,DT
367553:8775,297:297,05/16/23 00:22:38,STABLE BEAMS,6800,462178.560637237,446301.948678216,59.7,DT
367553:8775,298:298,05/16/23 00:23:02,STABLE BEAMS,6800,461947.808933460,445935.978392114,59.7,DT
367553:8775,299:299,05/16/23 00:23:25,STABLE BEAMS,6800,461709.183800569,445635.348592711,59.7,DT
367553:8775,300:300,05/16/23 00:23:48,STABLE BEAMS,6800,461553.856594088,445709.971677668,59.7,DT
367553:8775,301:301,05/16/23 00:24:12,STABLE BEAMS,6800,461526.211273104,445681.151955352,59.7,DT
367553:8775,302:302,05/16/23 00:24:35,STABLE BEAMS,6800,461370.703084895,445615.644363091,59.6,DT
367553:8775,303:303,05/16/23 00:24:58,STABLE BEAMS,6800,460902.277488191,445296.113559358,59.6,DT
367553:8775,304:304,05/16/23 00:25:22,STABLE BEAMS,6800,460807.034767703,445026.224382855,59.6,DT
367553:8775,305:305,05/16/23 00:25:45,STABLE BEAMS,6800,460710.345641241,444919.104222402,59.6,DT
367553:8775,306:306,05/16/23 00:26:08,STABLE BEAMS,6800,460306.304656398,444588.016936662,59.5,DT
367553:8775,307:307,05/16/23 00:26:31,STABLE BEAMS,6800,460097.360526973,443970.471103579,59.5,DT
367553:8775,308:308,05/16/23 00:26:55,STABLE BEAMS,6800,459636.310297668,444390.326392422,59.4,DT
367553:8775,309:309,05/16/23 00:27:18,STABLE BEAMS,6800,459234.032798787,437650.403537644,59.4,DT
367553:8775,310:310,05/16/23 00:27:41,STABLE BEAMS,6800,458647.832980330,428442.918615100,59.3,DT
367553:8775,311:311,05/16/23 00:28:05,STABLE BEAMS,6800,457372.816703383,437455.972074425,59.1,DT
367553:8775,312:312,05/16/23 00:28:28,STABLE BEAMS,6800,456536.002074489,425378.065977001,59.0,DT
367553:8775,313:313,05/16/23 00:28:51,STABLE BEAMS,6800,455882.658034776,441006.362745183,58.9,DT
367553:8775,314:314,05/16/23 00:29:15,STABLE BEAMS,6800,456145.624486217,428048.165507909,59.0,DT
367553:8775,315:315,05/16/23 00:29:38,STABLE BEAMS,6800,454440.324873802,434974.872578753,58.7,DT
367553:8775,316:316,05/16/23 00:30:01,STABLE BEAMS,6800,453831.998953151,439296.266639342,58.7,DT
367553:8775,317:317,05/16/23 00:30:25,STABLE BEAMS,6800,455064.620622171,439767.733343569,58.8,DT
367553:8775,318:318,05/16/23 00:30:48,STABLE BEAMS,6800,456007.671525668,436462.091497720,58.9,DT
367553:8775,319:319,05/16/23 00:31:11,STABLE BEAMS,6800,455641.952335934,435641.566380364,58.9,DT
367553:8775,320:320,05/16/23 00:31:35,STABLE BEAMS,6800,455519.563804032,433071.161393463,58.9,DT
367553:8775,321:321,05/16/23 00:31:58,STABLE BEAMS,6800,455507.844875151,340923.127410200,58.9,DT
367553:8775,322:322,05/16/23 00:32:21,STABLE BEAMS,6800,454862.781111478,438948.741522962,58.8,DT
367553:8775,323:323,05/16/23 00:32:44,STABLE BEAMS,6800,455531.779346775,433069.251617198,58.9,DT
367553:8775,324:324,05/16/23 00:33:08,STABLE BEAMS,6800,455061.362951059,440217.680994691,58.8,DT
367553:8775,325:325,05/16/23 00:33:31,STABLE BEAMS,6800,455502.280772892,440725.205062656,58.9,DT
367553:8775,326:326,05/16/23 00:33:54,STABLE BEAMS,6800,455102.356036480,332023.723495985,58.8,DT
367553:8775,327:327,05/16/23 00:34:18,STABLE BEAMS,6800,453794.039121499,439395.044396637,58.7,DT
367553:8775,328:328,05/16/23 00:34:41,STABLE BEAMS,6800,454214.278694965,439714.738163273,58.7,DT
367553:8775,329:329,05/16/23 00:35:04,STABLE BEAMS,6800,454193.917526587,439636.118154303,58.7,DT
367553:8775,330:330,05/16/23 00:35:28,STABLE BEAMS,6800,454615.062008696,435113.036222841,58.8,DT
367553:8775,331:331,05/16/23 00:35:51,STABLE BEAMS,6800,453950.316120091,439718.511270539,58.7,DT
367553:8775,332:332,05/16/23 00:36:14,STABLE BEAMS,6800,453812.589024738,439669.386130737,58.7,DT
367553:8775,333:333,05/16/23 00:36:38,STABLE BEAMS,6800,453718.659507672,439619.903658501,58.6,DT
367553:8775,334:334,05/16/23 00:37:01,STABLE BEAMS,6800,453439.178835472,439353.316149564,58.6,DT
367553:8775,335:335,05/16/23 00:37:24,STABLE BEAMS,6800,452496.715760630,433483.412055704,58.5,DT
367553:8775,336:336,05/16/23 00:37:47,STABLE BEAMS,6800,452009.649045897,437684.070038291,58.4,DT
367553:8775,337:337,05/16/23 00:38:11,STABLE BEAMS,6800,452224.610455829,438335.531459515,58.5,DT
367553:8775,338:338,05/16/23 00:38:34,STABLE BEAMS,6800,451813.375085317,437867.315116338,58.4,DT
367553:8775,339:339,05/16/23 00:38:57,STABLE BEAMS,6800,451854.051090750,437438.100755128,58.4,DT
367553:8775,340:340,05/16/23 00:39:21,STABLE BEAMS,6800,451520.365666953,437529.156201481,58.4,DT
367553:8775,341:341,05/16/23 00:39:44,STABLE BEAMS,6800,451793.737843853,438048.565127600,58.4,DT
367553:8775,342:342,05/16/23 00:40:07,STABLE BEAMS,6800,451586.377666515,437781.152288942,58.4,DT
367553:8775,343:343,05/16/23 00:40:31,STABLE BEAMS,6800,450558.447780229,436611.052745114,58.2,DT
367553:8775,344:344,05/16/23 00:40:54,STABLE BEAMS,6800,450797.297330463,437153.226189739,58.3,DT
367553:8775,345:345,05/16/23 00:41:17,STABLE BEAMS,6800,450797.026581798,437063.700324710,58.3,DT
367553:8775,346:346,05/16/23 00:41:41,STABLE BEAMS,6800,450217.748952490,436434.755187711,58.2,DT
367553:8775,347:347,05/16/23 00:42:04,STABLE BEAMS,6800,449913.156703505,436301.663890886,58.2,DT
367553:8775,348:348,05/16/23 00:42:27,STABLE BEAMS,6800,449595.761083122,435960.018902383,58.1,DT
367553:8775,349:349,05/16/23 00:42:51,STABLE BEAMS,6800,449318.993688996,435832.495289580,58.1,DT
367553:8775,350:350,05/16/23 00:43:14,STABLE BEAMS,6800,448057.233961695,434557.730687740,57.9,DT
367553:8775,351:351,05/16/23 00:43:37,STABLE BEAMS,6800,448135.102436252,434710.817409176,57.9,DT
367553:8775,352:352,05/16/23 00:44:01,STABLE BEAMS,6800,448329.023634362,434908.764250350,57.9,DT
367553:8775,353:353,05/16/23 00:44:24,STABLE BEAMS,6800,448294.049277302,435119.781141011,57.9,DT
367553:8775,354:354,05/16/23 00:44:47,STABLE BEAMS,6800,447556.186770402,434305.114875057,57.8,DT
367553:8775,355:355,05/16/23 00:45:10,STABLE BEAMS,6800,447588.175652870,434313.185791166,57.9,DT
367553:8775,356:356,05/16/23 00:45:34,STABLE BEAMS,6800,447564.239733391,434292.541604708,57.9,DT
367553:8775,357:357,05/16/23 00:45:57,STABLE BEAMS,6800,447505.918733361,434191.633764531,57.8,DT
367553:8775,358:358,05/16/23 00:46:20,STABLE BEAMS,6800,446990.844734186,433050.953519117,57.8,DT
367553:8775,359:359,05/16/23 00:46:44,STABLE BEAMS,6800,446884.472361325,433537.631454207,57.8,DT
367553:8775,360:360,05/16/23 00:47:07,STABLE BEAMS,6800,446878.727277337,433441.245718206,57.8,DT
367553:8775,361:361,05/16/23 00:47:30,STABLE BEAMS,6800,446332.524420867,433066.365793841,57.7,DT
367553:8775,362:362,05/16/23 00:47:54,STABLE BEAMS,6800,446053.766227729,432928.644594136,57.7,DT
367553:8775,363:363,05/16/23 00:48:17,STABLE BEAMS,6800,445648.277389058,432639.814912195,57.6,DT
367553:8775,364:364,05/16/23 00:48:40,STABLE BEAMS,6800,444998.778849111,432060.266739047,57.5,DT
367553:8775,365:365,05/16/23 00:49:04,STABLE BEAMS,6800,443821.040975135,431031.049133808,57.4,DT
367553:8775,366:366,05/16/23 00:49:27,STABLE BEAMS,6800,443384.332064380,430621.581948048,57.3,DT
367553:8775,367:367,05/16/23 00:49:50,STABLE BEAMS,6800,443833.437499607,431063.989154375,57.4,DT
367553:8775,368:368,05/16/23 00:50:13,STABLE BEAMS,6800,443113.583398615,430361.661626108,57.3,DT
367553:8775,369:369,05/16/23 00:50:37,STABLE BEAMS,6800,443030.738650452,430376.952464327,57.3,DT
367553:8775,370:370,05/16/23 00:51:00,STABLE BEAMS,6800,442625.158596991,423920.570264001,57.2,DT
367553:8775,371:371,05/16/23 00:51:23,STABLE BEAMS,6800,442086.150126191,429400.240037990,57.1,DT
367553:8775,372:372,05/16/23 00:51:47,STABLE BEAMS,6800,441984.347180010,428340.583506582,57.1,DT
367553:8775,373:373,05/16/23 00:52:10,STABLE BEAMS,6800,450320.908537708,435109.014073699,58.2,DT
367553:8775,374:374,05/16/23 00:52:33,STABLE BEAMS,6800,461796.597975412,446029.808346874,59.7,DT
367553:8775,375:375,05/16/23 00:52:57,STABLE BEAMS,6800,461685.158114154,445936.343660827,59.7,DT
367553:8775,376:376,05/16/23 00:53:20,STABLE BEAMS,6800,461783.794604014,446124.020287700,59.7,DT
367553:8775,377:377,05/16/23 00:53:43,STABLE BEAMS,6800,461276.366720902,445828.392056185,59.6,DT
367553:8775,378:378,05/16/23 00:54:07,STABLE BEAMS,6800,460264.813509260,444884.267080900,59.5,DT
367553:8775,379:379,05/16/23 00:54:30,STABLE BEAMS,6800,460745.547311352,445070.961860331,59.6,DT
367553:8775,380:380,05/16/23 00:54:53,STABLE BEAMS,6800,461466.894149640,445819.045677043,59.6,DT
367553:8775,381:381,05/16/23 00:55:16,STABLE BEAMS,6800,461548.653007432,445328.784379127,59.7,DT
367553:8775,382:382,05/16/23 00:55:40,STABLE BEAMS,6800,461549.649130865,446144.047757628,59.7,DT
367553:8775,383:383,05/16/23 00:56:03,STABLE BEAMS,6800,460896.305091152,445780.401708314,59.6,DT
367553:8775,384:384,05/16/23 00:56:26,STABLE BEAMS,6800,460106.907675112,444950.571211885,59.5,DT
367553:8775,385:385,05/16/23 00:56:50,STABLE BEAMS,6800,460412.087752751,445079.682071129,59.5,DT
367553:8775,386:386,05/16/23 00:57:13,STABLE BEAMS,6800,460265.673534433,444955.176715311,59.5,DT
367553:8775,387:387,05/16/23 00:57:36,STABLE BEAMS,6800,460361.819715710,445268.604349402,59.5,DT
367553:8775,388:388,05/16/23 00:58:00,STABLE BEAMS,6800,459883.214258745,444588.624576549,59.4,DT
367553:8775,389:389,05/16/23 00:58:23,STABLE BEAMS,6800,460173.372852923,428226.685922655,59.5,DT
367553:8775,390:390,05/16/23 00:58:46,STABLE BEAMS,6800,459588.439906565,424510.222396962,59.4,DT
367553:8775,391:391,05/16/23 00:59:10,STABLE BEAMS,6800,459127.298462469,435548.155595310,59.3,DT
367553:8775,392:392,05/16/23 00:59:33,STABLE BEAMS,6800,459115.082919725,437748.438421185,59.3,DT
367553:8775,393:393,05/16/23 00:59:56,STABLE BEAMS,6800,458777.234916173,438630.319839378,59.3,DT
367553:8775,394:394,05/16/23 01:00:20,STABLE BEAMS,6800,457871.557463529,431422.603741547,59.2,DT
367553:8775,395:395,05/16/23 01:00:43,STABLE BEAMS,6800,457615.830281226,436281.882504892,59.2,DT
367553:8775,396:396,05/16/23 01:01:06,STABLE BEAMS,6800,457473.533759194,442655.801401756,59.1,DT
367553:8775,397:397,05/16/23 01:01:30,STABLE BEAMS,6800,456733.453140230,436973.761648663,59.0,DT
367553:8775,398:398,05/16/23 01:01:53,STABLE BEAMS,6800,456215.438549931,441660.447907225,59.0,DT
367553:8775,399:399,05/16/23 01:02:16,STABLE BEAMS,6800,455778.548657447,441337.696763667,58.9,DT
367553:8775,400:400,05/16/23 01:02:39,STABLE BEAMS,6800,454883.140832002,440435.891432499,58.8,DT
367553:8775,401:401,05/16/23 01:03:03,STABLE BEAMS,6800,454754.417939604,433449.393878600,58.8,DT
367553:8775,402:402,05/16/23 01:03:26,STABLE BEAMS,6800,454905.764995913,440068.251548905,58.8,DT
367553:8775,403:403,05/16/23 01:03:49,STABLE BEAMS,6800,455372.108578812,441012.600726729,58.9,DT
367553:8775,404:404,05/16/23 01:04:13,STABLE BEAMS,6800,454995.621700162,434481.321236229,58.8,DT
367553:8775,405:405,05/16/23 01:04:36,STABLE BEAMS,6800,454137.768307298,439677.182517798,58.7,DT
367553:8775,406:406,05/16/23 01:04:59,STABLE BEAMS,6800,455685.387950763,441283.369058935,58.9,DT
367553:8775,407:407,05/16/23 01:05:23,STABLE BEAMS,6800,455712.943504810,441334.493280887,58.9,DT
367553:8775,408:408,05/16/23 01:05:46,STABLE BEAMS,6800,456021.877867424,441819.631596675,58.9,DT
367553:8775,409:409,05/16/23 01:06:09,STABLE BEAMS,6800,456007.626642199,441694.236862234,58.9,DT
367553:8775,410:410,05/16/23 01:06:32,STABLE BEAMS,6800,455259.718925443,441105.295411011,58.8,DT
367553:8775,411:411,05/16/23 01:06:56,STABLE BEAMS,6800,455333.650685442,440515.821080118,58.9,DT
367553:8775,412:412,05/16/23 01:07:19,STABLE BEAMS,6800,455010.734398415,440848.957641464,58.8,DT
367553:8775,413:413,05/16/23 01:07:43,STABLE BEAMS,6800,454587.961080751,440146.149371816,58.8,DT
367553:8775,414:414,05/16/23 01:08:06,STABLE BEAMS,6800,453896.655761531,439575.928184048,58.7,DT
367553:8775,415:415,05/16/23 01:08:29,STABLE BEAMS,6800,453559.802433559,438584.463772718,58.6,DT
367553:8775,416:416,05/16/23 01:08:52,STABLE BEAMS,6800,453277.336286768,439236.025129798,58.6,DT
367553:8775,417:417,05/16/23 01:09:16,STABLE BEAMS,6800,452722.808270790,438598.594047651,58.5,DT
367553:8775,418:418,05/16/23 01:09:39,STABLE BEAMS,6800,452384.236340324,438309.206183167,58.5,DT
367553:8775,419:419,05/16/23 01:10:02,STABLE BEAMS,6800,452307.681069189,374196.953831547,58.5,DT
367553:8775,420:420,05/16/23 01:10:26,STABLE BEAMS,6800,452247.731233603,438367.685042269,58.5,DT
367553:8775,421:421,05/16/23 01:10:49,STABLE BEAMS,6800,451535.613015611,437770.624491667,58.4,DT
367553:8775,422:422,05/16/23 01:11:12,STABLE BEAMS,6800,450512.161341214,436748.914438130,58.2,DT
367553:8775,423:423,05/16/23 01:11:36,STABLE BEAMS,6800,451122.340514764,437142.283164453,58.3,DT
367553:8775,424:424,05/16/23 01:11:59,STABLE BEAMS,6800,451207.176061939,437293.453603674,58.3,DT
367553:8775,425:425,05/16/23 01:12:22,STABLE BEAMS,6800,451015.878374965,437294.189467225,58.3,DT
367553:8775,426:426,05/16/23 01:12:46,STABLE BEAMS,6800,450902.900892942,437207.244267558,58.3,DT
367553:8775,427:427,05/16/23 01:13:09,STABLE BEAMS,6800,450276.025069052,436633.796790402,58.2,DT
367553:8775,428:428,05/16/23 01:13:32,STABLE BEAMS,6800,450030.251881814,436457.873220937,58.2,DT
367553:8775,429:429,05/16/23 01:13:55,STABLE BEAMS,6800,450395.338359425,435988.168392795,58.2,DT
367553:8775,430:430,05/16/23 01:14:19,STABLE BEAMS,6800,449874.969558802,347685.095538822,58.1,DT
367553:8775,431:431,05/16/23 01:14:42,STABLE BEAMS,6800,449707.787325180,436252.226820625,58.1,DT
367553:8775,432:432,05/16/23 01:15:05,STABLE BEAMS,6800,449497.848520176,435997.582401049,58.1,DT
367553:8775,433:433,05/16/23 01:15:29,STABLE BEAMS,6800,449246.828310666,435677.451629044,58.1,DT
367553:8775,434:434,05/16/23 01:15:52,STABLE BEAMS,6800,449005.398684911,435549.381157731,58.0,DT
367553:8775,435:435,05/16/23 01:16:15,STABLE BEAMS,6800,449170.815984716,435786.358296313,58.1,DT
367553:8775,436:436,05/16/23 01:16:39,STABLE BEAMS,6800,448915.314667610,435457.460623678,58.0,DT
367553:8775,437:437,05/16/23 01:17:02,STABLE BEAMS,6800,449021.369960483,435749.190784228,58.0,DT
367553:8775,438:438,05/16/23 01:17:25,STABLE BEAMS,6800,448219.665786908,434801.303208727,57.9,DT
367553:8775,439:439,05/16/23 01:17:49,STABLE BEAMS,6800,447727.938430703,434324.388445297,57.9,DT
367553:8775,440:440,05/16/23 01:18:12,STABLE BEAMS,6800,446977.181337615,433833.245502474,57.8,DT
367553:8775,441:441,05/16/23 01:18:35,STABLE BEAMS,6800,447128.345964341,433993.793412461,57.8,DT
367553:8775,442:442,05/16/23 01:18:58,STABLE BEAMS,6800,447165.764298662,427782.114595692,57.8,DT
367553:8775,443:443,05/16/23 01:19:22,STABLE BEAMS,6800,446368.494901361,433175.016319766,57.7,DT
367553:8775,444:444,05/16/23 01:19:45,STABLE BEAMS,6800,445719.584190068,432545.254947553,57.6,DT
367553:8775,445:445,05/16/23 01:20:08,STABLE BEAMS,6800,445107.459100974,432095.675345859,57.5,DT
367553:8775,446:446,05/16/23 01:20:32,STABLE BEAMS,6800,445477.566735659,432648.454435011,57.6,DT
367553:8775,447:447,05/16/23 01:20:55,STABLE BEAMS,6800,444610.076427718,431766.551478061,57.5,DT
367553:8775,448:448,05/16/23 01:21:18,STABLE BEAMS,6800,444248.202737751,431313.626354239,57.4,DT
367553:8775,449:449,05/16/23 01:21:42,STABLE BEAMS,6800,444708.348058414,431667.238885279,57.5,DT
367553:8775,450:450,05/16/23 01:22:05,STABLE BEAMS,6800,445377.166759837,432372.204619748,57.6,DT
367553:8775,451:451,05/16/23 01:22:28,STABLE BEAMS,6800,444953.624631789,431111.550042399,57.5,DT
367553:8775,452:452,05/16/23 01:22:52,STABLE BEAMS,6800,451164.645355753,339754.651941063,58.3,DT
367553:8775,453:453,05/16/23 01:23:15,STABLE BEAMS,6800,466492.984061811,450215.870944585,60.3,DT
367553:8775,454:454,05/16/23 01:23:38,STABLE BEAMS,6800,467640.951165384,451448.088241666,60.4,DT
367553:8775,455:455,05/16/23 01:24:01,STABLE BEAMS,6800,467553.581874010,451314.455603529,60.4,DT
367553:8775,456:456,05/16/23 01:24:25,STABLE BEAMS,6800,467258.626540102,450911.462377160,60.4,DT
367553:8775,457:457,05/16/23 01:24:48,STABLE BEAMS,6800,467148.227685746,451109.330898772,60.4,DT
367553:8775,458:458,05/16/23 01:25:11,STABLE BEAMS,6800,466786.264228841,450271.297396130,60.3,DT
367553:8775,459:459,05/16/23 01:25:35,STABLE BEAMS,6800,466896.392334531,450889.593289295,60.3,DT
367553:8775,460:460,05/16/23 01:25:58,STABLE BEAMS,6800,466253.726216797,449824.955344359,60.3,DT
367553:8775,461:461,05/16/23 01:26:21,STABLE BEAMS,6800,466614.467685071,450569.222012833,60.3,DT
367553:8775,462:462,05/16/23 01:26:45,STABLE BEAMS,6800,466278.610480533,362167.937253355,60.3,DT
367553:8775,463:463,05/16/23 01:27:08,STABLE BEAMS,6800,465530.885193359,449519.530495169,60.2,DT
367553:8775,464:464,05/16/23 01:27:31,STABLE BEAMS,6800,465648.749182050,366275.383015889,60.2,DT
367553:8775,465:465,05/16/23 01:27:55,STABLE BEAMS,6800,464988.346854928,196462.876948373,60.1,DT
367553:8775,466:466,05/16/23 01:28:18,STABLE BEAMS,6800,464028.555865476,437611.042855050,60.0,DT
367553:8775,467:467,05/16/23 01:28:41,STABLE BEAMS,6800,463278.114404522,442608.757441666,59.9,DT
367553:8775,468:468,05/16/23 01:29:05,STABLE BEAMS,6800,462607.623431929,440847.558392770,59.8,DT
367553:8775,469:469,05/16/23 01:29:28,STABLE BEAMS,6800,462508.399113414,380729.906222899,59.8,DT
367553:8775,470:470,05/16/23 01:29:51,STABLE BEAMS,6800,463184.682949172,413471.083897409,59.9,DT
367553:8775,471:471,05/16/23 01:30:15,STABLE BEAMS,6800,462895.022416711,442408.523913625,59.8,DT
367553:8775,472:472,05/16/23 01:30:38,STABLE BEAMS,6800,462828.374809318,439225.721258420,59.8,DT
367553:8775,473:473,05/16/23 01:31:01,STABLE BEAMS,6800,462361.714146431,440472.522762936,59.8,DT
367553:8775,474:474,05/16/23 01:31:24,STABLE BEAMS,6800,462948.048615294,440968.981693547,59.8,DT
367553:8775,475:475,05/16/23 01:31:48,STABLE BEAMS,6800,462093.544108333,446894.571567291,59.7,DT
367553:8775,476:476,05/16/23 01:32:11,STABLE BEAMS,6800,462258.870193347,446415.729651930,59.8,DT
367553:8775,477:477,05/16/23 01:32:34,STABLE BEAMS,6800,462349.678137562,447011.617279892,59.8,DT
367553:8775,478:478,05/16/23 01:32:58,STABLE BEAMS,6800,461515.669449385,439803.066517376,59.7,DT
367553:8775,479:479,05/16/23 01:33:21,STABLE BEAMS,6800,460828.798906440,440542.464165734,59.6,DT
367553:8775,480:480,05/16/23 01:33:44,STABLE BEAMS,6800,460366.661338910,445008.911507946,59.5,DT
367553:8775,481:481,05/16/23 01:34:08,STABLE BEAMS,6800,460827.078856093,445773.201270385,59.6,DT
367553:8775,482:482,05/16/23 01:34:31,STABLE BEAMS,6800,460805.633245198,440578.000648540,59.6,DT
367553:8775,483:483,05/16/23 01:34:54,STABLE BEAMS,6800,460221.152029234,269000.929821879,59.5,DT
367553:8775,484:484,05/16/23 01:35:18,STABLE BEAMS,6800,459551.474750492,444520.321136876,59.4,DT
367553:8775,485:485,05/16/23 01:35:41,STABLE BEAMS,6800,460087.995808416,445151.371115759,59.5,DT
367553:8775,486:486,05/16/23 01:36:04,STABLE BEAMS,6800,460027.411812853,445029.971261164,59.5,DT
367553:8775,487:487,05/16/23 01:36:27,STABLE BEAMS,6800,459790.641380715,444980.235050172,59.4,DT
367553:8775,488:488,05/16/23 01:36:51,STABLE BEAMS,6800,459300.904823523,439420.331598692,59.4,DT
367553:8775,489:489,05/16/23 01:37:14,STABLE BEAMS,6800,458969.075548333,444238.293709020,59.3,DT
367553:8775,490:490,05/16/23 01:37:37,STABLE BEAMS,6800,459175.801565694,444190.418136744,59.4,DT
367553:8775,491:491,05/16/23 01:38:01,STABLE BEAMS,6800,458263.834636023,442809.267080253,59.2,DT
367553:8775,492:492,05/16/23 01:38:24,STABLE BEAMS,6800,458663.035445520,443495.883584195,59.3,DT
367553:8775,493:493,05/16/23 01:38:47,STABLE BEAMS,6800,458472.778765448,414223.767071494,59.3,DT
367553:8775,494:494,05/16/23 01:39:11,STABLE BEAMS,6800,458028.151542109,372366.550882439,59.2,DT
367553:8775,495:495,05/16/23 01:39:34,STABLE BEAMS,6800,457648.813839273,442915.752210506,59.2,DT
367553:8775,496:496,05/16/23 01:39:57,STABLE BEAMS,6800,457626.959933599,442831.851854549,59.2,DT
367553:8775,497:497,05/16/23 01:40:21,STABLE BEAMS,6800,457205.589586293,442494.965313773,59.1,DT
367553:8775,498:498,05/16/23 01:40:44,STABLE BEAMS,6800,456039.660408135,441628.087508654,58.9,DT
367553:8775,499:499,05/16/23 01:41:07,STABLE BEAMS,6800,455658.919734940,346499.866405083,58.9,DT
367553:8775,500:500,05/16/23 01:41:30,STABLE BEAMS,6800,454937.888528786,440577.750648074,58.8,DT
367553:8775,501:501,05/16/23 01:41:54,STABLE BEAMS,6800,455076.837612769,440779.164265956,58.8,DT
367553:8775,502:502,05/16/23 01:42:17,STABLE BEAMS,6800,453624.278260211,439497.810061118,58.6,DT
367553:8775,503:503,05/16/23 01:42:40,STABLE BEAMS,6800,452694.664888088,438633.914228035,58.5,DT
367553:8775,504:504,05/16/23 01:43:04,STABLE BEAMS,6800,453555.956933793,439331.544763888,58.6,DT
367553:8775,505:505,05/16/23 01:43:27,STABLE BEAMS,6800,453379.137785095,439399.890955433,58.6,DT
367553:8775,506:506,05/16/23 01:43:50,STABLE BEAMS,6800,452662.767220412,341973.845547933,58.5,DT
367553:8775,507:507,05/16/23 01:44:14,STABLE BEAMS,6800,452265.241577794,438197.443408606,58.5,DT
367553:8775,508:508,05/16/23 01:44:37,STABLE BEAMS,6800,452828.456716737,437855.380762595,58.5,DT
367553:8775,509:509,05/16/23 01:45:00,STABLE BEAMS,6800,452586.348047537,438472.163221087,58.5,DT
367553:8775,510:510,05/16/23 01:45:24,STABLE BEAMS,6800,452906.956455563,438679.177721057,58.5,DT
367553:8775,511:511,05/16/23 01:45:47,STABLE BEAMS,6800,452501.965678609,438480.397633356,58.5,DT
367553:8775,512:512,05/16/23 01:46:10,STABLE BEAMS,6800,452701.407543364,438621.143588558,58.5,DT
367553:8775,513:513,05/16/23 01:46:34,STABLE BEAMS,6800,452527.348004061,438340.979023594,58.5,DT
367553:8775,514:514,05/16/23 01:46:57,STABLE BEAMS,6800,452414.324190716,438461.364117050,58.5,DT
367553:8775,515:515,05/16/23 01:47:20,STABLE BEAMS,6800,452663.672129055,438765.899950291,58.5,DT
367553:8775,516:516,05/16/23 01:47:44,STABLE BEAMS,6800,452512.054324080,438444.973095096,58.5,DT
367553:8775,517:517,05/16/23 01:48:07,STABLE BEAMS,6800,452573.860308274,438629.263730528,58.5,DT
367553:8775,518:518,05/16/23 01:48:30,STABLE BEAMS,6800,452115.795553561,438205.430417426,58.4,DT
367553:8775,519:519,05/16/23 01:48:53,STABLE BEAMS,6800,452019.784022690,438063.389774585,58.4,DT
367553:8775,520:520,05/16/23 01:49:17,STABLE BEAMS,6800,451153.153739923,437319.405742509,58.3,DT
367553:8775,521:521,05/16/23 01:49:40,STABLE BEAMS,6800,450748.070300324,437156.626459693,58.3,DT
367553:8775,522:522,05/16/23 01:50:03,STABLE BEAMS,6800,450512.206224682,436903.412501256,58.2,DT
367553:8775,523:523,05/16/23 01:50:27,STABLE BEAMS,6800,448886.402474527,435227.217215523,58.0,DT
367553:8775,524:524,05/16/23 01:50:50,STABLE BEAMS,6800,449131.361967914,435624.211976667,58.1,DT
367553:8775,525:525,05/16/23 01:51:13,STABLE BEAMS,6800,449383.242202597,435917.406302016,58.1,DT
367553:8775,526:526,05/16/23 01:51:37,STABLE BEAMS,6800,449324.921202567,435884.811842793,58.1,DT
367553:8775,527:527,05/16/23 01:52:00,STABLE BEAMS,6800,448887.714230094,435636.682135896,58.0,DT
367553:8775,528:528,05/16/23 01:52:23,STABLE BEAMS,6800,448717.410423621,435369.085154605,58.0,DT
367553:8775,529:529,05/16/23 01:52:47,STABLE BEAMS,6800,448763.696862636,435463.632205165,58.0,DT
367553:8775,530:530,05/16/23 01:53:10,STABLE BEAMS,6800,448778.220284381,435548.143478681,58.0,DT
367553:8775,531:531,05/16/23 01:53:33,STABLE BEAMS,6800,448581.674127282,435260.893192403,58.0,DT
367553:8775,532:532,05/16/23 01:53:56,STABLE BEAMS,6800,448556.925961806,335139.670114917,58.0,DT
367553:8775,533:533,05/16/23 01:54:20,STABLE BEAMS,6800,447938.375297425,327074.719673682,57.9,DT
367553:8775,534:534,05/16/23 01:54:43,STABLE BEAMS,6800,447181.147745580,433966.444612867,57.8,DT
367553:8775,535:535,05/16/23 01:55:06,STABLE BEAMS,6800,446994.600467015,433932.294273446,57.8,DT
367553:8775,536:536,05/16/23 01:55:30,STABLE BEAMS,6800,446477.399570567,433436.746395688,57.7,DT
367553:8775,537:537,05/16/23 01:55:53,STABLE BEAMS,6800,445646.422688305,432653.080318724,57.6,DT
367553:8775,538:538,05/16/23 01:56:16,STABLE BEAMS,6800,444841.324745358,431835.400223488,57.5,DT
367553:8775,539:539,05/16/23 01:56:40,STABLE BEAMS,6800,444577.227520077,431601.141073012,57.5,DT
367553:8775,540:540,05/16/23 01:57:03,STABLE BEAMS,6800,444150.970666103,431156.819070631,57.4,DT
367553:8775,541:541,05/16/23 01:57:26,STABLE BEAMS,6800,444128.665030035,431316.498460608,57.4,DT
367553:8775,542:542,05/16/23 01:57:50,STABLE BEAMS,6800,443601.780887188,430833.614338807,57.3,DT
367553:8775,543:543,05/16/23 01:58:13,STABLE BEAMS,6800,443605.672718277,419744.404828757,57.3,DT
367553:8775,544:544,05/16/23 01:58:36,STABLE BEAMS,6800,442572.718779208,423818.080661706,57.2,DT
367553:8775,545:545,05/16/23 01:58:59,STABLE BEAMS,6800,442479.015127339,423433.665039210,57.2,DT
367553:8775,546:546,05/16/23 01:59:23,STABLE BEAMS,6800,442618.100309581,422053.804968751,57.2,DT
367553:8775,547:547,05/16/23 01:59:46,STABLE BEAMS,6800,457670.667744947,441822.625118125,59.2,DT
367553:8775,548:548,05/16/23 02:00:09,STABLE BEAMS,6800,465750.054066515,436117.983683731,60.2,DT
367553:8775,549:549,05/16/23 02:00:33,STABLE BEAMS,6800,465251.992349814,442306.928240656,60.1,DT
367553:8775,550:550,05/16/23 02:00:56,STABLE BEAMS,6800,464732.393807427,443464.105648013,60.1,DT
367553:8775,551:551,05/16/23 02:01:19,STABLE BEAMS,6800,464493.316944142,442198.393693696,60.0,DT
367553:8775,552:552,05/16/23 02:01:43,STABLE BEAMS,6800,464053.576227471,304947.746185527,60.0,DT
367553:8775,553:553,05/16/23 02:02:06,STABLE BEAMS,6800,463103.603134825,447468.086860165,59.9,DT
367553:8775,554:554,05/16/23 02:02:29,STABLE BEAMS,6800,464207.410696656,448333.105768590,60.0,DT
367553:8775,555:555,05/16/23 02:02:53,STABLE BEAMS,6800,463203.730914128,439010.530799525,59.9,DT
367553:8775,556:556,05/16/23 02:03:16,STABLE BEAMS,6800,462789.508621169,447047.614915002,59.8,DT
367553:8775,557:557,05/16/23 02:03:39,STABLE BEAMS,6800,462672.368559392,440383.973663142,59.8,DT
367553:8775,558:558,05/16/23 02:04:03,STABLE BEAMS,6800,462746.571068058,346482.654267369,59.8,DT
367553:8775,559:559,05/16/23 02:04:26,STABLE BEAMS,6800,461984.186260879,446401.536994453,59.7,DT
367553:8775,560:560,05/16/23 02:04:49,STABLE BEAMS,6800,462131.821019974,446733.913067700,59.7,DT
367553:8775,561:561,05/16/23 02:05:12,STABLE BEAMS,6800,461739.860927469,352490.635760844,59.7,DT
367553:8775,562:562,05/16/23 02:05:36,STABLE BEAMS,6800,461085.792960842,436975.881371839,59.6,DT
367553:8775,563:563,05/16/23 02:05:59,STABLE BEAMS,6800,460638.949073293,445393.177123361,59.5,DT
367553:8775,564:564,05/16/23 02:06:22,STABLE BEAMS,6800,460583.568664387,439584.742640591,59.5,DT
367553:8775,565:565,05/16/23 02:06:46,STABLE BEAMS,6800,459790.958460703,444733.520879449,59.4,DT
367553:8775,566:566,05/16/23 02:07:09,STABLE BEAMS,6800,459500.529117860,444818.362263349,59.4,DT
367553:8775,567:567,05/16/23 02:07:32,STABLE BEAMS,6800,457835.088921319,443251.337963727,59.2,DT
367553:8775,568:568,05/16/23 02:07:56,STABLE BEAMS,6800,458045.842868029,443312.874184570,59.2,DT
367553:8775,569:569,05/16/23 02:08:19,STABLE BEAMS,6800,458485.039191660,443712.629680108,59.3,DT
367553:8775,570:570,05/16/23 02:08:42,STABLE BEAMS,6800,458361.475002450,443929.821090726,59.2,DT
367553:8775,571:571,05/16/23 02:09:06,STABLE BEAMS,6800,457304.993438682,441986.091807673,59.1,DT
367553:8775,572:572,05/16/23 02:09:29,STABLE BEAMS,6800,457577.281173066,442804.404964960,59.1,DT
367553:8775,573:573,05/16/23 02:09:52,STABLE BEAMS,6800,458040.548066581,443345.768520754,59.2,DT
367553:8775,574:574,05/16/23 02:10:15,STABLE BEAMS,6800,458466.806368409,443869.580078354,59.3,DT
367553:8775,575:575,05/16/23 02:10:39,STABLE BEAMS,6800,458408.937098773,443641.990292606,59.3,DT
367553:8775,576:576,05/16/23 02:11:02,STABLE BEAMS,6800,458217.368663133,443420.988491001,59.2,DT
367553:8775,577:577,05/16/23 02:11:25,STABLE BEAMS,6800,458447.305225205,443221.678454894,59.3,DT
367553:8775,578:578,05/16/23 02:11:49,STABLE BEAMS,6800,458252.930848847,443635.314540340,59.2,DT
367553:8775,579:579,05/16/23 02:12:12,STABLE BEAMS,6800,457981.006525774,443062.887696197,59.2,DT
367553:8775,580:580,05/16/23 02:12:35,STABLE BEAMS,6800,457122.201892946,442616.251635836,59.1,DT
367553:8775,581:581,05/16/23 02:12:59,STABLE BEAMS,6800,456968.774270687,442580.476312240,59.1,DT
367553:8775,582:582,05/16/23 02:13:22,STABLE BEAMS,6800,456901.902245950,349389.110637766,59.1,DT
367553:8775,583:583,05/16/23 02:13:45,STABLE BEAMS,6800,455904.829020438,441653.703207012,58.9,DT
367553:8775,584:584,05/16/23 02:14:09,STABLE BEAMS,6800,455631.591493944,441339.392995295,58.9,DT
367553:8775,585:585,05/16/23 02:14:32,STABLE BEAMS,6800,455326.139219785,441246.450500113,58.9,DT
367553:8775,586:586,05/16/23 02:14:55,STABLE BEAMS,6800,455680.139480638,441468.077473589,58.9,DT
367553:8775,587:587,05/16/23 02:15:19,STABLE BEAMS,6800,455035.935742139,440894.862233261,58.8,DT
367553:8775,588:588,05/16/23 02:15:42,STABLE BEAMS,6800,455063.851811789,440776.408735051,58.8,DT
367553:8775,589:589,05/16/23 02:16:05,STABLE BEAMS,6800,455152.713840459,441033.230385790,58.8,DT
367553:8775,590:590,05/16/23 02:16:29,STABLE BEAMS,6800,455059.010188589,440949.321236417,58.8,DT
367553:8775,591:591,05/16/23 02:16:52,STABLE BEAMS,6800,454507.650076786,440567.232368136,58.7,DT
367553:8775,592:592,05/16/23 02:17:15,STABLE BEAMS,6800,454023.342971448,439974.248048997,58.7,DT
367553:8775,593:593,05/16/23 02:17:38,STABLE BEAMS,6800,453879.009319080,439855.876937819,58.7,DT
367553:8775,594:594,05/16/23 02:18:02,STABLE BEAMS,6800,453854.078724023,439969.010502814,58.7,DT
367553:8775,595:595,05/16/23 02:18:25,STABLE BEAMS,6800,452738.462466374,438523.330375350,58.5,DT
367553:8775,596:596,05/16/23 02:18:48,STABLE BEAMS,6800,452337.543054383,438515.162680259,58.5,DT
367553:8775,597:597,05/16/23 02:19:12,STABLE BEAMS,6800,452198.457872141,438441.523814995,58.4,DT
367553:8775,598:598,05/16/23 02:19:35,STABLE BEAMS,6800,451502.131395848,437730.598861087,58.4,DT
367553:8775,599:599,05/16/23 02:19:58,STABLE BEAMS,6800,450883.354866269,437098.025577275,58.3,DT
367553:8775,600:600,05/16/23 02:20:22,STABLE BEAMS,6800,450702.735101274,436961.932895868,58.3,DT
367553:8775,601:601,05/16/23 02:20:45,STABLE BEAMS,6800,451261.516911797,437789.303601481,58.3,DT
367553:8775,602:602,05/16/23 02:21:08,STABLE BEAMS,6800,450984.568535943,437331.382740688,58.3,DT
367553:8775,603:603,05/16/23 02:21:32,STABLE BEAMS,6800,451034.474609527,437501.106809076,58.3,DT
367553:8775,604:604,05/16/23 02:21:55,STABLE BEAMS,6800,450893.217646543,437398.401394948,58.3,DT
367553:8775,605:605,05/16/23 02:22:18,STABLE BEAMS,6800,451015.923258434,437481.303430441,58.3,DT
367553:8775,606:606,05/16/23 02:22:42,STABLE BEAMS,6800,450710.246566932,436890.435441250,58.3,DT
367553:8775,607:607,05/16/23 02:23:05,STABLE BEAMS,6800,450316.383994497,436895.485513499,58.2,DT
367553:8775,608:608,05/16/23 02:23:28,STABLE BEAMS,6800,450158.024982101,436760.293637578,58.2,DT
367553:8775,609:609,05/16/23 02:23:51,STABLE BEAMS,6800,449962.247635384,436740.350688172,58.2,DT
367553:8775,610:610,05/16/23 02:24:15,STABLE BEAMS,6800,449429.573525081,436041.457039125,58.1,DT
367553:8775,611:611,05/16/23 02:24:38,STABLE BEAMS,6800,448761.614848832,435376.258962904,58.0,DT
367553:8775,612:612,05/16/23 02:25:01,STABLE BEAMS,6800,449240.085655391,435774.072757783,58.1,DT
367553:8775,613:613,05/16/23 02:25:25,STABLE BEAMS,6800,448922.824685414,332105.776588234,58.0,DT
367553:8775,614:614,05/16/23 02:25:48,STABLE BEAMS,6800,448064.881525613,320616.567317413,57.9,DT
367553:8775,615:615,05/16/23 02:26:11,STABLE BEAMS,6800,447663.146971918,242018.211596822,57.9,DT
367553:8775,616:616,05/16/23 02:26:35,STABLE BEAMS,6800,447457.370746667,433573.015573612,57.8,DT
367553:8775,617:617,05/16/23 02:26:58,STABLE BEAMS,6800,447694.367044002,434482.522374614,57.9,DT
367553:8775,618:618,05/16/23 02:27:21,STABLE BEAMS,6800,447163.411536192,434125.648018737,57.8,DT
367553:8775,619:619,05/16/23 02:27:45,STABLE BEAMS,6800,446817.057391403,425270.776033227,57.8,DT
367553:8775,620:620,05/16/23 02:28:08,STABLE BEAMS,6800,446777.015545946,427411.623653427,57.7,DT
367553:8775,621:621,05/16/23 02:28:31,STABLE BEAMS,6800,446585.943724169,427260.017439634,57.7,DT
367553:8775,622:622,05/16/23 02:28:54,STABLE BEAMS,6800,446049.694862765,426651.502085231,57.7,DT
367553:8775,623:623,05/16/23 02:29:18,STABLE BEAMS,6800,446625.080660984,352897.740063222,57.7,DT
367553:8775,624:624,05/16/23 02:29:41,STABLE BEAMS,6800,446306.101088513,230890.244800460,57.7,DT
367553:8775,625:625,05/16/23 02:30:04,STABLE BEAMS,6800,444847.478124125,431299.861660160,57.5,DT
367553:8775,626:626,05/16/23 02:30:28,STABLE BEAMS,6800,444918.016114753,231816.738222786,57.5,DT
367553:8775,627:627,05/16/23 02:30:51,STABLE BEAMS,6800,444667.401304315,431734.757213951,57.5,DT
367553:8775,628:628,05/16/23 02:31:14,STABLE BEAMS,6800,445083.162665893,425797.058115421,57.5,DT
367553:8775,629:629,05/16/23 02:31:38,STABLE BEAMS,6800,444229.380637992,431241.711707757,57.4,DT
367553:8775,630:630,05/16/23 02:32:01,STABLE BEAMS,6800,444495.468662286,425499.322603098,57.5,DT
367553:8775,631:631,05/16/23 02:32:24,STABLE BEAMS,6800,444118.302740191,424829.553049104,57.4,DT
367553:8775,632:632,05/16/23 02:32:48,STABLE BEAMS,6800,443379.173361192,430596.814761376,57.3,DT
367553:8775,633:633,05/16/23 02:33:11,STABLE BEAMS,6800,444199.382554538,429921.584189045,57.4,DT
367553:8775,634:634,05/16/23 02:33:34,STABLE BEAMS,6800,458021.048371231,436100.491870589,59.2,DT
367553:8775,635:635,05/16/23 02:33:58,STABLE BEAMS,6800,464733.434814329,448822.791987133,60.1,DT
367553:8775,636:636,05/16/23 02:34:21,STABLE BEAMS,6800,463736.994300940,443080.818716197,59.9,DT
367553:8775,637:637,05/16/23 02:34:44,STABLE BEAMS,6800,463463.077731000,447836.579945779,59.9,DT
367553:8775,638:638,05/16/23 02:35:07,STABLE BEAMS,6800,463434.935796153,442812.527950846,59.9,DT
367553:8775,639:639,05/16/23 02:35:31,STABLE BEAMS,6800,462226.565678745,440885.838918153,59.7,DT
367553:8775,640:640,05/16/23 02:35:54,STABLE BEAMS,6800,462017.531782383,446673.954500837,59.7,DT
367553:8775,641:641,05/16/23 02:36:17,STABLE BEAMS,6800,462566.947426496,438391.833857695,59.8,DT
367553:8775,642:642,05/16/23 02:36:41,STABLE BEAMS,6800,462287.827269900,350241.992582454,59.8,DT
367553:8775,643:643,05/16/23 02:37:04,STABLE BEAMS,6800,461763.116355648,445922.916363823,59.7,DT
367553:8775,644:644,05/16/23 02:37:27,STABLE BEAMS,6800,461229.718318430,247027.767114697,59.6,DT
367554:8775,1:1,05/16/23 02:39:53,STABLE BEAMS,6800,461853.677037172,434648.298929780,59.7,PXL
367554:8775,2:2,05/16/23 02:40:16,STABLE BEAMS,6800,576656.470955934,544799.672349908,74.5,DT
367554:8775,3:3,05/16/23 02:40:40,STABLE BEAMS,6800,458823.159391731,423073.571003327,59.3,DT
367554:8775,4:4,05/16/23 02:41:03,STABLE BEAMS,6800,456510.076803851,432484.092705882,59.0,DT
367554:8775,5:5,05/16/23 02:41:26,STABLE BEAMS,6800,455365.322487922,330595.799252633,58.9,DT
367554:8775,6:6,05/16/23 02:41:50,STABLE BEAMS,6800,455793.389159180,424479.894029741,58.9,DT
367554:8775,7:7,05/16/23 02:42:13,STABLE BEAMS,6800,454826.177918862,439129.332847202,58.8,DT
367554:8775,8:8,05/16/23 02:42:36,STABLE BEAMS,6800,454237.896086601,439383.948679331,58.7,DT
367554:8775,9:9,05/16/23 02:43:00,STABLE BEAMS,6800,453964.206829713,432764.646234591,58.7,DT
367554:8775,10:10,05/16/23 02:43:23,STABLE BEAMS,6800,453351.266598914,411912.040252243,58.6,DT
367554:8775,11:11,05/16/23 02:43:46,STABLE BEAMS,6800,452606.662884592,231943.535990319,58.5,DT
367554:8775,12:12,05/16/23 02:44:10,STABLE BEAMS,6800,452500.019763065,346200.180315390,58.5,DT
367554:8775,13:13,05/16/23 02:44:33,STABLE BEAMS,6800,451864.049969284,430184.017134523,58.4,DT
367554:8775,14:14,05/16/23 02:44:56,STABLE BEAMS,6800,451230.975883157,436768.870770525,58.3,DT
367554:8775,15:15,05/16/23 02:45:19,STABLE BEAMS,6800,450968.009431716,428078.070683221,58.3,DT
367554:8775,16:16,05/16/23 02:45:43,STABLE BEAMS,6800,449978.989169193,337834.830406894,58.2,DT
367554:8775,17:17,05/16/23 02:46:06,STABLE BEAMS,6800,449165.612398060,246222.822059540,58.1,DT
367554:8775,18:18,05/16/23 02:46:29,STABLE BEAMS,6800,447051.111649761,433565.709988655,57.8,DT
367554:8775,19:19,05/16/23 02:46:53,STABLE BEAMS,6800,447692.827975384,427689.417362714,57.9,DT
367554:8775,20:20,05/16/23 02:47:16,STABLE BEAMS,6800,446505.994683662,433056.468857166,57.7,DT
367554:8775,21:21,05/16/23 02:47:39,STABLE BEAMS,6800,444692.919728027,431410.395402305,57.5,DT
367554:8775,22:22,05/16/23 02:48:03,STABLE BEAMS,6800,444052.516605825,430973.114916737,57.4,DT
367554:8775,23:23,05/16/23 02:48:26,STABLE BEAMS,6800,445361.738429449,425681.770287354,57.6,DT
367554:8775,24:24,05/16/23 02:48:49,STABLE BEAMS,6800,446006.847076591,419244.016040440,57.6,DT
367554:8775,25:25,05/16/23 02:49:13,STABLE BEAMS,6800,446393.649913762,433117.441238932,57.7,DT
367554:8775,26:26,05/16/23 02:49:36,STABLE BEAMS,6800,446500.611563131,433211.873756807,57.7,DT
367554:8775,27:27,05/16/23 02:49:59,STABLE BEAMS,6800,446409.803618917,326246.929126472,57.7,DT
367554:8775,28:28,05/16/23 02:50:23,STABLE BEAMS,6800,445916.266445427,432714.519492849,57.6,DT
367554:8775,29:29,05/16/23 02:50:46,STABLE BEAMS,6800,445983.274568423,432776.009943201,57.6,DT
367554:8775,30:30,05/16/23 02:51:09,STABLE BEAMS,6800,445206.456106437,431989.335704358,57.5,DT
367554:8775,31:31,05/16/23 02:51:32,STABLE BEAMS,6800,445060.086771588,427004.939863782,57.5,DT
367554:8775,32:32,05/16/23 02:51:56,STABLE BEAMS,6800,444879.511890061,431670.060046728,57.5,DT
367554:8775,33:33,05/16/23 02:52:19,STABLE BEAMS,6800,446047.929928949,432820.330304520,57.7,DT
367554:8775,34:34,05/16/23 02:52:42,STABLE BEAMS,6800,446910.307865025,432941.433883945,57.8,DT
367554:8775,35:35,05/16/23 02:53:06,STABLE BEAMS,6800,445965.131512109,432646.093606516,57.6,DT
367554:8775,36:36,05/16/23 02:53:29,STABLE BEAMS,6800,445677.777410796,432382.046537310,57.6,DT
367554:8775,37:37,05/16/23 02:53:52,STABLE BEAMS,6800,446019.924092362,333559.642877193,57.7,DT
367554:8775,38:38,05/16/23 02:54:16,STABLE BEAMS,6800,444917.790249556,341757.786839431,57.5,DT
367554:8775,39:39,05/16/23 02:54:39,STABLE BEAMS,6800,445326.446992401,432232.503050845,57.6,DT
367554:8775,40:40,05/16/23 02:55:02,STABLE BEAMS,6800,444606.048498370,431723.266659575,57.5,DT
367554:8775,41:41,05/16/23 02:55:26,STABLE BEAMS,6800,443597.618307434,430822.145125197,57.3,DT
367554:8775,42:42,05/16/23 02:55:49,STABLE BEAMS,6800,441412.717114620,428675.320003979,57.1,DT
367554:8775,43:43,05/16/23 02:56:12,STABLE BEAMS,6800,440356.281882176,427833.758003440,56.9,DT
367554:8775,44:44,05/16/23 02:56:36,STABLE BEAMS,6800,439712.619641008,427231.668374022,56.8,DT
367554:8775,45:45,05/16/23 02:56:59,STABLE BEAMS,6800,438710.749675765,426464.805500195,56.7,DT
367554:8775,46:46,05/16/23 02:57:22,STABLE BEAMS,6800,437523.373438858,425198.183200708,56.6,DT
367554:8775,47:47,05/16/23 02:57:45,STABLE BEAMS,6800,437618.207864567,425208.710267976,56.6,DT
367554:8775,48:48,05/16/23 02:58:09,STABLE BEAMS,6800,438299.197225264,425976.815900742,56.7,DT
367554:8775,49:49,05/16/23 02:58:32,STABLE BEAMS,6800,438352.903915146,426078.263685139,56.7,DT
367554:8775,50:50,05/16/23 02:58:55,STABLE BEAMS,6800,438682.607740917,425988.435697031,56.7,DT
367554:8775,51:51,05/16/23 02:59:19,STABLE BEAMS,6800,439422.595697236,426883.543793387,56.8,DT
367554:8775,52:52,05/16/23 02:59:42,STABLE BEAMS,6800,437917.055029564,425289.980023520,56.6,DT
367554:8775,53:53,05/16/23 03:00:05,STABLE BEAMS,6800,437785.345214719,425528.160023058,56.6,DT
367554:8775,54:54,05/16/23 03:00:29,STABLE BEAMS,6800,437917.959938206,425586.144423920,56.6,DT
367554:8775,55:55,05/16/23 03:00:52,STABLE BEAMS,6800,438294.899995104,425907.873785475,56.7,DT
367554:8775,56:56,05/16/23 03:01:15,STABLE BEAMS,6800,437759.509711019,425240.415405189,56.6,DT
367554:8775,57:57,05/16/23 03:01:39,STABLE BEAMS,6800,438239.926433123,425703.388850563,56.6,DT
367554:8775,58:58,05/16/23 03:02:02,STABLE BEAMS,6800,438405.705696385,425748.734725871,56.7,DT
367554:8775,59:59,05/16/23 03:02:25,STABLE BEAMS,6800,438326.706447989,425637.419269890,56.7,DT
367554:8775,60:60,05/16/23 03:02:48,STABLE BEAMS,6800,438344.578755637,425799.094447548,56.7,DT
367554:8775,61:61,05/16/23 03:03:12,STABLE BEAMS,6800,437924.158200442,425589.774054863,56.6,DT
367554:8775,62:62,05/16/23 03:03:35,STABLE BEAMS,6800,437399.764366179,425063.453998695,56.5,DT
367554:8775,63:63,05/16/23 03:03:58,STABLE BEAMS,6800,436842.702606003,118119.944092013,56.5,DT
367554:8775,64:64,05/16/23 03:04:22,STABLE BEAMS,6800,436738.819093871,414956.996587146,56.5,DT
367554:8775,65:65,05/16/23 03:04:45,STABLE BEAMS,6800,436783.566464267,424632.718497916,56.5,DT
367554:8775,66:66,05/16/23 03:05:08,STABLE BEAMS,6800,436340.025131299,424370.947711132,56.4,DT
367554:8775,67:67,05/16/23 03:05:32,STABLE BEAMS,6800,436352.376772303,424326.077206777,56.4,DT
367554:8775,68:68,05/16/23 03:05:55,STABLE BEAMS,6800,435818.299691640,423814.425169089,56.3,DT
367554:8775,69:69,05/16/23 03:06:18,STABLE BEAMS,6800,435654.240478725,423708.739481454,56.3,DT
367554:8775,70:70,05/16/23 03:06:42,STABLE BEAMS,6800,433789.313533961,421881.950005082,56.1,DT
367554:8775,71:71,05/16/23 03:07:05,STABLE BEAMS,6800,434023.957068827,422195.338018970,56.1,DT
367554:8775,72:72,05/16/23 03:07:28,STABLE BEAMS,6800,434236.248636301,422331.108662956,56.1,DT
367554:8775,73:73,05/16/23 03:07:52,STABLE BEAMS,6800,433556.253951183,418132.857395662,56.0,DT
367554:8775,74:74,05/16/23 03:08:15,STABLE BEAMS,6800,433082.535000887,417738.238804524,56.0,DT
367554:8775,75:75,05/16/23 03:08:38,STABLE BEAMS,6800,433860.620334972,418710.841256469,56.1,DT
367554:8775,76:76,05/16/23 03:09:01,STABLE BEAMS,6800,433958.124603139,418830.291046020,56.1,DT
367554:8775,77:77,05/16/23 03:09:25,STABLE BEAMS,6800,433816.009062835,418747.268694163,56.1,DT
367554:8775,78:78,05/16/23 03:09:48,STABLE BEAMS,6800,433721.671250989,418584.265325767,56.1,DT
367554:8775,79:79,05/16/23 03:10:11,STABLE BEAMS,6800,433371.200857768,412656.572128405,56.0,DT
367554:8775,80:80,05/16/23 03:10:35,STABLE BEAMS,6800,432317.389136459,405502.196322802,55.9,DT
367554:8775,81:81,05/16/23 03:10:58,STABLE BEAMS,6800,432085.008597126,204777.584929307,55.9,DT
367554:8775,82:82,05/16/23 03:11:21,STABLE BEAMS,6800,431729.696580706,233458.127865670,55.8,DT
367554:8775,83:83,05/16/23 03:11:45,STABLE BEAMS,6800,430825.737730555,408356.674941862,55.7,DT
367554:8775,84:84,05/16/23 03:12:08,STABLE BEAMS,6800,430617.518975898,409774.087939585,55.7,DT
367554:8775,85:85,05/16/23 03:12:31,STABLE BEAMS,6800,430603.447284547,411862.079050925,55.7,DT
367554:8775,86:86,05/16/23 03:12:55,STABLE BEAMS,6800,429645.828075837,409787.679191163,55.5,DT
367554:8775,87:87,05/16/23 03:13:18,STABLE BEAMS,6800,429297.029953787,325059.048915262,55.5,DT
367554:8775,88:88,05/16/23 03:13:41,STABLE BEAMS,6800,428909.187557568,409858.000058295,55.4,DT
367554:8775,89:89,05/16/23 03:14:04,STABLE BEAMS,6800,429602.663209674,403429.628529172,55.5,DT
367554:8775,90:90,05/16/23 03:14:28,STABLE BEAMS,6800,429054.243688995,414566.942902400,55.5,DT
367554:8775,91:91,05/16/23 03:14:51,STABLE BEAMS,6800,429750.163318363,415047.076544585,55.5,DT
367554:8775,92:92,05/16/23 03:15:14,STABLE BEAMS,6800,429576.512073840,409160.179493328,55.5,DT
367554:8775,93:93,05/16/23 03:15:38,STABLE BEAMS,6800,429426.478220953,415217.935433501,55.5,DT
367554:8775,94:94,05/16/23 03:16:01,STABLE BEAMS,6800,429841.152244306,409665.187258190,55.6,DT
367554:8775,95:95,05/16/23 03:16:24,STABLE BEAMS,6800,429498.508948877,415099.951714346,55.5,DT
367554:8775,96:96,05/16/23 03:16:48,STABLE BEAMS,6800,429833.912975168,409732.118510176,55.6,DT
367554:8775,97:97,05/16/23 03:17:11,STABLE BEAMS,6800,429070.938891482,415017.432159686,55.5,DT
367554:8775,98:98,05/16/23 03:17:34,STABLE BEAMS,6800,429099.489121108,414869.609690322,55.5,DT
367554:8775,99:99,05/16/23 03:17:58,STABLE BEAMS,6800,428888.193677067,414611.129355880,55.4,DT
367554:8775,100:100,05/16/23 03:18:21,STABLE BEAMS,6800,428238.016093675,413911.433214730,55.4,DT
367554:8775,101:101,05/16/23 03:18:44,STABLE BEAMS,6800,428376.739312461,414090.367816824,55.4,DT
367554:8775,102:102,05/16/23 03:19:08,STABLE BEAMS,6800,428720.151418272,414322.857702915,55.4,DT
367554:8775,103:103,05/16/23 03:19:31,STABLE BEAMS,6800,427700.953538420,413545.929840105,55.3,DT
367554:8775,104:104,05/16/23 03:19:54,STABLE BEAMS,6800,428008.667360258,413788.868677997,55.3,DT
367554:8775,105:105,05/16/23 03:20:17,STABLE BEAMS,6800,427867.772360731,413636.316866411,55.3,DT
367554:8775,106:106,05/16/23 03:20:41,STABLE BEAMS,6800,427867.863575522,413817.023047866,55.3,DT
367554:8775,107:107,05/16/23 03:21:04,STABLE BEAMS,6800,427268.224777837,413382.504599137,55.2,DT
367554:8775,108:108,05/16/23 03:21:27,STABLE BEAMS,6800,427188.547933849,413137.449527709,55.2,DT
367554:8775,109:109,05/16/23 03:21:51,STABLE BEAMS,6800,426803.192950506,412171.154314917,55.2,DT
367554:8775,110:110,05/16/23 03:22:14,STABLE BEAMS,6800,426756.046486317,413130.784917138,55.2,DT
367554:8775,111:111,05/16/23 03:22:37,STABLE BEAMS,6800,425872.222939347,412485.085991529,55.0,DT
367554:8775,112:112,05/16/23 03:23:01,STABLE BEAMS,6800,425351.176543133,411373.419229420,55.0,DT
367554:8775,113:113,05/16/23 03:23:24,STABLE BEAMS,6800,425106.399479328,411899.474558060,54.9,DT
367554:8775,114:114,05/16/23 03:23:47,STABLE BEAMS,6800,424596.708600684,411476.064660178,54.9,DT
367554:8775,115:115,05/16/23 03:24:11,STABLE BEAMS,6800,423808.760486325,410699.726592282,54.8,DT
367554:8775,116:116,05/16/23 03:24:34,STABLE BEAMS,6800,424104.076335837,410802.712523662,54.8,DT
367554:8775,117:117,05/16/23 03:24:57,STABLE BEAMS,6800,424118.827070632,410904.303194946,54.8,DT
367554:8775,118:118,05/16/23 03:25:21,STABLE BEAMS,6800,424344.963016407,411204.570946056,54.8,DT
367554:8775,119:119,05/16/23 03:25:44,STABLE BEAMS,6800,424309.943775878,410952.711255927,54.8,DT
367554:8775,120:120,05/16/23 03:26:07,STABLE BEAMS,6800,423781.747877463,410823.830879797,54.8,DT
367554:8775,121:121,05/16/23 03:26:30,STABLE BEAMS,6800,423183.241301471,410097.577281384,54.7,DT
367554:8775,122:122,05/16/23 03:26:54,STABLE BEAMS,6800,423808.262424608,410568.268366178,54.8,DT
367554:8775,123:123,05/16/23 03:27:17,STABLE BEAMS,6800,423938.207305637,410666.106245422,54.8,DT
367554:8775,124:124,05/16/23 03:27:40,STABLE BEAMS,6800,423354.313918327,410042.273321807,54.7,DT
367554:8775,125:125,05/16/23 03:28:04,STABLE BEAMS,6800,423056.600422877,409737.451893760,54.7,DT
367554:8775,126:126,05/16/23 03:28:27,STABLE BEAMS,6800,422960.363026809,409924.425647642,54.7,DT
367554:8775,127:127,05/16/23 03:28:50,STABLE BEAMS,6800,422832.046981337,409850.312400798,54.7,DT
367554:8775,128:128,05/16/23 03:29:14,STABLE BEAMS,6800,422265.076109564,409319.972972749,54.6,DT
367554:8775,129:129,05/16/23 03:29:37,STABLE BEAMS,6800,421711.361787437,408694.412449096,54.5,DT
367554:8775,130:130,05/16/23 03:30:00,STABLE BEAMS,6800,422181.281569291,409309.925088707,54.6,DT
367554:8775,131:131,05/16/23 03:30:24,STABLE BEAMS,6800,421791.129846216,408880.862796553,54.5,DT
367554:8775,132:132,05/16/23 03:30:47,STABLE BEAMS,6800,421071.727475618,408333.939155398,54.4,DT
367554:8775,133:133,05/16/23 03:31:10,STABLE BEAMS,6800,420887.579290845,408106.728391322,54.4,DT
367554:8775,134:134,05/16/23 03:31:34,STABLE BEAMS,6800,421034.083276100,408288.832210061,54.4,DT
367554:8775,135:135,05/16/23 03:31:57,STABLE BEAMS,6800,420780.391776279,407956.911065176,54.4,DT
367554:8775,136:136,05/16/23 03:32:20,STABLE BEAMS,6800,420360.876129726,407386.634753161,54.3,DT
367554:8775,137:137,05/16/23 03:32:43,STABLE BEAMS,6800,420025.291121707,406390.055794775,54.3,DT
367554:8775,138:138,05/16/23 03:33:07,STABLE BEAMS,6800,419875.936312265,407127.473601955,54.3,DT
367554:8775,139:139,05/16/23 03:33:30,STABLE BEAMS,6800,419416.287605465,406741.441413689,54.2,DT
367554:8775,140:140,05/16/23 03:33:53,STABLE BEAMS,6800,419265.802022184,406568.668763338,54.2,DT
367554:8775,141:141,05/16/23 03:34:17,STABLE BEAMS,6800,418910.036827515,406083.067927039,54.1,DT
367554:8775,142:142,05/16/23 03:34:40,STABLE BEAMS,6800,418657.160469399,398510.174100812,54.1,DT
367554:8775,143:143,05/16/23 03:35:03,STABLE BEAMS,6800,418108.061905275,405494.287935775,54.0,DT
367554:8775,144:144,05/16/23 03:35:27,STABLE BEAMS,6800,417446.166840856,404918.178990706,54.0,DT
367554:8775,145:145,05/16/23 03:35:50,STABLE BEAMS,6800,418225.427832249,405767.658893312,54.1,DT
367554:8775,146:146,05/16/23 03:36:13,STABLE BEAMS,6800,417811.026005416,405289.074882392,54.0,DT
367554:8775,147:147,05/16/23 03:36:37,STABLE BEAMS,6800,418249.408635196,405671.740814420,54.1,DT
367554:8775,148:148,05/16/23 03:37:00,STABLE BEAMS,6800,418005.038418317,405604.465501772,54.0,DT
367554:8775,149:149,05/16/23 03:37:23,STABLE BEAMS,6800,417977.212115604,308121.598982338,54.0,DT
367554:8775,150:150,05/16/23 03:37:46,STABLE BEAMS,6800,417446.346374731,199412.326313705,54.0,DT
367554:8775,151:151,05/16/23 03:38:10,STABLE BEAMS,6800,417292.965083794,404883.140922202,53.9,DT
367554:8775,152:152,05/16/23 03:38:33,STABLE BEAMS,6800,417301.064378106,322833.833611821,53.9,DT
367554:8775,153:153,05/16/23 03:38:56,STABLE BEAMS,6800,416851.324782902,404368.454456585,53.9,DT
367554:8775,154:154,05/16/23 03:39:20,STABLE BEAMS,6800,416560.125181822,404039.603867488,53.8,DT
367554:8775,155:155,05/16/23 03:39:43,STABLE BEAMS,6800,416226.529524962,403760.524653835,53.8,DT
367554:8775,156:156,05/16/23 03:40:06,STABLE BEAMS,6800,416284.172929401,397990.951261731,53.8,DT
367554:8775,157:157,05/16/23 03:40:30,STABLE BEAMS,6800,415763.262631447,403265.184798876,53.7,DT
367554:8775,158:158,05/16/23 03:40:53,STABLE BEAMS,6800,415519.661224950,395571.279351819,53.7,DT
367554:8775,159:159,05/16/23 03:41:16,STABLE BEAMS,6800,415056.980712235,402544.035568678,53.6,DT
367554:8775,160:160,05/16/23 03:41:40,STABLE BEAMS,6800,415842.124333729,397675.281760901,53.8,DT
367554:8775,161:161,05/16/23 03:42:03,STABLE BEAMS,6800,415337.095544410,396874.193511880,53.7,DT
367554:8775,162:162,05/16/23 03:42:26,STABLE BEAMS,6800,415310.446346859,398284.660785844,53.7,DT
367554:8775,163:163,05/16/23 03:42:49,STABLE BEAMS,6800,415020.920464804,402862.956307503,53.6,DT
367554:8775,164:164,05/16/23 03:43:13,STABLE BEAMS,6800,414894.007389690,394718.189768226,53.6,DT
367554:8775,165:165,05/16/23 03:43:36,STABLE BEAMS,6800,414707.368896334,402703.431245441,53.6,DT
367554:8775,166:166,05/16/23 03:43:59,STABLE BEAMS,6800,414757.140319512,402718.947375829,53.6,DT
367554:8775,167:167,05/16/23 03:44:23,STABLE BEAMS,6800,414440.648159917,390838.793967924,53.6,DT
367554:8775,168:168,05/16/23 03:44:46,STABLE BEAMS,6800,413737.127297955,401758.214372983,53.5,DT
367554:8775,169:169,05/16/23 03:45:09,STABLE BEAMS,6800,413699.074803657,397043.997674461,53.5,DT
367554:8775,170:170,05/16/23 03:45:33,STABLE BEAMS,6800,413234.449823251,401432.570343897,53.4,DT
367554:8775,171:171,05/16/23 03:45:56,STABLE BEAMS,6800,413392.355657399,401319.787840465,53.4,DT
367554:8775,172:172,05/16/23 03:46:19,STABLE BEAMS,6800,412877.826051263,401054.797704812,53.4,DT
367554:8775,173:173,05/16/23 03:46:43,STABLE BEAMS,6800,412249.095526620,400483.926215994,53.3,DT
367554:8775,174:174,05/16/23 03:47:06,STABLE BEAMS,6800,412018.207724583,394522.429546170,53.3,DT
367554:8775,175:175,05/16/23 03:47:29,STABLE BEAMS,6800,411973.731102853,400325.231449847,53.3,DT
367554:8775,176:176,05/16/23 03:47:53,STABLE BEAMS,6800,412266.921502945,400520.395069589,53.3,DT
367554:8775,177:177,05/16/23 03:48:16,STABLE BEAMS,6800,411576.431325431,395370.097382069,53.2,DT
367554:8775,178:178,05/16/23 03:48:39,STABLE BEAMS,6800,411217.363576182,399414.206763375,53.2,DT
367554:8775,179:179,05/16/23 03:49:02,STABLE BEAMS,6800,411643.439448427,399941.805843845,53.2,DT
367554:8775,180:180,05/16/23 03:49:26,STABLE BEAMS,6800,411356.719507090,399732.420659388,53.2,DT
367554:8775,181:181,05/16/23 03:49:49,STABLE BEAMS,6800,410443.032527072,398846.520916461,53.1,DT
367554:8775,182:182,05/16/23 03:50:12,STABLE BEAMS,6800,409517.266102570,398133.813751662,52.9,DT
367554:8775,183:183,05/16/23 03:50:36,STABLE BEAMS,6800,408613.036503753,397301.534613457,52.8,DT
367554:8775,184:184,05/16/23 03:50:59,STABLE BEAMS,6800,407618.586789377,390737.652800828,52.7,DT
367554:8775,185:185,05/16/23 03:51:22,STABLE BEAMS,6800,406480.890760857,395323.488167266,52.5,DT
367554:8775,186:186,05/16/23 03:51:46,STABLE BEAMS,6800,406292.216585018,395107.531621643,52.5,DT
367554:8775,187:187,05/16/23 03:52:09,STABLE BEAMS,6800,406582.873240913,395498.959920699,52.6,DT
367554:8775,188:188,05/16/23 03:52:32,STABLE BEAMS,6800,405508.520817351,394305.378804958,52.4,DT
367554:8775,189:189,05/16/23 03:52:56,STABLE BEAMS,6800,405543.269309214,394208.254107248,52.4,DT
367554:8775,190:190,05/16/23 03:53:19,STABLE BEAMS,6800,407746.404773133,396332.403293184,52.7,DT
367554:8775,191:191,05/16/23 03:53:42,STABLE BEAMS,6800,407539.950952291,391483.447685226,52.7,DT
367554:8775,192:192,05/16/23 03:54:06,STABLE BEAMS,6800,406850.545217294,395503.089232320,52.6,DT
367554:8775,193:193,05/16/23 03:54:29,STABLE BEAMS,6800,406552.016580139,395445.151275543,52.5,DT
367554:8775,194:194,05/16/23 03:54:52,STABLE BEAMS,6800,406831.950430586,395655.018054886,52.6,DT
367554:8775,195:195,05/16/23 03:55:16,STABLE BEAMS,6800,406258.417885266,225991.187717199,52.5,DT
367554:8775,196:196,05/16/23 03:55:39,STABLE BEAMS,6800,406202.766727694,349692.922381925,52.5,DT
367554:8775,197:197,05/16/23 03:56:02,STABLE BEAMS,6800,405582.180380831,394602.385242921,52.4,DT
367554:8775,198:198,05/16/23 03:56:25,STABLE BEAMS,6800,405261.616856274,394245.116327890,52.4,DT
367554:8775,199:199,05/16/23 03:56:49,STABLE BEAMS,6800,405570.552666742,394354.242996053,52.4,DT
367554:8775,200:200,05/16/23 03:57:12,STABLE BEAMS,6800,405502.096689918,394530.273342187,52.4,DT
367554:8775,201:201,05/16/23 03:57:35,STABLE BEAMS,6800,405137.553157493,394074.563115754,52.4,DT
367554:8775,202:202,05/16/23 03:57:59,STABLE BEAMS,6800,404861.421371197,393872.334289164,52.3,DT
367554:8775,203:203,05/16/23 03:58:22,STABLE BEAMS,6800,404723.558177585,393745.801417461,52.3,DT
367554:8775,204:204,05/16/23 03:58:45,STABLE BEAMS,6800,404616.642859538,393785.357012357,52.3,DT
367554:8775,205:205,05/16/23 03:59:09,STABLE BEAMS,6800,403991.938816390,393058.535299587,52.2,DT
367554:8775,206:206,05/16/23 03:59:32,STABLE BEAMS,6800,403930.677225235,392974.872818394,52.2,DT
367554:8775,207:207,05/16/23 03:59:55,STABLE BEAMS,6800,403415.377360863,392654.413123095,52.1,DT
367554:8775,208:208,05/16/23 04:00:18,STABLE BEAMS,6800,403483.561141167,392588.762943738,52.2,DT
367554:8775,209:209,05/16/23 04:00:42,STABLE BEAMS,6800,402581.277457895,391794.178916645,52.0,DT
367554:8775,210:210,05/16/23 04:01:05,STABLE BEAMS,6800,402369.211755618,391668.431074452,52.0,DT
367554:8775,211:211,05/16/23 04:01:28,STABLE BEAMS,6800,402485.493240075,391817.060858229,52.0,DT
367554:8775,212:212,05/16/23 04:01:52,STABLE BEAMS,6800,402215.377286433,391554.365416003,52.0,DT
367554:8775,213:213,05/16/23 04:02:15,STABLE BEAMS,6800,401370.916541475,390767.715525561,51.9,DT
367554:8775,214:214,05/16/23 04:02:38,STABLE BEAMS,6800,401640.126138621,391069.633858492,51.9,DT
367554:8775,215:215,05/16/23 04:03:02,STABLE BEAMS,6800,401714.102782089,391274.428706327,51.9,DT
367554:8775,216:216,05/16/23 04:03:25,STABLE BEAMS,6800,401114.013701864,390324.009790683,51.8,DT
367554:8775,217:217,05/16/23 04:03:48,STABLE BEAMS,6800,400429.404706597,390025.390491934,51.8,DT
367554:8775,218:218,05/16/23 04:04:12,STABLE BEAMS,6800,400703.230061746,390148.432179644,51.8,DT
367554:8775,219:219,05/16/23 04:04:35,STABLE BEAMS,6800,400600.567090391,390167.399831893,51.8,DT
367554:8775,220:220,05/16/23 04:04:58,STABLE BEAMS,6800,400604.731117999,390229.279460373,51.8,DT
367554:8775,221:221,05/16/23 04:05:22,STABLE BEAMS,6800,400009.616863525,389648.033074671,51.7,DT
367554:8775,222:222,05/16/23 04:05:45,STABLE BEAMS,6800,400443.973011811,389927.110545938,51.8,DT
367554:8775,223:223,05/16/23 04:06:08,STABLE BEAMS,6800,400432.616046387,390061.756343571,51.8,DT
367554:8775,224:224,05/16/23 04:06:31,STABLE BEAMS,6800,400224.804138655,389626.318105557,51.7,DT
367554:8775,225:225,05/16/23 04:06:55,STABLE BEAMS,6800,400598.305542712,390159.247938169,51.8,DT
367554:8775,226:226,05/16/23 04:07:18,STABLE BEAMS,6800,400530.935456259,386891.302763572,51.8,DT
367554:8775,227:227,05/16/23 04:07:41,STABLE BEAMS,6800,400172.048688738,386818.681864981,51.7,DT
367554:8775,228:228,05/16/23 04:08:05,STABLE BEAMS,6800,399675.977771050,386356.446119116,51.7,DT
367554:8775,229:229,05/16/23 04:08:28,STABLE BEAMS,6800,399697.785345402,385858.911627199,51.7,DT
367554:8775,230:230,05/16/23 04:08:51,STABLE BEAMS,6800,399437.578503356,386183.018607881,51.6,DT
367554:8775,231:231,05/16/23 04:09:15,STABLE BEAMS,6800,399210.447882002,386063.168204078,51.6,DT
367554:8775,232:232,05/16/23 04:09:38,STABLE BEAMS,6800,398494.529047714,376369.286675976,51.5,DT
367554:8775,233:233,05/16/23 04:10:01,STABLE BEAMS,6800,398340.287731604,380169.803068534,51.5,DT
367554:8775,236:236,05/16/23 04:11:11,STABLE BEAMS,6800,398515.250731695,385196.706186482,51.5,DT
367554:8775,238:238,05/16/23 04:11:58,STABLE BEAMS,6800,397816.526609463,380477.853855940,51.4,DT
367554:8775,239:239,05/16/23 04:12:21,STABLE BEAMS,6800,396882.840424524,379479.463934083,51.3,DT
367554:8775,240:240,05/16/23 04:12:44,STABLE BEAMS,6800,396573.995828847,378142.306102446,51.3,DT
367554:8775,241:241,05/16/23 04:13:08,STABLE BEAMS,6800,396559.924137496,383573.086208185,51.3,DT
367554:8775,242:242,05/16/23 04:13:31,STABLE BEAMS,6800,396167.510866743,377914.208841022,51.2,DT
367554:8775,243:243,05/16/23 04:13:54,STABLE BEAMS,6800,394759.790099372,376564.804265266,51.0,DT
367554:8775,244:244,05/16/23 04:14:18,STABLE BEAMS,6800,395216.587981986,382415.077209111,51.1,DT
367554:8775,245:245,05/16/23 04:14:41,STABLE BEAMS,6800,395433.493859609,382715.603271526,51.1,DT
367554:8775,246:246,05/16/23 04:15:04,STABLE BEAMS,6800,394819.286756710,382204.542580984,51.0,DT
367554:8775,247:247,05/16/23 04:15:28,STABLE BEAMS,6800,394642.875902792,376979.700187790,51.0,DT
367554:8775,249:249,05/16/23 04:16:14,STABLE BEAMS,6800,394690.112133918,376637.844737499,51.0,DT
367554:8775,250:250,05/16/23 04:16:38,STABLE BEAMS,6800,394686.854462806,382053.957397424,51.0,DT
367554:8775,251:251,05/16/23 04:17:01,STABLE BEAMS,6800,394482.345109655,381912.164906598,51.0,DT
367554:8775,252:252,05/16/23 04:17:24,STABLE BEAMS,6800,395166.183846685,382616.676099245,51.1,DT
367554:8775,253:253,05/16/23 04:17:48,STABLE BEAMS,6800,394651.563025758,382200.432106144,51.0,DT
367554:8775,254:254,05/16/23 04:18:11,STABLE BEAMS,6800,394361.041020269,381805.712163678,51.0,DT
367554:8775,255:255,05/16/23 04:18:34,STABLE BEAMS,6800,394189.470341696,381578.452286164,51.0,DT
367554:8775,257:257,05/16/23 04:19:21,STABLE BEAMS,6800,393505.903801186,380975.091057830,50.9,DT
367554:8775,258:258,05/16/23 04:19:44,STABLE BEAMS,6800,393978.038799396,381536.744677237,50.9,DT
367554:8775,259:259,05/16/23 04:20:07,STABLE BEAMS,6800,393624.265851594,381015.632552886,50.9,DT
367554:8775,260:260,05/16/23 04:20:31,STABLE BEAMS,6800,392904.229321019,380356.044238155,50.8,DT
367554:8775,261:261,05/16/23 04:20:54,STABLE BEAMS,6800,392778.764099733,380235.870701288,50.8,DT
367554:8775,262:262,05/16/23 04:21:17,STABLE BEAMS,6800,393464.457537517,380962.534231841,50.9,DT
367554:8775,263:263,05/16/23 04:21:41,STABLE BEAMS,6800,393043.359386731,375142.071962283,50.8,DT
367554:8775,264:264,05/16/23 04:22:04,STABLE BEAMS,6800,392617.780128348,380208.765506242,50.7,DT
367554:8775,265:265,05/16/23 04:22:27,STABLE BEAMS,6800,392475.393839379,380061.267693854,50.7,DT
367554:8775,266:266,05/16/23 04:22:51,STABLE BEAMS,6800,392214.733819085,379793.966631732,50.7,DT
367554:8775,267:267,05/16/23 04:23:14,STABLE BEAMS,6800,392237.537516870,379764.641720014,50.7,DT
367554:8775,268:268,05/16/23 04:23:37,STABLE BEAMS,6800,392214.552837356,379901.947329053,50.7,DT
367554:8775,269:269,05/16/23 04:24:01,STABLE BEAMS,6800,391697.579253959,372191.119635079,50.6,DT
367554:8775,270:270,05/16/23 04:24:24,STABLE BEAMS,6800,391131.377192569,378831.958040234,50.6,DT
367554:8775,271:271,05/16/23 04:24:47,STABLE BEAMS,6800,391768.975821907,379572.435192858,50.6,DT
367554:8775,272:272,05/16/23 04:25:10,STABLE BEAMS,6800,391479.224074655,379114.390520854,50.6,DT
367554:8775,273:273,05/16/23 04:25:34,STABLE BEAMS,6800,391483.431537878,379194.721366419,50.6,DT
367554:8775,274:274,05/16/23 04:25:57,STABLE BEAMS,6800,391240.645273086,379078.194008490,50.6,DT
367554:8775,275:275,05/16/23 04:26:20,STABLE BEAMS,6800,390971.163479420,378928.966235305,50.5,DT
367554:8775,276:276,05/16/23 04:26:44,STABLE BEAMS,6800,391147.213817736,378885.725750290,50.6,DT
367554:8775,277:277,05/16/23 04:27:07,STABLE BEAMS,6800,390888.184080852,378754.123739189,50.5,DT
367554:8775,278:278,05/16/23 04:27:30,STABLE BEAMS,6800,390056.255958625,377998.690664331,50.4,DT
367554:8775,279:279,05/16/23 04:27:54,STABLE BEAMS,6800,390091.637162611,378108.416919731,50.4,DT
367554:8775,280:280,05/16/23 04:28:17,STABLE BEAMS,6800,389712.797521492,377743.045563763,50.4,DT
367554:8775,281:281,05/16/23 04:28:40,STABLE BEAMS,6800,388769.022691082,376723.924203635,50.3,DT
367554:8775,282:282,05/16/23 04:29:04,STABLE BEAMS,6800,389279.301398380,377230.101122385,50.3,DT
367554:8775,283:283,05/16/23 04:29:27,STABLE BEAMS,6800,389104.517932163,377122.384729985,50.3,DT
367554:8775,284:284,05/16/23 04:29:50,STABLE BEAMS,6800,388931.499399763,377060.727768735,50.3,DT
367554:8775,285:285,05/16/23 04:30:13,STABLE BEAMS,6800,388740.880756234,376893.273292792,50.2,DT
367554:8775,286:286,05/16/23 04:30:37,STABLE BEAMS,6800,388614.147214995,376861.224390179,50.2,DT
367554:8775,287:287,05/16/23 04:31:00,STABLE BEAMS,6800,388280.146159063,376772.568304170,50.2,DT
367554:8775,288:288,05/16/23 04:31:23,STABLE BEAMS,6800,386656.876153106,375197.249197573,50.0,DT
367554:8775,289:289,05/16/23 04:31:47,STABLE BEAMS,6800,385539.539845110,374326.259118144,49.8,DT
367554:8775,290:290,05/16/23 04:32:10,STABLE BEAMS,6800,384611.058694681,373077.544956573,49.7,DT
367554:8775,291:291,05/16/23 04:32:33,STABLE BEAMS,6800,382933.492722334,372116.441987937,49.5,DT
367554:8775,292:292,05/16/23 04:32:57,STABLE BEAMS,6800,380959.390359699,370223.780374250,49.2,DT
367554:8775,293:293,05/16/23 04:33:20,STABLE BEAMS,6800,381182.359849152,370044.322790200,49.3,DT
367554:8775,294:294,05/16/23 04:33:43,STABLE BEAMS,6800,381127.386287171,370312.171987548,49.3,DT
367554:8775,295:295,05/16/23 04:34:07,STABLE BEAMS,6800,380983.778009572,370189.189031803,49.2,DT
367554:8775,296:296,05/16/23 04:34:30,STABLE BEAMS,6800,380467.345923506,369610.919616806,49.2,DT
367554:8775,297:297,05/16/23 04:34:53,STABLE BEAMS,6800,381278.731895626,370350.072116966,49.3,DT
367554:8775,298:298,05/16/23 04:35:17,STABLE BEAMS,6800,381206.565069442,370355.176193936,49.3,DT
367554:8775,299:299,05/16/23 04:35:40,STABLE BEAMS,6800,381613.503209794,370726.072901643,49.3,DT
367554:8775,300:300,05/16/23 04:36:03,STABLE BEAMS,6800,381405.329338606,370515.558224820,49.3,DT
367554:8775,301:301,05/16/23 04:36:26,STABLE BEAMS,6800,382090.662260786,371138.111488203,49.4,DT
367554:8775,302:302,05/16/23 04:36:50,STABLE BEAMS,6800,382106.316456370,371161.577295607,49.4,DT
367554:8775,303:303,05/16/23 04:37:13,STABLE BEAMS,6800,382011.392263724,371112.998689513,49.4,DT
367554:8775,304:304,05/16/23 04:37:36,STABLE BEAMS,6800,382032.339812902,371136.032021733,49.4,DT
367554:8775,305:305,05/16/23 04:38:00,STABLE BEAMS,6800,381950.898035098,370370.350310112,49.4,DT
367554:8775,306:306,05/16/23 04:38:23,STABLE BEAMS,6800,381991.393058803,371189.084429908,49.4,DT
367554:8775,307:307,05/16/23 04:38:46,STABLE BEAMS,6800,381952.209790666,371169.741495947,49.4,DT
367554:8775,308:308,05/16/23 04:39:10,STABLE BEAMS,6800,381353.839312934,370424.540424872,49.3,DT
367554:8775,309:309,05/16/23 04:39:33,STABLE BEAMS,6800,381078.204140501,365602.434933631,49.3,DT
367554:8775,310:310,05/16/23 04:39:56,STABLE BEAMS,6800,381050.967114296,366050.084841173,49.3,DT
367554:8775,311:311,05/16/23 04:40:20,STABLE BEAMS,6800,380863.152963631,163234.115876893,49.2,DT
367554:8775,312:312,05/16/23 04:40:43,STABLE BEAMS,6800,379848.071332211,364732.136150022,49.1,DT
367615:8782,53:53,05/17/23 02:49:11,STABLE BEAMS,6800,9218.043380623,19.524839083,1.2,PXL
367615:8782,54:54,05/17/23 02:49:34,STABLE BEAMS,6800,242784.003266124,221651.253421941,31.4,DT
367615:8782,55:55,05/17/23 02:49:57,STABLE BEAMS,6800,163793.599808815,163383.883377985,21.2,DT
367615:8782,56:56,05/17/23 02:50:21,STABLE BEAMS,6800,6662.381778148,6640.701167960,0.9,DT
367615:8782,57:57,05/17/23 02:50:44,STABLE BEAMS,6800,37281.979089077,36966.548922355,4.8,DT
367615:8782,58:58,05/17/23 02:51:07,STABLE BEAMS,6800,137858.714698138,133902.868847060,17.8,DT
367615:8782,59:59,05/17/23 02:51:31,STABLE BEAMS,6800,232759.809008415,230001.198733383,30.1,DT
367615:8782,60:60,05/17/23 02:51:54,STABLE BEAMS,6800,140483.142035684,139933.587227866,18.2,DT
367615:8782,61:61,05/17/23 02:52:17,STABLE BEAMS,6800,40426.279337311,40339.775448364,5.2,DT
367615:8782,62:62,05/17/23 02:52:41,STABLE BEAMS,6800,7045.357503297,6915.950580464,0.9,DT
367615:8782,63:63,05/17/23 02:53:04,STABLE BEAMS,6800,160774.270050214,160390.920854999,20.8,DT
367615:8782,64:64,05/17/23 02:53:27,STABLE BEAMS,6800,12404.654888239,12350.584616264,1.6,DT
367615:8782,65:65,05/17/23 02:53:51,STABLE BEAMS,6800,48742.921411619,48166.092264296,6.3,DT
367615:8782,66:66,05/17/23 02:54:14,STABLE BEAMS,6800,140794.815158599,135057.249602598,18.2,DT
367615:8782,67:67,05/17/23 02:54:37,STABLE BEAMS,6800,233755.887558348,230302.429829115,30.2,DT
367615:8782,68:68,05/17/23 02:55:00,STABLE BEAMS,6800,164728.370436271,163860.155488789,21.3,DT
367615:8782,69:69,05/17/23 02:55:24,STABLE BEAMS,6800,63568.164068433,63377.647586701,8.2,DT
367615:8782,70:70,05/17/23 02:55:47,STABLE BEAMS,6800,22853.502096408,21871.232431898,3.0,DT
367615:8782,71:71,05/17/23 02:56:10,STABLE BEAMS,6800,236064.852449942,228950.644105518,30.5,DT
367615:8782,72:72,05/17/23 02:56:34,STABLE BEAMS,6800,241215.456343435,234031.989401520,31.2,DT
367615:8782,73:73,05/17/23 02:56:57,STABLE BEAMS,6800,242475.519186050,235375.068767492,31.3,DT
367615:8782,74:74,05/17/23 02:57:20,STABLE BEAMS,6800,242644.828316944,210257.996451213,31.4,DT
367615:8782,75:75,05/17/23 02:57:44,STABLE BEAMS,6800,241391.484963943,191298.727837871,31.2,DT
367615:8782,76:76,05/17/23 02:58:07,STABLE BEAMS,6800,238275.703526908,231306.730003353,30.8,DT
367615:8782,77:77,05/17/23 02:58:30,STABLE BEAMS,6800,238952.575191320,232068.683070651,30.9,DT
367615:8782,78:78,05/17/23 02:58:54,STABLE BEAMS,6800,240445.108340205,233658.746914793,31.1,DT
367615:8782,79:79,05/17/23 02:59:17,STABLE BEAMS,6800,240689.817354880,233985.340731452,31.1,DT
367615:8782,80:80,05/17/23 02:59:40,STABLE BEAMS,6800,239642.250227129,164677.028887635,31.0,DT
367615:8782,81:81,05/17/23 03:00:04,STABLE BEAMS,6800,238311.650841740,231321.510633858,30.8,DT
367615:8782,82:82,05/17/23 03:00:27,STABLE BEAMS,6800,238210.912068122,231637.565275780,30.8,DT
367615:8782,83:83,05/17/23 03:00:50,STABLE BEAMS,6800,238594.955295898,231516.860221861,30.8,DT
367615:8782,84:84,05/17/23 03:01:13,STABLE BEAMS,6800,237780.175554406,226917.422804346,30.7,DT
367615:8782,85:85,05/17/23 03:01:37,STABLE BEAMS,6800,237126.966165099,193095.919775441,30.7,DT
367615:8782,86:86,05/17/23 03:02:00,STABLE BEAMS,6800,237274.896286375,214835.384242868,30.7,DT
367615:8782,87:87,05/17/23 03:02:23,STABLE BEAMS,6800,237625.706925245,231232.429268884,30.7,DT
367615:8782,88:88,05/17/23 03:02:47,STABLE BEAMS,6800,237442.915379508,231048.051661048,30.7,DT
367615:8782,89:89,05/17/23 03:03:10,STABLE BEAMS,6800,237281.185763402,227588.951511180,30.7,DT
367615:8782,90:90,05/17/23 03:03:33,STABLE BEAMS,6800,236643.427870143,230375.226762736,30.6,DT
367615:8782,91:91,05/17/23 03:03:57,STABLE BEAMS,6800,236673.674984456,230416.964174403,30.6,DT
367615:8782,92:92,05/17/23 03:04:20,STABLE BEAMS,6800,236748.646303504,226956.314350799,30.6,DT
367615:8782,93:93,05/17/23 03:04:43,STABLE BEAMS,6800,236747.153566208,130055.029358376,30.6,DT
367615:8782,94:94,05/17/23 03:05:07,STABLE BEAMS,6800,244529.525705724,206929.783815212,31.6,DT
367615:8782,95:95,05/17/23 03:05:30,STABLE BEAMS,6800,249070.312389123,241269.868593753,32.2,DT
367615:8782,96:96,05/17/23 03:05:53,STABLE BEAMS,6800,249008.756883642,100546.903804014,32.2,DT
367615:8782,97:97,05/17/23 03:06:16,STABLE BEAMS,6800,248685.115221847,240928.883916909,32.1,DT
367615:8782,98:98,05/17/23 03:06:40,STABLE BEAMS,6800,248605.732292186,240909.850159976,32.1,DT
367615:8782,99:99,05/17/23 03:07:03,STABLE BEAMS,6800,248119.955615213,240216.124426793,32.1,DT
367615:8782,100:100,05/17/23 03:07:26,STABLE BEAMS,6800,247890.447617874,239578.446206571,32.0,DT
367615:8782,101:101,05/17/23 03:07:50,STABLE BEAMS,6800,252856.903326593,243124.746973263,32.7,DT
367615:8782,102:102,05/17/23 03:08:13,STABLE BEAMS,6800,260520.891697894,245847.661049813,33.7,DT
367615:8782,103:103,05/17/23 03:08:36,STABLE BEAMS,6800,260446.280894449,253973.070270143,33.7,DT
367615:8782,104:104,05/17/23 03:09:00,STABLE BEAMS,6800,260655.180140406,254110.274507916,33.7,DT
367615:8782,105:105,05/17/23 03:09:23,STABLE BEAMS,6800,260318.711941552,253856.011614629,33.6,DT
367615:8782,106:106,05/17/23 03:09:46,STABLE BEAMS,6800,260556.611699675,254118.381224188,33.7,DT
367615:8782,107:107,05/17/23 03:10:10,STABLE BEAMS,6800,260072.870705184,248701.432751176,33.6,DT
367615:8782,108:108,05/17/23 03:10:33,STABLE BEAMS,6800,261219.819967516,253872.496961371,33.8,DT
367615:8782,109:109,05/17/23 03:10:56,STABLE BEAMS,6800,271493.089967043,263788.333756938,35.1,DT
367615:8782,110:110,05/17/23 03:11:20,STABLE BEAMS,6800,271992.825402769,260333.878101215,35.2,DT
367615:8782,111:111,05/17/23 03:11:43,STABLE BEAMS,6800,271690.722014513,264169.950803046,35.1,DT
367615:8782,112:112,05/17/23 03:12:06,STABLE BEAMS,6800,271340.793118624,263733.581655005,35.1,DT
367615:8782,113:113,05/17/23 03:12:29,STABLE BEAMS,6800,271126.804666463,260695.671695730,35.0,DT
367615:8782,114:114,05/17/23 03:12:53,STABLE BEAMS,6800,270636.208084098,263285.441825217,35.0,DT
367615:8782,115:115,05/17/23 03:13:16,STABLE BEAMS,6800,270335.462782732,262991.261319863,34.9,DT
367615:8782,116:116,05/17/23 03:13:39,STABLE BEAMS,6800,270076.635745384,262719.245467030,34.9,DT
367615:8782,117:117,05/17/23 03:14:03,STABLE BEAMS,6800,269893.346137931,258492.417433509,34.9,DT
367615:8782,118:118,05/17/23 03:14:26,STABLE BEAMS,6800,269775.278001850,261473.786653267,34.9,DT
367615:8782,119:119,05/17/23 03:14:49,STABLE BEAMS,6800,279630.661190381,270451.925195288,36.1,DT
367615:8782,120:120,05/17/23 03:15:13,STABLE BEAMS,6800,285323.124378860,271732.685219873,36.9,DT
367615:8782,121:121,05/17/23 03:15:36,STABLE BEAMS,6800,284721.451346547,275412.788146725,36.8,DT
367615:8782,122:122,05/17/23 03:15:59,STABLE BEAMS,6800,284587.727567028,217644.203368411,36.8,DT
367615:8782,123:123,05/17/23 03:16:23,STABLE BEAMS,6800,284257.301262197,274700.651295430,36.7,DT
367615:8782,124:124,05/17/23 03:16:46,STABLE BEAMS,6800,284588.542708733,271158.454411019,36.8,DT
367615:8782,125:125,05/17/23 03:17:09,STABLE BEAMS,6800,283959.970000157,273244.772193738,36.7,DT
367615:8782,126:126,05/17/23 03:17:32,STABLE BEAMS,6800,291757.748752253,276515.016678490,37.7,DT
367615:8782,127:127,05/17/23 03:17:56,STABLE BEAMS,6800,298868.069132750,286446.497109106,38.6,DT
367615:8782,128:128,05/17/23 03:18:19,STABLE BEAMS,6800,298724.097443839,208216.357038726,38.6,DT
367615:8782,129:129,05/17/23 03:18:42,STABLE BEAMS,6800,298255.897712333,290884.631867967,38.6,DT
367615:8782,130:130,05/17/23 03:19:06,STABLE BEAMS,6800,298710.998710260,291245.956619560,38.6,DT
367615:8782,131:131,05/17/23 03:19:29,STABLE BEAMS,6800,298390.865198290,291282.857488232,38.6,DT
367615:8782,132:132,05/17/23 03:19:52,STABLE BEAMS,6800,298334.715979001,290805.360586864,38.6,DT
367615:8782,133:133,05/17/23 03:20:16,STABLE BEAMS,6800,303414.398200601,289532.442476675,39.2,DT
367615:8782,134:134,05/17/23 03:20:39,STABLE BEAMS,6800,311279.751186540,303131.847810332,40.2,DT
367615:8782,135:135,05/17/23 03:21:02,STABLE BEAMS,6800,310964.344917316,302864.638464937,40.2,DT
367615:8782,136:136,05/17/23 03:21:26,STABLE BEAMS,6800,310891.047317293,302825.841226609,40.2,DT
367615:8782,137:137,05/17/23 03:21:49,STABLE BEAMS,6800,310365.159297879,302451.402296250,40.1,DT
367615:8782,138:138,05/17/23 03:22:12,STABLE BEAMS,6800,310197.208253875,249023.970593345,40.1,DT
367615:8782,139:139,05/17/23 03:22:36,STABLE BEAMS,6800,309839.022247607,301258.033345994,40.0,DT
367615:8782,140:140,05/17/23 03:22:59,STABLE BEAMS,6800,314677.772905169,304897.358511986,40.7,DT
367615:8782,141:141,05/17/23 03:23:22,STABLE BEAMS,6800,324042.106333086,314284.853957425,41.9,DT
367615:8782,142:142,05/17/23 03:23:46,STABLE BEAMS,6800,323905.827091562,308467.012710835,41.9,DT
367615:8782,143:143,05/17/23 03:24:09,STABLE BEAMS,6800,323276.644836524,313785.088987718,41.8,DT
367615:8782,144:144,05/17/23 03:24:32,STABLE BEAMS,6800,323005.964219889,313515.959583058,41.8,DT
367615:8782,145:145,05/17/23 03:24:55,STABLE BEAMS,6800,322899.387699638,309264.148057943,41.7,DT
367615:8782,146:146,05/17/23 03:25:19,STABLE BEAMS,6800,321786.667149645,312045.752285923,41.6,DT
367615:8782,147:147,05/17/23 03:25:42,STABLE BEAMS,6800,327841.229893288,316707.531776589,42.4,DT
367615:8782,148:148,05/17/23 03:26:05,STABLE BEAMS,6800,337361.524687663,319744.108119236,43.6,DT
367615:8782,149:149,05/17/23 03:26:29,STABLE BEAMS,6800,337142.447029299,241139.904667774,43.6,DT
367615:8782,150:150,05/17/23 03:26:52,STABLE BEAMS,6800,336492.224562438,325022.321141955,43.5,DT
367615:8782,151:151,05/17/23 03:27:15,STABLE BEAMS,6800,336506.635051584,320295.958276082,43.5,DT
367615:8782,152:152,05/17/23 03:27:39,STABLE BEAMS,6800,335516.032284828,324516.955879495,43.4,DT
367615:8782,153:153,05/17/23 03:28:02,STABLE BEAMS,6800,335180.988774140,319692.232111576,43.3,DT
367615:8782,154:154,05/17/23 03:28:25,STABLE BEAMS,6800,341405.063348213,320742.498614808,44.1,DT
367615:8782,155:155,05/17/23 03:28:49,STABLE BEAMS,6800,351623.676865748,309994.286599357,45.4,DT
367615:8782,156:156,05/17/23 03:29:12,STABLE BEAMS,6800,351651.118039343,338017.323364375,45.5,DT
367615:8782,157:157,05/17/23 03:29:35,STABLE BEAMS,6800,350707.841270649,341586.744522524,45.3,DT
367615:8782,158:158,05/17/23 03:29:58,STABLE BEAMS,6800,350277.217689531,334550.210318263,45.3,DT
367615:8782,159:159,05/17/23 03:30:22,STABLE BEAMS,6800,349316.114944512,340198.174331135,45.2,DT
367615:8782,160:160,05/17/23 03:30:45,STABLE BEAMS,6800,349148.547581773,254735.902284184,45.1,DT
367615:8782,161:161,05/17/23 03:31:08,STABLE BEAMS,6800,351505.540680537,340588.556749966,45.4,DT
367615:8782,162:162,05/17/23 03:31:32,STABLE BEAMS,6800,363311.749085717,352525.302315116,47.0,DT
367615:8782,163:163,05/17/23 03:31:55,STABLE BEAMS,6800,364313.029774452,349240.925834294,47.1,DT
367615:8782,164:164,05/17/23 03:32:18,STABLE BEAMS,6800,363729.567847583,348912.473864333,47.0,DT
367615:8782,165:165,05/17/23 03:32:42,STABLE BEAMS,6800,362967.272807342,347213.412505042,46.9,DT
367615:8782,166:166,05/17/23 03:33:05,STABLE BEAMS,6800,362731.702646027,351476.694234533,46.9,DT
367615:8782,167:167,05/17/23 03:33:28,STABLE BEAMS,6800,363658.576678708,353186.572699072,47.0,DT
367615:8782,168:168,05/17/23 03:33:52,STABLE BEAMS,6800,361106.757473191,345940.228123755,46.7,DT
367615:8782,169:169,05/17/23 03:34:15,STABLE BEAMS,6800,367323.366912929,350656.878977082,47.5,DT
367615:8782,170:170,05/17/23 03:34:38,STABLE BEAMS,6800,374324.012365984,362157.912055780,48.4,DT
367615:8782,171:171,05/17/23 03:35:01,STABLE BEAMS,6800,373883.207476750,361992.527146471,48.3,DT
367615:8782,172:172,05/17/23 03:35:25,STABLE BEAMS,6800,373222.602450092,356268.382610802,48.2,DT
367615:8782,173:173,05/17/23 03:35:48,STABLE BEAMS,6800,373180.161510843,360940.897602874,48.2,DT
367615:8782,174:174,05/17/23 03:36:11,STABLE BEAMS,6800,373018.748974725,361333.663837178,48.2,DT
367615:8782,175:175,05/17/23 03:36:35,STABLE BEAMS,6800,372995.945276940,349840.994929112,48.2,DT
367615:8782,176:176,05/17/23 03:36:58,STABLE BEAMS,6800,375648.956434322,288943.113939475,48.6,DT
367615:8782,177:177,05/17/23 03:37:21,STABLE BEAMS,6800,389396.396576688,374269.439566430,50.3,DT
367615:8782,178:178,05/17/23 03:37:45,STABLE BEAMS,6800,387429.713017066,368442.294731722,50.1,DT
367615:8782,179:179,05/17/23 03:38:08,STABLE BEAMS,6800,383728.138608500,371370.911314977,49.6,DT
367615:8782,180:180,05/17/23 03:38:31,STABLE BEAMS,6800,378830.841085710,370984.657102121,49.0,DT
367615:8782,181:181,05/17/23 03:38:55,STABLE BEAMS,6800,331841.537086399,321064.102296158,42.9,DT
367615:8782,182:182,05/17/23 03:39:18,STABLE BEAMS,6800,402157.237268131,392538.827342414,52.0,DT
367615:8782,183:183,05/17/23 03:39:41,STABLE BEAMS,6800,359997.520459507,255352.510978745,46.5,DT
367615:8782,184:184,05/17/23 03:40:05,STABLE BEAMS,6800,404627.094916320,213682.078988345,52.3,DT
367615:8782,185:185,05/17/23 03:40:28,STABLE BEAMS,6800,410551.848877194,396125.292318080,53.1,DT
367615:8782,186:186,05/17/23 03:40:51,STABLE BEAMS,6800,410304.491737869,395886.471251089,53.0,DT
367615:8782,187:187,05/17/23 03:41:14,STABLE BEAMS,6800,410052.203208406,390075.390809609,53.0,DT
367615:8782,188:188,05/17/23 03:41:38,STABLE BEAMS,6800,409577.443251207,395474.364070955,52.9,DT
367615:8782,189:189,05/17/23 03:42:01,STABLE BEAMS,6800,409536.224300588,395421.755112224,52.9,DT
367615:8782,190:190,05/17/23 03:42:24,STABLE BEAMS,6800,409552.059477901,388982.007908068,52.9,DT
367615:8782,191:191,05/17/23 03:42:48,STABLE BEAMS,6800,411961.243363590,338977.276995142,53.2,DT
367615:8782,192:192,05/17/23 03:43:11,STABLE BEAMS,6800,425968.550102352,393136.352478601,55.1,DT
367615:8782,193:193,05/17/23 03:43:34,STABLE BEAMS,6800,428772.138057807,409576.377409208,55.4,DT
367615:8782,194:194,05/17/23 03:43:58,STABLE BEAMS,6800,428772.003407401,407204.382611170,55.4,DT
367615:8782,195:195,05/17/23 03:44:21,STABLE BEAMS,6800,428865.977807936,415564.777259625,55.4,DT
367615:8782,196:196,05/17/23 03:44:44,STABLE BEAMS,6800,428623.009113562,415440.194249250,55.4,DT
367615:8782,197:197,05/17/23 03:45:08,STABLE BEAMS,6800,428382.665378177,317824.081653133,55.4,DT
367615:8782,198:198,05/17/23 03:45:31,STABLE BEAMS,6800,428237.835111947,413245.090226681,55.4,DT
367615:8782,199:199,05/17/23 03:45:54,STABLE BEAMS,6800,437278.506608116,414997.847995640,56.5,DT
367615:8782,200:200,05/17/23 03:46:17,STABLE BEAMS,6800,446154.709148736,430107.759752277,57.7,DT
367615:8782,201:201,05/17/23 03:46:41,STABLE BEAMS,6800,446099.011659842,429789.120385651,57.7,DT
367615:8782,202:202,05/17/23 03:47:04,STABLE BEAMS,6800,446342.613066338,317308.612479722,57.7,DT
367615:8782,203:203,05/17/23 03:47:27,STABLE BEAMS,6800,445887.716215800,429521.529542390,57.6,DT
367615:8782,204:204,05/17/23 03:47:51,STABLE BEAMS,6800,446281.803205578,429777.905066116,57.7,DT
367615:8782,205:205,05/17/23 03:48:14,STABLE BEAMS,6800,446572.053014547,430251.739192772,57.7,DT
367615:8782,206:206,05/17/23 03:48:37,STABLE BEAMS,6800,446581.102100970,430581.254776337,57.7,DT
367615:8782,207:207,05/17/23 03:49:01,STABLE BEAMS,6800,446450.478176496,430324.283893914,57.7,DT
367615:8782,208:208,05/17/23 03:49:24,STABLE BEAMS,6800,446089.238646505,424873.402765947,57.7,DT
367615:8782,209:209,05/17/23 03:49:47,STABLE BEAMS,6800,445316.854960793,428906.644431613,57.6,DT
367615:8782,210:210,05/17/23 03:50:11,STABLE BEAMS,6800,444842.003788803,428875.824713805,57.5,DT
367615:8782,211:211,05/17/23 03:50:34,STABLE BEAMS,6800,444315.617707673,428965.936614248,57.4,DT
367615:8782,212:212,05/17/23 03:50:57,STABLE BEAMS,6800,443581.691915330,428531.315449463,57.3,DT
367615:8782,213:213,05/17/23 03:51:21,STABLE BEAMS,6800,441559.583063332,426772.819257870,57.1,DT
367615:8782,214:214,05/17/23 03:51:44,STABLE BEAMS,6800,441232.051018302,426238.357698506,57.0,DT
367615:8782,215:215,05/17/23 03:52:07,STABLE BEAMS,6800,441411.993187707,419579.929744403,57.1,DT
367615:8782,216:216,05/17/23 03:52:30,STABLE BEAMS,6800,440948.498981140,426133.659912016,57.0,DT
367615:8782,217:217,05/17/23 03:52:54,STABLE BEAMS,6800,441210.560523939,426463.623682020,57.0,DT
367615:8782,218:218,05/17/23 03:53:17,STABLE BEAMS,6800,440478.896279275,425759.765209236,56.9,DT
367615:8782,219:219,05/17/23 03:53:40,STABLE BEAMS,6800,440331.396170586,424740.710694910,56.9,DT
367615:8782,220:220,05/17/23 03:54:04,STABLE BEAMS,6800,447846.933193234,415668.689779717,57.9,DT
367615:8782,221:221,05/17/23 03:54:27,STABLE BEAMS,6800,456695.674290306,418127.493645487,59.0,DT
367615:8782,222:222,05/17/23 03:54:50,STABLE BEAMS,6800,456123.680813605,425178.502395653,59.0,DT
367615:8782,223:223,05/17/23 03:55:14,STABLE BEAMS,6800,456062.147025932,426418.839129749,58.9,DT
367615:8782,224:224,05/17/23 03:55:37,STABLE BEAMS,6800,456341.899894650,432335.959730060,59.0,DT
367615:8782,225:225,05/17/23 03:56:00,STABLE BEAMS,6800,456573.556507069,433753.466008481,59.0,DT
367615:8782,226:226,05/17/23 03:56:24,STABLE BEAMS,6800,456059.794263462,430278.685386562,58.9,DT
367615:8782,227:227,05/17/23 03:56:47,STABLE BEAMS,6800,454973.135082366,431628.416477067,58.8,DT
367615:8782,228:228,05/17/23 03:57:10,STABLE BEAMS,6800,453808.743524972,432997.918177371,58.7,DT
367615:8782,229:229,05/17/23 03:57:33,STABLE BEAMS,6800,450982.758718658,436634.943929514,58.3,DT
367615:8782,230:230,05/17/23 03:57:57,STABLE BEAMS,6800,449698.150410104,435758.482962800,58.1,DT
367615:8782,231:231,05/17/23 03:58:20,STABLE BEAMS,6800,446801.537846225,432416.188954852,57.8,DT
367615:8782,232:232,05/17/23 03:58:43,STABLE BEAMS,6800,448324.952269399,160840.845576842,57.9,DT
367615:8782,233:233,05/17/23 03:59:07,STABLE BEAMS,6800,449992.969645753,435697.570486398,58.2,DT
367615:8782,234:234,05/17/23 03:59:30,STABLE BEAMS,6800,450572.609238517,436382.871770950,58.2,DT
367615:8782,235:235,05/17/23 03:59:53,STABLE BEAMS,6800,450224.762356431,429720.107210089,58.2,DT
367615:8782,236:236,05/17/23 04:00:17,STABLE BEAMS,6800,449657.248539474,416616.486346828,58.1,DT
367615:8782,237:237,05/17/23 04:00:40,STABLE BEAMS,6800,449657.022674276,435232.592269494,58.1,DT
367615:8782,238:238,05/17/23 04:01:03,STABLE BEAMS,6800,449847.687649128,430553.337730398,58.1,DT
367615:8782,239:239,05/17/23 04:01:27,STABLE BEAMS,6800,449371.478390247,435214.311270108,58.1,DT
367615:8782,240:240,05/17/23 04:01:50,STABLE BEAMS,6800,448303.958388898,434313.786476365,57.9,DT
367615:8782,241:241,05/17/23 04:02:13,STABLE BEAMS,6800,447802.004841109,427259.882851922,57.9,DT
367615:8782,242:242,05/17/23 04:02:37,STABLE BEAMS,6800,450452.799334281,435753.599757452,58.2,DT
367615:8782,243:243,05/17/23 04:03:00,STABLE BEAMS,6800,450751.872364476,435830.471764424,58.3,DT
367615:8782,244:244,05/17/23 04:03:23,STABLE BEAMS,6800,453455.105227576,438009.859519846,58.6,DT
367615:8782,245:245,05/17/23 04:03:47,STABLE BEAMS,6800,453061.016789945,438047.337602972,58.6,DT
367615:8782,246:246,05/17/23 04:04:10,STABLE BEAMS,6800,453813.312951652,438648.802600023,58.7,DT
367615:8782,247:247,05/17/23 04:04:33,STABLE BEAMS,6800,453746.847773842,438621.108576412,58.6,DT
367615:8782,248:248,05/17/23 04:04:56,STABLE BEAMS,6800,454306.715474736,439202.425127143,58.7,DT
367615:8782,249:249,05/17/23 04:05:20,STABLE BEAMS,6800,454235.046710268,439327.566307922,58.7,DT
367615:8782,250:250,05/17/23 04:05:43,STABLE BEAMS,6800,454448.196855063,439510.725754650,58.7,DT
367615:8782,251:251,05/17/23 04:06:06,STABLE BEAMS,6800,453955.383608487,431603.196952151,58.7,DT
367615:8782,252:252,05/17/23 04:06:30,STABLE BEAMS,6800,453352.352489284,438541.166203873,58.6,DT
367615:8782,253:253,05/17/23 04:06:53,STABLE BEAMS,6800,453545.640975271,438551.016886953,58.6,DT
367615:8782,254:254,05/17/23 04:07:16,STABLE BEAMS,6800,453475.826911557,438644.701642088,58.6,DT
367615:8782,255:255,05/17/23 04:07:40,STABLE BEAMS,6800,453836.524944216,339343.810975813,58.7,DT
367615:8782,256:256,05/17/23 04:08:03,STABLE BEAMS,6800,453053.189692153,437697.503374490,58.6,DT
367615:8782,257:257,05/17/23 04:08:26,STABLE BEAMS,6800,453373.980529761,438287.562403868,58.6,DT
367615:8782,258:258,05/17/23 04:08:49,STABLE BEAMS,6800,452588.383730018,437642.149616192,58.5,DT
367615:8782,259:259,05/17/23 04:09:13,STABLE BEAMS,6800,452452.194255431,437285.065421638,58.5,DT
367615:8782,260:260,05/17/23 04:09:36,STABLE BEAMS,6800,452669.282562637,429480.612633602,58.5,DT
367615:8782,261:261,05/17/23 04:09:59,STABLE BEAMS,6800,451677.502690718,436735.951822292,58.4,DT
367615:8782,262:262,05/17/23 04:10:23,STABLE BEAMS,6800,451578.414470463,436324.724317120,58.4,DT
367615:8782,263:263,05/17/23 04:10:46,STABLE BEAMS,6800,451227.763095514,436586.019834237,58.3,DT
367615:8782,264:264,05/17/23 04:11:09,STABLE BEAMS,6800,450286.070278908,435115.373180826,58.2,DT
367615:8782,265:265,05/17/23 04:11:33,STABLE BEAMS,6800,449646.842814014,435261.297307204,58.1,DT
367615:8782,266:266,05/17/23 04:11:56,STABLE BEAMS,6800,449453.735309756,435046.684280353,58.1,DT
367615:8782,267:267,05/17/23 04:12:19,STABLE BEAMS,6800,449844.609511890,435440.796767208,58.1,DT
367615:8782,268:268,05/17/23 04:12:43,STABLE BEAMS,6800,449507.848846563,435072.529995781,58.1,DT
367615:8782,269:269,05/17/23 04:13:06,STABLE BEAMS,6800,448416.484140527,434234.018699610,58.0,DT
367615:8782,270:270,05/17/23 04:13:29,STABLE BEAMS,6800,448789.532366336,434684.663169039,58.0,DT
367615:8782,271:271,05/17/23 04:13:53,STABLE BEAMS,6800,448002.442829297,427441.683242150,57.9,DT
367615:8782,272:272,05/17/23 04:14:16,STABLE BEAMS,6800,448177.043865931,433673.295682484,57.9,DT
367615:8782,273:273,05/17/23 04:14:39,STABLE BEAMS,6800,448103.837480699,433829.694162722,57.9,DT
367615:8782,274:274,05/17/23 04:15:03,STABLE BEAMS,6800,448092.390748338,433851.656992628,57.9,DT
367615:8782,275:275,05/17/23 04:15:26,STABLE BEAMS,6800,448013.391499941,417225.718545506,57.9,DT
367615:8782,276:276,05/17/23 04:15:49,STABLE BEAMS,6800,447193.499386584,433084.645501949,57.8,DT
367615:8782,277:277,05/17/23 04:16:12,STABLE BEAMS,6800,446665.032739503,432811.303539266,57.7,DT
367615:8782,278:278,05/17/23 04:16:36,STABLE BEAMS,6800,446235.471883095,432250.382670792,57.7,DT
367615:8782,279:279,05/17/23 04:16:59,STABLE BEAMS,6800,446236.693871725,432267.849226702,57.7,DT
367615:8782,280:280,05/17/23 04:17:22,STABLE BEAMS,6800,446008.748108666,432192.232689649,57.6,DT
367615:8782,281:281,05/17/23 04:17:46,STABLE BEAMS,6800,445212.292405216,431395.090577642,57.5,DT
367615:8782,282:282,05/17/23 04:18:09,STABLE BEAMS,6800,444728.483361595,430878.336358134,57.5,DT
367615:8782,283:283,05/17/23 04:18:32,STABLE BEAMS,6800,444515.738615872,430821.619424265,57.5,DT
367615:8782,284:284,05/17/23 04:18:56,STABLE BEAMS,6800,444972.491615017,431329.873037887,57.5,DT
367615:8782,285:285,05/17/23 04:19:19,STABLE BEAMS,6800,445457.748512466,431599.229431154,57.6,DT
367615:8782,286:286,05/17/23 04:19:42,STABLE BEAMS,6800,445168.268961734,431112.066801950,57.5,DT
367615:8782,287:287,05/17/23 04:20:06,STABLE BEAMS,6800,443589.655111382,430113.396687048,57.3,DT
367615:8782,288:288,05/17/23 04:20:29,STABLE BEAMS,6800,443302.481991797,429843.211624437,57.3,DT
367615:8782,289:289,05/17/23 04:20:52,STABLE BEAMS,6800,442731.349988124,429397.146690720,57.2,DT
367615:8782,290:290,05/17/23 04:21:16,STABLE BEAMS,6800,443088.652803557,429606.664140948,57.3,DT
367615:8782,291:291,05/17/23 04:21:39,STABLE BEAMS,6800,443449.304504894,430192.327991479,57.3,DT
367615:8782,292:292,05/17/23 04:22:02,STABLE BEAMS,6800,442762.025667170,429528.814282560,57.2,DT
367615:8782,293:293,05/17/23 04:22:25,STABLE BEAMS,6800,442708.499959016,429479.594709116,57.2,DT
367615:8782,294:294,05/17/23 04:22:49,STABLE BEAMS,6800,442339.433331233,429214.285513610,57.2,DT
367615:8782,295:295,05/17/23 04:23:12,STABLE BEAMS,6800,442492.228241370,429401.158237250,57.2,DT
367615:8782,296:296,05/17/23 04:23:35,STABLE BEAMS,6800,441786.353169083,426956.135405564,57.1,DT
367615:8782,297:297,05/17/23 04:23:59,STABLE BEAMS,6800,450471.123372324,429759.871184374,58.2,DT
367615:8782,298:298,05/17/23 04:24:22,STABLE BEAMS,6800,462646.805252212,433547.455565549,59.8,DT
367615:8782,299:299,05/17/23 04:24:45,STABLE BEAMS,6800,462158.199468859,431361.431514324,59.7,DT
367615:8782,300:300,05/17/23 04:25:09,STABLE BEAMS,6800,462088.838583393,282606.584323560,59.7,DT
367615:8782,301:301,05/17/23 04:25:32,STABLE BEAMS,6800,462578.258060597,293687.243280439,59.8,DT
367615:8782,302:302,05/17/23 04:25:55,STABLE BEAMS,6800,461839.807725043,437139.763498590,59.7,DT
367615:8782,303:303,05/17/23 04:26:19,STABLE BEAMS,6800,460734.235229397,438327.439037892,59.6,DT
367615:8782,304:304,05/17/23 04:26:42,STABLE BEAMS,6800,457751.928541022,438980.674799787,59.2,DT
367615:8782,305:305,05/17/23 04:27:05,STABLE BEAMS,6800,457569.498958742,422822.773263954,59.1,DT
367615:8782,306:306,05/17/23 04:27:28,STABLE BEAMS,6800,456718.160908103,432963.684627266,59.0,DT
367615:8782,307:307,05/17/23 04:27:52,STABLE BEAMS,6800,456964.613138786,343577.612168429,59.1,DT
367615:8782,308:308,05/17/23 04:28:15,STABLE BEAMS,6800,455699.368427322,439816.939357670,58.9,DT
367615:8782,309:309,05/17/23 04:28:38,STABLE BEAMS,6800,455707.965783351,432471.319678973,58.9,DT
367615:8782,310:310,05/17/23 04:29:02,STABLE BEAMS,6800,453858.151536840,438725.342503454,58.7,DT
367615:8782,311:311,05/17/23 04:29:25,STABLE BEAMS,6800,455080.048952558,433325.040412775,58.8,DT
367615:8782,312:312,05/17/23 04:29:48,STABLE BEAMS,6800,456379.633861106,440681.384409969,59.0,DT
367615:8782,313:313,05/17/23 04:30:12,STABLE BEAMS,6800,456825.619171335,441252.278447391,59.0,DT
367615:8782,314:314,05/17/23 04:30:35,STABLE BEAMS,6800,456680.878672041,432653.681823602,59.0,DT
367615:8782,315:315,05/17/23 04:30:58,STABLE BEAMS,6800,455700.771397681,439620.381765212,58.9,DT
367615:8782,316:316,05/17/23 04:31:22,STABLE BEAMS,6800,456702.686246393,432950.306103022,59.0,DT
367615:8782,317:317,05/17/23 04:31:45,STABLE BEAMS,6800,454513.486375565,438739.366392494,58.7,DT
367615:8782,318:318,05/17/23 04:32:08,STABLE BEAMS,6800,453457.321891787,438494.002325794,58.6,DT
367615:8782,319:319,05/17/23 04:32:32,STABLE BEAMS,6800,454668.994563775,439899.143067333,58.8,DT
367615:8782,320:320,05/17/23 04:32:55,STABLE BEAMS,6800,453044.231820521,431678.655880892,58.6,DT
367615:8782,321:321,05/17/23 04:33:18,STABLE BEAMS,6800,453760.195538278,438975.838384043,58.7,DT
367615:8782,322:322,05/17/23 04:33:41,STABLE BEAMS,6800,454310.876606636,439285.640569586,58.7,DT
367615:8782,323:323,05/17/23 04:34:05,STABLE BEAMS,6800,454567.736010632,439567.823808081,58.8,DT
367615:8782,324:324,05/17/23 04:34:28,STABLE BEAMS,6800,455125.747562920,439952.184240600,58.8,DT
367615:8782,325:325,05/17/23 04:34:51,STABLE BEAMS,6800,455449.659973381,440058.441518950,58.9,DT
367615:8782,326:326,05/17/23 04:35:15,STABLE BEAMS,6800,456204.307449704,440921.396498690,59.0,DT
367615:8782,327:327,05/17/23 04:35:38,STABLE BEAMS,6800,455737.058958163,440454.140817486,58.9,DT
367615:8782,328:328,05/17/23 04:36:01,STABLE BEAMS,6800,455517.300808499,440494.778617685,58.9,DT
367615:8782,329:329,05/17/23 04:36:25,STABLE BEAMS,6800,454998.789604337,440141.991995147,58.8,DT
367615:8782,330:330,05/17/23 04:36:48,STABLE BEAMS,6800,455632.315420858,440641.824705250,58.9,DT
367615:8782,331:331,05/17/23 04:37:11,STABLE BEAMS,6800,455793.706239168,440523.575865014,58.9,DT
367615:8782,332:332,05/17/23 04:37:35,STABLE BEAMS,6800,456418.363950995,436009.073440864,59.0,DT
367615:8782,333:333,05/17/23 04:37:58,STABLE BEAMS,6800,455478.436068204,440579.055620795,58.9,DT
367615:8782,334:334,05/17/23 04:38:21,STABLE BEAMS,6800,455028.741356469,440190.942695829,58.8,DT
367615:8782,335:335,05/17/23 04:38:45,STABLE BEAMS,6800,454072.163154662,439518.159676316,58.7,DT
367615:8782,336:336,05/17/23 04:39:08,STABLE BEAMS,6800,452512.959232722,438063.928980825,58.5,DT
367615:8782,337:337,05/17/23 04:39:31,STABLE BEAMS,6800,452670.278686070,438260.501391127,58.5,DT
367615:8782,338:338,05/17/23 04:39:54,STABLE BEAMS,6800,451306.671129119,437053.481276186,58.3,DT
367615:8782,339:339,05/17/23 04:40:18,STABLE BEAMS,6800,451370.240599275,432742.635143744,58.3,DT
367615:8782,340:340,05/17/23 04:40:41,STABLE BEAMS,6800,451558.959658582,433505.355781257,58.4,DT
367615:8782,341:341,05/17/23 04:41:04,STABLE BEAMS,6800,451460.098751378,436908.017309730,58.4,DT
367615:8782,342:342,05/17/23 04:41:28,STABLE BEAMS,6800,450871.454955660,436412.899399318,58.3,DT
367615:8782,343:343,05/17/23 04:41:51,STABLE BEAMS,6800,451220.025764659,436817.006511677,58.3,DT
367615:8782,344:344,05/17/23 04:42:14,STABLE BEAMS,6800,452195.427514080,437919.635276984,58.4,DT
367615:8782,345:345,05/17/23 04:42:38,STABLE BEAMS,6800,451898.979442875,437352.868673750,58.4,DT
367615:8782,346:346,05/17/23 04:43:01,STABLE BEAMS,6800,452106.655252347,437899.168572776,58.4,DT
367615:8782,347:347,05/17/23 04:43:24,STABLE BEAMS,6800,451673.340110963,436719.820514848,58.4,DT
367615:8782,348:348,05/17/23 04:43:47,STABLE BEAMS,6800,451024.158651005,436853.628204033,58.3,DT
367615:8782,349:349,05/17/23 04:44:11,STABLE BEAMS,6800,450764.766950664,436693.885740864,58.3,DT
367615:8782,350:350,05/17/23 04:44:34,STABLE BEAMS,6800,450113.956655150,435768.467646114,58.2,DT
367615:8782,351:351,05/17/23 04:44:57,STABLE BEAMS,6800,451055.559704819,436784.077493474,58.3,DT
367615:8782,352:352,05/17/23 04:45:21,STABLE BEAMS,6800,450543.198983716,436462.960344753,58.2,DT
367615:8782,353:353,05/17/23 04:45:44,STABLE BEAMS,6800,449419.031701362,435408.784068036,58.1,DT
367615:8782,354:354,05/17/23 04:46:07,STABLE BEAMS,6800,449114.982397562,435137.272506805,58.1,DT
367615:8782,355:355,05/17/23 04:46:31,STABLE BEAMS,6800,449264.609403523,435306.902972535,58.1,DT
367615:8782,356:356,05/17/23 04:46:54,STABLE BEAMS,6800,449124.031483984,435131.664533177,58.1,DT
367615:8782,357:357,05/17/23 04:47:17,STABLE BEAMS,6800,448767.768227599,434893.181704108,58.0,DT
367615:8782,358:358,05/17/23 04:47:41,STABLE BEAMS,6800,448732.704103602,434832.621427250,58.0,DT
367615:8782,359:359,05/17/23 04:48:04,STABLE BEAMS,6800,448733.291932256,434782.421856099,58.0,DT
367615:8782,360:360,05/17/23 04:48:27,STABLE BEAMS,6800,448329.295830882,434329.711036255,57.9,DT
367615:8782,361:361,05/17/23 04:48:51,STABLE BEAMS,6800,448841.563889339,434687.020973827,58.0,DT
367615:8782,362:362,05/17/23 04:49:14,STABLE BEAMS,6800,448061.623854501,432532.348602859,57.9,DT
367615:8782,363:363,05/17/23 04:49:37,STABLE BEAMS,6800,447068.983957409,431908.162396401,57.8,DT
367615:8782,364:364,05/17/23 04:50:00,STABLE BEAMS,6800,446651.233244672,432897.700668498,57.7,DT
367615:8782,365:365,05/17/23 04:50:24,STABLE BEAMS,6800,446518.889269851,432819.131330529,57.7,DT
367615:8782,366:366,05/17/23 04:50:47,STABLE BEAMS,6800,445902.285968868,432324.619729725,57.6,DT
367615:8782,367:367,05/17/23 04:51:10,STABLE BEAMS,6800,445818.310446866,432281.263524612,57.6,DT
367615:8782,368:368,05/17/23 04:51:34,STABLE BEAMS,6800,445066.421132084,431735.160448631,57.5,DT
367615:8782,369:369,05/17/23 04:51:57,STABLE BEAMS,6800,445116.280874346,431515.658146974,57.5,DT
367615:8782,370:370,05/17/23 04:52:20,STABLE BEAMS,6800,445613.211817207,432156.530751411,57.6,DT
367615:8782,371:371,05/17/23 04:52:44,STABLE BEAMS,6800,445508.378512964,432042.137892707,57.6,DT
367615:8782,372:372,05/17/23 04:53:07,STABLE BEAMS,6800,445086.827183930,431712.051703377,57.5,DT
367615:8782,373:373,05/17/23 04:53:30,STABLE BEAMS,6800,445296.765988935,352287.082761804,57.6,DT
367615:8782,374:374,05/17/23 04:53:54,STABLE BEAMS,6800,445145.420380480,431607.986328675,57.5,DT
367615:8782,375:375,05/17/23 04:54:17,STABLE BEAMS,6800,445179.896675823,414299.793168095,57.5,DT
367615:8782,376:376,05/17/23 04:54:40,STABLE BEAMS,6800,444787.980018933,425235.152857804,57.5,DT
367615:8782,377:377,05/17/23 04:55:04,STABLE BEAMS,6800,444786.035551243,423263.400521938,57.5,DT
367615:8782,378:378,05/17/23 04:55:27,STABLE BEAMS,6800,443102.090334931,421630.730140180,57.3,DT
367615:8782,379:379,05/17/23 04:55:50,STABLE BEAMS,6800,443205.884080126,430134.649701534,57.3,DT
367615:8782,380:380,05/17/23 04:56:13,STABLE BEAMS,6800,442949.839817834,423678.692399362,57.3,DT
367615:8782,381:381,05/17/23 04:56:37,STABLE BEAMS,6800,442956.672240047,423777.802189888,57.3,DT
367615:8782,382:382,05/17/23 04:57:00,STABLE BEAMS,6800,443009.835984743,429939.000136674,57.3,DT
367615:8782,383:383,05/17/23 04:57:23,STABLE BEAMS,6800,442326.402646785,423024.542781068,57.2,DT
367615:8782,384:384,05/17/23 04:57:47,STABLE BEAMS,6800,441961.589813547,428100.735718970,57.1,DT
367615:8782,385:385,05/17/23 04:58:10,STABLE BEAMS,6800,441615.416650487,423793.442210199,57.1,DT
367615:8782,386:386,05/17/23 04:58:33,STABLE BEAMS,6800,441180.245360496,427099.275338511,57.0,DT
367615:8782,387:387,05/17/23 04:58:57,STABLE BEAMS,6800,451044.066641135,427351.104080323,58.3,DT
367615:8782,388:388,05/17/23 04:59:20,STABLE BEAMS,6800,459910.633714533,444101.249878007,59.4,DT
367615:8782,389:389,05/17/23 04:59:43,STABLE BEAMS,6800,460294.087665801,438576.880739910,59.5,DT
367615:8782,390:390,05/17/23 05:00:07,STABLE BEAMS,6800,459866.112209333,438944.369935237,59.4,DT
367615:8782,391:391,05/17/23 05:00:30,STABLE BEAMS,6800,459863.216501678,440232.975964543,59.4,DT
367615:8782,392:392,05/17/23 05:00:53,STABLE BEAMS,6800,460429.642980411,444620.069741471,59.5,DT
367615:8782,393:393,05/17/23 05:01:17,STABLE BEAMS,6800,460914.629129195,445004.860510723,59.6,DT
367615:8782,394:394,05/17/23 05:01:40,STABLE BEAMS,6800,460851.828469422,444896.637682725,59.6,DT
367615:8782,395:395,05/17/23 05:02:03,STABLE BEAMS,6800,461090.679467510,445246.183653932,59.6,DT
367615:8782,396:396,05/17/23 05:02:26,STABLE BEAMS,6800,460924.447026000,405642.948939916,59.6,DT
367615:8782,397:397,05/17/23 05:02:50,STABLE BEAMS,6800,461062.853164797,383067.677532324,59.6,DT
367615:8782,398:398,05/17/23 05:03:13,STABLE BEAMS,6800,460292.096866788,444409.619331744,59.5,DT
367615:8782,399:399,05/17/23 05:03:36,STABLE BEAMS,6800,460481.267656489,444504.101808200,59.5,DT
367615:8782,400:400,05/17/23 05:04:00,STABLE BEAMS,6800,459777.793125849,444108.761801460,59.4,DT
367615:8782,401:401,05/17/23 05:04:23,STABLE BEAMS,6800,459042.735111813,443517.012244071,59.3,DT
367615:8782,402:402,05/17/23 05:04:46,STABLE BEAMS,6800,459350.404050181,437508.723437949,59.4,DT
367615:8782,403:403,05/17/23 05:05:10,STABLE BEAMS,6800,458295.416671564,442864.995510337,59.2,DT
367615:8782,404:404,05/17/23 05:05:33,STABLE BEAMS,6800,458529.198733402,443357.556049779,59.3,DT
367615:8782,405:405,05/17/23 05:05:56,STABLE BEAMS,6800,456742.276361456,441593.491259387,59.0,DT
367615:8782,406:406,05/17/23 05:06:20,STABLE BEAMS,6800,456680.380610325,441449.966521932,59.0,DT
367615:8782,407:407,05/17/23 05:06:43,STABLE BEAMS,6800,457453.489670804,442191.308923432,59.1,DT
367615:8782,408:408,05/17/23 05:07:06,STABLE BEAMS,6800,457332.502661407,437030.107119621,59.1,DT
367615:8782,409:409,05/17/23 05:07:30,STABLE BEAMS,6800,456839.191353115,441726.959217627,59.0,DT
367615:8782,410:410,05/17/23 05:07:53,STABLE BEAMS,6800,456777.929761961,441730.587490532,59.0,DT
367615:8782,411:411,05/17/23 05:08:16,STABLE BEAMS,6800,456675.042373262,441608.843946071,59.0,DT
367615:8782,412:412,05/17/23 05:08:39,STABLE BEAMS,6800,456866.112747186,441962.630560910,59.1,DT
367615:8782,413:413,05/17/23 05:09:03,STABLE BEAMS,6800,456941.899207938,442112.845225684,59.1,DT
367615:8782,414:414,05/17/23 05:09:26,STABLE BEAMS,6800,456560.661920881,441847.281214446,59.0,DT
367615:8782,415:415,05/17/23 05:09:49,STABLE BEAMS,6800,455858.361599694,440448.845055304,58.9,DT
367615:8782,416:416,05/17/23 05:10:13,STABLE BEAMS,6800,455519.789669229,440945.122468778,58.9,DT
367615:8782,417:417,05/17/23 05:10:36,STABLE BEAMS,6800,455343.106618791,440741.009878701,58.9,DT
367615:8782,418:418,05/17/23 05:10:59,STABLE BEAMS,6800,454041.847991219,439675.567814668,58.7,DT
367615:8782,419:419,05/17/23 05:11:23,STABLE BEAMS,6800,454017.868636126,439567.003450844,58.7,DT
367615:8782,420:420,05/17/23 05:11:46,STABLE BEAMS,6800,454129.081184333,438892.613275119,58.7,DT
367615:8782,421:421,05/17/23 05:12:09,STABLE BEAMS,6800,454075.420825774,439638.074748416,58.7,DT
367615:8782,422:422,05/17/23 05:12:33,STABLE BEAMS,6800,452551.192708748,438111.975785771,58.5,DT
367615:8782,423:423,05/17/23 05:12:56,STABLE BEAMS,6800,452592.546309773,438053.809992749,58.5,DT
367615:8782,424:424,05/17/23 05:13:19,STABLE BEAMS,6800,453275.661119889,438825.973197214,58.6,DT
367615:8782,425:425,05/17/23 05:13:43,STABLE BEAMS,6800,453202.003004263,438748.948259460,58.6,DT
367615:8782,426:426,05/17/23 05:14:06,STABLE BEAMS,6800,453038.168208691,438624.245866710,58.6,DT
367615:8782,427:427,05/17/23 05:14:29,STABLE BEAMS,6800,453190.735805776,438694.766740430,58.6,DT
367615:8782,428:428,05/17/23 05:14:52,STABLE BEAMS,6800,453153.363802778,438746.345776896,58.6,DT
367615:8782,429:429,05/17/23 05:15:16,STABLE BEAMS,6800,452682.630327073,438465.514274056,58.5,DT
367615:8782,430:430,05/17/23 05:15:39,STABLE BEAMS,6800,452351.930377868,437949.723894885,58.5,DT
367615:8782,431:431,05/17/23 05:16:02,STABLE BEAMS,6800,452184.794475570,437801.309709573,58.4,DT
367615:8782,432:432,05/17/23 05:16:26,STABLE BEAMS,6800,452331.027712159,437842.065580380,58.5,DT
367615:8782,433:433,05/17/23 05:16:49,STABLE BEAMS,6800,452175.066345702,437844.775381440,58.4,DT
367615:8782,434:434,05/17/23 05:17:12,STABLE BEAMS,6800,451807.221706549,437661.437414190,58.4,DT
367615:8782,435:435,05/17/23 05:17:36,STABLE BEAMS,6800,451235.273113318,437046.205038951,58.3,DT
367615:8782,436:436,05/17/23 05:17:59,STABLE BEAMS,6800,450486.779015762,436327.856027821,58.2,DT
367615:8782,437:437,05/17/23 05:18:22,STABLE BEAMS,6800,451210.931794768,437013.552301979,58.3,DT
367615:8782,438:438,05/17/23 05:18:45,STABLE BEAMS,6800,450834.353701327,436654.241298315,58.3,DT
367615:8782,439:439,05/17/23 05:19:09,STABLE BEAMS,6800,450432.122533769,436470.823631882,58.2,DT
367615:8782,440:440,05/17/23 05:19:32,STABLE BEAMS,6800,450198.430238868,436068.804570617,58.2,DT
367615:8782,441:441,05/17/23 05:19:55,STABLE BEAMS,6800,450024.641448232,436138.882992759,58.2,DT
367615:8782,442:442,05/17/23 05:20:19,STABLE BEAMS,6800,449757.874380493,435883.144394115,58.1,DT
367615:8782,443:443,05/17/23 05:20:42,STABLE BEAMS,6800,448447.476899561,434534.999557070,58.0,DT
367615:8782,444:444,05/17/23 05:21:05,STABLE BEAMS,6800,449052.453934308,435187.450373225,58.0,DT
367615:8782,445:445,05/17/23 05:21:29,STABLE BEAMS,6800,449482.013342863,435612.631289360,58.1,DT
367615:8782,446:446,05/17/23 05:21:52,STABLE BEAMS,6800,448686.915726303,434353.969313343,58.0,DT
367615:8782,447:447,05/17/23 05:22:15,STABLE BEAMS,6800,448564.344764819,435093.175868160,58.0,DT
367615:8782,448:448,05/17/23 05:22:39,STABLE BEAMS,6800,448629.046456667,435018.525704200,58.0,DT
367615:8782,449:449,05/17/23 05:23:02,STABLE BEAMS,6800,448649.452508514,434947.509930729,58.0,DT
367615:8782,450:450,05/17/23 05:23:25,STABLE BEAMS,6800,448174.058391338,434744.035118266,57.9,DT
367615:8782,451:451,05/17/23 05:23:49,STABLE BEAMS,6800,447936.882560129,434322.919288377,57.9,DT
367615:8782,452:452,05/17/23 05:24:12,STABLE BEAMS,6800,447642.470171405,428826.940237374,57.9,DT
367615:8782,453:453,05/17/23 05:24:35,STABLE BEAMS,6800,435406.295510745,416286.764653637,56.3,DT
367615:8782,454:454,05/17/23 05:24:58,STABLE BEAMS,6800,437987.365707141,425642.232224542,56.6,DT
367615:8782,455:455,05/17/23 05:25:22,STABLE BEAMS,6800,435570.218625401,419209.996321600,56.3,DT
367615:8782,456:456,05/17/23 05:25:45,STABLE BEAMS,6800,421196.604868250,405138.350577726,54.4,DT
367615:8782,457:457,05/17/23 05:26:08,STABLE BEAMS,6800,418860.175637400,399993.652186322,54.1,DT
367615:8782,458:458,05/17/23 05:26:32,STABLE BEAMS,6800,445700.083046864,427491.845540951,57.6,DT
367615:8782,459:459,05/17/23 05:26:55,STABLE BEAMS,6800,445443.361188981,432223.664789486,57.6,DT
367615:8782,460:460,05/17/23 05:27:18,STABLE BEAMS,6800,445415.036824552,427201.844706714,57.6,DT
367615:8782,461:461,05/17/23 05:27:42,STABLE BEAMS,6800,445163.065375077,426982.182924763,57.5,DT
367615:8782,462:462,05/17/23 05:28:05,STABLE BEAMS,6800,444510.807225735,426427.611380378,57.5,DT
367615:8782,463:463,05/17/23 05:28:28,STABLE BEAMS,6800,444663.555804549,426605.114258572,57.5,DT
367615:8782,464:464,05/17/23 05:28:52,STABLE BEAMS,6800,444346.792896289,431229.433312119,57.4,DT
367615:8782,465:465,05/17/23 05:29:15,STABLE BEAMS,6800,444244.493336245,424884.340129056,57.4,DT
367615:8782,466:466,05/17/23 05:29:38,STABLE BEAMS,6800,443488.939503425,424364.574405020,57.3,DT
367615:8782,467:467,05/17/23 05:30:02,STABLE BEAMS,6800,442753.519525932,429633.961775675,57.2,DT
367615:8782,468:468,05/17/23 05:30:25,STABLE BEAMS,6800,441888.699060450,429065.500456283,57.1,DT
367615:8782,469:469,05/17/23 05:30:48,STABLE BEAMS,6800,442097.326109887,328415.163233390,57.1,DT
367615:8782,470:470,05/17/23 05:31:11,STABLE BEAMS,6800,442102.302383492,402886.442967143,57.1,DT
367615:8782,471:471,05/17/23 05:31:35,STABLE BEAMS,6800,441470.946899859,428612.270352517,57.1,DT
367615:8782,472:472,05/17/23 05:31:58,STABLE BEAMS,6800,441454.432679102,428649.413548715,57.1,DT
367615:8782,473:473,05/17/23 05:32:21,STABLE BEAMS,6800,441523.160852445,428398.818976698,57.1,DT
367615:8782,474:474,05/17/23 05:32:45,STABLE BEAMS,6800,443774.754536120,421185.131198460,57.4,DT
367615:8782,475:475,05/17/23 05:33:08,STABLE BEAMS,6800,456729.471542204,440659.784573008,59.0,DT
367615:8782,476:476,05/17/23 05:33:31,STABLE BEAMS,6800,459026.763836240,442681.280078212,59.3,DT
367615:8782,477:477,05/17/23 05:33:55,STABLE BEAMS,6800,459217.744443226,442990.768547832,59.4,DT
367615:8782,478:478,05/17/23 05:34:18,STABLE BEAMS,6800,459567.944087781,437785.809594940,59.4,DT
367615:8782,479:479,05/17/23 05:34:41,STABLE BEAMS,6800,459524.825552941,443097.214572216,59.4,DT
367615:8782,480:480,05/17/23 05:35:05,STABLE BEAMS,6800,459384.926676847,442760.524044481,59.4,DT
367615:8782,481:481,05/17/23 05:35:28,STABLE BEAMS,6800,459675.447234482,443498.044723375,59.4,DT
367615:8782,482:482,05/17/23 05:35:51,STABLE BEAMS,6800,459393.839665010,438397.431655807,59.4,DT
367615:8782,483:483,05/17/23 05:36:15,STABLE BEAMS,6800,458797.006808043,443397.288863533,59.3,DT
367615:8782,484:484,05/17/23 05:36:38,STABLE BEAMS,6800,458075.794620161,442974.550986263,59.2,DT
367618:8782,18:18,05/17/23 06:11:09,STABLE BEAMS,6800,458656.158139839,416133.279638271,59.3,DT
367618:8782,19:19,05/17/23 06:11:32,STABLE BEAMS,6800,457684.784319766,433705.334157505,59.2,DT
367618:8782,20:20,05/17/23 06:11:55,STABLE BEAMS,6800,457088.358309725,434842.316817267,59.1,DT
367618:8782,21:21,05/17/23 06:12:19,STABLE BEAMS,6800,458962.741187837,333847.530366761,59.3,DT
367618:8782,22:22,05/17/23 06:12:42,STABLE BEAMS,6800,458465.946343235,433551.557003505,59.3,DT
367618:8782,23:23,05/17/23 06:13:05,STABLE BEAMS,6800,460014.606993602,443477.237219114,59.5,DT
367618:8782,24:24,05/17/23 06:13:29,STABLE BEAMS,6800,459955.606950126,444240.895276367,59.5,DT
367618:8782,25:25,05/17/23 06:13:52,STABLE BEAMS,6800,460022.027244468,438077.581988131,59.5,DT
367618:8782,26:26,05/17/23 06:14:15,STABLE BEAMS,6800,459523.694779101,443909.267575699,59.4,DT
367618:8782,27:27,05/17/23 06:14:39,STABLE BEAMS,6800,459879.730722436,354688.921153008,59.4,DT
367618:8782,28:28,05/17/23 06:15:02,STABLE BEAMS,6800,459207.880215098,443345.623131586,59.4,DT
367618:8782,29:29,05/17/23 06:15:25,STABLE BEAMS,6800,459100.151203201,443443.433679850,59.3,DT
367618:8782,30:30,05/17/23 06:15:49,STABLE BEAMS,6800,459015.949816002,437879.349017731,59.3,DT
367618:8782,31:31,05/17/23 06:16:12,STABLE BEAMS,6800,458223.294728849,442592.959152055,59.2,DT
367618:8782,32:32,05/17/23 06:16:35,STABLE BEAMS,6800,458347.086231111,442795.270592318,59.2,DT
367618:8782,33:33,05/17/23 06:16:59,STABLE BEAMS,6800,457667.953019020,442185.715324701,59.2,DT
367618:8782,34:34,05/17/23 06:17:22,STABLE BEAMS,6800,457717.043950900,433827.762296100,59.2,DT
367618:8782,35:35,05/17/23 06:17:45,STABLE BEAMS,6800,456626.311956986,434151.389679597,59.0,DT
367618:8782,36:36,05/17/23 06:18:09,STABLE BEAMS,6800,455934.871987361,440562.938415072,58.9,DT
367618:8782,37:37,05/17/23 06:18:32,STABLE BEAMS,6800,455148.506377236,440136.095044430,58.8,DT
367618:8782,38:38,05/17/23 06:18:55,STABLE BEAMS,6800,454679.672485753,440037.944814967,58.8,DT
367618:8782,39:39,05/17/23 06:19:18,STABLE BEAMS,6800,453442.300408325,439057.262091147,58.6,DT
367618:8782,40:40,05/17/23 06:19:42,STABLE BEAMS,6800,451810.026199414,428433.319057965,58.4,DT
367618:8782,41:41,05/17/23 06:20:05,STABLE BEAMS,6800,451268.528867884,425046.416382358,58.3,DT
367618:8782,42:42,05/17/23 06:20:28,STABLE BEAMS,6800,451297.441060968,425823.501911942,58.3,DT
367618:8782,43:43,05/17/23 06:20:52,STABLE BEAMS,6800,450148.432950493,425327.645883684,58.2,DT
367618:8782,44:44,05/17/23 06:21:15,STABLE BEAMS,6800,449338.268967003,424272.124331840,58.1,DT
367618:8782,45:45,05/17/23 06:21:38,STABLE BEAMS,6800,449962.157868447,424169.833055967,58.2,DT
367618:8782,46:46,05/17/23 06:22:02,STABLE BEAMS,6800,451055.966551744,424634.665707818,58.3,DT
367618:8782,47:47,05/17/23 06:22:25,STABLE BEAMS,6800,451186.997323143,424787.364591807,58.3,DT
367618:8782,48:48,05/17/23 06:22:48,STABLE BEAMS,6800,451389.290012085,424993.970500556,58.3,DT
367618:8782,49:49,05/17/23 06:23:12,STABLE BEAMS,6800,451654.064832956,424717.237370648,58.4,DT
367618:8782,50:50,05/17/23 06:23:35,STABLE BEAMS,6800,451970.512109082,425257.902273433,58.4,DT
367618:8782,51:51,05/17/23 06:23:58,STABLE BEAMS,6800,452607.024848049,425097.718287628,58.5,DT
367618:8782,52:52,05/17/23 06:24:22,STABLE BEAMS,6800,452252.934820259,425011.537722440,58.5,DT
367618:8782,53:53,05/17/23 06:24:45,STABLE BEAMS,6800,452562.503342850,425386.093201968,58.5,DT
367618:8782,54:54,05/17/23 06:25:08,STABLE BEAMS,6800,452889.401227903,425792.328728891,58.5,DT
367618:8782,55:55,05/17/23 06:25:31,STABLE BEAMS,6800,452769.908403656,425544.610855011,58.5,DT
367618:8782,56:56,05/17/23 06:25:55,STABLE BEAMS,6800,452670.323569539,425667.238518378,58.5,DT
367618:8782,57:57,05/17/23 06:26:18,STABLE BEAMS,6800,451833.870904101,425041.202197256,58.4,DT
367618:8782,58:58,05/17/23 06:26:41,STABLE BEAMS,6800,451667.503812184,425312.442229757,58.4,DT
367618:8782,59:59,05/17/23 06:27:05,STABLE BEAMS,6800,451204.280354284,425398.207738937,58.3,DT
367618:8782,60:60,05/17/23 06:27:28,STABLE BEAMS,6800,451305.314490083,425093.382950679,58.3,DT
367618:8782,61:61,05/17/23 06:27:51,STABLE BEAMS,6800,451245.997366619,425445.690105873,58.3,DT
367618:8782,62:62,05/17/23 06:28:15,STABLE BEAMS,6800,450883.761713195,425476.498622948,58.3,DT
367618:8782,63:63,05/17/23 06:28:38,STABLE BEAMS,6800,450671.334047460,329038.702643604,58.3,DT
367618:8782,64:64,05/17/23 06:29:01,STABLE BEAMS,6800,450437.460770832,435968.936076057,58.2,DT
367618:8782,65:65,05/17/23 06:29:25,STABLE BEAMS,6800,450298.332152974,436319.860035044,58.2,DT
367618:8782,66:66,05/17/23 06:29:48,STABLE BEAMS,6800,450398.504815746,435887.058278557,58.2,DT
367618:8782,67:67,05/17/23 06:30:11,STABLE BEAMS,6800,450106.536404283,435992.016867074,58.2,DT
367618:8782,68:68,05/17/23 06:30:34,STABLE BEAMS,6800,449623.811803179,435430.744707151,58.1,DT
367618:8782,69:69,05/17/23 06:30:58,STABLE BEAMS,6800,449386.861837166,434696.812243512,58.1,DT
367618:8782,70:70,05/17/23 06:31:21,STABLE BEAMS,6800,448919.205050845,435113.788556474,58.0,DT
367618:8782,71:71,05/17/23 06:31:44,STABLE BEAMS,6800,448304.999395800,434423.790225590,57.9,DT
367618:8782,72:72,05/17/23 06:32:08,STABLE BEAMS,6800,447658.532661769,433973.527740451,57.9,DT
367618:8782,73:73,05/17/23 06:32:31,STABLE BEAMS,6800,447521.528045477,433628.113414821,57.8,DT
367618:8782,74:74,05/17/23 06:32:54,STABLE BEAMS,6800,447700.972153164,419930.880310129,57.9,DT
367618:8782,75:75,05/17/23 06:33:18,STABLE BEAMS,6800,447588.491285004,432973.801028719,57.9,DT
367618:8782,76:76,05/17/23 06:33:41,STABLE BEAMS,6800,447357.287850833,433581.992352678,57.8,DT
367618:8782,77:77,05/17/23 06:34:04,STABLE BEAMS,6800,446839.680107460,433232.667145177,57.8,DT
367618:8782,78:78,05/17/23 06:34:28,STABLE BEAMS,6800,446844.204650671,420672.099532108,57.8,DT
367618:8782,79:79,05/17/23 06:34:51,STABLE BEAMS,6800,446401.659441136,424955.396735955,57.7,DT
367618:8782,80:80,05/17/23 06:35:14,STABLE BEAMS,6800,446661.096024946,424674.204109111,57.7,DT
367618:8782,81:81,05/17/23 06:35:38,STABLE BEAMS,6800,445736.913552531,424230.201702405,57.6,DT
367618:8782,82:82,05/17/23 06:36:01,STABLE BEAMS,6800,445728.407411294,423993.708638247,57.6,DT
367618:8782,83:83,05/17/23 06:36:24,STABLE BEAMS,6800,446104.758191683,426170.303423976,57.7,DT
367618:8782,84:84,05/17/23 06:36:47,STABLE BEAMS,6800,445986.758104733,426090.484176371,57.6,DT
367618:8782,85:85,05/17/23 06:37:11,STABLE BEAMS,6800,445651.535060170,432108.625703625,57.6,DT
367618:8782,86:86,05/17/23 06:37:34,STABLE BEAMS,6800,445649.318395960,425898.544719453,57.6,DT
367618:8782,87:87,05/17/23 06:37:57,STABLE BEAMS,6800,444889.782965114,431478.799743805,57.5,DT
367618:8782,88:88,05/17/23 06:38:21,STABLE BEAMS,6800,444771.239932978,431599.029879194,57.5,DT
367618:8782,89:89,05/17/23 06:38:44,STABLE BEAMS,6800,444864.807486588,424200.679607721,57.5,DT
367618:8782,90:90,05/17/23 06:39:07,STABLE BEAMS,6800,444166.443879959,431081.708365718,57.4,DT
367618:8782,91:91,05/17/23 06:39:31,STABLE BEAMS,6800,443681.819694633,430469.926136107,57.3,DT
367618:8782,92:92,05/17/23 06:39:54,STABLE BEAMS,6800,443817.104260578,430862.128389701,57.4,DT
367618:8782,93:93,05/17/23 06:40:17,STABLE BEAMS,6800,443790.725811692,430472.231423118,57.4,DT
367618:8782,94:94,05/17/23 06:40:41,STABLE BEAMS,6800,443671.322754382,425555.286632931,57.3,DT
367618:8782,95:95,05/17/23 06:41:04,STABLE BEAMS,6800,441994.844120260,429018.200672496,57.1,DT
367618:8782,96:96,05/17/23 06:41:27,STABLE BEAMS,6800,441656.634153251,428850.628197382,57.1,DT
367618:8782,97:97,05/17/23 06:41:51,STABLE BEAMS,6800,440764.259581576,423174.592826825,57.0,DT
367618:8782,98:98,05/17/23 06:42:14,STABLE BEAMS,6800,439919.662738357,426611.184286459,56.9,DT
367618:8782,99:99,05/17/23 06:42:37,STABLE BEAMS,6800,445581.314149531,430577.716180415,57.6,DT
367618:8782,100:100,05/17/23 06:43:00,STABLE BEAMS,6800,457911.056363800,434477.308729588,59.2,DT
367618:8782,101:101,05/17/23 06:43:24,STABLE BEAMS,6800,458093.032767832,442944.960232697,59.2,DT
367618:8782,102:102,05/17/23 06:43:47,STABLE BEAMS,6800,458004.217070485,442826.243981608,59.2,DT
367618:8782,103:103,05/17/23 06:44:10,STABLE BEAMS,6800,457323.544789776,442637.160787897,59.1,DT
367618:8782,104:104,05/17/23 06:44:34,STABLE BEAMS,6800,456532.744403376,441790.898785565,59.0,DT
367618:8782,105:105,05/17/23 06:44:57,STABLE BEAMS,6800,456626.492938715,441727.602173619,59.0,DT
367618:8782,106:106,05/17/23 06:45:20,STABLE BEAMS,6800,457766.903693161,443017.385301218,59.2,DT
367618:8782,107:107,05/17/23 06:45:44,STABLE BEAMS,6800,456986.148516618,442150.227833145,59.1,DT
367618:8782,108:108,05/17/23 06:46:07,STABLE BEAMS,6800,456178.111430401,441420.312780704,59.0,DT
367618:8782,109:109,05/17/23 06:46:30,STABLE BEAMS,6800,456449.403041351,441824.024491649,59.0,DT
367618:8782,110:110,05/17/23 06:46:54,STABLE BEAMS,6800,455958.625477257,441300.340281766,58.9,DT
367618:8782,111:111,05/17/23 06:47:17,STABLE BEAMS,6800,456299.957017118,341287.806591018,59.0,DT
367618:8782,112:112,05/17/23 06:47:40,STABLE BEAMS,6800,456126.757502989,440834.657076402,59.0,DT
367618:8782,113:113,05/17/23 06:48:03,STABLE BEAMS,6800,456366.558293189,441425.754399295,59.0,DT
367618:8782,114:114,05/17/23 06:48:27,STABLE BEAMS,6800,455900.485458955,440879.179746378,58.9,DT
367618:8782,115:115,05/17/23 06:48:50,STABLE BEAMS,6800,455730.543615938,440641.026819879,58.9,DT
367618:8782,116:116,05/17/23 06:49:13,STABLE BEAMS,6800,455262.569749630,440692.357211559,58.8,DT
367618:8782,117:117,05/17/23 06:49:37,STABLE BEAMS,6800,454342.232776981,439781.485577093,58.7,DT
367618:8782,118:118,05/17/23 06:50:00,STABLE BEAMS,6800,453689.069718997,439448.510014235,58.6,DT
367618:8782,119:119,05/17/23 06:50:23,STABLE BEAMS,6800,451046.510618396,437243.523687498,58.3,DT
367618:8782,120:120,05/17/23 06:50:47,STABLE BEAMS,6800,450470.354561941,436574.731617444,58.2,DT
367618:8782,121:121,05/17/23 06:51:10,STABLE BEAMS,6800,451042.075842122,429075.543243421,58.3,DT
367618:8782,122:122,05/17/23 06:51:33,STABLE BEAMS,6800,449797.509379024,435990.185299067,58.1,DT
367618:8782,123:123,05/17/23 06:51:57,STABLE BEAMS,6800,449421.791310757,435684.371638427,58.1,DT
367618:8782,124:124,05/17/23 06:52:20,STABLE BEAMS,6800,448603.981211204,382385.677191168,58.0,DT
367618:8782,125:125,05/17/23 06:52:43,STABLE BEAMS,6800,449237.824107712,218251.208036317,58.1,DT
367618:8782,126:126,05/17/23 06:53:06,STABLE BEAMS,6800,448915.857612796,435174.899111760,58.0,DT
367618:8782,127:127,05/17/23 06:53:30,STABLE BEAMS,6800,451618.366548983,437635.299928344,58.4,DT
367618:8782,128:128,05/17/23 06:53:53,STABLE BEAMS,6800,450508.134859719,436585.855227405,58.2,DT
367618:8782,129:129,05/17/23 06:54:16,STABLE BEAMS,6800,450333.668473491,436711.012180621,58.2,DT
367618:8782,130:130,05/17/23 06:54:40,STABLE BEAMS,6800,449595.850850060,435903.535369017,58.1,DT
367618:8782,131:131,05/17/23 06:55:03,STABLE BEAMS,6800,448829.891291781,435325.798507919,58.0,DT
367618:8782,132:132,05/17/23 06:55:26,STABLE BEAMS,6800,448790.571925384,435220.754527989,58.0,DT
367618:8782,133:133,05/17/23 06:55:50,STABLE BEAMS,6800,448876.177730796,434846.875807117,58.0,DT
367618:8782,134:134,05/17/23 06:56:13,STABLE BEAMS,6800,447702.509773929,433922.158696157,57.9,DT
367618:8782,135:135,05/17/23 06:56:36,STABLE BEAMS,6800,447605.730880530,427277.668629256,57.9,DT
367618:8782,136:136,05/17/23 06:57:00,STABLE BEAMS,6800,447884.170545826,434269.494305161,57.9,DT
367618:8782,137:137,05/17/23 06:57:23,STABLE BEAMS,6800,447719.477172935,434203.896788670,57.9,DT
367618:8782,138:138,05/17/23 06:57:46,STABLE BEAMS,6800,446535.901552325,433064.337120409,57.7,DT
367618:8782,139:139,05/17/23 06:58:10,STABLE BEAMS,6800,446690.913126672,433356.521834940,57.7,DT
367618:8782,140:140,05/17/23 06:58:33,STABLE BEAMS,6800,447549.581661241,433944.692713241,57.8,DT
367618:8782,141:141,05/17/23 06:58:56,STABLE BEAMS,6800,447421.264167914,178805.151268775,57.8,DT
367618:8782,142:142,05/17/23 06:59:19,STABLE BEAMS,6800,446878.139448683,433272.984364768,57.8,DT
367618:8782,143:143,05/17/23 06:59:43,STABLE BEAMS,6800,446806.922414610,433371.217981790,57.8,DT
367618:8782,144:144,05/17/23 07:00:06,STABLE BEAMS,6800,446341.844255956,433044.604470814,57.7,DT
367618:8782,145:145,05/17/23 07:00:29,STABLE BEAMS,6800,445995.536442489,432750.017361659,57.6,DT
367618:8782,146:146,05/17/23 07:00:53,STABLE BEAMS,6800,445840.616082934,432528.522345331,57.6,DT
367618:8782,147:147,05/17/23 07:01:16,STABLE BEAMS,6800,445311.199643743,432164.549938832,57.6,DT
367618:8782,148:148,05/17/23 07:01:39,STABLE BEAMS,6800,445022.352805133,431684.151925313,57.5,DT
367618:8782,149:149,05/17/23 07:02:03,STABLE BEAMS,6800,444992.671801667,431755.231961081,57.5,DT
367618:8782,150:150,05/17/23 07:02:26,STABLE BEAMS,6800,444866.119242156,431682.633157892,57.5,DT
367618:8782,151:151,05/17/23 07:02:49,STABLE BEAMS,6800,444841.686708815,431462.527516171,57.5,DT
367618:8782,152:152,05/17/23 07:03:13,STABLE BEAMS,6800,444355.931749649,431251.977302038,57.4,DT
367618:8782,153:153,05/17/23 07:03:36,STABLE BEAMS,6800,444593.515875638,431366.213361931,57.5,DT
367618:8782,154:154,05/17/23 07:03:59,STABLE BEAMS,6800,444192.370598450,431085.529240482,57.4,DT
367618:8782,155:155,05/17/23 07:04:22,STABLE BEAMS,6800,443550.473291099,430299.379348997,57.3,DT
367618:8782,156:156,05/17/23 07:04:46,STABLE BEAMS,6800,442935.995439535,429913.627520487,57.3,DT
367618:8782,157:157,05/17/23 07:05:09,STABLE BEAMS,6800,443062.953398117,430038.908624346,57.3,DT
367618:8782,158:158,05/17/23 07:05:32,STABLE BEAMS,6800,442582.040062150,429333.418214148,57.2,DT
367618:8782,159:159,05/17/23 07:05:56,STABLE BEAMS,6800,441927.156953819,424070.862319458,57.1,DT
367618:8782,160:160,05/17/23 07:06:19,STABLE BEAMS,6800,442259.937468974,421224.768574148,57.2,DT
367618:8782,161:161,05/17/23 07:06:42,STABLE BEAMS,6800,442124.290939572,421036.082648920,57.1,DT
367618:8782,162:162,05/17/23 07:07:06,STABLE BEAMS,6800,441539.811171462,417706.951011963,57.1,DT
367618:8782,163:163,05/17/23 07:07:29,STABLE BEAMS,6800,440240.000397718,421034.935093000,56.9,DT
367618:8782,164:164,05/17/23 07:07:52,STABLE BEAMS,6800,440309.316399715,420164.861889371,56.9,DT
367618:8782,165:165,05/17/23 07:08:16,STABLE BEAMS,6800,440302.439094034,421502.668145972,56.9,DT
367618:8782,166:166,05/17/23 07:08:39,STABLE BEAMS,6800,439671.626555587,425581.011405820,56.8,DT
367618:8782,167:167,05/17/23 07:09:02,STABLE BEAMS,6800,439282.200207280,420474.278861551,56.8,DT
367618:8782,168:168,05/17/23 07:09:26,STABLE BEAMS,6800,439596.882549590,425600.767797161,56.8,DT
367618:8782,169:169,05/17/23 07:09:49,STABLE BEAMS,6800,439425.129441435,419488.775777879,56.8,DT
367618:8782,170:170,05/17/23 07:10:12,STABLE BEAMS,6800,439656.289439991,425824.189011697,56.8,DT
367618:8782,171:171,05/17/23 07:10:35,STABLE BEAMS,6800,439291.385391962,196010.329599845,56.8,DT
367618:8782,172:172,05/17/23 07:10:59,STABLE BEAMS,6800,438932.588391379,425076.100335301,56.7,DT
367618:8782,173:173,05/17/23 07:11:22,STABLE BEAMS,6800,439146.870757866,408024.853921912,56.8,DT
367618:8782,174:174,05/17/23 07:11:45,STABLE BEAMS,6800,438805.946064931,425074.590593217,56.7,DT
367618:8782,175:175,05/17/23 07:12:09,STABLE BEAMS,6800,438943.809258543,424914.040365023,56.7,DT
367618:8782,176:176,05/17/23 07:12:32,STABLE BEAMS,6800,438345.528547748,419888.774314576,56.7,DT
367618:8782,177:177,05/17/23 07:12:55,STABLE BEAMS,6800,437550.430931188,423828.402634441,56.6,DT
367618:8782,178:178,05/17/23 07:13:19,STABLE BEAMS,6800,437264.343701974,423654.921141185,56.5,DT
367618:8782,179:179,05/17/23 07:13:42,STABLE BEAMS,6800,437489.214223503,423842.765847965,56.5,DT
367618:8782,180:180,05/17/23 07:14:05,STABLE BEAMS,6800,437591.060605299,424040.199848533,56.6,DT
367618:8782,181:181,05/17/23 07:14:29,STABLE BEAMS,6800,437626.262275410,415979.706592966,56.6,DT
367618:8782,182:182,05/17/23 07:14:52,STABLE BEAMS,6800,437357.323426930,423853.373830514,56.5,DT
367618:8782,183:183,05/17/23 07:15:15,STABLE BEAMS,6800,436749.993629713,423289.901051162,56.5,DT
367618:8782,184:184,05/17/23 07:15:39,STABLE BEAMS,6800,436505.216565908,422785.085824368,56.4,DT
367618:8782,185:185,05/17/23 07:16:02,STABLE BEAMS,6800,436472.141793070,423078.019305268,56.4,DT
367618:8782,186:186,05/17/23 07:16:25,STABLE BEAMS,6800,436273.921916946,422431.832913038,56.4,DT
367618:8782,187:187,05/17/23 07:16:48,STABLE BEAMS,6800,436030.772240843,422697.861265543,56.4,DT
367618:8782,188:188,05/17/23 07:17:12,STABLE BEAMS,6800,435782.646291135,422555.801392753,56.3,DT
367618:8782,189:189,05/17/23 07:17:35,STABLE BEAMS,6800,435862.369466445,422661.109801107,56.3,DT
367618:8782,190:190,05/17/23 07:17:58,STABLE BEAMS,6800,435445.885625808,421784.449737345,56.3,DT
367618:8782,191:191,05/17/23 07:18:22,STABLE BEAMS,6800,434764.217221665,421755.118447941,56.2,DT
367618:8782,192:192,05/17/23 07:18:45,STABLE BEAMS,6800,434881.584596494,421677.890270368,56.2,DT
367618:8782,193:193,05/17/23 07:19:08,STABLE BEAMS,6800,434508.852002819,421535.309120376,56.2,DT
367618:8782,194:194,05/17/23 07:19:32,STABLE BEAMS,6800,434248.374412108,421212.685314382,56.1,DT
367618:8782,195:195,05/17/23 07:19:55,STABLE BEAMS,6800,433426.581266674,420327.269827865,56.0,DT
367618:8782,196:196,05/17/23 07:20:18,STABLE BEAMS,6800,433726.150910732,420576.281769451,56.1,DT
367618:8782,197:197,05/17/23 07:20:42,STABLE BEAMS,6800,434549.528008252,421395.638140370,56.2,DT
367618:8782,198:198,05/17/23 07:21:05,STABLE BEAMS,6800,434020.427201195,420916.533851155,56.1,DT
367618:8782,199:199,05/17/23 07:21:28,STABLE BEAMS,6800,434082.957112302,421027.154311715,56.1,DT
367618:8782,200:200,05/17/23 07:21:52,STABLE BEAMS,6800,433492.503499300,420562.930673828,56.0,DT
367618:8782,201:201,05/17/23 07:22:15,STABLE BEAMS,6800,432074.104809950,419285.400206528,55.8,DT
367618:8782,202:202,05/17/23 07:22:38,STABLE BEAMS,6800,432612.570335565,419607.145119546,55.9,DT
367618:8782,203:203,05/17/23 07:23:01,STABLE BEAMS,6800,434021.106244640,421127.389161972,56.1,DT
367618:8782,204:204,05/17/23 07:23:25,STABLE BEAMS,6800,432185.725652937,419225.362585714,55.9,DT
367618:8782,205:205,05/17/23 07:23:48,STABLE BEAMS,6800,431438.405764835,418594.959395756,55.8,DT
367618:8782,206:206,05/17/23 07:24:11,STABLE BEAMS,6800,432252.190830747,419444.231633776,55.9,DT
367618:8782,207:207,05/17/23 07:24:35,STABLE BEAMS,6800,432174.504785773,419448.827038641,55.9,DT
367618:8782,208:208,05/17/23 07:24:58,STABLE BEAMS,6800,431918.143443493,419044.305481073,55.8,DT
367618:8782,209:209,05/17/23 07:25:21,STABLE BEAMS,6800,431861.903009413,419063.151406124,55.8,DT
367618:8782,210:210,05/17/23 07:25:45,STABLE BEAMS,6800,431009.661497985,417919.960359187,55.7,DT
367618:8782,211:211,05/17/23 07:26:08,STABLE BEAMS,6800,431246.701230935,418522.996432489,55.7,DT
367618:8782,212:212,05/17/23 07:26:31,STABLE BEAMS,6800,430764.927869795,418221.877955834,55.7,DT
367618:8782,213:213,05/17/23 07:26:55,STABLE BEAMS,6800,429995.212578687,417552.411958623,55.6,DT
367618:8782,214:214,05/17/23 07:27:18,STABLE BEAMS,6800,428677.168981692,416348.642301048,55.4,DT
367618:8782,215:215,05/17/23 07:27:41,STABLE BEAMS,6800,427710.906085631,415506.075381668,55.3,DT
367618:8782,216:216,05/17/23 07:28:05,STABLE BEAMS,6800,426936.757466103,414816.924868235,55.2,DT
367618:8782,217:217,05/17/23 07:28:28,STABLE BEAMS,6800,426447.201890640,131768.048846349,55.1,DT
367618:8782,218:218,05/17/23 07:28:51,STABLE BEAMS,6800,425719.519244002,413660.637653076,55.0,DT
367618:8782,219:219,05/17/23 07:29:14,STABLE BEAMS,6800,426467.878691152,414447.221144732,55.1,DT
367618:8782,220:220,05/17/23 07:29:38,STABLE BEAMS,6800,426298.253928124,414327.783227416,55.1,DT
367618:8782,221:221,05/17/23 07:30:01,STABLE BEAMS,6800,425698.073633107,413810.133950555,55.0,DT
367618:8782,222:222,05/17/23 07:30:24,STABLE BEAMS,6800,425585.230801490,413704.972737435,55.0,DT
367618:8782,223:223,05/17/23 07:30:48,STABLE BEAMS,6800,425717.302579792,413896.886489005,55.0,DT
367618:8782,224:224,05/17/23 07:31:11,STABLE BEAMS,6800,425229.829018132,413368.748734142,55.0,DT
367618:8782,225:225,05/17/23 07:31:34,STABLE BEAMS,6800,424704.211747385,410021.852862592,54.9,DT
367618:8782,226:226,05/17/23 07:31:58,STABLE BEAMS,6800,424806.964485677,412927.254376268,54.9,DT
367618:8782,227:227,05/17/23 07:32:21,STABLE BEAMS,6800,424722.356251552,412779.400971083,54.9,DT
367618:8782,228:228,05/17/23 07:32:44,STABLE BEAMS,6800,424383.737989764,412564.359929258,54.9,DT
367618:8782,229:229,05/17/23 07:33:08,STABLE BEAMS,6800,423582.125030980,411820.015678934,54.8,DT
367618:8782,230:230,05/17/23 07:33:31,STABLE BEAMS,6800,423747.090600391,412136.912034065,54.8,DT
367618:8782,231:231,05/17/23 07:33:54,STABLE BEAMS,6800,423802.334911038,299676.771063823,54.8,DT
367618:8782,232:232,05/17/23 07:34:17,STABLE BEAMS,6800,423848.349153534,405460.941039764,54.8,DT
367618:8782,233:233,05/17/23 07:34:41,STABLE BEAMS,6800,423481.228441295,403870.969067673,54.7,DT
367618:8782,234:234,05/17/23 07:35:04,STABLE BEAMS,6800,423761.207175211,411992.966345710,54.8,DT
367618:8782,235:235,05/17/23 07:35:27,STABLE BEAMS,6800,423583.981179587,405946.618591326,54.8,DT
367618:8782,236:236,05/17/23 07:35:51,STABLE BEAMS,6800,422801.823032685,405199.915366635,54.7,DT
367618:8782,237:237,05/17/23 07:36:14,STABLE BEAMS,6800,422433.389117025,405990.123991812,54.6,DT
367618:8782,238:238,05/17/23 07:36:37,STABLE BEAMS,6800,422917.244491969,394614.996573045,54.7,DT
367618:8782,239:239,05/17/23 07:37:01,STABLE BEAMS,6800,422038.985047259,401655.554719113,54.6,DT
367618:8782,240:240,05/17/23 07:37:24,STABLE BEAMS,6800,421530.109310319,406954.386560285,54.5,DT
367618:8782,241:241,05/17/23 07:37:47,STABLE BEAMS,6800,421516.716662414,399350.282535152,54.5,DT
367618:8782,242:242,05/17/23 07:38:11,STABLE BEAMS,6800,421601.099031341,406308.339262437,54.5,DT
367618:8782,243:243,05/17/23 07:38:34,STABLE BEAMS,6800,421401.838148315,406772.967309607,54.5,DT
367618:8782,244:244,05/17/23 07:38:57,STABLE BEAMS,6800,421608.022668345,407213.007755307,54.5,DT
367618:8782,245:245,05/17/23 07:39:21,STABLE BEAMS,6800,421125.570263760,401835.653178001,54.4,DT
367618:8782,246:246,05/17/23 07:39:44,STABLE BEAMS,6800,420998.655740792,406009.229773503,54.4,DT
367618:8782,247:247,05/17/23 07:40:07,STABLE BEAMS,6800,421037.206296807,406568.711991220,54.4,DT
367618:8782,248:248,05/17/23 07:40:30,STABLE BEAMS,6800,420599.184182629,400734.526936754,54.4,DT
367618:8782,249:249,05/17/23 07:40:54,STABLE BEAMS,6800,420218.036662509,405890.336188329,54.3,DT
367618:8782,250:250,05/17/23 07:41:17,STABLE BEAMS,6800,420369.383718818,406126.793308429,54.3,DT
367618:8782,251:251,05/17/23 07:41:40,STABLE BEAMS,6800,419568.991300810,405391.533216673,54.2,DT
367618:8782,252:252,05/17/23 07:42:04,STABLE BEAMS,6800,419667.490244557,396630.197231210,54.2,DT
367618:8782,253:253,05/17/23 07:42:27,STABLE BEAMS,6800,419457.551439552,370508.698702495,54.2,DT
367618:8782,254:254,05/17/23 07:42:50,STABLE BEAMS,6800,419479.948290412,405035.945312814,54.2,DT
367618:8782,255:255,05/17/23 07:43:14,STABLE BEAMS,6800,419137.032798463,400038.078902436,54.2,DT
367618:8782,256:256,05/17/23 07:43:37,STABLE BEAMS,6800,418780.860756869,404462.248966176,54.1,DT
367618:8782,257:257,05/17/23 07:44:00,STABLE BEAMS,6800,418421.475927632,403791.750454839,54.1,DT
367618:8782,258:258,05/17/23 07:44:24,STABLE BEAMS,6800,418702.767864969,399908.719250450,54.1,DT
367618:8782,259:259,05/17/23 07:44:47,STABLE BEAMS,6800,417630.813087346,403877.403628659,54.0,DT
367618:8782,260:260,05/17/23 07:45:10,STABLE BEAMS,6800,417871.744651385,399143.667291969,54.0,DT
367618:8782,261:261,05/17/23 07:45:33,STABLE BEAMS,6800,418137.606810481,403959.252664904,54.0,DT
367618:8782,262:262,05/17/23 07:45:57,STABLE BEAMS,6800,417309.886151478,403420.608283253,53.9,DT
367618:8782,263:263,05/17/23 07:46:20,STABLE BEAMS,6800,416807.074026369,403080.981322850,53.9,DT
367618:8782,264:264,05/17/23 07:46:43,STABLE BEAMS,6800,416594.239513709,398329.320884882,53.8,DT
367618:8782,265:265,05/17/23 07:47:07,STABLE BEAMS,6800,416631.295884573,402890.940609001,53.9,DT
367618:8782,266:266,05/17/23 07:47:30,STABLE BEAMS,6800,416036.453826619,402587.086829248,53.8,DT
367618:8782,267:267,05/17/23 07:47:53,STABLE BEAMS,6800,415045.352998145,401490.216064921,53.6,DT
367618:8782,268:268,05/17/23 07:48:17,STABLE BEAMS,6800,415291.577915778,401875.039542300,53.7,DT
367618:8782,269:269,05/17/23 07:48:40,STABLE BEAMS,6800,415430.888963217,392184.931956256,53.7,DT
367618:8782,270:270,05/17/23 07:49:03,STABLE BEAMS,6800,415608.342271892,401852.922462066,53.7,DT
367618:8782,271:271,05/17/23 07:49:27,STABLE BEAMS,6800,415350.669174044,401629.448877716,53.7,DT
367618:8782,272:272,05/17/23 07:49:50,STABLE BEAMS,6800,415408.764308877,401743.678406769,53.7,DT
367618:8782,273:273,05/17/23 07:50:13,STABLE BEAMS,6800,415255.879631804,401549.761023885,53.7,DT
367618:8782,274:274,05/17/23 07:50:36,STABLE BEAMS,6800,415107.112651016,401389.062502845,53.7,DT
367618:8782,275:275,05/17/23 07:51:00,STABLE BEAMS,6800,415497.581454079,401878.674752638,53.7,DT
367618:8782,276:276,05/17/23 07:51:23,STABLE BEAMS,6800,415384.919604190,401716.094959571,53.7,DT
367618:8782,277:277,05/17/23 07:51:46,STABLE BEAMS,6800,415093.132174457,401576.717016357,53.7,DT
367618:8782,278:278,05/17/23 07:52:10,STABLE BEAMS,6800,414532.269797983,400920.168736509,53.6,DT
367618:8782,279:279,05/17/23 07:52:33,STABLE BEAMS,6800,414550.367970828,401005.588774952,53.6,DT
367618:8782,280:280,05/17/23 07:52:56,STABLE BEAMS,6800,414417.798130810,400912.288766595,53.6,DT
367618:8782,281:281,05/17/23 07:53:20,STABLE BEAMS,6800,414515.755577225,401054.642762339,53.6,DT
367618:8782,282:282,05/17/23 07:53:43,STABLE BEAMS,6800,414051.175480288,400641.526960052,53.5,DT
367618:8782,283:283,05/17/23 07:54:06,STABLE BEAMS,6800,414063.844201280,400711.578554206,53.5,DT
367618:8782,284:284,05/17/23 07:54:30,STABLE BEAMS,6800,413937.110660041,400465.969809593,53.5,DT
367618:8782,285:285,05/17/23 07:54:53,STABLE BEAMS,6800,413130.068249403,399900.843644245,53.4,DT
367618:8782,286:286,05/17/23 07:55:16,STABLE BEAMS,6800,413380.546961581,399514.079014775,53.4,DT
367618:8782,287:287,05/17/23 07:55:40,STABLE BEAMS,6800,412958.995632547,399628.830809480,53.4,DT
367618:8782,288:288,05/17/23 07:56:03,STABLE BEAMS,6800,413117.263430152,399799.080193980,53.4,DT
367618:8782,289:289,05/17/23 07:56:26,STABLE BEAMS,6800,412853.166204871,399570.753405556,53.4,DT
367618:8782,290:290,05/17/23 07:56:50,STABLE BEAMS,6800,412442.066932619,399255.038042956,53.3,DT
367618:8782,291:291,05/17/23 07:57:13,STABLE BEAMS,6800,412131.321304866,399080.419542475,53.3,DT
367618:8782,292:292,05/17/23 07:57:36,STABLE BEAMS,6800,411599.777968402,398590.861208235,53.2,DT
367618:8782,293:293,05/17/23 07:57:59,STABLE BEAMS,6800,410613.517315274,397650.132483345,53.1,DT
367618:8782,294:294,05/17/23 07:58:23,STABLE BEAMS,6800,410768.844521755,397663.753023598,53.1,DT
367618:8782,295:295,05/17/23 07:58:46,STABLE BEAMS,6800,411196.414579150,398013.369778428,53.2,DT
367618:8782,296:296,05/17/23 07:59:09,STABLE BEAMS,6800,410933.946189426,397876.727653086,53.1,DT
367618:8782,297:297,05/17/23 07:59:33,STABLE BEAMS,6800,410847.345708434,397859.423063687,53.1,DT
367618:8782,298:298,05/17/23 07:59:56,STABLE BEAMS,6800,410508.185949315,397450.516735305,53.1,DT
367618:8782,299:299,05/17/23 08:00:19,STABLE BEAMS,6800,410726.630895557,397870.111239484,53.1,DT
367618:8782,300:300,05/17/23 08:00:43,STABLE BEAMS,6800,410401.272079122,397537.319678596,53.0,DT
367618:8782,301:301,05/17/23 08:01:06,STABLE BEAMS,6800,410189.251260313,397186.601845774,53.0,DT
367618:8782,302:302,05/17/23 08:01:29,STABLE BEAMS,6800,410264.449892412,397612.296152785,53.0,DT
367618:8782,303:303,05/17/23 08:01:53,STABLE BEAMS,6800,409937.234927370,396456.865821958,53.0,DT
367618:8782,304:304,05/17/23 08:02:16,STABLE BEAMS,6800,409727.068809315,313232.732770337,53.0,DT
367618:8782,305:305,05/17/23 08:02:39,STABLE BEAMS,6800,409340.808917329,396343.585171877,52.9,DT
367618:8782,306:306,05/17/23 08:03:03,STABLE BEAMS,6800,408976.039519706,396197.174597849,52.9,DT
367618:8782,307:307,05/17/23 08:03:26,STABLE BEAMS,6800,409113.178786404,396400.215818086,52.9,DT
367618:8782,308:308,05/17/23 08:03:49,STABLE BEAMS,6800,408763.432320097,396294.745044369,52.8,DT
367618:8782,309:309,05/17/23 08:04:12,STABLE BEAMS,6800,408610.276894358,396217.041020245,52.8,DT
367618:8782,310:310,05/17/23 08:04:36,STABLE BEAMS,6800,407439.459761678,389502.125701212,52.7,DT
367618:8782,311:311,05/17/23 08:04:59,STABLE BEAMS,6800,407284.313536925,381660.122160901,52.6,DT
367618:8782,312:312,05/17/23 08:05:22,STABLE BEAMS,6800,407320.147919159,389328.662366841,52.6,DT
367618:8782,313:313,05/17/23 08:05:46,STABLE BEAMS,6800,407280.693902356,394898.187757870,52.6,DT
367618:8782,314:314,05/17/23 08:06:09,STABLE BEAMS,6800,406915.291792611,388836.767408759,52.6,DT
367618:8782,315:315,05/17/23 08:06:32,STABLE BEAMS,6800,406988.363527437,394551.437499287,52.6,DT
367618:8782,316:316,05/17/23 08:06:56,STABLE BEAMS,6800,407406.431320162,389427.950786609,52.7,DT
367618:8782,317:317,05/17/23 08:07:19,STABLE BEAMS,6800,406849.142246935,388827.299548151,52.6,DT
367618:8782,318:318,05/17/23 08:07:42,STABLE BEAMS,6800,406019.296138512,393703.851164622,52.5,DT
367618:8782,319:319,05/17/23 08:08:06,STABLE BEAMS,6800,406424.017614654,389543.248512370,52.5,DT
367618:8782,320:320,05/17/23 08:08:29,STABLE BEAMS,6800,406007.849406151,393764.698866421,52.5,DT
367618:8782,321:321,05/17/23 08:08:52,STABLE BEAMS,6800,406160.461886705,389349.210313123,52.5,DT
367618:8782,322:322,05/17/23 08:09:15,STABLE BEAMS,6800,406262.716563281,393954.438379056,52.5,DT
367618:8782,323:323,05/17/23 08:09:39,STABLE BEAMS,6800,405816.777584374,393519.426862873,52.5,DT
367618:8782,324:324,05/17/23 08:10:02,STABLE BEAMS,6800,405738.503710745,388011.037380505,52.4,DT
367618:8782,325:325,05/17/23 08:10:25,STABLE BEAMS,6800,405032.040809805,392954.455068514,52.4,DT
367618:8782,326:326,05/17/23 08:10:49,STABLE BEAMS,6800,405150.176995016,392960.954974224,52.4,DT
367618:8782,327:327,05/17/23 08:11:12,STABLE BEAMS,6800,404714.102244237,391836.223474755,52.3,DT
367618:8782,328:328,05/17/23 08:11:35,STABLE BEAMS,6800,404418.784946871,392498.363599390,52.3,DT
367618:8782,329:329,05/17/23 08:11:59,STABLE BEAMS,6800,403713.950881487,391863.784049908,52.2,DT
367618:8782,330:330,05/17/23 08:12:22,STABLE BEAMS,6800,402857.002397265,391105.983666940,52.1,DT
367618:8782,331:331,05/17/23 08:12:45,STABLE BEAMS,6800,402916.726367655,391125.504395192,52.1,DT
367618:8782,332:332,05/17/23 08:13:09,STABLE BEAMS,6800,402682.310145840,389820.339335945,52.0,DT
367618:8782,333:333,05/17/23 08:13:32,STABLE BEAMS,6800,401595.650964744,387482.074649503,51.9,DT
367618:8782,334:334,05/17/23 08:13:55,STABLE BEAMS,6800,401268.210134505,389672.560667831,51.9,DT
367618:8782,335:335,05/17/23 08:14:19,STABLE BEAMS,6800,400802.678797603,389380.860330462,51.8,DT
367618:8782,336:336,05/17/23 08:14:42,STABLE BEAMS,6800,400193.675281361,383144.861801952,51.7,DT
367618:8782,337:337,05/17/23 08:15:05,STABLE BEAMS,6800,399819.270416516,388383.154703270,51.7,DT
367618:8782,338:338,05/17/23 08:15:28,STABLE BEAMS,6800,399984.234538073,388599.460751304,51.7,DT
367618:8782,339:339,05/17/23 08:15:52,STABLE BEAMS,6800,399946.907418543,381090.907735034,51.7,DT
367618:8782,340:340,05/17/23 08:16:15,STABLE BEAMS,6800,399202.076391171,387171.760381563,51.6,DT
367618:8782,341:341,05/17/23 08:16:38,STABLE BEAMS,6800,398529.729269971,215372.983163775,51.5,DT
367619:8782,1:1,05/17/23 08:19:47,STABLE BEAMS,6800,397930.309247973,312182.400817414,51.4,PXL
367619:8782,2:2,05/17/23 08:20:10,STABLE BEAMS,6800,430322.020696804,411647.078632056,55.6,DT
367619:8782,3:3,05/17/23 08:20:34,STABLE BEAMS,6800,393459.255398714,376409.616821221,50.9,DT
367619:8782,4:4,05/17/23 08:20:57,STABLE BEAMS,6800,393205.970745818,377324.424171601,50.8,DT
367619:8782,5:5,05/17/23 08:21:20,STABLE BEAMS,6800,393005.353223756,300081.479942544,50.8,DT
367619:8782,6:6,05/17/23 08:21:44,STABLE BEAMS,6800,393416.316397748,379199.359252288,50.9,DT
367619:8782,7:7,05/17/23 08:22:07,STABLE BEAMS,6800,393609.921963724,376180.552016478,50.9,DT
367619:8782,8:8,05/17/23 08:22:30,STABLE BEAMS,6800,393333.111133983,376525.250306977,50.8,DT
367619:8782,9:9,05/17/23 08:22:53,STABLE BEAMS,6800,392955.130070183,381943.494521648,50.8,DT
367619:8782,10:10,05/17/23 08:23:17,STABLE BEAMS,6800,392809.665643976,327857.631331019,50.8,DT
367619:8782,11:11,05/17/23 08:23:40,STABLE BEAMS,6800,392749.489943193,321654.197213390,50.8,DT
367619:8782,12:12,05/17/23 08:24:03,STABLE BEAMS,6800,392426.890736153,372633.109938530,50.7,DT
367619:8782,13:13,05/17/23 08:24:27,STABLE BEAMS,6800,391986.289994309,380665.620769352,50.7,DT
367619:8782,14:14,05/17/23 08:24:50,STABLE BEAMS,6800,391726.988060906,380466.862461029,50.6,DT
367619:8782,15:15,05/17/23 08:25:13,STABLE BEAMS,6800,392066.239034817,381083.024482701,50.7,DT
367619:8782,16:16,05/17/23 08:25:37,STABLE BEAMS,6800,391755.176327076,276726.892807257,50.6,DT
367619:8782,17:17,05/17/23 08:26:00,STABLE BEAMS,6800,391571.750621362,380546.142512102,50.6,DT
367619:8782,18:18,05/17/23 08:26:23,STABLE BEAMS,6800,391661.563889997,380293.537570401,50.6,DT
367619:8782,19:19,05/17/23 08:26:47,STABLE BEAMS,6800,391404.388853867,380572.855271752,50.6,DT
367619:8782,20:20,05/17/23 08:27:10,STABLE BEAMS,6800,391321.995836098,376361.250777720,50.6,DT
367619:8782,21:21,05/17/23 08:27:33,STABLE BEAMS,6800,390487.444202736,379928.786246454,50.5,DT
367619:8782,22:22,05/17/23 08:27:57,STABLE BEAMS,6800,390241.534917238,379747.551050551,50.4,DT
367619:8782,23:23,05/17/23 08:28:20,STABLE BEAMS,6800,389827.631152122,375062.600138079,50.4,DT
367619:8782,24:24,05/17/23 08:28:43,STABLE BEAMS,6800,389360.064132738,378893.476779625,50.3,DT
367619:8782,25:25,05/17/23 08:29:06,STABLE BEAMS,6800,389048.685792863,375730.322646572,50.3,DT
367619:8782,26:26,05/17/23 08:29:30,STABLE BEAMS,6800,389106.055552928,375845.685499684,50.3,DT
367619:8782,27:27,05/17/23 08:29:53,STABLE BEAMS,6800,389007.375627453,370450.260519880,50.3,DT
367619:8782,28:28,05/17/23 08:30:16,STABLE BEAMS,6800,388316.523486482,369696.811461313,50.2,DT
367619:8782,29:29,05/17/23 08:30:40,STABLE BEAMS,6800,387652.456641322,374032.752217464,50.1,DT
367619:8782,30:30,05/17/23 08:31:03,STABLE BEAMS,6800,388810.105543440,375417.457863824,50.3,DT
367619:8782,31:31,05/17/23 08:31:26,STABLE BEAMS,6800,388799.699817981,370171.995820901,50.3,DT
367619:8782,32:32,05/17/23 08:31:50,STABLE BEAMS,6800,388282.635019793,374948.602257699,50.2,DT
367619:8782,33:33,05/17/23 08:32:13,STABLE BEAMS,6800,388577.318157182,369836.312323075,50.2,DT
367619:8782,34:34,05/17/23 08:32:36,STABLE BEAMS,6800,388439.139331435,375021.630492807,50.2,DT
367619:8782,35:35,05/17/23 08:33:00,STABLE BEAMS,6800,388232.728946209,374815.702831865,50.2,DT
367619:8782,36:36,05/17/23 08:33:23,STABLE BEAMS,6800,388093.598880498,374841.906791768,50.2,DT
367619:8782,37:37,05/17/23 08:33:46,STABLE BEAMS,6800,387777.016953966,369170.187368931,50.1,DT
367619:8782,38:38,05/17/23 08:34:10,STABLE BEAMS,6800,388086.404494828,374816.357236642,50.2,DT
367619:8782,39:39,05/17/23 08:34:33,STABLE BEAMS,6800,387865.336037451,374804.642706724,50.1,DT
367619:8782,40:40,05/17/23 08:34:56,STABLE BEAMS,6800,387463.375618558,374388.577676285,50.1,DT
367619:8782,41:41,05/17/23 08:35:19,STABLE BEAMS,6800,387407.181515800,247311.757607890,50.1,DT
367619:8782,42:42,05/17/23 08:35:43,STABLE BEAMS,6800,387314.110576054,374267.788727665,50.1,DT
367619:8782,43:43,05/17/23 08:36:06,STABLE BEAMS,6800,387057.659466837,374077.783272073,50.0,DT
367619:8782,44:44,05/17/23 08:36:29,STABLE BEAMS,6800,386905.364066271,373939.075868286,50.0,DT
367619:8782,45:45,05/17/23 08:36:53,STABLE BEAMS,6800,386632.805583222,373629.976179700,50.0,DT
367619:8782,46:46,05/17/23 08:37:16,STABLE BEAMS,6800,386569.325880004,373446.221399008,50.0,DT
367619:8782,47:47,05/17/23 08:37:39,STABLE BEAMS,6800,386319.843291259,367679.353547450,49.9,DT
367619:8782,48:48,05/17/23 08:38:03,STABLE BEAMS,6800,385887.431610664,373042.882584094,49.9,DT
367619:8782,49:49,05/17/23 08:38:26,STABLE BEAMS,6800,385167.893141806,372483.729812818,49.8,DT
367619:8782,50:50,05/17/23 08:38:49,STABLE BEAMS,6800,384822.038506588,372137.153845855,49.7,DT
367619:8782,51:51,05/17/23 08:39:13,STABLE BEAMS,6800,385447.375261859,372768.136003650,49.8,DT
367619:8782,52:52,05/17/23 08:39:36,STABLE BEAMS,6800,384785.344099181,372139.428597273,49.7,DT
367619:8782,53:53,05/17/23 08:39:59,STABLE BEAMS,6800,384731.863274496,372005.914842252,49.7,DT
367619:8782,54:54,05/17/23 08:40:22,STABLE BEAMS,6800,384437.450885773,371799.183712051,49.7,DT
367619:8782,55:55,05/17/23 08:40:46,STABLE BEAMS,6800,384867.373705638,372187.244368568,49.7,DT
367619:8782,56:56,05/17/23 08:41:09,STABLE BEAMS,6800,384426.412448191,371853.579903338,49.7,DT
367619:8782,57:57,05/17/23 08:41:32,STABLE BEAMS,6800,384507.988876401,367647.728602094,49.7,DT
367619:8782,58:58,05/17/23 08:41:56,STABLE BEAMS,6800,383900.071250529,367066.109981794,49.6,DT
367619:8782,59:59,05/17/23 08:42:19,STABLE BEAMS,6800,383446.531039028,369403.489742800,49.6,DT
367619:8782,60:60,05/17/23 08:42:42,STABLE BEAMS,6800,383809.806251500,371257.423177845,49.6,DT
367619:8782,61:61,05/17/23 08:43:06,STABLE BEAMS,6800,384024.043734519,371567.886280453,49.6,DT
367619:8782,62:62,05/17/23 08:43:29,STABLE BEAMS,6800,383655.113204996,371390.117358403,49.6,DT
367619:8782,63:63,05/17/23 08:43:52,STABLE BEAMS,6800,382931.999985038,370585.425106764,49.5,DT
367619:8782,64:64,05/17/23 08:44:16,STABLE BEAMS,6800,383376.718423168,371196.699302933,49.6,DT
367619:8782,65:65,05/17/23 08:44:39,STABLE BEAMS,6800,382607.546077245,370427.555166914,49.5,DT
367619:8782,66:66,05/17/23 08:45:02,STABLE BEAMS,6800,382769.659374616,370649.500097498,49.5,DT
367619:8782,67:67,05/17/23 08:45:26,STABLE BEAMS,6800,382548.590917239,370369.712960297,49.4,DT
367619:8782,68:68,05/17/23 08:45:49,STABLE BEAMS,6800,382494.567147369,370362.693932068,49.4,DT
367619:8782,69:69,05/17/23 08:46:12,STABLE BEAMS,6800,382448.146057948,370447.096483659,49.4,DT
367619:8782,70:70,05/17/23 08:46:35,STABLE BEAMS,6800,381929.226559006,369754.724763917,49.4,DT
367619:8782,71:71,05/17/23 08:46:59,STABLE BEAMS,6800,381673.634027109,369771.621895405,49.3,DT
367619:8782,72:72,05/17/23 08:47:22,STABLE BEAMS,6800,381600.246660149,369534.956824703,49.3,DT
367619:8782,73:73,05/17/23 08:47:45,STABLE BEAMS,6800,381388.136074403,369299.508819460,49.3,DT
367619:8782,74:74,05/17/23 08:48:09,STABLE BEAMS,6800,380814.966940394,368846.977340615,49.2,DT
367619:8782,75:75,05/17/23 08:48:32,STABLE BEAMS,6800,380766.599935429,368804.833990264,49.2,DT
367619:8782,76:76,05/17/23 08:48:55,STABLE BEAMS,6800,380178.182004908,368156.153545619,49.1,DT
367619:8782,77:77,05/17/23 08:49:19,STABLE BEAMS,6800,379561.487489133,367620.725518647,49.1,DT
367619:8782,78:78,05/17/23 08:49:42,STABLE BEAMS,6800,379834.859666034,367912.236740114,49.1,DT
367619:8782,79:79,05/17/23 08:50:05,STABLE BEAMS,6800,380137.145483872,368360.868338855,49.1,DT
367619:8782,80:80,05/17/23 08:50:29,STABLE BEAMS,6800,378709.968456765,366889.252439615,49.0,DT
367619:8782,81:81,05/17/23 08:50:52,STABLE BEAMS,6800,378929.589060315,367217.809182861,49.0,DT
367619:8782,82:82,05/17/23 08:51:15,STABLE BEAMS,6800,379452.988218999,367714.498810774,49.0,DT
367619:8782,83:83,05/17/23 08:51:39,STABLE BEAMS,6800,378884.117763005,367066.069843080,49.0,DT
367619:8782,84:84,05/17/23 08:52:02,STABLE BEAMS,6800,378969.156009717,367349.307434108,49.0,DT
367619:8782,85:85,05/17/23 08:52:25,STABLE BEAMS,6800,378127.682187205,366341.293237684,48.9,DT
367619:8782,86:86,05/17/23 08:52:48,STABLE BEAMS,6800,377932.153871346,365631.245187084,48.9,DT
367619:8782,87:87,05/17/23 08:53:12,STABLE BEAMS,6800,379253.230722111,360997.217622589,49.0,DT
367619:8782,88:88,05/17/23 08:53:35,STABLE BEAMS,6800,378698.475393082,360726.619148152,48.9,DT
367619:8782,89:89,05/17/23 08:53:58,STABLE BEAMS,6800,379090.211068244,367521.302275830,49.0,DT
367619:8782,90:90,05/17/23 08:54:22,STABLE BEAMS,6800,378639.158269618,361453.391728258,48.9,DT
367619:8782,91:91,05/17/23 08:54:45,STABLE BEAMS,6800,378342.009437161,366759.033556767,48.9,DT
367619:8782,92:92,05/17/23 08:55:08,STABLE BEAMS,6800,378621.513275021,367080.284240008,48.9,DT
367619:8782,93:93,05/17/23 08:55:32,STABLE BEAMS,6800,378002.012818529,361342.739672759,48.9,DT
367619:8782,94:94,05/17/23 08:55:55,STABLE BEAMS,6800,377778.975279946,370288.438093854,48.8,DT
367619:8782,95:95,05/17/23 08:56:18,STABLE BEAMS,6800,246358.007273939,245794.618759566,31.8,DT
367619:8782,96:96,05/17/23 08:56:42,STABLE BEAMS,6800,13363.025257993,13308.993888524,1.7,DT
367619:8782,97:97,05/17/23 08:57:05,STABLE BEAMS,6800,46049.672948514,45726.656146257,6.0,DT
367619:8782,98:98,05/17/23 08:57:28,STABLE BEAMS,6800,131952.161128589,86904.936308646,17.1,DT
367619:8782,99:99,05/17/23 08:57:51,STABLE BEAMS,6800,242685.819954511,236672.897627058,31.4,DT
367619:8782,100:100,05/17/23 08:58:15,STABLE BEAMS,6800,350593.122020472,238026.730567158,45.3,DT
367619:8782,101:101,05/17/23 08:58:38,STABLE BEAMS,6800,362111.636078688,355603.296349768,46.8,DT
367619:8782,102:102,05/17/23 08:59:01,STABLE BEAMS,6800,282708.753544429,280403.053176953,36.5,DT
367619:8782,103:103,05/17/23 08:59:25,STABLE BEAMS,6800,155517.949661644,154793.727145017,20.1,DT
367619:8782,104:104,05/17/23 08:59:48,STABLE BEAMS,6800,71141.525477248,70968.944280011,9.2,DT
367619:8782,105:105,05/17/23 09:00:11,STABLE BEAMS,6800,21185.888381701,20956.766803839,2.7,DT
367619:8782,106:106,05/17/23 09:00:35,STABLE BEAMS,6800,132327.426742535,131324.308627228,17.1,DT
367619:8782,107:107,05/17/23 09:00:58,STABLE BEAMS,6800,92208.041908539,91997.958315616,11.9,DT
367619:8782,108:108,05/17/23 09:01:21,STABLE BEAMS,6800,15609.637759838,15554.709479589,2.0,DT
367619:8782,109:109,05/17/23 09:01:45,STABLE BEAMS,6800,50649.914591061,50261.292632777,6.5,DT
367619:8782,110:110,05/17/23 09:02:08,STABLE BEAMS,6800,143756.388869732,141305.100655633,18.6,DT
367619:8782,111:111,05/17/23 09:02:31,STABLE BEAMS,6800,279739.793172638,272049.643286104,36.2,DT
367619:8782,112:112,05/17/23 09:02:55,STABLE BEAMS,6800,363053.058146629,355756.786065020,46.9,DT
367619:8782,113:113,05/17/23 09:03:18,STABLE BEAMS,6800,313284.484344752,310138.656428361,40.5,DT
367619:8782,114:114,05/17/23 09:03:41,STABLE BEAMS,6800,191185.976386114,190383.671837019,24.7,DT
367619:8782,115:115,05/17/23 09:04:04,STABLE BEAMS,6800,70215.826522734,70039.546574071,9.1,DT
367619:8782,116:116,05/17/23 09:04:28,STABLE BEAMS,6800,23788.332085871,23645.912832725,3.1,DT
367619:8782,117:117,05/17/23 09:04:51,STABLE BEAMS,6800,66115.080406533,62943.568528089,8.5,DT
367619:8782,118:118,05/17/23 09:05:14,STABLE BEAMS,6800,373000.175905824,362049.776542047,48.2,DT
367619:8782,119:119,05/17/23 09:05:38,STABLE BEAMS,6800,373048.566076451,357063.221412466,48.2,DT
367619:8782,120:120,05/17/23 09:06:01,STABLE BEAMS,6800,372173.971149778,361226.090337565,48.1,DT
367619:8782,121:121,05/17/23 09:06:24,STABLE BEAMS,6800,371794.226600016,351894.203479769,48.1,DT
367619:8782,122:122,05/17/23 09:06:48,STABLE BEAMS,6800,370819.278028844,360148.647674315,47.9,DT
367619:8782,123:123,05/17/23 09:07:11,STABLE BEAMS,6800,370835.113206156,360236.217875338,47.9,DT
367619:8782,124:124,05/17/23 09:07:34,STABLE BEAMS,6800,369909.346781654,359356.660013327,47.8,DT
367619:8782,125:125,05/17/23 09:07:58,STABLE BEAMS,6800,369558.423210185,359113.094849815,47.8,DT
367619:8782,126:126,05/17/23 09:08:21,STABLE BEAMS,6800,368626.820486904,358344.214347052,47.6,DT
367619:8782,127:127,05/17/23 09:08:44,STABLE BEAMS,6800,368051.365191702,357557.328650382,47.6,DT
367619:8782,128:128,05/17/23 09:09:07,STABLE BEAMS,6800,368198.255753929,357557.449840435,47.6,DT
367619:8782,129:129,05/17/23 09:09:31,STABLE BEAMS,6800,368222.801219869,357785.744017657,47.6,DT
367619:8782,130:130,05/17/23 09:09:54,STABLE BEAMS,6800,367768.015854075,357368.298381051,47.5,DT
367619:8782,131:131,05/17/23 09:10:17,STABLE BEAMS,6800,366891.386692775,351399.746583246,47.4,DT
367619:8782,132:132,05/17/23 09:10:41,STABLE BEAMS,6800,367834.776394067,357555.253741545,47.5,DT
367619:8782,133:133,05/17/23 09:11:04,STABLE BEAMS,6800,368014.649066487,353580.869910762,47.6,DT
367619:8782,134:134,05/17/23 09:11:27,STABLE BEAMS,6800,368320.304040182,358007.884729462,47.6,DT
367619:8782,135:135,05/17/23 09:11:51,STABLE BEAMS,6800,367825.976338503,357503.487821528,47.5,DT
367619:8782,136:136,05/17/23 09:12:14,STABLE BEAMS,6800,367419.830174194,357084.024131347,47.5,DT
367619:8782,137:137,05/17/23 09:12:37,STABLE BEAMS,6800,367517.017362373,353254.184461309,47.5,DT
367619:8782,138:138,05/17/23 09:13:01,STABLE BEAMS,6800,367272.623979833,357068.574115470,47.5,DT
367619:8782,139:139,05/17/23 09:13:24,STABLE BEAMS,6800,366986.921879736,356836.243701025,47.4,DT
367619:8782,140:140,05/17/23 09:13:47,STABLE BEAMS,6800,367493.738768533,357224.776959809,47.5,DT
367619:8782,141:141,05/17/23 09:14:11,STABLE BEAMS,6800,367102.433105958,356864.096501658,47.5,DT
367619:8782,142:142,05/17/23 09:14:34,STABLE BEAMS,6800,367225.117000041,357077.227554547,47.5,DT
367619:8782,143:143,05/17/23 09:14:57,STABLE BEAMS,6800,367603.413695975,356962.690255274,47.5,DT
367619:8782,144:144,05/17/23 09:15:20,STABLE BEAMS,6800,366673.438360396,356287.271572888,47.4,DT
367619:8782,145:145,05/17/23 09:15:44,STABLE BEAMS,6800,366967.284638273,356843.411519659,47.4,DT
367619:8782,146:146,05/17/23 09:16:07,STABLE BEAMS,6800,366522.205684540,356449.053547857,47.4,DT
367619:8782,147:147,05/17/23 09:16:30,STABLE BEAMS,6800,366373.936765469,351061.658655550,47.4,DT
367619:8782,148:148,05/17/23 09:16:54,STABLE BEAMS,6800,366119.295473536,356045.009649494,47.3,DT
367619:8782,149:149,05/17/23 09:17:17,STABLE BEAMS,6800,366022.877095740,355949.738320840,47.3,DT
367619:8782,150:150,05/17/23 09:17:40,STABLE BEAMS,6800,365995.118842157,355779.654573681,47.3,DT
367619:8782,151:151,05/17/23 09:18:04,STABLE BEAMS,6800,365922.523451240,355997.500364218,47.3,DT
367619:8782,152:152,05/17/23 09:18:27,STABLE BEAMS,6800,365522.326518309,355600.684510012,47.2,DT
367619:8782,153:153,05/17/23 09:18:50,STABLE BEAMS,6800,364106.325474899,354295.547494131,47.1,DT
367619:8782,154:154,05/17/23 09:19:14,STABLE BEAMS,6800,363253.924699549,347888.405193196,47.0,DT
367619:8782,155:155,05/17/23 09:19:37,STABLE BEAMS,6800,361960.222421104,352271.636984336,46.8,DT
367619:8782,156:156,05/17/23 09:20:00,STABLE BEAMS,6800,362629.401638129,347737.622704961,46.9,DT
367619:8782,157:157,05/17/23 09:20:23,STABLE BEAMS,6800,362269.226280702,329932.981749880,46.8,DT
367619:8782,158:158,05/17/23 09:20:47,STABLE BEAMS,6800,361553.149630346,301385.786601256,46.7,DT
367619:8782,159:159,05/17/23 09:21:10,STABLE BEAMS,6800,360603.832415484,344206.503376982,46.6,DT
367619:8782,160:160,05/17/23 09:21:33,STABLE BEAMS,6800,361621.152428921,351791.517842526,46.7,DT
367619:8782,161:161,05/17/23 09:21:57,STABLE BEAMS,6800,363227.524532857,347733.604398682,46.9,DT
367619:8782,162:162,05/17/23 09:22:20,STABLE BEAMS,6800,362595.558054909,352763.665897062,46.9,DT
367619:8782,163:163,05/17/23 09:22:43,STABLE BEAMS,6800,362781.562388289,349520.763642681,46.9,DT
367619:8782,164:164,05/17/23 09:23:07,STABLE BEAMS,6800,362093.267157177,350849.358555867,46.8,DT
367619:8782,165:165,05/17/23 09:23:30,STABLE BEAMS,6800,362130.707209306,352357.517744198,46.8,DT
367619:8782,166:166,05/17/23 09:23:53,STABLE BEAMS,6800,362191.698051794,348413.330487191,46.8,DT
367619:8782,167:167,05/17/23 09:24:17,STABLE BEAMS,6800,362018.724402863,352217.569776837,46.8,DT
367619:8782,168:168,05/17/23 09:24:40,STABLE BEAMS,6800,361567.355972102,351843.971837665,46.7,DT
367619:8782,169:169,05/17/23 09:25:03,STABLE BEAMS,6800,361509.848665923,207123.438957280,46.7,DT
367619:8782,170:170,05/17/23 09:25:27,STABLE BEAMS,6800,362243.571758730,352366.349931703,46.8,DT
367619:8782,171:171,05/17/23 09:25:50,STABLE BEAMS,6800,362051.458930051,347248.755237635,46.8,DT
367619:8782,172:172,05/17/23 09:26:13,STABLE BEAMS,6800,362009.788249039,352177.418282016,46.8,DT
367619:8782,173:173,05/17/23 09:26:37,STABLE BEAMS,6800,362258.027131345,352519.889730637,46.8,DT
367619:8782,174:174,05/17/23 09:27:00,STABLE BEAMS,6800,361846.678828234,352087.310280509,46.8,DT
367619:8782,175:175,05/17/23 09:27:23,STABLE BEAMS,6800,361799.781394904,347969.024172664,46.8,DT
367619:8782,176:176,05/17/23 09:27:46,STABLE BEAMS,6800,361392.527622418,351655.598065774,46.7,DT
367619:8782,177:177,05/17/23 09:28:10,STABLE BEAMS,6800,361102.277813449,351362.878900662,46.7,DT
367619:8782,178:178,05/17/23 09:28:33,STABLE BEAMS,6800,361181.164129247,351416.237850134,46.7,DT
367619:8782,179:179,05/17/23 09:28:56,STABLE BEAMS,6800,361043.843880820,351390.951950242,46.7,DT
367619:8782,180:180,05/17/23 09:29:20,STABLE BEAMS,6800,360611.478531547,351111.987357079,46.6,DT
367619:8782,181:181,05/17/23 09:29:43,STABLE BEAMS,6800,359638.452710258,350366.631850749,46.5,DT
367619:8782,182:182,05/17/23 09:30:06,STABLE BEAMS,6800,358805.055016396,344449.518189201,46.4,DT
367619:8782,183:183,05/17/23 09:30:30,STABLE BEAMS,6800,357999.165097406,348848.268676137,46.3,DT
367619:8782,184:184,05/17/23 09:30:53,STABLE BEAMS,6800,357265.805415910,348218.018168892,46.2,DT
367619:8782,185:185,05/17/23 09:31:16,STABLE BEAMS,6800,356299.680065962,347192.995058286,46.1,DT
367619:8782,186:186,05/17/23 09:31:40,STABLE BEAMS,6800,356229.005977075,347129.798534096,46.0,DT
367619:8782,187:187,05/17/23 09:32:03,STABLE BEAMS,6800,355991.851863673,346898.114552509,46.0,DT
367619:8782,188:188,05/17/23 09:32:26,STABLE BEAMS,6800,355344.163141010,346290.302196308,45.9,DT
367619:8782,189:189,05/17/23 09:32:49,STABLE BEAMS,6800,354612.183264212,345551.997089180,45.8,DT
367619:8782,190:190,05/17/23 09:33:13,STABLE BEAMS,6800,354857.277408005,345884.867144003,45.9,DT
367619:8782,191:191,05/17/23 09:33:36,STABLE BEAMS,6800,354320.327785348,345371.406840890,45.8,DT
367619:8782,192:192,05/17/23 09:33:59,STABLE BEAMS,6800,353736.050716774,339868.833069698,45.7,DT
367619:8782,193:193,05/17/23 09:34:23,STABLE BEAMS,6800,352951.471758272,344111.537187417,45.6,DT
367619:8782,194:194,05/17/23 09:34:46,STABLE BEAMS,6800,353315.743094178,344299.637779569,45.7,DT
367619:8782,195:195,05/17/23 09:35:09,STABLE BEAMS,6800,353647.369669833,344704.129233582,45.7,DT
367619:8782,196:196,05/17/23 09:35:33,STABLE BEAMS,6800,353074.630548411,344236.795673924,45.6,DT
367619:8782,197:197,05/17/23 09:35:56,STABLE BEAMS,6800,352484.651831464,343583.629495145,45.6,DT
367619:8782,198:198,05/17/23 09:36:19,STABLE BEAMS,6800,353089.922780539,344230.255512602,45.6,DT
367619:8782,199:199,05/17/23 09:36:43,STABLE BEAMS,6800,352426.375714902,343627.125879245,45.6,DT
367619:8782,200:200,05/17/23 09:37:06,STABLE BEAMS,6800,352839.737982688,343964.262584462,45.6,DT
367619:8782,201:201,05/17/23 09:37:29,STABLE BEAMS,6800,352648.440295713,343834.480878082,45.6,DT
367619:8782,202:202,05/17/23 09:37:53,STABLE BEAMS,6800,352762.526833768,339877.770453208,45.6,DT
367619:8782,203:203,05/17/23 09:38:16,STABLE BEAMS,6800,352860.844795787,344021.980565370,45.6,DT
367619:8782,204:204,05/17/23 09:38:39,STABLE BEAMS,6800,352569.170298651,343810.737721397,45.6,DT
367619:8782,205:205,05/17/23 09:39:02,STABLE BEAMS,6800,352660.906317169,343851.947530359,45.6,DT
367619:8782,206:206,05/17/23 09:39:26,STABLE BEAMS,6800,352295.457876102,343570.727729346,45.5,DT
367619:8782,207:207,05/17/23 09:39:49,STABLE BEAMS,6800,351585.829966694,337946.918867468,45.4,DT
367619:8782,208:208,05/17/23 09:40:12,STABLE BEAMS,6800,351584.041867217,342865.213176353,45.4,DT
367619:8782,209:209,05/17/23 09:40:36,STABLE BEAMS,6800,351401.997414055,342717.864545069,45.4,DT
367619:8782,210:210,05/17/23 09:40:59,STABLE BEAMS,6800,351476.900683973,342888.707143062,45.4,DT
367619:8782,211:211,05/17/23 09:41:22,STABLE BEAMS,6800,350737.771304974,342184.964883149,45.3,DT
367619:8782,212:212,05/17/23 09:41:46,STABLE BEAMS,6800,349430.155151245,340842.702540238,45.2,DT
367619:8782,213:213,05/17/23 09:42:09,STABLE BEAMS,6800,350677.957567647,342099.992942450,45.3,DT
367619:8782,214:214,05/17/23 09:42:32,STABLE BEAMS,6800,350658.841553561,342071.314702167,45.3,DT
367619:8782,215:215,05/17/23 09:42:55,STABLE BEAMS,6800,350354.362237175,341788.794418636,45.3,DT
367619:8782,216:216,05/17/23 09:43:19,STABLE BEAMS,6800,350500.708406363,341866.534697253,45.3,DT
367619:8782,217:217,05/17/23 09:43:42,STABLE BEAMS,6800,351123.488251774,337277.403366018,45.4,DT
367619:8782,218:218,05/17/23 09:44:05,STABLE BEAMS,6800,350598.958319251,337070.084071154,45.3,DT
367619:8782,219:219,05/17/23 09:44:29,STABLE BEAMS,6800,350362.257384097,336881.479801492,45.3,DT
367619:8782,220:220,05/17/23 09:44:52,STABLE BEAMS,6800,350360.334634214,336925.934093896,45.3,DT
367619:8782,221:221,05/17/23 09:45:15,STABLE BEAMS,6800,350538.782618468,337073.110877770,45.3,DT
367619:8782,222:222,05/17/23 09:45:39,STABLE BEAMS,6800,350298.709631749,336977.902001777,45.3,DT
367619:8782,223:223,05/17/23 09:46:02,STABLE BEAMS,6800,349961.699935563,336754.386713583,45.2,DT
367619:8782,224:224,05/17/23 09:46:25,STABLE BEAMS,6800,349942.198792359,336490.762144378,45.2,DT
367619:8782,225:225,05/17/23 09:46:49,STABLE BEAMS,6800,349602.449756731,336180.278097228,45.2,DT
367619:8782,226:226,05/17/23 09:47:12,STABLE BEAMS,6800,349252.635241294,336318.298243651,45.1,DT
367619:8782,227:227,05/17/23 09:47:35,STABLE BEAMS,6800,349214.199065733,336049.397065905,45.1,DT
367619:8782,228:228,05/17/23 09:47:59,STABLE BEAMS,6800,349324.938165738,336342.903737342,45.2,DT
367619:8782,229:229,05/17/23 09:48:22,STABLE BEAMS,6800,349179.790819519,336132.271433893,45.1,DT
367619:8782,230:230,05/17/23 09:48:45,STABLE BEAMS,6800,349123.957232365,336175.243690813,45.1,DT
367619:8782,231:231,05/17/23 09:49:08,STABLE BEAMS,6800,348969.920063644,336114.986482609,45.1,DT
367619:8782,232:232,05/17/23 09:49:32,STABLE BEAMS,6800,348632.093777900,335818.531824837,45.1,DT
367619:8782,233:233,05/17/23 09:49:55,STABLE BEAMS,6800,348543.640044009,335858.179282891,45.1,DT
367619:8782,234:234,05/17/23 09:50:18,STABLE BEAMS,6800,348156.701108578,335340.500590165,45.0,DT
367619:8782,235:235,05/17/23 09:50:42,STABLE BEAMS,6800,348018.318135442,335431.442561129,45.0,DT
367619:8782,236:236,05/17/23 09:51:05,STABLE BEAMS,6800,347952.779584081,330834.855355794,45.0,DT
367619:8782,237:237,05/17/23 09:51:28,STABLE BEAMS,6800,347121.439290509,335588.050176172,44.9,DT
367619:8782,238:238,05/17/23 09:51:52,STABLE BEAMS,6800,347178.629516700,329798.616312945,44.9,DT
367619:8782,239:239,05/17/23 09:52:15,STABLE BEAMS,6800,346868.586098053,335179.263171617,44.8,DT
367619:8782,240:240,05/17/23 09:52:38,STABLE BEAMS,6800,347284.731140895,330814.783153952,44.9,DT
367619:8782,241:241,05/17/23 09:53:02,STABLE BEAMS,6800,346988.215020560,335397.838182234,44.9,DT
367619:8782,242:242,05/17/23 09:53:25,STABLE BEAMS,6800,346964.234217614,330755.208442118,44.8,DT
367619:8782,243:243,05/17/23 09:53:48,STABLE BEAMS,6800,346396.607468057,334796.576669479,44.8,DT
367619:8782,244:244,05/17/23 09:54:12,STABLE BEAMS,6800,346344.733761121,334848.195726978,44.8,DT
367619:8782,245:245,05/17/23 09:54:35,STABLE BEAMS,6800,345911.825466663,330381.541647449,44.7,DT
367619:8782,246:246,05/17/23 09:54:58,STABLE BEAMS,6800,345073.767131331,333607.356887150,44.6,DT
367619:8782,247:247,05/17/23 09:55:22,STABLE BEAMS,6800,345877.417220450,334506.641235537,44.7,DT
367619:8782,248:248,05/17/23 09:55:45,STABLE BEAMS,6800,345681.820855462,329124.635629584,44.7,DT
367619:8782,249:249,05/17/23 09:56:08,STABLE BEAMS,6800,345025.264028106,333684.091351425,44.6,DT
367619:8782,250:250,05/17/23 09:56:31,STABLE BEAMS,6800,344917.739163597,333585.509130292,44.6,DT
367619:8782,251:251,05/17/23 09:56:55,STABLE BEAMS,6800,345186.382649897,330047.742535007,44.6,DT
367619:8782,252:252,05/17/23 09:57:18,STABLE BEAMS,6800,344724.382628481,333524.449216034,44.6,DT
367619:8782,253:253,05/17/23 09:57:41,STABLE BEAMS,6800,344725.015340603,333527.560421163,44.6,DT
367619:8782,254:254,05/17/23 09:58:05,STABLE BEAMS,6800,344549.984291382,333270.058082918,44.5,DT
367619:8782,255:255,05/17/23 09:58:28,STABLE BEAMS,6800,344567.561236850,329611.094041684,44.5,DT
367619:8782,256:256,05/17/23 09:58:51,STABLE BEAMS,6800,343874.152186019,332880.573084253,44.4,DT
367619:8782,257:257,05/17/23 09:59:15,STABLE BEAMS,6800,344193.970065856,326721.809341918,44.5,DT
367619:8782,258:258,05/17/23 09:59:38,STABLE BEAMS,6800,343769.861826962,332805.861080757,44.4,DT
367619:8782,259:259,05/17/23 10:00:01,STABLE BEAMS,6800,342729.578851818,331966.819712531,44.3,DT
367619:8782,260:260,05/17/23 10:00:25,STABLE BEAMS,6800,341888.105029306,331321.489916911,44.2,DT
367619:8782,261:261,05/17/23 10:00:48,STABLE BEAMS,6800,340919.670352504,330431.602204210,44.1,DT
367619:8782,262:262,05/17/23 10:01:11,STABLE BEAMS,6800,340555.015335334,330128.790962775,44.0,DT
367619:8782,263:263,05/17/23 10:01:35,STABLE BEAMS,6800,339857.128072614,329425.328500092,43.9,DT
367619:8782,264:264,05/17/23 10:01:58,STABLE BEAMS,6800,340170.927224089,329060.427715158,44.0,DT
367619:8782,265:265,05/17/23 10:02:21,STABLE BEAMS,6800,338530.010775681,328135.679703461,43.8,DT
367619:8782,266:266,05/17/23 10:02:44,STABLE BEAMS,6800,338383.053612178,327987.356063605,43.7,DT
367619:8782,267:267,05/17/23 10:03:08,STABLE BEAMS,6800,338395.111338854,328085.075000856,43.7,DT
367619:8782,268:268,05/17/23 10:03:31,STABLE BEAMS,6800,337448.487132111,327190.191848368,43.6,DT
367619:8782,269:269,05/17/23 10:03:54,STABLE BEAMS,6800,336979.540308030,326852.681777020,43.6,DT
367619:8782,270:270,05/17/23 10:04:18,STABLE BEAMS,6800,336909.862342576,323097.293090159,43.5,DT
367619:8782,271:271,05/17/23 10:04:41,STABLE BEAMS,6800,336080.921142796,325474.535286508,43.4,DT
367619:8782,272:272,05/17/23 10:05:04,STABLE BEAMS,6800,336574.526365415,326385.985713979,43.5,DT
367619:8782,273:273,05/17/23 10:05:28,STABLE BEAMS,6800,336689.969542507,326489.306160535,43.5,DT
367619:8782,274:274,05/17/23 10:05:51,STABLE BEAMS,6800,336565.070432067,326482.043261360,43.5,DT
367619:8782,275:275,05/17/23 10:06:14,STABLE BEAMS,6800,336494.758306636,326398.961830344,43.5,DT
367619:8782,276:276,05/17/23 10:06:38,STABLE BEAMS,6800,336612.034466674,326458.995856855,43.5,DT
367619:8782,277:277,05/17/23 10:07:01,STABLE BEAMS,6800,336672.708229174,320499.231403870,43.5,DT
367619:8782,278:278,05/17/23 10:07:24,STABLE BEAMS,6800,336563.395265188,326365.330460825,43.5,DT
367619:8782,279:279,05/17/23 10:07:48,STABLE BEAMS,6800,337071.591958682,326834.929010052,43.6,DT
367619:8782,280:280,05/17/23 10:08:11,STABLE BEAMS,6800,337206.921408096,326986.569262814,43.6,DT
367619:8782,281:281,05/17/23 10:08:34,STABLE BEAMS,6800,336845.251865519,326718.111032383,43.5,DT
367619:8782,282:282,05/17/23 10:08:57,STABLE BEAMS,6800,336871.471050483,326964.915315399,43.5,DT
367619:8782,283:283,05/17/23 10:09:21,STABLE BEAMS,6800,335268.879292892,325435.697766999,43.3,DT
367619:8782,284:284,05/17/23 10:09:44,STABLE BEAMS,6800,335097.081301268,325301.250350058,43.3,DT
367619:8782,285:285,05/17/23 10:10:07,STABLE BEAMS,6800,334249.590198248,324552.873346464,43.2,DT
367619:8782,286:286,05/17/23 10:10:31,STABLE BEAMS,6800,334160.274991330,324141.689307151,43.2,DT
367619:8782,287:287,05/17/23 10:10:54,STABLE BEAMS,6800,334803.166974261,325009.214091301,43.3,DT
367619:8782,288:288,05/17/23 10:11:17,STABLE BEAMS,6800,334515.655056881,324769.860474379,43.2,DT
367619:8782,289:289,05/17/23 10:11:41,STABLE BEAMS,6800,333939.025552224,324296.237380764,43.2,DT
367619:8782,290:290,05/17/23 10:12:04,STABLE BEAMS,6800,334238.029085435,319738.774760367,43.2,DT
367619:8782,291:291,05/17/23 10:12:27,STABLE BEAMS,6800,334523.188240346,324665.437753961,43.2,DT
367619:8782,292:292,05/17/23 10:12:50,STABLE BEAMS,6800,334633.859291221,324796.522520752,43.3,DT
367619:8782,293:293,05/17/23 10:13:14,STABLE BEAMS,6800,334834.363880685,324856.611166032,43.3,DT
367619:8782,294:294,05/17/23 10:13:37,STABLE BEAMS,6800,335491.418769758,325566.801846919,43.4,DT
367619:8782,295:295,05/17/23 10:14:00,STABLE BEAMS,6800,335215.896529924,325335.010949996,43.3,DT
367619:8782,296:296,05/17/23 10:14:24,STABLE BEAMS,6800,334418.218837843,324441.709429408,43.2,DT
367619:8782,297:297,05/17/23 10:14:47,STABLE BEAMS,6800,334345.985410383,323738.047966748,43.2,DT
367619:8782,298:298,05/17/23 10:15:10,STABLE BEAMS,6800,334351.504629174,324569.877933122,43.2,DT
367619:8782,299:299,05/17/23 10:15:34,STABLE BEAMS,6800,334475.726144023,324636.598000872,43.2,DT
367619:8782,300:300,05/17/23 10:15:57,STABLE BEAMS,6800,335944.641901271,323915.719128808,43.4,DT
367619:8782,302:302,05/17/23 10:16:44,STABLE BEAMS,6800,334415.097264991,324707.921217358,43.2,DT
367619:8782,303:303,05/17/23 10:17:07,STABLE BEAMS,6800,334467.151953655,324833.802252267,43.2,DT
367619:8782,304:304,05/17/23 10:17:30,STABLE BEAMS,6800,333908.778437911,324248.537796846,43.2,DT
367619:8782,305:305,05/17/23 10:17:53,STABLE BEAMS,6800,333547.855987909,323963.297240129,43.1,DT
367619:8782,306:306,05/17/23 10:18:17,STABLE BEAMS,6800,332748.730442001,318689.134670796,43.0,DT
367619:8782,307:307,05/17/23 10:18:40,STABLE BEAMS,6800,332490.537564629,280681.560764882,43.0,DT
367619:8782,308:308,05/17/23 10:19:03,STABLE BEAMS,6800,332555.011943427,178349.808937240,43.0,DT
367619:8782,309:309,05/17/23 10:19:27,STABLE BEAMS,6800,331778.306414040,322322.777929639,42.9,DT
367619:8782,310:310,05/17/23 10:19:50,STABLE BEAMS,6800,331593.479185821,322169.922509191,42.9,DT
367619:8782,311:311,05/17/23 10:20:13,STABLE BEAMS,6800,331540.496422853,322037.624013332,42.9,DT
367619:8782,312:312,05/17/23 10:20:37,STABLE BEAMS,6800,331764.958649603,317805.795767481,42.9,DT
367619:8782,313:313,05/17/23 10:21:00,STABLE BEAMS,6800,331903.839684456,317707.525417576,42.9,DT
367619:8782,314:314,05/17/23 10:21:23,STABLE BEAMS,6800,331212.602414366,320686.253549948,42.8,DT
367619:8782,315:315,05/17/23 10:21:47,STABLE BEAMS,6800,331455.639157870,322009.142338107,42.8,DT
367619:8782,316:316,05/17/23 10:22:10,STABLE BEAMS,6800,331683.041975744,316975.699563548,42.9,DT
367619:8782,317:317,05/17/23 10:22:33,STABLE BEAMS,6800,330950.495988099,321571.618860316,42.8,DT
367619:8782,318:318,05/17/23 10:22:57,STABLE BEAMS,6800,331174.732349651,321563.721370898,42.8,DT
367619:8782,319:319,05/17/23 10:23:20,STABLE BEAMS,6800,331706.524716974,322257.633227304,42.9,DT
367619:8782,320:320,05/17/23 10:23:43,STABLE BEAMS,6800,331896.080635793,322385.585468038,42.9,DT
367619:8782,321:321,05/17/23 10:24:07,STABLE BEAMS,6800,332013.899741016,322324.475780691,42.9,DT
367619:8782,322:322,05/17/23 10:24:30,STABLE BEAMS,6800,331843.210805424,322382.518922283,42.9,DT
367619:8782,323:323,05/17/23 10:24:53,STABLE BEAMS,6800,331992.837811385,317927.346685564,42.9,DT
367619:8782,324:324,05/17/23 10:25:16,STABLE BEAMS,6800,331684.038099177,322344.481508348,42.9,DT
367619:8782,325:325,05/17/23 10:25:40,STABLE BEAMS,6800,331409.013921060,322147.027051431,42.8,DT
367619:8782,326:326,05/17/23 10:26:03,STABLE BEAMS,6800,331121.749586683,314739.481522811,42.8,DT
367619:8782,327:327,05/17/23 10:26:26,STABLE BEAMS,6800,331070.510039724,314867.013039073,42.8,DT
367619:8782,328:328,05/17/23 10:26:50,STABLE BEAMS,6800,330160.510743404,320976.846700811,42.7,DT
367619:8782,329:329,05/17/23 10:27:13,STABLE BEAMS,6800,330076.784252261,320862.031425467,42.7,DT
367619:8782,330:330,05/17/23 10:27:36,STABLE BEAMS,6800,330437.593769665,317207.488814284,42.7,DT
367619:8782,331:331,05/17/23 10:28:00,STABLE BEAMS,6800,330205.666408580,321038.945843493,42.7,DT
367619:8782,332:332,05/17/23 10:28:23,STABLE BEAMS,6800,330285.298369099,321112.468614291,42.7,DT
367619:8782,333:333,05/17/23 10:28:46,STABLE BEAMS,6800,329954.485487296,320848.853568472,42.6,DT
367619:8782,334:334,05/17/23 10:29:10,STABLE BEAMS,6800,329957.155329754,317142.841380075,42.6,DT
367619:8782,335:335,05/17/23 10:29:33,STABLE BEAMS,6800,329728.960535837,320596.547597828,42.6,DT
367619:8782,336:336,05/17/23 10:29:56,STABLE BEAMS,6800,329626.410497080,320495.947571506,42.6,DT
367619:8782,337:337,05/17/23 10:30:19,STABLE BEAMS,6800,329176.061355415,320087.529229016,42.5,DT
367619:8782,338:338,05/17/23 10:30:43,STABLE BEAMS,6800,329089.484040085,315437.564646587,42.5,DT
367619:8782,339:339,05/17/23 10:31:06,STABLE BEAMS,6800,328836.561350646,319776.748813783,42.5,DT
367619:8782,340:340,05/17/23 10:31:29,STABLE BEAMS,6800,328931.033812898,319508.999339644,42.5,DT
367619:8782,341:341,05/17/23 10:31:53,STABLE BEAMS,6800,328660.715159720,319591.331171468,42.5,DT
367619:8782,342:342,05/17/23 10:32:16,STABLE BEAMS,6800,328745.686805156,319741.618162570,42.5,DT
367619:8782,343:343,05/17/23 10:32:39,STABLE BEAMS,6800,328472.766358650,319485.367322177,42.5,DT
367619:8782,344:344,05/17/23 10:33:03,STABLE BEAMS,6800,328066.756292601,319104.519004290,42.4,DT
367619:8782,345:345,05/17/23 10:33:26,STABLE BEAMS,6800,328217.988968457,319244.684451288,42.4,DT
367619:8782,346:346,05/17/23 10:33:49,STABLE BEAMS,6800,327617.627691712,318725.236779265,42.3,DT
367619:8782,347:347,05/17/23 10:34:13,STABLE BEAMS,6800,327319.437852353,318531.156631987,42.3,DT
367619:8782,348:348,05/17/23 10:34:36,STABLE BEAMS,6800,326776.401452205,317849.849088596,42.2,DT
367619:8782,349:349,05/17/23 10:34:59,STABLE BEAMS,6800,327272.789449881,318472.116799697,42.3,DT
367619:8782,350:350,05/17/23 10:35:23,STABLE BEAMS,6800,327290.796407935,318440.150056059,42.3,DT
367619:8782,351:351,05/17/23 10:35:46,STABLE BEAMS,6800,327156.463081955,318302.923569157,42.3,DT
367619:8782,352:352,05/17/23 10:36:09,STABLE BEAMS,6800,326700.003997137,317871.311473389,42.2,DT
367619:8782,353:353,05/17/23 10:36:32,STABLE BEAMS,6800,326006.098332443,317231.493972215,42.1,DT
367619:8782,354:354,05/17/23 10:36:56,STABLE BEAMS,6800,326155.610957952,317338.150831322,42.2,DT
367619:8782,355:355,05/17/23 10:37:19,STABLE BEAMS,6800,327050.814636007,311639.067492667,42.3,DT
367619:8782,356:356,05/17/23 10:37:42,STABLE BEAMS,6800,326375.301058486,317504.302684783,42.2,DT
367619:8782,357:357,05/17/23 10:38:06,STABLE BEAMS,6800,326386.159962193,317529.574966593,42.2,DT
367619:8782,358:358,05/17/23 10:38:29,STABLE BEAMS,6800,326194.794226089,317377.904924508,42.2,DT
367619:8782,359:359,05/17/23 10:38:52,STABLE BEAMS,6800,326376.725746652,317530.974620963,42.2,DT
367619:8782,360:360,05/17/23 10:39:16,STABLE BEAMS,6800,326126.157267537,317308.717063948,42.2,DT
367619:8782,361:361,05/17/23 10:39:39,STABLE BEAMS,6800,326153.304526805,317334.570829496,42.2,DT
367619:8782,362:362,05/17/23 10:40:02,STABLE BEAMS,6800,325865.475529436,317160.382022635,42.1,DT
367619:8782,363:363,05/17/23 10:40:26,STABLE BEAMS,6800,325606.490676021,316656.105823653,42.1,DT
367619:8782,364:364,05/17/23 10:40:49,STABLE BEAMS,6800,325438.607681147,316716.782960904,42.1,DT
367619:8782,365:365,05/17/23 10:41:12,STABLE BEAMS,6800,325360.830421381,316654.705230283,42.1,DT
367619:8782,366:366,05/17/23 10:41:35,STABLE BEAMS,6800,324527.793243122,315832.569757486,41.9,DT
367619:8782,367:367,05/17/23 10:41:59,STABLE BEAMS,6800,324434.384953434,315758.659727068,41.9,DT
367619:8782,368:368,05/17/23 10:42:22,STABLE BEAMS,6800,324736.941519937,316037.520565915,42.0,DT
367619:8782,369:369,05/17/23 10:42:45,STABLE BEAMS,6800,324760.718175494,316073.954442923,42.0,DT
367619:8782,370:370,05/17/23 10:43:09,STABLE BEAMS,6800,324712.147023139,316019.024210284,42.0,DT
367619:8782,371:371,05/17/23 10:43:32,STABLE BEAMS,6800,324342.582333640,315729.488098457,41.9,DT
367619:8782,372:372,05/17/23 10:43:55,STABLE BEAMS,6800,324539.490454196,315963.139584200,41.9,DT
367619:8782,373:373,05/17/23 10:44:19,STABLE BEAMS,6800,324066.562032089,315470.397036684,41.9,DT
367619:8782,374:374,05/17/23 10:44:42,STABLE BEAMS,6800,324059.435695549,268807.288947081,41.9,DT
367619:8782,375:375,05/17/23 10:45:05,STABLE BEAMS,6800,323481.742018329,314974.186662881,41.8,DT
367619:8782,376:376,05/17/23 10:45:29,STABLE BEAMS,6800,323822.417680406,315272.146965250,41.9,DT
367619:8782,377:377,05/17/23 10:45:52,STABLE BEAMS,6800,323519.816230434,315025.705105280,41.8,DT
367619:8782,378:378,05/17/23 10:46:15,STABLE BEAMS,6800,323302.412291094,314837.412969424,41.8,DT
367619:8782,379:379,05/17/23 10:46:39,STABLE BEAMS,6800,323442.424099786,314788.498091462,41.8,DT
367619:8782,380:380,05/17/23 10:47:02,STABLE BEAMS,6800,323055.598096954,314561.385252815,41.8,DT
367619:8782,381:381,05/17/23 10:47:25,STABLE BEAMS,6800,323318.745530124,314815.771453743,41.8,DT
367619:8782,382:382,05/17/23 10:47:48,STABLE BEAMS,6800,323037.951654503,249840.409080275,41.8,DT
367619:8782,383:383,05/17/23 10:48:12,STABLE BEAMS,6800,322913.912569237,309356.847860542,41.7,DT
367619:8782,384:384,05/17/23 10:48:35,STABLE BEAMS,6800,322448.902459713,313977.235173953,41.7,DT
367619:8782,385:385,05/17/23 10:48:58,STABLE BEAMS,6800,322223.127029542,313823.160642312,41.6,DT
367619:8782,386:386,05/17/23 10:49:22,STABLE BEAMS,6800,322262.378346809,313892.343541383,41.7,DT
367619:8782,387:387,05/17/23 10:49:45,STABLE BEAMS,6800,321442.077938672,313049.990765858,41.5,DT
367619:8782,388:388,05/17/23 10:50:08,STABLE BEAMS,6800,321199.653637337,308390.307167777,41.5,DT
367619:8782,389:389,05/17/23 10:50:32,STABLE BEAMS,6800,321324.688846036,312928.615338173,41.5,DT
367619:8782,390:390,05/17/23 10:50:55,STABLE BEAMS,6800,320997.111917538,312730.138237540,41.5,DT
367619:8782,391:391,05/17/23 10:51:18,STABLE BEAMS,6800,320550.538778655,312253.113502027,41.4,DT
367619:8782,392:392,05/17/23 10:51:42,STABLE BEAMS,6800,320498.733120849,307744.914639260,41.4,DT
367619:8782,393:393,05/17/23 10:52:05,STABLE BEAMS,6800,320251.716227173,311974.481786819,41.4,DT
367619:8782,394:394,05/17/23 10:52:28,STABLE BEAMS,6800,320282.391906218,312095.373535695,41.4,DT
367619:8782,395:395,05/17/23 10:52:52,STABLE BEAMS,6800,319792.836330755,311709.257720244,41.3,DT
367619:8782,396:396,05/17/23 10:53:15,STABLE BEAMS,6800,319091.238218675,310999.519689808,41.2,DT
367619:8782,397:397,05/17/23 10:53:38,STABLE BEAMS,6800,318992.988305787,310985.423497593,41.2,DT
367619:8782,398:398,05/17/23 10:54:01,STABLE BEAMS,6800,318560.373925656,306013.736458353,41.2,DT
367619:8782,399:399,05/17/23 10:54:25,STABLE BEAMS,6800,317664.627302416,309659.342003306,41.1,DT
367619:8782,400:400,05/17/23 10:54:48,STABLE BEAMS,6800,317135.300630161,309154.797847441,41.0,DT
367619:8782,401:401,05/17/23 10:55:11,STABLE BEAMS,6800,316875.683064623,308991.438480912,41.0,DT
367619:8782,402:402,05/17/23 10:55:35,STABLE BEAMS,6800,315971.973245331,308134.060064438,40.8,DT
367619:8782,403:403,05/17/23 10:55:58,STABLE BEAMS,6800,315830.784331477,307928.987661167,40.8,DT
367619:8782,404:404,05/17/23 10:56:21,STABLE BEAMS,6800,315992.581996713,307579.470234173,40.8,DT
367619:8782,405:405,05/17/23 10:56:45,STABLE BEAMS,6800,315532.097878255,304212.871647942,40.8,DT
367619:8782,406:406,05/17/23 10:57:08,STABLE BEAMS,6800,315203.479942854,307325.192314868,40.7,DT
367619:8782,407:407,05/17/23 10:57:31,STABLE BEAMS,6800,315525.582536030,307699.897854016,40.8,DT
367619:8782,408:408,05/17/23 10:57:55,STABLE BEAMS,6800,315428.870243907,307641.765620775,40.8,DT
367619:8782,409:409,05/17/23 10:58:18,STABLE BEAMS,6800,315527.571887190,307754.086391324,40.8,DT
367619:8782,410:410,05/17/23 10:58:41,STABLE BEAMS,6800,315157.193503839,307336.787096448,40.7,DT
367619:8782,411:411,05/17/23 10:59:04,STABLE BEAMS,6800,315036.025512713,307249.253859118,40.7,DT
367619:8782,412:412,05/17/23 10:59:28,STABLE BEAMS,6800,314894.657064984,301871.198776665,40.7,DT
367619:8782,413:413,05/17/23 10:59:51,STABLE BEAMS,6800,314265.790442081,306406.415434122,40.6,DT
367619:8782,414:414,05/17/23 11:00:14,STABLE BEAMS,6800,314270.495967021,305964.633612325,40.6,DT
367619:8782,415:415,05/17/23 11:00:38,STABLE BEAMS,6800,314094.491960028,306416.251680370,40.6,DT
367619:8782,416:416,05/17/23 11:01:01,STABLE BEAMS,6800,313613.238378412,306021.160020539,40.5,DT
367619:8782,417:417,05/17/23 11:01:24,STABLE BEAMS,6800,313840.890227144,304910.463398068,40.6,DT
367619:8782,418:418,05/17/23 11:01:48,STABLE BEAMS,6800,313456.666017640,300106.311989634,40.5,DT
367619:8782,419:419,05/17/23 11:02:11,STABLE BEAMS,6800,313366.108552138,305764.294652842,40.5,DT
367619:8782,420:420,05/17/23 11:02:34,STABLE BEAMS,6800,313275.119626195,305676.808380811,40.5,DT
367619:8782,421:421,05/17/23 11:02:58,STABLE BEAMS,6800,313664.184011045,306104.985265056,40.5,DT
367619:8782,422:422,05/17/23 11:03:21,STABLE BEAMS,6800,313478.724070704,305880.117698578,40.5,DT
367619:8782,423:423,05/17/23 11:03:44,STABLE BEAMS,6800,313404.815476365,305764.192770300,40.5,DT
367619:8782,424:424,05/17/23 11:04:08,STABLE BEAMS,6800,313433.862319855,305815.018311350,40.5,DT
367619:8782,425:425,05/17/23 11:04:31,STABLE BEAMS,6800,313574.485122862,300104.189892269,40.5,DT
367619:8782,426:426,05/17/23 11:04:54,STABLE BEAMS,6800,313352.443707713,305735.371606579,40.5,DT
367619:8782,427:427,05/17/23 11:05:18,STABLE BEAMS,6800,313326.292571878,305777.852635025,40.5,DT
367619:8782,428:428,05/17/23 11:05:41,STABLE BEAMS,6800,313010.207259209,305416.789723552,40.5,DT
367619:8782,429:429,05/17/23 11:06:04,STABLE BEAMS,6800,312946.478525133,305346.086631081,40.5,DT
367619:8782,430:430,05/17/23 11:06:27,STABLE BEAMS,6800,312799.046465574,305230.721891362,40.4,DT
367619:8782,431:431,05/17/23 11:06:51,STABLE BEAMS,6800,312441.720484479,301441.124042333,40.4,DT
367619:8782,432:432,05/17/23 11:07:14,STABLE BEAMS,6800,311586.762799271,304126.849085068,40.3,DT
367619:8782,433:433,05/17/23 11:07:37,STABLE BEAMS,6800,311353.771265623,303886.881760510,40.2,DT
367619:8782,434:434,05/17/23 11:08:01,STABLE BEAMS,6800,311306.083304102,303783.921847777,40.2,DT
367619:8782,435:435,05/17/23 11:08:24,STABLE BEAMS,6800,311857.489747228,304360.379185127,40.3,DT
367619:8782,436:436,05/17/23 11:08:47,STABLE BEAMS,6800,311641.284630857,304164.967954005,40.3,DT
367619:8782,437:437,05/17/23 11:09:11,STABLE BEAMS,6800,311645.581861018,304153.073919665,40.3,DT
367619:8782,438:438,05/17/23 11:09:34,STABLE BEAMS,6800,311441.910815233,303984.353628451,40.3,DT
367619:8782,439:439,05/17/23 11:09:57,STABLE BEAMS,6800,310624.280249554,302740.951207277,40.2,DT
367619:8782,440:440,05/17/23 11:10:21,STABLE BEAMS,6800,311452.158724625,303902.597795838,40.3,DT
367619:8782,441:441,05/17/23 11:10:44,STABLE BEAMS,6800,311425.463195751,304041.077802247,40.3,DT
367619:8782,442:442,05/17/23 11:11:07,STABLE BEAMS,6800,311846.132781804,304444.750065886,40.3,DT
367619:8782,443:443,05/17/23 11:11:30,STABLE BEAMS,6800,311941.103305773,304516.697450291,40.3,DT
367619:8782,444:444,05/17/23 11:11:54,STABLE BEAMS,6800,311356.079144624,303995.074163065,40.2,DT
367619:8782,445:445,05/17/23 11:12:17,STABLE BEAMS,6800,311394.968498434,304029.224689208,40.2,DT
367619:8782,446:446,05/17/23 11:12:40,STABLE BEAMS,6800,310890.866335564,303533.019072689,40.2,DT
367619:8782,447:447,05/17/23 11:13:04,STABLE BEAMS,6800,310787.774799476,303457.495743214,40.2,DT
367619:8782,448:448,05/17/23 11:13:27,STABLE BEAMS,6800,310412.870425060,303146.723812302,40.1,DT
367619:8782,449:449,05/17/23 11:13:50,STABLE BEAMS,6800,309868.658367604,302628.421238936,40.1,DT
367619:8782,450:450,05/17/23 11:14:14,STABLE BEAMS,6800,309443.442520533,302216.903420695,40.0,DT
367619:8782,451:451,05/17/23 11:14:37,STABLE BEAMS,6800,309342.499599525,302127.397520803,40.0,DT
367619:8782,452:452,05/17/23 11:15:00,STABLE BEAMS,6800,309388.106995095,302178.764353264,40.0,DT
367619:8782,453:453,05/17/23 11:15:24,STABLE BEAMS,6800,308744.625735656,301544.861888576,39.9,DT
367619:8782,454:454,05/17/23 11:15:47,STABLE BEAMS,6800,308357.867781953,300815.116419045,39.9,DT
367619:8782,455:455,05/17/23 11:16:10,STABLE BEAMS,6800,309001.325875731,301788.724459601,39.9,DT
367619:8782,456:456,05/17/23 11:16:34,STABLE BEAMS,6800,309150.024807389,301882.780207367,40.0,DT
367619:8782,457:457,05/17/23 11:16:57,STABLE BEAMS,6800,309174.751255057,301939.538209990,40.0,DT
367619:8782,458:458,05/17/23 11:17:20,STABLE BEAMS,6800,309090.460100921,301852.943716077,40.0,DT
367619:8782,459:459,05/17/23 11:17:43,STABLE BEAMS,6800,309283.386623451,302005.795038856,40.0,DT
367619:8782,460:460,05/17/23 11:18:07,STABLE BEAMS,6800,309235.991128404,301976.371329977,40.0,DT
367619:8782,461:461,05/17/23 11:18:30,STABLE BEAMS,6800,309435.364944028,302225.761433998,40.0,DT
367619:8782,462:462,05/17/23 11:18:53,STABLE BEAMS,6800,309063.696522917,301901.088024683,39.9,DT
367619:8782,463:463,05/17/23 11:19:17,STABLE BEAMS,6800,308850.953225048,301235.260370748,39.9,DT
367619:8782,464:464,05/17/23 11:19:40,STABLE BEAMS,6800,308717.863605506,301527.134824683,39.9,DT
367619:8782,465:465,05/17/23 11:20:03,STABLE BEAMS,6800,308710.466520301,301517.017694887,39.9,DT
367619:8782,466:466,05/17/23 11:20:27,STABLE BEAMS,6800,308697.978781038,301500.183617193,39.9,DT
367619:8782,467:467,05/17/23 11:20:50,STABLE BEAMS,6800,308697.163639333,301522.565452719,39.9,DT
367619:8782,468:468,05/17/23 11:21:13,STABLE BEAMS,6800,308403.883472303,301298.115421985,39.9,DT
367619:8782,469:469,05/17/23 11:21:36,STABLE BEAMS,6800,308236.882220410,301062.211486491,39.8,DT
367619:8782,470:470,05/17/23 11:22:00,STABLE BEAMS,6800,308830.208375406,301645.946487693,39.9,DT
367619:8782,471:471,05/17/23 11:22:23,STABLE BEAMS,6800,308470.212551854,301311.015302748,39.9,DT
367619:8782,472:472,05/17/23 11:22:46,STABLE BEAMS,6800,308457.362849133,297833.495024527,39.9,DT
367619:8782,473:473,05/17/23 11:23:10,STABLE BEAMS,6800,308210.345955457,301091.014807231,39.8,DT
367619:8782,474:474,05/17/23 11:23:33,STABLE BEAMS,6800,307965.567443799,300862.067756928,39.8,DT
367619:8782,475:475,05/17/23 11:23:56,STABLE BEAMS,6800,307488.929620185,300445.804178529,39.7,DT
367619:8782,476:476,05/17/23 11:24:20,STABLE BEAMS,6800,306929.378999279,299876.620127234,39.7,DT
367619:8782,477:477,05/17/23 11:24:43,STABLE BEAMS,6800,306307.344798589,294988.041308557,39.6,DT
367619:8782,478:478,05/17/23 11:25:06,STABLE BEAMS,6800,305702.933874688,298309.986171474,39.5,DT
367619:8782,479:479,05/17/23 11:25:30,STABLE BEAMS,6800,305622.690919854,298638.281291683,39.5,DT
367619:8782,480:480,05/17/23 11:25:53,STABLE BEAMS,6800,305485.597984478,298504.111967732,39.5,DT
367619:8782,481:481,05/17/23 11:26:16,STABLE BEAMS,6800,305340.948699976,298341.058442967,39.5,DT
367619:8782,482:482,05/17/23 11:26:40,STABLE BEAMS,6800,305503.672991662,298560.115001660,39.5,DT
367619:8782,483:483,05/17/23 11:27:03,STABLE BEAMS,6800,305074.565313502,298134.598133239,39.4,DT
367619:8782,484:484,05/17/23 11:27:26,STABLE BEAMS,6800,304947.471256659,297871.926030089,39.4,DT
367619:8782,485:485,05/17/23 11:27:50,STABLE BEAMS,6800,304952.696561123,297999.208080981,39.4,DT
367619:8782,486:486,05/17/23 11:28:13,STABLE BEAMS,6800,305180.213759449,298205.410185248,39.4,DT
367619:8782,487:487,05/17/23 11:28:36,STABLE BEAMS,6800,305053.322402143,298151.893500653,39.4,DT
367619:8782,488:488,05/17/23 11:28:59,STABLE BEAMS,6800,304901.706045022,297972.833221702,39.4,DT
367619:8782,489:489,05/17/23 11:29:23,STABLE BEAMS,6800,303689.490427849,296433.221175770,39.3,DT
367619:8782,490:490,05/17/23 11:29:46,STABLE BEAMS,6800,304079.595819601,297148.914450508,39.3,DT
367619:8782,491:491,05/17/23 11:30:09,STABLE BEAMS,6800,304416.809663176,297531.751421211,39.3,DT
367619:8782,492:492,05/17/23 11:30:33,STABLE BEAMS,6800,304393.690333257,297527.730276100,39.3,DT
367619:8782,493:493,05/17/23 11:30:56,STABLE BEAMS,6800,304284.873983134,293819.513209341,39.3,DT
367619:8782,494:494,05/17/23 11:31:19,STABLE BEAMS,6800,304018.673026242,297201.261654766,39.3,DT
367619:8782,495:495,05/17/23 11:31:43,STABLE BEAMS,6800,303480.410200164,296698.025447214,39.2,DT
367619:8782,496:496,05/17/23 11:32:06,STABLE BEAMS,6800,303821.969053076,296978.711004128,39.3,DT
367619:8782,497:497,05/17/23 11:32:29,STABLE BEAMS,6800,303627.820541915,296804.201366801,39.2,DT
367619:8782,498:498,05/17/23 11:32:53,STABLE BEAMS,6800,304011.275941037,297161.847901683,39.3,DT
367619:8782,499:499,05/17/23 11:33:16,STABLE BEAMS,6800,303616.689441688,296862.336595133,39.2,DT
367619:8782,500:500,05/17/23 11:33:39,STABLE BEAMS,6800,303353.588339841,296574.098922046,39.2,DT
367619:8782,501:501,05/17/23 11:34:02,STABLE BEAMS,6800,302817.882423622,296017.169622172,39.1,DT
367619:8782,503:503,05/17/23 11:34:49,STABLE BEAMS,6800,303220.181640311,296424.430062581,39.2,DT
367619:8782,504:504,05/17/23 11:35:12,STABLE BEAMS,6800,303290.244734883,296330.408378354,39.2,DT
367619:8782,505:505,05/17/23 11:35:36,STABLE BEAMS,6800,303235.701185489,296420.578080714,39.2,DT
367619:8782,506:506,05/17/23 11:35:59,STABLE BEAMS,6800,302666.400716908,295849.366771097,39.1,DT
367619:8782,507:507,05/17/23 11:36:22,STABLE BEAMS,6800,302764.220617209,296008.541984304,39.1,DT
367619:8782,508:508,05/17/23 11:36:46,STABLE BEAMS,6800,302485.282890196,295722.279094428,39.1,DT
367619:8782,509:509,05/17/23 11:37:09,STABLE BEAMS,6800,301931.184886805,295205.163608952,39.0,DT
367619:8782,510:510,05/17/23 11:37:32,STABLE BEAMS,6800,301913.108431767,295164.249290637,39.0,DT
367619:8782,511:511,05/17/23 11:37:56,STABLE BEAMS,6800,301628.266356844,294928.723866770,39.0,DT
367619:8782,512:512,05/17/23 11:38:19,STABLE BEAMS,6800,302087.642867125,289772.037809056,39.0,DT
367619:8782,513:513,05/17/23 11:38:42,STABLE BEAMS,6800,301587.907431399,294888.690065757,39.0,DT
367619:8782,514:514,05/17/23 11:39:06,STABLE BEAMS,6800,301706.473629197,295026.128081770,39.0,DT
367619:8782,515:515,05/17/23 11:39:29,STABLE BEAMS,6800,301649.645366463,294935.093667046,39.0,DT
367619:8782,516:516,05/17/23 11:39:52,STABLE BEAMS,6800,301872.320941589,295147.669429069,39.0,DT
367619:8782,517:517,05/17/23 11:40:15,STABLE BEAMS,6800,301794.792712682,295106.945019624,39.0,DT
367619:8782,518:518,05/17/23 11:40:39,STABLE BEAMS,6800,301268.270533291,294582.728941855,38.9,DT
367619:8782,519:519,05/17/23 11:41:02,STABLE BEAMS,6800,301200.696299449,294521.323723837,38.9,DT
367619:8782,520:520,05/17/23 11:41:25,STABLE BEAMS,6800,301223.568046364,294638.168970947,38.9,DT
367619:8782,521:521,05/17/23 11:41:49,STABLE BEAMS,6800,300886.807381036,293920.594385960,38.9,DT
367619:8782,522:522,05/17/23 11:42:12,STABLE BEAMS,6800,300853.189663013,294190.818943621,38.9,DT
367619:8782,523:523,05/17/23 11:42:35,STABLE BEAMS,6800,301132.444470015,294082.884047326,38.9,DT
367619:8782,524:524,05/17/23 11:42:59,STABLE BEAMS,6800,300839.773849446,294220.012824977,38.9,DT
367619:8782,525:525,05/17/23 11:43:22,STABLE BEAMS,6800,300685.939380262,294031.401815714,38.9,DT
367619:8782,526:526,05/17/23 11:43:45,STABLE BEAMS,6800,300349.110665805,293603.971015494,38.8,DT
367619:8782,527:527,05/17/23 11:44:09,STABLE BEAMS,6800,300303.456938912,293628.794225669,38.8,DT
367619:8782,528:528,05/17/23 11:44:32,STABLE BEAMS,6800,300088.043798585,293515.445422759,38.8,DT
367619:8782,529:529,05/17/23 11:44:55,STABLE BEAMS,6800,299873.467517771,293271.447679253,38.8,DT
367619:8782,530:530,05/17/23 11:45:19,STABLE BEAMS,6800,299790.034940954,293246.291926528,38.7,DT
367619:8782,531:531,05/17/23 11:45:42,STABLE BEAMS,6800,300007.236180758,293461.600929900,38.8,DT
367619:8782,532:532,05/17/23 11:46:05,STABLE BEAMS,6800,299672.034854003,293124.847494793,38.7,DT
367619:8782,533:533,05/17/23 11:46:28,STABLE BEAMS,6800,299761.529594796,289832.737953361,38.7,DT
367619:8782,534:534,05/17/23 11:46:52,STABLE BEAMS,6800,300037.866976335,293495.539756723,38.8,DT
367619:8782,535:535,05/17/23 11:47:15,STABLE BEAMS,6800,299529.557350243,292850.850690969,38.7,DT
367619:8782,536:536,05/17/23 11:47:38,STABLE BEAMS,6800,299597.493547542,293069.715147248,38.7,DT
367619:8782,537:537,05/17/23 11:48:02,STABLE BEAMS,6800,299368.799244055,292831.321115811,38.7,DT
367619:8782,538:538,05/17/23 11:48:25,STABLE BEAMS,6800,299248.243695098,292725.514256142,38.7,DT
367619:8782,539:539,05/17/23 11:48:48,STABLE BEAMS,6800,299020.794545902,292038.426624196,38.7,DT
367619:8782,540:540,05/17/23 11:49:12,STABLE BEAMS,6800,298773.030559651,292279.133219511,38.6,DT
367619:8782,541:541,05/17/23 11:49:35,STABLE BEAMS,6800,298764.343436685,292305.991073864,38.6,DT
367619:8782,542:542,05/17/23 11:49:58,STABLE BEAMS,6800,298641.299026999,296708.445001974,38.6,DT
367619:8782,543:543,05/17/23 11:50:22,STABLE BEAMS,6800,85617.207572186,85180.108444787,11.1,DT
367619:8782,544:544,05/17/23 11:50:45,STABLE BEAMS,6800,80940.634062349,79964.485223871,10.5,DT
367619:8782,545:545,05/17/23 11:51:08,STABLE BEAMS,6800,196291.108982296,192306.458160997,25.4,DT
367619:8782,546:546,05/17/23 11:51:32,STABLE BEAMS,6800,285060.519890876,280557.776609112,36.8,DT
367619:8782,547:547,05/17/23 11:51:55,STABLE BEAMS,6800,245552.796398393,243650.376287550,31.7,DT
367619:8782,548:548,05/17/23 11:52:18,STABLE BEAMS,6800,132952.944769105,132485.256951793,17.2,DT
367619:8782,549:549,05/17/23 11:52:41,STABLE BEAMS,6800,46393.951015699,45131.506411143,6.0,DT
367619:8782,550:550,05/17/23 11:53:05,STABLE BEAMS,6800,183800.993790956,183311.166574191,23.8,DT
367619:8782,551:551,05/17/23 11:53:28,STABLE BEAMS,6800,24337.269503864,24187.120236565,3.1,DT
367619:8782,552:552,05/17/23 11:53:51,STABLE BEAMS,6800,102916.628996937,101189.917404701,13.3,DT
367619:8782,553:553,05/17/23 11:54:15,STABLE BEAMS,6800,253290.014320587,248682.438668815,32.7,DT
367619:8782,554:554,05/17/23 11:54:38,STABLE BEAMS,6800,269855.090944097,267730.623192255,34.9,DT
367619:8782,555:555,05/17/23 11:55:01,STABLE BEAMS,6800,134995.900399654,134585.141835657,17.4,DT
367619:8782,556:556,05/17/23 11:55:25,STABLE BEAMS,6800,34698.354588959,34170.802735017,4.5,DT
367619:8782,557:557,05/17/23 11:55:48,STABLE BEAMS,6800,206464.183153391,202005.992280804,26.7,DT
367619:8782,558:558,05/17/23 11:56:11,STABLE BEAMS,6800,296204.267120790,289436.735803166,38.3,DT
367619:8782,559:559,05/17/23 11:56:34,STABLE BEAMS,6800,296748.592110845,290390.256233579,38.4,DT
367619:8782,560:560,05/17/23 11:56:58,STABLE BEAMS,6800,296952.128506224,290562.752480215,38.4,DT
367619:8782,561:561,05/17/23 11:57:21,STABLE BEAMS,6800,296859.782941244,291059.221094183,38.4,DT
367619:8782,562:562,05/17/23 11:57:44,STABLE BEAMS,6800,271290.095068996,266738.801780809,35.1,DT
367619:8782,563:563,05/17/23 11:58:08,STABLE BEAMS,6800,250924.516528439,247004.671140129,32.4,DT
367619:8782,564:564,05/17/23 11:58:31,STABLE BEAMS,6800,242181.174846457,238679.006753983,31.3,DT
367619:8782,565:565,05/17/23 11:58:54,STABLE BEAMS,6800,216204.799312568,212565.898754720,27.9,DT
367619:8782,566:566,05/17/23 11:59:18,STABLE BEAMS,6800,237508.679796066,234733.634461551,30.7,DT
367619:8782,567:567,05/17/23 11:59:41,STABLE BEAMS,6800,183790.745881565,177460.151199369,23.8,DT
367619:8782,568:568,05/17/23 12:00:04,STABLE BEAMS,6800,294395.150597520,288183.125178092,38.1,DT
367619:8782,569:569,05/17/23 12:00:28,STABLE BEAMS,6800,294159.942399662,287975.261909470,38.0,DT
367619:8782,570:570,05/17/23 12:00:51,STABLE BEAMS,6800,293555.169512304,286782.453661490,37.9,DT
367619:8782,571:571,05/17/23 12:01:14,STABLE BEAMS,6800,293607.971293543,287253.790846029,38.0,DT
367619:8782,572:572,05/17/23 12:01:38,STABLE BEAMS,6800,293381.199739939,287077.917542961,37.9,DT
367619:8782,573:573,05/17/23 12:02:01,STABLE BEAMS,6800,293393.235748808,287109.551020741,37.9,DT
367619:8782,574:574,05/17/23 12:02:24,STABLE BEAMS,6800,293276.909380882,287064.693104477,37.9,DT
367619:8782,575:575,05/17/23 12:02:47,STABLE BEAMS,6800,292091.706372570,285907.024960506,37.8,DT
367619:8782,576:576,05/17/23 12:03:11,STABLE BEAMS,6800,292258.299329683,286054.982516819,37.8,DT
367619:8782,577:577,05/17/23 12:03:34,STABLE BEAMS,6800,291816.680746599,285622.183068749,37.7,DT
367619:8782,578:578,05/17/23 12:03:57,STABLE BEAMS,6800,291624.569365773,285508.914254398,37.7,DT
367619:8782,579:579,05/17/23 12:04:21,STABLE BEAMS,6800,291702.708588996,285644.810451386,37.7,DT
#Summary:
#nfill,nrun,nls,ncms,totdelivered(/ub),totrecorded(/ub)
#3,7,3529,3529,1337593828.975258589,1270652068.390776873
#Check JSON:
#(run,ls) in json but not in results: []
