#Data tag : 24v2 , Norm tag: None
#run:fill,ls,time,beamstatus,E(GeV),delivered(/ub),recorded(/ub),avgpu,source
370790:9073,54:54,07/16/23 22:51:10,STABLE BEAMS,6800,265372.230534912,5674.055551066,33.0,AVG
370790:9073,55:55,07/16/23 22:51:33,STABLE BEAMS,6800,302715.257064599,297088.647230636,37.7,AVG
370790:9073,56:56,07/16/23 22:51:56,STABLE BEAMS,6800,80068.257622965,79627.650260306,10.0,AVG
370790:9073,57:57,07/16/23 22:52:20,STABLE BEAMS,6800,13807.603010433,13764.898299257,1.7,AVG
370790:9073,58:58,07/16/23 22:52:43,STABLE BEAMS,6800,47443.371237136,47256.910143992,5.9,AVG
370790:9073,59:59,07/16/23 22:53:06,STABLE BEAMS,6800,113954.641084291,113215.554520989,14.2,AVG
370790:9073,60:60,07/16/23 22:53:30,STABLE BEAMS,6800,227042.776686781,157776.046220176,28.3,AVG
370790:9073,61:61,07/16/23 22:53:53,STABLE BEAMS,6800,293275.552423438,288706.478711944,36.5,AVG
370790:9073,62:62,07/16/23 22:54:16,STABLE BEAMS,6800,269877.085209174,266445.874128010,33.6,AVG
370790:9073,63:63,07/16/23 22:54:39,STABLE BEAMS,6800,163043.431167863,161670.373024779,20.3,AVG
370790:9073,64:64,07/16/23 22:55:03,STABLE BEAMS,6800,77779.760584968,77399.416108226,9.7,AVG
370790:9073,65:65,07/16/23 22:55:26,STABLE BEAMS,6800,26516.437997345,20206.140431526,3.3,AVG
370790:9073,66:66,07/16/23 22:55:49,STABLE BEAMS,6800,6958.739918048,6921.497333360,0.9,AVG
370790:9073,67:67,07/16/23 22:56:13,STABLE BEAMS,6800,147190.507884460,145672.863693828,18.3,AVG
370790:9073,68:68,07/16/23 22:56:36,STABLE BEAMS,6800,56590.672225936,56332.291821558,7.0,AVG
370790:9073,69:69,07/16/23 22:56:59,STABLE BEAMS,6800,31585.138224479,31439.409670166,3.9,AVG
370790:9073,70:70,07/16/23 22:57:23,STABLE BEAMS,6800,69777.738218493,69415.350795071,8.7,AVG
370790:9073,71:71,07/16/23 22:57:46,STABLE BEAMS,6800,146836.987565352,111773.585515199,18.3,AVG
370790:9073,72:72,07/16/23 22:58:09,STABLE BEAMS,6800,238785.489792117,236102.287903380,29.7,AVG
370790:9073,73:73,07/16/23 22:58:33,STABLE BEAMS,6800,292509.049717574,288428.455690144,36.4,AVG
370790:9073,74:74,07/16/23 22:58:56,STABLE BEAMS,6800,270489.720455719,266711.536621413,33.7,AVG
370790:9073,75:75,07/16/23 22:59:19,STABLE BEAMS,6800,196804.552992389,194938.143192502,24.5,AVG
370790:9073,76:76,07/16/23 22:59:43,STABLE BEAMS,6800,103256.677934167,102779.098002433,12.9,AVG
370776:9072,1:1,07/16/23 18:19:32,STABLE BEAMS,6800,331704.761020818,320607.162017732,41.3,AVG
370776:9072,2:2,07/16/23 18:19:56,STABLE BEAMS,6800,332149.143726287,321910.002234090,41.3,AVG
370776:9072,3:3,07/16/23 18:20:19,STABLE BEAMS,6800,331976.135786284,322464.077513722,41.3,AVG
370776:9072,4:4,07/16/23 18:20:42,STABLE BEAMS,6800,331952.438048295,322078.485126910,41.3,AVG
370776:9072,5:5,07/16/23 18:21:06,STABLE BEAMS,6800,331619.028637603,239517.007073404,41.3,AVG
370776:9072,6:6,07/16/23 18:21:29,STABLE BEAMS,6800,330920.889453478,321404.761903147,41.2,AVG
370776:9072,7:7,07/16/23 18:21:52,STABLE BEAMS,6800,330581.130186571,260654.283891257,41.1,AVG
370776:9072,8:8,07/16/23 18:22:16,STABLE BEAMS,6800,331043.224421968,229626.171851280,41.2,AVG
370776:9072,9:9,07/16/23 18:22:39,STABLE BEAMS,6800,330895.189319569,321611.416561287,41.2,AVG
370776:9072,10:10,07/16/23 18:23:02,STABLE BEAMS,6800,330698.844958652,320318.466888036,41.2,AVG
370776:9072,11:11,07/16/23 18:23:26,STABLE BEAMS,6800,330749.837287838,219312.135564041,41.2,AVG
370776:9072,12:12,07/16/23 18:23:49,STABLE BEAMS,6800,330488.593386950,320585.843651192,41.1,AVG
370776:9072,13:13,07/16/23 18:24:12,STABLE BEAMS,6800,330416.110850551,321332.762942038,41.1,AVG
370776:9072,14:14,07/16/23 18:24:36,STABLE BEAMS,6800,330141.230143915,320554.022481603,41.1,AVG
370776:9072,15:15,07/16/23 18:24:59,STABLE BEAMS,6800,330110.406300768,320583.905435291,41.1,AVG
370776:9072,16:16,07/16/23 18:25:22,STABLE BEAMS,6800,329735.202994305,245723.196249136,41.0,AVG
370776:9072,17:17,07/16/23 18:25:45,STABLE BEAMS,6800,330056.250698864,320891.848441665,41.1,AVG
370776:9072,18:18,07/16/23 18:26:09,STABLE BEAMS,6800,330135.903630900,319447.272742838,41.1,AVG
370776:9072,19:19,07/16/23 18:26:32,STABLE BEAMS,6800,330204.402355158,320881.709136454,41.1,AVG
370776:9072,20:20,07/16/23 18:26:55,STABLE BEAMS,6800,329764.250556088,319744.253035130,41.0,AVG
370776:9072,21:21,07/16/23 18:27:19,STABLE BEAMS,6800,329781.164857372,320181.205830828,41.0,AVG
370776:9072,22:22,07/16/23 18:27:42,STABLE BEAMS,6800,329667.844167143,320117.430776083,41.0,AVG
370776:9072,23:23,07/16/23 18:28:05,STABLE BEAMS,6800,329478.306553711,319350.217575817,41.0,AVG
370776:9072,24:24,07/16/23 18:28:29,STABLE BEAMS,6800,329358.134825518,319309.225819777,41.0,AVG
370776:9072,25:25,07/16/23 18:28:52,STABLE BEAMS,6800,328590.084283925,319138.920538088,40.9,AVG
370776:9072,26:26,07/16/23 18:29:15,STABLE BEAMS,6800,328510.774020340,319119.255779434,40.9,AVG
370776:9072,27:27,07/16/23 18:29:39,STABLE BEAMS,6800,327725.014279897,232661.019410968,40.8,AVG
370776:9072,28:28,07/16/23 18:30:02,STABLE BEAMS,6800,327723.328910572,243842.287579438,40.8,AVG
370776:9072,29:29,07/16/23 18:30:25,STABLE BEAMS,6800,327740.970508162,318474.403495682,40.8,AVG
370776:9072,30:30,07/16/23 18:30:49,STABLE BEAMS,6800,327373.121752491,317764.458599609,40.7,AVG
370776:9072,31:31,07/16/23 18:31:12,STABLE BEAMS,6800,326792.149537140,317081.995675316,40.7,AVG
370776:9072,32:32,07/16/23 18:31:35,STABLE BEAMS,6800,327459.147851522,318527.100114410,40.8,AVG
370776:9072,33:33,07/16/23 18:31:58,STABLE BEAMS,6800,327606.684103250,317763.899677200,40.8,AVG
370776:9072,34:34,07/16/23 18:32:22,STABLE BEAMS,6800,327443.394427036,318534.683416449,40.8,AVG
370776:9072,35:35,07/16/23 18:32:45,STABLE BEAMS,6800,327348.626785859,317520.091669698,40.7,AVG
370776:9072,36:36,07/16/23 18:33:08,STABLE BEAMS,6800,326846.694429054,318018.502719438,40.7,AVG
370776:9072,37:37,07/16/23 18:33:32,STABLE BEAMS,6800,326629.929825684,317377.733446767,40.7,AVG
370776:9072,38:38,07/16/23 18:33:55,STABLE BEAMS,6800,327146.478040957,317391.318378631,40.7,AVG
370776:9072,39:39,07/16/23 18:34:18,STABLE BEAMS,6800,326902.535400285,317541.431382109,40.7,AVG
370776:9072,40:40,07/16/23 18:34:42,STABLE BEAMS,6800,327051.733710559,317751.079743537,40.7,AVG
370776:9072,41:41,07/16/23 18:35:05,STABLE BEAMS,6800,327064.435754067,318239.268152793,40.7,AVG
370776:9072,42:42,07/16/23 18:35:28,STABLE BEAMS,6800,326833.945763988,317446.960460074,40.7,AVG
370776:9072,43:43,07/16/23 18:35:52,STABLE BEAMS,6800,326564.186435511,317464.910886484,40.6,AVG
370776:9072,44:44,07/16/23 18:36:15,STABLE BEAMS,6800,326290.967787421,316680.928967801,40.6,AVG
370776:9072,45:45,07/16/23 18:36:38,STABLE BEAMS,6800,326114.565797987,316890.184317444,40.6,AVG
370776:9072,46:46,07/16/23 18:37:02,STABLE BEAMS,6800,325979.801522105,316883.831725662,40.6,AVG
370776:9072,47:47,07/16/23 18:37:25,STABLE BEAMS,6800,325645.914240442,316894.194721344,40.5,AVG
370776:9072,48:48,07/16/23 18:37:48,STABLE BEAMS,6800,325508.532164072,315884.192455868,40.5,AVG
370776:9072,49:49,07/16/23 18:38:11,STABLE BEAMS,6800,325626.883320420,316574.221447631,40.5,AVG
370776:9072,50:50,07/16/23 18:38:35,STABLE BEAMS,6800,325751.178725428,314234.748859136,40.5,AVG
370776:9072,51:51,07/16/23 18:38:58,STABLE BEAMS,6800,324794.366819346,316197.438672349,40.4,AVG
370776:9072,52:52,07/16/23 18:39:21,STABLE BEAMS,6800,325705.512909256,316386.168033437,40.5,AVG
370776:9072,53:53,07/16/23 18:39:45,STABLE BEAMS,6800,325747.013089211,316242.215953002,40.5,AVG
370776:9072,54:54,07/16/23 18:40:08,STABLE BEAMS,6800,325404.747913555,202742.585714648,40.5,AVG
370776:9072,55:55,07/16/23 18:40:31,STABLE BEAMS,6800,325437.483240585,226932.683680333,40.5,AVG
370776:9072,56:56,07/16/23 18:40:55,STABLE BEAMS,6800,324949.073466711,315960.841944086,40.4,AVG
370776:9072,57:57,07/16/23 18:41:18,STABLE BEAMS,6800,324429.884140171,315086.268600722,40.4,AVG
370776:9072,58:58,07/16/23 18:41:41,STABLE BEAMS,6800,324608.516971160,315725.827715530,40.4,AVG
370776:9072,59:59,07/16/23 18:42:05,STABLE BEAMS,6800,324794.525332643,315869.477083356,40.4,AVG
370776:9072,60:60,07/16/23 18:42:28,STABLE BEAMS,6800,324641.797770420,316020.879251950,40.4,AVG
370776:9072,61:61,07/16/23 18:42:51,STABLE BEAMS,6800,324608.540281939,315150.220960275,40.4,AVG
370776:9072,62:62,07/16/23 18:43:14,STABLE BEAMS,6800,324033.351470871,315587.135654494,40.3,AVG
370776:9072,63:63,07/16/23 18:43:38,STABLE BEAMS,6800,324154.434650526,314789.358637072,40.3,AVG
370776:9072,64:64,07/16/23 18:44:01,STABLE BEAMS,6800,324186.873930661,315099.837757766,40.3,AVG
370776:9072,65:65,07/16/23 18:44:24,STABLE BEAMS,6800,324045.939291562,315159.413239194,40.3,AVG
370776:9072,66:66,07/16/23 18:44:48,STABLE BEAMS,6800,323695.184330174,314867.840466201,40.3,AVG
370776:9072,67:67,07/16/23 18:45:11,STABLE BEAMS,6800,323673.127671031,314064.222296903,40.3,AVG
370776:9072,68:68,07/16/23 18:45:34,STABLE BEAMS,6800,323608.202489202,314663.941823445,40.3,AVG
370776:9072,69:69,07/16/23 18:45:58,STABLE BEAMS,6800,323566.998356141,312935.880281591,40.3,AVG
370776:9072,70:70,07/16/23 18:46:21,STABLE BEAMS,6800,323162.703197416,310795.552965155,40.2,AVG
370776:9072,71:71,07/16/23 18:46:44,STABLE BEAMS,6800,322445.668295788,311491.990059292,40.1,AVG
370776:9072,72:72,07/16/23 18:47:08,STABLE BEAMS,6800,322288.388138415,313479.473900868,40.1,AVG
370776:9072,73:73,07/16/23 18:47:31,STABLE BEAMS,6800,321519.815435370,312750.309257841,40.0,AVG
370776:9072,74:74,07/16/23 18:47:54,STABLE BEAMS,6800,320997.828815343,312133.418304183,40.0,AVG
370776:9072,75:75,07/16/23 18:48:18,STABLE BEAMS,6800,320552.942597047,311918.816840569,39.9,AVG
370776:9072,76:76,07/16/23 18:48:41,STABLE BEAMS,6800,320337.954275040,311086.339326735,39.9,AVG
370776:9072,77:77,07/16/23 18:49:04,STABLE BEAMS,6800,320283.980497213,308745.833982175,39.9,AVG
370776:9072,78:78,07/16/23 18:49:27,STABLE BEAMS,6800,320396.550580355,311478.450365468,39.9,AVG
370776:9072,79:79,07/16/23 18:49:51,STABLE BEAMS,6800,320332.991410179,311151.909764891,39.9,AVG
370776:9072,80:80,07/16/23 18:50:14,STABLE BEAMS,6800,320107.147258367,311324.899445107,39.8,AVG
370776:9072,81:81,07/16/23 18:50:37,STABLE BEAMS,6800,319863.565934769,136257.722461172,39.8,AVG
370776:9072,82:82,07/16/23 18:51:01,STABLE BEAMS,6800,318799.694613713,310180.135564926,39.7,AVG
370776:9072,83:83,07/16/23 18:51:24,STABLE BEAMS,6800,318912.833479865,310358.551056054,39.7,AVG
370776:9072,84:84,07/16/23 18:51:47,STABLE BEAMS,6800,319279.635581555,310656.233583220,39.7,AVG
370776:9072,85:85,07/16/23 18:52:11,STABLE BEAMS,6800,319276.472308837,310704.667972801,39.7,AVG
370776:9072,86:86,07/16/23 18:52:34,STABLE BEAMS,6800,318857.901629017,310424.655122855,39.7,AVG
370776:9072,87:87,07/16/23 18:52:57,STABLE BEAMS,6800,318882.578419727,310482.499622013,39.7,AVG
370776:9072,88:88,07/16/23 18:53:21,STABLE BEAMS,6800,319145.395798201,310250.054083178,39.7,AVG
370776:9072,89:89,07/16/23 18:53:44,STABLE BEAMS,6800,319052.812377022,311024.245638116,39.7,AVG
370776:9072,90:90,07/16/23 18:54:07,STABLE BEAMS,6800,318681.068390171,308035.898181625,39.7,AVG
370776:9072,91:91,07/16/23 18:54:31,STABLE BEAMS,6800,318385.837373418,310096.923746883,39.6,AVG
370776:9072,92:92,07/16/23 18:54:54,STABLE BEAMS,6800,318003.713096654,309645.753095271,39.6,AVG
370776:9072,93:93,07/16/23 18:55:17,STABLE BEAMS,6800,317651.319387498,309350.028916489,39.5,AVG
370776:9072,94:94,07/16/23 18:55:40,STABLE BEAMS,6800,317208.939077950,308932.491718870,39.5,AVG
370776:9072,95:95,07/16/23 18:56:04,STABLE BEAMS,6800,316736.438910782,308160.649345791,39.4,AVG
370776:9072,96:96,07/16/23 18:56:27,STABLE BEAMS,6800,316213.951109006,308566.230722861,39.4,AVG
370776:9072,97:97,07/16/23 18:56:50,STABLE BEAMS,6800,315344.713137683,305958.319574232,39.2,AVG
370776:9072,98:98,07/16/23 18:57:14,STABLE BEAMS,6800,314729.847049583,306767.330849392,39.2,AVG
370776:9072,99:99,07/16/23 18:57:37,STABLE BEAMS,6800,314895.024898901,306297.264497104,39.2,AVG
370776:9072,100:100,07/16/23 18:58:00,STABLE BEAMS,6800,314490.158626088,306520.741887292,39.1,AVG
370776:9072,101:101,07/16/23 18:58:24,STABLE BEAMS,6800,313701.757774378,305721.508169409,39.0,AVG
370776:9072,102:102,07/16/23 18:58:47,STABLE BEAMS,6800,313249.633559184,305187.633148773,39.0,AVG
370776:9072,103:103,07/16/23 18:59:10,STABLE BEAMS,6800,313442.017418739,305235.578475341,39.0,AVG
370776:9072,104:104,07/16/23 18:59:34,STABLE BEAMS,6800,313664.560764238,306126.312726006,39.0,AVG
370776:9072,105:105,07/16/23 18:59:57,STABLE BEAMS,6800,313855.874659034,305401.985454711,39.1,AVG
370776:9072,106:106,07/16/23 19:00:20,STABLE BEAMS,6800,313902.927466560,306315.320083483,39.1,AVG
370776:9072,107:107,07/16/23 19:00:43,STABLE BEAMS,6800,314247.968956001,306259.993711569,39.1,AVG
370776:9072,108:108,07/16/23 19:01:07,STABLE BEAMS,6800,314452.005874006,304868.580827635,39.1,AVG
370776:9072,109:109,07/16/23 19:01:30,STABLE BEAMS,6800,314138.972415288,306675.154389939,39.1,AVG
370776:9072,110:110,07/16/23 19:01:53,STABLE BEAMS,6800,314075.937737640,306085.770409147,39.1,AVG
370776:9072,111:111,07/16/23 19:02:17,STABLE BEAMS,6800,314238.066537058,306380.066732761,39.1,AVG
370776:9072,112:112,07/16/23 19:02:40,STABLE BEAMS,6800,314192.104673992,306239.746696828,39.1,AVG
370776:9072,113:113,07/16/23 19:03:03,STABLE BEAMS,6800,314151.721080354,305607.217806318,39.1,AVG
370776:9072,114:114,07/16/23 19:03:27,STABLE BEAMS,6800,314209.951406437,305098.066172331,39.1,AVG
370776:9072,115:115,07/16/23 19:03:50,STABLE BEAMS,6800,314171.320783385,305877.345418138,39.1,AVG
370776:9072,116:116,07/16/23 19:04:13,STABLE BEAMS,6800,313987.293838122,306409.374528301,39.1,AVG
370776:9072,117:117,07/16/23 19:04:37,STABLE BEAMS,6800,313784.166040500,305799.550578761,39.1,AVG
370776:9072,118:118,07/16/23 19:05:00,STABLE BEAMS,6800,313780.410673994,305782.573241126,39.1,AVG
370776:9072,119:119,07/16/23 19:05:23,STABLE BEAMS,6800,313543.044004093,305466.330363000,39.0,AVG
370776:9072,120:120,07/16/23 19:05:47,STABLE BEAMS,6800,313189.445127660,304894.392886358,39.0,AVG
370776:9072,121:121,07/16/23 19:06:10,STABLE BEAMS,6800,313475.298217999,305845.751459543,39.0,AVG
370776:9072,122:122,07/16/23 19:06:33,STABLE BEAMS,6800,313287.560196710,304846.216958772,39.0,AVG
370776:9072,123:123,07/16/23 19:06:56,STABLE BEAMS,6800,312866.896208931,304963.773068409,38.9,AVG
370776:9072,124:124,07/16/23 19:07:20,STABLE BEAMS,6800,312579.539573343,304174.435169781,38.9,AVG
370776:9072,125:125,07/16/23 19:07:43,STABLE BEAMS,6800,313031.118316307,305460.053748070,39.0,AVG
370776:9072,126:126,07/16/23 19:08:06,STABLE BEAMS,6800,312913.312632188,305035.386139460,38.9,AVG
370776:9072,127:127,07/16/23 19:08:30,STABLE BEAMS,6800,312561.170679446,304692.385102470,38.9,AVG
370776:9072,128:128,07/16/23 19:08:53,STABLE BEAMS,6800,312640.821280405,304611.031586394,38.9,AVG
370776:9072,129:129,07/16/23 19:09:16,STABLE BEAMS,6800,312590.787024238,304300.489020239,38.9,AVG
370776:9072,130:130,07/16/23 19:09:40,STABLE BEAMS,6800,312215.786521553,304705.126839256,38.9,AVG
370776:9072,131:131,07/16/23 19:10:03,STABLE BEAMS,6800,311913.112373047,252197.388805584,38.8,AVG
370776:9072,132:132,07/16/23 19:10:26,STABLE BEAMS,6800,311822.396145270,172165.082039075,38.8,AVG
370776:9072,133:133,07/16/23 19:10:50,STABLE BEAMS,6800,311732.999307588,303526.744657784,38.8,AVG
370776:9072,134:134,07/16/23 19:11:13,STABLE BEAMS,6800,311586.327885763,303777.803915431,38.8,AVG
370776:9072,135:135,07/16/23 19:11:36,STABLE BEAMS,6800,311181.394011692,303139.146043239,38.7,AVG
370776:9072,136:136,07/16/23 19:11:59,STABLE BEAMS,6800,311252.373002841,303108.284470424,38.7,AVG
370776:9072,137:137,07/16/23 19:12:23,STABLE BEAMS,6800,311042.189032399,303700.065905252,38.7,AVG
370776:9072,138:138,07/16/23 19:12:46,STABLE BEAMS,6800,310865.971198120,303256.931648837,38.7,AVG
370776:9072,139:139,07/16/23 19:13:09,STABLE BEAMS,6800,310680.827666540,302438.331808995,38.7,AVG
370776:9072,140:140,07/16/23 19:13:33,STABLE BEAMS,6800,310902.599425252,303409.206288658,38.7,AVG
370776:9072,141:141,07/16/23 19:13:56,STABLE BEAMS,6800,311080.479318077,303015.021071482,38.7,AVG
370776:9072,142:142,07/16/23 19:14:19,STABLE BEAMS,6800,311054.096178341,303013.860004911,38.7,AVG
370776:9072,143:143,07/16/23 19:14:43,STABLE BEAMS,6800,310843.047377995,303105.612741865,38.7,AVG
370776:9072,144:144,07/16/23 19:15:06,STABLE BEAMS,6800,310816.093124172,302750.441647233,38.7,AVG
370776:9072,145:145,07/16/23 19:15:29,STABLE BEAMS,6800,310768.697648194,303466.130172609,38.7,AVG
370776:9072,146:146,07/16/23 19:15:53,STABLE BEAMS,6800,310328.410646605,302350.045337389,38.6,AVG
370776:9072,147:147,07/16/23 19:16:16,STABLE BEAMS,6800,310304.894732693,302165.434930272,38.6,AVG
370776:9072,148:148,07/16/23 19:16:39,STABLE BEAMS,6800,310099.400890996,302841.365394170,38.6,AVG
370776:9072,149:149,07/16/23 19:17:03,STABLE BEAMS,6800,310051.369030750,302395.343592371,38.6,AVG
370776:9072,150:150,07/16/23 19:17:26,STABLE BEAMS,6800,309699.338969748,302092.504580221,38.5,AVG
370776:9072,151:151,07/16/23 19:17:49,STABLE BEAMS,6800,309327.368868340,301739.568788394,38.5,AVG
370776:9072,152:152,07/16/23 19:18:12,STABLE BEAMS,6800,309216.777870339,301140.695222675,38.5,AVG
370776:9072,153:153,07/16/23 19:18:36,STABLE BEAMS,6800,309037.918924793,301117.565735071,38.5,AVG
370776:9072,154:154,07/16/23 19:18:59,STABLE BEAMS,6800,308919.635369704,301715.484280654,38.4,AVG
370776:9072,155:155,07/16/23 19:19:22,STABLE BEAMS,6800,308255.208234251,300217.060962408,38.4,AVG
370776:9072,156:156,07/16/23 19:19:46,STABLE BEAMS,6800,308430.631170964,301322.688248796,38.4,AVG
370776:9072,157:157,07/16/23 19:20:09,STABLE BEAMS,6800,308507.712924071,300530.141795613,38.4,AVG
370776:9072,158:158,07/16/23 19:20:32,STABLE BEAMS,6800,308373.515100120,301222.156617761,38.4,AVG
370776:9072,159:159,07/16/23 19:20:56,STABLE BEAMS,6800,307999.859629386,300534.109937094,38.3,AVG
370776:9072,160:160,07/16/23 19:21:19,STABLE BEAMS,6800,308182.613806113,300241.062656869,38.4,AVG
370776:9072,161:161,07/16/23 19:21:42,STABLE BEAMS,6800,308229.144452188,301034.333943248,38.4,AVG
370776:9072,162:162,07/16/23 19:22:06,STABLE BEAMS,6800,308257.122049212,300276.823975145,38.4,AVG
370776:9072,163:163,07/16/23 19:22:29,STABLE BEAMS,6800,308263.700351061,301061.988789216,38.4,AVG
370776:9072,164:164,07/16/23 19:22:52,STABLE BEAMS,6800,308308.226270138,299627.393269122,38.4,AVG
370776:9072,165:165,07/16/23 19:23:15,STABLE BEAMS,6800,307940.717851841,300838.377569653,38.3,AVG
370776:9072,166:166,07/16/23 19:23:39,STABLE BEAMS,6800,307903.998712671,299965.276506279,38.3,AVG
370776:9072,167:167,07/16/23 19:24:02,STABLE BEAMS,6800,307584.477864141,300509.069488624,38.3,AVG
370776:9072,168:168,07/16/23 19:24:25,STABLE BEAMS,6800,307444.522277763,299154.220106483,38.3,AVG
370776:9072,169:169,07/16/23 19:24:49,STABLE BEAMS,6800,307383.489996037,300305.969523797,38.3,AVG
370776:9072,170:170,07/16/23 19:25:12,STABLE BEAMS,6800,307079.174768685,299253.062490366,38.2,AVG
370776:9072,171:171,07/16/23 19:25:35,STABLE BEAMS,6800,306753.917137430,299751.236537286,38.2,AVG
370776:9072,172:172,07/16/23 19:25:59,STABLE BEAMS,6800,306266.964287247,298859.238883840,38.1,AVG
370776:9072,173:173,07/16/23 19:26:22,STABLE BEAMS,6800,306404.779944108,299054.786848547,38.1,AVG
370776:9072,174:174,07/16/23 19:26:45,STABLE BEAMS,6800,306077.016404104,298396.397100121,38.1,AVG
370776:9072,175:175,07/16/23 19:27:09,STABLE BEAMS,6800,305766.372300238,298123.435110346,38.1,AVG
370776:9072,176:176,07/16/23 19:27:32,STABLE BEAMS,6800,305008.545866339,298118.565811786,38.0,AVG
370776:9072,177:177,07/16/23 19:27:55,STABLE BEAMS,6800,305440.182237820,297767.389641638,38.0,AVG
370776:9072,178:178,07/16/23 19:28:19,STABLE BEAMS,6800,305339.311834686,298432.426281892,38.0,AVG
370776:9072,179:179,07/16/23 19:28:42,STABLE BEAMS,6800,305169.262032546,297845.561766060,38.0,AVG
370776:9072,180:180,07/16/23 19:29:05,STABLE BEAMS,6800,304950.884323265,297702.453753321,38.0,AVG
370776:9072,181:181,07/16/23 19:29:28,STABLE BEAMS,6800,304713.221606470,297057.533282357,37.9,AVG
370776:9072,182:182,07/16/23 19:29:52,STABLE BEAMS,6800,304409.430871647,296703.330573209,37.9,AVG
370776:9072,183:183,07/16/23 19:30:15,STABLE BEAMS,6800,304494.090959026,296862.369328733,37.9,AVG
370776:9072,184:184,07/16/23 19:30:38,STABLE BEAMS,6800,304566.755319501,297506.724175861,37.9,AVG
370776:9072,185:185,07/16/23 19:31:02,STABLE BEAMS,6800,304257.547159626,296548.926352165,37.9,AVG
370776:9072,186:186,07/16/23 19:31:25,STABLE BEAMS,6800,303861.627563815,296963.274537387,37.8,AVG
370776:9072,187:187,07/16/23 19:31:48,STABLE BEAMS,6800,303418.540937662,296271.618001514,37.8,AVG
370776:9072,188:188,07/16/23 19:32:12,STABLE BEAMS,6800,302567.538988795,295109.417652584,37.7,AVG
370776:9072,189:189,07/16/23 19:32:35,STABLE BEAMS,6800,302005.187423754,295302.083774791,37.6,AVG
370776:9072,190:190,07/16/23 19:32:58,STABLE BEAMS,6800,301762.223835802,293732.441776091,37.6,AVG
370776:9072,191:191,07/16/23 19:33:22,STABLE BEAMS,6800,301422.737305010,294087.859567101,37.5,AVG
370776:9072,192:192,07/16/23 19:33:45,STABLE BEAMS,6800,301457.817696412,294734.136112912,37.5,AVG
370776:9072,193:193,07/16/23 19:34:08,STABLE BEAMS,6800,301289.611776895,293979.739515732,37.5,AVG
370776:9072,194:194,07/16/23 19:34:32,STABLE BEAMS,6800,301406.757765966,294064.750436306,37.5,AVG
370776:9072,195:195,07/16/23 19:34:55,STABLE BEAMS,6800,301271.900246967,293870.139164483,37.5,AVG
370776:9072,196:196,07/16/23 19:35:18,STABLE BEAMS,6800,301189.629514443,294563.039734395,37.5,AVG
370776:9072,197:197,07/16/23 19:35:41,STABLE BEAMS,6800,301117.829983870,294100.003342946,37.5,AVG
370776:9072,198:198,07/16/23 19:36:05,STABLE BEAMS,6800,300867.901135136,293953.541810041,37.4,AVG
370776:9072,199:199,07/16/23 19:36:28,STABLE BEAMS,6800,300818.295797303,293555.522813961,37.4,AVG
370776:9072,200:200,07/16/23 19:36:51,STABLE BEAMS,6800,300709.527702225,293623.947922577,37.4,AVG
370776:9072,201:201,07/16/23 19:37:15,STABLE BEAMS,6800,300096.505496748,293243.212794318,37.3,AVG
370776:9072,202:202,07/16/23 19:37:38,STABLE BEAMS,6800,300179.731971214,293637.314442740,37.4,AVG
370776:9072,203:203,07/16/23 19:38:01,STABLE BEAMS,6800,300259.133146837,293422.435510128,37.4,AVG
370776:9072,204:204,07/16/23 19:38:25,STABLE BEAMS,6800,300255.422070811,293380.662292112,37.4,AVG
370776:9072,205:205,07/16/23 19:38:48,STABLE BEAMS,6800,299977.674138351,293125.136209017,37.3,AVG
370776:9072,206:206,07/16/23 19:39:11,STABLE BEAMS,6800,300034.039602110,292814.258910176,37.3,AVG
370776:9072,207:207,07/16/23 19:39:35,STABLE BEAMS,6800,300040.867329295,293591.678481876,37.3,AVG
370776:9072,208:208,07/16/23 19:39:58,STABLE BEAMS,6800,299936.766052184,292674.204606352,37.3,AVG
370776:9072,209:209,07/16/23 19:40:21,STABLE BEAMS,6800,299740.491623605,289929.081405364,37.3,AVG
370776:9072,210:210,07/16/23 19:40:44,STABLE BEAMS,6800,299617.359426471,292295.979172715,37.3,AVG
370776:9072,211:211,07/16/23 19:41:08,STABLE BEAMS,6800,299528.487081318,293082.366800012,37.3,AVG
370776:9072,212:212,07/16/23 19:41:31,STABLE BEAMS,6800,299666.188515362,292465.816739469,37.3,AVG
370776:9072,213:213,07/16/23 19:41:54,STABLE BEAMS,6800,299943.094928698,293480.947104525,37.3,AVG
370776:9072,214:214,07/16/23 19:42:18,STABLE BEAMS,6800,299768.993713157,292879.936249665,37.3,AVG
370776:9072,215:215,07/16/23 19:42:41,STABLE BEAMS,6800,299392.354462705,292573.285937187,37.3,AVG
370776:9072,216:216,07/16/23 19:43:04,STABLE BEAMS,6800,298592.755112736,291462.803053137,37.2,AVG
370776:9072,217:217,07/16/23 19:43:28,STABLE BEAMS,6800,298791.533118986,292365.112335177,37.2,AVG
370776:9072,218:218,07/16/23 19:43:51,STABLE BEAMS,6800,298756.179991469,291982.482885184,37.2,AVG
370776:9072,219:219,07/16/23 19:44:14,STABLE BEAMS,6800,298443.624403721,291366.387208238,37.1,AVG
370776:9072,220:220,07/16/23 19:44:38,STABLE BEAMS,6800,298193.033528861,291540.844635006,37.1,AVG
370776:9072,221:221,07/16/23 19:45:01,STABLE BEAMS,6800,298318.853458820,291243.706562888,37.1,AVG
370776:9072,222:222,07/16/23 19:45:24,STABLE BEAMS,6800,298734.941540670,291677.562964080,37.2,AVG
370776:9072,223:223,07/16/23 19:45:48,STABLE BEAMS,6800,298412.665358056,291116.659571936,37.1,AVG
370776:9072,224:224,07/16/23 19:46:11,STABLE BEAMS,6800,298474.014666377,292053.221694962,37.1,AVG
370776:9072,225:225,07/16/23 19:46:34,STABLE BEAMS,6800,297911.483608337,290678.607717441,37.1,AVG
370776:9072,226:226,07/16/23 19:46:57,STABLE BEAMS,6800,297863.018167600,291158.271543104,37.1,AVG
370776:9072,227:227,07/16/23 19:47:21,STABLE BEAMS,6800,298033.387327414,291650.037842149,37.1,AVG
370776:9072,228:228,07/16/23 19:47:44,STABLE BEAMS,6800,297981.574458805,290756.595054782,37.1,AVG
370776:9072,229:229,07/16/23 19:48:07,STABLE BEAMS,6800,297860.969150121,291447.039781409,37.1,AVG
370776:9072,230:230,07/16/23 19:48:31,STABLE BEAMS,6800,297477.821530156,290246.982280890,37.0,AVG
370776:9072,231:231,07/16/23 19:48:54,STABLE BEAMS,6800,297335.770304740,290880.073802490,37.0,AVG
370776:9072,232:232,07/16/23 19:49:17,STABLE BEAMS,6800,297158.459194923,290095.198893022,37.0,AVG
370776:9072,233:233,07/16/23 19:49:41,STABLE BEAMS,6800,296960.089127307,290671.559650540,37.0,AVG
370776:9072,234:234,07/16/23 19:50:04,STABLE BEAMS,6800,296780.843222828,290027.906695822,36.9,AVG
370776:9072,235:235,07/16/23 19:50:27,STABLE BEAMS,6800,296544.297092351,289794.034169990,36.9,AVG
370776:9072,236:236,07/16/23 19:50:51,STABLE BEAMS,6800,296333.087447630,289359.547783102,36.9,AVG
370776:9072,237:237,07/16/23 19:51:14,STABLE BEAMS,6800,296139.430819538,289882.537697297,36.9,AVG
370776:9072,238:238,07/16/23 19:51:37,STABLE BEAMS,6800,296272.740502808,289606.504234599,36.9,AVG
370776:9072,239:239,07/16/23 19:52:00,STABLE BEAMS,6800,295948.755640088,289267.243846659,36.8,AVG
370776:9072,240:240,07/16/23 19:52:24,STABLE BEAMS,6800,295487.253498480,288896.123952499,36.8,AVG
370776:9072,241:241,07/16/23 19:52:47,STABLE BEAMS,6800,295625.980606802,288592.272029124,36.8,AVG
370776:9072,242:242,07/16/23 19:53:10,STABLE BEAMS,6800,295502.209694323,289252.289969729,36.8,AVG
370776:9072,243:243,07/16/23 19:53:34,STABLE BEAMS,6800,295089.079750335,288433.202880996,36.7,AVG
370776:9072,244:244,07/16/23 19:53:57,STABLE BEAMS,6800,294480.018046219,287990.628411571,36.7,AVG
370776:9072,245:245,07/16/23 19:54:20,STABLE BEAMS,6800,294864.282252502,287931.696267120,36.7,AVG
370776:9072,246:246,07/16/23 19:54:44,STABLE BEAMS,6800,295078.494325565,288884.250096761,36.7,AVG
370776:9072,247:247,07/16/23 19:55:07,STABLE BEAMS,6800,294796.967715820,288269.514356222,36.7,AVG
370776:9072,248:248,07/16/23 19:55:30,STABLE BEAMS,6800,294832.936247904,287925.891006050,36.7,AVG
370776:9072,249:249,07/16/23 19:55:54,STABLE BEAMS,6800,294748.912544794,288585.773059635,36.7,AVG
370776:9072,250:250,07/16/23 19:56:17,STABLE BEAMS,6800,294883.198949706,287936.509133574,36.7,AVG
370776:9072,251:251,07/16/23 19:56:40,STABLE BEAMS,6800,294755.285711788,288033.518313281,36.7,AVG
370776:9072,252:252,07/16/23 19:57:04,STABLE BEAMS,6800,294793.028194159,287898.230324096,36.7,AVG
370776:9072,253:253,07/16/23 19:57:27,STABLE BEAMS,6800,294695.915488609,288190.287643075,36.7,AVG
370776:9072,254:254,07/16/23 19:57:50,STABLE BEAMS,6800,294273.568462582,287984.818650783,36.6,AVG
370776:9072,255:255,07/16/23 19:58:14,STABLE BEAMS,6800,294439.543540543,287932.740114796,36.6,AVG
370776:9072,256:256,07/16/23 19:58:37,STABLE BEAMS,6800,294768.398025008,287887.928816728,36.7,AVG
370776:9072,257:257,07/16/23 19:59:00,STABLE BEAMS,6800,294737.210533708,288569.379741669,36.7,AVG
370776:9072,258:258,07/16/23 19:59:23,STABLE BEAMS,6800,294553.251189704,287634.805810326,36.7,AVG
370776:9072,259:259,07/16/23 19:59:47,STABLE BEAMS,6800,294547.947987469,288405.339749792,36.7,AVG
370776:9072,260:260,07/16/23 20:00:10,STABLE BEAMS,6800,294186.560979753,141103.994838015,36.6,AVG
370776:9072,261:261,07/16/23 20:00:33,STABLE BEAMS,6800,294108.661018301,287432.541614571,36.6,AVG
370776:9072,262:262,07/16/23 20:00:57,STABLE BEAMS,6800,293869.180060740,287453.503528486,36.6,AVG
370776:9072,263:263,07/16/23 20:01:20,STABLE BEAMS,6800,293415.440408558,285042.002005905,36.5,AVG
370776:9072,264:264,07/16/23 20:01:43,STABLE BEAMS,6800,292808.721437738,259725.911344354,36.4,AVG
370776:9072,265:265,07/16/23 20:02:07,STABLE BEAMS,6800,292870.662839847,286379.792158192,36.5,AVG
370776:9072,266:266,07/16/23 20:02:30,STABLE BEAMS,6800,293622.778132877,287188.631650305,36.5,AVG
370776:9072,267:267,07/16/23 20:02:53,STABLE BEAMS,6800,292603.477021377,286138.115859975,36.4,AVG
370776:9072,268:268,07/16/23 20:03:16,STABLE BEAMS,6800,292245.029502900,285850.620379297,36.4,AVG
370776:9072,269:269,07/16/23 20:03:40,STABLE BEAMS,6800,291842.508294461,285775.123880707,36.3,AVG
370776:9072,270:270,07/16/23 20:04:03,STABLE BEAMS,6800,291607.896958645,284767.579367359,36.3,AVG
370776:9072,271:271,07/16/23 20:04:26,STABLE BEAMS,6800,292050.051153637,285700.920365553,36.3,AVG
370776:9072,272:272,07/16/23 20:04:50,STABLE BEAMS,6800,291705.876825176,285503.241974603,36.3,AVG
370776:9072,273:273,07/16/23 20:05:13,STABLE BEAMS,6800,291561.732291801,284807.082774618,36.3,AVG
370776:9072,274:274,07/16/23 20:05:36,STABLE BEAMS,6800,291335.384627161,284952.588130260,36.3,AVG
370776:9072,275:275,07/16/23 20:06:00,STABLE BEAMS,6800,290344.312869098,284100.197720690,36.1,AVG
370776:9072,276:276,07/16/23 20:06:23,STABLE BEAMS,6800,289586.871063054,283385.834019720,36.0,AVG
370776:9072,277:277,07/16/23 20:06:46,STABLE BEAMS,6800,289123.911997754,282842.488517305,36.0,AVG
370776:9072,278:278,07/16/23 20:07:10,STABLE BEAMS,6800,289109.911543853,282825.809977793,36.0,AVG
370776:9072,279:279,07/16/23 20:07:33,STABLE BEAMS,6800,288277.644468114,281626.699548577,35.9,AVG
370776:9072,280:280,07/16/23 20:07:56,STABLE BEAMS,6800,289123.774464158,282507.505301241,36.0,AVG
370776:9072,281:281,07/16/23 20:08:20,STABLE BEAMS,6800,288489.033605834,281652.719737117,35.9,AVG
370776:9072,282:282,07/16/23 20:08:43,STABLE BEAMS,6800,288024.867042179,282086.792261131,35.8,AVG
370776:9072,283:283,07/16/23 20:09:06,STABLE BEAMS,6800,287541.942294618,281039.508866160,35.8,AVG
370776:9072,284:284,07/16/23 20:09:29,STABLE BEAMS,6800,286936.477443711,281228.358737349,35.7,AVG
370776:9072,285:285,07/16/23 20:09:53,STABLE BEAMS,6800,287227.451912208,281078.507732889,35.7,AVG
370776:9072,286:286,07/16/23 20:10:16,STABLE BEAMS,6800,287156.995082509,280979.703266602,35.7,AVG
370776:9072,287:287,07/16/23 20:10:39,STABLE BEAMS,6800,286956.760152568,280835.961008939,35.7,AVG
370776:9072,288:288,07/16/23 20:11:03,STABLE BEAMS,6800,286212.248835666,279774.805866692,35.6,AVG
370776:9072,289:289,07/16/23 20:11:26,STABLE BEAMS,6800,286571.449292306,280825.092197867,35.7,AVG
370776:9072,290:290,07/16/23 20:11:49,STABLE BEAMS,6800,288448.491498898,281914.077502659,35.9,AVG
370776:9072,291:291,07/16/23 20:12:13,STABLE BEAMS,6800,288512.367695669,282718.738376238,35.9,AVG
370776:9072,292:292,07/16/23 20:12:36,STABLE BEAMS,6800,288567.229614179,282375.384595191,35.9,AVG
370776:9072,293:293,07/16/23 20:12:59,STABLE BEAMS,6800,288442.276845202,282279.897280045,35.9,AVG
370776:9072,294:294,07/16/23 20:13:23,STABLE BEAMS,6800,288361.393104031,281729.867395321,35.9,AVG
370776:9072,295:295,07/16/23 20:13:46,STABLE BEAMS,6800,288137.278612024,282347.912958652,35.9,AVG
370776:9072,296:296,07/16/23 20:14:09,STABLE BEAMS,6800,288125.280554044,281697.864084024,35.9,AVG
370776:9072,297:297,07/16/23 20:14:33,STABLE BEAMS,6800,288285.383646761,282067.598770206,35.9,AVG
370776:9072,298:298,07/16/23 20:14:56,STABLE BEAMS,6800,287092.503481171,281023.041275019,35.7,AVG
370776:9072,299:299,07/16/23 20:15:19,STABLE BEAMS,6800,287495.845229033,281685.362034731,35.8,AVG
370776:9072,300:300,07/16/23 20:15:42,STABLE BEAMS,6800,287355.889642655,281173.581642278,35.8,AVG
370776:9072,301:301,07/16/23 20:16:06,STABLE BEAMS,6800,287152.670932994,280988.404603873,35.7,AVG
370776:9072,302:302,07/16/23 20:16:29,STABLE BEAMS,6800,287551.753801522,281089.198336716,35.8,AVG
370776:9072,303:303,07/16/23 20:16:52,STABLE BEAMS,6800,287781.651697813,281629.317441403,35.8,AVG
370776:9072,304:304,07/16/23 20:17:16,STABLE BEAMS,6800,287690.434288286,281570.784148065,35.8,AVG
370776:9072,305:305,07/16/23 20:17:39,STABLE BEAMS,6800,287159.067410767,281382.637809386,35.7,AVG
370776:9072,306:306,07/16/23 20:18:02,STABLE BEAMS,6800,287291.694088210,281116.231911022,35.8,AVG
370776:9072,307:307,07/16/23 20:18:26,STABLE BEAMS,6800,287221.213947732,280535.602256487,35.7,AVG
370776:9072,308:308,07/16/23 20:18:49,STABLE BEAMS,6800,287028.513061582,281016.280760576,35.7,AVG
370776:9072,309:309,07/16/23 20:19:12,STABLE BEAMS,6800,286418.131967373,280733.954594975,35.6,AVG
370776:9072,310:310,07/16/23 20:19:36,STABLE BEAMS,6800,286703.255430326,280575.713355276,35.7,AVG
370776:9072,311:311,07/16/23 20:19:59,STABLE BEAMS,6800,286702.026952270,280684.793017008,35.7,AVG
370776:9072,312:312,07/16/23 20:20:22,STABLE BEAMS,6800,287474.674379494,280966.763107391,35.8,AVG
370776:9072,313:313,07/16/23 20:20:46,STABLE BEAMS,6800,286444.538417888,280406.826865816,35.7,AVG
370776:9072,314:314,07/16/23 20:21:09,STABLE BEAMS,6800,285418.477180461,279775.945231151,35.5,AVG
370776:9072,315:315,07/16/23 20:21:32,STABLE BEAMS,6800,284717.832087588,278801.406441501,35.4,AVG
370776:9072,316:316,07/16/23 20:21:55,STABLE BEAMS,6800,283909.171837800,277673.986627734,35.3,AVG
370776:9072,317:317,07/16/23 20:22:19,STABLE BEAMS,6800,283744.290035376,278135.545369169,35.3,AVG
370776:9072,318:318,07/16/23 20:22:42,STABLE BEAMS,6800,283522.494965886,277179.295263758,35.3,AVG
370776:9072,319:319,07/16/23 20:23:05,STABLE BEAMS,6800,283029.008104334,277142.986874725,35.2,AVG
370776:9072,320:320,07/16/23 20:23:29,STABLE BEAMS,6800,283073.422131670,277455.977833794,35.2,AVG
370776:9072,321:321,07/16/23 20:23:52,STABLE BEAMS,6800,282877.532330945,276535.491745683,35.2,AVG
370776:9072,322:322,07/16/23 20:24:15,STABLE BEAMS,6800,282692.549643741,276722.604647827,35.2,AVG
370776:9072,323:323,07/16/23 20:24:39,STABLE BEAMS,6800,282324.176395542,276812.580159846,35.1,AVG
370776:9072,324:324,07/16/23 20:25:02,STABLE BEAMS,6800,281908.472941546,275675.867724624,35.1,AVG
370776:9072,325:325,07/16/23 20:25:25,STABLE BEAMS,6800,281797.725761326,275939.096599427,35.1,AVG
370776:9072,326:326,07/16/23 20:25:49,STABLE BEAMS,6800,281389.854729093,275960.308155318,35.0,AVG
370775:9072,1:1,07/16/23 17:11:41,STABLE BEAMS,6800,362898.133630314,350762.086842327,45.2,AVG
370775:9072,2:2,07/16/23 17:12:04,STABLE BEAMS,6800,363113.212864359,352870.719389195,45.2,AVG
370775:9072,3:3,07/16/23 17:12:27,STABLE BEAMS,6800,363575.784970726,353051.274991342,45.3,AVG
370775:9072,4:4,07/16/23 17:12:50,STABLE BEAMS,6800,363497.703185198,353514.704335074,45.2,AVG
370775:9072,5:5,07/16/23 17:13:14,STABLE BEAMS,6800,363867.876025540,252658.330508105,45.3,AVG
370775:9072,6:6,07/16/23 17:13:37,STABLE BEAMS,6800,363573.213791796,352883.310617712,45.3,AVG
370775:9072,7:7,07/16/23 17:14:00,STABLE BEAMS,6800,363802.701418375,354036.669068184,45.3,AVG
370775:9072,8:8,07/16/23 17:14:24,STABLE BEAMS,6800,363736.275022375,351904.946710434,45.3,AVG
370775:9072,9:9,07/16/23 17:14:47,STABLE BEAMS,6800,363543.870183119,353316.194580385,45.2,AVG
370775:9072,10:10,07/16/23 17:15:10,STABLE BEAMS,6800,363300.039434187,334149.660350866,45.2,AVG
370775:9072,11:11,07/16/23 17:15:34,STABLE BEAMS,6800,363447.326260578,289780.678718159,45.2,AVG
370775:9072,12:12,07/16/23 17:15:57,STABLE BEAMS,6800,363058.873107300,350460.910541819,45.2,AVG
370775:9072,13:13,07/16/23 17:16:20,STABLE BEAMS,6800,362729.585042345,352639.472770091,45.1,AVG
370775:9072,14:14,07/16/23 17:16:44,STABLE BEAMS,6800,362089.904629939,351270.622432696,45.1,AVG
370775:9072,15:15,07/16/23 17:17:07,STABLE BEAMS,6800,361800.433706691,351063.494540072,45.0,AVG
370775:9072,16:16,07/16/23 17:17:30,STABLE BEAMS,6800,360823.588517087,272600.926850447,44.9,AVG
370775:9072,17:17,07/16/23 17:17:54,STABLE BEAMS,6800,360332.992192138,351043.156696685,44.8,AVG
370775:9072,18:18,07/16/23 17:18:17,STABLE BEAMS,6800,361340.477069734,350943.945032884,45.0,AVG
370775:9072,19:19,07/16/23 17:18:40,STABLE BEAMS,6800,361179.760903527,351688.163706868,45.0,AVG
370775:9072,20:20,07/16/23 17:19:03,STABLE BEAMS,6800,359954.122100129,350059.763952097,44.8,AVG
370775:9072,21:21,07/16/23 17:19:27,STABLE BEAMS,6800,360267.157889926,350458.419879819,44.8,AVG
370775:9072,22:22,07/16/23 17:19:50,STABLE BEAMS,6800,361202.136920344,350852.634449578,45.0,AVG
370775:9072,23:23,07/16/23 17:20:13,STABLE BEAMS,6800,361224.081687748,351852.017808274,45.0,AVG
370775:9072,24:24,07/16/23 17:20:37,STABLE BEAMS,6800,361594.163616052,351225.282869235,45.0,AVG
370775:9072,25:25,07/16/23 17:21:00,STABLE BEAMS,6800,361515.741493149,351762.518276494,45.0,AVG
370775:9072,26:26,07/16/23 17:21:23,STABLE BEAMS,6800,361479.339380574,351991.082016203,45.0,AVG
370775:9072,27:27,07/16/23 17:21:47,STABLE BEAMS,6800,361412.754471277,351234.435499321,45.0,AVG
370775:9072,28:28,07/16/23 17:22:10,STABLE BEAMS,6800,361933.535924027,351662.252845561,45.0,AVG
370775:9072,29:29,07/16/23 17:22:33,STABLE BEAMS,6800,361228.704215235,351396.830796114,45.0,AVG
370775:9072,30:30,07/16/23 17:22:57,STABLE BEAMS,6800,360132.458884224,350403.429332645,44.8,AVG
370775:9072,31:31,07/16/23 17:23:20,STABLE BEAMS,6800,360338.955089420,350412.200553746,44.8,AVG
370775:9072,32:32,07/16/23 17:23:43,STABLE BEAMS,6800,359209.794938382,349831.084458596,44.7,AVG
370775:9072,33:33,07/16/23 17:24:07,STABLE BEAMS,6800,358734.063897237,344841.690405322,44.6,AVG
370775:9072,34:34,07/16/23 17:24:30,STABLE BEAMS,6800,359245.010532303,349096.185910466,44.7,AVG
370775:9072,35:35,07/16/23 17:24:53,STABLE BEAMS,6800,359635.899661993,350370.426670461,44.8,AVG
370775:9072,36:36,07/16/23 17:25:16,STABLE BEAMS,6800,359272.738703991,349072.335332600,44.7,AVG
370775:9072,37:37,07/16/23 17:25:40,STABLE BEAMS,6800,358863.683484182,349098.332550421,44.7,AVG
370775:9072,38:38,07/16/23 17:26:03,STABLE BEAMS,6800,359020.667594661,346466.878291251,44.7,AVG
370775:9072,39:39,07/16/23 17:26:26,STABLE BEAMS,6800,359165.518444641,349448.717147107,44.7,AVG
370775:9072,40:40,07/16/23 17:26:50,STABLE BEAMS,6800,359052.309646153,349422.896453511,44.7,AVG
370775:9072,41:41,07/16/23 17:27:13,STABLE BEAMS,6800,359119.966851287,183488.236934644,44.7,AVG
370775:9072,42:42,07/16/23 17:27:36,STABLE BEAMS,6800,359439.350166220,318726.263144273,44.7,AVG
370775:9072,43:43,07/16/23 17:28:00,STABLE BEAMS,6800,359611.905877110,349859.312118168,44.8,AVG
370775:9072,44:44,07/16/23 17:28:23,STABLE BEAMS,6800,358277.135330480,309440.903531308,44.6,AVG
370775:9072,45:45,07/16/23 17:28:46,STABLE BEAMS,6800,357617.081297178,27524.671697384,44.5,AVG
370775:9072,46:46,07/16/23 17:29:10,STABLE BEAMS,6800,357047.333221942,310116.473678268,44.4,AVG
370775:9072,47:47,07/16/23 17:29:33,STABLE BEAMS,6800,357578.837633057,347986.978620670,44.5,AVG
370775:9072,48:48,07/16/23 17:29:56,STABLE BEAMS,6800,357179.344494818,347302.587650271,44.5,AVG
370775:9072,49:49,07/16/23 17:30:19,STABLE BEAMS,6800,356596.710220919,347175.264062148,44.4,AVG
370775:9072,50:50,07/16/23 17:30:43,STABLE BEAMS,6800,355905.627209615,346519.040780603,44.3,AVG
370775:9072,51:51,07/16/23 17:31:06,STABLE BEAMS,6800,356212.560237454,344239.227239136,44.3,AVG
370775:9072,52:52,07/16/23 17:31:29,STABLE BEAMS,6800,356105.134843250,346766.847913138,44.3,AVG
370775:9072,53:53,07/16/23 17:31:53,STABLE BEAMS,6800,355553.347723277,346401.131203466,44.3,AVG
370775:9072,54:54,07/16/23 17:32:16,STABLE BEAMS,6800,354998.693377480,345708.222011364,44.2,AVG
370775:9072,55:55,07/16/23 17:32:39,STABLE BEAMS,6800,356141.991516016,346229.467640252,44.3,AVG
370775:9072,56:56,07/16/23 17:33:03,STABLE BEAMS,6800,357065.317487984,347758.098269637,44.4,AVG
370775:9072,57:57,07/16/23 17:33:26,STABLE BEAMS,6800,356462.013546296,346606.865838802,44.4,AVG
370775:9072,58:58,07/16/23 17:33:49,STABLE BEAMS,6800,356338.538680710,346828.283634066,44.3,AVG
370775:9072,59:59,07/16/23 17:34:13,STABLE BEAMS,6800,355111.421973920,345791.545253790,44.2,AVG
370775:9072,60:60,07/16/23 17:34:36,STABLE BEAMS,6800,354686.615660703,119984.241721700,44.1,AVG
370775:9072,61:61,07/16/23 17:34:59,STABLE BEAMS,6800,355411.366430198,346060.272064762,44.2,AVG
370775:9072,62:62,07/16/23 17:35:23,STABLE BEAMS,6800,355382.910962204,346502.799629675,44.2,AVG
370775:9072,63:63,07/16/23 17:35:46,STABLE BEAMS,6800,355252.447525057,345899.197883643,44.2,AVG
370775:9072,64:64,07/16/23 17:36:09,STABLE BEAMS,6800,355217.346153954,345883.995961934,44.2,AVG
370775:9072,65:65,07/16/23 17:36:32,STABLE BEAMS,6800,355200.340940632,345853.193707931,44.2,AVG
370775:9072,66:66,07/16/23 17:36:56,STABLE BEAMS,6800,355238.449402234,344679.850575757,44.2,AVG
370775:9072,67:67,07/16/23 17:37:19,STABLE BEAMS,6800,354762.489915454,345573.113644234,44.2,AVG
370775:9072,68:68,07/16/23 17:37:42,STABLE BEAMS,6800,354642.907949971,344952.499658625,44.1,AVG
370775:9072,69:69,07/16/23 17:38:06,STABLE BEAMS,6800,354207.446279647,345459.355983765,44.1,AVG
370775:9072,70:70,07/16/23 17:38:29,STABLE BEAMS,6800,353956.037196443,344799.241661115,44.1,AVG
370775:9072,71:71,07/16/23 17:38:52,STABLE BEAMS,6800,352513.249161820,343026.641099465,43.9,AVG
370775:9072,72:72,07/16/23 17:39:16,STABLE BEAMS,6800,350576.088456041,341804.266757476,43.6,AVG
370775:9072,73:73,07/16/23 17:39:39,STABLE BEAMS,6800,350697.171635695,342191.372289433,43.6,AVG
370775:9072,74:74,07/16/23 17:40:02,STABLE BEAMS,6800,350211.675709203,341528.196296530,43.6,AVG
370775:9072,75:75,07/16/23 17:40:26,STABLE BEAMS,6800,350416.577457112,341044.777832081,43.6,AVG
370775:9072,76:76,07/16/23 17:40:49,STABLE BEAMS,6800,350485.234694667,341912.830982991,43.6,AVG
370775:9072,77:77,07/16/23 17:41:12,STABLE BEAMS,6800,350246.366810595,295182.306147528,43.6,AVG
370775:9072,78:78,07/16/23 17:41:35,STABLE BEAMS,6800,350475.833457474,167469.703293400,43.6,AVG
370775:9072,79:79,07/16/23 17:41:59,STABLE BEAMS,6800,349164.124264564,339890.605712388,43.5,AVG
370775:9072,80:80,07/16/23 17:42:22,STABLE BEAMS,6800,347964.323128673,338771.791758073,43.3,AVG
370775:9072,81:81,07/16/23 17:42:45,STABLE BEAMS,6800,349481.572784836,340664.617548915,43.5,AVG
370775:9072,82:82,07/16/23 17:43:09,STABLE BEAMS,6800,349629.973866467,337789.587713314,43.5,AVG
370775:9072,83:83,07/16/23 17:43:32,STABLE BEAMS,6800,350089.109964001,340967.762260919,43.6,AVG
370775:9072,84:84,07/16/23 17:43:55,STABLE BEAMS,6800,349842.481921581,341018.516424904,43.5,AVG
370775:9072,85:85,07/16/23 17:44:19,STABLE BEAMS,6800,349729.524879506,340855.833517930,43.5,AVG
370775:9072,86:86,07/16/23 17:44:42,STABLE BEAMS,6800,349490.906420771,340544.300729792,43.5,AVG
370775:9072,87:87,07/16/23 17:45:05,STABLE BEAMS,6800,349290.624869271,339974.709632880,43.5,AVG
370775:9072,88:88,07/16/23 17:45:29,STABLE BEAMS,6800,349252.108469036,340312.896012064,43.5,AVG
370775:9072,89:89,07/16/23 17:45:52,STABLE BEAMS,6800,349457.693222771,339716.119148360,43.5,AVG
370775:9072,90:90,07/16/23 17:46:15,STABLE BEAMS,6800,349585.949129140,340687.708987160,43.5,AVG
370775:9072,91:91,07/16/23 17:46:39,STABLE BEAMS,6800,349689.525913723,340522.106880453,43.5,AVG
370775:9072,92:92,07/16/23 17:47:02,STABLE BEAMS,6800,349746.551072529,340992.433301355,43.5,AVG
370775:9072,93:93,07/16/23 17:47:25,STABLE BEAMS,6800,349566.645473004,340763.248946996,43.5,AVG
370775:9072,94:94,07/16/23 17:47:48,STABLE BEAMS,6800,349477.090122024,341121.884777345,43.5,AVG
370775:9072,95:95,07/16/23 17:48:12,STABLE BEAMS,6800,349397.299656391,340683.935320530,43.5,AVG
370775:9072,96:96,07/16/23 17:48:35,STABLE BEAMS,6800,349199.703506639,339973.243399106,43.5,AVG
370775:9072,97:97,07/16/23 17:48:58,STABLE BEAMS,6800,348914.761867761,340614.295451816,43.4,AVG
370775:9072,98:98,07/16/23 17:49:22,STABLE BEAMS,6800,348980.687082012,340385.989952798,43.4,AVG
370775:9072,99:99,07/16/23 17:49:45,STABLE BEAMS,6800,348651.674084250,340033.520949421,43.4,AVG
370775:9072,100:100,07/16/23 17:50:08,STABLE BEAMS,6800,348204.876382070,339225.773783278,43.3,AVG
370775:9072,101:101,07/16/23 17:50:32,STABLE BEAMS,6800,347716.487587898,336387.841861786,43.3,AVG
370775:9072,102:102,07/16/23 17:50:55,STABLE BEAMS,6800,347374.497479435,338744.611422742,43.2,AVG
370775:9072,103:103,07/16/23 17:51:18,STABLE BEAMS,6800,347777.951119036,337749.349435530,43.3,AVG
370775:9072,104:104,07/16/23 17:51:42,STABLE BEAMS,6800,347584.728071436,338754.345527852,43.3,AVG
370775:9072,105:105,07/16/23 17:52:05,STABLE BEAMS,6800,347013.408849691,338782.442794295,43.2,AVG
370775:9072,106:106,07/16/23 17:52:28,STABLE BEAMS,6800,346982.904364217,338352.896365641,43.2,AVG
370775:9072,107:107,07/16/23 17:52:52,STABLE BEAMS,6800,347250.204405505,338430.722635926,43.2,AVG
370775:9072,108:108,07/16/23 17:53:15,STABLE BEAMS,6800,347095.155089687,337074.750863097,43.2,AVG
370775:9072,109:109,07/16/23 17:53:38,STABLE BEAMS,6800,346873.658398168,246150.655860989,43.2,AVG
370775:9072,110:110,07/16/23 17:54:01,STABLE BEAMS,6800,346861.774563005,239226.423345931,43.2,AVG
370775:9072,111:111,07/16/23 17:54:25,STABLE BEAMS,6800,346590.217973462,338433.715520872,43.1,AVG
370775:9072,112:112,07/16/23 17:54:48,STABLE BEAMS,6800,346332.274878888,337105.978608429,43.1,AVG
370775:9072,113:113,07/16/23 17:55:11,STABLE BEAMS,6800,345862.506735026,337427.845654655,43.0,AVG
370775:9072,114:114,07/16/23 17:55:35,STABLE BEAMS,6800,345873.956989699,336960.592120407,43.0,AVG
370775:9072,115:115,07/16/23 17:55:58,STABLE BEAMS,6800,345639.849166711,293660.298235074,43.0,AVG
370775:9072,116:116,07/16/23 17:56:21,STABLE BEAMS,6800,345149.388044280,330273.456046440,43.0,AVG
370775:9072,117:117,07/16/23 17:56:45,STABLE BEAMS,6800,344719.709778240,336701.469864648,42.9,AVG
370775:9072,118:118,07/16/23 17:57:08,STABLE BEAMS,6800,345291.735316590,336370.518141861,43.0,AVG
370775:9072,119:119,07/16/23 17:57:31,STABLE BEAMS,6800,345139.054375924,337146.127805079,43.0,AVG
370775:9072,120:120,07/16/23 17:57:55,STABLE BEAMS,6800,345368.017509975,336941.786847814,43.0,AVG
370775:9072,121:121,07/16/23 17:58:18,STABLE BEAMS,6800,345126.214798820,336744.824085716,43.0,AVG
370775:9072,122:122,07/16/23 17:58:41,STABLE BEAMS,6800,345007.087393528,336439.157752212,42.9,AVG
370775:9072,123:123,07/16/23 17:59:05,STABLE BEAMS,6800,344903.713412724,336495.997660284,42.9,AVG
370775:9072,124:124,07/16/23 17:59:28,STABLE BEAMS,6800,344432.057095758,335467.873096503,42.9,AVG
370775:9072,125:125,07/16/23 17:59:51,STABLE BEAMS,6800,344700.336189766,336813.311566970,42.9,AVG
370775:9072,126:126,07/16/23 18:00:14,STABLE BEAMS,6800,344842.615860816,335920.447685831,42.9,AVG
370775:9072,127:127,07/16/23 18:00:38,STABLE BEAMS,6800,344776.688315488,336807.490566790,42.9,AVG
370775:9072,128:128,07/16/23 18:01:01,STABLE BEAMS,6800,344606.500979751,335145.921253635,42.9,AVG
370775:9072,129:129,07/16/23 18:01:24,STABLE BEAMS,6800,344228.498048724,336420.959265666,42.8,AVG
370775:9072,130:130,07/16/23 18:01:48,STABLE BEAMS,6800,344109.009326357,335306.215605264,42.8,AVG
370775:9072,131:131,07/16/23 18:02:11,STABLE BEAMS,6800,344261.963003137,336387.108545209,42.8,AVG
370775:9072,132:132,07/16/23 18:02:34,STABLE BEAMS,6800,344115.564317428,335422.127220764,42.8,AVG
370775:9072,133:133,07/16/23 18:02:58,STABLE BEAMS,6800,343905.060989312,335410.258501202,42.8,AVG
370775:9072,134:134,07/16/23 18:03:21,STABLE BEAMS,6800,343757.753183219,333148.107906718,42.8,AVG
370775:9072,135:135,07/16/23 18:03:44,STABLE BEAMS,6800,343474.016711619,334596.971520073,42.7,AVG
370775:9072,136:136,07/16/23 18:04:08,STABLE BEAMS,6800,343225.521475797,334972.324396193,42.7,AVG
370775:9072,137:137,07/16/23 18:04:31,STABLE BEAMS,6800,342391.317274318,259562.889310294,42.6,AVG
370775:9072,138:138,07/16/23 18:04:54,STABLE BEAMS,6800,341267.255190660,228315.553798667,42.5,AVG
370775:9072,139:139,07/16/23 18:05:17,STABLE BEAMS,6800,340061.628691082,332037.818281916,42.3,AVG
370775:9072,140:140,07/16/23 18:05:41,STABLE BEAMS,6800,340033.082311049,332386.288565410,42.3,AVG
370775:9072,141:141,07/16/23 18:06:04,STABLE BEAMS,6800,339569.848178556,328553.638346040,42.3,AVG
370775:9072,142:142,07/16/23 18:06:27,STABLE BEAMS,6800,338979.043476598,328580.415052043,42.2,AVG
370775:9072,143:143,07/16/23 18:06:51,STABLE BEAMS,6800,338469.644677262,327446.322337615,42.1,AVG
370775:9072,144:144,07/16/23 18:07:14,STABLE BEAMS,6800,338282.156081309,327994.817676978,42.1,AVG
370775:9072,145:145,07/16/23 18:07:37,STABLE BEAMS,6800,337810.180406671,327298.482615576,42.0,AVG
370775:9072,146:146,07/16/23 18:08:01,STABLE BEAMS,6800,337171.525668543,326610.773976446,42.0,AVG
370775:9072,147:147,07/16/23 18:08:24,STABLE BEAMS,6800,336329.787423273,325849.786090930,41.9,AVG
370775:9072,148:148,07/16/23 18:08:47,STABLE BEAMS,6800,335886.835999638,267235.129472982,41.8,AVG
370775:9072,149:149,07/16/23 18:09:11,STABLE BEAMS,6800,335585.481241227,233706.475321852,41.8,AVG
370775:9072,150:150,07/16/23 18:09:34,STABLE BEAMS,6800,335206.247501066,324798.319411648,41.7,AVG
370775:9072,151:151,07/16/23 18:09:57,STABLE BEAMS,6800,334809.987567881,323718.223678604,41.7,AVG
370775:9072,152:152,07/16/23 18:10:21,STABLE BEAMS,6800,334862.208375124,129875.165303299,41.7,AVG
370775:9072,153:153,07/16/23 18:10:44,STABLE BEAMS,6800,334466.267799612,323056.612179653,41.6,AVG
370775:9072,154:154,07/16/23 18:11:07,STABLE BEAMS,6800,334142.739828162,314834.044952154,41.6,AVG
370775:9072,155:155,07/16/23 18:11:30,STABLE BEAMS,6800,334746.771066157,324292.373491855,41.7,AVG
370775:9072,156:156,07/16/23 18:11:54,STABLE BEAMS,6800,334760.543074424,324482.616853726,41.7,AVG
370775:9072,157:157,07/16/23 18:12:17,STABLE BEAMS,6800,334841.016545883,120600.429597659,41.7,AVG
370775:9072,158:158,07/16/23 18:12:40,STABLE BEAMS,6800,334759.564021703,324525.346719020,41.7,AVG
370775:9072,159:159,07/16/23 18:13:04,STABLE BEAMS,6800,334666.320905477,324271.443815898,41.7,AVG
370775:9072,160:160,07/16/23 18:13:27,STABLE BEAMS,6800,334448.829005800,322820.513924550,41.6,AVG
370775:9072,161:161,07/16/23 18:13:50,STABLE BEAMS,6800,333938.451153743,324044.690894364,41.6,AVG
370775:9072,162:162,07/16/23 18:14:14,STABLE BEAMS,6800,333990.103177977,322593.239519172,41.6,AVG
370775:9072,163:163,07/16/23 18:14:37,STABLE BEAMS,6800,334121.158708912,318625.646790555,41.6,AVG
370775:9072,164:164,07/16/23 18:15:00,STABLE BEAMS,6800,334073.490496819,323128.254224240,41.6,AVG
370775:9072,165:165,07/16/23 18:15:24,STABLE BEAMS,6800,333716.635104551,318261.603560764,41.5,AVG
370775:9072,166:166,07/16/23 18:15:47,STABLE BEAMS,6800,333586.945585270,116086.762594158,41.5,AVG
370775:9072,167:167,07/16/23 18:16:10,STABLE BEAMS,6800,333350.900636542,323811.506518749,41.5,AVG
370775:9072,168:168,07/16/23 18:16:33,STABLE BEAMS,6800,333273.525167619,149583.774856645,41.5,AVG
370774:9072,1:1,07/16/23 16:07:34,STABLE BEAMS,6800,403435.100538921,381811.585472648,50.2,AVG
370774:9072,2:2,07/16/23 16:07:57,STABLE BEAMS,6800,403334.572804239,391348.723550018,50.2,AVG
370774:9072,3:3,07/16/23 16:08:20,STABLE BEAMS,6800,402352.060764247,390080.013260791,50.1,AVG
370774:9072,4:4,07/16/23 16:08:44,STABLE BEAMS,6800,402506.858323650,390289.889859693,50.1,AVG
370774:9072,5:5,07/16/23 16:09:07,STABLE BEAMS,6800,402768.967054442,273515.559007691,50.1,AVG
370774:9072,6:6,07/16/23 16:09:30,STABLE BEAMS,6800,402529.486096881,390307.719877100,50.1,AVG
370774:9072,7:7,07/16/23 16:09:53,STABLE BEAMS,6800,402150.776849248,389362.427829770,50.1,AVG
370774:9072,8:8,07/16/23 16:10:17,STABLE BEAMS,6800,402329.887551208,384122.061126862,50.1,AVG
370774:9072,9:9,07/16/23 16:10:40,STABLE BEAMS,6800,402434.375787252,121207.490041275,50.1,AVG
370774:9072,10:10,07/16/23 16:11:03,STABLE BEAMS,6800,402121.046281639,376199.229346321,50.0,AVG
370774:9072,11:11,07/16/23 16:11:27,STABLE BEAMS,6800,401853.245058602,301848.081856404,50.0,AVG
370774:9072,12:12,07/16/23 16:11:50,STABLE BEAMS,6800,401782.676337164,383671.493283427,50.0,AVG
370774:9072,13:13,07/16/23 16:12:13,STABLE BEAMS,6800,401405.834282933,384305.708632054,50.0,AVG
370774:9072,14:14,07/16/23 16:12:37,STABLE BEAMS,6800,401023.027000342,383228.358274610,49.9,AVG
370774:9072,15:15,07/16/23 16:13:00,STABLE BEAMS,6800,400649.052171936,388432.193238893,49.9,AVG
370774:9072,16:16,07/16/23 16:13:23,STABLE BEAMS,6800,400505.045172157,306017.269326261,49.8,AVG
370774:9072,17:17,07/16/23 16:13:47,STABLE BEAMS,6800,400041.286547136,388070.726916967,49.8,AVG
370774:9072,18:18,07/16/23 16:14:10,STABLE BEAMS,6800,399344.970265934,387879.281421115,49.7,AVG
370774:9072,19:19,07/16/23 16:14:33,STABLE BEAMS,6800,399554.949101521,382187.767943932,49.7,AVG
370774:9072,20:20,07/16/23 16:14:56,STABLE BEAMS,6800,399923.322349720,387564.280199740,49.8,AVG
370774:9072,21:21,07/16/23 16:15:20,STABLE BEAMS,6800,399667.724319519,388172.928780559,49.7,AVG
370774:9072,22:22,07/16/23 16:15:43,STABLE BEAMS,6800,399625.517822959,386678.737467428,49.7,AVG
370774:9072,23:23,07/16/23 16:16:06,STABLE BEAMS,6800,399459.018252469,386915.724299597,49.7,AVG
370774:9072,24:24,07/16/23 16:16:30,STABLE BEAMS,6800,399093.421318055,387821.419303211,49.7,AVG
370774:9072,25:25,07/16/23 16:16:53,STABLE BEAMS,6800,399403.338125614,387428.560922229,49.7,AVG
370774:9072,26:26,07/16/23 16:17:16,STABLE BEAMS,6800,398959.521872076,278254.656049435,49.7,AVG
370774:9072,27:27,07/16/23 16:17:40,STABLE BEAMS,6800,398180.794993674,251539.498095174,49.6,AVG
370774:9072,28:28,07/16/23 16:18:03,STABLE BEAMS,6800,397487.938032084,385759.926322645,49.5,AVG
370774:9072,29:29,07/16/23 16:18:26,STABLE BEAMS,6800,396552.182752723,385015.580693338,49.4,AVG
370774:9072,30:30,07/16/23 16:18:50,STABLE BEAMS,6800,395840.292540033,384311.512064751,49.3,AVG
370774:9072,31:31,07/16/23 16:19:13,STABLE BEAMS,6800,395184.905324699,383815.289222018,49.2,AVG
370774:9072,32:32,07/16/23 16:19:36,STABLE BEAMS,6800,395172.156659633,383640.334740552,49.2,AVG
370774:9072,33:33,07/16/23 16:20:00,STABLE BEAMS,6800,394815.075152809,382789.355795735,49.1,AVG
370774:9072,34:34,07/16/23 16:20:23,STABLE BEAMS,6800,393765.633203988,382658.168777044,49.0,AVG
370774:9072,35:35,07/16/23 16:20:46,STABLE BEAMS,6800,392870.035403708,381114.053094269,48.9,AVG
370774:9072,36:36,07/16/23 16:21:09,STABLE BEAMS,6800,392847.225806401,381199.832055093,48.9,AVG
370774:9072,37:37,07/16/23 16:21:33,STABLE BEAMS,6800,392904.866369775,381661.340447842,48.9,AVG
370774:9072,38:38,07/16/23 16:21:56,STABLE BEAMS,6800,392589.487846683,381211.728979630,48.9,AVG
370774:9072,39:39,07/16/23 16:22:19,STABLE BEAMS,6800,392359.610930093,381057.749778699,48.8,AVG
370774:9072,40:40,07/16/23 16:22:43,STABLE BEAMS,6800,392066.906801790,379727.693365433,48.8,AVG
370774:9072,41:41,07/16/23 16:23:06,STABLE BEAMS,6800,391503.305778991,379160.743668059,48.7,AVG
370774:9072,42:42,07/16/23 16:23:29,STABLE BEAMS,6800,391407.374929939,380845.031525976,48.7,AVG
370774:9072,43:43,07/16/23 16:23:53,STABLE BEAMS,6800,391080.933111107,379949.494361626,48.7,AVG
370774:9072,44:44,07/16/23 16:24:16,STABLE BEAMS,6800,390572.422452453,378361.535811308,48.6,AVG
370774:9072,45:45,07/16/23 16:24:39,STABLE BEAMS,6800,390258.272407418,378711.412813043,48.6,AVG
370774:9072,46:46,07/16/23 16:25:03,STABLE BEAMS,6800,389043.244670646,378667.696278496,48.4,AVG
370774:9072,47:47,07/16/23 16:25:26,STABLE BEAMS,6800,389011.374173520,377559.986249717,48.4,AVG
370774:9072,48:48,07/16/23 16:25:49,STABLE BEAMS,6800,389196.948954512,378885.377201384,48.4,AVG
370774:9072,49:49,07/16/23 16:26:12,STABLE BEAMS,6800,388770.799940421,377974.619041981,48.4,AVG
370774:9072,50:50,07/16/23 16:26:36,STABLE BEAMS,6800,388283.504421787,377684.450236437,48.3,AVG
370774:9072,51:51,07/16/23 16:26:59,STABLE BEAMS,6800,388577.712095339,377844.913851851,48.4,AVG
370774:9072,52:52,07/16/23 16:27:22,STABLE BEAMS,6800,388859.763197613,377911.771127117,48.4,AVG
370774:9072,53:53,07/16/23 16:27:46,STABLE BEAMS,6800,389219.940375896,378370.726452873,48.4,AVG
370774:9072,54:54,07/16/23 16:28:09,STABLE BEAMS,6800,389061.501672803,378307.421463427,48.4,AVG
370774:9072,55:55,07/16/23 16:28:32,STABLE BEAMS,6800,389185.202652946,378008.780526530,48.4,AVG
370774:9072,56:56,07/16/23 16:28:56,STABLE BEAMS,6800,389018.658791975,378312.896112298,48.4,AVG
370774:9072,57:57,07/16/23 16:29:19,STABLE BEAMS,6800,389216.662880361,330265.515957755,48.4,AVG
370774:9072,58:58,07/16/23 16:29:42,STABLE BEAMS,6800,389056.037626193,194866.250126191,48.4,AVG
370774:9072,59:59,07/16/23 16:30:06,STABLE BEAMS,6800,389010.917282251,377384.434211743,48.4,AVG
370774:9072,60:60,07/16/23 16:30:29,STABLE BEAMS,6800,388882.162525209,377736.635561187,48.4,AVG
370774:9072,61:61,07/16/23 16:30:52,STABLE BEAMS,6800,388678.011384386,378481.490735430,48.4,AVG
370774:9072,62:62,07/16/23 16:31:16,STABLE BEAMS,6800,388600.384159049,377733.158522286,48.4,AVG
370774:9072,63:63,07/16/23 16:31:39,STABLE BEAMS,6800,388263.972320015,377440.393551315,48.3,AVG
370774:9072,64:64,07/16/23 16:32:02,STABLE BEAMS,6800,388055.403786561,376593.775708942,48.3,AVG
370774:9072,65:65,07/16/23 16:32:25,STABLE BEAMS,6800,387619.555157305,196309.564773709,48.2,AVG
370774:9072,66:66,07/16/23 16:32:49,STABLE BEAMS,6800,387261.653111058,297037.549347739,48.2,AVG
370774:9072,67:67,07/16/23 16:33:12,STABLE BEAMS,6800,387344.744383005,376605.355232641,48.2,AVG
370774:9072,68:68,07/16/23 16:33:35,STABLE BEAMS,6800,387175.694613286,376397.528252239,48.2,AVG
370774:9072,69:69,07/16/23 16:33:59,STABLE BEAMS,6800,386927.744849694,370783.825254722,48.2,AVG
370774:9072,70:70,07/16/23 16:34:22,STABLE BEAMS,6800,386419.143279001,376262.979744698,48.1,AVG
370774:9072,71:71,07/16/23 16:34:45,STABLE BEAMS,6800,386288.428085441,375235.352521137,48.1,AVG
370774:9072,72:72,07/16/23 16:35:09,STABLE BEAMS,6800,386279.959279410,375841.098371166,48.1,AVG
370774:9072,73:73,07/16/23 16:35:32,STABLE BEAMS,6800,385787.747517472,375785.420794674,48.0,AVG
370774:9072,74:74,07/16/23 16:35:55,STABLE BEAMS,6800,385361.097321631,374790.309431575,48.0,AVG
370774:9072,75:75,07/16/23 16:36:19,STABLE BEAMS,6800,385399.250073713,374934.053319339,48.0,AVG
370774:9072,76:76,07/16/23 16:36:42,STABLE BEAMS,6800,385428.661283649,369774.124501960,48.0,AVG
370774:9072,77:77,07/16/23 16:37:05,STABLE BEAMS,6800,384925.794164605,374117.316787903,47.9,AVG
370774:9072,78:78,07/16/23 16:37:29,STABLE BEAMS,6800,384211.265171725,374380.818682061,47.8,AVG
370774:9072,79:79,07/16/23 16:37:52,STABLE BEAMS,6800,384358.414464521,373568.267077259,47.8,AVG
370774:9072,80:80,07/16/23 16:38:15,STABLE BEAMS,6800,384208.987708611,366664.041484016,47.8,AVG
370774:9072,81:81,07/16/23 16:38:39,STABLE BEAMS,6800,383510.622409930,373286.828221722,47.7,AVG
370774:9072,82:82,07/16/23 16:39:02,STABLE BEAMS,6800,383221.240067642,373227.933957138,47.7,AVG
370774:9072,83:83,07/16/23 16:39:25,STABLE BEAMS,6800,383551.325361241,370781.390509388,47.7,AVG
370774:9072,84:84,07/16/23 16:39:48,STABLE BEAMS,6800,383155.314853392,369810.553263742,47.7,AVG
370774:9072,85:85,07/16/23 16:40:12,STABLE BEAMS,6800,383315.940107560,370856.663169198,47.7,AVG
370774:9072,86:86,07/16/23 16:40:35,STABLE BEAMS,6800,382629.638137041,369336.395660022,47.6,AVG
370774:9072,87:87,07/16/23 16:40:58,STABLE BEAMS,6800,383177.077796720,370738.654403476,47.7,AVG
370774:9072,88:88,07/16/23 16:41:22,STABLE BEAMS,6800,383353.274651297,370574.293104324,47.7,AVG
370774:9072,89:89,07/16/23 16:41:45,STABLE BEAMS,6800,383507.752853028,370878.557643668,47.7,AVG
370774:9072,90:90,07/16/23 16:42:08,STABLE BEAMS,6800,383412.325516804,370819.464115397,47.7,AVG
370774:9072,91:91,07/16/23 16:42:32,STABLE BEAMS,6800,383309.338494931,370290.458519072,47.7,AVG
370774:9072,92:92,07/16/23 16:42:55,STABLE BEAMS,6800,383079.508199900,369789.031521901,47.7,AVG
370774:9072,93:93,07/16/23 16:43:18,STABLE BEAMS,6800,382807.019179195,369753.856043783,47.6,AVG
370774:9072,94:94,07/16/23 16:43:41,STABLE BEAMS,6800,382727.252024341,370233.911405145,47.6,AVG
370774:9072,95:95,07/16/23 16:44:05,STABLE BEAMS,6800,382412.920155229,370093.620744435,47.6,AVG
370774:9072,96:96,07/16/23 16:44:28,STABLE BEAMS,6800,381934.913982048,370019.996247642,47.5,AVG
370774:9072,97:97,07/16/23 16:44:51,STABLE BEAMS,6800,382027.336558852,369025.125438860,47.5,AVG
370774:9072,98:98,07/16/23 16:45:15,STABLE BEAMS,6800,381858.174897393,369762.608178354,47.5,AVG
370774:9072,99:99,07/16/23 16:45:38,STABLE BEAMS,6800,381462.096788285,369074.373025317,47.5,AVG
370774:9072,100:100,07/16/23 16:46:01,STABLE BEAMS,6800,380881.807578760,368757.832461313,47.4,AVG
370774:9072,101:101,07/16/23 16:46:25,STABLE BEAMS,6800,380824.146035685,367981.865731085,47.4,AVG
370774:9072,102:102,07/16/23 16:46:48,STABLE BEAMS,6800,381451.192005843,369712.294696895,47.5,AVG
370774:9072,103:103,07/16/23 16:47:11,STABLE BEAMS,6800,381363.594760304,368514.059423936,47.5,AVG
370774:9072,104:104,07/16/23 16:47:35,STABLE BEAMS,6800,381275.654846312,369634.461833094,47.5,AVG
370774:9072,105:105,07/16/23 16:47:58,STABLE BEAMS,6800,380950.737552431,368203.307515552,47.4,AVG
370774:9072,106:106,07/16/23 16:48:21,STABLE BEAMS,6800,380832.430686562,368706.996941527,47.4,AVG
370774:9072,107:107,07/16/23 16:48:45,STABLE BEAMS,6800,380231.313295949,365558.344483715,47.3,AVG
370774:9072,108:108,07/16/23 16:49:08,STABLE BEAMS,6800,380465.285916419,368311.487669986,47.4,AVG
370774:9072,109:109,07/16/23 16:49:31,STABLE BEAMS,6800,380382.879981376,368353.712531991,47.3,AVG
370774:9072,110:110,07/16/23 16:49:54,STABLE BEAMS,6800,380277.776340765,367596.690372185,47.3,AVG
370774:9072,111:111,07/16/23 16:50:18,STABLE BEAMS,6800,379039.505426196,366952.910866802,47.2,AVG
370774:9072,112:112,07/16/23 16:50:41,STABLE BEAMS,6800,379117.358766090,361037.510219191,47.2,AVG
370774:9072,113:113,07/16/23 16:51:04,STABLE BEAMS,6800,379928.639147444,367981.467330760,47.3,AVG
370774:9072,114:114,07/16/23 16:51:28,STABLE BEAMS,6800,378933.651178500,367502.555101588,47.2,AVG
370774:9072,115:115,07/16/23 16:51:51,STABLE BEAMS,6800,378468.573163384,336272.072666696,47.1,AVG
370774:9072,116:116,07/16/23 16:52:14,STABLE BEAMS,6800,378035.046287721,127086.842372201,47.1,AVG
370774:9072,117:117,07/16/23 16:52:38,STABLE BEAMS,6800,377489.473821445,365674.079677348,47.0,AVG
370774:9072,118:118,07/16/23 16:53:01,STABLE BEAMS,6800,376127.751352070,363964.533219617,46.8,AVG
370774:9072,119:119,07/16/23 16:53:24,STABLE BEAMS,6800,375835.296649102,364793.652139790,46.8,AVG
370774:9072,120:120,07/16/23 16:53:48,STABLE BEAMS,6800,375923.896258141,364507.079559195,46.8,AVG
370774:9072,121:121,07/16/23 16:54:11,STABLE BEAMS,6800,375578.036560355,364165.165847455,46.7,AVG
370774:9072,122:122,07/16/23 16:54:34,STABLE BEAMS,6800,375472.979541302,363451.347837583,46.7,AVG
370774:9072,123:123,07/16/23 16:54:58,STABLE BEAMS,6800,375460.822970024,363040.885096931,46.7,AVG
370774:9072,124:124,07/16/23 16:55:21,STABLE BEAMS,6800,375226.393458285,362844.390831745,46.7,AVG
370774:9072,125:125,07/16/23 16:55:44,STABLE BEAMS,6800,375276.702781645,359198.111003124,46.7,AVG
370774:9072,126:126,07/16/23 16:56:08,STABLE BEAMS,6800,375042.207999724,363124.967459653,46.7,AVG
370774:9072,127:127,07/16/23 16:56:31,STABLE BEAMS,6800,374812.650440808,363826.692293539,46.6,AVG
370774:9072,128:128,07/16/23 16:56:54,STABLE BEAMS,6800,374795.531004668,361486.719089417,46.6,AVG
370774:9072,129:129,07/16/23 16:57:17,STABLE BEAMS,6800,374299.176917292,360268.919582754,46.6,AVG
370774:9072,130:130,07/16/23 16:57:41,STABLE BEAMS,6800,374202.882420087,271620.175400636,46.6,AVG
370774:9072,131:131,07/16/23 16:58:04,STABLE BEAMS,6800,374006.927349181,178669.059270911,46.5,AVG
370774:9072,132:132,07/16/23 16:58:27,STABLE BEAMS,6800,373849.465367731,361939.233654384,46.5,AVG
370774:9072,133:133,07/16/23 16:58:51,STABLE BEAMS,6800,373223.556963591,361823.451776346,46.5,AVG
370774:9072,134:134,07/16/23 16:59:14,STABLE BEAMS,6800,372970.096531830,361692.184831062,46.4,AVG
370774:9072,135:135,07/16/23 16:59:37,STABLE BEAMS,6800,372741.860694086,360990.802433908,46.4,AVG
370774:9072,136:136,07/16/23 17:00:01,STABLE BEAMS,6800,372375.217105693,357889.868638121,46.3,AVG
370774:9072,137:137,07/16/23 17:00:24,STABLE BEAMS,6800,371981.780107852,359965.568894731,46.3,AVG
370774:9072,138:138,07/16/23 17:00:47,STABLE BEAMS,6800,371916.171920197,360184.363693792,46.3,AVG
370774:9072,139:139,07/16/23 17:01:11,STABLE BEAMS,6800,372196.106403733,128555.594240092,46.3,AVG
370774:9072,140:140,07/16/23 17:01:34,STABLE BEAMS,6800,371688.413953423,360076.054610100,46.3,AVG
370774:9072,141:141,07/16/23 17:01:57,STABLE BEAMS,6800,371352.661809436,360776.173184249,46.2,AVG
370774:9072,142:142,07/16/23 17:02:20,STABLE BEAMS,6800,371775.579949550,360388.596687812,46.3,AVG
370774:9072,143:143,07/16/23 17:02:44,STABLE BEAMS,6800,371767.703237307,217197.470520487,46.3,AVG
370774:9072,144:144,07/16/23 17:03:07,STABLE BEAMS,6800,371545.658742480,247394.633975297,46.2,AVG
370774:9072,145:145,07/16/23 17:03:30,STABLE BEAMS,6800,371443.788306925,360763.722041213,46.2,AVG
370774:9072,146:146,07/16/23 17:03:54,STABLE BEAMS,6800,371343.442396319,210727.629800507,46.2,AVG
370774:9072,147:147,07/16/23 17:04:17,STABLE BEAMS,6800,371121.512124310,230131.915624429,46.2,AVG
370774:9072,148:148,07/16/23 17:04:40,STABLE BEAMS,6800,371205.421604603,360607.355069015,46.2,AVG
370774:9072,149:149,07/16/23 17:05:04,STABLE BEAMS,6800,371054.106675590,359245.448504875,46.2,AVG
370774:9072,150:150,07/16/23 17:05:27,STABLE BEAMS,6800,370504.890734547,359973.700994553,46.1,AVG
370774:9072,151:151,07/16/23 17:05:50,STABLE BEAMS,6800,370395.075985489,358909.605526066,46.1,AVG
370774:9072,152:152,07/16/23 17:06:14,STABLE BEAMS,6800,370227.210403346,358786.817338422,46.1,AVG
370774:9072,153:153,07/16/23 17:06:37,STABLE BEAMS,6800,369551.561458855,359227.515599480,46.0,AVG
370774:9072,154:154,07/16/23 17:07:00,STABLE BEAMS,6800,368719.795564866,358007.778114779,45.9,AVG
370774:9072,155:155,07/16/23 17:07:23,STABLE BEAMS,6800,368108.934268608,351896.570005626,45.8,AVG
370774:9072,156:156,07/16/23 17:07:47,STABLE BEAMS,6800,367416.053996238,356879.655695894,45.7,AVG
370774:9072,157:157,07/16/23 17:08:10,STABLE BEAMS,6800,366227.658824539,355520.100355771,45.6,AVG
370774:9072,158:158,07/16/23 17:08:33,STABLE BEAMS,6800,365610.265847989,200755.391925695,45.5,AVG
370774:9072,159:159,07/16/23 17:08:57,STABLE BEAMS,6800,365736.607939398,145342.035366095,45.5,AVG
370753:9070,1:1,07/16/23 03:18:43,STABLE BEAMS,6800,332007.411858544,303554.340274255,41.3,AVG
370753:9070,2:2,07/16/23 03:19:06,STABLE BEAMS,6800,332954.367967242,322798.357271427,41.4,AVG
370753:9070,3:3,07/16/23 03:19:30,STABLE BEAMS,6800,332824.769359998,322641.029417689,41.4,AVG
370753:9070,4:4,07/16/23 03:19:53,STABLE BEAMS,6800,332770.727980911,322598.756024635,41.4,AVG
370753:9070,5:5,07/16/23 03:20:16,STABLE BEAMS,6800,332610.214618483,247671.834480078,41.4,AVG
370753:9070,6:6,07/16/23 03:20:40,STABLE BEAMS,6800,332446.903962568,322898.920868763,41.4,AVG
370753:9070,7:7,07/16/23 03:21:03,STABLE BEAMS,6800,332072.633087267,322075.833762665,41.3,AVG
370753:9070,8:8,07/16/23 03:21:26,STABLE BEAMS,6800,332050.119536854,322046.069505602,41.3,AVG
370753:9070,9:9,07/16/23 03:21:49,STABLE BEAMS,6800,332130.227029082,321749.132004660,41.3,AVG
370753:9070,10:10,07/16/23 03:22:13,STABLE BEAMS,6800,331749.741500085,273218.891766415,41.3,AVG
370753:9070,11:11,07/16/23 03:22:36,STABLE BEAMS,6800,331473.336268499,289787.149394425,41.3,AVG
370753:9070,12:12,07/16/23 03:22:59,STABLE BEAMS,6800,331371.990325472,321043.645906149,41.2,AVG
370753:9070,13:13,07/16/23 03:23:23,STABLE BEAMS,6800,331463.002600143,321890.699883568,41.3,AVG
370753:9070,14:14,07/16/23 03:23:46,STABLE BEAMS,6800,331246.534043667,320899.837515646,41.2,AVG
370753:9070,15:15,07/16/23 03:24:09,STABLE BEAMS,6800,330896.371176067,321376.652757335,41.2,AVG
370753:9070,16:16,07/16/23 03:24:33,STABLE BEAMS,6800,330498.062225403,233686.385246147,41.1,AVG
370753:9070,17:17,07/16/23 03:24:56,STABLE BEAMS,6800,330265.910176777,320664.428355138,41.1,AVG
370753:9070,18:18,07/16/23 03:25:19,STABLE BEAMS,6800,330671.596989013,320678.951381866,41.2,AVG
370753:9070,19:19,07/16/23 03:25:43,STABLE BEAMS,6800,330583.179204051,320455.117814069,41.1,AVG
370753:9070,20:20,07/16/23 03:26:06,STABLE BEAMS,6800,330224.685064016,320330.266846218,41.1,AVG
370753:9070,21:21,07/16/23 03:26:29,STABLE BEAMS,6800,329800.811181961,319850.997411481,41.0,AVG
370753:9070,22:22,07/16/23 03:26:53,STABLE BEAMS,6800,329717.834132830,320338.378436693,41.0,AVG
370753:9070,23:23,07/16/23 03:27:16,STABLE BEAMS,6800,330245.331421026,318157.958242287,41.1,AVG
370753:9070,24:24,07/16/23 03:27:39,STABLE BEAMS,6800,330277.430363787,320784.956198448,41.1,AVG
370753:9070,25:25,07/16/23 03:28:02,STABLE BEAMS,6800,330069.477234900,319703.081510664,41.1,AVG
370753:9070,26:26,07/16/23 03:28:26,STABLE BEAMS,6800,329895.443620619,320069.858775152,41.1,AVG
370753:9070,27:27,07/16/23 03:28:49,STABLE BEAMS,6800,329321.140619155,319996.736311069,41.0,AVG
370753:9070,28:28,07/16/23 03:29:12,STABLE BEAMS,6800,328769.992214528,319109.606370448,40.9,AVG
370753:9070,29:29,07/16/23 03:29:36,STABLE BEAMS,6800,327967.294862023,318444.026463697,40.8,AVG
370753:9070,30:30,07/16/23 03:29:59,STABLE BEAMS,6800,327510.298694006,318080.726060275,40.8,AVG
370753:9070,31:31,07/16/23 03:30:22,STABLE BEAMS,6800,327215.202879772,316837.105228080,40.7,AVG
370753:9070,32:32,07/16/23 03:30:46,STABLE BEAMS,6800,326809.632621432,317638.131865963,40.7,AVG
370753:9070,33:33,07/16/23 03:31:09,STABLE BEAMS,6800,326225.998315112,316639.561613270,40.6,AVG
370753:9070,34:34,07/16/23 03:31:32,STABLE BEAMS,6800,326056.790032095,316135.728452663,40.6,AVG
370753:9070,35:35,07/16/23 03:31:56,STABLE BEAMS,6800,326460.129448879,316017.305035992,40.6,AVG
370753:9070,36:36,07/16/23 03:32:19,STABLE BEAMS,6800,326086.133640772,315944.528928845,40.6,AVG
370753:9070,37:37,07/16/23 03:32:42,STABLE BEAMS,6800,325747.989810853,316069.802723970,40.5,AVG
370753:9070,38:38,07/16/23 03:33:05,STABLE BEAMS,6800,325832.605607751,315781.136838376,40.6,AVG
370753:9070,39:39,07/16/23 03:33:29,STABLE BEAMS,6800,325834.200065039,316581.274037394,40.6,AVG
370753:9070,40:40,07/16/23 03:33:52,STABLE BEAMS,6800,325809.523274329,315814.845972166,40.6,AVG
370753:9070,41:41,07/16/23 03:34:15,STABLE BEAMS,6800,325766.999751174,316175.984607592,40.5,AVG
370753:9070,42:42,07/16/23 03:34:39,STABLE BEAMS,6800,325594.877620775,315752.976332652,40.5,AVG
370753:9070,43:43,07/16/23 03:35:02,STABLE BEAMS,6800,325453.875380417,316574.774992792,40.5,AVG
370753:9070,44:44,07/16/23 03:35:25,STABLE BEAMS,6800,325096.905765333,315573.079492427,40.5,AVG
370753:9070,45:45,07/16/23 03:35:49,STABLE BEAMS,6800,325072.979581709,316368.298407100,40.5,AVG
370753:9070,46:46,07/16/23 03:36:12,STABLE BEAMS,6800,324936.779361836,315561.545776857,40.4,AVG
370753:9070,47:47,07/16/23 03:36:35,STABLE BEAMS,6800,324701.282216416,315303.562364618,40.4,AVG
370753:9070,48:48,07/16/23 03:36:59,STABLE BEAMS,6800,324116.396121261,315022.233880999,40.3,AVG
370753:9070,49:49,07/16/23 03:37:22,STABLE BEAMS,6800,324211.436498553,315165.429218817,40.4,AVG
370753:9070,50:50,07/16/23 03:37:45,STABLE BEAMS,6800,325346.153939318,316603.897587150,40.5,AVG
370753:9070,51:51,07/16/23 03:38:09,STABLE BEAMS,6800,324292.000882051,315327.711641603,40.4,AVG
370753:9070,52:52,07/16/23 03:38:32,STABLE BEAMS,6800,324000.138272871,314630.312437330,40.3,AVG
370753:9070,53:53,07/16/23 03:38:55,STABLE BEAMS,6800,323333.093336931,314709.384933609,40.2,AVG
370753:9070,54:54,07/16/23 03:39:18,STABLE BEAMS,6800,322461.694456389,313502.029171640,40.1,AVG
370753:9070,55:55,07/16/23 03:39:42,STABLE BEAMS,6800,322234.596184663,312671.019482082,40.1,AVG
370753:9070,56:56,07/16/23 03:40:05,STABLE BEAMS,6800,321808.810818726,312617.913562293,40.1,AVG
370753:9070,57:57,07/16/23 03:40:28,STABLE BEAMS,6800,321537.664498894,312932.302402802,40.0,AVG
370753:9070,58:58,07/16/23 03:40:52,STABLE BEAMS,6800,321056.765458032,312211.441438011,40.0,AVG
370753:9070,59:59,07/16/23 03:41:15,STABLE BEAMS,6800,321037.983963346,311637.533318555,40.0,AVG
370753:9070,60:60,07/16/23 03:41:38,STABLE BEAMS,6800,320927.213472347,312404.898698995,39.9,AVG
370753:9070,61:61,07/16/23 03:42:02,STABLE BEAMS,6800,320471.240647531,311707.816128448,39.9,AVG
370753:9070,62:62,07/16/23 03:42:25,STABLE BEAMS,6800,320156.339995410,311294.584748448,39.8,AVG
370753:9070,63:63,07/16/23 03:42:48,STABLE BEAMS,6800,319636.446683342,310930.079545244,39.8,AVG
370753:9070,64:64,07/16/23 03:43:12,STABLE BEAMS,6800,320451.186384308,311561.854419403,39.9,AVG
370753:9070,65:65,07/16/23 03:43:35,STABLE BEAMS,6800,319658.232937449,310943.453441615,39.8,AVG
370753:9070,66:66,07/16/23 03:43:58,STABLE BEAMS,6800,319283.733616513,310040.405256500,39.7,AVG
370753:9070,67:67,07/16/23 03:44:22,STABLE BEAMS,6800,319081.062710161,303212.107377294,39.7,AVG
370753:9070,68:68,07/16/23 03:44:45,STABLE BEAMS,6800,319219.127792358,237500.815831658,39.7,AVG
370753:9070,69:69,07/16/23 03:45:08,STABLE BEAMS,6800,319090.510568913,298227.631357752,39.7,AVG
370753:9070,70:70,07/16/23 03:45:31,STABLE BEAMS,6800,318863.298074369,310599.776152849,39.7,AVG
370753:9070,71:71,07/16/23 03:45:55,STABLE BEAMS,6800,318823.322419365,310131.274636460,39.7,AVG
370753:9070,72:72,07/16/23 03:46:18,STABLE BEAMS,6800,318254.122147437,309586.424474697,39.6,AVG
370753:9070,73:73,07/16/23 03:46:41,STABLE BEAMS,6800,317868.151592128,302432.100846457,39.6,AVG
370753:9070,74:74,07/16/23 03:47:05,STABLE BEAMS,6800,317244.131361092,154301.743098872,39.5,AVG
370753:9070,75:75,07/16/23 03:47:28,STABLE BEAMS,6800,317018.695147912,308524.067081912,39.5,AVG
370753:9070,76:76,07/16/23 03:47:51,STABLE BEAMS,6800,317326.516316434,308872.240533279,39.5,AVG
370753:9070,77:77,07/16/23 03:48:15,STABLE BEAMS,6800,316971.800853684,308182.031953743,39.5,AVG
370753:9070,78:78,07/16/23 03:48:38,STABLE BEAMS,6800,316263.600737319,308334.722484393,39.4,AVG
370753:9070,79:79,07/16/23 03:49:01,STABLE BEAMS,6800,316662.044890501,308151.410185731,39.4,AVG
370753:9070,80:80,07/16/23 03:49:24,STABLE BEAMS,6800,317186.516439575,308234.552980658,39.5,AVG
370753:9070,81:81,07/16/23 03:49:48,STABLE BEAMS,6800,317168.963422945,309106.146501302,39.5,AVG
370753:9070,82:82,07/16/23 03:50:11,STABLE BEAMS,6800,317331.751917410,308862.044905212,39.5,AVG
370753:9070,83:83,07/16/23 03:50:34,STABLE BEAMS,6800,317453.520433968,308987.617031533,39.5,AVG
370753:9070,84:84,07/16/23 03:50:58,STABLE BEAMS,6800,317399.203987688,308929.525825297,39.5,AVG
370753:9070,85:85,07/16/23 03:51:21,STABLE BEAMS,6800,317518.398994239,308977.042009051,39.5,AVG
370753:9070,86:86,07/16/23 03:51:44,STABLE BEAMS,6800,317292.391666973,308839.357181151,39.5,AVG
370753:9070,87:87,07/16/23 03:52:08,STABLE BEAMS,6800,316979.859390004,308526.076941299,39.5,AVG
370753:9070,88:88,07/16/23 03:52:31,STABLE BEAMS,6800,316835.670566149,308468.992882839,39.4,AVG
370753:9070,89:89,07/16/23 03:52:54,STABLE BEAMS,6800,316511.389656535,307741.665520174,39.4,AVG
370753:9070,90:90,07/16/23 03:53:18,STABLE BEAMS,6800,316520.793224807,308136.078092171,39.4,AVG
370753:9070,91:91,07/16/23 03:53:41,STABLE BEAMS,6800,316896.360179423,308777.002495498,39.4,AVG
370753:9070,92:92,07/16/23 03:54:04,STABLE BEAMS,6800,316771.246566070,308271.941569279,39.4,AVG
370753:9070,93:93,07/16/23 03:54:28,STABLE BEAMS,6800,316731.932937191,307705.841556882,39.4,AVG
370753:9070,94:94,07/16/23 03:54:51,STABLE BEAMS,6800,316254.038655750,307980.916084451,39.4,AVG
370753:9070,95:95,07/16/23 03:55:14,STABLE BEAMS,6800,316198.994913163,307920.740012362,39.4,AVG
370753:9070,96:96,07/16/23 03:55:37,STABLE BEAMS,6800,316410.635807297,308472.395193494,39.4,AVG
370753:9070,97:97,07/16/23 03:56:01,STABLE BEAMS,6800,316223.284744940,307465.381263594,39.4,AVG
370753:9070,98:98,07/16/23 03:56:24,STABLE BEAMS,6800,316149.459507668,308137.411258442,39.3,AVG
370753:9070,99:99,07/16/23 03:56:47,STABLE BEAMS,6800,315802.459912786,306985.154554196,39.3,AVG
370753:9070,100:100,07/16/23 03:57:11,STABLE BEAMS,6800,315611.602909259,307035.277963294,39.3,AVG
370753:9070,101:101,07/16/23 03:57:34,STABLE BEAMS,6800,315535.115581018,307687.391456659,39.3,AVG
370753:9070,102:102,07/16/23 03:57:57,STABLE BEAMS,6800,315582.009875246,306378.132352142,39.3,AVG
370753:9070,103:103,07/16/23 03:58:21,STABLE BEAMS,6800,315206.191164217,306950.629373265,39.2,AVG
370753:9070,104:104,07/16/23 03:58:44,STABLE BEAMS,6800,314953.803028292,306261.873669513,39.2,AVG
370753:9070,105:105,07/16/23 03:59:07,STABLE BEAMS,6800,315100.632963414,307319.620867502,39.2,AVG
370753:9070,106:106,07/16/23 03:59:31,STABLE BEAMS,6800,314992.389360865,306793.174319911,39.2,AVG
370753:9070,107:107,07/16/23 03:59:54,STABLE BEAMS,6800,314691.829500019,306041.410871827,39.2,AVG
370753:9070,108:108,07/16/23 04:00:17,STABLE BEAMS,6800,314624.561584895,306597.796907754,39.2,AVG
370753:9070,109:109,07/16/23 04:00:41,STABLE BEAMS,6800,314633.209883925,306400.408482475,39.2,AVG
370753:9070,110:110,07/16/23 04:01:04,STABLE BEAMS,6800,314555.107118696,306750.333621880,39.1,AVG
370753:9070,111:111,07/16/23 04:01:27,STABLE BEAMS,6800,313997.991154631,305506.193183677,39.1,AVG
370753:9070,112:112,07/16/23 04:01:50,STABLE BEAMS,6800,313906.615231806,306192.154145573,39.1,AVG
370753:9070,113:113,07/16/23 04:02:14,STABLE BEAMS,6800,314062.485087047,305420.448098968,39.1,AVG
370753:9070,114:114,07/16/23 04:02:37,STABLE BEAMS,6800,314017.159608249,305959.335158825,39.1,AVG
370753:9070,115:115,07/16/23 04:03:00,STABLE BEAMS,6800,313624.086258561,305817.628732717,39.0,AVG
370753:9070,116:116,07/16/23 04:03:24,STABLE BEAMS,6800,313756.780537264,305610.462238750,39.1,AVG
370753:9070,117:117,07/16/23 04:03:47,STABLE BEAMS,6800,313788.877148947,268276.918010987,39.1,AVG
370753:9070,118:118,07/16/23 04:04:10,STABLE BEAMS,6800,313375.977981672,305511.963969471,39.0,AVG
370753:9070,119:119,07/16/23 04:04:34,STABLE BEAMS,6800,312965.078879239,304681.949561040,39.0,AVG
370753:9070,120:120,07/16/23 04:04:57,STABLE BEAMS,6800,312957.407301852,304442.384487955,39.0,AVG
370753:9070,121:121,07/16/23 04:05:20,STABLE BEAMS,6800,313160.966348886,305449.076698805,39.0,AVG
370753:9070,122:122,07/16/23 04:05:44,STABLE BEAMS,6800,313032.826996412,304671.327831992,39.0,AVG
370753:9070,123:123,07/16/23 04:06:07,STABLE BEAMS,6800,312948.779982523,304909.812340511,38.9,AVG
370753:9070,124:124,07/16/23 04:06:30,STABLE BEAMS,6800,312954.675278546,304443.427800207,39.0,AVG
370753:9070,125:125,07/16/23 04:06:54,STABLE BEAMS,6800,312380.738256314,304767.934791161,38.9,AVG
370753:9070,126:126,07/16/23 04:07:17,STABLE BEAMS,6800,311997.499724310,303486.646381917,38.8,AVG
370753:9070,127:127,07/16/23 04:07:40,STABLE BEAMS,6800,311685.785655686,304114.959085575,38.8,AVG
370753:9070,128:128,07/16/23 04:08:03,STABLE BEAMS,6800,310810.652388340,302495.074476851,38.7,AVG
370753:9070,129:129,07/16/23 04:08:27,STABLE BEAMS,6800,310653.782500678,302728.249371872,38.7,AVG
370753:9070,130:130,07/16/23 04:08:50,STABLE BEAMS,6800,310686.837185381,302251.700119150,38.7,AVG
370753:9070,131:131,07/16/23 04:09:13,STABLE BEAMS,6800,310278.374059360,302729.994318328,38.6,AVG
370753:9070,132:132,07/16/23 04:09:37,STABLE BEAMS,6800,310087.631278651,302142.533926968,38.6,AVG
370753:9070,133:133,07/16/23 04:10:00,STABLE BEAMS,6800,310353.702841882,301907.096664771,38.6,AVG
370753:9070,134:134,07/16/23 04:10:23,STABLE BEAMS,6800,310447.447139858,302123.856756568,38.6,AVG
370753:9070,135:135,07/16/23 04:10:47,STABLE BEAMS,6800,310199.178018593,302619.154130602,38.6,AVG
370753:9070,136:136,07/16/23 04:11:10,STABLE BEAMS,6800,310105.023450905,301828.773004292,38.6,AVG
370753:9070,137:137,07/16/23 04:11:33,STABLE BEAMS,6800,310252.536391853,302678.176290671,38.6,AVG
370753:9070,138:138,07/16/23 04:11:57,STABLE BEAMS,6800,310327.000344472,302383.317192679,38.6,AVG
370753:9070,139:139,07/16/23 04:12:20,STABLE BEAMS,6800,310086.244287297,302137.256099208,38.6,AVG
370753:9070,140:140,07/16/23 04:12:43,STABLE BEAMS,6800,309816.895228531,301876.858050039,38.6,AVG
370753:9070,141:141,07/16/23 04:13:06,STABLE BEAMS,6800,309752.995720980,301979.954027116,38.6,AVG
370753:9070,142:142,07/16/23 04:13:30,STABLE BEAMS,6800,309427.668157387,301190.638898769,38.5,AVG
370753:9070,143:143,07/16/23 04:13:53,STABLE BEAMS,6800,309060.660920841,301722.277332561,38.5,AVG
370753:9070,144:144,07/16/23 04:14:16,STABLE BEAMS,6800,308949.205092937,301162.285028588,38.5,AVG
370753:9070,145:145,07/16/23 04:14:40,STABLE BEAMS,6800,308870.873882073,301210.042937954,38.4,AVG
370753:9070,146:146,07/16/23 04:15:03,STABLE BEAMS,6800,308501.885229307,300753.726461104,38.4,AVG
370753:9070,147:147,07/16/23 04:15:26,STABLE BEAMS,6800,308171.503888814,300473.960840677,38.4,AVG
370753:9070,148:148,07/16/23 04:15:50,STABLE BEAMS,6800,308423.164728432,300368.046277957,38.4,AVG
370753:9070,149:149,07/16/23 04:16:13,STABLE BEAMS,6800,308332.926371626,300990.655877524,38.4,AVG
370753:9070,150:150,07/16/23 04:16:36,STABLE BEAMS,6800,308102.096044173,300417.570388606,38.3,AVG
370753:9070,151:151,07/16/23 04:17:00,STABLE BEAMS,6800,307901.108176068,300320.265077250,38.3,AVG
370753:9070,152:152,07/16/23 04:17:23,STABLE BEAMS,6800,308236.816029575,300163.722454045,38.4,AVG
370753:9070,153:153,07/16/23 04:17:46,STABLE BEAMS,6800,308320.793111127,300629.980111835,38.4,AVG
370753:9070,154:154,07/16/23 04:18:10,STABLE BEAMS,6800,308190.012647385,300357.818826696,38.4,AVG
370753:9070,155:155,07/16/23 04:18:33,STABLE BEAMS,6800,308068.153218789,300700.955734799,38.3,AVG
370753:9070,156:156,07/16/23 04:18:56,STABLE BEAMS,6800,308174.441046975,148111.942462580,38.4,AVG
370753:9070,157:157,07/16/23 04:19:19,STABLE BEAMS,6800,307970.219973816,279955.448771453,38.3,AVG
370753:9070,158:158,07/16/23 04:19:43,STABLE BEAMS,6800,307699.824261070,300346.075729542,38.3,AVG
370753:9070,159:159,07/16/23 04:20:06,STABLE BEAMS,6800,307620.423085447,299912.305638061,38.3,AVG
370753:9070,160:160,07/16/23 04:20:29,STABLE BEAMS,6800,307748.198789768,300073.971911346,38.3,AVG
370753:9070,161:161,07/16/23 04:20:53,STABLE BEAMS,6800,307430.521823861,299726.798564208,38.3,AVG
370753:9070,162:162,07/16/23 04:21:16,STABLE BEAMS,6800,307081.930102770,299502.990258430,38.2,AVG
370753:9070,163:163,07/16/23 04:21:39,STABLE BEAMS,6800,307115.506948923,299467.522344323,38.2,AVG
370753:9070,164:164,07/16/23 04:22:03,STABLE BEAMS,6800,307064.036748766,299480.638055929,38.2,AVG
370753:9070,165:165,07/16/23 04:22:26,STABLE BEAMS,6800,307175.674400746,299286.033355085,38.2,AVG
370753:9070,166:166,07/16/23 04:22:49,STABLE BEAMS,6800,306914.225365002,299292.337073415,38.2,AVG
370753:9070,167:167,07/16/23 04:23:13,STABLE BEAMS,6800,306505.785549761,299073.257516308,38.1,AVG
370753:9070,168:168,07/16/23 04:23:36,STABLE BEAMS,6800,306396.129314000,299295.371257659,38.1,AVG
370753:9070,169:169,07/16/23 04:23:59,STABLE BEAMS,6800,306339.719559761,298121.711624128,38.1,AVG
370753:9070,170:170,07/16/23 04:24:22,STABLE BEAMS,6800,306285.790072413,299093.967526255,38.1,AVG
370753:9070,171:171,07/16/23 04:24:46,STABLE BEAMS,6800,305989.032199632,298435.581498579,38.1,AVG
370753:9070,172:172,07/16/23 04:25:09,STABLE BEAMS,6800,305843.043783634,298318.010854054,38.1,AVG
370753:9070,173:173,07/16/23 04:25:32,STABLE BEAMS,6800,305881.788629504,297948.420879642,38.1,AVG
370753:9070,174:174,07/16/23 04:25:56,STABLE BEAMS,6800,305669.420439064,298155.871373251,38.0,AVG
370753:9070,175:175,07/16/23 04:26:19,STABLE BEAMS,6800,305434.718191209,297500.350444058,38.0,AVG
370753:9070,176:176,07/16/23 04:26:42,STABLE BEAMS,6800,305510.932783335,298001.030759157,38.0,AVG
370753:9070,177:177,07/16/23 04:27:06,STABLE BEAMS,6800,305479.677690776,298247.655055711,38.0,AVG
370753:9070,178:178,07/16/23 04:27:29,STABLE BEAMS,6800,305336.034339151,297869.640016947,38.0,AVG
370753:9070,179:179,07/16/23 04:27:52,STABLE BEAMS,6800,305098.579088290,297466.139124475,38.0,AVG
370753:9070,180:180,07/16/23 04:28:16,STABLE BEAMS,6800,305215.587543765,297338.691401538,38.0,AVG
370753:9070,181:181,07/16/23 04:28:39,STABLE BEAMS,6800,304905.922492620,297807.618248609,37.9,AVG
370753:9070,182:182,07/16/23 04:29:02,STABLE BEAMS,6800,304727.427195227,296991.222228322,37.9,AVG
370753:9070,183:183,07/16/23 04:29:26,STABLE BEAMS,6800,304494.205181843,297478.394302135,37.9,AVG
370753:9070,184:184,07/16/23 04:29:49,STABLE BEAMS,6800,304466.183294339,296602.706863041,37.9,AVG
370753:9070,185:185,07/16/23 04:30:12,STABLE BEAMS,6800,303908.249121929,296875.155552303,37.8,AVG
370753:9070,186:186,07/16/23 04:30:35,STABLE BEAMS,6800,303107.873523017,295348.338694943,37.7,AVG
370753:9070,187:187,07/16/23 04:30:59,STABLE BEAMS,6800,303003.590421829,295679.861531768,37.7,AVG
370753:9070,188:188,07/16/23 04:31:22,STABLE BEAMS,6800,302688.006763882,295414.434271711,37.7,AVG
370753:9070,189:189,07/16/23 04:31:45,STABLE BEAMS,6800,302280.319886804,295389.821102464,37.6,AVG
370753:9070,190:190,07/16/23 04:32:09,STABLE BEAMS,6800,302162.194845012,294831.573023243,37.6,AVG
370753:9070,191:191,07/16/23 04:32:32,STABLE BEAMS,6800,301966.193152548,294676.021561875,37.6,AVG
370753:9070,192:192,07/16/23 04:32:55,STABLE BEAMS,6800,301748.200071121,294106.947269091,37.6,AVG
370753:9070,193:193,07/16/23 04:33:19,STABLE BEAMS,6800,301345.953929875,294551.195446382,37.5,AVG
370753:9070,194:194,07/16/23 04:33:42,STABLE BEAMS,6800,301210.003135338,293749.852456144,37.5,AVG
370753:9070,195:195,07/16/23 04:34:05,STABLE BEAMS,6800,301353.282838810,294557.071450395,37.5,AVG
370753:9070,196:196,07/16/23 04:34:29,STABLE BEAMS,6800,301180.591925402,293648.001079528,37.5,AVG
370753:9070,197:197,07/16/23 04:34:52,STABLE BEAMS,6800,300676.361125783,293941.415306965,37.4,AVG
370753:9070,198:198,07/16/23 04:35:15,STABLE BEAMS,6800,300593.612522288,293012.945875330,37.4,AVG
370753:9070,199:199,07/16/23 04:35:39,STABLE BEAMS,6800,301192.179713672,294420.211550674,37.5,AVG
370753:9070,200:200,07/16/23 04:36:02,STABLE BEAMS,6800,301162.677591697,293731.666208102,37.5,AVG
370753:9070,201:201,07/16/23 04:36:25,STABLE BEAMS,6800,300876.071563195,294124.416037567,37.4,AVG
370753:9070,202:202,07/16/23 04:36:48,STABLE BEAMS,6800,300739.577627507,293555.125379816,37.4,AVG
370753:9070,203:203,07/16/23 04:37:12,STABLE BEAMS,6800,300873.523695045,293645.386813044,37.4,AVG
370753:9070,204:204,07/16/23 04:37:35,STABLE BEAMS,6800,300805.388618940,293183.056235260,37.4,AVG
370753:9070,205:205,07/16/23 04:37:58,STABLE BEAMS,6800,300707.434394266,293960.901744021,37.4,AVG
370753:9070,206:206,07/16/23 04:38:22,STABLE BEAMS,6800,300754.282066936,293595.014654513,37.4,AVG
370753:9070,207:207,07/16/23 04:38:45,STABLE BEAMS,6800,300543.098064072,293360.696746130,37.4,AVG
370753:9070,208:208,07/16/23 04:39:08,STABLE BEAMS,6800,300431.528013351,293364.006824292,37.4,AVG
370753:9070,209:209,07/16/23 04:39:32,STABLE BEAMS,6800,300286.474359593,292819.234356194,37.4,AVG
370753:9070,210:210,07/16/23 04:39:55,STABLE BEAMS,6800,299737.601087002,293063.200768919,37.3,AVG
370753:9070,211:211,07/16/23 04:40:18,STABLE BEAMS,6800,299075.222969028,291629.662479285,37.2,AVG
370753:9070,212:212,07/16/23 04:40:42,STABLE BEAMS,6800,298134.985026854,291206.856627786,37.1,AVG
370753:9070,213:213,07/16/23 04:41:05,STABLE BEAMS,6800,297931.288446223,291366.499334660,37.1,AVG
370753:9070,214:214,07/16/23 04:41:28,STABLE BEAMS,6800,297292.291039644,290457.880300771,37.0,AVG
370753:9070,215:215,07/16/23 04:41:52,STABLE BEAMS,6800,297648.941297055,290704.113095128,37.0,AVG
370753:9070,216:216,07/16/23 04:42:15,STABLE BEAMS,6800,297725.542848113,290322.178116948,37.1,AVG
370753:9070,217:217,07/16/23 04:42:38,STABLE BEAMS,6800,297341.096817755,290352.484121497,37.0,AVG
370753:9070,218:218,07/16/23 04:43:01,STABLE BEAMS,6800,297116.481143998,290024.544094375,37.0,AVG
370753:9070,219:219,07/16/23 04:43:25,STABLE BEAMS,6800,297242.116918802,290103.381821497,37.0,AVG
370753:9070,220:220,07/16/23 04:43:48,STABLE BEAMS,6800,297327.462343084,289774.649856092,37.0,AVG
370753:9070,221:221,07/16/23 04:44:11,STABLE BEAMS,6800,297120.122287687,290243.007123707,37.0,AVG
370753:9070,222:222,07/16/23 04:44:35,STABLE BEAMS,6800,296869.009251377,290281.614510056,36.9,AVG
370753:9070,223:223,07/16/23 04:44:58,STABLE BEAMS,6800,297176.625285042,290142.076763902,37.0,AVG
370753:9070,224:224,07/16/23 04:45:21,STABLE BEAMS,6800,297100.296470099,290049.921460219,37.0,AVG
370753:9070,225:225,07/16/23 04:45:45,STABLE BEAMS,6800,296698.320733890,289777.225625036,36.9,AVG
370753:9070,226:226,07/16/23 04:46:08,STABLE BEAMS,6800,296699.027050495,289706.523656464,36.9,AVG
370753:9070,227:227,07/16/23 04:46:31,STABLE BEAMS,6800,296444.634187572,288998.512786832,36.9,AVG
370753:9070,228:228,07/16/23 04:46:55,STABLE BEAMS,6800,296115.096697281,289573.516795167,36.9,AVG
370753:9070,229:229,07/16/23 04:47:18,STABLE BEAMS,6800,295676.812091613,288831.603980578,36.8,AVG
370753:9070,230:230,07/16/23 04:47:41,STABLE BEAMS,6800,295847.729054735,288754.888385933,36.8,AVG
370753:9070,231:231,07/16/23 04:48:04,STABLE BEAMS,6800,296042.455647585,289633.013654800,36.8,AVG
370753:9070,232:232,07/16/23 04:48:28,STABLE BEAMS,6800,296016.617980078,289187.292354001,36.8,AVG
370753:9070,233:233,07/16/23 04:48:51,STABLE BEAMS,6800,295814.219809841,288419.735872030,36.8,AVG
370753:9070,234:234,07/16/23 04:49:14,STABLE BEAMS,6800,295637.339949436,285596.144644727,36.8,AVG
370753:9070,235:235,07/16/23 04:49:38,STABLE BEAMS,6800,295562.740794299,288696.146836657,36.8,AVG
370753:9070,236:236,07/16/23 04:50:01,STABLE BEAMS,6800,295517.667071915,288718.535274366,36.8,AVG
370753:9070,237:237,07/16/23 04:50:24,STABLE BEAMS,6800,295530.665162317,288423.323009039,36.8,AVG
370753:9070,238:238,07/16/23 04:50:48,STABLE BEAMS,6800,295011.158809182,288252.392506569,36.7,AVG
370753:9070,239:239,07/16/23 04:51:11,STABLE BEAMS,6800,295084.163507032,288718.086488633,36.7,AVG
370753:9070,240:240,07/16/23 04:51:34,STABLE BEAMS,6800,295360.386914542,288612.156512581,36.8,AVG
370753:9070,241:241,07/16/23 04:51:58,STABLE BEAMS,6800,295336.689176553,288544.248429536,36.8,AVG
370753:9070,242:242,07/16/23 04:52:21,STABLE BEAMS,6800,295324.509294496,288117.231032553,36.8,AVG
370753:9070,243:243,07/16/23 04:52:44,STABLE BEAMS,6800,294892.350761564,287771.480746343,36.7,AVG
370753:9070,244:244,07/16/23 04:53:08,STABLE BEAMS,6800,294383.110475525,287728.432747849,36.6,AVG
370753:9070,245:245,07/16/23 04:53:31,STABLE BEAMS,6800,294309.308549032,287973.000041386,36.6,AVG
370753:9070,246:246,07/16/23 04:53:54,STABLE BEAMS,6800,294532.194562982,287662.563033131,36.7,AVG
370753:9070,247:247,07/16/23 04:54:17,STABLE BEAMS,6800,294013.415506153,286865.232452886,36.6,AVG
370753:9070,248:248,07/16/23 04:54:41,STABLE BEAMS,6800,293884.772640851,287452.791786373,36.6,AVG
370753:9070,249:249,07/16/23 04:55:04,STABLE BEAMS,6800,294150.228799515,286956.128646232,36.6,AVG
370749:9070,49:49,07/15/23 17:21:13,STABLE BEAMS,6800,305521.063647913,206730.368824723,38.0,AVG
370749:9070,50:50,07/15/23 17:21:36,STABLE BEAMS,6800,305455.502081816,297845.000753387,38.0,AVG
370749:9070,51:51,07/15/23 17:21:59,STABLE BEAMS,6800,99676.800101245,98700.499556940,12.4,AVG
370749:9070,52:52,07/15/23 17:22:23,STABLE BEAMS,6800,16578.589350638,16521.552219313,2.1,AVG
370749:9070,53:53,07/15/23 17:22:46,STABLE BEAMS,6800,106887.923632926,106052.482853541,13.3,AVG
370749:9070,54:54,07/15/23 17:23:09,STABLE BEAMS,6800,254761.660427902,249393.565125085,31.7,AVG
370749:9070,55:55,07/15/23 17:23:33,STABLE BEAMS,6800,255855.285627346,251109.557239177,31.8,AVG
370749:9070,56:56,07/15/23 17:23:56,STABLE BEAMS,6800,109553.832207486,108597.837628919,13.6,AVG
370749:9070,57:57,07/15/23 17:24:19,STABLE BEAMS,6800,18185.870713552,18148.211498316,2.3,AVG
370749:9070,58:58,07/15/23 17:24:43,STABLE BEAMS,6800,86858.802717426,86131.715996609,10.8,AVG
370749:9070,59:59,07/15/23 17:25:06,STABLE BEAMS,6800,134307.500700684,132526.481490030,16.7,AVG
370749:9070,60:60,07/15/23 17:25:29,STABLE BEAMS,6800,31000.271477270,30875.811780165,3.9,AVG
370749:9070,61:61,07/15/23 17:25:52,STABLE BEAMS,6800,125612.398055355,124549.335541012,15.6,AVG
370749:9070,62:62,07/15/23 17:26:16,STABLE BEAMS,6800,261349.505710645,256078.854495738,32.5,AVG
370749:9070,63:63,07/15/23 17:26:39,STABLE BEAMS,6800,268527.220933105,263300.072628283,33.4,AVG
370749:9070,64:64,07/15/23 17:27:02,STABLE BEAMS,6800,140977.889218959,139600.435275278,17.5,AVG
370749:9070,65:65,07/15/23 17:27:26,STABLE BEAMS,6800,40024.709974651,39860.499798545,5.0,AVG
370749:9070,66:66,07/15/23 17:27:49,STABLE BEAMS,6800,137079.673559544,135324.208381343,17.1,AVG
370749:9070,67:67,07/15/23 17:28:12,STABLE BEAMS,6800,304222.261633368,295885.593620464,37.9,AVG
370749:9070,68:68,07/15/23 17:28:36,STABLE BEAMS,6800,304724.217300951,296843.230460884,37.9,AVG
370749:9070,69:69,07/15/23 17:28:59,STABLE BEAMS,6800,304227.998416094,296728.167943349,37.9,AVG
370749:9070,70:70,07/15/23 17:29:22,STABLE BEAMS,6800,301546.165549037,229977.628924007,37.5,AVG
370749:9070,71:71,07/15/23 17:29:46,STABLE BEAMS,6800,300898.335688272,289102.743031072,37.4,AVG
370749:9070,72:72,07/15/23 17:30:09,STABLE BEAMS,6800,303066.648410256,294974.578299087,37.7,AVG
370749:9070,73:73,07/15/23 17:30:32,STABLE BEAMS,6800,303412.850776494,295685.529107083,37.8,AVG
370749:9070,74:74,07/15/23 17:30:56,STABLE BEAMS,6800,301582.770465390,293853.425661381,37.5,AVG
370749:9070,75:75,07/15/23 17:31:19,STABLE BEAMS,6800,300729.651897784,292642.046698716,37.4,AVG
370749:9070,76:76,07/15/23 17:31:42,STABLE BEAMS,6800,299573.355668846,292093.303428446,37.3,AVG
370749:9070,77:77,07/15/23 17:32:05,STABLE BEAMS,6800,299636.595481349,292088.477990636,37.3,AVG
370749:9070,78:78,07/15/23 17:32:29,STABLE BEAMS,6800,299183.310389358,291617.083933507,37.2,AVG
370749:9070,79:79,07/15/23 17:32:52,STABLE BEAMS,6800,298629.131583454,291129.789031421,37.2,AVG
370749:9070,80:80,07/15/23 17:33:15,STABLE BEAMS,6800,299095.051117694,291139.053278183,37.2,AVG
370749:9070,81:81,07/15/23 17:33:39,STABLE BEAMS,6800,299328.410664674,292280.624337468,37.3,AVG
370749:9070,82:82,07/15/23 17:34:02,STABLE BEAMS,6800,299165.598859431,291774.348804658,37.2,AVG
370749:9070,83:83,07/15/23 17:34:25,STABLE BEAMS,6800,298939.889910137,291216.601360197,37.2,AVG
370749:9070,84:84,07/15/23 17:34:49,STABLE BEAMS,6800,298539.690455291,291165.962242270,37.2,AVG
370749:9070,85:85,07/15/23 17:35:12,STABLE BEAMS,6800,298278.285710028,291275.107138219,37.1,AVG
370749:9070,86:86,07/15/23 17:35:35,STABLE BEAMS,6800,298041.173127619,290339.647853073,37.1,AVG
370749:9070,87:87,07/15/23 17:35:59,STABLE BEAMS,6800,297688.369148752,290278.996018828,37.1,AVG
370749:9070,88:88,07/15/23 17:36:22,STABLE BEAMS,6800,297543.131339839,289795.375631516,37.0,AVG
370749:9070,89:89,07/15/23 17:36:45,STABLE BEAMS,6800,301503.413580247,294316.778817155,37.5,AVG
370749:9070,90:90,07/15/23 17:37:08,STABLE BEAMS,6800,308802.032489363,300525.823658179,38.4,AVG
370749:9070,91:91,07/15/23 17:37:32,STABLE BEAMS,6800,309247.328977371,300853.966817291,38.5,AVG
370749:9070,92:92,07/15/23 17:37:55,STABLE BEAMS,6800,308634.236839557,195058.925284578,38.4,AVG
370749:9070,93:93,07/15/23 17:38:18,STABLE BEAMS,6800,308250.427193467,210821.579964991,38.4,AVG
370749:9070,94:94,07/15/23 17:38:42,STABLE BEAMS,6800,308520.734325252,300297.860741137,38.4,AVG
370749:9070,95:95,07/15/23 17:39:05,STABLE BEAMS,6800,308203.327764382,300358.976547634,38.4,AVG
370749:9070,96:96,07/15/23 17:39:28,STABLE BEAMS,6800,308739.226257350,232254.281811923,38.4,AVG
370749:9070,97:97,07/15/23 17:39:52,STABLE BEAMS,6800,320048.392439754,310616.920288077,39.8,AVG
370749:9070,98:98,07/15/23 17:40:15,STABLE BEAMS,6800,325594.057081353,311436.935909977,40.5,AVG
370749:9070,99:99,07/15/23 17:40:38,STABLE BEAMS,6800,325182.864263104,315204.142249992,40.5,AVG
370749:9070,100:100,07/15/23 17:41:02,STABLE BEAMS,6800,324911.442876080,310076.004459434,40.4,AVG
370749:9070,101:101,07/15/23 17:41:25,STABLE BEAMS,6800,324559.482747415,132282.509039374,40.4,AVG
370749:9070,102:102,07/15/23 17:41:48,STABLE BEAMS,6800,324421.371043660,279360.321631175,40.4,AVG
370749:9070,103:103,07/15/23 17:42:12,STABLE BEAMS,6800,326004.886251448,315745.158831014,40.6,AVG
370749:9070,104:104,07/15/23 17:42:35,STABLE BEAMS,6800,339953.769716386,293655.831608968,42.3,AVG
370749:9070,105:105,07/15/23 17:42:58,STABLE BEAMS,6800,343961.267939774,149035.635439569,42.8,AVG
370749:9070,106:106,07/15/23 17:43:21,STABLE BEAMS,6800,344014.696245371,335064.530946335,42.8,AVG
370749:9070,107:107,07/15/23 17:43:45,STABLE BEAMS,6800,343239.132639688,334654.267689701,42.7,AVG
370749:9070,108:108,07/15/23 17:44:08,STABLE BEAMS,6800,343029.701607409,334004.721572797,42.7,AVG
370749:9070,109:109,07/15/23 17:44:31,STABLE BEAMS,6800,342836.135891356,333484.766956373,42.7,AVG
370749:9070,110:110,07/15/23 17:44:55,STABLE BEAMS,6800,342665.901934061,334170.711842637,42.6,AVG
370749:9070,111:111,07/15/23 17:45:18,STABLE BEAMS,6800,355553.895526584,345367.371530415,44.3,AVG
370749:9070,112:112,07/15/23 17:45:41,STABLE BEAMS,6800,360140.883399776,349091.768876114,44.8,AVG
370749:9070,113:113,07/15/23 17:46:05,STABLE BEAMS,6800,359931.153989525,349873.989898588,44.8,AVG
370749:9070,114:114,07/15/23 17:46:28,STABLE BEAMS,6800,359606.441830499,345124.936110860,44.8,AVG
370749:9070,115:115,07/15/23 17:46:51,STABLE BEAMS,6800,359505.732271740,348998.440259347,44.7,AVG
370749:9070,116:116,07/15/23 17:47:15,STABLE BEAMS,6800,359392.206446656,349000.340904716,44.7,AVG
370749:9070,117:117,07/15/23 17:47:38,STABLE BEAMS,6800,359645.869682195,349260.203273365,44.8,AVG
370749:9070,118:118,07/15/23 17:48:01,STABLE BEAMS,6800,372475.381192221,352959.676140983,46.4,AVG
370749:9070,119:119,07/15/23 17:48:25,STABLE BEAMS,6800,377511.943081378,359244.918887306,47.0,AVG
370749:9070,120:120,07/15/23 17:48:48,STABLE BEAMS,6800,377048.049253838,364398.433520005,46.9,AVG
370749:9070,121:121,07/15/23 17:49:11,STABLE BEAMS,6800,376522.372537486,358312.829966720,46.9,AVG
370749:9070,122:122,07/15/23 17:49:34,STABLE BEAMS,6800,375611.135535537,365560.305976874,46.7,AVG
370749:9070,123:123,07/15/23 17:49:58,STABLE BEAMS,6800,376016.799036993,358114.737375227,46.8,AVG
370749:9070,124:124,07/15/23 17:50:21,STABLE BEAMS,6800,376835.543529801,367124.663824565,46.9,AVG
370749:9070,125:125,07/15/23 17:50:44,STABLE BEAMS,6800,389724.220128151,372675.221670268,48.5,AVG
370749:9070,126:126,07/15/23 17:51:08,STABLE BEAMS,6800,392311.077888097,376157.674944566,48.8,AVG
370749:9070,127:127,07/15/23 17:51:31,STABLE BEAMS,6800,392164.793425205,375038.358452852,48.8,AVG
370749:9070,128:128,07/15/23 17:51:54,STABLE BEAMS,6800,391816.679575084,374521.438907920,48.8,AVG
370749:9070,129:129,07/15/23 17:52:18,STABLE BEAMS,6800,391543.234812438,372662.325275466,48.7,AVG
370749:9070,130:130,07/15/23 17:52:41,STABLE BEAMS,6800,391013.914621319,373930.474540214,48.7,AVG
370749:9070,131:131,07/15/23 17:53:04,STABLE BEAMS,6800,394497.876057873,381704.043690699,49.1,AVG
370749:9070,132:132,07/15/23 17:53:28,STABLE BEAMS,6800,408009.931840834,386628.150187000,50.8,AVG
370749:9070,133:133,07/15/23 17:53:51,STABLE BEAMS,6800,408515.211625511,389639.281160541,50.8,AVG
370749:9070,134:134,07/15/23 17:54:14,STABLE BEAMS,6800,408353.355562209,393896.379818186,50.8,AVG
370749:9070,135:135,07/15/23 17:54:37,STABLE BEAMS,6800,408201.653674264,393301.522548791,50.8,AVG
370749:9070,136:136,07/15/23 17:55:01,STABLE BEAMS,6800,407704.842695618,396929.726340011,50.7,AVG
370749:9070,137:137,07/15/23 17:55:24,STABLE BEAMS,6800,407263.303905194,396016.871328167,50.7,AVG
370749:9070,138:138,07/15/23 17:55:47,STABLE BEAMS,6800,414258.630930159,401371.259507893,51.6,AVG
370749:9070,139:139,07/15/23 17:56:11,STABLE BEAMS,6800,428540.762961414,414653.141149062,53.3,AVG
370749:9070,140:140,07/15/23 17:56:34,STABLE BEAMS,6800,428818.671738250,407003.936915184,53.4,AVG
370749:9070,141:141,07/15/23 17:56:57,STABLE BEAMS,6800,429018.543020038,414551.190008761,53.4,AVG
370749:9070,142:142,07/15/23 17:57:21,STABLE BEAMS,6800,429025.510611898,407051.514474916,53.4,AVG
370749:9070,143:143,07/15/23 17:57:44,STABLE BEAMS,6800,429131.728507748,415240.068958468,53.4,AVG
370749:9070,144:144,07/15/23 17:58:07,STABLE BEAMS,6800,429322.357065640,409874.790234951,53.4,AVG
370749:9070,145:145,07/15/23 17:58:31,STABLE BEAMS,6800,442555.867687497,420134.492432472,55.1,AVG
370749:9070,146:146,07/15/23 17:58:54,STABLE BEAMS,6800,452041.900170956,427699.144595012,56.3,AVG
370749:9070,147:147,07/15/23 17:59:17,STABLE BEAMS,6800,446929.188959855,429788.898047018,55.6,AVG
370749:9070,148:148,07/15/23 17:59:41,STABLE BEAMS,6800,443075.399682490,428613.811954885,55.1,AVG
370749:9070,149:149,07/15/23 18:00:04,STABLE BEAMS,6800,432243.761802296,410885.512037885,53.8,AVG
370749:9070,150:150,07/15/23 18:00:27,STABLE BEAMS,6800,414285.221535829,402322.479238573,51.6,AVG
370749:9070,151:151,07/15/23 18:00:50,STABLE BEAMS,6800,433305.404612874,421489.647068089,53.9,AVG
370749:9070,152:152,07/15/23 18:01:14,STABLE BEAMS,6800,449793.957827715,429382.272802626,56.0,AVG
370749:9070,153:153,07/15/23 18:01:37,STABLE BEAMS,6800,453207.301590193,438559.854247664,56.4,AVG
370749:9070,154:154,07/15/23 18:02:00,STABLE BEAMS,6800,452947.239545803,429680.558776652,56.4,AVG
370749:9070,155:155,07/15/23 18:02:24,STABLE BEAMS,6800,452740.995097021,435782.734454728,56.3,AVG
370749:9070,156:156,07/15/23 18:02:47,STABLE BEAMS,6800,454754.692083677,436087.012746725,56.6,AVG
370749:9070,157:157,07/15/23 18:03:10,STABLE BEAMS,6800,459068.277153624,439769.502682792,57.1,AVG
370749:9070,158:158,07/15/23 18:03:34,STABLE BEAMS,6800,458537.502369893,437483.918572325,57.1,AVG
370749:9070,159:159,07/15/23 18:03:57,STABLE BEAMS,6800,421542.202731394,411635.342564795,52.5,AVG
370749:9070,160:160,07/15/23 18:04:20,STABLE BEAMS,6800,410841.508490395,401058.731219402,51.1,AVG
370749:9070,161:161,07/15/23 18:04:44,STABLE BEAMS,6800,410833.769311749,402319.384590333,51.1,AVG
370749:9070,162:162,07/15/23 18:05:07,STABLE BEAMS,6800,410589.733427960,401394.056335943,51.1,AVG
370749:9070,163:163,07/15/23 18:05:30,STABLE BEAMS,6800,410263.974614954,401246.379058168,51.1,AVG
370749:9070,164:164,07/15/23 18:05:54,STABLE BEAMS,6800,409972.818322381,400286.989268181,51.0,AVG
370749:9070,165:165,07/15/23 18:06:17,STABLE BEAMS,6800,409420.143061726,400401.777361109,51.0,AVG
370749:9070,166:166,07/15/23 18:06:40,STABLE BEAMS,6800,408466.450137880,400047.633626117,50.8,AVG
370749:9070,167:167,07/15/23 18:07:03,STABLE BEAMS,6800,411048.755302677,401912.808562735,51.2,AVG
370749:9070,168:168,07/15/23 18:07:27,STABLE BEAMS,6800,425454.954293305,415274.862452253,53.0,AVG
370749:9070,169:169,07/15/23 18:07:50,STABLE BEAMS,6800,429776.280872977,419480.966598880,53.5,AVG
370749:9070,170:170,07/15/23 18:08:13,STABLE BEAMS,6800,428415.376611946,417611.275004926,53.3,AVG
370749:9070,171:171,07/15/23 18:08:37,STABLE BEAMS,6800,428746.371025928,418244.646309488,53.4,AVG
370749:9070,172:172,07/15/23 18:09:00,STABLE BEAMS,6800,428878.223785506,419096.493674979,53.4,AVG
370749:9070,173:173,07/15/23 18:09:23,STABLE BEAMS,6800,428538.760565493,418100.864172707,53.3,AVG
370749:9070,175:175,07/15/23 18:10:10,STABLE BEAMS,6800,427779.157850230,410889.625244019,53.2,AVG
370749:9070,176:176,07/15/23 18:10:33,STABLE BEAMS,6800,434570.014376700,423600.056208452,54.1,AVG
370749:9070,177:177,07/15/23 18:10:57,STABLE BEAMS,6800,436868.995670685,425783.385010802,54.4,AVG
370749:9070,178:178,07/15/23 18:11:20,STABLE BEAMS,6800,437648.585047912,421027.149305623,54.5,AVG
370749:9070,179:179,07/15/23 18:11:43,STABLE BEAMS,6800,437266.278947070,426457.471059931,54.4,AVG
370749:9070,180:180,07/15/23 18:12:06,STABLE BEAMS,6800,436638.846017981,333862.888319620,54.3,AVG
370749:9070,181:181,07/15/23 18:12:30,STABLE BEAMS,6800,436490.650071206,413633.600331672,54.3,AVG
370749:9070,182:182,07/15/23 18:12:53,STABLE BEAMS,6800,435855.293808314,424724.204041174,54.2,AVG
370749:9070,183:183,07/15/23 18:13:16,STABLE BEAMS,6800,436492.652467127,425582.348255628,54.3,AVG
370749:9070,184:184,07/15/23 18:13:40,STABLE BEAMS,6800,447607.297191536,435077.454007188,55.7,AVG
370749:9070,185:185,07/15/23 18:14:03,STABLE BEAMS,6800,452681.671495400,315168.614972100,56.3,AVG
370749:9070,186:186,07/15/23 18:14:26,STABLE BEAMS,6800,451658.409882538,439708.634062000,56.2,AVG
370749:9070,187:187,07/15/23 18:14:50,STABLE BEAMS,6800,451549.459963383,437734.052361515,56.2,AVG
370749:9070,188:188,07/15/23 18:15:13,STABLE BEAMS,6800,451337.429779239,439547.745584394,56.2,AVG
370749:9070,189:189,07/15/23 18:15:36,STABLE BEAMS,6800,452908.995881683,438242.756646999,56.4,AVG
370749:9070,190:190,07/15/23 18:16:00,STABLE BEAMS,6800,478578.399191649,447837.431866377,59.6,AVG
370749:9070,191:191,07/15/23 18:16:23,STABLE BEAMS,6800,493718.612655371,342235.953827488,61.4,AVG
370749:9070,192:192,07/15/23 18:16:46,STABLE BEAMS,6800,493058.397777693,469035.900926338,61.4,AVG
370749:9070,193:193,07/15/23 18:17:09,STABLE BEAMS,6800,493002.626738800,470039.270611570,61.4,AVG
370749:9070,194:194,07/15/23 18:17:33,STABLE BEAMS,6800,491597.422673251,473097.725652021,61.2,AVG
370749:9070,195:195,07/15/23 18:17:56,STABLE BEAMS,6800,495769.550942648,470920.164586218,61.7,AVG
370749:9070,196:196,07/15/23 18:18:19,STABLE BEAMS,6800,497392.792380104,478676.237392715,61.9,AVG
370749:9070,197:197,07/15/23 18:18:43,STABLE BEAMS,6800,496443.605429851,470837.957519436,61.8,AVG
370749:9070,198:198,07/15/23 18:19:06,STABLE BEAMS,6800,495930.131906335,477172.648306121,61.7,AVG
370749:9070,199:199,07/15/23 18:19:29,STABLE BEAMS,6800,495305.155933358,477082.922486710,61.6,AVG
370749:9070,200:200,07/15/23 18:19:53,STABLE BEAMS,6800,495100.732056421,469910.373827563,61.6,AVG
370749:9070,201:201,07/15/23 18:20:16,STABLE BEAMS,6800,495164.153693000,471431.779566213,61.6,AVG
370749:9070,202:202,07/15/23 18:20:39,STABLE BEAMS,6800,494919.208688828,471249.776225439,61.6,AVG
370749:9070,203:203,07/15/23 18:21:03,STABLE BEAMS,6800,494488.779815702,476241.733662060,61.5,AVG
370749:9070,204:204,07/15/23 18:21:26,STABLE BEAMS,6800,494350.143619418,476073.847171439,61.5,AVG
370749:9070,205:205,07/15/23 18:21:49,STABLE BEAMS,6800,493530.897944861,475152.120549455,61.4,AVG
370749:9070,206:206,07/15/23 18:22:13,STABLE BEAMS,6800,507111.200695667,486546.070877989,63.1,AVG
370749:9070,207:207,07/15/23 18:22:36,STABLE BEAMS,6800,521483.661995767,495784.195831104,64.9,AVG
370749:9070,208:208,07/15/23 18:22:59,STABLE BEAMS,6800,513840.686934114,485406.745859105,64.0,AVG
370749:9070,209:209,07/15/23 18:23:23,STABLE BEAMS,6800,499012.935815024,480493.522480584,62.1,AVG
370749:9070,210:210,07/15/23 18:23:46,STABLE BEAMS,6800,498465.498486423,480099.413475554,62.0,AVG
370749:9070,211:211,07/15/23 18:24:09,STABLE BEAMS,6800,498030.104417358,329452.631955711,62.0,AVG
370749:9070,212:212,07/15/23 18:24:32,STABLE BEAMS,6800,497727.246113698,296204.686275513,61.9,AVG
370749:9070,213:213,07/15/23 18:24:56,STABLE BEAMS,6800,497524.370072490,479552.564124433,61.9,AVG
370749:9070,214:214,07/15/23 18:25:19,STABLE BEAMS,6800,497218.096739698,478726.443847877,61.9,AVG
370749:9070,215:215,07/15/23 18:25:42,STABLE BEAMS,6800,497294.630689496,478362.607091671,61.9,AVG
370749:9070,216:216,07/15/23 18:26:06,STABLE BEAMS,6800,496459.813414529,478400.129136968,61.8,AVG
370749:9070,217:217,07/15/23 18:26:29,STABLE BEAMS,6800,495821.545635334,477655.558696514,61.7,AVG
370749:9070,218:218,07/15/23 18:26:52,STABLE BEAMS,6800,495545.322227823,478299.971868668,61.7,AVG
370749:9070,219:219,07/15/23 18:27:16,STABLE BEAMS,6800,495719.423443364,476980.609191350,61.7,AVG
370749:9070,220:220,07/15/23 18:27:39,STABLE BEAMS,6800,495588.848114478,478318.698572605,61.7,AVG
370749:9070,221:221,07/15/23 18:28:02,STABLE BEAMS,6800,494733.997555989,476956.264182330,61.6,AVG
370749:9070,222:222,07/15/23 18:28:26,STABLE BEAMS,6800,494421.395346683,475956.939348156,61.5,AVG
370749:9070,223:223,07/15/23 18:28:49,STABLE BEAMS,6800,493669.988701336,475632.656606637,61.4,AVG
370749:9070,224:224,07/15/23 18:29:12,STABLE BEAMS,6800,493047.199279435,476318.660711013,61.4,AVG
370749:9070,225:225,07/15/23 18:29:35,STABLE BEAMS,6800,492770.882628808,474557.517277315,61.3,AVG
370749:9070,226:226,07/15/23 18:29:59,STABLE BEAMS,6800,492534.679166783,475970.024863949,61.3,AVG
370749:9070,227:227,07/15/23 18:30:22,STABLE BEAMS,6800,492254.632791507,474593.906708493,61.3,AVG
370749:9070,228:228,07/15/23 18:30:45,STABLE BEAMS,6800,496911.643913907,479188.219338816,61.8,AVG
370749:9070,229:229,07/15/23 18:31:09,STABLE BEAMS,6800,498892.286215860,480544.938636408,62.1,AVG
370749:9070,230:230,07/15/23 18:31:32,STABLE BEAMS,6800,499147.884246061,480443.068002358,62.1,AVG
370749:9070,231:231,07/15/23 18:31:55,STABLE BEAMS,6800,498981.202851494,480059.040961902,62.1,AVG
370749:9070,232:232,07/15/23 18:32:19,STABLE BEAMS,6800,498547.086213122,469128.361734650,62.0,AVG
370749:9070,233:233,07/15/23 18:32:42,STABLE BEAMS,6800,498215.406462236,463781.747059291,62.0,AVG
370749:9070,234:234,07/15/23 18:33:05,STABLE BEAMS,6800,497648.709767978,462938.985993534,61.9,AVG
370749:9070,235:235,07/15/23 18:33:29,STABLE BEAMS,6800,497150.670311276,472712.971389218,61.9,AVG
370749:9070,236:236,07/15/23 18:33:52,STABLE BEAMS,6800,496117.028408500,471411.662168195,61.7,AVG
370749:9070,237:237,07/15/23 18:34:15,STABLE BEAMS,6800,496118.667156268,472886.796532209,61.7,AVG
370749:9070,238:238,07/15/23 18:34:39,STABLE BEAMS,6800,494990.325213574,472600.413032978,61.6,AVG
370749:9070,239:239,07/15/23 18:35:02,STABLE BEAMS,6800,494731.995160068,477092.691133268,61.6,AVG
370749:9070,240:240,07/15/23 18:35:25,STABLE BEAMS,6800,494725.391216362,476545.508441746,61.6,AVG
370749:9070,241:241,07/15/23 18:35:48,STABLE BEAMS,6800,494496.838352022,476992.444485733,61.5,AVG
370749:9070,242:242,07/15/23 18:36:12,STABLE BEAMS,6800,494279.982836614,477641.576664970,61.5,AVG
370749:9070,243:243,07/15/23 18:36:35,STABLE BEAMS,6800,493622.455691762,475447.656567584,61.4,AVG
370749:9070,244:244,07/15/23 18:36:58,STABLE BEAMS,6800,492784.815481451,469511.571850525,61.3,AVG
370749:9070,245:245,07/15/23 18:37:22,STABLE BEAMS,6800,491997.484594499,467804.766622331,61.2,AVG
370749:9070,246:246,07/15/23 18:37:45,STABLE BEAMS,6800,495848.315734002,478671.925390792,61.7,AVG
370749:9070,247:247,07/15/23 18:38:08,STABLE BEAMS,6800,498411.272952182,479432.588923127,62.0,AVG
370749:9070,248:248,07/15/23 18:38:32,STABLE BEAMS,6800,498234.938564007,480580.448269542,62.0,AVG
370749:9070,249:249,07/15/23 18:38:55,STABLE BEAMS,6800,498190.275111335,479834.037539235,62.0,AVG
370749:9070,250:250,07/15/23 18:39:18,STABLE BEAMS,6800,497728.612125351,479140.288316283,61.9,AVG
370749:9070,251:251,07/15/23 18:39:42,STABLE BEAMS,6800,497781.017087748,478652.161527609,62.0,AVG
370749:9070,252:252,07/15/23 18:40:05,STABLE BEAMS,6800,497227.386085152,479508.611260931,61.9,AVG
370749:9070,253:253,07/15/23 18:40:28,STABLE BEAMS,6800,496830.692571477,476205.638009139,61.8,AVG
370749:9070,254:254,07/15/23 18:40:51,STABLE BEAMS,6800,495969.559758032,465312.412926433,61.7,AVG
370749:9070,255:255,07/15/23 18:41:15,STABLE BEAMS,6800,495427.446611368,477342.008522843,61.7,AVG
370749:9070,256:256,07/15/23 18:41:38,STABLE BEAMS,6800,495203.628166255,477005.579252079,61.6,AVG
370749:9070,257:257,07/15/23 18:42:01,STABLE BEAMS,6800,494685.464513993,476722.330318568,61.6,AVG
370749:9070,258:258,07/15/23 18:42:25,STABLE BEAMS,6800,494106.291890784,475741.032709297,61.5,AVG
370749:9070,259:259,07/15/23 18:42:48,STABLE BEAMS,6800,493755.763043953,476235.264965426,61.5,AVG
370749:9070,260:260,07/15/23 18:43:11,STABLE BEAMS,6800,493123.959343790,476258.476210216,61.4,AVG
370749:9070,261:261,07/15/23 18:43:35,STABLE BEAMS,6800,492361.396159587,474862.466975882,61.3,AVG
370749:9070,262:262,07/15/23 18:43:58,STABLE BEAMS,6800,494727.032295207,476880.779432205,61.6,AVG
370749:9070,263:263,07/15/23 18:44:21,STABLE BEAMS,6800,498111.237583865,478224.320064907,62.0,AVG
370749:9070,264:264,07/15/23 18:44:45,STABLE BEAMS,6800,497792.854301353,480078.040124019,62.0,AVG
370749:9070,265:265,07/15/23 18:45:08,STABLE BEAMS,6800,497558.925971363,478583.096744074,61.9,AVG
370749:9070,266:266,07/15/23 18:45:31,STABLE BEAMS,6800,497216.686437565,479380.986354089,61.9,AVG
370749:9070,267:267,07/15/23 18:45:55,STABLE BEAMS,6800,496970.739069893,477944.628003046,61.9,AVG
370749:9070,268:268,07/15/23 18:46:18,STABLE BEAMS,6800,496537.305437347,479106.821484941,61.8,AVG
370749:9070,269:269,07/15/23 18:46:41,STABLE BEAMS,6800,496162.146421365,477495.522538506,61.8,AVG
370749:9070,270:270,07/15/23 18:47:04,STABLE BEAMS,6800,495948.752556646,477927.381746564,61.7,AVG
370749:9070,271:271,07/15/23 18:47:28,STABLE BEAMS,6800,496029.384541403,478025.663358447,61.7,AVG
370749:9070,272:272,07/15/23 18:47:51,STABLE BEAMS,6800,495452.806407903,477078.344538899,61.7,AVG
370749:9070,273:273,07/15/23 18:48:14,STABLE BEAMS,6800,495375.363337721,478039.879247647,61.7,AVG
370749:9070,274:274,07/15/23 18:48:38,STABLE BEAMS,6800,494787.265017212,476745.990010590,61.6,AVG
370749:9070,275:275,07/15/23 18:49:01,STABLE BEAMS,6800,494317.317380351,476004.414311874,61.5,AVG
370749:9070,276:276,07/15/23 18:49:24,STABLE BEAMS,6800,494042.049714782,475961.236468840,61.5,AVG
370749:9070,277:277,07/15/23 18:49:48,STABLE BEAMS,6800,493510.591925225,475316.164055957,61.4,AVG
370749:9070,278:278,07/15/23 18:50:11,STABLE BEAMS,6800,493005.447343066,475536.035120970,61.4,AVG
370749:9070,279:279,07/15/23 18:50:34,STABLE BEAMS,6800,492636.845649232,476008.563935348,61.3,AVG
370749:9070,280:280,07/15/23 18:50:58,STABLE BEAMS,6800,492602.471574435,473578.058261959,61.3,AVG
370749:9070,281:281,07/15/23 18:51:21,STABLE BEAMS,6800,492441.119023961,475228.561331694,61.3,AVG
370749:9070,282:282,07/15/23 18:51:44,STABLE BEAMS,6800,494085.666513475,476450.577400860,61.5,AVG
370749:9070,283:283,07/15/23 18:52:08,STABLE BEAMS,6800,497181.948714614,479149.148297860,61.9,AVG
370749:9070,284:284,07/15/23 18:52:31,STABLE BEAMS,6800,495919.751616422,478706.845681981,61.7,AVG
370749:9070,285:285,07/15/23 18:52:54,STABLE BEAMS,6800,495782.208695675,477385.948663955,61.7,AVG
370749:9070,286:286,07/15/23 18:53:17,STABLE BEAMS,6800,495725.297759686,478447.383113392,61.7,AVG
370749:9070,287:287,07/15/23 18:53:41,STABLE BEAMS,6800,495411.648896401,478017.075710770,61.7,AVG
370749:9070,288:288,07/15/23 18:54:04,STABLE BEAMS,6800,494804.020805198,476589.545908514,61.6,AVG
370749:9070,289:289,07/15/23 18:54:27,STABLE BEAMS,6800,494570.549366477,477312.504952257,61.6,AVG
370749:9070,290:290,07/15/23 18:54:51,STABLE BEAMS,6800,494473.070681696,477055.678503015,61.5,AVG
370749:9070,291:291,07/15/23 18:55:14,STABLE BEAMS,6800,494445.936934874,476994.328354782,61.5,AVG
370749:9070,292:292,07/15/23 18:55:37,STABLE BEAMS,6800,493786.542596620,477276.582549583,61.5,AVG
370749:9070,293:293,07/15/23 18:56:01,STABLE BEAMS,6800,493514.962696298,476111.592076737,61.4,AVG
370749:9070,294:294,07/15/23 18:56:24,STABLE BEAMS,6800,493070.372524895,475131.583120022,61.4,AVG
370749:9070,295:295,07/15/23 18:56:47,STABLE BEAMS,6800,493128.511938940,476308.018522808,61.4,AVG
370749:9070,296:296,07/15/23 18:57:11,STABLE BEAMS,6800,492019.886253173,474330.744250859,61.2,AVG
370749:9070,297:297,07/15/23 18:57:34,STABLE BEAMS,6800,493612.348137963,476137.706309629,61.4,AVG
370749:9070,298:298,07/15/23 18:57:57,STABLE BEAMS,6800,507380.549754433,487157.879326779,63.1,AVG
370749:9070,299:299,07/15/23 18:58:20,STABLE BEAMS,6800,505038.636998659,484445.631475323,62.9,AVG
370749:9070,300:300,07/15/23 18:58:44,STABLE BEAMS,6800,499786.245268373,481078.620725449,62.2,AVG
370749:9070,301:301,07/15/23 18:59:07,STABLE BEAMS,6800,499557.007067129,481515.424778709,62.2,AVG
370749:9070,302:302,07/15/23 18:59:30,STABLE BEAMS,6800,498915.503751801,480356.720463606,62.1,AVG
370749:9070,303:303,07/15/23 18:59:54,STABLE BEAMS,6800,498621.888172037,473841.515592201,62.1,AVG
370749:9070,304:304,07/15/23 19:00:17,STABLE BEAMS,6800,498353.860834443,480296.433384267,62.0,AVG
370749:9070,305:305,07/15/23 19:00:40,STABLE BEAMS,6800,497918.331562859,480283.646195234,62.0,AVG
370749:9070,306:306,07/15/23 19:01:04,STABLE BEAMS,6800,497597.488993157,472096.335267596,61.9,AVG
370749:9070,307:307,07/15/23 19:01:27,STABLE BEAMS,6800,496966.459210859,479914.554162969,61.9,AVG
370749:9070,308:308,07/15/23 19:01:50,STABLE BEAMS,6800,496756.708820907,477648.462030483,61.8,AVG
370749:9070,309:309,07/15/23 19:02:14,STABLE BEAMS,6800,496166.789928553,464111.436561845,61.8,AVG
370749:9070,310:310,07/15/23 19:02:37,STABLE BEAMS,6800,495617.166048876,459411.527186728,61.7,AVG
370749:9070,311:311,07/15/23 19:03:00,STABLE BEAMS,6800,495443.563684007,471056.453006853,61.7,AVG
370749:9070,312:312,07/15/23 19:03:24,STABLE BEAMS,6800,494897.946927251,472130.635448239,61.6,AVG
370749:9070,313:313,07/15/23 19:03:47,STABLE BEAMS,6800,494376.277333819,469407.629772688,61.5,AVG
370749:9070,314:314,07/15/23 19:04:10,STABLE BEAMS,6800,493535.040270299,468038.725301456,61.4,AVG
370749:9070,315:315,07/15/23 19:04:33,STABLE BEAMS,6800,493479.905615674,470377.106780095,61.4,AVG
370749:9070,316:316,07/15/23 19:04:57,STABLE BEAMS,6800,493213.605606809,476138.470630775,61.4,AVG
370749:9070,317:317,07/15/23 19:05:20,STABLE BEAMS,6800,492603.383025896,474992.965430154,61.3,AVG
370749:9070,318:318,07/15/23 19:05:43,STABLE BEAMS,6800,492372.687900962,469127.472268496,61.3,AVG
370749:9070,319:319,07/15/23 19:06:07,STABLE BEAMS,6800,492534.497342706,467980.475591230,61.3,AVG
370749:9070,320:320,07/15/23 19:06:30,STABLE BEAMS,6800,493620.362383803,468712.930081898,61.4,AVG
370749:9070,321:321,07/15/23 19:06:53,STABLE BEAMS,6800,502425.370457120,368912.750674894,62.5,AVG
370749:9070,322:322,07/15/23 19:07:17,STABLE BEAMS,6800,501847.974115275,482775.087641142,62.5,AVG
370749:9070,323:323,07/15/23 19:07:40,STABLE BEAMS,6800,501426.193541179,477296.967608525,62.4,AVG
370749:9070,324:324,07/15/23 19:08:03,STABLE BEAMS,6800,500639.865017727,482464.661091013,62.3,AVG
370749:9070,325:325,07/15/23 19:08:27,STABLE BEAMS,6800,500446.548727010,481258.904881995,62.3,AVG
370749:9070,326:326,07/15/23 19:08:50,STABLE BEAMS,6800,499961.076111298,442242.546720344,62.2,AVG
370749:9070,327:327,07/15/23 19:09:13,STABLE BEAMS,6800,499847.254239320,424456.141623041,62.2,AVG
370749:9070,328:328,07/15/23 19:09:37,STABLE BEAMS,6800,499338.694628030,479915.554553654,62.1,AVG
370749:9070,329:329,07/15/23 19:10:00,STABLE BEAMS,6800,498712.354974478,481155.638400866,62.1,AVG
370749:9070,330:330,07/15/23 19:10:23,STABLE BEAMS,6800,498742.176454125,480258.704064980,62.1,AVG
370749:9070,331:331,07/15/23 19:10:46,STABLE BEAMS,6800,498145.201388951,479888.707642515,62.0,AVG
370749:9070,332:332,07/15/23 19:11:10,STABLE BEAMS,6800,497830.505871685,478946.935827217,62.0,AVG
370749:9070,333:333,07/15/23 19:11:33,STABLE BEAMS,6800,497307.836245832,478881.355695608,61.9,AVG
370749:9070,334:334,07/15/23 19:11:56,STABLE BEAMS,6800,497089.251070617,479368.369270492,61.9,AVG
370749:9070,335:335,07/15/23 19:12:20,STABLE BEAMS,6800,496674.983560612,478759.504117002,61.8,AVG
370749:9070,336:336,07/15/23 19:12:43,STABLE BEAMS,6800,496155.864166409,479468.176536112,61.8,AVG
370749:9070,337:337,07/15/23 19:13:06,STABLE BEAMS,6800,493327.292276268,213164.839962301,61.4,AVG
370749:9070,338:338,07/15/23 19:13:30,STABLE BEAMS,6800,492304.942114867,475284.947397769,61.3,AVG
370749:9070,339:339,07/15/23 19:13:53,STABLE BEAMS,6800,495390.797404535,477945.366097654,61.7,AVG
370749:9070,340:340,07/15/23 19:14:16,STABLE BEAMS,6800,501489.797001835,473458.957197593,62.4,AVG
370749:9070,341:341,07/15/23 19:14:40,STABLE BEAMS,6800,500899.153144253,483204.348436279,62.3,AVG
370749:9070,342:342,07/15/23 19:15:03,STABLE BEAMS,6800,500511.063639128,382312.804835414,62.3,AVG
370749:9070,343:343,07/15/23 19:15:26,STABLE BEAMS,6800,500296.394674795,424922.309690684,62.3,AVG
370749:9070,344:344,07/15/23 19:15:50,STABLE BEAMS,6800,500600.208720396,481419.468331453,62.3,AVG
370749:9070,345:345,07/15/23 19:16:13,STABLE BEAMS,6800,500303.087199462,481623.480709840,62.3,AVG
370749:9070,346:346,07/15/23 19:16:36,STABLE BEAMS,6800,500247.087714934,481423.107010899,62.3,AVG
370749:9070,347:347,07/15/23 19:16:59,STABLE BEAMS,6800,500338.281813682,482380.685171281,62.3,AVG
370749:9070,348:348,07/15/23 19:17:23,STABLE BEAMS,6800,499706.431491960,481562.737684551,62.2,AVG
370749:9070,349:349,07/15/23 19:17:46,STABLE BEAMS,6800,499494.813908606,479544.526061374,62.2,AVG
370749:9070,350:350,07/15/23 19:18:09,STABLE BEAMS,6800,499445.506948745,481172.232854103,62.2,AVG
370749:9070,351:351,07/15/23 19:18:33,STABLE BEAMS,6800,499364.236248642,481238.162842717,62.2,AVG
370749:9070,352:352,07/15/23 19:18:56,STABLE BEAMS,6800,498613.011427372,479562.430654070,62.1,AVG
370749:9070,353:353,07/15/23 19:19:19,STABLE BEAMS,6800,498674.747694625,481047.920591762,62.1,AVG
370749:9070,354:354,07/15/23 19:19:43,STABLE BEAMS,6800,497935.360086960,479917.121986054,62.0,AVG
370749:9070,355:355,07/15/23 19:20:06,STABLE BEAMS,6800,497797.225072426,480025.064475878,62.0,AVG
370749:9070,356:356,07/15/23 19:20:29,STABLE BEAMS,6800,497625.809258633,479826.255473774,61.9,AVG
370749:9070,357:357,07/15/23 19:20:53,STABLE BEAMS,6800,497114.655157634,479416.555332434,61.9,AVG
370749:9070,358:358,07/15/23 19:21:16,STABLE BEAMS,6800,496720.511843187,479092.273418256,61.8,AVG
370749:9070,359:359,07/15/23 19:21:39,STABLE BEAMS,6800,496197.660393257,478312.792454923,61.8,AVG
370749:9070,360:360,07/15/23 19:22:02,STABLE BEAMS,6800,496076.870929419,477585.429309413,61.7,AVG
370749:9070,361:361,07/15/23 19:22:26,STABLE BEAMS,6800,496217.099251913,479365.607399985,61.8,AVG
370749:9070,362:362,07/15/23 19:22:49,STABLE BEAMS,6800,495977.937652025,478372.978110570,61.7,AVG
370749:9070,363:363,07/15/23 19:23:12,STABLE BEAMS,6800,495884.647914240,478360.017958819,61.7,AVG
370749:9070,364:364,07/15/23 19:23:36,STABLE BEAMS,6800,495055.523131518,477737.686516780,61.6,AVG
370749:9070,365:365,07/15/23 19:23:59,STABLE BEAMS,6800,493718.475121774,476023.135496512,61.4,AVG
370749:9070,366:366,07/15/23 19:24:22,STABLE BEAMS,6800,494195.572174572,477451.057614447,61.5,AVG
370749:9070,367:367,07/15/23 19:24:46,STABLE BEAMS,6800,494152.913448898,476750.450770448,61.5,AVG
370749:9070,368:368,07/15/23 19:25:09,STABLE BEAMS,6800,494072.053018506,475901.435875395,61.5,AVG
370749:9070,369:369,07/15/23 19:25:32,STABLE BEAMS,6800,493727.899669747,477011.769328075,61.4,AVG
370749:9070,370:370,07/15/23 19:25:56,STABLE BEAMS,6800,493690.702659606,476338.629944210,61.4,AVG
370749:9070,371:371,07/15/23 19:26:19,STABLE BEAMS,6800,493277.209067465,476010.606596967,61.4,AVG
370749:9070,372:372,07/15/23 19:26:42,STABLE BEAMS,6800,492870.228506992,475324.616158646,61.3,AVG
370749:9070,373:373,07/15/23 19:27:05,STABLE BEAMS,6800,497920.699938011,480423.154298897,62.0,AVG
370749:9070,374:374,07/15/23 19:27:29,STABLE BEAMS,6800,518806.018075707,494034.801138128,64.6,AVG
370749:9070,375:375,07/15/23 19:27:52,STABLE BEAMS,6800,517475.620631228,494471.994118629,64.4,AVG
370749:9070,376:376,07/15/23 19:28:15,STABLE BEAMS,6800,498951.791641558,479721.658856672,62.1,AVG
370749:9070,377:377,07/15/23 19:28:39,STABLE BEAMS,6800,493322.056675292,475830.716863062,61.4,AVG
370749:9070,378:378,07/15/23 19:29:02,STABLE BEAMS,6800,493295.058130989,476177.062347508,61.4,AVG
370749:9070,379:379,07/15/23 19:29:25,STABLE BEAMS,6800,493179.823625800,476041.722025446,61.4,AVG
370749:9070,380:380,07/15/23 19:29:49,STABLE BEAMS,6800,493285.815407092,475831.164387139,61.4,AVG
370749:9070,381:381,07/15/23 19:30:12,STABLE BEAMS,6800,493171.902623076,474915.337566998,61.4,AVG
370749:9070,382:382,07/15/23 19:30:35,STABLE BEAMS,6800,493454.273083024,476785.979093880,61.4,AVG
370749:9070,383:383,07/15/23 19:30:59,STABLE BEAMS,6800,500022.812378552,481748.507755880,62.2,AVG
370749:9070,384:384,07/15/23 19:31:22,STABLE BEAMS,6800,501043.069231993,482504.053591728,62.4,AVG
370749:9070,385:385,07/15/23 19:31:45,STABLE BEAMS,6800,504701.630734759,484253.994832233,62.8,AVG
370749:9070,386:386,07/15/23 19:32:09,STABLE BEAMS,6800,502022.394688489,478160.374861802,62.5,AVG
370749:9070,387:387,07/15/23 19:32:32,STABLE BEAMS,6800,500384.903371795,467559.940631309,62.3,AVG
370749:9070,388:388,07/15/23 19:32:55,STABLE BEAMS,6800,499028.188057761,468141.975243944,62.1,AVG
370749:9070,389:389,07/15/23 19:33:18,STABLE BEAMS,6800,498014.033966277,473318.305133070,62.0,AVG
370749:9070,390:390,07/15/23 19:33:42,STABLE BEAMS,6800,497630.180029706,471714.695040155,61.9,AVG
370749:9070,391:391,07/15/23 19:34:05,STABLE BEAMS,6800,496761.806888286,470207.823271276,61.8,AVG
370749:9070,392:392,07/15/23 19:34:28,STABLE BEAMS,6800,495945.976242860,471563.891981893,61.7,AVG
370749:9070,393:393,07/15/23 19:34:52,STABLE BEAMS,6800,495175.126076702,477637.707003599,61.6,AVG
370749:9070,394:394,07/15/23 19:35:15,STABLE BEAMS,6800,494777.159794491,472251.452954211,61.6,AVG
370749:9070,395:395,07/15/23 19:35:38,STABLE BEAMS,6800,495023.878748949,476669.065864379,61.6,AVG
370749:9070,396:396,07/15/23 19:36:02,STABLE BEAMS,6800,495409.054406692,473076.924746339,61.7,AVG
370749:9070,397:397,07/15/23 19:36:25,STABLE BEAMS,6800,494257.038036788,476737.964269580,61.5,AVG
370749:9070,398:398,07/15/23 19:36:48,STABLE BEAMS,6800,493378.056159820,476106.120602510,61.4,AVG
370749:9070,399:399,07/15/23 19:37:12,STABLE BEAMS,6800,492620.593374074,475219.118654012,61.3,AVG
370749:9070,400:400,07/15/23 19:37:35,STABLE BEAMS,6800,492548.110837675,474758.197242239,61.3,AVG
370749:9070,401:401,07/15/23 19:37:58,STABLE BEAMS,6800,492316.005410608,475674.428553540,61.3,AVG
370749:9070,402:402,07/15/23 19:38:22,STABLE BEAMS,6800,497173.570820621,479292.084676889,61.9,AVG
370749:9070,403:403,07/15/23 19:38:45,STABLE BEAMS,6800,499074.082319568,480987.761995475,62.1,AVG
370749:9070,404:404,07/15/23 19:39:08,STABLE BEAMS,6800,498322.081249355,480335.204727994,62.0,AVG
370749:9070,405:405,07/15/23 19:39:31,STABLE BEAMS,6800,497763.944273167,254687.922141714,62.0,AVG
370749:9070,406:406,07/15/23 19:39:55,STABLE BEAMS,6800,496950.388759777,478462.214339036,61.9,AVG
370749:9070,407:407,07/15/23 19:40:18,STABLE BEAMS,6800,496952.346865218,473699.896561988,61.9,AVG
370749:9070,408:408,07/15/23 19:40:41,STABLE BEAMS,6800,496902.718216606,479299.115757837,61.8,AVG
370749:9070,409:409,07/15/23 19:41:05,STABLE BEAMS,6800,496979.571524078,479317.660138988,61.9,AVG
370749:9070,410:410,07/15/23 19:41:28,STABLE BEAMS,6800,496745.598903608,479754.833505833,61.8,AVG
370749:9070,411:411,07/15/23 19:41:51,STABLE BEAMS,6800,496434.365037033,478995.520070147,61.8,AVG
370749:9070,412:412,07/15/23 19:42:15,STABLE BEAMS,6800,495182.319783119,477654.775184858,61.6,AVG
370749:9070,413:413,07/15/23 19:42:38,STABLE BEAMS,6800,495277.567626345,477729.439141365,61.6,AVG
370749:9070,414:414,07/15/23 19:43:01,STABLE BEAMS,6800,495130.234178395,476951.829709491,61.6,AVG
370749:9070,415:415,07/15/23 19:43:25,STABLE BEAMS,6800,494845.315850297,478101.038592733,61.6,AVG
370749:9070,416:416,07/15/23 19:43:48,STABLE BEAMS,6800,494745.743857556,477620.649460296,61.6,AVG
370749:9070,417:417,07/15/23 19:44:11,STABLE BEAMS,6800,494787.449172366,477375.539114928,61.6,AVG
370749:9070,418:418,07/15/23 19:44:35,STABLE BEAMS,6800,493973.665213341,476737.242201910,61.5,AVG
370749:9070,419:419,07/15/23 19:44:58,STABLE BEAMS,6800,493496.523870064,476350.463125596,61.4,AVG
370749:9070,420:420,07/15/23 19:45:21,STABLE BEAMS,6800,492580.755252666,475662.720072274,61.3,AVG
370749:9070,421:421,07/15/23 19:45:44,STABLE BEAMS,6800,498235.257921680,479751.538040198,62.0,AVG
370749:9070,422:422,07/15/23 19:46:08,STABLE BEAMS,6800,497730.842966906,480747.316834881,61.9,AVG
370749:9070,423:423,07/15/23 19:46:31,STABLE BEAMS,6800,497498.327270128,479675.135027983,61.9,AVG
370749:9070,424:424,07/15/23 19:46:54,STABLE BEAMS,6800,497062.480971949,479173.400510286,61.9,AVG
370749:9070,425:425,07/15/23 19:47:18,STABLE BEAMS,6800,496499.243597303,471996.864919991,61.8,AVG
370749:9070,426:426,07/15/23 19:47:41,STABLE BEAMS,6800,495905.000555434,479012.009307501,61.7,AVG
370749:9070,427:427,07/15/23 19:48:04,STABLE BEAMS,6800,495809.981157844,477804.016624453,61.7,AVG
370749:9070,428:428,07/15/23 19:48:28,STABLE BEAMS,6800,495275.471987307,478285.881459953,61.6,AVG
370749:9070,429:429,07/15/23 19:48:51,STABLE BEAMS,6800,494654.960028520,476734.363691536,61.6,AVG
370749:9070,430:430,07/15/23 19:49:14,STABLE BEAMS,6800,494635.973398978,477943.195285436,61.6,AVG
370749:9070,431:431,07/15/23 19:49:38,STABLE BEAMS,6800,494072.008728026,476689.306348121,61.5,AVG
370749:9070,432:432,07/15/23 19:50:01,STABLE BEAMS,6800,493757.448413279,476048.901220648,61.5,AVG
370749:9070,433:433,07/15/23 19:50:24,STABLE BEAMS,6800,493333.348416667,476287.352484831,61.4,AVG
370749:9070,434:434,07/15/23 19:50:48,STABLE BEAMS,6800,494714.920014409,478095.136571350,61.6,AVG
370749:9070,435:435,07/15/23 19:51:11,STABLE BEAMS,6800,498982.841599262,480162.191011963,62.1,AVG
370749:9070,436:436,07/15/23 19:51:34,STABLE BEAMS,6800,498671.924759282,481346.281934107,62.1,AVG
370749:9070,437:437,07/15/23 19:51:57,STABLE BEAMS,6800,498631.312720009,479320.700693943,62.1,AVG
370749:9070,438:438,07/15/23 19:52:21,STABLE BEAMS,6800,498383.728935648,481085.659014817,62.0,AVG
370749:9070,439:439,07/15/23 19:52:44,STABLE BEAMS,6800,498310.563393423,479657.921181719,62.0,AVG
370749:9070,440:440,07/15/23 19:53:07,STABLE BEAMS,6800,497976.335774386,480785.947659097,62.0,AVG
370749:9070,441:441,07/15/23 19:53:31,STABLE BEAMS,6800,497684.039584716,469929.469542536,61.9,AVG
370749:9070,442:442,07/15/23 19:53:54,STABLE BEAMS,6800,497454.801383473,480091.364997879,61.9,AVG
370749:9070,443:443,07/15/23 19:54:17,STABLE BEAMS,6800,496858.737769760,478237.536350822,61.8,AVG
370749:9070,444:444,07/15/23 19:54:41,STABLE BEAMS,6800,496033.163218688,479035.712672153,61.7,AVG
370749:9070,445:445,07/15/23 19:55:04,STABLE BEAMS,6800,495669.386856119,477754.045723956,61.7,AVG
370749:9070,446:446,07/15/23 19:55:27,STABLE BEAMS,6800,494515.869272044,478140.379934405,61.5,AVG
370749:9070,447:447,07/15/23 19:55:51,STABLE BEAMS,6800,493831.933345599,477062.644654290,61.5,AVG
370749:9070,448:448,07/15/23 19:56:14,STABLE BEAMS,6800,493130.334841862,476235.448429446,61.4,AVG
370749:9070,449:449,07/15/23 19:56:37,STABLE BEAMS,6800,494331.385435512,477402.167766580,61.5,AVG
370749:9070,450:450,07/15/23 19:57:00,STABLE BEAMS,6800,497178.214327810,479927.805234321,61.9,AVG
370749:9070,451:451,07/15/23 19:57:24,STABLE BEAMS,6800,496538.032733654,479238.500201417,61.8,AVG
370749:9070,452:452,07/15/23 19:57:47,STABLE BEAMS,6800,496329.692645835,479086.680955119,61.8,AVG
370749:9070,453:453,07/15/23 19:58:10,STABLE BEAMS,6800,496062.756252701,478637.530744534,61.7,AVG
370749:9070,454:454,07/15/23 19:58:34,STABLE BEAMS,6800,495883.601260260,478787.737651705,61.7,AVG
370749:9070,455:455,07/15/23 19:58:57,STABLE BEAMS,6800,495695.749016154,477943.748010090,61.7,AVG
370749:9070,456:456,07/15/23 19:59:20,STABLE BEAMS,6800,495396.806923375,478739.992101718,61.7,AVG
370749:9070,457:457,07/15/23 19:59:44,STABLE BEAMS,6800,506291.773197033,486130.106618368,63.0,AVG
370749:9070,458:458,07/15/23 20:00:07,STABLE BEAMS,6800,521365.149995043,498022.850234176,64.9,AVG
370749:9070,459:459,07/15/23 20:00:30,STABLE BEAMS,6800,517456.314644013,495278.178705349,64.4,AVG
370749:9070,460:460,07/15/23 20:00:54,STABLE BEAMS,6800,500838.962381651,483349.526131297,62.3,AVG
370749:9070,461:461,07/15/23 20:01:17,STABLE BEAMS,6800,500213.440936443,481957.978035489,62.3,AVG
370749:9070,462:462,07/15/23 20:01:40,STABLE BEAMS,6800,499595.341643288,481157.716957409,62.2,AVG
370749:9070,463:463,07/15/23 20:02:04,STABLE BEAMS,6800,498792.576689523,476259.112371319,62.1,AVG
370749:9070,464:464,07/15/23 20:02:27,STABLE BEAMS,6800,499074.900527913,467876.156260254,62.1,AVG
370749:9070,465:465,07/15/23 20:02:50,STABLE BEAMS,6800,499166.050336180,475105.218328079,62.1,AVG
370749:9070,466:466,07/15/23 20:03:13,STABLE BEAMS,6800,498339.200685494,474801.180302596,62.0,AVG
370749:9070,467:467,07/15/23 20:03:37,STABLE BEAMS,6800,498027.146279496,474026.564340052,62.0,AVG
370749:9070,468:468,07/15/23 20:04:00,STABLE BEAMS,6800,497224.243792135,474865.379983297,61.9,AVG
370749:9070,469:469,07/15/23 20:04:23,STABLE BEAMS,6800,496899.669166705,473122.558277906,61.8,AVG
370749:9070,470:470,07/15/23 20:04:47,STABLE BEAMS,6800,496736.447091750,479333.604324322,61.8,AVG
370749:9070,471:471,07/15/23 20:05:10,STABLE BEAMS,6800,495875.451811902,373143.941419203,61.7,AVG
370749:9070,472:472,07/15/23 20:05:33,STABLE BEAMS,6800,495618.669594125,317523.804255126,61.7,AVG
370749:9070,473:473,07/15/23 20:05:57,STABLE BEAMS,6800,495243.739023778,477818.603765453,61.6,AVG
370749:9070,474:474,07/15/23 20:06:20,STABLE BEAMS,6800,494528.571315552,471157.749118033,61.5,AVG
370749:9070,475:475,07/15/23 20:06:43,STABLE BEAMS,6800,494132.560807704,477221.889059993,61.5,AVG
370749:9070,476:476,07/15/23 20:07:07,STABLE BEAMS,6800,493771.654002036,476208.511147368,61.5,AVG
370749:9070,477:477,07/15/23 20:07:30,STABLE BEAMS,6800,492576.293569555,476475.763766895,61.3,AVG
370749:9070,478:478,07/15/23 20:07:53,STABLE BEAMS,6800,498873.437119915,480366.552871318,62.1,AVG
370749:9070,479:479,07/15/23 20:08:16,STABLE BEAMS,6800,500236.434688905,476981.719993859,62.3,AVG
370749:9070,480:480,07/15/23 20:08:40,STABLE BEAMS,6800,500060.601482480,482304.319579278,62.2,AVG
370749:9070,481:481,07/15/23 20:09:03,STABLE BEAMS,6800,499767.941644657,481576.268674463,62.2,AVG
370749:9070,482:482,07/15/23 20:09:26,STABLE BEAMS,6800,499188.587197372,476141.381138422,62.1,AVG
370749:9070,483:483,07/15/23 20:09:50,STABLE BEAMS,6800,498745.635773737,480893.242271784,62.1,AVG
370749:9070,485:485,07/15/23 20:10:36,STABLE BEAMS,6800,497670.517001786,480086.862208254,61.9,AVG
370749:9070,486:486,07/15/23 20:11:00,STABLE BEAMS,6800,497053.648517764,479423.549321034,61.9,AVG
370749:9070,487:487,07/15/23 20:11:23,STABLE BEAMS,6800,496615.387222875,479346.378935773,61.8,AVG
370749:9070,488:488,07/15/23 20:11:46,STABLE BEAMS,6800,496908.000439140,480028.306727537,61.8,AVG
370749:9070,489:489,07/15/23 20:12:10,STABLE BEAMS,6800,496993.231640605,478579.861323403,61.9,AVG
370749:9070,490:490,07/15/23 20:12:33,STABLE BEAMS,6800,496392.205162031,478943.953080783,61.8,AVG
370749:9070,491:491,07/15/23 20:12:56,STABLE BEAMS,6800,495849.045361387,479126.707622419,61.7,AVG
370749:9070,492:492,07/15/23 20:13:20,STABLE BEAMS,6800,495780.479035869,478282.506228585,61.7,AVG
370749:9070,493:493,07/15/23 20:13:43,STABLE BEAMS,6800,495490.278485237,471956.969541895,61.7,AVG
370749:9070,494:494,07/15/23 20:14:06,STABLE BEAMS,6800,494361.253536717,170313.171108741,61.5,AVG
370749:9070,495:495,07/15/23 20:14:29,STABLE BEAMS,6800,493946.030284770,476936.286461738,61.5,AVG
370749:9070,496:496,07/15/23 20:14:53,STABLE BEAMS,6800,493933.099795627,476864.973227729,61.5,AVG
370749:9070,497:497,07/15/23 20:15:16,STABLE BEAMS,6800,493408.880002967,475844.829336076,61.4,AVG
370749:9070,498:498,07/15/23 20:15:39,STABLE BEAMS,6800,493179.641801723,476476.832148670,61.4,AVG
370749:9070,499:499,07/15/23 20:16:03,STABLE BEAMS,6800,491977.134284383,474621.247445664,61.2,AVG
370749:9070,500:500,07/15/23 20:16:26,STABLE BEAMS,6800,497366.612044146,480188.117063727,61.9,AVG
370749:9070,501:501,07/15/23 20:16:49,STABLE BEAMS,6800,497900.303006337,479446.296358034,62.0,AVG
370749:9070,502:502,07/15/23 20:17:13,STABLE BEAMS,6800,497167.834037896,480030.279470172,61.9,AVG
370749:9070,503:503,07/15/23 20:17:36,STABLE BEAMS,6800,496659.321048163,479180.787336966,61.8,AVG
370749:9070,504:504,07/15/23 20:17:59,STABLE BEAMS,6800,496703.075380453,478597.758632944,61.8,AVG
370749:9070,505:505,07/15/23 20:18:23,STABLE BEAMS,6800,496685.319560045,479459.413412100,61.8,AVG
370749:9070,506:506,07/15/23 20:18:46,STABLE BEAMS,6800,496382.824904538,478030.129482833,61.8,AVG
370749:9070,507:507,07/15/23 20:19:09,STABLE BEAMS,6800,495829.557550095,478718.822335598,61.7,AVG
370749:9070,508:508,07/15/23 20:19:32,STABLE BEAMS,6800,495049.604524716,476872.633294344,61.6,AVG
370749:9070,509:509,07/15/23 20:19:56,STABLE BEAMS,6800,494725.892398111,477939.688118784,61.6,AVG
370749:9070,510:510,07/15/23 20:20:19,STABLE BEAMS,6800,494512.407621354,477374.788570721,61.5,AVG
370749:9070,511:511,07/15/23 20:20:42,STABLE BEAMS,6800,494491.418595892,477320.714746437,61.5,AVG
370749:9070,512:512,07/15/23 20:21:06,STABLE BEAMS,6800,493982.224931411,476343.137578883,61.5,AVG
370749:9070,513:513,07/15/23 20:21:29,STABLE BEAMS,6800,493418.759111131,477112.570169092,61.4,AVG
370749:9070,514:514,07/15/23 20:21:52,STABLE BEAMS,6800,492205.780391838,474848.135031160,61.3,AVG
370749:9070,515:515,07/15/23 20:22:16,STABLE BEAMS,6800,492194.717096098,476141.246214307,61.3,AVG
370749:9070,516:516,07/15/23 20:22:39,STABLE BEAMS,6800,492178.280665785,470179.759501815,61.3,AVG
370749:9070,517:517,07/15/23 20:23:02,STABLE BEAMS,6800,491876.105367951,474845.345384597,61.2,AVG
370749:9070,518:518,07/15/23 20:23:26,STABLE BEAMS,6800,491702.503003082,474437.250741014,61.2,AVG
370749:9070,519:519,07/15/23 20:23:49,STABLE BEAMS,6800,492037.959100175,475255.558700725,61.2,AVG
370749:9070,520:520,07/15/23 20:24:12,STABLE BEAMS,6800,498476.104890894,480497.204325190,62.0,AVG
370749:9070,521:521,07/15/23 20:24:36,STABLE BEAMS,6800,511287.336087984,483347.069132963,63.6,AVG
370749:9070,522:522,07/15/23 20:24:59,STABLE BEAMS,6800,505168.804388912,485882.030985328,62.9,AVG
370749:9070,523:523,07/15/23 20:25:22,STABLE BEAMS,6800,503256.136318687,484649.408635145,62.6,AVG
370749:9070,524:524,07/15/23 20:25:45,STABLE BEAMS,6800,503517.743867729,485439.194456950,62.7,AVG
370749:9070,525:525,07/15/23 20:26:09,STABLE BEAMS,6800,503456.553072705,485077.784051691,62.7,AVG
370749:9070,526:526,07/15/23 20:26:32,STABLE BEAMS,6800,504424.999388615,485865.637270157,62.8,AVG
370749:9070,527:527,07/15/23 20:26:55,STABLE BEAMS,6800,503712.153433984,485328.118130699,62.7,AVG
370749:9070,528:528,07/15/23 20:27:19,STABLE BEAMS,6800,503259.642259857,484254.617397641,62.6,AVG
370749:9070,529:529,07/15/23 20:27:42,STABLE BEAMS,6800,502964.977695035,485407.592237381,62.6,AVG
370749:9070,530:530,07/15/23 20:28:05,STABLE BEAMS,6800,502527.536939569,484424.151471585,62.5,AVG
370749:9070,531:531,07/15/23 20:28:29,STABLE BEAMS,6800,501961.614163176,483963.988550445,62.5,AVG
370749:9070,532:532,07/15/23 20:28:52,STABLE BEAMS,6800,500819.430279879,481936.048335185,62.3,AVG
370749:9070,533:533,07/15/23 20:29:15,STABLE BEAMS,6800,497704.937698141,480903.809539277,61.9,AVG
370749:9070,534:534,07/15/23 20:29:39,STABLE BEAMS,6800,496094.673371385,478047.737672380,61.7,AVG
370749:9070,535:535,07/15/23 20:30:02,STABLE BEAMS,6800,495963.321793556,479512.355295541,61.7,AVG
370749:9070,536:536,07/15/23 20:30:25,STABLE BEAMS,6800,498395.246791580,479891.839212979,62.0,AVG
370749:9070,537:537,07/15/23 20:30:49,STABLE BEAMS,6800,501430.429109734,483642.068455636,62.4,AVG
370749:9070,538:538,07/15/23 20:31:12,STABLE BEAMS,6800,502329.395317587,483110.253112123,62.5,AVG
370749:9070,539:539,07/15/23 20:31:35,STABLE BEAMS,6800,502568.239890880,484536.535462635,62.5,AVG
370749:9070,540:540,07/15/23 20:31:58,STABLE BEAMS,6800,502046.024825219,483614.988727946,62.5,AVG
370749:9070,541:541,07/15/23 20:32:22,STABLE BEAMS,6800,502272.074111887,472704.453399034,62.5,AVG
370749:9070,542:542,07/15/23 20:32:45,STABLE BEAMS,6800,502198.864279182,478085.083184386,62.5,AVG
370749:9070,543:543,07/15/23 20:33:08,STABLE BEAMS,6800,502469.124789409,477129.842785780,62.5,AVG
370749:9070,544:544,07/15/23 20:33:32,STABLE BEAMS,6800,501770.074153823,469835.700244557,62.5,AVG
370749:9070,545:545,07/15/23 20:33:55,STABLE BEAMS,6800,501435.618089152,474883.155168712,62.4,AVG
370749:9070,546:546,07/15/23 20:34:18,STABLE BEAMS,6800,499827.402779875,475036.627622698,62.2,AVG
370749:9070,547:547,07/15/23 20:34:42,STABLE BEAMS,6800,498175.934320059,475208.369305626,62.0,AVG
370749:9070,548:548,07/15/23 20:35:05,STABLE BEAMS,6800,497659.635530122,472968.100976872,61.9,AVG
370749:9070,549:549,07/15/23 20:35:28,STABLE BEAMS,6800,497717.504539130,479231.760685669,61.9,AVG
370749:9070,550:550,07/15/23 20:35:52,STABLE BEAMS,6800,498748.733776274,481783.992602623,62.1,AVG
370749:9070,551:551,07/15/23 20:36:15,STABLE BEAMS,6800,499859.636925155,472886.859365391,62.2,AVG
370749:9070,552:552,07/15/23 20:36:38,STABLE BEAMS,6800,499484.069970539,473480.571707227,62.2,AVG
370749:9070,553:553,07/15/23 20:37:01,STABLE BEAMS,6800,499247.183502687,480430.022163189,62.1,AVG
370749:9070,554:554,07/15/23 20:37:25,STABLE BEAMS,6800,498468.911184477,481388.914617804,62.0,AVG
370749:9070,555:555,07/15/23 20:37:48,STABLE BEAMS,6800,498128.993404272,480104.000909877,62.0,AVG
370749:9070,556:556,07/15/23 20:38:11,STABLE BEAMS,6800,497538.619951727,480761.476037710,61.9,AVG
370749:9070,557:557,07/15/23 20:38:35,STABLE BEAMS,6800,496656.181086225,475063.018333691,61.8,AVG
370749:9070,558:558,07/15/23 20:38:58,STABLE BEAMS,6800,496039.354561605,472556.133598901,61.7,AVG
370749:9070,559:559,07/15/23 20:39:21,STABLE BEAMS,6800,495153.409754933,477480.525766705,61.6,AVG
370749:9070,560:560,07/15/23 20:39:45,STABLE BEAMS,6800,493681.233821153,477432.477463865,61.4,AVG
370749:9070,561:561,07/15/23 20:40:08,STABLE BEAMS,6800,493915.388265700,476387.242558216,61.5,AVG
370749:9070,562:562,07/15/23 20:40:31,STABLE BEAMS,6800,496978.387336502,480092.785007366,61.9,AVG
370749:9070,563:563,07/15/23 20:40:55,STABLE BEAMS,6800,496623.900319387,478744.643273490,61.8,AVG
370749:9070,564:564,07/15/23 20:41:18,STABLE BEAMS,6800,496572.679544566,479404.424455247,61.8,AVG
370749:9070,565:565,07/15/23 20:41:41,STABLE BEAMS,6800,497561.340968074,480050.751818375,61.9,AVG
370749:9070,566:566,07/15/23 20:42:05,STABLE BEAMS,6800,497389.057993299,480724.900973161,61.9,AVG
370749:9070,567:567,07/15/23 20:42:28,STABLE BEAMS,6800,497283.203745603,479427.170365183,61.9,AVG
370749:9070,568:568,07/15/23 20:42:51,STABLE BEAMS,6800,496392.111918915,479990.047018287,61.8,AVG
370749:9070,569:569,07/15/23 20:43:14,STABLE BEAMS,6800,496590.801344204,479420.532246163,61.8,AVG
370749:9070,570:570,07/15/23 20:43:38,STABLE BEAMS,6800,497006.159798670,479855.635496873,61.9,AVG
370749:9070,571:571,07/15/23 20:44:01,STABLE BEAMS,6800,497386.372591552,480230.071096593,61.9,AVG
370749:9070,572:572,07/15/23 20:44:24,STABLE BEAMS,6800,496929.625848871,479745.595894335,61.8,AVG
370749:9070,573:573,07/15/23 20:44:48,STABLE BEAMS,6800,496166.153544284,478323.449361787,61.8,AVG
370749:9070,574:574,07/15/23 20:45:11,STABLE BEAMS,6800,494439.015964572,478449.636682509,61.5,AVG
370749:9070,575:575,07/15/23 20:45:34,STABLE BEAMS,6800,492996.433064805,476575.858778491,61.4,AVG
370749:9070,576:576,07/15/23 20:45:58,STABLE BEAMS,6800,499196.599112134,481044.232258851,62.1,AVG
370749:9070,577:577,07/15/23 20:46:21,STABLE BEAMS,6800,499231.248254124,481409.136757647,62.1,AVG
370749:9070,578:578,07/15/23 20:46:44,STABLE BEAMS,6800,500266.573195147,482311.291202347,62.3,AVG
370749:9070,579:579,07/15/23 20:47:08,STABLE BEAMS,6800,501216.170415112,482932.033123064,62.4,AVG
370749:9070,580:580,07/15/23 20:47:31,STABLE BEAMS,6800,501321.842838732,483923.323551398,62.4,AVG
370749:9070,581:581,07/15/23 20:47:54,STABLE BEAMS,6800,501142.321867061,482656.805765536,62.4,AVG
370749:9070,582:582,07/15/23 20:48:17,STABLE BEAMS,6800,500640.594645112,482120.012585365,62.3,AVG
370749:9070,583:583,07/15/23 20:48:41,STABLE BEAMS,6800,499406.806393355,482495.121781451,62.2,AVG
370749:9070,584:584,07/15/23 20:49:04,STABLE BEAMS,6800,498289.164098249,480186.716201997,62.0,AVG
370749:9070,585:585,07/15/23 20:49:27,STABLE BEAMS,6800,497504.702768200,480101.649564166,61.9,AVG
370749:9070,586:586,07/15/23 20:49:51,STABLE BEAMS,6800,497233.668340108,479445.377300844,61.9,AVG
370749:9070,587:587,07/15/23 20:50:14,STABLE BEAMS,6800,496937.001379365,480492.578943332,61.8,AVG
370749:9070,588:588,07/15/23 20:50:37,STABLE BEAMS,6800,496822.997683310,478918.177643357,61.8,AVG
370749:9070,589:589,07/15/23 20:51:01,STABLE BEAMS,6800,496948.067006183,480018.316314067,61.9,AVG
370749:9070,590:590,07/15/23 20:51:24,STABLE BEAMS,6800,496703.348116568,480527.836521377,61.8,AVG
370749:9070,591:591,07/15/23 20:51:47,STABLE BEAMS,6800,496460.088481722,478899.605469768,61.8,AVG
370749:9070,592:592,07/15/23 20:52:11,STABLE BEAMS,6800,495852.824038672,479151.202633600,61.7,AVG
370749:9070,593:593,07/15/23 20:52:34,STABLE BEAMS,6800,495324.778947168,477900.750342951,61.6,AVG
370749:9070,594:594,07/15/23 20:52:57,STABLE BEAMS,6800,495293.500543830,479153.072728215,61.6,AVG
370749:9070,595:595,07/15/23 20:53:21,STABLE BEAMS,6800,494340.991807561,477107.010739487,61.5,AVG
370749:9070,596:596,07/15/23 20:53:44,STABLE BEAMS,6800,494644.805853163,478707.358320748,61.6,AVG
370749:9070,597:597,07/15/23 20:54:07,STABLE BEAMS,6800,494432.367730385,476945.455415415,61.5,AVG
370749:9070,598:598,07/15/23 20:54:31,STABLE BEAMS,6800,493224.668902549,477389.956065015,61.4,AVG
370749:9070,599:599,07/15/23 20:54:54,STABLE BEAMS,6800,492947.718198732,476001.172732409,61.4,AVG
370749:9070,600:600,07/15/23 20:55:17,STABLE BEAMS,6800,495577.784818738,478527.781654216,61.7,AVG
370749:9070,601:601,07/15/23 20:55:40,STABLE BEAMS,6800,497878.950332721,480727.974678767,62.0,AVG
370749:9070,602:602,07/15/23 20:56:04,STABLE BEAMS,6800,498314.661428381,480897.990750273,62.0,AVG
370749:9070,603:603,07/15/23 20:56:27,STABLE BEAMS,6800,498506.518464329,481080.269269036,62.0,AVG
370749:9070,604:604,07/15/23 20:56:50,STABLE BEAMS,6800,498359.415793092,471771.891921964,62.0,AVG
370749:9070,605:605,07/15/23 20:57:14,STABLE BEAMS,6800,498202.886242804,481547.142119507,62.0,AVG
370749:9070,606:606,07/15/23 20:57:37,STABLE BEAMS,6800,497912.231131980,480195.997414156,62.0,AVG
370749:9070,607:607,07/15/23 20:58:00,STABLE BEAMS,6800,497958.806068535,481188.995120687,62.0,AVG
370749:9070,608:608,07/15/23 20:58:24,STABLE BEAMS,6800,497235.216175837,479985.813417681,61.9,AVG
370749:9070,609:609,07/15/23 20:58:47,STABLE BEAMS,6800,496678.351968185,479426.071319851,61.8,AVG
370749:9070,610:610,07/15/23 20:59:10,STABLE BEAMS,6800,496360.880137135,478665.372536136,61.8,AVG
370749:9070,611:611,07/15/23 20:59:34,STABLE BEAMS,6800,495628.639614328,479132.641365928,61.7,AVG
370749:9070,612:612,07/15/23 20:59:57,STABLE BEAMS,6800,495342.035916904,478276.413076622,61.7,AVG
370749:9070,613:613,07/15/23 21:00:20,STABLE BEAMS,6800,494262.317928245,150769.778449356,61.5,AVG
370749:9070,614:614,07/15/23 21:00:43,STABLE BEAMS,6800,493849.644875526,391855.257983610,61.5,AVG
370749:9070,615:615,07/15/23 21:01:07,STABLE BEAMS,6800,493528.119299997,417527.458914923,61.4,AVG
370749:9070,616:616,07/15/23 21:01:30,STABLE BEAMS,6800,493866.081305839,476866.830658569,61.5,AVG
370749:9070,617:617,07/15/23 21:01:53,STABLE BEAMS,6800,508471.876511063,488397.355318205,63.3,AVG
370749:9070,618:618,07/15/23 21:02:17,STABLE BEAMS,6800,513587.091299834,472528.529162541,63.9,AVG
370749:9070,619:619,07/15/23 21:02:40,STABLE BEAMS,6800,506621.902781111,474322.586667868,63.1,AVG
370749:9070,620:620,07/15/23 21:03:03,STABLE BEAMS,6800,506479.989089292,469910.054472802,63.0,AVG
370749:9070,621:621,07/15/23 21:03:27,STABLE BEAMS,6800,506588.074178544,481429.047285219,63.0,AVG
370749:9070,622:622,07/15/23 21:03:50,STABLE BEAMS,6800,506037.995738676,479929.525886827,63.0,AVG
370749:9070,623:623,07/15/23 21:04:13,STABLE BEAMS,6800,506092.037117763,481000.523542781,63.0,AVG
370749:9070,624:624,07/15/23 21:04:37,STABLE BEAMS,6800,505860.796520599,486331.388011666,63.0,AVG
370749:9070,625:625,07/15/23 21:05:00,STABLE BEAMS,6800,505656.099907546,337952.562260133,62.9,AVG
370749:9070,626:626,07/15/23 21:05:23,STABLE BEAMS,6800,505880.601358485,477199.020659762,63.0,AVG
370749:9070,627:627,07/15/23 21:05:46,STABLE BEAMS,6800,505134.155246922,485125.532425823,62.9,AVG
370749:9070,628:628,07/15/23 21:06:10,STABLE BEAMS,6800,505145.309454700,486462.559739273,62.9,AVG
370749:9070,629:629,07/15/23 21:06:33,STABLE BEAMS,6800,505010.999739009,326527.233135717,62.9,AVG
370749:9070,630:630,07/15/23 21:06:56,STABLE BEAMS,6800,504839.173655505,486285.280878665,62.8,AVG
370749:9070,631:631,07/15/23 21:07:20,STABLE BEAMS,6800,504542.143046609,484721.221657367,62.8,AVG
370749:9070,632:632,07/15/23 21:07:43,STABLE BEAMS,6800,504120.546627667,485517.289626447,62.7,AVG
370749:9070,633:633,07/15/23 21:08:06,STABLE BEAMS,6800,504188.520859397,478999.186073538,62.8,AVG
370749:9070,634:634,07/15/23 21:08:30,STABLE BEAMS,6800,503563.910865651,485316.508598624,62.7,AVG
370749:9070,635:635,07/15/23 21:08:53,STABLE BEAMS,6800,502974.950046316,484082.738226718,62.6,AVG
370749:9070,636:636,07/15/23 21:09:16,STABLE BEAMS,6800,502460.017268032,483894.144150027,62.5,AVG
370749:9070,637:637,07/15/23 21:09:40,STABLE BEAMS,6800,502569.605902533,483367.868058379,62.5,AVG
370749:9070,638:638,07/15/23 21:10:03,STABLE BEAMS,6800,502263.106455184,484073.799688141,62.5,AVG
370749:9070,639:639,07/15/23 21:10:26,STABLE BEAMS,6800,501673.234184388,483386.896035135,62.4,AVG
370749:9070,640:640,07/15/23 21:10:49,STABLE BEAMS,6800,501344.242166328,482629.901257595,62.4,AVG
370749:9070,641:641,07/15/23 21:11:13,STABLE BEAMS,6800,500583.408641930,483289.193620918,62.3,AVG
370749:9070,642:642,07/15/23 21:11:36,STABLE BEAMS,6800,500647.879263567,450400.882043496,62.3,AVG
370749:9070,643:643,07/15/23 21:11:59,STABLE BEAMS,6800,500544.437681503,482913.276275868,62.3,AVG
370749:9070,644:644,07/15/23 21:12:23,STABLE BEAMS,6800,499434.306119409,481277.693805848,62.2,AVG
370749:9070,645:645,07/15/23 21:12:46,STABLE BEAMS,6800,499038.433145156,482182.537297363,62.1,AVG
370749:9070,646:646,07/15/23 21:13:09,STABLE BEAMS,6800,498242.997100327,364491.480126226,62.0,AVG
370749:9070,647:647,07/15/23 21:13:33,STABLE BEAMS,6800,497593.983051987,480511.318784670,61.9,AVG
370749:9070,648:648,07/15/23 21:13:56,STABLE BEAMS,6800,497270.501702095,480011.762893120,61.9,AVG
370749:9070,649:649,07/15/23 21:14:19,STABLE BEAMS,6800,497511.029313636,479878.403611253,61.9,AVG
370749:9070,650:650,07/15/23 21:14:43,STABLE BEAMS,6800,496470.011880366,479950.996502328,61.8,AVG
370749:9070,651:651,07/15/23 21:15:06,STABLE BEAMS,6800,495941.740674306,478351.737685977,61.7,AVG
370749:9070,652:652,07/15/23 21:15:29,STABLE BEAMS,6800,495751.021204375,478146.280125151,61.7,AVG
370749:9070,653:653,07/15/23 21:15:53,STABLE BEAMS,6800,495643.253141719,479309.950973687,61.7,AVG
370749:9070,654:654,07/15/23 21:16:16,STABLE BEAMS,6800,495703.807552474,477905.809896784,61.7,AVG
370749:9070,655:655,07/15/23 21:16:39,STABLE BEAMS,6800,495478.667386189,478370.834263141,61.7,AVG
370749:9070,656:656,07/15/23 21:17:02,STABLE BEAMS,6800,494829.380601733,477656.414532751,61.6,AVG
370749:9070,657:657,07/15/23 21:17:26,STABLE BEAMS,6800,494740.235520465,478001.143186251,61.6,AVG
370749:9070,658:658,07/15/23 21:17:49,STABLE BEAMS,6800,494504.577530669,477399.539727081,61.5,AVG
370749:9070,659:659,07/15/23 21:18:12,STABLE BEAMS,6800,493958.275437008,476983.689008144,61.5,AVG
370749:9070,660:660,07/15/23 21:18:36,STABLE BEAMS,6800,493601.967848049,476643.728145180,61.4,AVG
370749:9070,661:661,07/15/23 21:18:59,STABLE BEAMS,6800,493108.798013092,475809.852160626,61.4,AVG
370749:9070,662:662,07/15/23 21:19:22,STABLE BEAMS,6800,493120.863672332,476364.904756642,61.4,AVG
370749:9070,663:663,07/15/23 21:19:46,STABLE BEAMS,6800,493148.817958576,476484.648963938,61.4,AVG
370749:9070,664:664,07/15/23 21:20:09,STABLE BEAMS,6800,493236.142468001,476373.257283849,61.4,AVG
370749:9070,665:665,07/15/23 21:20:32,STABLE BEAMS,6800,492562.225514394,476306.679461022,61.3,AVG
370749:9070,666:666,07/15/23 21:20:56,STABLE BEAMS,6800,502178.332144989,483271.482403134,62.5,AVG
370749:9070,667:667,07/15/23 21:21:19,STABLE BEAMS,6800,502053.080998039,484302.969166494,62.5,AVG
370749:9070,668:668,07/15/23 21:21:42,STABLE BEAMS,6800,500408.624420563,482473.688033470,62.3,AVG
370749:9070,669:669,07/15/23 21:22:06,STABLE BEAMS,6800,500738.525559007,481784.165892228,62.3,AVG
370749:9070,670:670,07/15/23 21:22:29,STABLE BEAMS,6800,501014.156872729,482791.778388120,62.4,AVG
370749:9070,671:671,07/15/23 21:22:52,STABLE BEAMS,6800,501102.255300018,483557.768018156,62.4,AVG
370749:9070,672:672,07/15/23 21:23:15,STABLE BEAMS,6800,501245.672537086,482501.424198999,62.4,AVG
370749:9070,673:673,07/15/23 21:23:39,STABLE BEAMS,6800,500972.498179477,483565.949176380,62.4,AVG
370749:9070,674:674,07/15/23 21:24:02,STABLE BEAMS,6800,500677.700743214,482030.240609156,62.3,AVG
370749:9070,675:675,07/15/23 21:24:25,STABLE BEAMS,6800,500285.378000612,482446.530929503,62.3,AVG
370749:9070,676:676,07/15/23 21:24:49,STABLE BEAMS,6800,499924.879133579,482563.798034430,62.2,AVG
370749:9070,677:677,07/15/23 21:25:12,STABLE BEAMS,6800,499828.586967451,481154.800373707,62.2,AVG
370749:9070,678:678,07/15/23 21:25:35,STABLE BEAMS,6800,499517.670127471,481391.490806931,62.2,AVG
370749:9070,679:679,07/15/23 21:25:59,STABLE BEAMS,6800,499230.837984412,481377.833453481,62.1,AVG
370749:9070,680:680,07/15/23 21:26:22,STABLE BEAMS,6800,498802.320595169,481068.057517448,62.1,AVG
370749:9070,681:681,07/15/23 21:26:45,STABLE BEAMS,6800,498487.443253827,480841.166320844,62.0,AVG
370749:9070,682:682,07/15/23 21:27:09,STABLE BEAMS,6800,498349.809421043,481366.165526529,62.0,AVG
370749:9070,683:683,07/15/23 21:27:32,STABLE BEAMS,6800,498068.623148671,480515.683800787,62.0,AVG
370749:9070,684:684,07/15/23 21:27:55,STABLE BEAMS,6800,497890.013628461,480604.539236421,62.0,AVG
370749:9070,685:685,07/15/23 21:28:18,STABLE BEAMS,6800,497760.755358592,479903.219220278,62.0,AVG
370749:9070,686:686,07/15/23 21:28:42,STABLE BEAMS,6800,497902.624759931,480578.278591455,62.0,AVG
370749:9070,687:687,07/15/23 21:29:05,STABLE BEAMS,6800,497100.270075878,480878.930748762,61.9,AVG
370749:9070,688:688,07/15/23 21:29:28,STABLE BEAMS,6800,496747.284272934,479058.530946392,61.8,AVG
370749:9070,689:689,07/15/23 21:29:52,STABLE BEAMS,6800,496642.339145621,480320.527727325,61.8,AVG
370749:9070,690:690,07/15/23 21:30:15,STABLE BEAMS,6800,494885.836977531,476618.741019014,61.6,AVG
370749:9070,691:691,07/15/23 21:30:38,STABLE BEAMS,6800,495219.927062971,478520.741391210,61.6,AVG
370749:9070,692:692,07/15/23 21:31:02,STABLE BEAMS,6800,495788.446660151,478832.490262356,61.7,AVG
370749:9070,693:693,07/15/23 21:31:25,STABLE BEAMS,6800,494515.368090294,477678.325138578,61.5,AVG
370749:9070,694:694,07/15/23 21:31:48,STABLE BEAMS,6800,494748.203144746,478413.788184648,61.6,AVG
370749:9070,695:695,07/15/23 21:32:12,STABLE BEAMS,6800,500541.840860716,472594.409174824,62.3,AVG
370749:9070,696:696,07/15/23 21:32:35,STABLE BEAMS,6800,516281.717122437,473177.507004377,64.3,AVG
370749:9070,697:697,07/15/23 21:32:58,STABLE BEAMS,6800,511131.219138485,478696.739973685,63.6,AVG
370749:9070,698:698,07/15/23 21:33:22,STABLE BEAMS,6800,505484.227202483,374557.242578539,62.9,AVG
370749:9070,699:699,07/15/23 21:33:45,STABLE BEAMS,6800,505303.797110429,473787.964267098,62.9,AVG
370749:9070,700:700,07/15/23 21:34:08,STABLE BEAMS,6800,505830.247744645,480249.959903957,63.0,AVG
370749:9070,701:701,07/15/23 21:34:31,STABLE BEAMS,6800,505348.006002910,485959.245882205,62.9,AVG
370749:9070,702:702,07/15/23 21:34:55,STABLE BEAMS,6800,504853.244041743,480638.533017185,62.8,AVG
370749:9070,703:703,07/15/23 21:35:18,STABLE BEAMS,6800,504554.800799636,485837.111671212,62.8,AVG
370749:9070,704:704,07/15/23 21:35:41,STABLE BEAMS,6800,504011.822823069,484850.643365404,62.7,AVG
370749:9070,705:705,07/15/23 21:36:05,STABLE BEAMS,6800,503948.037538336,485448.817713224,62.7,AVG
370749:9070,706:706,07/15/23 21:36:28,STABLE BEAMS,6800,503818.189505757,478353.602110529,62.7,AVG
370749:9070,707:707,07/15/23 21:36:51,STABLE BEAMS,6800,503464.338872910,476342.045380602,62.7,AVG
370749:9070,708:708,07/15/23 21:37:15,STABLE BEAMS,6800,503245.254847024,485013.293374100,62.6,AVG
370749:9070,709:709,07/15/23 21:37:38,STABLE BEAMS,6800,503329.164327316,484955.893160252,62.6,AVG
370749:9070,710:710,07/15/23 21:38:01,STABLE BEAMS,6800,502815.324824569,484676.396987438,62.6,AVG
370749:9070,711:711,07/15/23 21:38:25,STABLE BEAMS,6800,502252.635253232,483230.278664989,62.5,AVG
370749:9070,712:712,07/15/23 21:38:48,STABLE BEAMS,6800,502072.704011849,484448.898150013,62.5,AVG
370749:9070,713:713,07/15/23 21:39:11,STABLE BEAMS,6800,501768.435406056,483614.953977256,62.5,AVG
370749:9070,714:714,07/15/23 21:39:35,STABLE BEAMS,6800,502114.089968986,483895.464775685,62.5,AVG
370749:9070,715:715,07/15/23 21:39:58,STABLE BEAMS,6800,502024.170969853,483083.079078445,62.5,AVG
370749:9070,716:716,07/15/23 21:40:21,STABLE BEAMS,6800,502242.753813990,483611.511115312,62.5,AVG
370749:9070,717:717,07/15/23 21:40:44,STABLE BEAMS,6800,501695.223242272,483728.888724021,62.4,AVG
370749:9070,718:718,07/15/23 21:41:08,STABLE BEAMS,6800,501220.221828512,482464.254481158,62.4,AVG
370749:9070,719:719,07/15/23 21:41:31,STABLE BEAMS,6800,500494.354472700,482324.259732039,62.3,AVG
370749:9070,720:720,07/15/23 21:41:54,STABLE BEAMS,6800,500555.682801320,482999.230424534,62.3,AVG
370749:9070,721:721,07/15/23 21:42:18,STABLE BEAMS,6800,500856.764823616,481889.406288823,62.3,AVG
370749:9070,722:722,07/15/23 21:42:41,STABLE BEAMS,6800,500413.904312019,482682.429935360,62.3,AVG
370749:9070,723:723,07/15/23 21:43:04,STABLE BEAMS,6800,499983.020878702,481396.561963617,62.2,AVG
370749:9070,724:724,07/15/23 21:43:28,STABLE BEAMS,6800,500033.010844389,482568.820155145,62.2,AVG
370749:9070,725:725,07/15/23 21:43:51,STABLE BEAMS,6800,499645.832790725,481393.990562904,62.2,AVG
370749:9070,726:726,07/15/23 21:44:14,STABLE BEAMS,6800,499380.399942840,480465.055572508,62.2,AVG
370749:9070,727:727,07/15/23 21:44:38,STABLE BEAMS,6800,499220.275870422,481321.250420748,62.1,AVG
370749:9070,728:728,07/15/23 21:45:01,STABLE BEAMS,6800,498822.990262959,481053.856049290,62.1,AVG
370749:9070,729:729,07/15/23 21:45:24,STABLE BEAMS,6800,498576.816780730,481081.074924817,62.1,AVG
370749:9070,730:730,07/15/23 21:45:48,STABLE BEAMS,6800,498101.766414334,479602.390837046,62.0,AVG
370749:9070,731:731,07/15/23 21:46:11,STABLE BEAMS,6800,497697.743991724,480562.232689052,61.9,AVG
370749:9070,732:732,07/15/23 21:46:34,STABLE BEAMS,6800,497400.440646713,478991.081909154,61.9,AVG
370749:9070,733:733,07/15/23 21:46:57,STABLE BEAMS,6800,496531.386830545,479383.809449826,61.8,AVG
370749:9070,734:734,07/15/23 21:47:21,STABLE BEAMS,6800,495799.920225603,271833.590174071,61.7,AVG
370749:9070,735:735,07/15/23 21:47:44,STABLE BEAMS,6800,494366.078867982,454017.400038310,61.5,AVG
370749:9070,736:736,07/15/23 21:48:07,STABLE BEAMS,6800,493638.344318767,476962.094819443,61.4,AVG
370749:9070,737:737,07/15/23 21:48:31,STABLE BEAMS,6800,492422.132394419,475073.024087656,61.3,AVG
370749:9070,738:738,07/15/23 21:48:54,STABLE BEAMS,6800,498471.825031859,481204.687089384,62.0,AVG
370749:9070,739:739,07/15/23 21:49:17,STABLE BEAMS,6800,498706.298834079,480892.077860329,62.1,AVG
370749:9070,740:740,07/15/23 21:49:41,STABLE BEAMS,6800,498778.144986209,480348.292728480,62.1,AVG
370749:9070,741:741,07/15/23 21:50:04,STABLE BEAMS,6800,499395.880631212,482013.117815376,62.2,AVG
370749:9070,742:742,07/15/23 21:50:27,STABLE BEAMS,6800,498516.080545898,480744.184721817,62.0,AVG
370749:9070,743:743,07/15/23 21:50:51,STABLE BEAMS,6800,496947.565824433,479020.284360957,61.9,AVG
370749:9070,744:744,07/15/23 21:51:14,STABLE BEAMS,6800,495207.178397905,477427.148443092,61.6,AVG
370749:9070,745:745,07/15/23 21:51:37,STABLE BEAMS,6800,494512.407621354,477490.939397766,61.5,AVG
370749:9070,746:746,07/15/23 21:52:01,STABLE BEAMS,6800,494219.384135378,477041.259979025,61.5,AVG
370749:9070,747:747,07/15/23 21:52:24,STABLE BEAMS,6800,493186.334326390,475914.189489963,61.4,AVG
370749:9070,748:748,07/15/23 21:52:47,STABLE BEAMS,6800,492497.573068680,476374.170924390,61.3,AVG
370749:9070,749:749,07/15/23 21:53:10,STABLE BEAMS,6800,496141.430132017,478723.929967856,61.7,AVG
370749:9070,750:750,07/15/23 21:53:34,STABLE BEAMS,6800,496732.213854274,479601.862567801,61.8,AVG
370749:9070,751:751,07/15/23 21:53:57,STABLE BEAMS,6800,496464.321719198,479197.879182401,61.8,AVG
370749:9070,752:752,07/15/23 21:54:20,STABLE BEAMS,6800,496711.406652888,478913.680685411,61.8,AVG
370749:9070,753:753,07/15/23 21:54:44,STABLE BEAMS,6800,497078.232065358,480237.210925509,61.9,AVG
370749:9070,754:754,07/15/23 21:55:07,STABLE BEAMS,6800,497331.328848965,479443.383200253,61.9,AVG
370749:9070,755:755,07/15/23 21:55:30,STABLE BEAMS,6800,497145.525622338,480268.092005272,61.9,AVG
370749:9070,756:756,07/15/23 21:55:54,STABLE BEAMS,6800,496198.387689564,478156.631283156,61.8,AVG
370749:9070,757:757,07/15/23 21:56:17,STABLE BEAMS,6800,495424.260027870,478371.656228417,61.7,AVG
370749:9070,758:758,07/15/23 21:56:40,STABLE BEAMS,6800,494876.547632077,478535.636930993,61.6,AVG
370749:9070,759:759,07/15/23 21:57:04,STABLE BEAMS,6800,494271.742476217,477527.828861649,61.5,AVG
370749:9070,760:760,07/15/23 21:57:27,STABLE BEAMS,6800,493421.945694628,476176.001635146,61.4,AVG
370749:9070,761:761,07/15/23 21:57:50,STABLE BEAMS,6800,494376.368245857,478284.480245253,61.5,AVG
370749:9070,762:762,07/15/23 21:58:13,STABLE BEAMS,6800,495980.030959984,478372.273689274,61.7,AVG
370749:9070,763:763,07/15/23 21:58:37,STABLE BEAMS,6800,495688.555309737,479453.553326441,61.7,AVG
370749:9070,764:764,07/15/23 21:59:00,STABLE BEAMS,6800,495232.493903961,478512.243871919,61.6,AVG
370749:9070,765:765,07/15/23 21:59:23,STABLE BEAMS,6800,495194.294530320,477805.253623827,61.6,AVG
370749:9070,766:766,07/15/23 21:59:47,STABLE BEAMS,6800,494998.612195529,478917.558472728,61.6,AVG
370749:9070,767:767,07/15/23 22:00:10,STABLE BEAMS,6800,494863.892210127,478116.800018744,61.6,AVG
370749:9070,768:768,07/15/23 22:00:33,STABLE BEAMS,6800,494841.900821165,478047.330564544,61.6,AVG
370749:9070,769:769,07/15/23 22:00:57,STABLE BEAMS,6800,494478.763173942,477157.332409974,61.5,AVG
370749:9070,770:770,07/15/23 22:01:20,STABLE BEAMS,6800,494788.495826346,478396.631568531,61.6,AVG
370749:9070,771:771,07/15/23 22:01:43,STABLE BEAMS,6800,494643.803489663,476832.173533194,61.6,AVG
370749:9070,772:772,07/15/23 22:02:07,STABLE BEAMS,6800,493388.210335177,477181.432738351,61.4,AVG
370749:9070,773:773,07/15/23 22:02:30,STABLE BEAMS,6800,490821.975621462,466928.706974313,61.1,AVG
370749:9070,774:774,07/15/23 22:02:53,STABLE BEAMS,6800,480780.720009198,457136.178051366,59.8,AVG
370749:9070,775:775,07/15/23 22:03:17,STABLE BEAMS,6800,486542.671383196,461912.157245169,60.6,AVG
370749:9070,776:776,07/15/23 22:03:40,STABLE BEAMS,6800,484979.119526592,463149.764679346,60.4,AVG
370749:9070,777:777,07/15/23 22:04:03,STABLE BEAMS,6800,483905.867948044,468320.536291554,60.2,AVG
370749:9070,778:778,07/15/23 22:04:26,STABLE BEAMS,6800,483202.218095750,468066.863856365,60.1,AVG
370749:9070,779:779,07/15/23 22:04:50,STABLE BEAMS,6800,483332.112749887,461008.696251026,60.2,AVG
370749:9070,780:780,07/15/23 22:05:13,STABLE BEAMS,6800,483178.953938251,463923.374297501,60.1,AVG
370749:9070,781:781,07/15/23 22:05:36,STABLE BEAMS,6800,483195.525571083,458510.447625664,60.1,AVG
370749:9070,782:782,07/15/23 22:06:00,STABLE BEAMS,6800,483190.882063895,468022.251175057,60.1,AVG
370749:9070,783:783,07/15/23 22:06:23,STABLE BEAMS,6800,482542.322575746,467407.914872339,60.1,AVG
370749:9070,784:784,07/15/23 22:06:46,STABLE BEAMS,6800,489459.432612664,473233.895004525,60.9,AVG
370749:9070,785:785,07/15/23 22:07:10,STABLE BEAMS,6800,497709.126645137,481064.881770266,61.9,AVG
370749:9070,786:786,07/15/23 22:07:33,STABLE BEAMS,6800,496393.524552125,479321.492236833,61.8,AVG
370749:9070,787:787,07/15/23 22:07:56,STABLE BEAMS,6800,494993.465175513,477733.814492159,61.6,AVG
370749:9070,788:788,07/15/23 22:08:20,STABLE BEAMS,6800,494259.450702421,469303.214242816,61.5,AVG
370749:9070,789:789,07/15/23 22:08:43,STABLE BEAMS,6800,490207.881120149,466395.255874059,61.0,AVG
370749:9070,790:790,07/15/23 22:09:06,STABLE BEAMS,6800,491658.203198563,475266.709031370,61.2,AVG
370749:9070,791:791,07/15/23 22:09:29,STABLE BEAMS,6800,489670.549014269,473009.334163409,60.9,AVG
370749:9070,792:792,07/15/23 22:09:53,STABLE BEAMS,6800,489942.630096341,474568.988942092,61.0,AVG
370749:9070,793:793,07/15/23 22:10:16,STABLE BEAMS,6800,490154.657949407,473408.011603870,61.0,AVG
370749:9070,794:794,07/15/23 22:10:39,STABLE BEAMS,6800,488666.728591140,473370.574864192,60.8,AVG
370749:9070,795:795,07/15/23 22:11:03,STABLE BEAMS,6800,489760.423722922,473007.414492283,61.0,AVG
370749:9070,796:796,07/15/23 22:11:26,STABLE BEAMS,6800,490366.594890434,474376.232019715,61.0,AVG
370749:9070,797:797,07/15/23 22:11:49,STABLE BEAMS,6800,493536.450572432,475999.403014326,61.4,AVG
370749:9070,798:798,07/15/23 22:12:13,STABLE BEAMS,6800,493738.918675007,470681.047763171,61.5,AVG
370749:9070,799:799,07/15/23 22:12:36,STABLE BEAMS,6800,493862.575364669,470247.392587269,61.5,AVG
370749:9070,800:800,07/15/23 22:12:59,STABLE BEAMS,6800,494057.574693634,476786.419826493,61.5,AVG
370749:9070,801:801,07/15/23 22:13:23,STABLE BEAMS,6800,493595.729883573,476937.463600102,61.4,AVG
370749:9070,802:802,07/15/23 22:13:46,STABLE BEAMS,6800,492911.295106456,476363.875945075,61.3,AVG
370749:9070,803:803,07/15/23 22:14:09,STABLE BEAMS,6800,489705.515182854,474370.954886389,60.9,AVG
370749:9070,804:804,07/15/23 22:14:33,STABLE BEAMS,6800,483307.389337620,468071.930045477,60.2,AVG
370749:9070,805:805,07/15/23 22:14:56,STABLE BEAMS,6800,480468.712224758,465183.099592554,59.8,AVG
370749:9070,806:806,07/15/23 22:15:19,STABLE BEAMS,6800,479478.048405329,465552.217282675,59.7,AVG
370749:9070,807:807,07/15/23 22:15:42,STABLE BEAMS,6800,485105.007057810,320104.924917353,60.4,AVG
370749:9070,808:808,07/15/23 22:16:06,STABLE BEAMS,6800,485456.943875696,372537.306205859,60.4,AVG
370749:9070,809:809,07/15/23 22:16:29,STABLE BEAMS,6800,487140.739723908,471012.674780015,60.6,AVG
370749:9070,810:810,07/15/23 22:16:52,STABLE BEAMS,6800,488567.203219958,472875.065017566,60.8,AVG
370749:9070,811:811,07/15/23 22:17:16,STABLE BEAMS,6800,488755.374821737,473042.974509275,60.8,AVG
370749:9070,812:812,07/15/23 22:17:39,STABLE BEAMS,6800,487501.236259864,472496.377403874,60.7,AVG
370749:9070,813:813,07/15/23 22:18:02,STABLE BEAMS,6800,485628.406311048,469500.870553558,60.4,AVG
370749:9070,814:814,07/15/23 22:18:26,STABLE BEAMS,6800,463664.780486826,450756.450738609,57.7,AVG
370749:9070,815:815,07/15/23 22:18:49,STABLE BEAMS,6800,475926.613918797,460631.730629468,59.2,AVG
370749:9070,816:816,07/15/23 22:19:12,STABLE BEAMS,6800,504754.581169386,485322.616732880,62.8,AVG
370749:9070,817:817,07/15/23 22:19:36,STABLE BEAMS,6800,463657.859516524,448506.629041638,57.7,AVG
370749:9070,818:818,07/15/23 22:19:59,STABLE BEAMS,6800,463578.367428863,450282.747095118,57.7,AVG
370749:9070,819:819,07/15/23 22:20:22,STABLE BEAMS,6800,469329.117973524,454881.947044196,58.4,AVG
370749:9070,820:820,07/15/23 22:20:46,STABLE BEAMS,6800,502201.232654334,484205.946983935,62.5,AVG
370749:9070,821:821,07/15/23 22:21:09,STABLE BEAMS,6800,510345.254263187,489526.203320752,63.5,AVG
370749:9070,822:822,07/15/23 22:21:32,STABLE BEAMS,6800,508578.050116432,489554.804158480,63.3,AVG
370749:9070,823:823,07/15/23 22:21:55,STABLE BEAMS,6800,506433.731179332,486767.492092198,63.0,AVG
370749:9070,824:824,07/15/23 22:22:19,STABLE BEAMS,6800,506409.737394449,487279.240514623,63.0,AVG
370749:9070,825:825,07/15/23 22:22:42,STABLE BEAMS,6800,506139.115567146,486871.066528859,63.0,AVG
370749:9070,826:826,07/15/23 22:23:05,STABLE BEAMS,6800,505847.364849706,486701.554665280,63.0,AVG
370749:9070,827:827,07/15/23 22:23:29,STABLE BEAMS,6800,505462.827907309,486362.760123909,62.9,AVG
370749:9070,828:828,07/15/23 22:23:52,STABLE BEAMS,6800,505304.706230812,485604.838035169,62.9,AVG
370749:9070,829:829,07/15/23 22:24:15,STABLE BEAMS,6800,504207.279043303,480380.159155612,62.8,AVG
370749:9070,830:830,07/15/23 22:24:39,STABLE BEAMS,6800,503688.842654927,484324.938123909,62.7,AVG
370749:9070,831:831,07/15/23 22:25:02,STABLE BEAMS,6800,503370.277548338,485409.364214173,62.6,AVG
370749:9070,832:832,07/15/23 22:25:25,STABLE BEAMS,6800,503369.184272800,484887.391652989,62.6,AVG
370749:9070,833:833,07/15/23 22:25:49,STABLE BEAMS,6800,503295.426636787,484113.762133685,62.6,AVG
370749:9070,834:834,07/15/23 22:26:12,STABLE BEAMS,6800,503080.484936339,478196.549257930,62.6,AVG
370749:9070,835:835,07/15/23 22:26:35,STABLE BEAMS,6800,502904.516527396,483764.966278725,62.6,AVG
370749:9070,836:836,07/15/23 22:26:58,STABLE BEAMS,6800,502530.087138798,484257.363396239,62.5,AVG
370749:9070,837:837,07/15/23 22:27:22,STABLE BEAMS,6800,501977.822147854,483784.988211963,62.5,AVG
370749:9070,838:838,07/15/23 22:27:45,STABLE BEAMS,6800,501610.176195962,484246.443453186,62.4,AVG
370749:9070,839:839,07/15/23 22:28:08,STABLE BEAMS,6800,501325.985164170,482593.571454442,62.4,AVG
370749:9070,840:840,07/15/23 22:28:32,STABLE BEAMS,6800,501178.381311183,484139.515917059,62.4,AVG
370749:9070,841:841,07/15/23 22:28:55,STABLE BEAMS,6800,501097.567502350,482521.765623036,62.4,AVG
370749:9070,842:842,07/15/23 22:29:18,STABLE BEAMS,6800,500775.904393224,483453.014481251,62.3,AVG
370749:9070,843:843,07/15/23 22:29:42,STABLE BEAMS,6800,500504.371114460,482799.558970365,62.3,AVG
370749:9070,844:844,07/15/23 22:30:05,STABLE BEAMS,6800,499661.905572884,481759.152356309,62.2,AVG
370749:9070,845:845,07/15/23 22:30:28,STABLE BEAMS,6800,499322.852622583,481005.626637104,62.1,AVG
370749:9070,846:846,07/15/23 22:30:52,STABLE BEAMS,6800,499297.126846816,482362.712398966,62.1,AVG
370749:9070,847:847,07/15/23 22:31:15,STABLE BEAMS,6800,501742.574427770,482926.070165913,62.4,AVG
370749:9070,848:848,07/15/23 22:31:38,STABLE BEAMS,6800,502900.782140591,484271.186967520,62.6,AVG
370749:9070,849:849,07/15/23 22:32:02,STABLE BEAMS,6800,502519.434112769,484083.880975317,62.5,AVG
370749:9070,850:850,07/15/23 22:32:25,STABLE BEAMS,6800,502429.286668001,483750.315766935,62.5,AVG
370749:9070,851:851,07/15/23 22:32:48,STABLE BEAMS,6800,502151.196067089,469807.240427242,62.5,AVG
370749:9070,852:852,07/15/23 22:33:11,STABLE BEAMS,6800,501761.696259830,467241.051171974,62.4,AVG
370749:9070,853:853,07/15/23 22:33:35,STABLE BEAMS,6800,501362.545790043,468358.514458101,62.4,AVG
370749:9070,854:854,07/15/23 22:33:58,STABLE BEAMS,6800,501200.507902664,475231.242637332,62.4,AVG
370749:9070,855:855,07/15/23 22:34:21,STABLE BEAMS,6800,500812.737755212,482869.989337938,62.3,AVG
370749:9070,856:856,07/15/23 22:34:45,STABLE BEAMS,6800,500307.642125689,476117.304093882,62.3,AVG
370749:9070,857:857,07/15/23 22:35:08,STABLE BEAMS,6800,499826.309504338,474729.509585145,62.2,AVG
370749:9070,858:858,07/15/23 22:35:31,STABLE BEAMS,6800,500685.076273708,477635.097249162,62.3,AVG
370749:9070,859:859,07/15/23 22:35:55,STABLE BEAMS,6800,501092.376191854,482256.570981519,62.4,AVG
370749:9070,860:860,07/15/23 22:36:18,STABLE BEAMS,6800,501408.118363099,477940.558512130,62.4,AVG
370749:9070,861:861,07/15/23 22:36:41,STABLE BEAMS,6800,500822.435039299,475708.290922276,62.3,AVG
370749:9070,862:862,07/15/23 22:37:05,STABLE BEAMS,6800,500663.905424168,475241.183521129,62.3,AVG
370749:9070,863:863,07/15/23 22:37:28,STABLE BEAMS,6800,500281.051520019,482766.492063692,62.3,AVG
370749:9070,864:864,07/15/23 22:37:51,STABLE BEAMS,6800,500058.599086559,481262.856417993,62.2,AVG
370749:9070,865:865,07/15/23 22:38:14,STABLE BEAMS,6800,499855.175242043,482723.948631210,62.2,AVG
370749:9070,866:866,07/15/23 22:38:38,STABLE BEAMS,6800,499848.300893300,482310.873682201,62.2,AVG
370749:9070,867:867,07/15/23 22:39:01,STABLE BEAMS,6800,499524.180828062,481213.343471373,62.2,AVG
370749:9070,868:868,07/15/23 22:39:24,STABLE BEAMS,6800,499338.741249588,481754.614111755,62.1,AVG
370749:9070,869:869,07/15/23 22:39:48,STABLE BEAMS,6800,499059.832440330,481946.010683055,62.1,AVG
370749:9070,870:870,07/15/23 22:40:11,STABLE BEAMS,6800,498712.809534669,481174.079543548,62.1,AVG
370749:9070,871:871,07/15/23 22:40:34,STABLE BEAMS,6800,498414.597069275,480267.943511717,62.0,AVG
370749:9070,872:872,07/15/23 22:40:58,STABLE BEAMS,6800,497859.007961238,480998.580017153,62.0,AVG
370749:9070,873:873,07/15/23 22:41:21,STABLE BEAMS,6800,496803.192845423,478723.864406335,61.8,AVG
370749:9070,874:874,07/15/23 22:41:44,STABLE BEAMS,6800,496204.352917925,479543.734332735,61.8,AVG
370749:9070,875:875,07/15/23 22:42:08,STABLE BEAMS,6800,495063.215688607,478081.474291461,61.6,AVG
370749:9070,876:876,07/15/23 22:42:31,STABLE BEAMS,6800,495150.859555704,478299.965618714,61.6,AVG
370749:9070,877:877,07/15/23 22:42:54,STABLE BEAMS,6800,495655.957516304,478411.253110557,61.7,AVG
370749:9070,878:878,07/15/23 22:43:18,STABLE BEAMS,6800,495714.234463946,478816.220218265,61.7,AVG
370749:9070,879:879,07/15/23 22:43:41,STABLE BEAMS,6800,494998.155304260,477770.463741214,61.6,AVG
370749:9070,880:880,07/15/23 22:44:04,STABLE BEAMS,6800,495319.589967750,478707.456997446,61.6,AVG
370749:9070,881:881,07/15/23 22:44:27,STABLE BEAMS,6800,495678.811404092,479023.374274935,61.7,AVG
370749:9070,882:882,07/15/23 22:44:51,STABLE BEAMS,6800,495334.613764852,477930.033367042,61.6,AVG
370749:9070,883:883,07/15/23 22:45:14,STABLE BEAMS,6800,495208.315963923,479170.364201724,61.6,AVG
370749:9070,884:884,07/15/23 22:45:37,STABLE BEAMS,6800,494473.709397042,400259.068216019,61.5,AVG
370749:9070,885:885,07/15/23 22:46:01,STABLE BEAMS,6800,494450.216793909,454077.676871973,61.5,AVG
370749:9070,886:886,07/15/23 22:46:24,STABLE BEAMS,6800,494288.815290798,477047.343249201,61.5,AVG
370749:9070,887:887,07/15/23 22:46:47,STABLE BEAMS,6800,493386.706789928,477770.536319971,61.4,AVG
370749:9070,888:888,07/15/23 22:47:11,STABLE BEAMS,6800,492689.933617456,475570.948201815,61.3,AVG
370749:9070,889:889,07/15/23 22:47:34,STABLE BEAMS,6800,492812.268585945,476339.870024124,61.3,AVG
370749:9070,890:890,07/15/23 22:47:57,STABLE BEAMS,6800,493078.249237138,476043.924022029,61.4,AVG
370749:9070,891:891,07/15/23 22:48:21,STABLE BEAMS,6800,492585.489671893,476765.902395877,61.3,AVG
370749:9070,892:892,07/15/23 22:48:44,STABLE BEAMS,6800,491970.849698349,475447.368706352,61.2,AVG
370749:9070,893:893,07/15/23 22:49:07,STABLE BEAMS,6800,492077.069925277,475477.697082023,61.2,AVG
370749:9070,894:894,07/15/23 22:49:31,STABLE BEAMS,6800,492389.578891466,475659.761768238,61.3,AVG
370749:9070,895:895,07/15/23 22:49:54,STABLE BEAMS,6800,491380.842225035,474700.332925257,61.2,AVG
370749:9070,896:896,07/15/23 22:50:17,STABLE BEAMS,6800,491597.331761212,475333.826722384,61.2,AVG
370749:9070,897:897,07/15/23 22:50:40,STABLE BEAMS,6800,491606.938133261,474862.565228007,61.2,AVG
370749:9070,898:898,07/15/23 22:51:04,STABLE BEAMS,6800,491575.023345655,475541.771780116,61.2,AVG
370749:9070,899:899,07/15/23 22:51:27,STABLE BEAMS,6800,490846.013696826,474770.573007383,61.1,AVG
370749:9070,900:900,07/15/23 22:51:50,STABLE BEAMS,6800,490684.887260908,473888.580270037,61.1,AVG
370749:9070,901:901,07/15/23 22:52:14,STABLE BEAMS,6800,490649.557444170,475066.178549778,61.1,AVG
370749:9070,902:902,07/15/23 22:52:37,STABLE BEAMS,6800,490565.920699992,473762.128829680,61.1,AVG
370749:9070,903:903,07/15/23 22:53:00,STABLE BEAMS,6800,489692.950672942,474014.185127251,60.9,AVG
370749:9070,904:904,07/15/23 22:53:24,STABLE BEAMS,6800,489948.639615181,473243.271035224,61.0,AVG
370749:9070,905:905,07/15/23 22:53:47,STABLE BEAMS,6800,489767.298071666,473728.800546436,61.0,AVG
370749:9070,906:906,07/15/23 22:54:10,STABLE BEAMS,6800,489121.244492266,473200.049326611,60.9,AVG
370749:9070,907:907,07/15/23 22:54:34,STABLE BEAMS,6800,488431.709316691,472639.806553250,60.8,AVG
370749:9070,908:908,07/15/23 22:54:57,STABLE BEAMS,6800,488543.482171190,472660.164940344,60.8,AVG
370749:9070,909:909,07/15/23 22:55:20,STABLE BEAMS,6800,488493.401293464,472699.977068740,60.8,AVG
370749:9070,910:910,07/15/23 22:55:44,STABLE BEAMS,6800,488044.897242258,472782.074684909,60.7,AVG
370749:9070,911:911,07/15/23 22:56:07,STABLE BEAMS,6800,487280.695310287,471200.757381271,60.6,AVG
370749:9070,912:912,07/15/23 22:56:30,STABLE BEAMS,6800,487624.573591853,472012.161376857,60.7,AVG
370749:9070,913:913,07/15/23 22:56:53,STABLE BEAMS,6800,487336.102701027,471630.583131024,60.7,AVG
370749:9070,914:914,07/15/23 22:57:17,STABLE BEAMS,6800,487246.092789855,471513.233894500,60.6,AVG
370749:9070,915:915,07/15/23 22:57:40,STABLE BEAMS,6800,486602.041606376,471099.351251608,60.6,AVG
370749:9070,916:916,07/15/23 22:58:03,STABLE BEAMS,6800,486606.638492006,470793.181349086,60.6,AVG
370749:9070,917:917,07/15/23 22:58:27,STABLE BEAMS,6800,485516.768659067,469229.767481766,60.4,AVG
370749:9070,918:918,07/15/23 22:58:50,STABLE BEAMS,6800,485074.229836222,470096.087927803,60.4,AVG
370749:9070,919:919,07/15/23 22:59:13,STABLE BEAMS,6800,483848.045560593,468438.675430526,60.2,AVG
370749:9070,920:920,07/15/23 22:59:37,STABLE BEAMS,6800,481692.663327753,465788.310643311,60.0,AVG
370749:9070,921:921,07/15/23 23:00:00,STABLE BEAMS,6800,480133.027682030,465793.611382862,59.8,AVG
370749:9070,922:922,07/15/23 23:00:23,STABLE BEAMS,6800,479650.147224949,464887.842117882,59.7,AVG
370749:9070,923:923,07/15/23 23:00:47,STABLE BEAMS,6800,479833.810522059,464970.318766619,59.7,AVG
370749:9070,924:924,07/15/23 23:01:10,STABLE BEAMS,6800,479667.949666915,464228.169812793,59.7,AVG
370749:9070,925:925,07/15/23 23:01:33,STABLE BEAMS,6800,479293.291832682,463701.397873797,59.7,AVG
370749:9070,926:926,07/15/23 23:01:56,STABLE BEAMS,6800,479290.468897338,462819.158168640,59.7,AVG
370749:9070,927:927,07/15/23 23:02:20,STABLE BEAMS,6800,479046.798992781,464325.571385461,59.6,AVG
370749:9070,928:928,07/15/23 23:02:43,STABLE BEAMS,6800,478820.656462996,457984.563096401,59.6,AVG
370749:9070,929:929,07/15/23 23:03:06,STABLE BEAMS,6800,477380.441938381,453728.524207774,59.4,AVG
370749:9070,930:930,07/15/23 23:03:30,STABLE BEAMS,6800,476746.043748509,453564.684810074,59.3,AVG
370749:9070,931:931,07/15/23 23:03:53,STABLE BEAMS,6800,475963.356368746,455014.855129594,59.2,AVG
370749:9070,932:932,07/15/23 23:04:16,STABLE BEAMS,6800,474984.576384480,460585.328419324,59.1,AVG
370749:9070,933:933,07/15/23 23:04:40,STABLE BEAMS,6800,473635.329844056,452456.740894865,58.9,AVG
370749:9070,934:934,07/15/23 23:05:03,STABLE BEAMS,6800,473399.352496587,451851.100979309,58.9,AVG
370749:9070,935:935,07/15/23 23:05:26,STABLE BEAMS,6800,473683.590149937,459418.124017417,59.0,AVG
370749:9070,936:936,07/15/23 23:05:50,STABLE BEAMS,6800,473635.511668132,459499.143780230,58.9,AVG
370749:9070,937:937,07/15/23 23:06:13,STABLE BEAMS,6800,473161.692110870,452277.063027676,58.9,AVG
370749:9070,938:938,07/15/23 23:06:36,STABLE BEAMS,6800,472863.160287803,458353.314541153,58.9,AVG
370749:9070,939:939,07/15/23 23:07:00,STABLE BEAMS,6800,472749.382706305,459539.141437561,58.8,AVG
370749:9070,940:940,07/15/23 23:07:23,STABLE BEAMS,6800,472633.192459175,458953.661500511,58.8,AVG
370749:9070,941:941,07/15/23 23:07:46,STABLE BEAMS,6800,472380.690100433,453365.697505389,58.8,AVG
370749:9070,942:942,07/15/23 23:08:09,STABLE BEAMS,6800,472116.259616048,458266.272934269,58.8,AVG
370749:9070,943:943,07/15/23 23:08:33,STABLE BEAMS,6800,472093.813666894,458276.093414202,58.8,AVG
370749:9070,944:944,07/15/23 23:08:56,STABLE BEAMS,6800,471380.921090704,450875.277399816,58.7,AVG
370749:9070,945:945,07/15/23 23:09:19,STABLE BEAMS,6800,470477.082930028,450543.784404211,58.6,AVG
370749:9070,946:946,07/15/23 23:09:43,STABLE BEAMS,6800,469851.379660744,456171.550508525,58.5,AVG
370749:9070,947:947,07/15/23 23:10:06,STABLE BEAMS,6800,464453.931945622,451328.597916689,57.8,AVG
370749:9070,948:948,07/15/23 23:10:29,STABLE BEAMS,6800,454764.571191842,442378.624659319,56.6,AVG
370749:9070,949:949,07/15/23 23:10:53,STABLE BEAMS,6800,448714.650108767,436377.113548552,55.8,AVG
370749:9070,950:950,07/15/23 23:11:16,STABLE BEAMS,6800,452380.771297181,439678.657569813,56.3,AVG
370749:9070,951:951,07/15/23 23:11:39,STABLE BEAMS,6800,461085.342547854,448817.419497811,57.4,AVG
370749:9070,952:952,07/15/23 23:12:03,STABLE BEAMS,6800,469932.829853846,455732.132820455,58.5,AVG
370749:9070,953:953,07/15/23 23:12:26,STABLE BEAMS,6800,469430.466247629,456525.424324845,58.4,AVG
370749:9070,954:954,07/15/23 23:12:49,STABLE BEAMS,6800,469025.350549481,454635.782620840,58.4,AVG
370749:9070,955:955,07/15/23 23:13:13,STABLE BEAMS,6800,470201.815264459,457068.869747497,58.5,AVG
370749:9070,956:956,07/15/23 23:13:36,STABLE BEAMS,6800,468690.712660733,450791.030345918,58.3,AVG
370749:9070,957:957,07/15/23 23:13:59,STABLE BEAMS,6800,468013.014698763,451022.695262559,58.2,AVG
370749:9070,958:958,07/15/23 23:14:22,STABLE BEAMS,6800,467786.508520825,450593.061009327,58.2,AVG
370749:9070,959:959,07/15/23 23:14:46,STABLE BEAMS,6800,466303.588648978,449632.053321810,58.0,AVG
370749:9070,960:960,07/15/23 23:15:09,STABLE BEAMS,6800,465186.629359698,443045.090051979,57.9,AVG
370749:9070,961:961,07/15/23 23:15:32,STABLE BEAMS,6800,464557.373527686,448449.761128259,57.8,AVG
370749:9070,962:962,07/15/23 23:15:56,STABLE BEAMS,6800,465338.058511528,448460.165648621,57.9,AVG
370749:9070,963:963,07/15/23 23:16:19,STABLE BEAMS,6800,464957.118422339,448796.406669020,57.9,AVG
370749:9070,964:964,07/15/23 23:16:42,STABLE BEAMS,6800,464205.481000280,447877.836877788,57.8,AVG
370749:9070,965:965,07/15/23 23:17:06,STABLE BEAMS,6800,464343.205745103,447186.648196498,57.8,AVG
370749:9070,966:966,07/15/23 23:17:29,STABLE BEAMS,6800,465346.662520078,448691.485911933,57.9,AVG
370749:9070,968:968,07/15/23 23:18:16,STABLE BEAMS,6800,465122.478095734,306175.176433486,57.9,AVG
370749:9070,969:969,07/15/23 23:18:39,STABLE BEAMS,6800,464893.787697798,447340.511555483,57.9,AVG
370749:9070,970:970,07/15/23 23:19:02,STABLE BEAMS,6800,464484.163694981,447902.407441374,57.8,AVG
370749:9070,971:971,07/15/23 23:19:25,STABLE BEAMS,6800,465543.575664003,448301.853886960,57.9,AVG
370749:9070,972:972,07/15/23 23:19:49,STABLE BEAMS,6800,465505.513823960,448395.206955641,57.9,AVG
370749:9070,973:973,07/15/23 23:20:12,STABLE BEAMS,6800,464443.325541151,145153.321998218,57.8,AVG
370749:9070,974:974,07/15/23 23:20:35,STABLE BEAMS,6800,464547.858067675,345149.949225334,57.8,AVG
370749:9070,975:975,07/15/23 23:20:59,STABLE BEAMS,6800,463167.787684104,446201.954631826,57.6,AVG
370749:9070,976:976,07/15/23 23:21:22,STABLE BEAMS,6800,462448.841298594,445537.055540803,57.6,AVG
370749:9070,977:977,07/15/23 23:21:45,STABLE BEAMS,6800,461158.235353964,444769.616721056,57.4,AVG
370749:9070,978:978,07/15/23 23:22:09,STABLE BEAMS,6800,461478.849478032,444274.352011830,57.4,AVG
370749:9070,979:979,07/15/23 23:22:32,STABLE BEAMS,6800,462135.740238616,348808.704367648,57.5,AVG
370749:9070,980:980,07/15/23 23:22:55,STABLE BEAMS,6800,461968.921310452,445254.659927031,57.5,AVG
370749:9070,981:981,07/15/23 23:23:19,STABLE BEAMS,6800,461636.106324626,444667.822010884,57.5,AVG
370749:9070,982:982,07/15/23 23:23:42,STABLE BEAMS,6800,461925.486335836,446081.332262444,57.5,AVG
370749:9070,983:983,07/15/23 23:24:05,STABLE BEAMS,6800,461312.804467733,445013.259722026,57.4,AVG
370749:9070,984:984,07/15/23 23:24:29,STABLE BEAMS,6800,460981.446405598,362835.124847547,57.4,AVG
370749:9070,985:985,07/15/23 23:24:52,STABLE BEAMS,6800,460545.961424495,427096.259781688,57.3,AVG
370749:9070,986:986,07/15/23 23:25:15,STABLE BEAMS,6800,462078.463323396,445547.551957574,57.5,AVG
370749:9070,987:987,07/15/23 23:25:38,STABLE BEAMS,6800,462055.471902012,445808.416614885,57.5,AVG
370749:9070,988:988,07/15/23 23:26:02,STABLE BEAMS,6800,460004.486993177,442592.453502061,57.3,AVG
370749:9070,989:989,07/15/23 23:26:25,STABLE BEAMS,6800,459991.283767919,443573.018330536,57.3,AVG
370749:9070,990:990,07/15/23 23:26:48,STABLE BEAMS,6800,459809.807021885,443901.055342768,57.2,AVG
370749:9070,991:991,07/15/23 23:27:12,STABLE BEAMS,6800,459967.108158959,442677.684420358,57.2,AVG
370749:9070,992:992,07/15/23 23:27:35,STABLE BEAMS,6800,459632.745337404,443850.320776726,57.2,AVG
370749:9070,993:993,07/15/23 23:27:58,STABLE BEAMS,6800,459275.297851349,444008.558446917,57.2,AVG
370749:9070,994:994,07/15/23 23:28:22,STABLE BEAMS,6800,458769.425972884,442451.941179738,57.1,AVG
370749:9070,995:995,07/15/23 23:28:45,STABLE BEAMS,6800,458393.085100403,442558.129618565,57.1,AVG
370749:9070,996:996,07/15/23 23:29:08,STABLE BEAMS,6800,457584.536742355,442418.252174596,57.0,AVG
370749:9070,997:997,07/15/23 23:29:32,STABLE BEAMS,6800,457051.258380953,441298.784150030,56.9,AVG
370749:9070,998:998,07/15/23 23:29:55,STABLE BEAMS,6800,456655.110339508,440932.217611029,56.8,AVG
370749:9070,999:999,07/15/23 23:30:18,STABLE BEAMS,6800,457845.326083051,441891.839523876,57.0,AVG
370749:9070,1000:1000,07/15/23 23:30:41,STABLE BEAMS,6800,458019.884189862,442286.279955571,57.0,AVG
370749:9070,1001:1001,07/15/23 23:31:05,STABLE BEAMS,6800,457909.295522939,442435.041094812,57.0,AVG
370749:9070,1002:1002,07/15/23 23:31:28,STABLE BEAMS,6800,458761.549260641,442878.777499736,57.1,AVG
370749:9070,1003:1003,07/15/23 23:31:51,STABLE BEAMS,6800,457465.980451150,442276.094076329,56.9,AVG
370749:9070,1004:1004,07/15/23 23:32:15,STABLE BEAMS,6800,456813.961643389,437000.811385298,56.9,AVG
370749:9070,1005:1005,07/15/23 23:32:38,STABLE BEAMS,6800,456826.300038744,435580.190453018,56.9,AVG
370749:9070,1006:1006,07/15/23 23:33:01,STABLE BEAMS,6800,455976.594169193,440112.759948616,56.8,AVG
370749:9070,1007:1007,07/15/23 23:33:25,STABLE BEAMS,6800,454406.394078402,439660.054351366,56.6,AVG
370749:9070,1008:1008,07/15/23 23:33:48,STABLE BEAMS,6800,454272.813990096,438618.208674909,56.5,AVG
370749:9070,1009:1009,07/15/23 23:34:11,STABLE BEAMS,6800,453944.549268341,439796.428814644,56.5,AVG
370749:9070,1010:1010,07/15/23 23:34:35,STABLE BEAMS,6800,454242.854976852,438798.942269147,56.5,AVG
370749:9070,1011:1011,07/15/23 23:34:58,STABLE BEAMS,6800,453973.279803529,439635.817143396,56.5,AVG
370749:9070,1012:1012,07/15/23 23:35:21,STABLE BEAMS,6800,453611.825194554,438146.710499052,56.5,AVG
370749:9070,1013:1013,07/15/23 23:35:45,STABLE BEAMS,6800,453527.824802223,438724.082388522,56.4,AVG
370749:9070,1014:1014,07/15/23 23:36:08,STABLE BEAMS,6800,452765.625266173,431059.737204072,56.4,AVG
370749:9070,1015:1015,07/15/23 23:36:31,STABLE BEAMS,6800,452278.194545020,437907.839389880,56.3,AVG
370749:9070,1016:1016,07/15/23 23:36:54,STABLE BEAMS,6800,451056.108304350,435996.836761251,56.1,AVG
370749:9070,1017:1017,07/15/23 23:37:18,STABLE BEAMS,6800,452384.048792716,430248.812779948,56.3,AVG
370749:9070,1018:1018,07/15/23 23:37:41,STABLE BEAMS,6800,449467.287563248,433020.697361278,55.9,AVG
370749:9070,1019:1019,07/15/23 23:38:04,STABLE BEAMS,6800,449564.262735202,428101.402758934,56.0,AVG
370749:9070,1020:1020,07/15/23 23:38:28,STABLE BEAMS,6800,451322.086624464,434501.106382306,56.2,AVG
370749:9070,1021:1021,07/15/23 23:38:51,STABLE BEAMS,6800,449978.940514919,434723.030007488,56.0,AVG
370749:9070,1022:1022,07/15/23 23:39:14,STABLE BEAMS,6800,449329.882176098,425396.199740292,55.9,AVG
370749:9070,1023:1023,07/15/23 23:39:38,STABLE BEAMS,6800,449047.374182555,433208.789979747,55.9,AVG
370749:9070,1024:1024,07/15/23 23:40:01,STABLE BEAMS,6800,449200.122724479,432714.714544676,55.9,AVG
370749:9070,1025:1025,07/15/23 23:40:24,STABLE BEAMS,6800,449350.460931850,425766.300147505,55.9,AVG
370749:9070,1026:1026,07/15/23 23:40:48,STABLE BEAMS,6800,449838.665570868,428758.903077926,56.0,AVG
370749:9070,1027:1027,07/15/23 23:41:11,STABLE BEAMS,6800,450917.199371951,427932.599493501,56.1,AVG
370749:9070,1028:1028,07/15/23 23:41:34,STABLE BEAMS,6800,450782.843034702,435210.216909095,56.1,AVG
370749:9070,1029:1029,07/15/23 23:41:58,STABLE BEAMS,6800,451355.323133243,435430.464657170,56.2,AVG
370749:9070,1030:1030,07/15/23 23:42:21,STABLE BEAMS,6800,451150.717432229,434932.651918127,56.2,AVG
370749:9070,1031:1031,07/15/23 23:42:44,STABLE BEAMS,6800,450699.071088006,433697.870000871,56.1,AVG
370749:9070,1032:1032,07/15/23 23:43:07,STABLE BEAMS,6800,450424.530718743,198502.839743745,56.1,AVG
370749:9070,1033:1033,07/15/23 23:43:31,STABLE BEAMS,6800,452172.794857515,430082.452573802,56.3,AVG
370749:9070,1034:1034,07/15/23 23:43:54,STABLE BEAMS,6800,450152.587170268,433580.384519472,56.0,AVG
370749:9070,1035:1035,07/15/23 23:44:17,STABLE BEAMS,6800,449916.975802031,434521.610183697,56.0,AVG
370749:9070,1036:1036,07/15/23 23:44:41,STABLE BEAMS,6800,449170.438778429,432756.404871494,55.9,AVG
370749:9070,1037:1037,07/15/23 23:45:04,STABLE BEAMS,6800,447954.681414272,432887.806739905,55.8,AVG
370749:9070,1038:1038,07/15/23 23:45:27,STABLE BEAMS,6800,447788.046641264,431679.191160115,55.7,AVG
370749:9070,1039:1039,07/15/23 23:45:51,STABLE BEAMS,6800,447112.034048620,432309.756827244,55.6,AVG
370749:9070,1040:1040,07/15/23 23:46:14,STABLE BEAMS,6800,446934.699628024,431045.052959710,55.6,AVG
370749:9070,1041:1041,07/15/23 23:46:37,STABLE BEAMS,6800,446673.635220134,432005.228100378,55.6,AVG
370749:9070,1042:1042,07/15/23 23:47:01,STABLE BEAMS,6800,446734.418076525,430905.081905164,55.6,AVG
370749:9070,1043:1043,07/15/23 23:47:24,STABLE BEAMS,6800,446543.651985036,431411.117029443,55.6,AVG
370749:9070,1044:1044,07/15/23 23:47:47,STABLE BEAMS,6800,446281.587544725,431323.828872858,55.5,AVG
370749:9070,1045:1045,07/15/23 23:48:10,STABLE BEAMS,6800,446117.409727829,431154.038826297,55.5,AVG
370749:9070,1046:1046,07/15/23 23:48:34,STABLE BEAMS,6800,445623.650130162,429998.338691201,55.5,AVG
370749:9070,1047:1047,07/15/23 23:48:57,STABLE BEAMS,6800,445548.344658419,430601.587850519,55.5,AVG
370749:9070,1048:1048,07/15/23 23:49:20,STABLE BEAMS,6800,446979.544904773,426384.936806056,55.6,AVG
370749:9070,1049:1049,07/15/23 23:49:44,STABLE BEAMS,6800,444982.146814834,429870.428914485,55.4,AVG
370749:9070,1050:1050,07/15/23 23:50:07,STABLE BEAMS,6800,444090.691339992,430064.146228944,55.3,AVG
370749:9070,1051:1051,07/15/23 23:50:30,STABLE BEAMS,6800,443903.477811232,428819.063490448,55.2,AVG
370749:9070,1052:1052,07/15/23 23:50:54,STABLE BEAMS,6800,443030.235048067,428941.529471955,55.1,AVG
370749:9070,1053:1053,07/15/23 23:51:17,STABLE BEAMS,6800,444139.271003546,428883.952227874,55.3,AVG
370749:9070,1054:1054,07/15/23 23:51:40,STABLE BEAMS,6800,444479.372938905,429129.636222626,55.3,AVG
370749:9070,1055:1055,07/15/23 23:52:04,STABLE BEAMS,6800,444180.475136607,429318.365804551,55.3,AVG
370749:9070,1056:1056,07/15/23 23:52:27,STABLE BEAMS,6800,443926.606766212,429260.638439893,55.3,AVG
370749:9070,1057:1057,07/15/23 23:52:50,STABLE BEAMS,6800,443832.771556197,429765.741162591,55.2,AVG
370749:9070,1058:1058,07/15/23 23:53:14,STABLE BEAMS,6800,443561.054122279,428752.969440988,55.2,AVG
370749:9070,1059:1059,07/15/23 23:53:37,STABLE BEAMS,6800,443137.089328185,428252.683973125,55.2,AVG
370749:9070,1060:1060,07/15/23 23:54:00,STABLE BEAMS,6800,442933.166632997,427824.517309274,55.1,AVG
370749:9070,1061:1061,07/15/23 23:54:23,STABLE BEAMS,6800,443301.038699447,429116.129770631,55.2,AVG
370749:9070,1062:1062,07/15/23 23:54:47,STABLE BEAMS,6800,442787.975445643,428098.413868388,55.1,AVG
370749:9070,1063:1063,07/15/23 23:55:10,STABLE BEAMS,6800,442383.405219724,427674.585311781,55.1,AVG
370749:9070,1064:1064,07/15/23 23:55:33,STABLE BEAMS,6800,444078.672302310,428430.842785828,55.3,AVG
370749:9070,1065:1065,07/15/23 23:55:57,STABLE BEAMS,6800,442641.828516347,428646.788537480,55.1,AVG
370749:9070,1066:1066,07/15/23 23:56:20,STABLE BEAMS,6800,442218.544397002,427076.767314629,55.0,AVG
370749:9070,1067:1067,07/15/23 23:56:43,STABLE BEAMS,6800,441730.067021869,427275.203109920,55.0,AVG
370749:9070,1070:1070,07/15/23 23:57:53,STABLE BEAMS,6800,440150.715119220,426039.622104064,54.8,AVG
370749:9070,1071:1071,07/15/23 23:58:17,STABLE BEAMS,6800,440013.081286436,425866.462233176,54.8,AVG
370749:9070,1074:1074,07/15/23 23:59:27,STABLE BEAMS,6800,439386.695011326,425784.587868321,54.7,AVG
370749:9070,1075:1075,07/15/23 23:59:50,STABLE BEAMS,6800,438877.181989172,424966.238536640,54.6,AVG
370749:9070,1076:1076,07/16/23 00:00:13,STABLE BEAMS,6800,438713.642887622,424379.227868044,54.6,AVG
370749:9070,1077:1077,07/16/23 00:00:36,STABLE BEAMS,6800,438749.928446302,424825.982417469,54.6,AVG
370749:9070,1078:1078,07/16/23 00:01:00,STABLE BEAMS,6800,439869.892495002,426065.180212305,54.7,AVG
370749:9070,1079:1079,07/16/23 00:01:23,STABLE BEAMS,6800,440532.203011717,425718.886272342,54.8,AVG
370749:9070,1080:1080,07/16/23 00:01:46,STABLE BEAMS,6800,438909.735492125,425503.325096228,54.6,AVG
370749:9070,1081:1081,07/16/23 00:02:10,STABLE BEAMS,6800,438849.637972639,424297.272334118,54.6,AVG
370749:9070,1082:1082,07/16/23 00:02:33,STABLE BEAMS,6800,438373.405749744,419864.790545197,54.6,AVG
370749:9070,1083:1083,07/16/23 00:02:56,STABLE BEAMS,6800,437961.369081294,423349.613559078,54.5,AVG
370749:9070,1084:1084,07/16/23 00:03:20,STABLE BEAMS,6800,437657.191387539,416165.780769392,54.5,AVG
370749:9070,1085:1085,07/16/23 00:03:43,STABLE BEAMS,6800,437747.019474634,415702.833899556,54.5,AVG
370749:9070,1086:1086,07/16/23 00:04:06,STABLE BEAMS,6800,437683.642128535,417794.162779140,54.5,AVG
370749:9070,1087:1087,07/16/23 00:04:30,STABLE BEAMS,6800,437243.606883360,423231.599921088,54.4,AVG
370749:9070,1088:1088,07/16/23 00:04:53,STABLE BEAMS,6800,436455.320254467,416658.406521957,54.3,AVG
370749:9070,1089:1089,07/16/23 00:05:16,STABLE BEAMS,6800,436650.137759356,422425.299764842,54.3,AVG
370749:9070,1090:1090,07/16/23 00:05:39,STABLE BEAMS,6800,434839.545259543,421231.738364374,54.1,AVG
370749:9070,1091:1091,07/16/23 00:06:03,STABLE BEAMS,6800,433396.827157257,419989.225380155,53.9,AVG
370749:9070,1092:1092,07/16/23 00:06:26,STABLE BEAMS,6800,434336.587228460,421420.957412125,54.1,AVG
370749:9070,1093:1093,07/16/23 00:06:49,STABLE BEAMS,6800,433837.363584182,414394.901658131,54.0,AVG
370749:9070,1094:1094,07/16/23 00:07:13,STABLE BEAMS,6800,433767.340334973,419815.584574045,54.0,AVG
370749:9070,1095:1095,07/16/23 00:07:36,STABLE BEAMS,6800,433111.906498081,420555.313642344,53.9,AVG
370749:9070,1096:1096,07/16/23 00:07:59,STABLE BEAMS,6800,434447.178226460,238850.296658217,54.1,AVG
370749:9070,1097:1097,07/16/23 00:08:23,STABLE BEAMS,6800,434157.250411943,421422.034467956,54.0,AVG
370749:9070,1098:1098,07/16/23 00:08:46,STABLE BEAMS,6800,434537.097225594,421170.682101973,54.1,AVG
370749:9070,1100:1100,07/16/23 00:09:33,STABLE BEAMS,6800,433967.395771916,420731.143533804,54.0,AVG
370749:9070,1101:1101,07/16/23 00:09:56,STABLE BEAMS,6800,433137.312916175,419336.829806274,53.9,AVG
370749:9070,1102:1102,07/16/23 00:10:19,STABLE BEAMS,6800,432503.686313089,419233.828397258,53.8,AVG
370749:9070,1103:1103,07/16/23 00:10:43,STABLE BEAMS,6800,431703.609092150,418667.561277971,53.7,AVG
370749:9070,1104:1104,07/16/23 00:11:06,STABLE BEAMS,6800,430773.408771438,417731.940296635,53.6,AVG
370749:9070,1106:1106,07/16/23 00:11:52,STABLE BEAMS,6800,428978.387872035,410619.598294576,53.4,AVG
370749:9070,1107:1107,07/16/23 00:12:16,STABLE BEAMS,6800,427917.017797571,415076.645311838,53.3,AVG
370749:9070,1108:1108,07/16/23 00:12:39,STABLE BEAMS,6800,427501.020627760,414826.545052616,53.2,AVG
370749:9070,1109:1109,07/16/23 00:13:02,STABLE BEAMS,6800,428325.093964660,415654.549623754,53.3,AVG
370749:9070,1110:1110,07/16/23 00:13:26,STABLE BEAMS,6800,428013.174761180,414500.939693106,53.3,AVG
370749:9070,1111:1111,07/16/23 00:13:49,STABLE BEAMS,6800,427808.569060166,415776.600777648,53.2,AVG
370749:9070,1112:1112,07/16/23 00:14:12,STABLE BEAMS,6800,427469.516109864,408749.459734333,53.2,AVG
370749:9070,1113:1113,07/16/23 00:14:36,STABLE BEAMS,6800,428038.716381793,414703.280392887,53.3,AVG
370749:9070,1114:1114,07/16/23 00:14:59,STABLE BEAMS,6800,427782.297812169,415138.671517609,53.2,AVG
370749:9070,1115:1115,07/16/23 00:15:22,STABLE BEAMS,6800,427330.150286196,415261.450217993,53.2,AVG
370749:9070,1116:1116,07/16/23 00:15:46,STABLE BEAMS,6800,426641.573183641,414133.581945531,53.1,AVG
370749:9070,1117:1117,07/16/23 00:16:09,STABLE BEAMS,6800,425729.583243528,413531.299605244,53.0,AVG
370749:9070,1118:1118,07/16/23 00:16:32,STABLE BEAMS,6800,424891.397560987,412070.956351728,52.9,AVG
370749:9070,1119:1119,07/16/23 00:16:56,STABLE BEAMS,6800,424106.162313073,412573.000844102,52.8,AVG
370749:9070,1120:1120,07/16/23 00:17:19,STABLE BEAMS,6800,423093.190078087,309907.307907167,52.7,AVG
370749:9070,1121:1121,07/16/23 00:17:42,STABLE BEAMS,6800,422590.504783119,381667.765266018,52.6,AVG
370749:9070,1122:1122,07/16/23 00:18:05,STABLE BEAMS,6800,420563.788726359,408089.972692754,52.3,AVG
370749:9070,1123:1123,07/16/23 00:18:29,STABLE BEAMS,6800,420924.422795912,407742.877028768,52.4,AVG
370749:9070,1124:1124,07/16/23 00:18:52,STABLE BEAMS,6800,421516.434996225,408516.535985990,52.5,AVG
370749:9070,1125:1125,07/16/23 00:19:15,STABLE BEAMS,6800,420978.009614807,407941.637349957,52.4,AVG
370749:9070,1126:1126,07/16/23 00:19:39,STABLE BEAMS,6800,420924.422795912,407542.895372481,52.4,AVG
370749:9070,1127:1127,07/16/23 00:20:02,STABLE BEAMS,6800,420576.945330059,408778.113057521,52.3,AVG
370749:9070,1128:1128,07/16/23 00:20:25,STABLE BEAMS,6800,420057.278132548,408116.981516656,52.3,AVG
370749:9070,1129:1129,07/16/23 00:20:49,STABLE BEAMS,6800,420575.535027926,407834.624774639,52.3,AVG
370749:9070,1130:1130,07/16/23 00:21:12,STABLE BEAMS,6800,421191.312567487,409657.310052394,52.4,AVG
370749:9070,1131:1131,07/16/23 00:21:35,STABLE BEAMS,6800,421173.328301445,408579.081030393,52.4,AVG
370749:9070,1132:1132,07/16/23 00:21:59,STABLE BEAMS,6800,420970.179524122,408952.513201783,52.4,AVG
370749:9070,1133:1133,07/16/23 00:22:22,STABLE BEAMS,6800,420673.650096976,407901.977635292,52.4,AVG
370749:9070,1134:1134,07/16/23 00:22:45,STABLE BEAMS,6800,420526.272358546,405523.065327461,52.3,AVG
370749:9070,1135:1135,07/16/23 00:23:08,STABLE BEAMS,6800,420266.667205425,404741.266174749,52.3,AVG
370749:9070,1136:1136,07/16/23 00:23:32,STABLE BEAMS,6800,420341.424873860,404853.313049016,52.3,AVG
370749:9070,1137:1137,07/16/23 00:23:55,STABLE BEAMS,6800,420153.344184119,398860.280883346,52.3,AVG
370749:9070,1138:1138,07/16/23 00:24:18,STABLE BEAMS,6800,419969.909332644,404527.629415505,52.3,AVG
370749:9070,1139:1139,07/16/23 00:24:42,STABLE BEAMS,6800,419495.817039267,404334.076124155,52.2,AVG
370749:9070,1140:1140,07/16/23 00:25:05,STABLE BEAMS,6800,419495.817039267,404133.807394815,52.2,AVG
370749:9070,1141:1141,07/16/23 00:25:28,STABLE BEAMS,6800,419349.259840260,404229.971217238,52.2,AVG
370749:9070,1142:1142,07/16/23 00:25:52,STABLE BEAMS,6800,418781.106222311,403292.904072782,52.1,AVG
370749:9070,1143:1143,07/16/23 00:26:15,STABLE BEAMS,6800,418227.657043791,403655.160077603,52.1,AVG
370749:9070,1144:1144,07/16/23 00:26:38,STABLE BEAMS,6800,418286.024903471,403145.123418747,52.1,AVG
370749:9070,1145:1145,07/16/23 00:27:02,STABLE BEAMS,6800,418284.749803857,403214.180074065,52.1,AVG
370749:9070,1146:1146,07/16/23 00:27:25,STABLE BEAMS,6800,417960.266090466,398011.823401838,52.0,AVG
370749:9070,1147:1147,07/16/23 00:27:48,STABLE BEAMS,6800,417264.173592742,401853.111352636,51.9,AVG
370749:9070,1148:1148,07/16/23 00:28:12,STABLE BEAMS,6800,417668.060812834,402516.059913704,52.0,AVG
370749:9070,1149:1149,07/16/23 00:28:35,STABLE BEAMS,6800,417418.882571186,402926.857877585,52.0,AVG
370749:9070,1150:1150,07/16/23 00:28:58,STABLE BEAMS,6800,417048.367062391,402243.573669408,51.9,AVG
370749:9070,1151:1151,07/16/23 00:29:21,STABLE BEAMS,6800,416551.602705304,401236.494194498,51.8,AVG
370749:9070,1152:1152,07/16/23 00:29:45,STABLE BEAMS,6800,416592.305656615,402406.686265278,51.8,AVG
370749:9070,1153:1153,07/16/23 00:30:08,STABLE BEAMS,6800,416348.360684864,396194.291258406,51.8,AVG
370749:9070,1154:1154,07/16/23 00:30:31,STABLE BEAMS,6800,415912.057495416,400801.202593389,51.8,AVG
370749:9070,1155:1155,07/16/23 00:30:55,STABLE BEAMS,6800,415609.882197582,401281.024473289,51.7,AVG
370749:9070,1156:1156,07/16/23 00:31:18,STABLE BEAMS,6800,415320.001004623,400651.046007740,51.7,AVG
370749:9070,1157:1157,07/16/23 00:31:41,STABLE BEAMS,6800,414977.668227708,400075.434024931,51.6,AVG
370749:9070,1158:1158,07/16/23 00:32:05,STABLE BEAMS,6800,414310.215353134,399986.910375702,51.6,AVG
370749:9070,1159:1159,07/16/23 00:32:28,STABLE BEAMS,6800,414621.952732537,400652.621683151,51.6,AVG
370749:9070,1160:1160,07/16/23 00:32:51,STABLE BEAMS,6800,414613.574838544,400497.697498498,51.6,AVG
370749:9070,1161:1161,07/16/23 00:33:15,STABLE BEAMS,6800,414623.955128458,395171.934715974,51.6,AVG
370749:9070,1162:1162,07/16/23 00:33:38,STABLE BEAMS,6800,414352.240025617,399747.510310965,51.6,AVG
370749:9070,1163:1163,07/16/23 00:34:01,STABLE BEAMS,6800,414406.829208012,400514.750586295,51.6,AVG
370749:9070,1164:1164,07/16/23 00:34:25,STABLE BEAMS,6800,414262.001668811,392519.523644752,51.6,AVG
370749:9070,1165:1165,07/16/23 00:34:48,STABLE BEAMS,6800,414300.289623411,395158.170210509,51.6,AVG
370749:9070,1166:1166,07/16/23 00:35:11,STABLE BEAMS,6800,414059.260830121,400002.181419213,51.5,AVG
370749:9070,1167:1167,07/16/23 00:35:34,STABLE BEAMS,6800,413938.881635994,400160.270819672,51.5,AVG
370749:9070,1168:1168,07/16/23 00:35:58,STABLE BEAMS,6800,413649.410712746,399866.403372115,51.5,AVG
370749:9070,1169:1169,07/16/23 00:36:21,STABLE BEAMS,6800,413561.857757687,399238.537228194,51.5,AVG
370749:9070,1170:1170,07/16/23 00:36:44,STABLE BEAMS,6800,413361.303470073,400079.463038255,51.4,AVG
370749:9070,1171:1171,07/16/23 00:37:08,STABLE BEAMS,6800,412835.673375280,394651.604339574,51.4,AVG
370749:9070,1172:1172,07/16/23 00:37:31,STABLE BEAMS,6800,412835.990401875,398402.122336905,51.4,AVG
370749:9070,1173:1173,07/16/23 00:37:54,STABLE BEAMS,6800,412931.009799466,399364.332095598,51.4,AVG
370749:9070,1174:1174,07/16/23 00:38:18,STABLE BEAMS,6800,412523.299611609,398926.521879608,51.3,AVG
370749:9070,1175:1175,07/16/23 00:38:41,STABLE BEAMS,6800,412246.894380022,398077.292329150,51.3,AVG
370749:9070,1176:1176,07/16/23 00:39:04,STABLE BEAMS,6800,412390.582022127,399317.030845005,51.3,AVG
370749:9070,1177:1177,07/16/23 00:39:28,STABLE BEAMS,6800,411973.127928624,397692.243785059,51.3,AVG
370749:9070,1178:1178,07/16/23 00:39:51,STABLE BEAMS,6800,411656.066367285,397642.803009449,51.2,AVG
370749:9070,1179:1179,07/16/23 00:40:14,STABLE BEAMS,6800,411623.557154812,398398.371673499,51.2,AVG
370749:9070,1180:1180,07/16/23 00:40:37,STABLE BEAMS,6800,411239.749839800,397584.506845670,51.2,AVG
370749:9070,1181:1181,07/16/23 00:41:01,STABLE BEAMS,6800,411298.663171710,397852.577555357,51.2,AVG
370749:9070,1182:1182,07/16/23 00:41:24,STABLE BEAMS,6800,411509.690992354,397847.138688818,51.2,AVG
370749:9070,1183:1183,07/16/23 00:41:47,STABLE BEAMS,6800,410893.820209676,397231.779631963,51.1,AVG
370749:9070,1184:1184,07/16/23 00:42:11,STABLE BEAMS,6800,410398.421864242,396878.385694008,51.1,AVG
370749:9070,1185:1185,07/16/23 00:42:34,STABLE BEAMS,6800,410659.346407457,396957.025722277,51.1,AVG
370749:9070,1186:1186,07/16/23 00:42:57,STABLE BEAMS,6800,410554.130875107,391190.396201094,51.1,AVG
370749:9070,1187:1187,07/16/23 00:43:21,STABLE BEAMS,6800,409691.359313894,395762.459768187,51.0,AVG
370749:9070,1188:1188,07/16/23 00:43:44,STABLE BEAMS,6800,409323.848564520,396495.523557453,50.9,AVG
370749:9070,1189:1189,07/16/23 00:44:07,STABLE BEAMS,6800,409652.796292101,396396.301124846,51.0,AVG
370749:9070,1190:1190,07/16/23 00:44:31,STABLE BEAMS,6800,409852.530040292,395749.365623569,51.0,AVG
370749:9070,1191:1191,07/16/23 00:44:54,STABLE BEAMS,6800,409552.312847899,396500.431403387,51.0,AVG
370749:9070,1192:1192,07/16/23 00:45:17,STABLE BEAMS,6800,408748.955800346,395564.546008548,50.9,AVG
370749:9070,1193:1193,07/16/23 00:45:41,STABLE BEAMS,6800,407986.574440220,389685.142589396,50.8,AVG
370749:9070,1194:1194,07/16/23 00:46:04,STABLE BEAMS,6800,408091.748013168,394325.419188845,50.8,AVG
370749:9070,1195:1195,07/16/23 00:46:27,STABLE BEAMS,6800,408730.288528478,395700.425770812,50.9,AVG
370749:9070,1196:1196,07/16/23 00:46:50,STABLE BEAMS,6800,408494.814693837,395280.031784782,50.8,AVG
370749:9070,1197:1197,07/16/23 00:47:14,STABLE BEAMS,6800,408482.658122559,395211.735213245,50.8,AVG
370749:9070,1198:1198,07/16/23 00:47:37,STABLE BEAMS,6800,408318.436015182,395109.327015368,50.8,AVG
370749:9070,1199:1199,07/16/23 00:48:00,STABLE BEAMS,6800,408066.705243227,394789.833251199,50.8,AVG
370749:9070,1200:1200,07/16/23 00:48:24,STABLE BEAMS,6800,407956.617758054,394679.353385148,50.8,AVG
370749:9070,1201:1201,07/16/23 00:48:47,STABLE BEAMS,6800,407783.379041338,394204.652335800,50.8,AVG
370749:9070,1202:1202,07/16/23 00:49:10,STABLE BEAMS,6800,407264.532383250,394720.077082268,50.7,AVG
370749:9070,1203:1203,07/16/23 00:49:34,STABLE BEAMS,6800,406872.848355995,393936.916230208,50.6,AVG
370749:9070,1204:1204,07/16/23 00:49:57,STABLE BEAMS,6800,406856.775573835,389591.549988992,50.6,AVG
370749:9070,1205:1205,07/16/23 00:50:20,STABLE BEAMS,6800,406414.600399142,393576.693011873,50.6,AVG
370749:9070,1206:1206,07/16/23 00:50:44,STABLE BEAMS,6800,406051.963933669,393234.221476958,50.5,AVG
370749:9070,1207:1207,07/16/23 00:51:07,STABLE BEAMS,6800,405941.920738976,392539.629650144,50.5,AVG
370749:9070,1208:1208,07/16/23 00:51:30,STABLE BEAMS,6800,406396.252484947,394061.047687014,50.6,AVG
370749:9070,1209:1209,07/16/23 00:51:54,STABLE BEAMS,6800,406080.235246509,393234.816847008,50.5,AVG
370749:9070,1210:1210,07/16/23 00:52:17,STABLE BEAMS,6800,405644.934420560,317668.500408035,50.5,AVG
370749:9070,1211:1211,07/16/23 00:52:40,STABLE BEAMS,6800,405680.674507010,211547.923640737,50.5,AVG
370749:9070,1212:1212,07/16/23 00:53:03,STABLE BEAMS,6800,405786.074194515,392355.659566635,50.5,AVG
370749:9070,1213:1213,07/16/23 00:53:27,STABLE BEAMS,6800,405123.402360725,392969.041802325,50.4,AVG
370749:9070,1214:1214,07/16/23 00:53:50,STABLE BEAMS,6800,404805.928198596,391686.567892495,50.4,AVG
370749:9070,1215:1215,07/16/23 00:54:13,STABLE BEAMS,6800,404780.433199542,392642.174556158,50.4,AVG
370749:9070,1216:1216,07/16/23 00:54:37,STABLE BEAMS,6800,404712.412346255,392333.430526063,50.4,AVG
370749:9070,1217:1217,07/16/23 00:55:00,STABLE BEAMS,6800,404280.389015841,391046.858830658,50.3,AVG
370749:9070,1218:1218,07/16/23 00:55:23,STABLE BEAMS,6800,404023.788622141,390765.592206933,50.3,AVG
370749:9070,1219:1219,07/16/23 00:55:47,STABLE BEAMS,6800,404114.162181466,390867.082046801,50.3,AVG
370749:9070,1220:1220,07/16/23 00:56:10,STABLE BEAMS,6800,403742.147789578,391368.633480204,50.2,AVG
370749:9070,1221:1221,07/16/23 00:56:33,STABLE BEAMS,6800,403130.330751378,391141.459903435,50.2,AVG
370749:9070,1222:1222,07/16/23 00:56:57,STABLE BEAMS,6800,403176.222682107,390085.670861886,50.2,AVG
370749:9070,1223:1223,07/16/23 00:57:20,STABLE BEAMS,6800,403099.096638520,390808.184064386,50.2,AVG
370749:9070,1224:1224,07/16/23 00:57:43,STABLE BEAMS,6800,402891.075908374,389939.226340728,50.1,AVG
370749:9070,1225:1225,07/16/23 00:58:07,STABLE BEAMS,6800,402713.650575740,389872.739544199,50.1,AVG
370749:9070,1226:1226,07/16/23 00:58:30,STABLE BEAMS,6800,402657.466936058,390330.891553255,50.1,AVG
370749:9070,1227:1227,07/16/23 00:58:53,STABLE BEAMS,6800,402369.268781346,390554.112903120,50.1,AVG
370749:9070,1228:1228,07/16/23 00:59:16,STABLE BEAMS,6800,401625.328578531,388792.688373290,50.0,AVG
370749:9070,1229:1229,07/16/23 00:59:40,STABLE BEAMS,6800,401431.921375776,389583.534053476,50.0,AVG
370749:9070,1230:1230,07/16/23 01:00:03,STABLE BEAMS,6800,401307.810125922,388302.967028271,49.9,AVG
370749:9070,1231:1231,07/16/23 01:00:26,STABLE BEAMS,6800,401039.871369289,389237.497991361,49.9,AVG
370749:9070,1232:1232,07/16/23 01:00:50,STABLE BEAMS,6800,400404.743552032,387842.795642143,49.8,AVG
370749:9070,1233:1233,07/16/23 01:01:13,STABLE BEAMS,6800,400464.934314635,388452.146472157,49.8,AVG
370749:9070,1234:1234,07/16/23 01:01:36,STABLE BEAMS,6800,400178.146462056,388198.016652918,49.8,AVG
370749:9070,1235:1235,07/16/23 01:02:00,STABLE BEAMS,6800,399551.853430062,388188.303050140,49.7,AVG
370749:9070,1236:1236,07/16/23 01:02:23,STABLE BEAMS,6800,398677.016209610,386888.539982491,49.6,AVG
370749:9070,1237:1237,07/16/23 01:02:46,STABLE BEAMS,6800,399008.465183783,386744.682486296,49.7,AVG
370749:9070,1238:1238,07/16/23 01:03:09,STABLE BEAMS,6800,399347.837491758,387649.221816445,49.7,AVG
370749:9070,1239:1239,07/16/23 01:03:33,STABLE BEAMS,6800,399073.024386381,387123.072916941,49.7,AVG
370749:9070,1240:1240,07/16/23 01:03:56,STABLE BEAMS,6800,398656.390832301,386912.699830594,49.6,AVG
370749:9070,1241:1241,07/16/23 01:04:19,STABLE BEAMS,6800,399146.782022394,387845.743733267,49.7,AVG
370749:9070,1242:1242,07/16/23 01:04:43,STABLE BEAMS,6800,399024.171986712,386919.195583372,49.7,AVG
370749:9070,1243:1243,07/16/23 01:05:06,STABLE BEAMS,6800,399616.638747216,387849.396847718,49.7,AVG
370749:9070,1244:1244,07/16/23 01:05:29,STABLE BEAMS,6800,399438.120139045,387694.342424714,49.7,AVG
370749:9070,1245:1245,07/16/23 01:05:53,STABLE BEAMS,6800,399271.485366036,381845.996043267,49.7,AVG
370749:9070,1246:1246,07/16/23 01:06:16,STABLE BEAMS,6800,399120.011923725,381067.903985538,49.7,AVG
370749:9070,1247:1247,07/16/23 01:06:39,STABLE BEAMS,6800,399376.929344021,387552.964232180,49.7,AVG
370749:9070,1248:1248,07/16/23 01:07:03,STABLE BEAMS,6800,399175.099956792,387274.887885129,49.7,AVG
370749:9070,1249:1249,07/16/23 01:07:26,STABLE BEAMS,6800,398729.691577044,386917.698592144,49.6,AVG
370749:9070,1250:1250,07/16/23 01:07:49,STABLE BEAMS,6800,398695.182299729,386927.975433082,49.6,AVG
370749:9070,1251:1251,07/16/23 01:08:13,STABLE BEAMS,6800,398353.304083006,386487.181634440,49.6,AVG
370749:9070,1252:1252,07/16/23 01:08:36,STABLE BEAMS,6800,398187.806876015,386818.136201244,49.6,AVG
370749:9070,1253:1253,07/16/23 01:08:59,STABLE BEAMS,6800,397878.575405360,380498.825278784,49.5,AVG
370749:9070,1254:1254,07/16/23 01:09:23,STABLE BEAMS,6800,397647.789368388,386439.494367246,49.5,AVG
370749:9070,1255:1255,07/16/23 01:09:46,STABLE BEAMS,6800,397495.495386654,384648.445308459,49.5,AVG
370749:9070,1256:1256,07/16/23 01:10:09,STABLE BEAMS,6800,396075.768705752,384883.188321764,49.3,AVG
370749:9070,1257:1257,07/16/23 01:10:32,STABLE BEAMS,6800,395432.353906541,383830.792585950,49.2,AVG
370749:9070,1258:1258,07/16/23 01:10:56,STABLE BEAMS,6800,395275.463039178,378799.206388116,49.2,AVG
370749:9070,1259:1259,07/16/23 01:11:19,STABLE BEAMS,6800,394034.618614601,382220.517587272,49.0,AVG
370749:9070,1260:1260,07/16/23 01:11:42,STABLE BEAMS,6800,392890.159599268,382182.190574161,48.9,AVG
370749:9070,1261:1261,07/16/23 01:12:06,STABLE BEAMS,6800,392843.400507558,381102.187542876,48.9,AVG
370749:9070,1262:1262,07/16/23 01:12:29,STABLE BEAMS,6800,392679.178400182,381893.488897270,48.9,AVG
370749:9070,1263:1263,07/16/23 01:12:52,STABLE BEAMS,6800,392140.435992169,380953.800129473,48.8,AVG
370749:9070,1264:1264,07/16/23 01:13:16,STABLE BEAMS,6800,391669.576903847,375199.907581144,48.7,AVG
370749:9070,1265:1265,07/16/23 01:13:39,STABLE BEAMS,6800,391615.715017758,380204.877327299,48.7,AVG
370749:9070,1266:1266,07/16/23 01:14:02,STABLE BEAMS,6800,391677.908176282,374527.823225025,48.7,AVG
370749:9070,1267:1267,07/16/23 01:14:26,STABLE BEAMS,6800,391244.246098101,379498.329221606,48.7,AVG
370749:9070,1268:1268,07/16/23 01:14:49,STABLE BEAMS,6800,390979.449634484,379506.349147597,48.7,AVG
370749:9070,1269:1269,07/16/23 01:15:12,STABLE BEAMS,6800,390542.782796883,379233.832506363,48.6,AVG
370749:9070,1270:1270,07/16/23 01:15:35,STABLE BEAMS,6800,390473.305019904,379347.133754470,48.6,AVG
370749:9070,1271:1271,07/16/23 01:15:59,STABLE BEAMS,6800,390238.558481570,378989.222618663,48.6,AVG
370749:9070,1272:1272,07/16/23 01:16:22,STABLE BEAMS,6800,389859.121937630,378796.387993592,48.5,AVG
370749:9070,1273:1273,07/16/23 01:16:45,STABLE BEAMS,6800,389266.699467606,378485.721785257,48.4,AVG
370749:9070,1274:1274,07/16/23 01:17:09,STABLE BEAMS,6800,389474.629285714,378064.589426181,48.5,AVG
370749:9070,1275:1275,07/16/23 01:17:32,STABLE BEAMS,6800,389935.746799468,373342.895153038,48.5,AVG
370749:9070,1276:1276,07/16/23 01:17:55,STABLE BEAMS,6800,389653.012691367,378756.157220542,48.5,AVG
370749:9070,1277:1277,07/16/23 01:18:19,STABLE BEAMS,6800,389515.560682659,379153.690952506,48.5,AVG
370749:9070,1278:1278,07/16/23 01:18:42,STABLE BEAMS,6800,389192.167913728,378339.894000616,48.4,AVG
370749:9070,1279:1279,07/16/23 01:19:05,STABLE BEAMS,6800,389030.631208099,377918.733961095,48.4,AVG
370749:9070,1280:1280,07/16/23 01:19:29,STABLE BEAMS,6800,389337.860282832,378757.790344614,48.5,AVG
370749:9070,1281:1281,07/16/23 01:19:52,STABLE BEAMS,6800,389088.500217107,378274.161485426,48.4,AVG
370749:9070,1282:1282,07/16/23 01:20:15,STABLE BEAMS,6800,388578.348479607,377937.626854191,48.4,AVG
370749:9070,1283:1283,07/16/23 01:20:39,STABLE BEAMS,6800,388481.781246287,378457.743966453,48.4,AVG
370749:9070,1284:1284,07/16/23 01:21:02,STABLE BEAMS,6800,388362.632861294,377664.401627261,48.3,AVG
370749:9070,1285:1285,07/16/23 01:21:25,STABLE BEAMS,6800,388028.496154296,374071.458588341,48.3,AVG
370749:9070,1286:1286,07/16/23 01:21:48,STABLE BEAMS,6800,387308.139466653,368882.720633372,48.2,AVG
370749:9070,1287:1287,07/16/23 01:22:12,STABLE BEAMS,6800,387089.964561149,373505.263360664,48.2,AVG
370749:9070,1288:1288,07/16/23 01:22:35,STABLE BEAMS,6800,387128.527582943,373690.110461007,48.2,AVG
370749:9070,1289:1289,07/16/23 01:22:58,STABLE BEAMS,6800,386639.320580426,373420.659793092,48.1,AVG
370749:9070,1290:1290,07/16/23 01:23:22,STABLE BEAMS,6800,386340.194332492,372760.099443362,48.1,AVG
370749:9070,1291:1291,07/16/23 01:23:45,STABLE BEAMS,6800,386538.426866512,373737.096838427,48.1,AVG
370749:9070,1292:1292,07/16/23 01:24:08,STABLE BEAMS,6800,386482.108024311,372121.625805803,48.1,AVG
370749:9070,1293:1293,07/16/23 01:24:32,STABLE BEAMS,6800,386611.228760584,373919.181103162,48.1,AVG
370749:9070,1294:1294,07/16/23 01:24:55,STABLE BEAMS,6800,386364.416563010,373368.163594215,48.1,AVG
370749:9070,1295:1295,07/16/23 01:25:18,STABLE BEAMS,6800,386426.425566379,372967.112439421,48.1,AVG
370749:9070,1296:1296,07/16/23 01:25:42,STABLE BEAMS,6800,386164.135011511,372684.222224497,48.1,AVG
370749:9070,1297:1297,07/16/23 01:26:05,STABLE BEAMS,6800,386031.874313299,373073.446182853,48.0,AVG
370749:9070,1298:1298,07/16/23 01:26:28,STABLE BEAMS,6800,385670.783352477,372491.051421726,48.0,AVG
370749:9070,1299:1299,07/16/23 01:26:51,STABLE BEAMS,6800,385109.594995311,372672.347261484,47.9,AVG
370749:9070,1300:1300,07/16/23 01:27:15,STABLE BEAMS,6800,385082.095269257,371553.289860175,47.9,AVG
370749:9070,1301:1301,07/16/23 01:27:38,STABLE BEAMS,6800,384908.266789832,372492.586984028,47.9,AVG
370749:9070,1302:1302,07/16/23 01:28:01,STABLE BEAMS,6800,384607.366591612,371662.984831591,47.9,AVG
370749:9070,1303:1303,07/16/23 01:28:25,STABLE BEAMS,6800,384261.029022855,371188.211437461,47.8,AVG
370749:9070,1304:1304,07/16/23 01:28:48,STABLE BEAMS,6800,384313.478275733,371558.097867458,47.8,AVG
370749:9070,1305:1305,07/16/23 01:29:11,STABLE BEAMS,6800,384257.977641877,371746.567170315,47.8,AVG
370749:9070,1306:1306,07/16/23 01:29:35,STABLE BEAMS,6800,384059.425750184,371134.396911755,47.8,AVG
370749:9070,1307:1307,07/16/23 01:29:58,STABLE BEAMS,6800,383916.283580308,370925.498789685,47.8,AVG
370749:9070,1308:1308,07/16/23 01:30:21,STABLE BEAMS,6800,383762.714498961,370696.886851727,47.8,AVG
370749:9070,1309:1309,07/16/23 01:30:45,STABLE BEAMS,6800,383473.469690269,369907.307508607,47.7,AVG
370749:9070,1310:1310,07/16/23 01:31:08,STABLE BEAMS,6800,383187.868356345,370908.546286902,47.7,AVG
370749:9070,1311:1311,07/16/23 01:31:31,STABLE BEAMS,6800,382988.677749305,370171.243314861,47.7,AVG
370749:9070,1312:1312,07/16/23 01:31:55,STABLE BEAMS,6800,382657.000329497,364986.370990252,47.6,AVG
370749:9070,1313:1313,07/16/23 01:32:18,STABLE BEAMS,6800,382800.918748316,370452.413976462,47.6,AVG
370749:9070,1314:1314,07/16/23 01:32:41,STABLE BEAMS,6800,382644.617643663,370009.985666168,47.6,AVG
370749:9070,1315:1315,07/16/23 01:33:04,STABLE BEAMS,6800,382151.356896667,368957.152946354,47.6,AVG
370749:9070,1316:1316,07/16/23 01:33:28,STABLE BEAMS,6800,381869.373395652,369314.909324386,47.5,AVG
370749:9070,1317:1317,07/16/23 01:33:51,STABLE BEAMS,6800,382331.833610280,369757.931142215,47.6,AVG
370749:9070,1318:1318,07/16/23 01:34:14,STABLE BEAMS,6800,382075.186595022,369946.576397704,47.6,AVG
370749:9070,1319:1319,07/16/23 01:34:38,STABLE BEAMS,6800,381563.102393938,369010.090664550,47.5,AVG
370749:9070,1320:1320,07/16/23 01:35:01,STABLE BEAMS,6800,381453.103489725,368841.339055306,47.5,AVG
370749:9070,1321:1321,07/16/23 01:35:24,STABLE BEAMS,6800,381673.805283678,369183.860306281,47.5,AVG
370749:9070,1322:1322,07/16/23 01:35:48,STABLE BEAMS,6800,381677.674873002,369110.411895817,47.5,AVG
370749:9070,1323:1323,07/16/23 01:36:11,STABLE BEAMS,6800,381374.543833226,368311.909319616,47.5,AVG
370749:9070,1324:1324,07/16/23 01:36:34,STABLE BEAMS,6800,381335.115981530,369332.452531487,47.5,AVG
370749:9070,1325:1325,07/16/23 01:36:58,STABLE BEAMS,6800,381477.689368396,368324.939084857,47.5,AVG
370749:9070,1326:1326,07/16/23 01:37:21,STABLE BEAMS,6800,381190.516887963,362331.266863900,47.4,AVG
370749:9070,1327:1327,07/16/23 01:37:44,STABLE BEAMS,6800,381014.751282798,368604.258867120,47.4,AVG
370749:9070,1328:1328,07/16/23 01:38:07,STABLE BEAMS,6800,380741.350810632,367176.661686163,47.4,AVG
370749:9070,1329:1329,07/16/23 01:38:31,STABLE BEAMS,6800,380483.589540135,368131.778147489,47.4,AVG
370749:9070,1330:1330,07/16/23 01:38:54,STABLE BEAMS,6800,380500.823199091,367901.046065001,47.4,AVG
370749:9070,1331:1331,07/16/23 01:39:17,STABLE BEAMS,6800,380181.437553080,368415.281434043,47.3,AVG
370749:9070,1332:1332,07/16/23 01:39:41,STABLE BEAMS,6800,378977.836760202,366705.142458210,47.2,AVG
370749:9070,1333:1333,07/16/23 01:40:04,STABLE BEAMS,6800,378927.662639360,366283.120615463,47.2,AVG
370749:9070,1334:1334,07/16/23 01:40:27,STABLE BEAMS,6800,379740.854504597,368001.382591770,47.3,AVG
370749:9070,1335:1335,07/16/23 01:40:51,STABLE BEAMS,6800,379659.175865860,367158.825934722,47.3,AVG
370749:9070,1336:1336,07/16/23 01:41:14,STABLE BEAMS,6800,379160.952254003,362321.340315174,47.2,AVG
370749:9070,1337:1337,07/16/23 01:41:37,STABLE BEAMS,6800,379135.114586497,366304.514007423,47.2,AVG
370749:9070,1338:1338,07/16/23 01:42:01,STABLE BEAMS,6800,379240.787010117,362243.835336327,47.2,AVG
370749:9070,1339:1339,07/16/23 01:42:24,STABLE BEAMS,6800,379071.305990985,366402.622817070,47.2,AVG
370749:9070,1340:1340,07/16/23 01:42:47,STABLE BEAMS,6800,378769.746097718,367124.333518066,47.1,AVG
370749:9070,1341:1341,07/16/23 01:43:11,STABLE BEAMS,6800,378479.202878634,365859.980293701,47.1,AVG
370749:9070,1342:1342,07/16/23 01:43:34,STABLE BEAMS,6800,378079.870584769,365870.710824828,47.1,AVG
370749:9070,1343:1343,07/16/23 01:43:57,STABLE BEAMS,6800,377937.045441489,365736.938439673,47.0,AVG
370749:9070,1344:1344,07/16/23 01:44:21,STABLE BEAMS,6800,377995.800260102,362654.884327261,47.0,AVG
370749:9070,1345:1345,07/16/23 01:44:44,STABLE BEAMS,6800,377732.917611446,365444.624675464,47.0,AVG
370749:9070,1346:1346,07/16/23 01:45:07,STABLE BEAMS,6800,377386.055550160,365257.073777564,47.0,AVG
370749:9070,1347:1347,07/16/23 01:45:30,STABLE BEAMS,6800,377151.150498528,365108.769214032,46.9,AVG
370749:9070,1348:1348,07/16/23 01:45:54,STABLE BEAMS,6800,376920.842332526,364557.045323338,46.9,AVG
370749:9070,1349:1349,07/16/23 01:46:17,STABLE BEAMS,6800,375921.847240662,363700.757755090,46.8,AVG
370749:9070,1350:1350,07/16/23 01:46:40,STABLE BEAMS,6800,376274.809732826,364523.500438085,46.8,AVG
370749:9070,1351:1351,07/16/23 01:47:04,STABLE BEAMS,6800,376509.306845825,364642.653005074,46.9,AVG
370749:9070,1352:1352,07/16/23 01:47:27,STABLE BEAMS,6800,376540.494337125,365212.815293802,46.9,AVG
370749:9070,1353:1353,07/16/23 01:47:50,STABLE BEAMS,6800,376342.693052518,364746.387054933,46.8,AVG
370749:9070,1354:1354,07/16/23 01:48:14,STABLE BEAMS,6800,376099.272573296,363854.094541251,46.8,AVG
370749:9070,1355:1355,07/16/23 01:48:37,STABLE BEAMS,6800,375427.495549207,364373.260226566,46.7,AVG
370749:9070,1356:1356,07/16/23 01:49:00,STABLE BEAMS,6800,375592.925154938,363588.834194284,46.7,AVG
370749:9070,1357:1357,07/16/23 01:49:24,STABLE BEAMS,6800,375278.933623200,364307.915493087,46.7,AVG
370749:9070,1358:1358,07/16/23 01:49:47,STABLE BEAMS,6800,375086.346959868,363279.893548733,46.7,AVG
370749:9070,1359:1359,07/16/23 01:50:10,STABLE BEAMS,6800,374808.713250225,363402.204694407,46.6,AVG
370749:9070,1360:1360,07/16/23 01:50:33,STABLE BEAMS,6800,374283.992275815,362699.843278580,46.6,AVG
370749:9070,1361:1361,07/16/23 01:50:57,STABLE BEAMS,6800,374060.649370595,362631.242762557,46.6,AVG
370749:9070,1362:1362,07/16/23 01:51:20,STABLE BEAMS,6800,373492.654265944,361543.127484164,46.5,AVG
370749:9070,1363:1363,07/16/23 01:51:43,STABLE BEAMS,6800,373336.103735955,362012.629009561,46.5,AVG
370749:9070,1364:1364,07/16/23 01:52:07,STABLE BEAMS,6800,373172.063452655,362141.704855748,46.4,AVG
370749:9070,1365:1365,07/16/23 01:52:30,STABLE BEAMS,6800,372799.067676969,360845.112649729,46.4,AVG
370749:9070,1366:1366,07/16/23 01:52:53,STABLE BEAMS,6800,372039.374049667,355706.940510539,46.3,AVG
370749:9070,1367:1367,07/16/23 01:53:17,STABLE BEAMS,6800,372539.735259963,361581.281799263,46.4,AVG
370749:9070,1368:1368,07/16/23 01:53:40,STABLE BEAMS,6800,372747.961124965,360931.990947812,46.4,AVG
370749:9070,1369:1369,07/16/23 01:54:03,STABLE BEAMS,6800,372698.721766363,361908.842385939,46.4,AVG
370749:9070,1370:1370,07/16/23 01:54:27,STABLE BEAMS,6800,372783.815434232,361340.837545679,46.4,AVG
370749:9070,1371:1371,07/16/23 01:54:50,STABLE BEAMS,6800,372370.436064908,360678.311391895,46.3,AVG
370749:9070,1372:1372,07/16/23 01:55:13,STABLE BEAMS,6800,372034.115137912,361181.149956795,46.3,AVG
370749:9070,1373:1373,07/16/23 01:55:37,STABLE BEAMS,6800,372041.831005780,360780.418954711,46.3,AVG
370749:9070,1374:1374,07/16/23 01:56:00,STABLE BEAMS,6800,371821.632724655,360069.774507713,46.3,AVG
370749:9070,1375:1375,07/16/23 01:56:23,STABLE BEAMS,6800,371306.380588697,360632.227948688,46.2,AVG
370749:9070,1376:1376,07/16/23 01:56:46,STABLE BEAMS,6800,371371.578506641,360180.448807748,46.2,AVG
370749:9070,1377:1377,07/16/23 01:57:10,STABLE BEAMS,6800,371203.531100421,360045.137476355,46.2,AVG
370749:9070,1378:1378,07/16/23 01:57:33,STABLE BEAMS,6800,371074.160938812,359282.449530513,46.2,AVG
370749:9070,1379:1379,07/16/23 01:57:56,STABLE BEAMS,6800,370775.423980889,359604.837933464,46.1,AVG
370749:9070,1380:1380,07/16/23 01:58:20,STABLE BEAMS,6800,370636.969608682,359502.979260773,46.1,AVG
370749:9070,1381:1381,07/16/23 01:58:43,STABLE BEAMS,6800,370436.347719809,359279.659745404,46.1,AVG
370749:9070,1382:1382,07/16/23 01:59:06,STABLE BEAMS,6800,370299.578716927,164619.847853303,46.1,AVG
370749:9070,1383:1383,07/16/23 01:59:30,STABLE BEAMS,6800,370329.514419392,359135.550447812,46.1,AVG
370749:9070,1384:1384,07/16/23 01:59:53,STABLE BEAMS,6800,369637.680801002,358522.518310628,46.0,AVG
370749:9070,1385:1385,07/16/23 02:00:16,STABLE BEAMS,6800,368976.281735749,358073.825355999,45.9,AVG
370749:9070,1386:1386,07/16/23 02:00:40,STABLE BEAMS,6800,369755.167127448,358258.486965318,46.0,AVG
370749:9070,1387:1387,07/16/23 02:01:03,STABLE BEAMS,6800,369560.100197224,359032.355367578,46.0,AVG
370749:9070,1388:1388,07/16/23 02:01:26,STABLE BEAMS,6800,368652.935588376,357546.547804723,45.9,AVG
370749:9070,1389:1389,07/16/23 02:01:50,STABLE BEAMS,6800,368550.267924176,357807.368854880,45.9,AVG
370749:9070,1390:1390,07/16/23 02:02:13,STABLE BEAMS,6800,369110.910809113,358201.701564401,45.9,AVG
370749:9070,1391:1391,07/16/23 02:02:36,STABLE BEAMS,6800,368794.212895927,357878.758063448,45.9,AVG
370749:9070,1392:1392,07/16/23 02:02:59,STABLE BEAMS,6800,368485.526897502,357681.452429813,45.9,AVG
370749:9070,1393:1393,07/16/23 02:03:23,STABLE BEAMS,6800,368416.459390235,357639.508810029,45.9,AVG
370749:9070,1394:1394,07/16/23 02:03:46,STABLE BEAMS,6800,368501.734882180,357800.404187112,45.9,AVG
370749:9070,1395:1395,07/16/23 02:04:09,STABLE BEAMS,6800,368566.545841192,358005.080626355,45.9,AVG
370749:9070,1396:1396,07/16/23 02:04:33,STABLE BEAMS,6800,368421.513167135,357749.470332093,45.9,AVG
370749:9070,1397:1397,07/16/23 02:04:56,STABLE BEAMS,6800,368418.918677426,357290.030522325,45.9,AVG
370749:9070,1398:1398,07/16/23 02:05:19,STABLE BEAMS,6800,368535.791930382,358303.859617144,45.9,AVG
370749:9070,1399:1399,07/16/23 02:05:43,STABLE BEAMS,6800,368111.461157057,357063.508566852,45.8,AVG
370749:9070,1400:1400,07/16/23 02:06:06,STABLE BEAMS,6800,367933.420419856,357364.591125363,45.8,AVG
370749:9070,1401:1401,07/16/23 02:06:29,STABLE BEAMS,6800,367704.662420661,357042.230897109,45.8,AVG
370749:9070,1402:1402,07/16/23 02:06:53,STABLE BEAMS,6800,367505.676948478,357286.754926834,45.7,AVG
370749:9070,1403:1403,07/16/23 02:07:16,STABLE BEAMS,6800,367260.277384114,356102.873431157,45.7,AVG
370749:9070,1404:1404,07/16/23 02:07:39,STABLE BEAMS,6800,366332.307904958,356234.732229177,45.6,AVG
370749:9070,1405:1405,07/16/23 02:08:02,STABLE BEAMS,6800,365439.987600214,355130.196826132,45.5,AVG
370749:9070,1406:1406,07/16/23 02:08:26,STABLE BEAMS,6800,365111.042203711,354621.851011269,45.4,AVG
370749:9070,1407:1407,07/16/23 02:08:49,STABLE BEAMS,6800,364741.256322301,354550.879735636,45.4,AVG
370749:9070,1408:1408,07/16/23 02:09:12,STABLE BEAMS,6800,364273.378682621,353930.382650705,45.3,AVG
370749:9070,1409:1409,07/16/23 02:09:36,STABLE BEAMS,6800,363761.655798612,353293.864327265,45.3,AVG
370749:9070,1410:1410,07/16/23 02:09:59,STABLE BEAMS,6800,363598.277541438,353347.147178639,45.3,AVG
370749:9070,1411:1411,07/16/23 02:10:22,STABLE BEAMS,6800,363516.165322211,353254.930610924,45.2,AVG
370749:9070,1412:1412,07/16/23 02:10:46,STABLE BEAMS,6800,363210.507393986,353619.586499076,45.2,AVG
370749:9070,1413:1413,07/16/23 02:11:09,STABLE BEAMS,6800,362692.457964541,352114.879089457,45.1,AVG
370749:9070,1414:1414,07/16/23 02:11:32,STABLE BEAMS,6800,361902.234209909,351988.106277683,45.0,AVG
370749:9070,1415:1415,07/16/23 02:11:56,STABLE BEAMS,6800,361535.455418998,352000.456990478,45.0,AVG
370749:9070,1416:1416,07/16/23 02:12:19,STABLE BEAMS,6800,360639.720085121,350772.864634248,44.9,AVG
370749:9070,1417:1417,07/16/23 02:12:42,STABLE BEAMS,6800,360086.886311169,349647.956566375,44.8,AVG
370749:9070,1418:1418,07/16/23 02:13:05,STABLE BEAMS,6800,359526.788898462,349809.864486859,44.7,AVG
370749:9070,1419:1419,07/16/23 02:13:29,STABLE BEAMS,6800,359102.870725927,349113.332380765,44.7,AVG
370749:9070,1420:1420,07/16/23 02:13:52,STABLE BEAMS,6800,358575.282525692,349085.353703278,44.6,AVG
370749:9070,1421:1421,07/16/23 02:14:15,STABLE BEAMS,6800,358754.097180758,347577.756313936,44.7,AVG
370749:9070,1422:1422,07/16/23 02:14:39,STABLE BEAMS,6800,359229.054304038,349073.771831123,44.7,AVG
370749:9070,1423:1423,07/16/23 02:15:02,STABLE BEAMS,6800,359202.237583812,349301.411788051,44.7,AVG
370749:9070,1424:1424,07/16/23 02:15:25,STABLE BEAMS,6800,359028.817043019,276615.345101656,44.7,AVG
370749:9070,1425:1425,07/16/23 02:15:49,STABLE BEAMS,6800,358381.488364005,348549.010184507,44.6,AVG
370749:9070,1426:1426,07/16/23 02:16:12,STABLE BEAMS,6800,358213.737004679,348147.565760121,44.6,AVG
370749:9070,1427:1427,07/16/23 02:16:35,STABLE BEAMS,6800,358442.928584364,348169.743486695,44.6,AVG
370749:9070,1428:1428,07/16/23 02:16:59,STABLE BEAMS,6800,358350.095737849,349091.220588176,44.6,AVG
370749:9070,1429:1429,07/16/23 02:17:22,STABLE BEAMS,6800,358422.326517834,348861.474757145,44.6,AVG
370749:9070,1430:1430,07/16/23 02:17:45,STABLE BEAMS,6800,358329.857319472,348141.576392722,44.6,AVG
370749:9070,1431:1431,07/16/23 02:18:09,STABLE BEAMS,6800,357632.128405059,348589.789750067,44.5,AVG
370749:9070,1432:1432,07/16/23 02:18:32,STABLE BEAMS,6800,357691.041736969,348177.477550472,44.5,AVG
370749:9070,1433:1433,07/16/23 02:18:55,STABLE BEAMS,6800,357749.661353063,348167.742075637,44.5,AVG
370749:9070,1434:1434,07/16/23 02:19:19,STABLE BEAMS,6800,357084.779657418,347609.634548737,44.4,AVG
370749:9070,1435:1435,07/16/23 02:19:42,STABLE BEAMS,6800,356526.232411519,346676.893049516,44.4,AVG
370749:9070,1436:1436,07/16/23 02:20:05,STABLE BEAMS,6800,356701.541125415,341535.228879736,44.4,AVG
370749:9070,1437:1437,07/16/23 02:20:28,STABLE BEAMS,6800,356851.012171804,347224.710747714,44.4,AVG
370749:9070,1438:1438,07/16/23 02:20:52,STABLE BEAMS,6800,356647.019544279,347218.108649125,44.4,AVG
370749:9070,1439:1439,07/16/23 02:21:15,STABLE BEAMS,6800,356322.831877782,346252.991332386,44.3,AVG
370749:9070,1440:1440,07/16/23 02:21:38,STABLE BEAMS,6800,356511.367127715,346862.250325596,44.4,AVG
370749:9070,1441:1441,07/16/23 02:22:02,STABLE BEAMS,6800,356421.788465956,346688.765583728,44.4,AVG
370749:9070,1442:1442,07/16/23 02:22:25,STABLE BEAMS,6800,356156.015280697,346497.048974038,44.3,AVG
370749:9070,1443:1443,07/16/23 02:22:48,STABLE BEAMS,6800,356184.834396844,346496.519849677,44.3,AVG
370749:9070,1444:1444,07/16/23 02:23:12,STABLE BEAMS,6800,355514.421053330,346479.079813353,44.2,AVG
370749:9070,1445:1445,07/16/23 02:23:35,STABLE BEAMS,6800,355301.097120948,345628.925830943,44.2,AVG
370749:9070,1446:1446,07/16/23 02:23:58,STABLE BEAMS,6800,354891.587340948,344847.953663332,44.2,AVG
370749:9070,1447:1447,07/16/23 02:24:22,STABLE BEAMS,6800,353463.049185562,344553.501039614,44.0,AVG
370749:9070,1448:1448,07/16/23 02:24:45,STABLE BEAMS,6800,352729.580184700,342974.212964202,43.9,AVG
370749:9070,1449:1449,07/16/23 02:25:08,STABLE BEAMS,6800,353594.447384949,344675.901924092,44.0,AVG
370749:9070,1450:1450,07/16/23 02:25:31,STABLE BEAMS,6800,354222.698522384,344398.257237876,44.1,AVG
370749:9070,1451:1451,07/16/23 02:25:55,STABLE BEAMS,6800,353873.106768871,344454.971988833,44.0,AVG
370749:9070,1452:1452,07/16/23 02:26:18,STABLE BEAMS,6800,353664.696748714,344625.680919742,44.0,AVG
370749:9070,1453:1453,07/16/23 02:26:41,STABLE BEAMS,6800,353620.625389830,343615.356897416,44.0,AVG
370749:9070,1454:1454,07/16/23 02:27:05,STABLE BEAMS,6800,353352.096870486,344209.949762483,44.0,AVG
370749:9070,1455:1455,07/16/23 02:27:28,STABLE BEAMS,6800,353300.556737992,343524.225007266,44.0,AVG
370749:9070,1456:1456,07/16/23 02:27:51,STABLE BEAMS,6800,353193.450701460,344083.887552045,44.0,AVG
370749:9070,1457:1457,07/16/23 02:28:15,STABLE BEAMS,6800,353168.888133568,343934.814554224,44.0,AVG
370749:9070,1458:1458,07/16/23 02:28:38,STABLE BEAMS,6800,352933.025008917,343745.984995930,43.9,AVG
370749:9070,1459:1459,07/16/23 02:29:01,STABLE BEAMS,6800,352785.512067968,262320.208141532,43.9,AVG
370749:9070,1460:1460,07/16/23 02:29:25,STABLE BEAMS,6800,351002.510206247,32204.845003031,43.7,AVG
370749:9070,1461:1461,07/16/23 02:29:48,STABLE BEAMS,6800,352242.217064806,342435.528151090,43.8,AVG
370749:9070,1462:1462,07/16/23 02:30:11,STABLE BEAMS,6800,352556.159643907,343813.142251282,43.9,AVG
370749:9070,1463:1463,07/16/23 02:30:35,STABLE BEAMS,6800,352883.263488864,343523.105219168,43.9,AVG
370749:9070,1464:1464,07/16/23 02:30:58,STABLE BEAMS,6800,352982.721258788,343628.397853499,43.9,AVG
370749:9070,1465:1465,07/16/23 02:31:21,STABLE BEAMS,6800,352975.937822082,343385.628713744,43.9,AVG
370749:9070,1466:1466,07/16/23 02:31:44,STABLE BEAMS,6800,352697.094283006,343866.913434272,43.9,AVG
370749:9070,1467:1467,07/16/23 02:32:08,STABLE BEAMS,6800,352441.132604652,342800.536598734,43.9,AVG
370749:9070,1468:1468,07/16/23 02:32:31,STABLE BEAMS,6800,351944.230713968,342850.183461147,43.8,AVG
370749:9070,1469:1469,07/16/23 02:32:54,STABLE BEAMS,6800,351900.886651390,343278.606587136,43.8,AVG
370749:9070,1470:1470,07/16/23 02:33:18,STABLE BEAMS,6800,352325.648674127,343047.668168718,43.9,AVG
370749:9070,1471:1471,07/16/23 02:33:41,STABLE BEAMS,6800,352233.384610621,343054.591339288,43.8,AVG
370749:9070,1472:1472,07/16/23 02:34:04,STABLE BEAMS,6800,352005.738535587,342979.377211505,43.8,AVG
370749:9070,1473:1473,07/16/23 02:34:28,STABLE BEAMS,6800,351972.094088175,342915.748909068,43.8,AVG
370749:9070,1474:1474,07/16/23 02:34:51,STABLE BEAMS,6800,351744.790681593,342551.220731415,43.8,AVG
370749:9070,1475:1475,07/16/23 02:35:14,STABLE BEAMS,6800,351536.406303294,342382.928364903,43.8,AVG
370749:9070,1476:1476,07/16/23 02:35:38,STABLE BEAMS,6800,351415.525927417,341849.455432001,43.7,AVG
370749:9070,1477:1477,07/16/23 02:36:01,STABLE BEAMS,6800,351273.612235598,342221.477317919,43.7,AVG
370749:9070,1478:1478,07/16/23 02:36:24,STABLE BEAMS,6800,351071.738557889,341998.047340683,43.7,AVG
370749:9070,1479:1479,07/16/23 02:36:47,STABLE BEAMS,6800,350250.532446813,341351.383310129,43.6,AVG
370749:9070,1480:1480,07/16/23 02:37:11,STABLE BEAMS,6800,350176.777141878,341213.540087479,43.6,AVG
370749:9070,1481:1481,07/16/23 02:37:34,STABLE BEAMS,6800,350398.138630878,341322.499603516,43.6,AVG
370749:9070,1482:1482,07/16/23 02:37:57,STABLE BEAMS,6800,350222.487248530,341239.309098804,43.6,AVG
370749:9070,1483:1483,07/16/23 02:38:21,STABLE BEAMS,6800,350061.542636689,341159.964227988,43.6,AVG
370749:9070,1484:1484,07/16/23 02:38:44,STABLE BEAMS,6800,350149.209814565,341199.611563558,43.6,AVG
370749:9070,1485:1485,07/16/23 02:39:07,STABLE BEAMS,6800,350243.681408848,340737.598533854,43.6,AVG
370749:9070,1486:1486,07/16/23 02:39:31,STABLE BEAMS,6800,349899.528060089,341305.034721859,43.5,AVG
370749:9070,1487:1487,07/16/23 02:39:54,STABLE BEAMS,6800,349675.390257303,340652.311133489,43.5,AVG
370749:9070,1488:1488,07/16/23 02:40:17,STABLE BEAMS,6800,349722.899956098,340780.779975820,43.5,AVG
370749:9070,1489:1489,07/16/23 02:40:41,STABLE BEAMS,6800,349703.116097913,340334.076361405,43.5,AVG
370749:9070,1490:1490,07/16/23 02:41:04,STABLE BEAMS,6800,347716.056338485,339452.099960678,43.3,AVG
370749:9070,1491:1491,07/16/23 02:41:27,STABLE BEAMS,6800,347812.758774324,339040.062839616,43.3,AVG
370749:9070,1492:1492,07/16/23 02:41:50,STABLE BEAMS,6800,348787.303190035,339824.717807809,43.4,AVG
370749:9070,1493:1493,07/16/23 02:42:14,STABLE BEAMS,6800,348787.098055179,339903.377695573,43.4,AVG
370749:9070,1494:1494,07/16/23 02:42:37,STABLE BEAMS,6800,348487.610490171,339705.301419146,43.4,AVG
370749:9070,1495:1495,07/16/23 02:43:00,STABLE BEAMS,6800,348453.350638191,339615.521127816,43.4,AVG
370749:9070,1496:1496,07/16/23 02:43:24,STABLE BEAMS,6800,348005.618173771,338945.093680617,43.3,AVG
370749:9070,1497:1497,07/16/23 02:43:47,STABLE BEAMS,6800,348248.106221831,339933.316224302,43.3,AVG
370749:9070,1498:1498,07/16/23 02:44:10,STABLE BEAMS,6800,348217.238088204,339398.642279205,43.3,AVG
370749:9070,1499:1499,07/16/23 02:44:34,STABLE BEAMS,6800,348003.387332216,339340.228279130,43.3,AVG
370749:9070,1500:1500,07/16/23 02:44:57,STABLE BEAMS,6800,347854.872027768,339076.172127448,43.3,AVG
370749:9070,1501:1501,07/16/23 02:45:20,STABLE BEAMS,6800,347953.737703903,193736.153594178,43.3,AVG
370749:9070,1502:1502,07/16/23 02:45:44,STABLE BEAMS,6800,347962.731002463,339610.593574925,43.3,AVG
370749:9070,1503:1503,07/16/23 02:46:07,STABLE BEAMS,6800,347503.207945996,338334.102803440,43.3,AVG
370749:9070,1504:1504,07/16/23 02:46:30,STABLE BEAMS,6800,347255.076358328,338498.294502735,43.2,AVG
370749:9070,1505:1505,07/16/23 02:46:54,STABLE BEAMS,6800,347580.287368025,338855.290498583,43.3,AVG
370749:9070,1506:1506,07/16/23 02:47:17,STABLE BEAMS,6800,347394.348938880,338647.057302023,43.2,AVG
370749:9070,1507:1507,07/16/23 02:47:40,STABLE BEAMS,6800,347114.959927574,338449.964484493,43.2,AVG
370749:9070,1508:1508,07/16/23 02:48:03,STABLE BEAMS,6800,347066.608709654,337976.834792965,43.2,AVG
370749:9070,1509:1509,07/16/23 02:48:27,STABLE BEAMS,6800,346651.772416639,338485.933619637,43.1,AVG
370749:9070,1510:1510,07/16/23 02:48:50,STABLE BEAMS,6800,346295.213071266,337716.972663043,43.1,AVG
370749:9070,1511:1511,07/16/23 02:49:13,STABLE BEAMS,6800,345651.686380316,336632.749982161,43.0,AVG
370749:9070,1512:1512,07/16/23 02:49:37,STABLE BEAMS,6800,345647.040542050,337562.946421528,43.0,AVG
370749:9070,1513:1513,07/16/23 02:50:00,STABLE BEAMS,6800,345495.042607211,337054.692932814,43.0,AVG
370749:9070,1514:1514,07/16/23 02:50:23,STABLE BEAMS,6800,344957.255941139,333219.385458461,42.9,AVG
370749:9070,1515:1515,07/16/23 02:50:47,STABLE BEAMS,6800,344469.983733283,332716.006712617,42.9,AVG
370749:9070,1516:1516,07/16/23 02:51:10,STABLE BEAMS,6800,344904.876620599,332813.697705170,42.9,AVG
370749:9070,1517:1517,07/16/23 02:51:33,STABLE BEAMS,6800,344874.712472499,333376.007686051,42.9,AVG
370749:9070,1518:1518,07/16/23 02:51:57,STABLE BEAMS,6800,344743.932008758,333619.423127710,42.9,AVG
370749:9070,1519:1519,07/16/23 02:52:20,STABLE BEAMS,6800,344529.148821607,332427.180489781,42.9,AVG
370749:9070,1520:1520,07/16/23 02:52:43,STABLE BEAMS,6800,344849.900479271,333674.326408101,42.9,AVG
370749:9070,1521:1521,07/16/23 02:53:07,STABLE BEAMS,6800,344486.464454076,332671.243651075,42.9,AVG
370749:9070,1522:1522,07/16/23 02:53:30,STABLE BEAMS,6800,343967.617795989,332948.072929341,42.8,AVG
370749:9070,1523:1523,07/16/23 02:53:53,STABLE BEAMS,6800,343416.446080583,332095.210970299,42.7,AVG
370749:9070,1524:1524,07/16/23 02:54:16,STABLE BEAMS,6800,343129.567315966,331329.542604209,42.7,AVG
370749:9070,1525:1525,07/16/23 02:54:40,STABLE BEAMS,6800,342209.316035755,331107.729895915,42.6,AVG
370749:9070,1526:1526,07/16/23 02:55:03,STABLE BEAMS,6800,341597.067748143,330168.193643257,42.5,AVG
370749:9070,1527:1527,07/16/23 02:55:26,STABLE BEAMS,6800,341723.796798485,330727.454712629,42.5,AVG
370749:9070,1528:1528,07/16/23 02:55:50,STABLE BEAMS,6800,341806.158443048,329995.975120297,42.5,AVG
370749:9070,1529:1529,07/16/23 02:56:13,STABLE BEAMS,6800,341715.624039348,330673.934964650,42.5,AVG
370749:9070,1530:1530,07/16/23 02:56:36,STABLE BEAMS,6800,341649.311866165,330132.358387546,42.5,AVG
370749:9070,1531:1531,07/16/23 02:57:00,STABLE BEAMS,6800,341399.494909170,329397.219784795,42.5,AVG
370749:9070,1532:1532,07/16/23 02:57:23,STABLE BEAMS,6800,341395.828123625,330159.585731084,42.5,AVG
370749:9070,1533:1533,07/16/23 02:57:46,STABLE BEAMS,6800,341163.927831413,330120.876884812,42.5,AVG
370749:9070,1534:1534,07/16/23 02:58:10,STABLE BEAMS,6800,340953.289300779,330395.465443700,42.4,AVG
370749:9070,1535:1535,07/16/23 02:58:33,STABLE BEAMS,6800,341239.095769559,329665.185587534,42.5,AVG
370749:9070,1536:1536,07/16/23 02:58:56,STABLE BEAMS,6800,341090.808910746,329312.061832190,42.5,AVG
370749:9070,1537:1537,07/16/23 02:59:20,STABLE BEAMS,6800,340905.346021493,98826.673467618,42.4,AVG
370749:9070,1539:1539,07/16/23 03:00:06,STABLE BEAMS,6800,290453.195186994,2159.855270109,36.1,AVG
370749:9070,1540:1540,07/16/23 03:00:29,STABLE BEAMS,6800,284985.656621404,406.554268052,35.5,AVG
370725:9068,44:44,07/15/23 05:13:53,STABLE BEAMS,6800,84949.191156551,479.819790647,10.6,AVG
370725:9068,45:45,07/15/23 05:14:17,STABLE BEAMS,6800,19520.616271027,19452.404410050,2.4,AVG
370725:9068,46:46,07/15/23 05:14:40,STABLE BEAMS,6800,109322.636600125,108257.703834388,13.6,AVG
370725:9068,47:47,07/15/23 05:15:03,STABLE BEAMS,6800,242956.366272679,235123.011426556,30.2,AVG
370725:9068,48:48,07/15/23 05:15:26,STABLE BEAMS,6800,219735.052121150,216198.889327092,27.3,AVG
370725:9068,49:49,07/15/23 05:15:50,STABLE BEAMS,6800,87116.808984211,86544.351939825,10.8,AVG
370725:9068,50:50,07/15/23 05:16:13,STABLE BEAMS,6800,13727.802288057,13685.786899361,1.7,AVG
370725:9068,51:51,07/15/23 05:16:36,STABLE BEAMS,6800,89409.232956048,88659.304733546,11.1,AVG
370725:9068,52:52,07/15/23 05:17:00,STABLE BEAMS,6800,98742.991738151,97873.844294922,12.3,AVG
370725:9068,53:53,07/15/23 05:17:23,STABLE BEAMS,6800,38606.477281578,38494.304332276,4.8,AVG
370725:9068,54:54,07/15/23 05:17:46,STABLE BEAMS,6800,139449.667412201,137885.973751284,17.4,AVG
370725:9068,55:55,07/15/23 05:18:10,STABLE BEAMS,6800,246509.782175431,241905.765366882,30.7,AVG
370725:9068,56:56,07/15/23 05:18:33,STABLE BEAMS,6800,230397.821356378,226516.386189820,28.7,AVG
370725:9068,57:57,07/15/23 05:18:56,STABLE BEAMS,6800,102869.602914146,102248.943072980,12.8,AVG
370725:9068,58:58,07/15/23 05:19:20,STABLE BEAMS,6800,32218.521463031,32040.911081530,4.0,AVG
370725:9068,59:59,07/15/23 05:19:43,STABLE BEAMS,6800,186412.384604763,183833.961645032,23.2,AVG
370725:9068,60:60,07/15/23 05:20:06,STABLE BEAMS,6800,271611.120448410,265254.268435799,33.8,AVG
370725:9068,61:61,07/15/23 05:20:30,STABLE BEAMS,6800,271657.285115253,263024.218788808,33.8,AVG
370725:9068,62:62,07/15/23 05:20:53,STABLE BEAMS,6800,271582.823493713,262764.705526441,33.8,AVG
370725:9068,63:63,07/15/23 05:21:16,STABLE BEAMS,6800,271452.905528796,262659.704984762,33.8,AVG
370725:9068,64:64,07/15/23 05:21:39,STABLE BEAMS,6800,271137.004844254,262374.493124897,33.7,AVG
370725:9068,65:65,07/15/23 05:22:03,STABLE BEAMS,6800,271912.542808080,258007.208069964,33.8,AVG
370725:9068,66:66,07/15/23 05:22:26,STABLE BEAMS,6800,278972.181941385,268497.896164338,34.7,AVG
370725:9068,67:67,07/15/23 05:22:49,STABLE BEAMS,6800,280806.856807041,267485.246698472,34.9,AVG
370725:9068,68:68,07/15/23 05:23:13,STABLE BEAMS,6800,280678.785055826,269801.242994212,34.9,AVG
370725:9068,69:69,07/15/23 05:23:36,STABLE BEAMS,6800,280670.703208727,274566.605970192,34.9,AVG
370725:9068,70:70,07/15/23 05:23:59,STABLE BEAMS,6800,280618.640914782,274269.613520529,34.9,AVG
370725:9068,71:71,07/15/23 05:24:23,STABLE BEAMS,6800,280495.485406869,274039.212043110,34.9,AVG
370725:9068,72:72,07/15/23 05:24:46,STABLE BEAMS,6800,284799.352213027,277695.420639030,35.4,AVG
370725:9068,73:73,07/15/23 05:25:09,STABLE BEAMS,6800,295655.527019256,288395.522306003,36.8,AVG
370725:9068,74:74,07/15/23 05:25:33,STABLE BEAMS,6800,296504.778328616,288869.683062737,36.9,AVG
370725:9068,75:75,07/15/23 05:25:56,STABLE BEAMS,6800,296678.970456195,289111.534831897,36.9,AVG
370725:9068,76:76,07/15/23 05:26:19,STABLE BEAMS,6800,296851.684680382,289168.016431851,36.9,AVG
370725:9068,77:77,07/15/23 05:26:42,STABLE BEAMS,6800,296498.722188217,288467.206370703,36.9,AVG
370725:9068,78:78,07/15/23 05:27:06,STABLE BEAMS,6800,296768.481516695,289148.818454364,36.9,AVG
370725:9068,79:79,07/15/23 05:27:29,STABLE BEAMS,6800,307916.337108026,299514.741101264,38.3,AVG
370725:9068,80:80,07/15/23 05:27:52,STABLE BEAMS,6800,314239.567751229,304708.753527923,39.1,AVG
370725:9068,81:81,07/15/23 05:28:16,STABLE BEAMS,6800,314056.519858686,304538.454952015,39.1,AVG
370725:9068,82:82,07/15/23 05:28:39,STABLE BEAMS,6800,313906.957900259,304036.966251418,39.1,AVG
370725:9068,83:83,07/15/23 05:29:02,STABLE BEAMS,6800,313570.795486560,304263.564333785,39.0,AVG
370725:9068,84:84,07/15/23 05:29:26,STABLE BEAMS,6800,313425.557677647,299894.528749664,39.0,AVG
370725:9068,85:85,07/15/23 05:29:49,STABLE BEAMS,6800,317787.291161736,303103.020470176,39.6,AVG
370725:9068,86:86,07/15/23 05:30:12,STABLE BEAMS,6800,330821.932865305,319179.918016250,41.2,AVG
370725:9068,87:87,07/15/23 05:30:36,STABLE BEAMS,6800,331804.512506557,319151.915151401,41.3,AVG
370725:9068,88:88,07/15/23 05:30:59,STABLE BEAMS,6800,331600.065318840,319653.287626715,41.3,AVG
370725:9068,89:89,07/15/23 05:31:22,STABLE BEAMS,6800,331492.618944934,318991.244459163,41.3,AVG
370725:9068,90:90,07/15/23 05:31:45,STABLE BEAMS,6800,331433.090208457,319550.434957292,41.3,AVG
370725:9068,91:91,07/15/23 05:32:09,STABLE BEAMS,6800,331219.649722181,323325.896305364,41.2,AVG
370725:9068,92:92,07/15/23 05:32:32,STABLE BEAMS,6800,339830.024445764,330414.706769977,42.3,AVG
370725:9068,93:93,07/15/23 05:32:55,STABLE BEAMS,6800,349519.112463429,335656.205564951,43.5,AVG
370725:9068,94:94,07/15/23 05:33:19,STABLE BEAMS,6800,349556.353764050,339918.144924006,43.5,AVG
370725:9068,95:95,07/15/23 05:33:42,STABLE BEAMS,6800,349521.548439841,338941.848569085,43.5,AVG
370725:9068,96:96,07/15/23 05:34:05,STABLE BEAMS,6800,349291.193652280,334674.492953178,43.5,AVG
370725:9068,97:97,07/15/23 05:34:29,STABLE BEAMS,6800,349068.580374445,339065.626175201,43.4,AVG
370725:9068,98:98,07/15/23 05:34:52,STABLE BEAMS,6800,348917.197844173,338864.220068765,43.4,AVG
370725:9068,99:99,07/15/23 05:35:15,STABLE BEAMS,6800,348881.208332387,338981.487739606,43.4,AVG
370725:9068,100:100,07/15/23 05:35:39,STABLE BEAMS,6800,348843.554430977,338955.630660551,43.4,AVG
370725:9068,101:101,07/15/23 05:36:02,STABLE BEAMS,6800,349168.585947676,338801.771538728,43.5,AVG
370725:9068,102:102,07/15/23 05:36:25,STABLE BEAMS,6800,361083.307893025,349485.731513979,44.9,AVG
370725:9068,103:103,07/15/23 05:36:49,STABLE BEAMS,6800,364943.950539433,347686.155877758,45.4,AVG
370725:9068,104:104,07/15/23 05:37:12,STABLE BEAMS,6800,364583.885252889,352037.810885213,45.4,AVG
370725:9068,105:105,07/15/23 05:37:35,STABLE BEAMS,6800,364473.522700523,347948.842515775,45.4,AVG
370725:9068,106:106,07/15/23 05:37:59,STABLE BEAMS,6800,364110.657789415,347917.347532006,45.3,AVG
370725:9068,107:107,07/15/23 05:38:22,STABLE BEAMS,6800,363961.732215256,346876.236766065,45.3,AVG
370725:9068,108:108,07/15/23 05:38:45,STABLE BEAMS,6800,372655.289122825,358634.482376805,46.4,AVG
370725:9068,109:109,07/15/23 05:39:08,STABLE BEAMS,6800,381860.519961766,362113.322406233,47.5,AVG
370725:9068,110:110,07/15/23 05:39:32,STABLE BEAMS,6800,381494.944007054,360830.333069984,47.5,AVG
370725:9068,111:111,07/15/23 05:39:55,STABLE BEAMS,6800,381255.896629984,359957.534113704,47.5,AVG
370725:9068,112:112,07/15/23 05:40:18,STABLE BEAMS,6800,380871.837558557,365472.352733422,47.4,AVG
370725:9068,113:113,07/15/23 05:40:42,STABLE BEAMS,6800,380596.796007545,369570.208774623,47.4,AVG
370725:9068,114:114,07/15/23 05:41:05,STABLE BEAMS,6800,382994.006593398,370753.031855183,47.7,AVG
370725:9068,115:115,07/15/23 05:41:28,STABLE BEAMS,6800,398487.569508216,380796.105329532,49.6,AVG
370725:9068,116:116,07/15/23 05:41:52,STABLE BEAMS,6800,399300.805663933,385474.669672972,49.7,AVG
370725:9068,117:117,07/15/23 05:42:15,STABLE BEAMS,6800,398958.747954211,384513.118789712,49.7,AVG
370725:9068,118:118,07/15/23 05:42:38,STABLE BEAMS,6800,398730.603028506,293105.987484005,49.6,AVG
370725:9068,119:119,07/15/23 05:43:02,STABLE BEAMS,6800,398339.965655229,376820.995678627,49.6,AVG
370725:9068,120:120,07/15/23 05:43:25,STABLE BEAMS,6800,399601.570659634,379818.363392908,49.7,AVG
370725:9068,121:121,07/15/23 05:43:48,STABLE BEAMS,6800,414341.722202107,396431.553649308,51.6,AVG
370725:9068,122:122,07/15/23 05:44:12,STABLE BEAMS,6800,417310.750860376,393227.242440484,51.9,AVG
370725:9068,123:123,07/15/23 05:44:35,STABLE BEAMS,6800,417294.405342101,403669.628961120,51.9,AVG
370725:9068,124:124,07/15/23 05:44:58,STABLE BEAMS,6800,417414.327644958,400131.016924334,52.0,AVG
370725:9068,125:125,07/15/23 05:45:21,STABLE BEAMS,6800,417076.004322041,404041.482682106,51.9,AVG
370725:9068,126:126,07/15/23 05:45:45,STABLE BEAMS,6800,416982.805496295,403520.204468277,51.9,AVG
370725:9068,127:127,07/15/23 05:46:08,STABLE BEAMS,6800,421385.628890626,407938.645824146,52.4,AVG
370725:9068,128:128,07/15/23 05:46:31,STABLE BEAMS,6800,433743.756819802,412303.041222788,54.0,AVG
370725:9068,129:129,07/15/23 05:46:55,STABLE BEAMS,6800,434550.619808524,413898.007571427,54.1,AVG
370725:9068,130:130,07/15/23 05:47:18,STABLE BEAMS,6800,434888.397659212,419322.019705445,54.1,AVG
370725:9068,131:131,07/15/23 05:47:41,STABLE BEAMS,6800,435138.533973879,418203.459263222,54.2,AVG
370725:9068,132:132,07/15/23 05:48:05,STABLE BEAMS,6800,435141.767178935,421460.815593065,54.2,AVG
370725:9068,133:133,07/15/23 05:48:28,STABLE BEAMS,6800,435625.873782994,420716.908457184,54.2,AVG
370725:9068,134:134,07/15/23 05:48:51,STABLE BEAMS,6800,445440.623217320,423703.848030677,55.4,AVG
370725:9068,135:135,07/15/23 05:49:15,STABLE BEAMS,6800,455243.670640560,436306.529377723,56.7,AVG
370725:9068,136:136,07/15/23 05:49:38,STABLE BEAMS,6800,455638.268515198,430961.796634091,56.7,AVG
370725:9068,137:137,07/15/23 05:50:01,STABLE BEAMS,6800,451226.067194452,427363.743309084,56.2,AVG
370725:9068,138:138,07/15/23 05:50:24,STABLE BEAMS,6800,445970.307056592,431261.427710306,55.5,AVG
370725:9068,139:139,07/15/23 05:50:48,STABLE BEAMS,6800,438459.317625958,424556.648661909,54.6,AVG
370725:9068,140:140,07/15/23 05:51:11,STABLE BEAMS,6800,433750.039074757,420610.136103663,54.0,AVG
370725:9068,141:141,07/15/23 05:51:34,STABLE BEAMS,6800,425387.070973614,413179.481902174,52.9,AVG
370725:9068,142:142,07/15/23 05:51:58,STABLE BEAMS,6800,454964.078825476,438584.040535382,56.6,AVG
370725:9068,143:143,07/15/23 05:52:21,STABLE BEAMS,6800,455714.347904805,440131.405315658,56.7,AVG
370725:9068,144:144,07/15/23 05:52:44,STABLE BEAMS,6800,455374.066476447,431635.162474451,56.7,AVG
370725:9068,145:145,07/15/23 05:53:08,STABLE BEAMS,6800,458174.772661304,441472.631830030,57.0,AVG
370725:9068,146:146,07/15/23 05:53:31,STABLE BEAMS,6800,461591.305338357,444818.488156186,57.4,AVG
370725:9068,147:147,07/15/23 05:53:54,STABLE BEAMS,6800,460808.937316267,443613.475938461,57.4,AVG
370725:9068,148:148,07/15/23 05:54:18,STABLE BEAMS,6800,460505.442628339,442957.783313861,57.3,AVG
370725:9068,149:149,07/15/23 05:54:41,STABLE BEAMS,6800,460031.532159038,443245.368483077,57.3,AVG
370725:9068,150:150,07/15/23 05:55:04,STABLE BEAMS,6800,456341.827455453,433794.922753536,56.8,AVG
370725:9068,151:151,07/15/23 05:55:27,STABLE BEAMS,6800,452748.599073150,437934.321048915,56.3,AVG
370725:9068,152:152,07/15/23 05:55:51,STABLE BEAMS,6800,452801.183528546,436917.548536012,56.4,AVG
370725:9068,153:153,07/15/23 05:56:14,STABLE BEAMS,6800,452376.034546876,437485.806125096,56.3,AVG
370725:9068,154:154,07/15/23 05:56:37,STABLE BEAMS,6800,456333.221115825,433228.324071548,56.8,AVG
370725:9068,155:155,07/15/23 05:57:01,STABLE BEAMS,6800,428165.834722145,410878.017919428,53.3,AVG
370725:9068,156:156,07/15/23 05:57:24,STABLE BEAMS,6800,413262.323571121,402764.078189942,51.4,AVG
370725:9068,157:157,07/15/23 05:57:47,STABLE BEAMS,6800,413749.481556159,236220.168110893,51.5,AVG
370725:9068,158:158,07/15/23 05:58:11,STABLE BEAMS,6800,413330.526248485,402674.275624470,51.4,AVG
370725:9068,159:159,07/15/23 05:58:34,STABLE BEAMS,6800,412900.461023512,402157.123371261,51.4,AVG
370725:9068,160:160,07/15/23 05:58:57,STABLE BEAMS,6800,412334.034734292,401011.579644892,51.3,AVG
370725:9068,161:161,07/15/23 05:59:21,STABLE BEAMS,6800,411684.246768086,401170.439245599,51.2,AVG
370725:9068,162:162,07/15/23 05:59:44,STABLE BEAMS,6800,411166.038825345,401324.217005336,51.2,AVG
370725:9068,163:163,07/15/23 06:00:07,STABLE BEAMS,6800,411596.649522547,394375.717854229,51.2,AVG
370725:9068,164:164,07/15/23 06:00:31,STABLE BEAMS,6800,419983.294381978,408379.666237907,52.3,AVG
370725:9068,165:165,07/15/23 06:00:54,STABLE BEAMS,6800,430475.375799043,411758.717993760,53.6,AVG
370725:9068,166:166,07/15/23 06:01:17,STABLE BEAMS,6800,431805.183480812,419852.803825157,53.7,AVG
370725:9068,167:167,07/15/23 06:01:41,STABLE BEAMS,6800,433011.789033110,420529.393481113,53.9,AVG
370725:9068,168:168,07/15/23 06:02:04,STABLE BEAMS,6800,433053.221611805,412799.097032820,53.9,AVG
370725:9068,169:169,07/15/23 06:02:27,STABLE BEAMS,6800,433032.733768093,420944.352800580,53.9,AVG
370725:9068,170:170,07/15/23 06:02:50,STABLE BEAMS,6800,432644.280614814,419573.383120906,53.8,AVG
370725:9068,171:171,07/15/23 06:03:14,STABLE BEAMS,6800,430350.080361613,412491.129857659,53.6,AVG
370725:9068,172:172,07/15/23 06:03:37,STABLE BEAMS,6800,428358.966857707,416243.765203726,53.3,AVG
370725:9068,173:173,07/15/23 06:04:00,STABLE BEAMS,6800,433494.578578153,420904.553483534,54.0,AVG
370725:9068,174:174,07/15/23 06:04:24,STABLE BEAMS,6800,452587.698751789,429887.893476471,56.3,AVG
370725:9068,175:175,07/15/23 06:04:47,STABLE BEAMS,6800,454143.101160035,432186.343505960,56.5,AVG
370725:9068,176:176,07/15/23 06:05:10,STABLE BEAMS,6800,453141.830936135,438242.893492297,56.4,AVG
370725:9068,177:177,07/15/23 06:05:34,STABLE BEAMS,6800,452137.099061545,431529.060793528,56.3,AVG
370725:9068,178:178,07/15/23 06:05:57,STABLE BEAMS,6800,452013.670817518,429092.281497934,56.3,AVG
370725:9068,179:179,07/15/23 06:06:20,STABLE BEAMS,6800,451684.133327227,430900.889948256,56.2,AVG
370725:9068,180:180,07/15/23 06:06:44,STABLE BEAMS,6800,465563.790771601,443067.247594548,57.9,AVG
370725:9068,181:181,07/15/23 06:07:07,STABLE BEAMS,6800,491500.263346142,451670.922771357,61.2,AVG
370725:9068,182:182,07/15/23 06:07:30,STABLE BEAMS,6800,495559.800552696,460279.742904118,61.7,AVG
370725:9068,183:183,07/15/23 06:07:53,STABLE BEAMS,6800,494479.854118402,473468.691335241,61.5,AVG
370725:9068,184:184,07/15/23 06:08:17,STABLE BEAMS,6800,494160.834451621,474184.191824584,61.5,AVG
370725:9068,185:185,07/15/23 06:08:40,STABLE BEAMS,6800,493819.685862283,468404.662898847,61.5,AVG
370725:9068,186:186,07/15/23 06:09:03,STABLE BEAMS,6800,493475.807580716,467515.603049629,61.4,AVG
370725:9068,187:187,07/15/23 06:09:27,STABLE BEAMS,6800,493499.983189676,473292.302218820,61.4,AVG
370725:9068,188:188,07/15/23 06:09:50,STABLE BEAMS,6800,492395.271383712,472618.573181468,61.3,AVG
370725:9068,189:189,07/15/23 06:10:13,STABLE BEAMS,6800,491633.754853488,473108.211060587,61.2,AVG
370725:9068,190:190,07/15/23 06:10:37,STABLE BEAMS,6800,494328.790945803,474221.523862291,61.5,AVG
370725:9068,191:191,07/15/23 06:11:00,STABLE BEAMS,6800,495646.031786582,369968.130103289,61.7,AVG
370725:9068,192:192,07/15/23 06:11:23,STABLE BEAMS,6800,495197.117465664,475667.235636467,61.6,AVG
370725:9068,193:193,07/15/23 06:11:47,STABLE BEAMS,6800,494799.239764413,475730.935041480,61.6,AVG
370725:9068,194:194,07/15/23 06:12:10,STABLE BEAMS,6800,494365.214038079,475588.984924879,61.5,AVG
370725:9068,195:195,07/15/23 06:12:33,STABLE BEAMS,6800,494569.318557343,475180.542880056,61.6,AVG
370725:9068,196:196,07/15/23 06:12:56,STABLE BEAMS,6800,494133.835907318,475181.023204485,61.5,AVG
370725:9068,197:197,07/15/23 06:13:20,STABLE BEAMS,6800,493715.470362354,475593.554660203,61.4,AVG
370725:9068,198:198,07/15/23 06:13:43,STABLE BEAMS,6800,493057.852305464,474167.212223439,61.4,AVG
370725:9068,199:199,07/15/23 06:14:06,STABLE BEAMS,6800,492442.939595805,473858.765158625,61.3,AVG
370725:9068,200:200,07/15/23 06:14:30,STABLE BEAMS,6800,492694.031652414,473919.688886086,61.3,AVG
370725:9068,201:201,07/15/23 06:14:53,STABLE BEAMS,6800,492480.682078176,473289.700079249,61.3,AVG
370725:9068,202:202,07/15/23 06:15:16,STABLE BEAMS,6800,492349.241919387,474273.257203675,61.3,AVG
370725:9068,203:203,07/15/23 06:15:40,STABLE BEAMS,6800,491976.451278556,473230.748024677,61.2,AVG
370725:9068,204:204,07/15/23 06:16:03,STABLE BEAMS,6800,490412.260706606,472121.954197062,61.0,AVG
370725:9068,205:205,07/15/23 06:16:26,STABLE BEAMS,6800,483636.017707527,465962.038020776,60.2,AVG
370725:9068,206:206,07/15/23 06:16:50,STABLE BEAMS,6800,480352.703801705,464795.920052846,59.8,AVG
370725:9068,207:207,07/15/23 06:17:13,STABLE BEAMS,6800,480456.464741442,464333.786433429,59.8,AVG
370725:9068,208:208,07/15/23 06:17:36,STABLE BEAMS,6800,486701.385153482,468870.117018363,60.6,AVG
370725:9068,209:209,07/15/23 06:18:00,STABLE BEAMS,6800,485575.866146132,469112.993705595,60.4,AVG
370725:9068,210:210,07/15/23 06:18:23,STABLE BEAMS,6800,484944.654539757,467840.357654255,60.4,AVG
370725:9068,211:211,07/15/23 06:18:46,STABLE BEAMS,6800,485389.151468044,468619.241984877,60.4,AVG
370725:9068,212:212,07/15/23 06:19:10,STABLE BEAMS,6800,485039.536403752,468320.997270479,60.4,AVG
370725:9068,213:213,07/15/23 06:19:33,STABLE BEAMS,6800,484790.721810256,461365.168587854,60.3,AVG
370725:9068,214:214,07/15/23 06:19:56,STABLE BEAMS,6800,489242.031625026,471401.182872362,60.9,AVG
370725:9068,215:215,07/15/23 06:20:19,STABLE BEAMS,6800,504209.099615148,482344.993402046,62.8,AVG
370725:9068,216:216,07/15/23 06:20:43,STABLE BEAMS,6800,503342.094816459,481789.324260300,62.6,AVG
370725:9068,217:217,07/15/23 06:21:06,STABLE BEAMS,6800,498478.426644488,478538.175828360,62.0,AVG
370725:9068,218:218,07/15/23 06:21:29,STABLE BEAMS,6800,498523.409454834,477035.269781712,62.0,AVG
370725:9068,219:219,07/15/23 06:21:53,STABLE BEAMS,6800,498125.624996699,479236.518484720,62.0,AVG
370725:9068,220:220,07/15/23 06:22:16,STABLE BEAMS,6800,497661.502723524,477600.944119040,61.9,AVG
370725:9068,221:221,07/15/23 06:22:39,STABLE BEAMS,6800,496882.687264163,235969.147446807,61.8,AVG
370725:9068,222:222,07/15/23 06:23:03,STABLE BEAMS,6800,495287.581937027,355071.426780890,61.6,AVG
370725:9068,223:223,07/15/23 06:23:26,STABLE BEAMS,6800,494499.523753770,392434.958532860,61.5,AVG
370725:9068,224:224,07/15/23 06:23:49,STABLE BEAMS,6800,493913.793808412,474840.880535322,61.5,AVG
370725:9068,225:225,07/15/23 06:24:12,STABLE BEAMS,6800,494485.546610647,476256.502884195,61.5,AVG
370725:9068,226:226,07/15/23 06:24:36,STABLE BEAMS,6800,495041.681190914,476288.501036098,61.6,AVG
370725:9068,227:227,07/15/23 06:24:59,STABLE BEAMS,6800,494788.358292749,475226.914847029,61.6,AVG
370725:9068,228:228,07/15/23 06:25:22,STABLE BEAMS,6800,494400.499564337,475813.111231130,61.5,AVG
370725:9068,229:229,07/15/23 06:25:46,STABLE BEAMS,6800,494142.577449464,475944.014774214,61.5,AVG
370725:9068,230:230,07/15/23 06:26:09,STABLE BEAMS,6800,493680.961085038,475764.610859450,61.4,AVG
370725:9068,231:231,07/15/23 06:26:32,STABLE BEAMS,6800,493512.230672992,475158.223294038,61.4,AVG
370725:9068,232:232,07/15/23 06:26:56,STABLE BEAMS,6800,493190.159625234,462000.347717876,61.4,AVG
370725:9068,233:233,07/15/23 06:27:19,STABLE BEAMS,6800,492172.769997616,461704.854832212,61.3,AVG
370725:9068,234:234,07/15/23 06:27:42,STABLE BEAMS,6800,492859.118589694,464433.854340864,61.3,AVG
370725:9068,235:235,07/15/23 06:28:06,STABLE BEAMS,6800,498767.172602507,472129.503791091,62.1,AVG
370725:9068,236:236,07/15/23 06:28:29,STABLE BEAMS,6800,498094.073857246,463264.451003224,62.0,AVG
370725:9068,237:237,07/15/23 06:28:52,STABLE BEAMS,6800,498465.953046615,472677.765573909,62.0,AVG
370725:9068,238:238,07/15/23 06:29:16,STABLE BEAMS,6800,499298.767925661,473916.577282544,62.1,AVG
370725:9068,239:239,07/15/23 06:29:39,STABLE BEAMS,6800,498669.649627246,471805.264156870,62.1,AVG
370725:9068,240:240,07/15/23 06:30:02,STABLE BEAMS,6800,498412.319606161,477958.363887581,62.0,AVG
370725:9068,241:241,07/15/23 06:30:25,STABLE BEAMS,6800,497880.178810777,478159.397950789,62.0,AVG
370725:9068,242:242,07/15/23 06:30:49,STABLE BEAMS,6800,497525.325814431,478242.705218735,61.9,AVG
370725:9068,243:243,07/15/23 06:31:12,STABLE BEAMS,6800,497386.601037187,164920.505638005,61.9,AVG
370725:9068,244:244,07/15/23 06:31:35,STABLE BEAMS,6800,496660.505235740,194049.987106953,61.8,AVG
370725:9068,245:245,07/15/23 06:31:59,STABLE BEAMS,6800,496308.158148142,476715.965837243,61.8,AVG
370725:9068,246:246,07/15/23 06:32:22,STABLE BEAMS,6800,496070.225026310,476357.031882825,61.7,AVG
370725:9068,247:247,07/15/23 06:32:45,STABLE BEAMS,6800,494942.929737596,476464.909815585,61.6,AVG
370725:9068,248:248,07/15/23 06:33:09,STABLE BEAMS,6800,493627.509468661,474396.431511016,61.4,AVG
370725:9068,249:249,07/15/23 06:33:32,STABLE BEAMS,6800,493506.857538420,474998.172929772,61.4,AVG
370725:9068,250:250,07/15/23 06:33:55,STABLE BEAMS,6800,493207.642709526,475306.746432908,61.4,AVG
370725:9068,251:251,07/15/23 06:34:19,STABLE BEAMS,6800,494027.844126025,474706.563647026,61.5,AVG
370725:9068,252:252,07/15/23 06:34:42,STABLE BEAMS,6800,493859.843341363,475125.502051405,61.5,AVG
370725:9068,253:253,07/15/23 06:35:05,STABLE BEAMS,6800,493335.579258223,474745.088331127,61.4,AVG
370725:9068,254:254,07/15/23 06:35:29,STABLE BEAMS,6800,492512.734399379,474143.448774748,61.3,AVG
370725:9068,255:255,07/15/23 06:35:52,STABLE BEAMS,6800,496034.711054417,476246.602791831,61.7,AVG
370725:9068,256:256,07/15/23 06:36:15,STABLE BEAMS,6800,496078.418765149,471065.390306127,61.7,AVG
370725:9068,257:257,07/15/23 06:36:38,STABLE BEAMS,6800,495626.728130445,475820.820925790,61.7,AVG
370725:9068,258:258,07/15/23 06:37:02,STABLE BEAMS,6800,495309.526704431,476863.503178047,61.6,AVG
370725:9068,259:259,07/15/23 06:37:25,STABLE BEAMS,6800,495049.739727234,475648.813298645,61.6,AVG
370725:9068,260:260,07/15/23 06:37:48,STABLE BEAMS,6800,495129.369348492,476699.617024338,61.6,AVG
370725:9068,261:261,07/15/23 06:38:12,STABLE BEAMS,6800,494634.288029652,467754.933378831,61.6,AVG
370725:9068,262:262,07/15/23 06:38:35,STABLE BEAMS,6800,494664.930048722,476165.773813093,61.6,AVG
370725:9068,263:263,07/15/23 06:38:58,STABLE BEAMS,6800,494352.738109128,475863.036045373,61.5,AVG
370725:9068,264:264,07/15/23 06:39:22,STABLE BEAMS,6800,494200.807775548,475434.221460978,61.5,AVG
370725:9068,265:265,07/15/23 06:39:45,STABLE BEAMS,6800,493639.302391786,475168.306777434,61.4,AVG
370725:9068,266:266,07/15/23 06:40:08,STABLE BEAMS,6800,493277.302310581,473848.470324644,61.4,AVG
370725:9068,267:267,07/15/23 06:40:32,STABLE BEAMS,6800,493309.809191976,468782.470983068,61.4,AVG
370725:9068,268:268,07/15/23 06:40:55,STABLE BEAMS,6800,492989.831452176,473819.282201852,61.4,AVG
370725:9068,269:269,07/15/23 06:41:18,STABLE BEAMS,6800,492488.332675862,475188.656944609,61.3,AVG
370725:9068,270:270,07/15/23 06:41:42,STABLE BEAMS,6800,492383.888730299,473841.029314516,61.3,AVG
370725:9068,271:271,07/15/23 06:42:05,STABLE BEAMS,6800,492537.639635723,475226.140291381,61.3,AVG
370725:9068,272:272,07/15/23 06:42:28,STABLE BEAMS,6800,493459.643886518,474382.813420947,61.4,AVG
370725:9068,273:273,07/15/23 06:42:51,STABLE BEAMS,6800,492959.646324376,475514.331119042,61.4,AVG
370725:9068,274:274,07/15/23 06:43:15,STABLE BEAMS,6800,492941.160876584,475036.935145095,61.4,AVG
370725:9068,275:275,07/15/23 06:43:38,STABLE BEAMS,6800,493099.100729004,475055.306549947,61.4,AVG
370725:9068,276:276,07/15/23 06:44:01,STABLE BEAMS,6800,492871.503606607,474943.245194099,61.3,AVG
370725:9068,277:277,07/15/23 06:44:25,STABLE BEAMS,6800,492668.762767917,474665.355137884,61.3,AVG
370725:9068,278:278,07/15/23 06:44:48,STABLE BEAMS,6800,492521.340739006,474097.839138063,61.3,AVG
370725:9068,279:279,07/15/23 06:45:11,STABLE BEAMS,6800,492636.619534675,475091.118139619,61.3,AVG
370725:9068,280:280,07/15/23 06:45:35,STABLE BEAMS,6800,492526.849076098,474525.702670566,61.3,AVG
370725:9068,281:281,07/15/23 06:45:58,STABLE BEAMS,6800,497028.605747824,477390.288720072,61.9,AVG
370725:9068,282:282,07/15/23 06:46:21,STABLE BEAMS,6800,512239.164149504,487692.676875350,63.8,AVG
370725:9068,283:283,07/15/23 06:46:45,STABLE BEAMS,6800,510883.131841297,487615.899473283,63.6,AVG
370725:9068,284:284,07/15/23 06:47:08,STABLE BEAMS,6800,477981.195680840,461192.974053008,59.5,AVG
370725:9068,285:285,07/15/23 06:47:31,STABLE BEAMS,6800,490811.047528241,473296.410044417,61.1,AVG
370725:9068,286:286,07/15/23 06:47:55,STABLE BEAMS,6800,495543.636858498,476104.207512115,61.7,AVG
370725:9068,287:287,07/15/23 06:48:18,STABLE BEAMS,6800,495218.379227242,476557.041569470,61.6,AVG
370725:9068,288:288,07/15/23 06:48:41,STABLE BEAMS,6800,494909.830762414,476175.520957471,61.6,AVG
370725:9068,289:289,07/15/23 06:49:04,STABLE BEAMS,6800,494152.139531033,475388.962351770,61.5,AVG
370725:9068,290:290,07/15/23 06:49:28,STABLE BEAMS,6800,493602.058760087,474506.365509164,61.4,AVG
370725:9068,291:291,07/15/23 06:49:51,STABLE BEAMS,6800,492724.489516330,474422.789022135,61.3,AVG
370725:9068,292:292,07/15/23 06:50:14,STABLE BEAMS,6800,490933.930300038,472127.261526805,61.1,AVG
370725:9068,293:293,07/15/23 06:50:38,STABLE BEAMS,6800,492993.018035673,475545.974520283,61.4,AVG
370725:9068,294:294,07/15/23 06:51:01,STABLE BEAMS,6800,492436.566428811,473807.049623694,61.3,AVG
370725:9068,295:295,07/15/23 06:51:24,STABLE BEAMS,6800,491995.025307309,474633.456048358,61.2,AVG
370725:9068,296:296,07/15/23 06:51:48,STABLE BEAMS,6800,497822.447335365,478105.488723118,62.0,AVG
370725:9068,297:297,07/15/23 06:52:11,STABLE BEAMS,6800,501237.704912805,480060.055249612,62.4,AVG
370725:9068,298:298,07/15/23 06:52:34,STABLE BEAMS,6800,500716.354677046,481377.924866118,62.3,AVG
370725:9068,299:299,07/15/23 06:52:58,STABLE BEAMS,6800,500185.213914084,480558.956594264,62.3,AVG
370725:9068,300:300,07/15/23 06:53:21,STABLE BEAMS,6800,499663.453408614,480120.468518514,62.2,AVG
370725:9068,301:301,07/15/23 06:53:44,STABLE BEAMS,6800,499416.869656674,439804.239701046,62.2,AVG
370725:9068,302:302,07/15/23 06:54:08,STABLE BEAMS,6800,499078.954272391,403363.554183582,62.1,AVG
370725:9068,303:303,07/15/23 06:54:31,STABLE BEAMS,6800,498490.128655575,478405.986495944,62.0,AVG
370725:9068,304:304,07/15/23 06:54:54,STABLE BEAMS,6800,498268.356896863,479496.029384199,62.0,AVG
370725:9068,305:305,07/15/23 06:55:17,STABLE BEAMS,6800,497937.409104439,478663.621873613,62.0,AVG
370725:9068,306:306,07/15/23 06:55:41,STABLE BEAMS,6800,497725.425541854,478575.577315666,61.9,AVG
370725:9068,307:307,07/15/23 06:56:04,STABLE BEAMS,6800,497466.547685039,375761.413007614,61.9,AVG
370725:9068,308:308,07/15/23 06:56:27,STABLE BEAMS,6800,497093.120659941,212858.270246825,61.9,AVG
370725:9068,309:309,07/15/23 06:56:51,STABLE BEAMS,6800,496997.602411678,472920.943606563,61.9,AVG
370725:9068,310:310,07/15/23 06:57:14,STABLE BEAMS,6800,496424.574509829,464041.247542406,61.8,AVG
370725:9068,311:311,07/15/23 06:57:37,STABLE BEAMS,6800,495774.742253144,471971.945379981,61.7,AVG
370725:9068,312:312,07/15/23 06:58:01,STABLE BEAMS,6800,495688.191661584,414670.223020910,61.7,AVG
370725:9068,313:313,07/15/23 06:58:24,STABLE BEAMS,6800,495420.252904951,409329.719592425,61.7,AVG
370725:9068,314:314,07/15/23 06:58:47,STABLE BEAMS,6800,494927.630873301,469122.037235859,61.6,AVG
370725:9068,315:315,07/15/23 06:59:11,STABLE BEAMS,6800,494132.059625954,466952.493691128,61.5,AVG
370725:9068,316:316,07/15/23 06:59:34,STABLE BEAMS,6800,493873.093188179,461318.975564743,61.5,AVG
370725:9068,317:317,07/15/23 06:59:57,STABLE BEAMS,6800,493477.947510234,475493.945565540,61.4,AVG
370725:9068,318:318,07/15/23 07:00:20,STABLE BEAMS,6800,492915.891992086,357251.199161576,61.3,AVG
370725:9068,319:319,07/15/23 07:00:44,STABLE BEAMS,6800,492652.326337604,475428.822109937,61.3,AVG
370725:9068,320:320,07/15/23 07:01:07,STABLE BEAMS,6800,492358.438021725,474503.566986888,61.3,AVG
370725:9068,321:321,07/15/23 07:01:30,STABLE BEAMS,6800,494575.330407262,476262.924818842,61.6,AVG
370725:9068,322:322,07/15/23 07:01:54,STABLE BEAMS,6800,498633.772007200,478639.445267962,62.1,AVG
370725:9068,323:323,07/15/23 07:02:17,STABLE BEAMS,6800,498420.058784808,469951.406535350,62.0,AVG
370725:9068,324:324,07/15/23 07:02:40,STABLE BEAMS,6800,498256.566304816,479087.847309448,62.0,AVG
370725:9068,325:325,07/15/23 07:03:04,STABLE BEAMS,6800,497787.255052224,478773.787294964,62.0,AVG
370725:9068,326:326,07/15/23 07:03:27,STABLE BEAMS,6800,497209.038170956,477305.383090755,61.9,AVG
370725:9068,327:327,07/15/23 07:03:50,STABLE BEAMS,6800,496759.256689057,471492.834127470,61.8,AVG
370725:9068,328:328,07/15/23 07:04:14,STABLE BEAMS,6800,496455.852913167,477802.926578803,61.8,AVG
370725:9068,329:329,07/15/23 07:04:37,STABLE BEAMS,6800,495779.476672370,476632.675164686,61.7,AVG
370725:9068,330:330,07/15/23 07:05:00,STABLE BEAMS,6800,495581.335050388,477868.641880297,61.7,AVG
370725:9068,331:331,07/15/23 07:05:23,STABLE BEAMS,6800,495129.143233935,475870.597305985,61.6,AVG
370725:9068,332:332,07/15/23 07:05:47,STABLE BEAMS,6800,494609.566948463,476994.407940350,61.6,AVG
370725:9068,333:333,07/15/23 07:06:10,STABLE BEAMS,6800,494091.130560086,475237.700858355,61.5,AVG
370725:9068,334:334,07/15/23 07:06:33,STABLE BEAMS,6800,493930.321150763,476135.550815975,61.5,AVG
370725:9068,335:335,07/15/23 07:06:57,STABLE BEAMS,6800,493861.936649323,475044.019404487,61.5,AVG
370725:9068,336:336,07/15/23 07:07:20,STABLE BEAMS,6800,493596.412889400,476460.282739908,61.4,AVG
370725:9068,337:337,07/15/23 07:07:43,STABLE BEAMS,6800,493215.792157884,475156.385843255,61.4,AVG
370725:9068,338:338,07/15/23 07:08:07,STABLE BEAMS,6800,492850.057689874,474375.566081759,61.3,AVG
370725:9068,339:339,07/15/23 07:08:30,STABLE BEAMS,6800,492525.711510080,475448.966721671,61.3,AVG
370725:9068,340:340,07/15/23 07:08:53,STABLE BEAMS,6800,492106.161777540,446839.863441591,61.2,AVG
370725:9068,341:341,07/15/23 07:09:17,STABLE BEAMS,6800,495001.933981545,213629.633499857,61.6,AVG
370725:9068,342:342,07/15/23 07:09:40,STABLE BEAMS,6800,494919.754161058,476266.459704761,61.6,AVG
370725:9068,343:343,07/15/23 07:10:03,STABLE BEAMS,6800,494718.654401214,477404.914957839,61.6,AVG
370725:9068,344:344,07/15/23 07:10:26,STABLE BEAMS,6800,494572.460850360,476590.596896291,61.6,AVG
370725:9068,345:345,07/15/23 07:10:50,STABLE BEAMS,6800,494138.616948102,476195.073125021,61.5,AVG
370725:9068,346:346,07/15/23 07:11:13,STABLE BEAMS,6800,494181.049559219,475372.538036638,61.5,AVG
370725:9068,347:347,07/15/23 07:11:37,STABLE BEAMS,6800,493713.467966433,476486.966496759,61.4,AVG
370725:9068,348:348,07/15/23 07:12:00,STABLE BEAMS,6800,493697.213360197,475165.835736377,61.4,AVG
370725:9068,349:349,07/15/23 07:12:23,STABLE BEAMS,6800,493493.516779566,476173.669338084,61.4,AVG
370725:9068,350:350,07/15/23 07:12:46,STABLE BEAMS,6800,493102.061197945,474683.935545039,61.4,AVG
370725:9068,351:351,07/15/23 07:13:10,STABLE BEAMS,6800,492643.857531573,474954.670560837,61.3,AVG
370725:9068,352:352,07/15/23 07:13:33,STABLE BEAMS,6800,490914.353907786,473609.072126632,61.1,AVG
370725:9068,353:353,07/15/23 07:13:56,STABLE BEAMS,6800,484374.449573251,468224.445636507,60.3,AVG
370725:9068,354:354,07/15/23 07:14:20,STABLE BEAMS,6800,479044.066969475,463352.129737708,59.6,AVG
370725:9068,355:355,07/15/23 07:14:43,STABLE BEAMS,6800,478805.996314047,464258.621850913,59.6,AVG
370725:9068,356:356,07/15/23 07:15:06,STABLE BEAMS,6800,478514.429751762,463139.305147438,59.6,AVG
370725:9068,357:357,07/15/23 07:15:30,STABLE BEAMS,6800,477632.946628201,462411.805941690,59.4,AVG
370725:9068,358:358,07/15/23 07:15:53,STABLE BEAMS,6800,477050.177151784,461519.549644066,59.4,AVG
370725:9068,359:359,07/15/23 07:16:16,STABLE BEAMS,6800,476750.458810062,462376.230906845,59.3,AVG
370725:9068,360:360,07/15/23 07:16:39,STABLE BEAMS,6800,476374.800943408,460848.877511213,59.3,AVG
370725:9068,361:361,07/15/23 07:17:03,STABLE BEAMS,6800,486600.994952396,470514.762187158,60.6,AVG
370725:9068,362:362,07/15/23 07:17:26,STABLE BEAMS,6800,503277.078722592,482146.986093258,62.6,AVG
370725:9068,363:363,07/15/23 07:17:49,STABLE BEAMS,6800,503075.750517113,483131.851483836,62.6,AVG
370725:9068,364:364,07/15/23 07:18:13,STABLE BEAMS,6800,499007.609302010,479558.694614644,62.1,AVG
370725:9068,365:365,07/15/23 07:18:36,STABLE BEAMS,6800,493054.938458082,474652.231175256,61.4,AVG
370725:9068,366:366,07/15/23 07:18:59,STABLE BEAMS,6800,492770.882628808,475486.052892293,61.3,AVG
370725:9068,367:367,07/15/23 07:19:23,STABLE BEAMS,6800,492338.222914127,474633.604680486,61.3,AVG
370725:9068,368:368,07/15/23 07:19:46,STABLE BEAMS,6800,492574.836645864,474665.720543910,61.3,AVG
370725:9068,369:369,07/15/23 07:20:09,STABLE BEAMS,6800,491318.921802627,472862.378077665,61.1,AVG
370725:9068,370:370,07/15/23 07:20:33,STABLE BEAMS,6800,490408.209293206,473409.690486462,61.0,AVG
370725:9068,371:371,07/15/23 07:20:56,STABLE BEAMS,6800,489763.610306419,471417.246431995,61.0,AVG
370725:9068,372:372,07/15/23 07:21:19,STABLE BEAMS,6800,488628.394014982,471795.601731457,60.8,AVG
370725:9068,373:373,07/15/23 07:21:43,STABLE BEAMS,6800,487296.402113215,470595.073581316,60.6,AVG
370725:9068,374:374,07/15/23 07:22:06,STABLE BEAMS,6800,486327.184210518,470519.152595699,60.5,AVG
370725:9068,375:375,07/15/23 07:22:29,STABLE BEAMS,6800,485807.153364854,469277.963819288,60.5,AVG
370725:9068,376:376,07/15/23 07:22:52,STABLE BEAMS,6800,485585.791875854,469164.284586030,60.4,AVG
370725:9068,377:377,07/15/23 07:23:16,STABLE BEAMS,6800,485323.317165832,468940.174229993,60.4,AVG
370725:9068,378:378,07/15/23 07:23:39,STABLE BEAMS,6800,485032.843879084,468614.402956417,60.4,AVG
370725:9068,379:379,07/15/23 07:24:02,STABLE BEAMS,6800,484840.756066423,469120.330348489,60.3,AVG
370725:9068,380:380,07/15/23 07:24:26,STABLE BEAMS,6800,484306.566253560,468060.833318400,60.3,AVG
370725:9068,381:381,07/15/23 07:24:49,STABLE BEAMS,6800,488305.458137320,471172.384288461,60.8,AVG
370725:9068,382:382,07/15/23 07:25:12,STABLE BEAMS,6800,492666.485304803,474864.749383431,61.3,AVG
370725:9068,383:383,07/15/23 07:25:36,STABLE BEAMS,6800,492298.475704757,474862.321595489,61.3,AVG
370725:9068,384:384,07/15/23 07:25:59,STABLE BEAMS,6800,492262.826530346,474762.236558422,61.3,AVG
370725:9068,385:385,07/15/23 07:26:22,STABLE BEAMS,6800,492046.427906207,474689.658244875,61.2,AVG
370725:9068,386:386,07/15/23 07:26:46,STABLE BEAMS,6800,491667.856192170,460760.627089541,61.2,AVG
370725:9068,387:387,07/15/23 07:27:09,STABLE BEAMS,6800,491357.850803651,458487.599439633,61.2,AVG
370725:9068,388:388,07/15/23 07:27:32,STABLE BEAMS,6800,490911.941242154,455794.066037100,61.1,AVG
370725:9068,389:389,07/15/23 07:27:55,STABLE BEAMS,6800,490817.103668640,467519.337871521,61.1,AVG
370725:9068,390:390,07/15/23 07:28:19,STABLE BEAMS,6800,490452.052206456,465994.540626875,61.0,AVG
370725:9068,391:391,07/15/23 07:28:42,STABLE BEAMS,6800,490570.063025430,473683.097926449,61.1,AVG
370725:9068,392:392,07/15/23 07:29:05,STABLE BEAMS,6800,490230.783960572,464224.868037865,61.0,AVG
370725:9068,394:394,07/15/23 07:29:52,STABLE BEAMS,6800,489551.081271603,404171.307281824,60.9,AVG
370725:9068,395:395,07/15/23 07:30:15,STABLE BEAMS,6800,489366.051962841,472469.114140996,60.9,AVG
370725:9068,396:396,07/15/23 07:30:39,STABLE BEAMS,6800,488761.337719020,471531.025433831,60.8,AVG
370725:9068,397:397,07/15/23 07:31:02,STABLE BEAMS,6800,488275.727569711,472166.686765965,60.8,AVG
370725:9068,398:398,07/15/23 07:31:25,STABLE BEAMS,6800,488002.327097545,464729.643202164,60.7,AVG
370725:9068,399:399,07/15/23 07:31:49,STABLE BEAMS,6800,488075.082370059,326864.070084060,60.7,AVG
370725:9068,400:400,07/15/23 07:32:12,STABLE BEAMS,6800,488056.095740517,471715.681405074,60.7,AVG
370725:9068,401:401,07/15/23 07:32:35,STABLE BEAMS,6800,487683.214187648,470213.022579927,60.7,AVG
370725:9068,402:402,07/15/23 07:32:59,STABLE BEAMS,6800,487486.804556550,471399.393208071,60.7,AVG
370725:9068,403:403,07/15/23 07:33:22,STABLE BEAMS,6800,486883.363081266,470100.497499610,60.6,AVG
370725:9068,404:404,07/15/23 07:33:45,STABLE BEAMS,6800,486898.524411964,382462.101835564,60.6,AVG
370725:9068,405:405,07/15/23 07:34:08,STABLE BEAMS,6800,486293.628344066,449225.850568792,60.5,AVG
370725:9068,406:406,07/15/23 07:34:32,STABLE BEAMS,6800,485763.308120527,469331.047367598,60.5,AVG
370725:9068,407:407,07/15/23 07:34:55,STABLE BEAMS,6800,485590.799031196,468482.094950721,60.4,AVG
370725:9068,408:408,07/15/23 07:35:18,STABLE BEAMS,6800,485074.048012145,468742.872993167,60.4,AVG
370725:9068,409:409,07/15/23 07:35:42,STABLE BEAMS,6800,484625.315515304,469116.562682055,60.3,AVG
370725:9068,410:410,07/15/23 07:36:05,STABLE BEAMS,6800,484497.332345049,366124.168910775,60.3,AVG
370725:9068,411:411,07/15/23 07:36:28,STABLE BEAMS,6800,484039.312833831,467617.564800726,60.2,AVG
370725:9068,412:412,07/15/23 07:36:52,STABLE BEAMS,6800,484086.752600290,460485.082500393,60.2,AVG
370725:9068,413:413,07/15/23 07:37:15,STABLE BEAMS,6800,483492.418646382,467818.967794082,60.2,AVG
370725:9068,414:414,07/15/23 07:37:38,STABLE BEAMS,6800,482676.133440765,466067.632575017,60.1,AVG
370725:9068,415:415,07/15/23 07:38:02,STABLE BEAMS,6800,482083.801882779,466410.376909297,60.0,AVG
370725:9068,416:416,07/15/23 07:38:25,STABLE BEAMS,6800,483160.149132786,466475.906134068,60.1,AVG
370725:9068,417:417,07/15/23 07:38:48,STABLE BEAMS,6800,501343.969430213,482290.108913481,62.4,AVG
370725:9068,418:418,07/15/23 07:39:12,STABLE BEAMS,6800,500987.249240464,481177.347298739,62.4,AVG
370725:9068,419:419,07/15/23 07:39:35,STABLE BEAMS,6800,494159.696885603,468426.487813069,61.5,AVG
370725:9068,420:420,07/15/23 07:39:58,STABLE BEAMS,6800,493615.672255056,474976.668750061,61.4,AVG
370725:9068,421:421,07/15/23 07:40:21,STABLE BEAMS,6800,493003.034677434,475130.729337058,61.4,AVG
370725:9068,422:422,07/15/23 07:40:45,STABLE BEAMS,6800,492106.343601616,468113.210551405,61.2,AVG
370725:9068,423:423,07/15/23 07:41:08,STABLE BEAMS,6800,491674.366892761,473504.544843471,61.2,AVG
370725:9068,424:424,07/15/23 07:41:31,STABLE BEAMS,6800,491319.879875646,472554.927856184,61.1,AVG
370725:9068,425:425,07/15/23 07:41:55,STABLE BEAMS,6800,490424.780926038,472910.913832838,61.0,AVG
370725:9068,426:426,07/15/23 07:42:18,STABLE BEAMS,6800,490002.363967674,471437.084233328,61.0,AVG
370725:9068,427:427,07/15/23 07:42:41,STABLE BEAMS,6800,489866.553037811,472565.523565524,61.0,AVG
370725:9068,428:428,07/15/23 07:43:05,STABLE BEAMS,6800,489369.285167896,471677.954271636,60.9,AVG
370725:9068,429:429,07/15/23 07:43:28,STABLE BEAMS,6800,489147.331585108,471713.340155018,60.9,AVG
370725:9068,430:430,07/15/23 07:43:51,STABLE BEAMS,6800,488675.334930768,471813.860830608,60.8,AVG
370725:9068,431:431,07/15/23 07:44:15,STABLE BEAMS,6800,488391.689371206,466094.559313365,60.8,AVG
370725:9068,432:432,07/15/23 07:44:38,STABLE BEAMS,6800,488240.397752973,465516.716773733,60.8,AVG
370725:9068,433:433,07/15/23 07:45:01,STABLE BEAMS,6800,488260.976508724,457696.940798389,60.8,AVG
370725:9068,434:434,07/15/23 07:45:24,STABLE BEAMS,6800,488128.258919243,465661.111793764,60.8,AVG
370725:9068,435:435,07/15/23 07:45:48,STABLE BEAMS,6800,488357.907390197,466452.164799801,60.8,AVG
370725:9068,436:436,07/15/23 07:46:11,STABLE BEAMS,6800,487681.985709592,464631.334794995,60.7,AVG
370725:9068,437:437,07/15/23 07:46:34,STABLE BEAMS,6800,487935.991613583,465987.199838509,60.7,AVG
370725:9068,438:438,07/15/23 07:46:58,STABLE BEAMS,6800,487555.687908663,465170.153272629,60.7,AVG
370725:9068,439:439,07/15/23 07:47:21,STABLE BEAMS,6800,487287.933307184,465027.630490818,60.6,AVG
370725:9068,440:440,07/15/23 07:47:44,STABLE BEAMS,6800,486927.662885785,464413.006560992,60.6,AVG
370725:9068,441:441,07/15/23 07:48:08,STABLE BEAMS,6800,486906.356833727,464858.443338934,60.6,AVG
370725:9068,442:442,07/15/23 07:48:31,STABLE BEAMS,6800,486612.102538617,468967.764583581,60.6,AVG
370725:9068,443:443,07/15/23 07:48:54,STABLE BEAMS,6800,486205.394714259,469436.751860493,60.5,AVG
370725:9068,444:444,07/15/23 07:49:18,STABLE BEAMS,6800,485984.988967200,469502.054012068,60.5,AVG
370725:9068,445:445,07/15/23 07:49:41,STABLE BEAMS,6800,485945.013312196,468929.072097311,60.5,AVG
370725:9068,446:446,07/15/23 07:50:04,STABLE BEAMS,6800,485802.190499993,466780.778142163,60.5,AVG
370725:9068,447:447,07/15/23 07:50:28,STABLE BEAMS,6800,485787.574641525,466206.797198250,60.5,AVG
370725:9068,448:448,07/15/23 07:50:51,STABLE BEAMS,6800,485302.920234157,466264.909614866,60.4,AVG
370725:9068,449:449,07/15/23 07:51:14,STABLE BEAMS,6800,485033.843911506,466888.101535077,60.4,AVG
370725:9068,450:450,07/15/23 07:51:37,STABLE BEAMS,6800,484990.728294563,466113.221460220,60.4,AVG
370725:9068,451:451,07/15/23 07:52:01,STABLE BEAMS,6800,484594.720117792,466081.317898858,60.3,AVG
370725:9068,452:452,07/15/23 07:52:24,STABLE BEAMS,6800,484230.988045703,465643.005831526,60.3,AVG
370725:9068,453:453,07/15/23 07:52:47,STABLE BEAMS,6800,483655.549809299,465169.867359198,60.2,AVG
370725:9068,454:454,07/15/23 07:53:11,STABLE BEAMS,6800,482716.153386249,464377.428576440,60.1,AVG
370725:9068,455:455,07/15/23 07:53:34,STABLE BEAMS,6800,482031.170805824,464029.142295535,60.0,AVG
370725:9068,456:456,07/15/23 07:53:57,STABLE BEAMS,6800,481332.166791797,463384.940202532,59.9,AVG
370667:9066,1:1,07/14/23 08:10:37,STABLE BEAMS,6800,325704.487234978,314529.092475628,40.5,AVG
370667:9066,2:2,07/14/23 08:11:01,STABLE BEAMS,6800,327190.663622659,325204.210368645,40.7,AVG
370667:9066,3:3,07/14/23 08:11:24,STABLE BEAMS,6800,341389.797625083,339487.823399353,42.5,AVG
370667:9066,4:4,07/14/23 08:11:47,STABLE BEAMS,6800,343908.795376117,341843.964857079,42.8,AVG
370667:9066,5:5,07/14/23 08:12:11,STABLE BEAMS,6800,343804.533254630,337757.974889364,42.8,AVG
370667:9066,6:6,07/14/23 08:12:34,STABLE BEAMS,6800,343727.498123081,337576.084786618,42.8,AVG
370667:9066,7:7,07/14/23 08:12:57,STABLE BEAMS,6800,343528.652515572,337802.203978459,42.8,AVG
370667:9066,8:8,07/14/23 08:13:21,STABLE BEAMS,6800,343455.873932279,337728.387361394,42.7,AVG
370667:9066,9:9,07/14/23 08:13:44,STABLE BEAMS,6800,343874.011031609,338607.144038990,42.8,AVG
370667:9066,10:10,07/14/23 08:14:07,STABLE BEAMS,6800,356447.400018905,350183.428701902,44.4,AVG
370667:9066,11:11,07/14/23 08:14:31,STABLE BEAMS,6800,361551.047999109,354615.446387230,45.0,AVG
370667:9066,12:12,07/14/23 08:14:54,STABLE BEAMS,6800,339350.172058882,12818.419969754,42.2,AVG
370667:9066,14:14,07/14/23 08:15:40,STABLE BEAMS,6800,360001.540886886,34411.215287676,44.8,AVG
370667:9066,15:15,07/14/23 08:16:04,STABLE BEAMS,6800,360829.984994860,354354.616358591,44.9,AVG
370667:9066,16:16,07/14/23 08:16:27,STABLE BEAMS,6800,360550.073822103,354228.784889088,44.9,AVG
370667:9066,17:17,07/14/23 08:16:50,STABLE BEAMS,6800,366770.340754212,355563.590139047,45.6,AVG
370667:9066,18:18,07/14/23 08:17:14,STABLE BEAMS,6800,379163.549074790,372442.552347594,47.2,AVG
370667:9066,19:19,07/14/23 08:17:37,STABLE BEAMS,6800,379373.914869310,366854.001951451,47.2,AVG
370667:9066,20:20,07/14/23 08:18:00,STABLE BEAMS,6800,379374.961523289,372610.990300863,47.2,AVG
370667:9066,21:21,07/14/23 08:18:24,STABLE BEAMS,6800,379121.867070759,167918.815588950,47.2,AVG
370667:9066,22:22,07/14/23 08:18:47,STABLE BEAMS,6800,378825.974027881,370510.766135054,47.1,AVG
370667:9066,23:23,07/14/23 08:19:10,STABLE BEAMS,6800,378976.470748549,371192.102428870,47.2,AVG
370667:9066,24:24,07/14/23 08:19:34,STABLE BEAMS,6800,387951.598556344,379098.689916968,48.3,AVG
370667:9066,25:25,07/14/23 08:19:57,STABLE BEAMS,6800,396106.501636861,386269.097879748,49.3,AVG
370667:9066,26:26,07/14/23 08:20:20,STABLE BEAMS,6800,396014.032438499,381517.953354404,49.3,AVG
370667:9066,27:27,07/14/23 08:20:43,STABLE BEAMS,6800,396040.166152899,386037.843399806,49.3,AVG
370667:9066,28:28,07/14/23 08:21:07,STABLE BEAMS,6800,395880.312485518,387012.794355513,49.3,AVG
370667:9066,30:30,07/14/23 08:21:53,STABLE BEAMS,6800,395726.971849805,163497.009188459,49.3,AVG
370667:9066,31:31,07/14/23 08:22:17,STABLE BEAMS,6800,395462.949304053,384090.281568243,49.2,AVG
370667:9066,32:32,07/14/23 08:22:40,STABLE BEAMS,6800,395251.058984584,380836.288317436,49.2,AVG
370667:9066,33:33,07/14/23 08:23:03,STABLE BEAMS,6800,404226.620372869,394634.134261393,50.3,AVG
370667:9066,34:34,07/14/23 08:23:27,STABLE BEAMS,6800,414290.729872920,402951.490639350,51.6,AVG
370667:9066,35:35,07/14/23 08:23:50,STABLE BEAMS,6800,414229.357253820,397924.747401812,51.6,AVG
370667:9066,36:36,07/14/23 08:24:13,STABLE BEAMS,6800,414063.039507406,394790.060856431,51.5,AVG
370667:9066,37:37,07/14/23 08:24:37,STABLE BEAMS,6800,413701.403074355,398077.274527524,51.5,AVG
370667:9066,38:38,07/14/23 08:25:00,STABLE BEAMS,6800,413450.996354650,396196.910890771,51.5,AVG
370667:9066,39:39,07/14/23 08:25:23,STABLE BEAMS,6800,420467.766965269,403072.263313174,52.3,AVG
370667:9066,40:40,07/14/23 08:25:46,STABLE BEAMS,6800,434833.582362260,415921.997569124,54.1,AVG
370667:9066,41:41,07/14/23 08:26:10,STABLE BEAMS,6800,435177.232198191,417341.913500166,54.2,AVG
370667:9066,42:42,07/14/23 08:26:33,STABLE BEAMS,6800,434858.440977046,412997.516480909,54.1,AVG
370667:9066,43:43,07/14/23 08:26:56,STABLE BEAMS,6800,434597.423190715,421205.088382449,54.1,AVG
370667:9066,44:44,07/14/23 08:27:20,STABLE BEAMS,6800,434318.514381457,416643.603518619,54.1,AVG
370667:9066,45:45,07/14/23 08:27:43,STABLE BEAMS,6800,435526.987127158,422198.368595871,54.2,AVG
370667:9066,46:46,07/14/23 08:28:06,STABLE BEAMS,6800,452132.502175915,428871.946028564,56.3,AVG
370667:9066,47:47,07/14/23 08:28:30,STABLE BEAMS,6800,455491.895471345,434249.704247252,56.7,AVG
370667:9066,48:48,07/14/23 08:28:53,STABLE BEAMS,6800,455270.168003114,431822.075269047,56.7,AVG
370667:9066,49:49,07/14/23 08:29:16,STABLE BEAMS,6800,441731.248878367,422600.837073554,55.0,AVG
370667:9066,50:50,07/14/23 08:29:40,STABLE BEAMS,6800,442049.725403995,427452.907115519,55.0,AVG
370667:9066,51:51,07/14/23 08:30:03,STABLE BEAMS,6800,443384.176592952,339967.113689297,55.2,AVG
370667:9066,52:52,07/14/23 08:30:26,STABLE BEAMS,6800,423572.245236325,411812.588575646,52.7,AVG
370667:9066,53:53,07/14/23 08:30:50,STABLE BEAMS,6800,431145.287960808,418860.519026459,53.7,AVG
370667:9066,54:54,07/14/23 08:31:13,STABLE BEAMS,6800,453672.470517348,438908.560081997,56.5,AVG
370667:9066,55:55,07/14/23 08:31:36,STABLE BEAMS,6800,453415.413232378,438542.071776144,56.4,AVG
370667:9066,56:56,07/14/23 08:32:00,STABLE BEAMS,6800,437397.266876746,423895.298846706,54.4,AVG
370667:9066,57:57,07/14/23 08:32:23,STABLE BEAMS,6800,403151.319776841,394165.286094550,50.2,AVG
370667:9066,58:58,07/14/23 08:32:46,STABLE BEAMS,6800,403892.893935582,393807.727228507,50.3,AVG
370667:9066,59:59,07/14/23 08:33:09,STABLE BEAMS,6800,403820.821668894,394777.760637784,50.3,AVG
370667:9066,60:60,07/14/23 08:33:33,STABLE BEAMS,6800,403463.691209434,393321.874836464,50.2,AVG
370667:9066,61:61,07/14/23 08:33:56,STABLE BEAMS,6800,403189.607731442,393730.047744924,50.2,AVG
370667:9066,62:62,07/14/23 08:34:19,STABLE BEAMS,6800,402442.616147648,392909.438627251,50.1,AVG
370667:9066,63:63,07/14/23 08:34:43,STABLE BEAMS,6800,402029.031643468,392554.790718770,50.0,AVG
370667:9066,64:64,07/14/23 08:35:06,STABLE BEAMS,6800,401582.849345856,391715.390497697,50.0,AVG
370667:9066,65:65,07/14/23 08:35:29,STABLE BEAMS,6800,401495.161188279,392602.887471385,50.0,AVG
370667:9066,66:66,07/14/23 08:35:53,STABLE BEAMS,6800,401215.795487752,391243.022771768,49.9,AVG
370667:9066,67:67,07/14/23 08:36:16,STABLE BEAMS,6800,401310.495527669,392478.142444235,49.9,AVG
370667:9066,68:68,07/14/23 08:36:39,STABLE BEAMS,6800,401055.489591257,391516.488323856,49.9,AVG
370667:9066,69:69,07/14/23 08:37:03,STABLE BEAMS,6800,400890.810592611,391451.852613107,49.9,AVG
370667:9066,70:70,07/14/23 08:37:26,STABLE BEAMS,6800,400624.422002785,391555.712954144,49.9,AVG
370667:9066,71:71,07/14/23 08:37:49,STABLE BEAMS,6800,399881.390920353,390544.102939419,49.8,AVG
370667:9066,72:72,07/14/23 08:38:12,STABLE BEAMS,6800,399470.128169767,389634.530627109,49.7,AVG
370667:9066,73:73,07/14/23 08:38:36,STABLE BEAMS,6800,399012.108658550,389139.074062275,49.7,AVG
370667:9066,74:74,07/14/23 08:38:59,STABLE BEAMS,6800,398640.045314026,388938.212893476,49.6,AVG
370667:9066,75:75,07/14/23 08:39:22,STABLE BEAMS,6800,398661.397987642,388428.280672683,49.6,AVG
370667:9066,76:76,07/14/23 08:39:46,STABLE BEAMS,6800,398381.076545174,388930.671564281,49.6,AVG
370667:9066,77:77,07/14/23 08:40:09,STABLE BEAMS,6800,397671.328593079,387631.646411976,49.5,AVG
370667:9066,78:78,07/14/23 08:40:32,STABLE BEAMS,6800,397000.414067815,387478.364932604,49.4,AVG
370667:9066,79:79,07/14/23 08:40:56,STABLE BEAMS,6800,401029.400167336,391620.597282827,49.9,AVG
370667:9066,80:80,07/14/23 08:41:19,STABLE BEAMS,6800,401137.667080665,390689.102492491,49.9,AVG
370667:9066,81:81,07/14/23 08:41:42,STABLE BEAMS,6800,400554.990847364,391192.817444069,49.9,AVG
370667:9066,82:82,07/14/23 08:42:06,STABLE BEAMS,6800,400134.030812691,390261.397908257,49.8,AVG
370667:9066,83:83,07/14/23 08:42:29,STABLE BEAMS,6800,400270.389545861,390440.323326732,49.8,AVG
370667:9066,84:84,07/14/23 08:42:52,STABLE BEAMS,6800,399880.798826565,382081.690554179,49.8,AVG
370667:9066,85:85,07/14/23 08:43:16,STABLE BEAMS,6800,399353.254916811,390070.355717422,49.7,AVG
370667:9066,86:86,07/14/23 08:43:39,STABLE BEAMS,6800,399103.347047778,388774.768141540,49.7,AVG
370667:9066,87:87,07/14/23 08:44:02,STABLE BEAMS,6800,398438.125014759,388695.365730881,49.6,AVG
370667:9066,88:88,07/14/23 08:44:26,STABLE BEAMS,6800,401722.077635928,391670.552171246,50.0,AVG
370667:9066,89:89,07/14/23 08:44:49,STABLE BEAMS,6800,417850.996813638,399513.654038476,52.0,AVG
370667:9066,90:90,07/14/23 08:45:12,STABLE BEAMS,6800,418624.348226388,406589.186521468,52.1,AVG
370667:9066,91:91,07/14/23 08:45:35,STABLE BEAMS,6800,419085.738476257,402034.856646203,52.2,AVG
370667:9066,92:92,07/14/23 08:45:59,STABLE BEAMS,6800,418900.846701091,400503.403819679,52.1,AVG
370667:9066,93:93,07/14/23 08:46:22,STABLE BEAMS,6800,419129.583720585,406047.374592443,52.2,AVG
370667:9066,94:94,07/14/23 08:46:45,STABLE BEAMS,6800,418747.140086147,399042.482328509,52.1,AVG
370667:9066,95:95,07/14/23 08:47:09,STABLE BEAMS,6800,418540.713813289,405287.741729327,52.1,AVG
370667:9066,96:96,07/14/23 08:47:32,STABLE BEAMS,6800,418217.183510761,405696.684209060,52.1,AVG
370667:9066,97:97,07/14/23 08:47:55,STABLE BEAMS,6800,418360.372302195,404578.493692412,52.1,AVG
370667:9066,98:98,07/14/23 08:48:19,STABLE BEAMS,6800,422774.851086055,403978.492847859,52.6,AVG
370667:9066,99:99,07/14/23 08:48:42,STABLE BEAMS,6800,427090.578416597,407505.307110158,53.2,AVG
370667:9066,100:100,07/14/23 08:49:05,STABLE BEAMS,6800,427547.551273835,413383.037330556,53.2,AVG
370667:9066,101:101,07/14/23 08:49:29,STABLE BEAMS,6800,427166.974832799,413736.014047990,53.2,AVG
370667:9066,102:102,07/14/23 08:49:52,STABLE BEAMS,6800,427398.854145310,406413.017737317,53.2,AVG
370717:9067,39:39,07/15/23 01:10:34,STABLE BEAMS,6800,60938.280543455,6857.431510154,7.6,AVG
370717:9067,40:40,07/15/23 01:10:58,STABLE BEAMS,6800,22541.945902308,18371.226347730,2.8,AVG
370717:9067,41:41,07/15/23 01:11:21,STABLE BEAMS,6800,120521.963557152,119430.569966864,15.0,AVG
370717:9067,42:42,07/15/23 01:11:44,STABLE BEAMS,6800,252292.881088190,248719.378910895,31.4,AVG
370717:9067,43:43,07/15/23 01:12:08,STABLE BEAMS,6800,224637.873543840,222091.993330888,28.0,AVG
370717:9067,44:44,07/15/23 01:12:31,STABLE BEAMS,6800,77479.179045098,77070.076304146,9.6,AVG
370717:9067,45:45,07/15/23 01:12:54,STABLE BEAMS,6800,12740.006603572,12702.913481935,1.6,AVG
370717:9067,46:46,07/15/23 01:13:18,STABLE BEAMS,6800,126395.380782689,125226.833023102,15.7,AVG
370717:9067,47:47,07/15/23 01:13:41,STABLE BEAMS,6800,70184.788944411,68617.786216019,8.7,AVG
370717:9067,48:48,07/15/23 01:14:04,STABLE BEAMS,6800,48322.488083515,48114.727367274,6.0,AVG
370717:9067,49:49,07/15/23 01:14:28,STABLE BEAMS,6800,153689.958226804,152435.561365305,19.1,AVG
370717:9067,50:50,07/15/23 01:14:51,STABLE BEAMS,6800,262597.224483965,259150.041733874,32.7,AVG
370717:9067,51:51,07/15/23 01:15:14,STABLE BEAMS,6800,223925.187501153,221104.855026818,27.9,AVG
370717:9067,52:52,07/15/23 01:15:37,STABLE BEAMS,6800,94171.660316605,93759.245776125,11.7,AVG
370717:9067,53:53,07/15/23 01:16:01,STABLE BEAMS,6800,27427.965684709,27296.171358345,3.4,AVG
370717:9067,54:54,07/15/23 01:16:24,STABLE BEAMS,6800,229778.310129335,227354.379907650,28.6,AVG
370717:9067,55:55,07/15/23 01:16:47,STABLE BEAMS,6800,285300.009470217,280935.347874467,35.5,AVG
370717:9067,56:56,07/15/23 01:17:11,STABLE BEAMS,6800,285339.302119395,281634.664376223,35.5,AVG
370717:9067,57:57,07/15/23 01:17:34,STABLE BEAMS,6800,283725.736986325,118126.320847625,35.3,AVG
370717:9067,58:58,07/15/23 01:17:57,STABLE BEAMS,6800,281466.048341518,277544.878593111,35.0,AVG
370717:9067,59:59,07/15/23 01:18:21,STABLE BEAMS,6800,282660.860970691,278624.098565133,35.2,AVG
370717:9067,60:60,07/15/23 01:18:44,STABLE BEAMS,6800,283858.247109873,280239.201781652,35.3,AVG
370717:9067,61:61,07/15/23 01:19:07,STABLE BEAMS,6800,283289.774134251,278903.643576076,35.3,AVG
370717:9067,62:62,07/15/23 01:19:31,STABLE BEAMS,6800,281870.229277426,278316.339579253,35.1,AVG
370717:9067,63:63,07/15/23 01:19:54,STABLE BEAMS,6800,281003.632417370,277218.997742268,35.0,AVG
370717:9067,64:64,07/15/23 01:20:17,STABLE BEAMS,6800,280461.635824601,276320.798706175,34.9,AVG
370717:9067,65:65,07/15/23 01:20:41,STABLE BEAMS,6800,280555.743770731,276766.950897849,34.9,AVG
370717:9067,66:66,07/15/23 01:21:04,STABLE BEAMS,6800,279551.331253814,276102.718883238,34.8,AVG
370717:9067,67:67,07/15/23 01:21:27,STABLE BEAMS,6800,279737.407216556,275979.995762735,34.8,AVG
370717:9067,68:68,07/15/23 01:21:50,STABLE BEAMS,6800,280142.159266551,276333.295287191,34.9,AVG
370717:9067,69:69,07/15/23 01:22:14,STABLE BEAMS,6800,280381.912960227,276118.385160682,34.9,AVG
370717:9067,70:70,07/15/23 01:22:37,STABLE BEAMS,6800,280119.349669244,276321.712148429,34.9,AVG
370717:9067,71:71,07/15/23 01:23:00,STABLE BEAMS,6800,279762.561878236,276330.575909327,34.8,AVG
370717:9067,72:72,07/15/23 01:23:24,STABLE BEAMS,6800,279363.455698929,275625.151856504,34.8,AVG
370717:9067,73:73,07/15/23 01:23:47,STABLE BEAMS,6800,279183.207430951,275365.455436059,34.7,AVG
370717:9067,74:74,07/15/23 01:24:10,STABLE BEAMS,6800,278762.475841913,275016.176113089,34.7,AVG
370717:9067,75:75,07/15/23 01:24:34,STABLE BEAMS,6800,278635.996216907,274169.005878469,34.7,AVG
370717:9067,76:76,07/15/23 01:24:57,STABLE BEAMS,6800,278214.101419994,274770.704189894,34.6,AVG
370717:9067,77:77,07/15/23 01:25:20,STABLE BEAMS,6800,282770.106936741,278595.471379814,35.2,AVG
370717:9067,78:78,07/15/23 01:25:44,STABLE BEAMS,6800,289071.893994289,285054.352865596,36.0,AVG
370717:9067,79:79,07/15/23 01:26:07,STABLE BEAMS,6800,288866.332551334,284763.658489398,36.0,AVG
370717:9067,80:80,07/15/23 01:26:30,STABLE BEAMS,6800,288509.568071105,284771.476628370,35.9,AVG
370717:9067,81:81,07/15/23 01:26:53,STABLE BEAMS,6800,288475.877002134,284403.154435002,35.9,AVG
370717:9067,82:82,07/15/23 01:27:17,STABLE BEAMS,6800,288479.746591458,284442.653587799,35.9,AVG
370717:9067,83:83,07/15/23 01:27:40,STABLE BEAMS,6800,288544.282483276,284460.367460909,35.9,AVG
370717:9067,84:84,07/15/23 01:28:03,STABLE BEAMS,6800,297581.263112220,292978.690903165,37.0,AVG
370717:9067,85:85,07/15/23 01:28:27,STABLE BEAMS,6800,304167.809984569,299575.662297174,37.9,AVG
370717:9067,86:86,07/15/23 01:28:50,STABLE BEAMS,6800,303825.227782318,299680.597092062,37.8,AVG
370717:9067,87:87,07/15/23 01:29:13,STABLE BEAMS,6800,303786.140267996,233292.937037899,37.8,AVG
370717:9067,88:88,07/15/23 01:29:37,STABLE BEAMS,6800,303790.580971406,299103.914880774,37.8,AVG
370717:9067,89:89,07/15/23 01:30:00,STABLE BEAMS,6800,303561.888242393,299463.822421931,37.8,AVG
370717:9067,90:90,07/15/23 01:30:23,STABLE BEAMS,6800,304753.129660215,300224.486938549,37.9,AVG
370717:9067,91:91,07/15/23 01:30:47,STABLE BEAMS,6800,317821.620946052,312857.680958041,39.6,AVG
370717:9067,92:92,07/15/23 01:31:10,STABLE BEAMS,6800,320806.356407250,216976.957616491,39.9,AVG
370717:9067,93:93,07/15/23 01:31:33,STABLE BEAMS,6800,320483.716576482,304495.809408229,39.9,AVG
370717:9067,94:94,07/15/23 01:31:57,STABLE BEAMS,6800,320238.792552011,309999.716329116,39.9,AVG
370717:9067,95:95,07/15/23 01:32:20,STABLE BEAMS,6800,319875.517371192,306510.073605959,39.8,AVG
370717:9067,96:96,07/15/23 01:32:43,STABLE BEAMS,6800,319666.769344739,306035.220674139,39.8,AVG
370717:9067,97:97,07/15/23 01:33:06,STABLE BEAMS,6800,324974.955424698,313591.926566140,40.4,AVG
370717:9067,98:98,07/15/23 01:33:30,STABLE BEAMS,6800,336786.121565165,230614.042805011,41.9,AVG
370717:9067,99:99,07/15/23 01:33:53,STABLE BEAMS,6800,337347.333233111,319381.549384656,42.0,AVG
370717:9067,100:100,07/15/23 01:34:16,STABLE BEAMS,6800,336699.731817981,323614.944079061,41.9,AVG
370717:9067,101:101,07/15/23 01:34:40,STABLE BEAMS,6800,336294.273451381,327603.724317194,41.9,AVG
370717:9067,102:102,07/15/23 01:35:03,STABLE BEAMS,6800,336020.280885426,326931.225935599,41.8,AVG
370717:9067,103:103,07/15/23 01:35:26,STABLE BEAMS,6800,335937.418059113,139502.919550975,41.8,AVG
370717:9067,104:104,07/15/23 01:35:50,STABLE BEAMS,6800,347945.429742247,338074.521065312,43.3,AVG
370717:9067,105:105,07/15/23 01:36:13,STABLE BEAMS,6800,352503.346742877,341640.939157584,43.9,AVG
370717:9067,106:106,07/15/23 01:36:36,STABLE BEAMS,6800,352681.023831925,337428.860363741,43.9,AVG
370717:9067,107:107,07/15/23 01:37:00,STABLE BEAMS,6800,352751.252215989,342506.758114639,43.9,AVG
370717:9067,108:108,07/15/23 01:37:23,STABLE BEAMS,6800,352849.047927365,335134.925361655,43.9,AVG
370717:9067,109:109,07/15/23 01:37:46,STABLE BEAMS,6800,353060.301862566,343152.847666477,43.9,AVG
370717:9067,110:110,07/15/23 01:38:10,STABLE BEAMS,6800,353229.624368400,337843.051750003,44.0,AVG
370717:9067,111:111,07/15/23 01:38:33,STABLE BEAMS,6800,353006.645111334,342295.294195097,43.9,AVG
370717:9067,112:112,07/15/23 01:38:56,STABLE BEAMS,6800,362579.477611687,347339.358837158,45.1,AVG
370717:9067,113:113,07/15/23 01:39:19,STABLE BEAMS,6800,369911.922792292,359505.405883134,46.0,AVG
370717:9067,114:114,07/15/23 01:39:43,STABLE BEAMS,6800,369647.287173051,359632.433665249,46.0,AVG
370717:9067,115:115,07/15/23 01:40:06,STABLE BEAMS,6800,369591.173465706,359283.800013705,46.0,AVG
370717:9067,116:116,07/15/23 01:40:29,STABLE BEAMS,6800,369216.175294099,351311.924616584,46.0,AVG
370717:9067,117:117,07/15/23 01:40:53,STABLE BEAMS,6800,369006.058924916,354990.438469899,45.9,AVG
370717:9067,118:118,07/15/23 01:41:16,STABLE BEAMS,6800,372372.575994426,362621.198187669,46.3,AVG
370717:9067,119:119,07/15/23 01:41:39,STABLE BEAMS,6800,386385.815858184,369247.495451512,48.1,AVG
370717:9067,120:120,07/15/23 01:42:03,STABLE BEAMS,6800,386799.535564882,364866.603269913,48.1,AVG
370717:9067,121:121,07/15/23 01:42:26,STABLE BEAMS,6800,386539.200784377,370471.752462541,48.1,AVG
370717:9067,122:122,07/15/23 01:42:49,STABLE BEAMS,6800,386160.174510149,367311.632521416,48.1,AVG
370717:9067,123:123,07/15/23 01:43:13,STABLE BEAMS,6800,385735.435798191,373341.617149797,48.0,AVG
370717:9067,124:124,07/15/23 01:43:36,STABLE BEAMS,6800,385747.182099757,374455.762551427,48.0,AVG
370717:9067,125:125,07/15/23 01:43:59,STABLE BEAMS,6800,399072.115265998,384422.488033524,49.7,AVG
370717:9067,126:126,07/15/23 01:44:22,STABLE BEAMS,6800,405313.119467156,384970.069804793,50.4,AVG
370717:9067,127:127,07/15/23 01:44:46,STABLE BEAMS,6800,405078.372928821,389461.563193498,50.4,AVG
370717:9067,128:128,07/15/23 01:45:09,STABLE BEAMS,6800,404668.203453774,394518.506416271,50.4,AVG
370717:9067,129:129,07/15/23 01:45:32,STABLE BEAMS,6800,404595.131154665,393463.730953911,50.4,AVG
370717:9067,130:130,07/15/23 01:45:56,STABLE BEAMS,6800,404014.273162130,386518.351431889,50.3,AVG
370717:9067,131:131,07/15/23 01:46:19,STABLE BEAMS,6800,408433.167007543,397331.477581109,50.8,AVG
370717:9067,132:132,07/15/23 01:46:42,STABLE BEAMS,6800,423625.967257739,405218.337251483,52.7,AVG
370717:9067,133:133,07/15/23 01:47:06,STABLE BEAMS,6800,423786.137951715,411136.386727328,52.7,AVG
370717:9067,134:134,07/15/23 01:47:29,STABLE BEAMS,6800,424003.676472950,410871.467677517,52.8,AVG
370717:9067,135:135,07/15/23 01:47:52,STABLE BEAMS,6800,423624.920603759,410922.712229371,52.7,AVG
370717:9067,136:136,07/15/23 01:48:16,STABLE BEAMS,6800,423462.791804342,411065.931955694,52.7,AVG
370717:9067,137:137,07/15/23 01:48:39,STABLE BEAMS,6800,424135.799637565,405872.627045973,52.8,AVG
370717:9067,138:138,07/15/23 01:49:02,STABLE BEAMS,6800,437062.810812074,422031.193912879,54.4,AVG
370717:9067,139:139,07/15/23 01:49:26,STABLE BEAMS,6800,442673.333034242,421961.358493606,55.1,AVG
370717:9067,140:140,07/15/23 01:49:49,STABLE BEAMS,6800,442528.188468445,422185.835154070,55.1,AVG
370717:9067,141:141,07/15/23 01:50:12,STABLE BEAMS,6800,442239.852780138,426293.104701226,55.0,AVG
370717:9067,142:142,07/15/23 01:50:35,STABLE BEAMS,6800,441780.649081344,429911.284602013,55.0,AVG
370717:9067,143:143,07/15/23 01:50:59,STABLE BEAMS,6800,441372.346799699,430124.702747919,54.9,AVG
370717:9067,144:144,07/15/23 01:51:22,STABLE BEAMS,6800,442397.109626732,430361.036335568,55.1,AVG
370717:9067,145:145,07/15/23 01:51:45,STABLE BEAMS,6800,453698.238252517,435443.241019609,56.5,AVG
370717:9067,146:146,07/15/23 01:52:09,STABLE BEAMS,6800,458030.721371045,439246.707527550,57.0,AVG
370717:9067,147:147,07/15/23 01:52:32,STABLE BEAMS,6800,457534.183128514,443886.372508470,56.9,AVG
370717:9067,148:148,07/15/23 01:52:55,STABLE BEAMS,6800,457143.135485527,443354.616872910,56.9,AVG
370717:9067,149:149,07/15/23 01:53:19,STABLE BEAMS,6800,456601.250784497,436836.744662263,56.8,AVG
370717:9067,150:150,07/15/23 01:53:42,STABLE BEAMS,6800,396254.788495674,387237.418541048,49.3,AVG
370717:9067,151:151,07/15/23 01:54:05,STABLE BEAMS,6800,391544.053020782,383221.709937073,48.7,AVG
370717:9067,152:152,07/15/23 01:54:29,STABLE BEAMS,6800,390840.267965970,383235.378271396,48.6,AVG
370717:9067,153:153,07/15/23 01:54:52,STABLE BEAMS,6800,393325.551337255,384704.328068588,49.0,AVG
370717:9067,154:154,07/15/23 01:55:15,STABLE BEAMS,6800,395182.219922951,387245.376108124,49.2,AVG
370717:9067,155:155,07/15/23 01:55:39,STABLE BEAMS,6800,401759.046200434,392635.406129179,50.0,AVG
370717:9067,156:156,07/15/23 01:56:02,STABLE BEAMS,6800,405318.993783478,396365.950519564,50.4,AVG
370717:9067,157:157,07/15/23 01:56:25,STABLE BEAMS,6800,405680.401770895,396769.076044983,50.5,AVG
370772:9072,29:29,07/16/23 07:59:39,STABLE BEAMS,6800,320320.699636383,202614.964095928,39.9,AVG
370772:9072,30:30,07/16/23 08:00:02,STABLE BEAMS,6800,320016.542922329,312753.132855900,39.8,AVG
370772:9072,31:31,07/16/23 08:00:26,STABLE BEAMS,6800,302342.601626288,296503.305189632,37.6,AVG
370772:9072,32:32,07/16/23 08:00:49,STABLE BEAMS,6800,9019.008577750,8973.358069906,1.1,AVG
370772:9072,33:33,07/16/23 08:01:12,STABLE BEAMS,6800,49246.564662568,49087.020515815,6.1,AVG
370772:9072,34:34,07/16/23 08:01:36,STABLE BEAMS,6800,181035.141041172,144437.772827371,22.5,AVG
370772:9072,35:35,07/16/23 08:01:59,STABLE BEAMS,6800,303396.733703854,296601.429814499,37.8,AVG
370772:9072,36:36,07/16/23 08:02:22,STABLE BEAMS,6800,186839.786806336,184401.531026365,23.3,AVG
370772:9072,37:37,07/16/23 08:02:46,STABLE BEAMS,6800,48000.479508644,47851.826010046,6.0,AVG
370772:9072,38:38,07/16/23 08:03:09,STABLE BEAMS,6800,7282.329919481,7262.029442007,0.9,AVG
370772:9072,39:39,07/16/23 08:03:32,STABLE BEAMS,6800,197632.040192882,176755.719557841,24.6,AVG
370772:9072,40:40,07/16/23 08:03:55,STABLE BEAMS,6800,16965.853607563,10091.047453389,2.1,AVG
370772:9072,41:41,07/16/23 08:04:19,STABLE BEAMS,6800,66680.102127306,66143.832971068,8.3,AVG
370772:9072,42:42,07/16/23 08:04:42,STABLE BEAMS,6800,190609.076141375,188297.391071611,23.7,AVG
370772:9072,43:43,07/16/23 08:05:05,STABLE BEAMS,6800,305349.533611302,299054.635172055,38.0,AVG
370772:9072,44:44,07/16/23 08:05:29,STABLE BEAMS,6800,210929.109518700,207897.332745337,26.3,AVG
370772:9072,45:45,07/16/23 08:05:52,STABLE BEAMS,6800,79949.068910324,64160.472383976,10.0,AVG
370772:9072,46:46,07/16/23 08:06:15,STABLE BEAMS,6800,41314.762055169,41141.146541466,5.1,AVG
370772:9072,47:47,07/16/23 08:06:39,STABLE BEAMS,6800,318405.891636641,311389.833543679,39.6,AVG
370772:9072,48:48,07/16/23 08:07:02,STABLE BEAMS,6800,320490.658526485,313413.335168250,39.9,AVG
370772:9072,49:49,07/16/23 08:07:25,STABLE BEAMS,6800,320245.986258428,312812.146282534,39.9,AVG
370772:9072,50:50,07/16/23 08:07:49,STABLE BEAMS,6800,316982.682325348,310295.921357111,39.5,AVG
370772:9072,51:51,07/16/23 08:08:12,STABLE BEAMS,6800,314739.043151921,307493.339644112,39.2,AVG
370772:9072,52:52,07/16/23 08:08:35,STABLE BEAMS,6800,317340.675283633,310907.117243851,39.5,AVG
370772:9072,53:53,07/16/23 08:08:59,STABLE BEAMS,6800,318279.004073002,310958.911846702,39.6,AVG
370772:9072,54:54,07/16/23 08:09:22,STABLE BEAMS,6800,317348.757130732,310339.602134958,39.5,AVG
370772:9072,55:55,07/16/23 08:09:45,STABLE BEAMS,6800,316482.456317570,310127.398935234,39.4,AVG
370772:9072,56:56,07/16/23 08:10:08,STABLE BEAMS,6800,314961.814943054,307904.953966911,39.2,AVG
370772:9072,57:57,07/16/23 08:10:32,STABLE BEAMS,6800,313948.935951184,307681.640025544,39.1,AVG
370772:9072,58:58,07/16/23 08:10:55,STABLE BEAMS,6800,313565.399041208,306985.810335796,39.0,AVG
370772:9072,59:59,07/16/23 08:11:18,STABLE BEAMS,6800,312432.164165991,305883.850978790,38.9,AVG
370772:9072,60:60,07/16/23 08:11:42,STABLE BEAMS,6800,313358.289762523,306376.956515667,39.0,AVG
370772:9072,61:61,07/16/23 08:12:05,STABLE BEAMS,6800,313671.595957357,307441.814734339,39.0,AVG
370772:9072,62:62,07/16/23 08:12:28,STABLE BEAMS,6800,313560.072528194,305106.968267192,39.0,AVG
370772:9072,63:63,07/16/23 08:12:52,STABLE BEAMS,6800,313112.046347958,304839.813011337,39.0,AVG
370772:9072,64:64,07/16/23 08:13:15,STABLE BEAMS,6800,312611.433381248,304295.635165468,38.9,AVG
370772:9072,65:65,07/16/23 08:13:38,STABLE BEAMS,6800,312215.537096217,304021.149028031,38.9,AVG
370772:9072,66:66,07/16/23 08:14:02,STABLE BEAMS,6800,311997.658237608,303693.095731604,38.8,AVG
370772:9072,67:67,07/16/23 08:14:25,STABLE BEAMS,6800,312523.085528624,127715.533496000,38.9,AVG
370772:9072,68:68,07/16/23 08:14:48,STABLE BEAMS,6800,319652.654668020,310220.447669571,39.8,AVG
370772:9072,69:69,07/16/23 08:15:12,STABLE BEAMS,6800,321039.918758008,312246.633745923,40.0,AVG
370772:9072,70:70,07/16/23 08:15:35,STABLE BEAMS,6800,320576.572733776,311383.216334112,39.9,AVG
370772:9072,71:71,07/16/23 08:15:58,STABLE BEAMS,6800,320098.496628259,310962.859798569,39.8,AVG
370772:9072,72:72,07/16/23 08:16:21,STABLE BEAMS,6800,319655.158245691,310198.312161261,39.8,AVG
370772:9072,73:73,07/16/23 08:16:45,STABLE BEAMS,6800,319239.890703264,310653.508774885,39.7,AVG
370772:9072,74:74,07/16/23 08:17:08,STABLE BEAMS,6800,322140.716684168,312952.451230947,40.1,AVG
370772:9072,75:75,07/16/23 08:17:31,STABLE BEAMS,6800,334506.879838885,318469.647741712,41.6,AVG
370772:9072,76:76,07/16/23 08:17:55,STABLE BEAMS,6800,335528.045812709,324847.762597823,41.8,AVG
370772:9072,77:77,07/16/23 08:18:18,STABLE BEAMS,6800,335215.536846520,323855.576309928,41.7,AVG
370772:9072,78:78,07/16/23 08:18:41,STABLE BEAMS,6800,334753.692036459,323835.916621575,41.7,AVG
370772:9072,79:79,07/16/23 08:19:05,STABLE BEAMS,6800,334295.602592904,107094.343197603,41.6,AVG
370772:9072,80:80,07/16/23 08:19:28,STABLE BEAMS,6800,334281.672071340,318992.312999661,41.6,AVG
370772:9072,81:81,07/16/23 08:19:51,STABLE BEAMS,6800,334032.104539681,318900.413059664,41.6,AVG
370772:9072,82:82,07/16/23 08:20:15,STABLE BEAMS,6800,336125.566350114,321220.230005461,41.8,AVG
370772:9072,83:83,07/16/23 08:20:38,STABLE BEAMS,6800,351978.991747698,337446.484579533,43.8,AVG
370772:9072,84:84,07/16/23 08:21:01,STABLE BEAMS,6800,355226.178608138,335944.782901377,44.2,AVG
370772:9072,85:85,07/16/23 08:21:24,STABLE BEAMS,6800,355343.960981478,345430.504124759,44.2,AVG
370772:9072,86:86,07/16/23 08:21:48,STABLE BEAMS,6800,354877.882933941,345058.752418487,44.2,AVG
370772:9072,87:87,07/16/23 08:22:11,STABLE BEAMS,6800,354467.962884229,344609.610033689,44.1,AVG
370772:9072,88:88,07/16/23 08:22:34,STABLE BEAMS,6800,354493.049944650,338281.277752414,44.1,AVG
370772:9072,89:89,07/16/23 08:22:58,STABLE BEAMS,6800,361498.416922154,350939.591785178,45.0,AVG
370772:9072,90:90,07/16/23 08:23:21,STABLE BEAMS,6800,374741.216889466,356742.520431504,46.6,AVG
370772:9072,91:91,07/16/23 08:23:44,STABLE BEAMS,6800,374815.426754593,325684.653599359,46.6,AVG
370772:9072,92:92,07/16/23 08:24:08,STABLE BEAMS,6800,374513.843550547,219915.271593833,46.6,AVG
370772:9072,93:93,07/16/23 08:24:31,STABLE BEAMS,6800,373889.825650589,358168.387962893,46.5,AVG
370772:9072,94:94,07/16/23 08:24:54,STABLE BEAMS,6800,373467.294469408,357160.446338745,46.5,AVG
370772:9072,95:95,07/16/23 08:25:18,STABLE BEAMS,6800,374879.053526028,355696.055623004,46.7,AVG
370772:9072,96:96,07/16/23 08:25:41,STABLE BEAMS,6800,389885.619300184,370610.287143188,48.5,AVG
370772:9072,97:97,07/16/23 08:26:04,STABLE BEAMS,6800,391689.836301925,369810.563816130,48.7,AVG
370772:9072,98:98,07/16/23 08:26:28,STABLE BEAMS,6800,393208.815617895,381520.791116264,48.9,AVG
370772:9072,99:99,07/16/23 08:26:51,STABLE BEAMS,6800,392558.526469940,374512.293546036,48.9,AVG
370772:9072,100:100,07/16/23 08:27:14,STABLE BEAMS,6800,392801.650902267,381620.297648826,48.9,AVG
370772:9072,101:101,07/16/23 08:27:37,STABLE BEAMS,6800,393042.318378482,381249.800878463,48.9,AVG
370772:9072,102:102,07/16/23 08:28:01,STABLE BEAMS,6800,393177.446302518,381359.888296359,48.9,AVG
370772:9072,103:103,07/16/23 08:28:24,STABLE BEAMS,6800,394739.725390586,382805.352863450,49.1,AVG
370772:9072,104:104,07/16/23 08:28:47,STABLE BEAMS,6800,408044.760475823,394238.849718645,50.8,AVG
370772:9072,105:105,07/16/23 08:29:11,STABLE BEAMS,6800,409349.891366882,394026.098209130,50.9,AVG
370772:9072,106:106,07/16/23 08:29:34,STABLE BEAMS,6800,409250.685353373,393617.744329128,50.9,AVG
370772:9072,107:107,07/16/23 08:29:57,STABLE BEAMS,6800,409649.061905296,397837.004241020,51.0,AVG
370772:9072,108:108,07/16/23 08:30:21,STABLE BEAMS,6800,409504.005920460,398264.878753889,51.0,AVG
370772:9072,109:109,07/16/23 08:30:44,STABLE BEAMS,6800,409374.796603227,398667.776998918,51.0,AVG
370772:9072,110:110,07/16/23 08:31:07,STABLE BEAMS,6800,418584.146456827,406201.592831563,52.1,AVG
370772:9072,111:111,07/16/23 08:31:31,STABLE BEAMS,6800,429360.465527242,409225.604435411,53.4,AVG
370772:9072,112:112,07/16/23 08:31:54,STABLE BEAMS,6800,429194.147780828,410013.324661086,53.4,AVG
370772:9072,113:113,07/16/23 08:32:17,STABLE BEAMS,6800,428586.384487106,409737.695530501,53.3,AVG
370772:9072,114:114,07/16/23 08:32:41,STABLE BEAMS,6800,428193.879920428,414709.975682782,53.3,AVG
370772:9072,115:115,07/16/23 08:33:04,STABLE BEAMS,6800,427708.768621791,414246.544284077,53.2,AVG
370772:9072,116:116,07/16/23 08:33:27,STABLE BEAMS,6800,427806.701866764,408487.308514618,53.2,AVG
370772:9072,117:117,07/16/23 08:33:50,STABLE BEAMS,6800,444279.818683713,420041.834086249,55.3,AVG
370772:9072,118:118,07/16/23 08:34:14,STABLE BEAMS,6800,449629.006092954,432409.295483207,56.0,AVG
370772:9072,119:119,07/16/23 08:34:37,STABLE BEAMS,6800,449623.497755863,423860.980203390,56.0,AVG
370772:9072,120:120,07/16/23 08:35:00,STABLE BEAMS,6800,449464.282803828,433115.638563995,55.9,AVG
370772:9072,121:121,07/16/23 08:35:24,STABLE BEAMS,6800,451643.476997475,436138.901668425,56.2,AVG
370772:9072,122:122,07/16/23 08:35:47,STABLE BEAMS,6800,455115.141998075,439065.288424337,56.6,AVG
370772:9072,123:123,07/16/23 08:36:10,STABLE BEAMS,6800,438335.068842508,388928.063615989,54.6,AVG
370772:9072,124:124,07/16/23 08:36:34,STABLE BEAMS,6800,434410.708512626,351676.005307216,54.1,AVG
370772:9072,125:125,07/16/23 08:36:57,STABLE BEAMS,6800,420109.137622716,408126.181606741,52.3,AVG
370772:9072,126:126,07/16/23 08:37:20,STABLE BEAMS,6800,435265.104510924,421907.128405764,54.2,AVG
370772:9072,127:127,07/16/23 08:37:44,STABLE BEAMS,6800,454614.508051664,430133.844160989,56.6,AVG
370772:9072,128:128,07/16/23 08:38:07,STABLE BEAMS,6800,464723.145801870,446769.082674145,57.8,AVG
370772:9072,129:129,07/16/23 08:38:30,STABLE BEAMS,6800,428633.824253565,415769.902911708,53.3,AVG
370772:9072,130:130,07/16/23 08:38:53,STABLE BEAMS,6800,416092.853566702,405821.544471687,51.8,AVG
370772:9072,131:131,07/16/23 08:39:17,STABLE BEAMS,6800,415574.962650555,403290.127990559,51.7,AVG
370772:9072,132:132,07/16/23 08:39:40,STABLE BEAMS,6800,415021.103202324,404516.888783733,51.7,AVG
370772:9072,133:133,07/16/23 08:40:03,STABLE BEAMS,6800,414435.739236198,404139.217447724,51.6,AVG
370772:9072,134:134,07/16/23 08:40:27,STABLE BEAMS,6800,413988.372751010,404098.580792827,51.5,AVG
370772:9072,135:135,07/16/23 08:40:50,STABLE BEAMS,6800,418586.242095864,407897.621935079,52.1,AVG
370772:9072,136:136,07/16/23 08:41:13,STABLE BEAMS,6800,436508.224067536,423919.550552243,54.3,AVG
370772:9072,137:137,07/16/23 08:41:37,STABLE BEAMS,6800,437149.042045960,424505.294315649,54.4,AVG
370772:9072,138:138,07/16/23 08:42:00,STABLE BEAMS,6800,436424.543032879,423981.262891619,54.3,AVG
370772:9072,139:139,07/16/23 08:42:23,STABLE BEAMS,6800,436515.189328319,423981.315241207,54.3,AVG
370772:9072,140:140,07/16/23 08:42:47,STABLE BEAMS,6800,436582.708999856,424277.215220899,54.3,AVG
370772:9072,141:141,07/16/23 08:43:10,STABLE BEAMS,6800,435463.472247462,418214.659339229,54.2,AVG
370772:9072,142:142,07/16/23 08:43:33,STABLE BEAMS,6800,447081.347739070,433237.896655868,55.6,AVG
370772:9072,143:143,07/16/23 08:43:57,STABLE BEAMS,6800,457669.495207705,441829.734941084,57.0,AVG
370772:9072,144:144,07/16/23 08:44:20,STABLE BEAMS,6800,463354.866010346,447918.735862843,57.7,AVG
370772:9072,145:145,07/16/23 08:44:43,STABLE BEAMS,6800,463568.761056814,328852.556030961,57.7,AVG
370772:9072,146:146,07/16/23 08:45:06,STABLE BEAMS,6800,463175.846220424,314674.407788063,57.6,AVG
370772:9072,147:147,07/16/23 08:45:30,STABLE BEAMS,6800,462866.887485885,446730.782211077,57.6,AVG
370772:9072,148:148,07/16/23 08:45:53,STABLE BEAMS,6800,462789.351172586,449543.073048678,57.6,AVG
370772:9072,149:149,07/16/23 08:46:16,STABLE BEAMS,6800,465844.701976780,445650.113801542,58.0,AVG
370772:9072,150:150,07/16/23 08:46:40,STABLE BEAMS,6800,468782.407941230,454721.649859379,58.3,AVG
370772:9072,151:151,07/16/23 08:47:03,STABLE BEAMS,6800,467859.172881301,453260.014170718,58.2,AVG
370772:9072,152:152,07/16/23 08:47:26,STABLE BEAMS,6800,467563.965175327,452951.253563093,58.2,AVG
370772:9072,153:153,07/16/23 08:47:50,STABLE BEAMS,6800,467251.453878059,443450.759914743,58.2,AVG
370772:9072,154:154,07/16/23 08:48:13,STABLE BEAMS,6800,466256.556821153,453060.877727166,58.0,AVG
370772:9072,155:155,07/16/23 08:48:36,STABLE BEAMS,6800,466053.408043830,443725.063070828,58.0,AVG
370772:9072,156:156,07/16/23 08:49:00,STABLE BEAMS,6800,464534.654842417,443849.577103708,57.8,AVG
370772:9072,157:157,07/16/23 08:49:23,STABLE BEAMS,6800,476304.686782161,453177.011071019,59.3,AVG
370772:9072,158:158,07/16/23 08:49:46,STABLE BEAMS,6800,480003.953567316,459057.572193802,59.7,AVG
370772:9072,159:159,07/16/23 08:50:10,STABLE BEAMS,6800,479077.350099812,457261.293120593,59.6,AVG
370772:9072,160:160,07/16/23 08:50:33,STABLE BEAMS,6800,489303.679311319,465253.059453821,60.9,AVG
370772:9072,161:161,07/16/23 08:50:56,STABLE BEAMS,6800,498828.908869761,467855.149175567,62.1,AVG
370772:9072,162:162,07/16/23 08:51:19,STABLE BEAMS,6800,498080.961544026,473225.898185342,62.0,AVG
370772:9072,163:163,07/16/23 08:51:43,STABLE BEAMS,6800,497388.057960878,473624.174132473,61.9,AVG
370772:9072,164:164,07/16/23 08:52:06,STABLE BEAMS,6800,496403.268457771,139342.837774564,61.8,AVG
370772:9072,165:165,07/16/23 08:52:29,STABLE BEAMS,6800,496302.922547166,471935.341849427,61.8,AVG
370772:9072,166:166,07/16/23 08:52:53,STABLE BEAMS,6800,496339.709287595,478316.209950887,61.8,AVG
370772:9072,167:167,07/16/23 08:53:16,STABLE BEAMS,6800,496060.572032703,477467.314250101,61.7,AVG
370772:9072,168:168,07/16/23 08:53:39,STABLE BEAMS,6800,495808.023052403,477856.657604840,61.7,AVG
370772:9072,169:169,07/16/23 08:54:03,STABLE BEAMS,6800,495569.952396975,471710.006023586,61.7,AVG
370772:9072,170:170,07/16/23 08:54:26,STABLE BEAMS,6800,494310.305498011,470155.899744914,61.5,AVG
370772:9072,171:171,07/16/23 08:54:49,STABLE BEAMS,6800,494153.095272975,472111.347685413,61.5,AVG
370772:9072,172:172,07/16/23 08:55:13,STABLE BEAMS,6800,493354.428354168,475686.415076423,61.4,AVG
370772:9072,173:173,07/16/23 08:55:36,STABLE BEAMS,6800,492395.998680019,475996.285614554,61.3,AVG
370772:9072,174:174,07/16/23 08:55:59,STABLE BEAMS,6800,497802.006113211,479260.735349505,62.0,AVG
370772:9072,175:175,07/16/23 08:56:22,STABLE BEAMS,6800,498788.525276123,475389.127787465,62.1,AVG
370772:9072,176:176,07/16/23 08:56:46,STABLE BEAMS,6800,498768.764728717,479645.140437547,62.1,AVG
370772:9072,177:177,07/16/23 08:57:09,STABLE BEAMS,6800,498156.630663922,480520.962007316,62.0,AVG
370772:9072,178:178,07/16/23 08:57:32,STABLE BEAMS,6800,497438.640020353,480098.635043905,61.9,AVG
370772:9072,179:179,07/16/23 08:57:56,STABLE BEAMS,6800,497306.013342910,478592.388458661,61.9,AVG
370772:9072,180:180,07/16/23 08:58:19,STABLE BEAMS,6800,496767.634583050,474535.766651608,61.8,AVG
370772:9072,181:181,07/16/23 08:58:42,STABLE BEAMS,6800,496294.999213364,479625.400445823,61.8,AVG
370772:9072,182:182,07/16/23 08:59:06,STABLE BEAMS,6800,496131.369199776,478940.348046678,61.7,AVG
370772:9072,183:183,07/16/23 08:59:29,STABLE BEAMS,6800,496099.316878573,478564.875388510,61.7,AVG
370772:9072,184:184,07/16/23 08:59:52,STABLE BEAMS,6800,510077.588242669,489698.577615749,63.5,AVG
370772:9072,185:185,07/16/23 09:00:16,STABLE BEAMS,6800,527956.046658764,501239.936721537,65.7,AVG
370772:9072,186:186,07/16/23 09:00:39,STABLE BEAMS,6800,525206.239559978,500720.637385343,65.4,AVG
370772:9072,187:187,07/16/23 09:01:02,STABLE BEAMS,6800,508692.053812487,489294.634563281,63.3,AVG
370772:9072,188:188,07/16/23 09:01:25,STABLE BEAMS,6800,504953.997890982,485980.348138027,62.8,AVG
370772:9072,189:189,07/16/23 09:01:49,STABLE BEAMS,6800,503259.914995972,484338.249871706,62.6,AVG
370772:9072,190:190,07/16/23 09:02:12,STABLE BEAMS,6800,502150.011879513,484464.394615629,62.5,AVG
370772:9072,191:191,07/16/23 09:02:35,STABLE BEAMS,6800,501382.714276083,483245.322740567,62.4,AVG
370772:9072,192:192,07/16/23 09:02:59,STABLE BEAMS,6800,501146.601726095,482295.094243207,62.4,AVG
370772:9072,193:193,07/16/23 09:03:22,STABLE BEAMS,6800,501132.260934820,483072.910090060,62.4,AVG
370772:9072,194:194,07/16/23 09:03:45,STABLE BEAMS,6800,500054.137403448,481534.083115241,62.2,AVG
370772:9072,195:195,07/16/23 09:04:09,STABLE BEAMS,6800,499299.858870121,482564.864895130,62.1,AVG
370772:9072,196:196,07/16/23 09:04:32,STABLE BEAMS,6800,499442.865837478,471247.677788464,62.2,AVG
370772:9072,197:197,07/16/23 09:04:55,STABLE BEAMS,6800,499007.292275415,481325.105302229,62.1,AVG
370772:9072,198:198,07/16/23 09:05:19,STABLE BEAMS,6800,498734.437275478,479921.236780452,62.1,AVG
370772:9072,199:199,07/16/23 09:05:42,STABLE BEAMS,6800,498907.811194712,481262.263564029,62.1,AVG
370772:9072,200:200,07/16/23 09:06:05,STABLE BEAMS,6800,497466.503394559,479501.392930132,61.9,AVG
370772:9072,201:201,07/16/23 09:06:29,STABLE BEAMS,6800,496473.608733575,479460.847295432,61.8,AVG
370772:9072,202:202,07/16/23 09:06:52,STABLE BEAMS,6800,496133.828486966,479521.382848741,61.7,AVG
370772:9072,203:203,07/16/23 09:07:15,STABLE BEAMS,6800,496820.813463312,479578.109472584,61.8,AVG
370772:9072,204:204,07/16/23 09:07:38,STABLE BEAMS,6800,496457.265546378,477930.179904474,61.8,AVG
370772:9072,205:205,07/16/23 09:08:02,STABLE BEAMS,6800,495310.118798219,479239.478220115,61.6,AVG
370772:9072,206:206,07/16/23 09:08:25,STABLE BEAMS,6800,494766.322613307,477208.314267623,61.6,AVG
370772:9072,207:207,07/16/23 09:08:48,STABLE BEAMS,6800,494272.563015640,386538.926722230,61.5,AVG
370772:9072,208:208,07/16/23 09:09:12,STABLE BEAMS,6800,493663.478000746,449575.813593355,61.4,AVG
370772:9072,209:209,07/16/23 09:09:35,STABLE BEAMS,6800,492887.028585458,476122.778219921,61.3,AVG
370772:9072,210:210,07/16/23 09:09:58,STABLE BEAMS,6800,489957.562981404,473045.492683739,61.0,AVG
370772:9072,211:211,07/16/23 09:10:22,STABLE BEAMS,6800,497193.284746470,480537.025909536,61.9,AVG
370772:9072,212:212,07/16/23 09:10:45,STABLE BEAMS,6800,497883.819954466,480507.708792885,62.0,AVG
370772:9072,213:213,07/16/23 09:11:08,STABLE BEAMS,6800,497626.993446209,480368.843688522,61.9,AVG
370772:9072,214:214,07/16/23 09:11:32,STABLE BEAMS,6800,498065.161497982,480154.150125365,62.0,AVG
370772:9072,215:215,07/16/23 09:11:55,STABLE BEAMS,6800,496966.916102128,471363.537307399,61.9,AVG
370772:9072,216:216,07/16/23 09:12:18,STABLE BEAMS,6800,497175.162946831,479860.442927690,61.9,AVG
370772:9072,217:217,07/16/23 09:12:41,STABLE BEAMS,6800,497074.180651957,479908.750579570,61.9,AVG
370772:9072,218:218,07/16/23 09:13:05,STABLE BEAMS,6800,496336.704528175,478672.759557391,61.8,AVG
370772:9072,219:219,07/16/23 09:13:28,STABLE BEAMS,6800,495827.144884463,472631.666954056,61.7,AVG
370772:9072,220:220,07/16/23 09:13:51,STABLE BEAMS,6800,494837.984610283,477432.683729410,61.6,AVG
370772:9072,221:221,07/16/23 09:14:15,STABLE BEAMS,6800,494265.413599703,478181.994453240,61.5,AVG
370772:9072,222:222,07/16/23 09:14:38,STABLE BEAMS,6800,493575.288661419,476955.909641507,61.4,AVG
370772:9072,223:223,07/16/23 09:15:01,STABLE BEAMS,6800,492831.618863641,476042.182168307,61.3,AVG
370772:9072,224:224,07/16/23 09:15:25,STABLE BEAMS,6800,494647.901524621,477793.570613826,61.6,AVG
370772:9072,225:225,07/16/23 09:15:48,STABLE BEAMS,6800,500066.065529091,482729.651102938,62.2,AVG
370772:9072,226:226,07/16/23 09:16:11,STABLE BEAMS,6800,498842.522364730,481539.145153274,62.1,AVG
370772:9072,227:227,07/16/23 09:16:35,STABLE BEAMS,6800,498624.256547189,482026.902050704,62.1,AVG
370772:9072,228:228,07/16/23 09:16:58,STABLE BEAMS,6800,498207.986641262,480714.575111020,62.0,AVG
370772:9072,229:229,07/16/23 09:17:21,STABLE BEAMS,6800,497663.507450523,140641.894934297,61.9,AVG
370772:9072,230:230,07/16/23 09:17:45,STABLE BEAMS,6800,496935.227429078,478894.425734591,61.8,AVG
370772:9072,231:231,07/16/23 09:18:08,STABLE BEAMS,6800,496263.949255661,479456.836799873,61.8,AVG
370772:9072,232:232,07/16/23 09:18:31,STABLE BEAMS,6800,496152.859406988,470248.752157283,61.8,AVG
370772:9072,233:233,07/16/23 09:18:55,STABLE BEAMS,6800,495858.103930128,226655.189749887,61.7,AVG
370772:9072,234:234,07/16/23 09:19:18,STABLE BEAMS,6800,496101.685253725,456162.506014011,61.7,AVG
370772:9072,235:235,07/16/23 09:19:41,STABLE BEAMS,6800,495648.216006580,471352.229260263,61.7,AVG
370772:9072,236:236,07/16/23 09:20:04,STABLE BEAMS,6800,494845.224938258,466425.622598065,61.6,AVG
370772:9072,237:237,07/16/23 09:20:28,STABLE BEAMS,6800,494590.263292326,470590.446741281,61.6,AVG
370772:9072,238:238,07/16/23 09:20:51,STABLE BEAMS,6800,493952.585275841,468571.037610274,61.5,AVG
370772:9072,239:239,07/16/23 09:21:14,STABLE BEAMS,6800,493725.668828191,477249.386949863,61.4,AVG
370772:9072,240:240,07/16/23 09:21:38,STABLE BEAMS,6800,493199.810287763,476550.200444934,61.4,AVG
370772:9072,241:241,07/16/23 09:22:01,STABLE BEAMS,6800,492469.709694474,476544.535709465,61.3,AVG
370772:9072,242:242,07/16/23 09:22:24,STABLE BEAMS,6800,498401.165398382,481160.327997784,62.0,AVG
370772:9072,243:243,07/16/23 09:22:48,STABLE BEAMS,6800,498984.389434991,475869.990651071,62.1,AVG
370772:9072,244:244,07/16/23 09:23:11,STABLE BEAMS,6800,498854.951672123,482336.193457255,62.1,AVG
370772:9072,245:245,07/16/23 09:23:34,STABLE BEAMS,6800,498174.705842003,480735.549332596,62.0,AVG
370772:9072,246:246,07/16/23 09:23:58,STABLE BEAMS,6800,497614.062957066,481244.272227439,61.9,AVG
370772:9072,247:247,07/16/23 09:24:21,STABLE BEAMS,6800,496820.813463312,479866.777170466,61.8,AVG
370772:9072,248:248,07/16/23 09:24:44,STABLE BEAMS,6800,496692.012084713,472801.798774753,61.8,AVG
370772:9072,249:249,07/16/23 09:25:07,STABLE BEAMS,6800,495991.185167763,378573.251089491,61.7,AVG
370772:9072,250:250,07/16/23 09:25:31,STABLE BEAMS,6800,495031.438434597,478540.971255740,61.6,AVG
370772:9072,251:251,07/16/23 09:25:54,STABLE BEAMS,6800,494831.110261539,478122.341788751,61.6,AVG
370772:9072,252:252,07/16/23 09:26:17,STABLE BEAMS,6800,494244.380283760,476676.377788052,61.5,AVG
370772:9072,253:253,07/16/23 09:26:41,STABLE BEAMS,6800,493042.646684285,476314.495838787,61.4,AVG
370772:9072,254:254,07/16/23 09:27:04,STABLE BEAMS,6800,495829.648462134,479288.519855056,61.7,AVG
370772:9072,255:255,07/16/23 09:27:27,STABLE BEAMS,6800,499623.386841571,481788.547588075,62.2,AVG
370772:9072,256:256,07/16/23 09:27:51,STABLE BEAMS,6800,499291.618509725,481093.801232368,62.1,AVG
370772:9072,257:257,07/16/23 09:28:14,STABLE BEAMS,6800,499201.972246706,481824.296370520,62.1,AVG
370772:9072,258:258,07/16/23 09:28:37,STABLE BEAMS,6800,499321.668435007,481721.394016314,62.1,AVG
370772:9072,259:259,07/16/23 09:29:01,STABLE BEAMS,6800,499143.331650911,481612.170534060,62.1,AVG
370772:9072,260:260,07/16/23 09:29:24,STABLE BEAMS,6800,498583.917244031,481082.573276646,62.1,AVG
370772:9072,261:261,07/16/23 09:29:47,STABLE BEAMS,6800,498362.648998147,481569.557792846,62.0,AVG
370772:9072,262:262,07/16/23 09:30:11,STABLE BEAMS,6800,497866.975585519,471749.927532823,62.0,AVG
370772:9072,263:263,07/16/23 09:30:34,STABLE BEAMS,6800,497361.059416574,479985.631588410,61.9,AVG
370772:9072,264:264,07/16/23 09:30:57,STABLE BEAMS,6800,496904.312673893,479705.208871900,61.8,AVG
370772:9072,265:265,07/16/23 09:31:20,STABLE BEAMS,6800,497420.518220714,479528.034120398,61.9,AVG
370772:9072,266:266,07/16/23 09:31:44,STABLE BEAMS,6800,497363.472082207,480208.838736788,61.9,AVG
370772:9072,267:267,07/16/23 09:32:07,STABLE BEAMS,6800,497158.637935558,473850.146672501,61.9,AVG
370772:9072,268:268,07/16/23 09:32:30,STABLE BEAMS,6800,496608.785610246,479654.373852070,61.8,AVG
370772:9072,269:269,07/16/23 09:32:54,STABLE BEAMS,6800,495534.077108007,478496.736806454,61.7,AVG
370772:9072,270:270,07/16/23 09:33:17,STABLE BEAMS,6800,494917.250583388,477206.667753081,61.6,AVG
370772:9072,271:271,07/16/23 09:33:40,STABLE BEAMS,6800,494826.147396678,478634.597321470,61.6,AVG
370772:9072,272:272,07/16/23 09:34:04,STABLE BEAMS,6800,494984.907788522,477545.442755596,61.6,AVG
370772:9072,273:273,07/16/23 09:34:27,STABLE BEAMS,6800,494743.102746289,478190.401768260,61.6,AVG
370772:9072,274:274,07/16/23 09:34:50,STABLE BEAMS,6800,494208.549285272,477819.092780767,61.5,AVG
370772:9072,275:275,07/16/23 09:35:14,STABLE BEAMS,6800,493528.802305824,477044.330356562,61.4,AVG
370772:9072,276:276,07/16/23 09:35:37,STABLE BEAMS,6800,493601.238220664,477117.062715057,61.4,AVG
370772:9072,277:277,07/16/23 09:36:00,STABLE BEAMS,6800,493384.748684487,477773.793939547,61.4,AVG
370772:9072,278:278,07/16/23 09:36:23,STABLE BEAMS,6800,493038.865675922,476504.649395131,61.4,AVG
370772:9072,279:279,07/16/23 09:36:47,STABLE BEAMS,6800,492547.199386214,441529.176235300,61.3,AVG
370772:9072,280:280,07/16/23 09:37:10,STABLE BEAMS,6800,492885.161392056,233997.074619167,61.3,AVG
370772:9072,281:281,07/16/23 09:37:33,STABLE BEAMS,6800,492338.222914127,476785.009132193,61.3,AVG
370772:9072,282:282,07/16/23 09:37:57,STABLE BEAMS,6800,497516.449069766,480176.065231940,61.9,AVG
370772:9072,283:283,07/16/23 09:38:20,STABLE BEAMS,6800,508965.456615731,479351.434260736,63.3,AVG
370772:9072,284:284,07/16/23 09:38:43,STABLE BEAMS,6800,503021.890962102,484896.120466010,62.6,AVG
370772:9072,285:285,07/16/23 09:39:07,STABLE BEAMS,6800,501263.246533417,484051.540816577,62.4,AVG
370772:9072,286:286,07/16/23 09:39:30,STABLE BEAMS,6800,501219.037640936,483366.554604155,62.4,AVG
370772:9072,287:287,07/16/23 09:39:53,STABLE BEAMS,6800,500560.372930066,483100.640112910,62.3,AVG
370772:9072,288:288,07/16/23 09:40:17,STABLE BEAMS,6800,499986.662022390,482814.835709480,62.2,AVG
370772:9072,289:289,07/16/23 09:40:40,STABLE BEAMS,6800,499728.695617038,482006.670863646,62.2,AVG
370772:9072,290:290,07/16/23 09:41:03,STABLE BEAMS,6800,499301.772685082,482847.093880384,62.1,AVG
370772:9072,291:291,07/16/23 09:41:27,STABLE BEAMS,6800,498679.482113852,481825.333194227,62.1,AVG
370772:9072,292:292,07/16/23 09:41:50,STABLE BEAMS,6800,497851.403985110,480347.407888913,62.0,AVG
370772:9072,293:293,07/16/23 09:42:13,STABLE BEAMS,6800,497732.481714674,480876.967228458,61.9,AVG
370772:9072,294:294,07/16/23 09:42:36,STABLE BEAMS,6800,497382.820028824,481380.368620054,61.9,AVG
370772:9072,295:295,07/16/23 09:43:00,STABLE BEAMS,6800,497341.161335572,479843.189948830,61.9,AVG
370772:9072,296:296,07/16/23 09:43:23,STABLE BEAMS,6800,496986.720940015,480799.555754519,61.9,AVG
370772:9072,297:297,07/16/23 09:43:46,STABLE BEAMS,6800,496475.522548535,478886.395728942,61.8,AVG
370772:9072,298:298,07/16/23 09:44:10,STABLE BEAMS,6800,496019.687257315,479910.040656179,61.7,AVG
370772:9072,299:299,07/16/23 09:44:33,STABLE BEAMS,6800,495350.458101377,478066.390824697,61.7,AVG
370772:9072,300:300,07/16/23 09:44:56,STABLE BEAMS,6800,494772.651489821,478884.540406176,61.6,AVG
370772:9072,301:301,07/16/23 09:45:20,STABLE BEAMS,6800,494464.786030819,477274.282318767,61.5,AVG
370772:9072,302:302,07/16/23 09:45:43,STABLE BEAMS,6800,494727.123207245,478779.822806173,61.6,AVG
370772:9072,303:303,07/16/23 09:46:06,STABLE BEAMS,6800,494475.166320733,477922.261770392,61.5,AVG
370772:9072,304:304,07/16/23 09:46:30,STABLE BEAMS,6800,493457.459666521,477839.172916651,61.4,AVG
370772:9072,305:305,07/16/23 09:46:53,STABLE BEAMS,6800,496282.068724222,478810.360925731,61.8,AVG
370772:9072,306:306,07/16/23 09:47:16,STABLE BEAMS,6800,499885.908173152,483154.730025866,62.2,AVG
370772:9072,307:307,07/16/23 09:47:40,STABLE BEAMS,6800,499479.242308196,482262.814627541,62.2,AVG
370772:9072,308:308,07/16/23 09:48:03,STABLE BEAMS,6800,498999.368941613,480878.895727127,62.1,AVG
370772:9072,309:309,07/16/23 09:48:26,STABLE BEAMS,6800,498326.906580620,472846.781447965,62.0,AVG
370772:9072,310:310,07/16/23 09:48:49,STABLE BEAMS,6800,498028.738405705,468415.964859782,62.0,AVG
370772:9072,311:311,07/16/23 09:49:13,STABLE BEAMS,6800,497621.983959790,464588.805143928,61.9,AVG
370772:9072,312:312,07/16/23 09:49:36,STABLE BEAMS,6800,497376.628685906,474067.746778660,61.9,AVG
370772:9072,313:313,07/16/23 09:49:59,STABLE BEAMS,6800,497150.579399238,473097.733137010,61.9,AVG
370772:9072,314:314,07/16/23 09:50:23,STABLE BEAMS,6800,496482.988991067,472563.604273887,61.8,AVG
370772:9072,315:315,07/16/23 09:50:46,STABLE BEAMS,6800,496268.956411002,480176.554870112,61.8,AVG
370772:9072,316:316,07/16/23 09:51:09,STABLE BEAMS,6800,495903.406098147,472865.640896966,61.7,AVG
370772:9072,317:317,07/16/23 09:51:33,STABLE BEAMS,6800,495856.875452072,470492.330668532,61.7,AVG
370772:9072,318:318,07/16/23 09:51:56,STABLE BEAMS,6800,495446.934422659,478608.926695503,61.7,AVG
370772:9072,319:319,07/16/23 09:52:19,STABLE BEAMS,6800,494958.181980333,470949.534304608,61.6,AVG
370772:9072,320:320,07/16/23 09:52:43,STABLE BEAMS,6800,494060.898810727,472347.414244433,61.5,AVG
370772:9072,321:321,07/16/23 09:53:06,STABLE BEAMS,6800,493557.348685857,477093.514411997,61.4,AVG
370772:9072,322:322,07/16/23 09:53:29,STABLE BEAMS,6800,492629.971300488,477111.761771610,61.3,AVG
370772:9072,323:323,07/16/23 09:53:53,STABLE BEAMS,6800,499309.831221402,481937.096556108,62.1,AVG
370772:9072,324:324,07/16/23 09:54:16,STABLE BEAMS,6800,499038.022875445,481742.783268643,62.1,AVG
370772:9072,325:325,07/16/23 09:54:39,STABLE BEAMS,6800,498597.167090847,481408.353594250,62.1,AVG
370772:9072,326:326,07/16/23 09:55:02,STABLE BEAMS,6800,498340.886054820,480625.661113598,62.0,AVG
370772:9072,327:327,07/16/23 09:55:26,STABLE BEAMS,6800,498467.181524671,482007.564500115,62.0,AVG
370772:9072,328:328,07/16/23 09:55:49,STABLE BEAMS,6800,497912.958428287,480803.467712722,62.0,AVG
370772:9072,329:329,07/16/23 09:56:12,STABLE BEAMS,6800,497100.496190434,479889.318651976,61.9,AVG
370772:9072,330:330,07/16/23 09:56:36,STABLE BEAMS,6800,496683.496657123,475169.010377046,61.8,AVG
370772:9072,331:331,07/16/23 09:56:59,STABLE BEAMS,6800,493986.276344811,477723.194059623,61.5,AVG
370772:9072,332:332,07/16/23 09:57:22,STABLE BEAMS,6800,495061.714474436,478683.717233116,61.6,AVG
370772:9072,333:333,07/16/23 09:57:46,STABLE BEAMS,6800,495192.790985071,478868.321245685,61.6,AVG
370772:9072,334:334,07/16/23 09:58:09,STABLE BEAMS,6800,494584.570800080,477578.359862318,61.6,AVG
370772:9072,335:335,07/16/23 09:58:32,STABLE BEAMS,6800,494097.641260677,478405.019339863,61.5,AVG
370772:9072,336:336,07/16/23 09:58:56,STABLE BEAMS,6800,493523.431502329,477527.098146116,61.4,AVG
370772:9072,337:337,07/16/23 09:59:19,STABLE BEAMS,6800,492990.241721888,476807.495148634,61.4,AVG
370772:9072,338:338,07/16/23 09:59:42,STABLE BEAMS,6800,495833.974942727,479507.518997535,61.7,AVG
370772:9072,339:339,07/16/23 10:00:05,STABLE BEAMS,6800,499477.650181986,476468.397778097,62.2,AVG
370772:9072,340:340,07/16/23 10:00:29,STABLE BEAMS,6800,498667.782433843,482456.025357168,62.1,AVG
370772:9072,341:341,07/16/23 10:00:52,STABLE BEAMS,6800,498270.953717650,480795.569417046,62.0,AVG
370772:9072,342:342,07/16/23 10:01:15,STABLE BEAMS,6800,498067.483251576,481389.701444363,62.0,AVG
370772:9072,343:343,07/16/23 10:01:39,STABLE BEAMS,6800,498401.529046536,481033.131885213,62.0,AVG
370772:9072,344:344,07/16/23 10:02:02,STABLE BEAMS,6800,497608.736444052,480823.311066705,61.9,AVG
370772:9072,345:345,07/16/23 10:02:25,STABLE BEAMS,6800,497024.645246462,480428.612565151,61.9,AVG
370772:9072,346:346,07/16/23 10:02:49,STABLE BEAMS,6800,496684.909290334,480806.617204931,61.8,AVG
370772:9072,347:347,07/16/23 10:03:12,STABLE BEAMS,6800,496292.451345214,478540.057903655,61.8,AVG
370772:9072,348:348,07/16/23 10:03:35,STABLE BEAMS,6800,494082.615132497,478420.682064232,61.5,AVG
370772:9072,349:349,07/16/23 10:03:59,STABLE BEAMS,6800,496083.108893895,479000.485054801,61.7,AVG
370772:9072,350:350,07/16/23 10:04:22,STABLE BEAMS,6800,496617.527152393,480327.597122388,61.8,AVG
370772:9072,351:351,07/16/23 10:04:45,STABLE BEAMS,6800,494629.418407907,478413.859763460,61.6,AVG
370772:9072,352:352,07/16/23 10:05:09,STABLE BEAMS,6800,495265.091697394,479001.631045868,61.6,AVG
370772:9072,353:353,07/16/23 10:05:32,STABLE BEAMS,6800,494302.109428094,468385.168435322,61.5,AVG
370772:9072,354:354,07/16/23 10:05:55,STABLE BEAMS,6800,494106.974896611,478530.384587790,61.5,AVG
370772:9072,355:355,07/16/23 10:06:18,STABLE BEAMS,6800,493641.577523822,477059.139934419,61.4,AVG
370772:9072,356:356,07/16/23 10:06:42,STABLE BEAMS,6800,492949.310324942,477130.871402109,61.4,AVG
370772:9072,357:357,07/16/23 10:07:05,STABLE BEAMS,6800,492765.374291717,205762.331389267,61.3,AVG
370772:9072,358:358,07/16/23 10:07:28,STABLE BEAMS,6800,493063.770912266,477666.280707361,61.4,AVG
370772:9072,359:359,07/16/23 10:07:52,STABLE BEAMS,6800,492177.234011805,475630.083272345,61.3,AVG
370772:9072,360:360,07/16/23 10:08:15,STABLE BEAMS,6800,491272.346866071,476108.285830414,61.1,AVG
370772:9072,361:361,07/16/23 10:08:38,STABLE BEAMS,6800,491563.277044088,475679.011763954,61.2,AVG
370772:9072,362:362,07/16/23 10:09:02,STABLE BEAMS,6800,510220.504297987,490945.672820079,63.5,AVG
370772:9072,363:363,07/16/23 10:09:25,STABLE BEAMS,6800,520574.998503826,499068.148080050,64.8,AVG
370772:9072,364:364,07/16/23 10:09:48,STABLE BEAMS,6800,509507.338985683,489660.805824084,63.4,AVG
370772:9072,365:365,07/16/23 10:10:12,STABLE BEAMS,6800,498823.127796555,482510.088510834,62.1,AVG
370772:9072,366:366,07/16/23 10:10:35,STABLE BEAMS,6800,498243.589194115,481407.012229887,62.0,AVG
370772:9072,367:367,07/16/23 10:10:58,STABLE BEAMS,6800,497787.753902895,480632.377958248,62.0,AVG
370772:9072,368:368,07/16/23 10:11:22,STABLE BEAMS,6800,496656.134464666,480160.410829036,61.8,AVG
370772:9072,369:369,07/16/23 10:11:45,STABLE BEAMS,6800,495826.599412233,480074.157756405,61.7,AVG
370772:9072,370:370,07/16/23 10:12:08,STABLE BEAMS,6800,495402.543706101,479172.245675793,61.7,AVG
370772:9072,371:371,07/16/23 10:12:31,STABLE BEAMS,6800,494623.907739738,478314.215360785,61.6,AVG
370772:9072,372:372,07/16/23 10:12:55,STABLE BEAMS,6800,494192.840151266,477827.467723974,61.5,AVG
370772:9072,373:373,07/16/23 10:13:18,STABLE BEAMS,6800,492795.515129037,364830.031317460,61.3,AVG
370772:9072,374:374,07/16/23 10:13:41,STABLE BEAMS,6800,496650.488593979,479929.298682735,61.8,AVG
370772:9072,375:375,07/16/23 10:14:05,STABLE BEAMS,6800,500317.157585700,482776.547013390,62.3,AVG
370772:9072,376:376,07/16/23 10:14:28,STABLE BEAMS,6800,500684.073910208,482537.673272268,62.3,AVG
370772:9072,377:377,07/16/23 10:14:51,STABLE BEAMS,6800,499445.369415149,481331.399401987,62.2,AVG
370772:9072,378:378,07/16/23 10:15:15,STABLE BEAMS,6800,498716.180273321,481731.381627599,62.1,AVG
370772:9072,379:379,07/16/23 10:15:38,STABLE BEAMS,6800,498156.721575960,480277.788714675,62.0,AVG
370772:9072,380:380,07/16/23 10:16:01,STABLE BEAMS,6800,497865.290216194,480211.937151247,62.0,AVG
370772:9072,381:381,07/16/23 10:16:24,STABLE BEAMS,6800,497698.655443185,480368.097753539,61.9,AVG
370772:9072,382:382,07/16/23 10:16:48,STABLE BEAMS,6800,497145.024440589,481006.646678669,61.9,AVG
370772:9072,383:383,07/16/23 10:17:11,STABLE BEAMS,6800,496857.919561415,479884.997942341,61.8,AVG
370772:9072,384:384,07/16/23 10:17:34,STABLE BEAMS,6800,496312.209561542,479619.024938103,61.8,AVG
370772:9072,385:385,07/16/23 10:17:58,STABLE BEAMS,6800,495537.627339657,478977.959629669,61.7,AVG
370772:9072,386:386,07/16/23 10:18:21,STABLE BEAMS,6800,495083.204681648,472473.459771829,61.6,AVG
370772:9072,387:387,07/16/23 10:18:44,STABLE BEAMS,6800,494017.282012034,467930.758816266,61.5,AVG
370772:9072,388:388,07/16/23 10:19:08,STABLE BEAMS,6800,493724.211904500,477191.402837582,61.4,AVG
370772:9072,389:389,07/16/23 10:19:31,STABLE BEAMS,6800,493367.722491464,460353.632665856,61.4,AVG
370772:9072,390:390,07/16/23 10:19:54,STABLE BEAMS,6800,493165.254388889,459312.219230590,61.4,AVG
370772:9072,391:391,07/16/23 10:20:18,STABLE BEAMS,6800,492860.074331635,475762.189099685,61.3,AVG
370772:9072,392:392,07/16/23 10:20:41,STABLE BEAMS,6800,498181.032387438,474870.683455844,62.0,AVG
370772:9072,393:393,07/16/23 10:21:04,STABLE BEAMS,6800,497593.073931603,474343.852559845,61.9,AVG
370772:9072,394:394,07/16/23 10:21:28,STABLE BEAMS,6800,497315.074242729,474906.034120858,61.9,AVG
370772:9072,395:395,07/16/23 10:21:51,STABLE BEAMS,6800,497222.558422809,471835.088452168,61.9,AVG
370772:9072,396:396,07/16/23 10:22:14,STABLE BEAMS,6800,496619.893196467,368362.685627381,61.8,AVG
370772:9072,397:397,07/16/23 10:22:37,STABLE BEAMS,6800,496079.512040687,479703.137143169,61.7,AVG
370772:9072,398:398,07/16/23 10:23:01,STABLE BEAMS,6800,496080.057512916,473113.518303576,61.7,AVG
370772:9072,399:399,07/16/23 10:23:24,STABLE BEAMS,6800,496072.863806499,478184.405250396,61.7,AVG
370772:9072,400:400,07/16/23 10:23:47,STABLE BEAMS,6800,495287.127376836,478100.948797429,61.6,AVG
370772:9072,401:401,07/16/23 10:24:11,STABLE BEAMS,6800,494994.103890860,478821.183017178,61.6,AVG
370772:9072,402:402,07/16/23 10:24:34,STABLE BEAMS,6800,494896.853651713,477675.814553304,61.6,AVG
370772:9072,403:403,07/16/23 10:24:57,STABLE BEAMS,6800,495304.610461128,478458.316934859,61.6,AVG
370772:9072,404:404,07/16/23 10:25:21,STABLE BEAMS,6800,494760.541540101,478889.484894026,61.6,AVG
370772:9072,405:405,07/16/23 10:25:44,STABLE BEAMS,6800,494292.959947315,477961.105245710,61.5,AVG
370772:9072,406:406,07/16/23 10:26:07,STABLE BEAMS,6800,493664.387121129,477420.310207874,61.4,AVG
370772:9072,407:407,07/16/23 10:26:31,STABLE BEAMS,6800,493342.089958813,476182.832678169,61.4,AVG
370772:9072,408:408,07/16/23 10:26:54,STABLE BEAMS,6800,492938.976656586,471627.959025605,61.4,AVG
370772:9072,409:409,07/16/23 10:27:17,STABLE BEAMS,6800,496171.160699626,478808.632010178,61.8,AVG
370772:9072,410:410,07/16/23 10:27:41,STABLE BEAMS,6800,499241.218274326,482743.559070802,62.1,AVG
370772:9072,411:411,07/16/23 10:28:04,STABLE BEAMS,6800,498741.994630048,481827.411597255,62.1,AVG
370772:9072,412:412,07/16/23 10:28:27,STABLE BEAMS,6800,498659.269337332,480894.936182807,62.1,AVG
370772:9072,413:413,07/16/23 10:28:50,STABLE BEAMS,6800,498601.992422112,482465.497759742,62.1,AVG
370772:9072,414:414,07/16/23 10:29:14,STABLE BEAMS,6800,497997.052063734,480834.971333143,62.0,AVG
370772:9072,415:415,07/16/23 10:29:37,STABLE BEAMS,6800,497597.488993157,463313.075592778,61.9,AVG
370772:9072,416:416,07/16/23 10:30:00,STABLE BEAMS,6800,497479.935065452,358310.625175080,61.9,AVG
370772:9072,417:417,07/16/23 10:30:24,STABLE BEAMS,6800,497421.658117810,480882.801044338,61.9,AVG
370772:9072,418:418,07/16/23 10:30:47,STABLE BEAMS,6800,497247.645483230,479604.504320298,61.9,AVG
370772:9072,419:419,07/16/23 10:31:10,STABLE BEAMS,6800,496873.262716190,480500.163788625,61.8,AVG
370772:9072,420:420,07/16/23 10:31:34,STABLE BEAMS,6800,496290.537530253,478842.346335369,61.8,AVG
370772:9072,421:421,07/16/23 10:31:57,STABLE BEAMS,6800,495593.992803416,479397.070365520,61.7,AVG
370772:9072,422:422,07/16/23 10:32:20,STABLE BEAMS,6800,494854.057392443,477533.097934020,61.6,AVG
370772:9072,423:423,07/16/23 10:32:44,STABLE BEAMS,6800,494533.669382932,478769.519153640,61.5,AVG
370772:9072,424:424,07/16/23 10:33:07,STABLE BEAMS,6800,494557.117695585,477339.099476908,61.6,AVG
370772:9072,425:425,07/16/23 10:33:30,STABLE BEAMS,6800,494071.551836756,478210.132491738,61.5,AVG
370772:9072,426:426,07/16/23 10:33:54,STABLE BEAMS,6800,494126.096728671,477655.540772495,61.5,AVG
370772:9072,427:427,07/16/23 10:34:17,STABLE BEAMS,6800,493741.785900831,477218.833904340,61.5,AVG
370772:9072,428:428,07/16/23 10:34:40,STABLE BEAMS,6800,493327.884370056,476791.690810903,61.4,AVG
370772:9072,429:429,07/16/23 10:35:03,STABLE BEAMS,6800,492933.785346090,475983.311739258,61.4,AVG
370772:9072,430:430,07/16/23 10:35:27,STABLE BEAMS,6800,493888.527254993,477251.703302047,61.5,AVG
370772:9072,431:431,07/16/23 10:35:50,STABLE BEAMS,6800,498590.703011815,481770.976144193,62.1,AVG
370772:9072,432:432,07/16/23 10:36:13,STABLE BEAMS,6800,498127.583102140,480769.688122193,62.0,AVG
370772:9072,433:433,07/16/23 10:36:37,STABLE BEAMS,6800,497999.555641404,480888.506593173,62.0,AVG
370772:9072,434:434,07/16/23 10:37:00,STABLE BEAMS,6800,497733.985259923,457905.017299998,61.9,AVG
370772:9072,435:435,07/16/23 10:37:23,STABLE BEAMS,6800,497154.220542926,473199.047115841,61.9,AVG
370772:9072,436:436,07/16/23 10:37:47,STABLE BEAMS,6800,496565.896107860,479489.247146529,61.8,AVG
370772:9072,437:437,07/16/23 10:38:10,STABLE BEAMS,6800,496507.800984295,479385.810298822,61.8,AVG
370772:9072,438:438,07/16/23 10:38:33,STABLE BEAMS,6800,496611.151654321,333030.308215233,61.8,AVG
370772:9072,439:439,07/16/23 10:38:57,STABLE BEAMS,6800,496243.370499910,479239.724303705,61.8,AVG
370772:9072,440:440,07/16/23 10:39:20,STABLE BEAMS,6800,495937.234700714,478829.759822496,61.7,AVG
370772:9072,441:441,07/16/23 10:39:43,STABLE BEAMS,6800,495635.924232783,478193.692335817,61.7,AVG
370772:9072,442:442,07/16/23 10:40:07,STABLE BEAMS,6800,495200.758609353,479338.758239672,61.6,AVG
370772:9072,443:443,07/16/23 10:40:30,STABLE BEAMS,6800,494595.727338937,477429.600636770,61.6,AVG
370772:9072,444:444,07/16/23 10:40:53,STABLE BEAMS,6800,494570.866393073,477450.541038820,61.6,AVG
370772:9072,445:445,07/16/23 10:41:16,STABLE BEAMS,6800,494362.801372446,478049.703801005,61.5,AVG
370772:9072,446:446,07/16/23 10:41:40,STABLE BEAMS,6800,493837.124656095,477758.035240308,61.5,AVG
370772:9072,447:447,07/16/23 10:42:03,STABLE BEAMS,6800,493256.630311714,477021.364006134,61.4,AVG
370772:9072,448:448,07/16/23 10:42:26,STABLE BEAMS,6800,493103.061230366,477222.123980428,61.4,AVG
370772:9072,449:449,07/16/23 10:42:50,STABLE BEAMS,6800,497390.561538548,480534.800683326,61.9,AVG
370772:9072,450:450,07/16/23 10:43:13,STABLE BEAMS,6800,495202.672424313,478782.286278968,61.6,AVG
370772:9072,451:451,07/16/23 10:43:36,STABLE BEAMS,6800,495984.539264654,479394.662004340,61.7,AVG
370772:9072,452:452,07/16/23 10:44:00,STABLE BEAMS,6800,495856.420891880,478863.425166010,61.7,AVG
370772:9072,453:453,07/16/23 10:44:23,STABLE BEAMS,6800,495781.935959561,480006.760949900,61.7,AVG
370772:9072,454:454,07/16/23 10:44:46,STABLE BEAMS,6800,495246.561959121,477519.593455567,61.6,AVG
370772:9072,455:455,07/16/23 10:45:10,STABLE BEAMS,6800,494158.421785989,478330.620783878,61.5,AVG
370772:9072,456:456,07/16/23 10:45:33,STABLE BEAMS,6800,492976.402112362,476444.528485015,61.4,AVG
370772:9072,457:457,07/16/23 10:45:56,STABLE BEAMS,6800,491899.234322931,476826.667337122,61.2,AVG
370772:9072,458:458,07/16/23 10:46:19,STABLE BEAMS,6800,495658.824742128,477791.316022615,61.7,AVG
370772:9072,459:459,07/16/23 10:46:43,STABLE BEAMS,6800,513388.949677852,494305.528712009,63.9,AVG
370772:9072,460:460,07/16/23 10:47:06,STABLE BEAMS,6800,513937.298457914,493831.830202860,64.0,AVG
370772:9072,461:461,07/16/23 10:47:29,STABLE BEAMS,6800,502922.137145285,485359.828410718,62.6,AVG
370772:9072,462:462,07/16/23 10:47:53,STABLE BEAMS,6800,499257.698995119,473873.837307505,62.1,AVG
370772:9072,463:463,07/16/23 10:48:16,STABLE BEAMS,6800,499083.234131425,415131.855897212,62.1,AVG
370772:9072,464:464,07/16/23 10:48:39,STABLE BEAMS,6800,498723.966073526,131644.725625235,62.1,AVG
370772:9072,465:465,07/16/23 10:49:03,STABLE BEAMS,6800,498737.532946937,467580.698687129,62.1,AVG
370772:9072,466:466,07/16/23 10:49:26,STABLE BEAMS,6800,499228.425318780,477427.271301244,62.1,AVG
370772:9072,467:467,07/16/23 10:49:49,STABLE BEAMS,6800,498894.789793531,469033.855135546,62.1,AVG
370772:9072,468:468,07/16/23 10:50:13,STABLE BEAMS,6800,498771.042191831,482447.004511174,62.1,AVG
370772:9072,469:469,07/16/23 10:50:36,STABLE BEAMS,6800,498139.056667591,480855.296580464,62.0,AVG
370772:9072,470:470,07/16/23 10:50:59,STABLE BEAMS,6800,497324.316966625,480023.703636994,61.9,AVG
370772:9072,471:471,07/16/23 10:51:22,STABLE BEAMS,6800,496489.728137292,480728.733013499,61.8,AVG
370772:9072,472:472,07/16/23 10:51:46,STABLE BEAMS,6800,495626.637218407,472497.617461056,61.7,AVG
370772:9072,473:473,07/16/23 10:52:09,STABLE BEAMS,6800,494965.510889269,478023.945323611,61.6,AVG
370772:9072,474:474,07/16/23 10:52:32,STABLE BEAMS,6800,494472.888857619,478997.723562554,61.5,AVG
370772:9072,475:475,07/16/23 10:52:56,STABLE BEAMS,6800,494379.373005278,478188.642237193,61.5,AVG
370772:9072,476:476,07/16/23 10:53:19,STABLE BEAMS,6800,494445.661867681,471404.144501009,61.5,AVG
370772:9072,477:477,07/16/23 10:53:42,STABLE BEAMS,6800,493732.270440820,476990.878376777,61.4,AVG
370772:9072,478:478,07/16/23 10:54:06,STABLE BEAMS,6800,494100.189128827,477246.863125928,61.5,AVG
370772:9072,479:479,07/16/23 10:54:29,STABLE BEAMS,6800,501371.012264996,477756.799878008,62.4,AVG
370772:9072,480:480,07/16/23 10:54:52,STABLE BEAMS,6800,501296.072772485,483676.351074048,62.4,AVG
370772:9072,481:481,07/16/23 10:55:16,STABLE BEAMS,6800,501274.901922946,483555.047733205,62.4,AVG
370772:9072,482:482,07/16/23 10:55:39,STABLE BEAMS,6800,501260.787246227,483451.848130054,62.4,AVG
370772:9072,483:483,07/16/23 10:56:02,STABLE BEAMS,6800,500773.857706823,484249.695377279,62.3,AVG
370772:9072,484:484,07/16/23 10:56:26,STABLE BEAMS,6800,500795.345582958,475005.566160860,62.3,AVG
370772:9072,485:485,07/16/23 10:56:49,STABLE BEAMS,6800,500815.516400075,482871.418446121,62.3,AVG
370772:9072,486:486,07/16/23 10:57:12,STABLE BEAMS,6800,500778.363680415,484057.151871688,62.3,AVG
370772:9072,487:487,07/16/23 10:57:35,STABLE BEAMS,6800,501920.820299827,484205.202262449,62.5,AVG
370772:9072,488:488,07/16/23 10:57:59,STABLE BEAMS,6800,502253.817109730,485091.745314943,62.5,AVG
370772:9072,489:489,07/16/23 10:58:22,STABLE BEAMS,6800,502130.297953664,203093.033304997,62.5,AVG
370772:9072,490:490,07/16/23 10:58:45,STABLE BEAMS,6800,502920.314242363,486035.220790108,62.6,AVG
370772:9072,491:491,07/16/23 10:59:09,STABLE BEAMS,6800,503243.434275179,483966.662921581,62.6,AVG
370772:9072,492:492,07/16/23 10:59:32,STABLE BEAMS,6800,503032.998548323,485726.921898020,62.6,AVG
370772:9072,493:493,07/16/23 10:59:55,STABLE BEAMS,6800,502480.642645341,483975.075852826,62.5,AVG
370772:9072,494:494,07/16/23 11:00:19,STABLE BEAMS,6800,501067.927846779,484386.876913929,62.4,AVG
370772:9072,495:495,07/16/23 11:00:42,STABLE BEAMS,6800,500760.698772046,483343.229030469,62.3,AVG
370772:9072,496:496,07/16/23 11:01:05,STABLE BEAMS,6800,499997.543494054,482660.200273046,62.2,AVG
370772:9072,497:497,07/16/23 11:01:29,STABLE BEAMS,6800,499027.780119127,481202.051402464,62.1,AVG
370772:9072,498:498,07/16/23 11:01:52,STABLE BEAMS,6800,499014.849629985,481891.650786283,62.1,AVG
370772:9072,499:499,07/16/23 11:02:15,STABLE BEAMS,6800,499274.865052817,482751.514823960,62.1,AVG
370772:9072,500:500,07/16/23 11:02:39,STABLE BEAMS,6800,499399.932044612,482264.907362744,62.2,AVG
370772:9072,501:501,07/16/23 11:03:02,STABLE BEAMS,6800,499057.601598775,481235.263966438,62.1,AVG
370772:9072,502:502,07/16/23 11:03:25,STABLE BEAMS,6800,498727.152657023,482347.961544059,62.1,AVG
370772:9072,503:503,07/16/23 11:03:48,STABLE BEAMS,6800,498682.489204350,481540.291254618,62.1,AVG
370772:9072,504:504,07/16/23 11:04:12,STABLE BEAMS,6800,498357.912247843,481427.144574034,62.0,AVG
370772:9072,505:505,07/16/23 11:04:35,STABLE BEAMS,6800,498205.800090186,480737.028973995,62.0,AVG
370772:9072,506:506,07/16/23 11:04:58,STABLE BEAMS,6800,497858.688603565,481715.395593467,62.0,AVG
370772:9072,507:507,07/16/23 11:05:22,STABLE BEAMS,6800,499417.142392789,482197.971468617,62.2,AVG
370772:9072,508:508,07/16/23 11:05:45,STABLE BEAMS,6800,499959.982835760,482486.026064094,62.2,AVG
370772:9072,509:509,07/16/23 11:06:08,STABLE BEAMS,6800,499023.591172131,481180.779107203,62.1,AVG
370772:9072,510:510,07/16/23 11:06:32,STABLE BEAMS,6800,499072.396950242,482514.081035091,62.1,AVG
370772:9072,511:511,07/16/23 11:06:55,STABLE BEAMS,6800,498192.415040852,481172.393809079,62.0,AVG
370772:9072,512:512,07/16/23 11:07:18,STABLE BEAMS,6800,497599.265274521,480816.309656035,61.9,AVG
370772:9072,513:513,07/16/23 11:07:42,STABLE BEAMS,6800,497310.656850098,479704.331461418,61.9,AVG
370772:9072,514:514,07/16/23 11:08:05,STABLE BEAMS,6800,497247.736395268,480824.036587294,61.9,AVG
370772:9072,515:515,07/16/23 11:08:28,STABLE BEAMS,6800,496048.734819098,472485.863993374,61.7,AVG
370772:9072,516:516,07/16/23 11:08:52,STABLE BEAMS,6800,494772.378753706,477582.358316767,61.6,AVG
370772:9072,517:517,07/16/23 11:09:15,STABLE BEAMS,6800,493941.475358542,478273.014476878,61.5,AVG
370772:9072,518:518,07/16/23 11:09:38,STABLE BEAMS,6800,495507.987684086,478767.471614047,61.7,AVG
370772:9072,519:519,07/16/23 11:10:01,STABLE BEAMS,6800,513228.095978049,492799.482421307,63.9,AVG
370772:9072,520:520,07/16/23 11:10:25,STABLE BEAMS,6800,522995.813584551,493330.238410762,65.1,AVG
370772:9072,521:521,07/16/23 11:10:48,STABLE BEAMS,6800,509121.711098826,488720.917194100,63.4,AVG
370772:9072,522:522,07/16/23 11:11:11,STABLE BEAMS,6800,496597.857517025,480478.614645186,61.8,AVG
370772:9072,523:523,07/16/23 11:11:35,STABLE BEAMS,6800,496000.336979621,478540.955237822,61.7,AVG
370772:9072,524:524,07/16/23 11:11:58,STABLE BEAMS,6800,494910.056876971,479101.483745574,61.6,AVG
370772:9072,525:525,07/16/23 11:12:21,STABLE BEAMS,6800,494189.243298058,477469.041819495,61.5,AVG
370772:9072,526:526,07/16/23 11:12:45,STABLE BEAMS,6800,494423.672809797,478860.499657465,61.5,AVG
370772:9072,527:527,07/16/23 11:13:08,STABLE BEAMS,6800,494223.573082374,477480.031919603,61.5,AVG
370772:9072,528:528,07/16/23 11:13:31,STABLE BEAMS,6800,493773.793931554,477696.464836648,61.5,AVG
370772:9072,529:529,07/16/23 11:13:55,STABLE BEAMS,6800,491536.961505611,476138.675619781,61.2,AVG
370772:9072,530:530,07/16/23 11:14:18,STABLE BEAMS,6800,494588.941571153,478391.375162167,61.6,AVG
370772:9072,531:531,07/16/23 11:14:41,STABLE BEAMS,6800,494255.487869981,477067.983404658,61.5,AVG
370772:9072,532:532,07/16/23 11:15:04,STABLE BEAMS,6800,493568.687048790,478149.749533419,61.4,AVG
370772:9072,533:533,07/16/23 11:15:28,STABLE BEAMS,6800,493512.731854742,477397.139430624,61.4,AVG
370772:9072,534:534,07/16/23 11:15:51,STABLE BEAMS,6800,494670.666831448,478187.061560826,61.6,AVG
370772:9072,535:535,07/16/23 11:16:14,STABLE BEAMS,6800,495570.772936398,478941.280399402,61.7,AVG
370772:9072,536:536,07/16/23 11:16:38,STABLE BEAMS,6800,498435.630385218,481427.517051749,62.0,AVG
370772:9072,537:537,07/16/23 11:17:01,STABLE BEAMS,6800,498232.481607895,480553.071636717,62.0,AVG
370772:9072,538:538,07/16/23 11:17:24,STABLE BEAMS,6800,495368.304833823,479010.419907940,61.7,AVG
370772:9072,539:539,07/16/23 11:17:48,STABLE BEAMS,6800,493124.551437578,477412.491134289,61.4,AVG
370772:9072,540:540,07/16/23 11:18:11,STABLE BEAMS,6800,496096.904212941,479438.182002848,61.7,AVG
370772:9072,541:541,07/16/23 11:18:34,STABLE BEAMS,6800,501516.431897986,476551.952818710,62.4,AVG
370772:9072,542:542,07/16/23 11:18:58,STABLE BEAMS,6800,501240.208490475,475262.746633022,62.4,AVG
370772:9072,543:543,07/16/23 11:19:21,STABLE BEAMS,6800,499299.541843526,475252.456657654,62.1,AVG
370772:9072,544:544,07/16/23 11:19:44,STABLE BEAMS,6800,496206.856495595,473944.328365213,61.8,AVG
370772:9072,545:545,07/16/23 11:20:08,STABLE BEAMS,6800,493953.678551378,470248.754186687,61.5,AVG
370772:9072,546:546,07/16/23 11:20:31,STABLE BEAMS,6800,493900.728116751,470172.315444776,61.5,AVG
370772:9072,547:547,07/16/23 11:20:54,STABLE BEAMS,6800,494662.470761532,477807.958576904,61.6,AVG
370772:9072,548:548,07/16/23 11:21:17,STABLE BEAMS,6800,497316.622078459,354393.157121931,61.9,AVG
370772:9072,549:549,07/16/23 11:21:41,STABLE BEAMS,6800,498132.636879039,480988.387534479,62.0,AVG
370772:9072,550:550,07/16/23 11:22:04,STABLE BEAMS,6800,497364.929005898,481007.178557070,61.9,AVG
370772:9072,551:551,07/16/23 11:22:27,STABLE BEAMS,6800,497700.203278914,474839.942058950,61.9,AVG
370772:9072,552:552,07/16/23 11:22:51,STABLE BEAMS,6800,498206.620629609,481351.224342079,62.0,AVG
370772:9072,553:553,07/16/23 11:23:14,STABLE BEAMS,6800,498168.740613642,480347.120321298,62.0,AVG
370772:9072,554:554,07/16/23 11:23:37,STABLE BEAMS,6800,497770.408352199,474491.856433439,62.0,AVG
370772:9072,555:555,07/16/23 11:24:01,STABLE BEAMS,6800,497634.823536894,479738.030699507,61.9,AVG
370772:9072,556:556,07/16/23 11:24:24,STABLE BEAMS,6800,497710.492656790,474268.840148813,61.9,AVG
370772:9072,557:557,07/16/23 11:24:47,STABLE BEAMS,6800,496100.319242072,479581.821001028,61.7,AVG
370772:9072,558:558,07/16/23 11:25:11,STABLE BEAMS,6800,492717.615167586,476460.143902647,61.3,AVG
370772:9072,559:559,07/16/23 11:25:34,STABLE BEAMS,6800,497866.656227846,475110.350369700,62.0,AVG
370772:9072,560:560,07/16/23 11:25:57,STABLE BEAMS,6800,500925.377770692,483334.465084334,62.3,AVG
370772:9072,561:561,07/16/23 11:26:21,STABLE BEAMS,6800,502128.386469782,483687.313899068,62.5,AVG
370772:9072,562:562,07/16/23 11:26:44,STABLE BEAMS,6800,504921.036449396,486875.179661902,62.8,AVG
370772:9072,563:563,07/16/23 11:27:07,STABLE BEAMS,6800,505476.215287722,488011.029100483,62.9,AVG
370772:9072,564:564,07/16/23 11:27:30,STABLE BEAMS,6800,504817.319800139,486375.055268375,62.8,AVG
370772:9072,565:565,07/16/23 11:27:54,STABLE BEAMS,6800,502616.364994243,475107.084430218,62.6,AVG
370772:9072,566:566,07/16/23 11:28:17,STABLE BEAMS,6800,500184.668441854,483723.363419408,62.3,AVG
370772:9072,567:567,07/16/23 11:28:40,STABLE BEAMS,6800,499169.236919677,482168.963878312,62.1,AVG
370772:9072,568:568,07/16/23 11:29:04,STABLE BEAMS,6800,498041.850718925,480365.705951174,62.0,AVG
370772:9072,569:569,07/16/23 11:29:27,STABLE BEAMS,6800,497546.133015817,481426.162421201,61.9,AVG
370772:9072,570:570,07/16/23 11:29:50,STABLE BEAMS,6800,497127.084465027,479688.443755102,61.9,AVG
370772:9072,571:571,07/16/23 11:30:14,STABLE BEAMS,6800,496832.422231283,480808.999990615,61.8,AVG
370772:9072,572:572,07/16/23 11:30:37,STABLE BEAMS,6800,496978.387336502,479503.910048240,61.9,AVG
370772:9072,573:573,07/16/23 11:31:00,STABLE BEAMS,6800,495269.371556428,479323.523800957,61.6,AVG
370772:9072,574:574,07/16/23 11:31:24,STABLE BEAMS,6800,495136.243697236,478605.719388614,61.6,AVG
370772:9072,575:575,07/16/23 11:31:47,STABLE BEAMS,6800,496707.627975603,479846.908902399,61.8,AVG
370772:9072,576:576,07/16/23 11:32:10,STABLE BEAMS,6800,496872.260352690,479433.736758728,61.8,AVG
370772:9072,577:577,07/16/23 11:32:33,STABLE BEAMS,6800,495290.041224218,478859.831541125,61.6,AVG
370772:9072,578:578,07/16/23 11:32:57,STABLE BEAMS,6800,495890.613142601,479879.498406630,61.7,AVG
370772:9072,579:579,07/16/23 11:33:20,STABLE BEAMS,6800,496947.838560548,480393.119523932,61.9,AVG
370772:9072,580:580,07/16/23 11:33:43,STABLE BEAMS,6800,496987.494857879,479609.910028268,61.9,AVG
370772:9072,581:581,07/16/23 11:34:07,STABLE BEAMS,6800,496710.861180658,480844.908646895,61.8,AVG
370772:9072,582:582,07/16/23 11:34:30,STABLE BEAMS,6800,496655.952640590,479373.453841356,61.8,AVG
370772:9072,583:583,07/16/23 11:34:53,STABLE BEAMS,6800,495415.700309801,479481.688638235,61.7,AVG
370772:9072,584:584,07/16/23 11:35:17,STABLE BEAMS,6800,494402.364426661,478130.880611463,61.5,AVG
370772:9072,585:585,07/16/23 11:35:40,STABLE BEAMS,6800,493974.257307130,477832.705403364,61.5,AVG
370772:9072,586:586,07/16/23 11:36:03,STABLE BEAMS,6800,492937.382199299,476323.671525487,61.4,AVG
370772:9072,587:587,07/16/23 11:36:27,STABLE BEAMS,6800,494350.416355534,478077.128481227,61.5,AVG
370772:9072,588:588,07/16/23 11:36:50,STABLE BEAMS,6800,500792.888626845,483229.291821603,62.3,AVG
370772:9072,589:589,07/16/23 11:37:13,STABLE BEAMS,6800,500748.313755133,482773.348078855,62.3,AVG
370772:9072,590:590,07/16/23 11:37:37,STABLE BEAMS,6800,500477.325948599,483475.974055338,62.3,AVG
370772:9072,591:591,07/16/23 11:38:00,STABLE BEAMS,6800,501128.479926457,481492.651547202,62.4,AVG
370772:9072,592:592,07/16/23 11:38:23,STABLE BEAMS,6800,500798.215139860,482281.730929495,62.3,AVG
370772:9072,593:593,07/16/23 11:38:46,STABLE BEAMS,6800,500549.899397036,483334.418882562,62.3,AVG
370772:9072,594:594,07/16/23 11:39:10,STABLE BEAMS,6800,500119.470523910,482915.004302741,62.2,AVG
370772:9072,595:595,07/16/23 11:39:33,STABLE BEAMS,6800,500230.014900353,482428.704982812,62.3,AVG
370772:9072,596:596,07/16/23 11:39:56,STABLE BEAMS,6800,500205.291488085,482911.230005060,62.3,AVG
370772:9072,597:597,07/16/23 11:40:20,STABLE BEAMS,6800,500068.841842877,483201.778643149,62.2,AVG
370772:9072,598:598,07/16/23 11:40:43,STABLE BEAMS,6800,499611.367803889,483091.796766128,62.2,AVG
370772:9072,599:599,07/16/23 11:41:06,STABLE BEAMS,6800,499394.377085962,481572.886420092,62.2,AVG
370772:9072,600:600,07/16/23 11:41:30,STABLE BEAMS,6800,498272.909492013,482070.106597837,62.0,AVG
370772:9072,601:601,07/16/23 11:41:53,STABLE BEAMS,6800,498419.103042867,481054.681506897,62.0,AVG
370772:9072,602:602,07/16/23 11:42:16,STABLE BEAMS,6800,498145.793482739,481473.170595596,62.0,AVG
370772:9072,603:603,07/16/23 11:42:40,STABLE BEAMS,6800,498712.583420112,481738.104997353,62.1,AVG
370772:9072,604:604,07/16/23 11:43:03,STABLE BEAMS,6800,516216.838562166,495608.747767795,64.2,AVG
370772:9072,605:605,07/16/23 11:43:26,STABLE BEAMS,6800,520651.122183913,498344.240125278,64.8,AVG
370772:9072,606:606,07/16/23 11:43:50,STABLE BEAMS,6800,505526.750725639,487852.754986967,62.9,AVG
370772:9072,607:607,07/16/23 11:44:13,STABLE BEAMS,6800,494840.033627762,477902.840261908,61.6,AVG
370772:9072,608:608,07/16/23 11:44:36,STABLE BEAMS,6800,494638.567888687,477911.815518329,61.6,AVG
370772:9072,609:609,07/16/23 11:44:59,STABLE BEAMS,6800,494677.177532039,478804.346525258,61.6,AVG
370772:9072,610:610,07/16/23 11:45:23,STABLE BEAMS,6800,493931.687162416,477557.158697432,61.5,AVG
370772:9072,611:611,07/16/23 11:45:46,STABLE BEAMS,6800,493481.178384211,476534.782056134,61.4,AVG
370772:9072,612:612,07/16/23 11:46:09,STABLE BEAMS,6800,492838.539833942,474881.071408208,61.3,AVG
370772:9072,613:613,07/16/23 11:46:33,STABLE BEAMS,6800,494203.176150700,477837.222149917,61.5,AVG
370772:9072,614:614,07/16/23 11:46:56,STABLE BEAMS,6800,500216.263871787,483321.041278678,62.3,AVG
370772:9072,615:615,07/16/23 11:47:19,STABLE BEAMS,6800,500265.890189321,481396.715115440,62.3,AVG
370772:9072,616:616,07/16/23 11:47:43,STABLE BEAMS,6800,500248.498017067,483747.833976201,62.3,AVG
370772:9072,617:617,07/16/23 11:48:06,STABLE BEAMS,6800,500525.497673519,482677.143230484,62.3,AVG
370772:9072,618:618,07/16/23 11:48:29,STABLE BEAMS,6800,500147.152074040,474374.826553345,62.2,AVG
370772:9072,619:619,07/16/23 11:48:52,STABLE BEAMS,6800,499537.384053319,471174.645466166,62.2,AVG
370772:9072,620:620,07/16/23 11:49:16,STABLE BEAMS,6800,499777.046834957,475556.699059287,62.2,AVG
370772:9072,621:621,07/16/23 11:49:39,STABLE BEAMS,6800,499411.678346178,476469.018125077,62.2,AVG
370772:9072,622:622,07/16/23 11:50:02,STABLE BEAMS,6800,499111.962335535,475113.788485624,62.1,AVG
370772:9072,623:623,07/16/23 11:50:26,STABLE BEAMS,6800,498630.084241953,476202.081662573,62.1,AVG
370772:9072,624:624,07/16/23 11:50:49,STABLE BEAMS,6800,498663.640108405,472581.957100559,62.1,AVG
370772:9072,625:625,07/16/23 11:51:12,STABLE BEAMS,6800,497651.623615360,480776.014801753,61.9,AVG
370772:9072,626:626,07/16/23 11:51:36,STABLE BEAMS,6800,497248.419401094,480339.654869876,61.9,AVG
370772:9072,627:627,07/16/23 11:51:59,STABLE BEAMS,6800,497554.373376213,481151.032538715,61.9,AVG
370772:9072,628:628,07/16/23 11:52:22,STABLE BEAMS,6800,497598.491356656,473265.402004022,61.9,AVG
370772:9072,629:629,07/16/23 11:52:46,STABLE BEAMS,6800,497942.462881339,208580.743588759,62.0,AVG
370772:9072,630:630,07/16/23 11:53:09,STABLE BEAMS,6800,497063.117356217,480758.315642159,61.9,AVG
370772:9072,631:631,07/16/23 11:53:32,STABLE BEAMS,6800,497023.053120252,480386.942965897,61.9,AVG
370772:9072,632:632,07/16/23 11:53:56,STABLE BEAMS,6800,496462.727261911,479568.808211867,61.8,AVG
370772:9072,633:633,07/16/23 11:54:19,STABLE BEAMS,6800,495734.174504351,479420.063017195,61.7,AVG
370772:9072,634:634,07/16/23 11:54:42,STABLE BEAMS,6800,494622.588349644,478095.446653113,61.6,AVG
370772:9072,635:635,07/16/23 11:55:05,STABLE BEAMS,6800,493805.664428680,477081.993224073,61.5,AVG
370772:9072,636:636,07/16/23 11:55:29,STABLE BEAMS,6800,492555.076098457,474605.605812828,61.3,AVG
370772:9072,637:637,07/16/23 11:55:52,STABLE BEAMS,6800,499063.291759942,479270.720834655,62.1,AVG
370772:9072,638:638,07/16/23 11:56:15,STABLE BEAMS,6800,498776.415326403,481862.142109297,62.1,AVG
370772:9072,639:639,07/16/23 11:56:39,STABLE BEAMS,6800,497703.571686488,480707.513519598,61.9,AVG
370772:9072,640:640,07/16/23 11:57:02,STABLE BEAMS,6800,496582.787098364,479682.738400152,61.8,AVG
370772:9072,641:641,07/16/23 11:57:25,STABLE BEAMS,6800,496064.714358141,479523.420335766,61.7,AVG
370772:9072,642:642,07/16/23 11:57:49,STABLE BEAMS,6800,494910.467146682,477998.088727244,61.6,AVG
370772:9072,643:643,07/16/23 11:58:12,STABLE BEAMS,6800,494405.779455793,470776.404152578,61.5,AVG
370772:9072,644:644,07/16/23 11:58:35,STABLE BEAMS,6800,493714.514620412,477106.559297889,61.4,AVG
370772:9072,645:645,07/16/23 11:58:59,STABLE BEAMS,6800,493209.281457294,477093.147356675,61.4,AVG
370772:9072,646:646,07/16/23 11:59:22,STABLE BEAMS,6800,492693.029288915,477102.253927716,61.3,AVG
370772:9072,647:647,07/16/23 11:59:45,STABLE BEAMS,6800,496107.422036451,478988.672505992,61.7,AVG
370772:9072,648:648,07/16/23 12:00:09,STABLE BEAMS,6800,498660.952375580,482190.459969819,62.1,AVG
370772:9072,649:649,07/16/23 12:00:32,STABLE BEAMS,6800,498370.751824947,481135.533668730,62.0,AVG
370772:9072,650:650,07/16/23 12:00:55,STABLE BEAMS,6800,498172.838648600,482204.664631723,62.0,AVG
370772:9072,651:651,07/16/23 12:01:19,STABLE BEAMS,6800,498411.545688296,481547.569446160,62.0,AVG
370772:9072,652:652,07/16/23 12:01:42,STABLE BEAMS,6800,497709.217557175,480644.446065829,61.9,AVG
370772:9072,653:653,07/16/23 12:02:05,STABLE BEAMS,6800,497374.989938139,480682.432869040,61.9,AVG
370772:9072,654:654,07/16/23 12:02:28,STABLE BEAMS,6800,497273.506461515,479877.527367464,61.9,AVG
370772:9072,655:655,07/16/23 12:02:52,STABLE BEAMS,6800,496899.988524378,480751.046776569,61.8,AVG
370772:9072,656:656,07/16/23 12:03:15,STABLE BEAMS,6800,496657.910746031,479074.602047824,61.8,AVG
370772:9072,657:657,07/16/23 12:03:38,STABLE BEAMS,6800,494850.005979043,472122.648521999,61.6,AVG
370772:9072,658:658,07/16/23 12:04:02,STABLE BEAMS,6800,493632.926893714,477249.735143189,61.4,AVG
370772:9072,659:659,07/16/23 12:04:25,STABLE BEAMS,6800,492678.732788119,475932.608624820,61.3,AVG
370772:9072,660:660,07/16/23 12:04:48,STABLE BEAMS,6800,495178.312660199,478797.166384167,61.6,AVG
370772:9072,661:661,07/16/23 12:05:12,STABLE BEAMS,6800,497756.659654712,480904.971407450,62.0,AVG
370772:9072,662:662,07/16/23 12:05:35,STABLE BEAMS,6800,498055.736950009,481250.368413991,62.0,AVG
370772:9072,663:663,07/16/23 12:05:58,STABLE BEAMS,6800,497587.609884992,481128.507039844,61.9,AVG
370772:9072,664:664,07/16/23 12:06:22,STABLE BEAMS,6800,497897.752807108,480896.207975348,62.0,AVG
370772:9072,665:665,07/16/23 12:06:45,STABLE BEAMS,6800,497677.302769569,480119.988917737,61.9,AVG
370772:9072,666:666,07/16/23 12:07:08,STABLE BEAMS,6800,497327.184192449,481129.796948254,61.9,AVG
370772:9072,667:667,07/16/23 12:07:31,STABLE BEAMS,6800,496643.660866793,479394.126409516,61.8,AVG
370772:9072,668:668,07/16/23 12:07:55,STABLE BEAMS,6800,495436.006329437,479646.949852600,61.7,AVG
370772:9072,669:669,07/16/23 12:08:18,STABLE BEAMS,6800,494319.639133945,478131.599383455,61.5,AVG
370772:9072,670:670,07/16/23 12:08:41,STABLE BEAMS,6800,493341.269419390,477418.443490409,61.4,AVG
370772:9072,671:671,07/16/23 12:09:05,STABLE BEAMS,6800,497731.481682253,480005.230635311,61.9,AVG
370772:9072,672:672,07/16/23 12:09:28,STABLE BEAMS,6800,496733.125305735,480193.132954709,61.8,AVG
370772:9072,673:673,07/16/23 12:09:51,STABLE BEAMS,6800,494962.415217810,479276.386199440,61.6,AVG
370772:9072,674:674,07/16/23 12:10:15,STABLE BEAMS,6800,493555.255377897,477510.931758124,61.4,AVG
370772:9072,675:675,07/16/23 12:10:38,STABLE BEAMS,6800,492126.467797176,476197.864301833,61.3,AVG
370772:9072,676:676,07/16/23 12:11:01,STABLE BEAMS,6800,496984.033207189,471180.320185875,61.9,AVG
370772:9072,677:677,07/16/23 12:11:25,STABLE BEAMS,6800,496361.609764519,479812.669782875,61.8,AVG
370772:9072,678:678,07/16/23 12:11:48,STABLE BEAMS,6800,495446.251416833,478797.949391123,61.7,AVG
370772:9072,679:679,07/16/23 12:12:11,STABLE BEAMS,6800,494108.839758935,477101.779860879,61.5,AVG
370772:9072,680:680,07/16/23 12:12:35,STABLE BEAMS,6800,492817.597430038,476907.832590127,61.3,AVG
370772:9072,681:681,07/16/23 12:12:58,STABLE BEAMS,6800,492592.319730156,476804.116300185,61.3,AVG
370772:9072,682:682,07/16/23 12:13:21,STABLE BEAMS,6800,496761.170504018,479715.337753394,61.8,AVG
370772:9072,683:683,07/16/23 12:13:44,STABLE BEAMS,6800,496439.964286162,480826.478180839,61.8,AVG
370772:9072,684:684,07/16/23 12:14:08,STABLE BEAMS,6800,495882.281870166,479403.375076550,61.7,AVG
370772:9072,685:685,07/16/23 12:14:31,STABLE BEAMS,6800,495949.344650434,479796.957714987,61.7,AVG
370772:9072,686:686,07/16/23 12:14:54,STABLE BEAMS,6800,495888.016321814,479487.103395866,61.7,AVG
370772:9072,687:687,07/16/23 12:15:18,STABLE BEAMS,6800,495994.872933010,479640.351355044,61.7,AVG
370772:9072,688:688,07/16/23 12:15:41,STABLE BEAMS,6800,496176.624746237,479079.034103744,61.8,AVG
370772:9072,689:689,07/16/23 12:16:04,STABLE BEAMS,6800,495748.244890590,344954.323420179,61.7,AVG
370772:9072,690:690,07/16/23 12:16:28,STABLE BEAMS,6800,502885.804965047,484754.347887055,62.6,AVG
370772:9072,691:691,07/16/23 12:16:51,STABLE BEAMS,6800,511973.593768023,492952.371388723,63.7,AVG
370772:9072,692:692,07/16/23 12:17:14,STABLE BEAMS,6800,501940.123955964,484437.719290101,62.5,AVG
370772:9072,693:693,07/16/23 12:17:38,STABLE BEAMS,6800,500655.480908617,483609.630106074,62.3,AVG
370772:9072,694:694,07/16/23 12:18:01,STABLE BEAMS,6800,500069.023666954,482951.775852689,62.2,AVG
370772:9072,695:695,07/16/23 12:18:24,STABLE BEAMS,6800,501229.555464447,483676.970094012,62.4,AVG
370772:9072,696:696,07/16/23 12:18:48,STABLE BEAMS,6800,501329.080835629,477293.375276177,62.4,AVG
370772:9072,697:697,07/16/23 12:19:11,STABLE BEAMS,6800,501352.983708474,476768.960066337,62.4,AVG
370772:9072,698:698,07/16/23 12:19:34,STABLE BEAMS,6800,500974.819933071,387867.705888761,62.4,AVG
370772:9072,699:699,07/16/23 12:19:57,STABLE BEAMS,6800,500893.642476084,474144.006250036,62.3,AVG
370772:9072,700:700,07/16/23 12:20:21,STABLE BEAMS,6800,500905.889959400,484511.084299116,62.3,AVG
370772:9072,701:701,07/16/23 12:20:44,STABLE BEAMS,6800,500571.116868133,483280.869547147,62.3,AVG
370772:9072,702:702,07/16/23 12:21:07,STABLE BEAMS,6800,500846.885715452,477793.000680181,62.3,AVG
370772:9072,703:703,07/16/23 12:21:31,STABLE BEAMS,6800,500322.665922792,455121.453202814,62.3,AVG
370772:9072,704:704,07/16/23 12:21:54,STABLE BEAMS,6800,500229.968278795,201107.032453261,62.3,AVG
370772:9072,705:705,07/16/23 12:22:17,STABLE BEAMS,6800,499854.902505928,472606.327151284,62.2,AVG
370772:9072,706:706,07/16/23 12:22:41,STABLE BEAMS,6800,500151.341021036,475779.666334944,62.2,AVG
370772:9072,707:707,07/16/23 12:23:04,STABLE BEAMS,6800,501046.847909278,477185.192842348,62.4,AVG
370772:9072,708:708,07/16/23 12:23:27,STABLE BEAMS,6800,501194.132404592,484667.657595648,62.4,AVG
370772:9072,709:709,07/16/23 12:23:51,STABLE BEAMS,6800,501015.888863613,483725.103715180,62.4,AVG
370772:9072,710:710,07/16/23 12:24:14,STABLE BEAMS,6800,500791.385081596,477566.272807562,62.3,AVG
370772:9072,711:711,07/16/23 12:24:37,STABLE BEAMS,6800,501590.052000402,484864.885387595,62.4,AVG
370772:9072,712:712,07/16/23 12:25:00,STABLE BEAMS,6800,501511.333830606,483818.196874246,62.4,AVG
370772:9072,713:713,07/16/23 12:25:24,STABLE BEAMS,6800,501734.061331259,485105.218884291,62.4,AVG
370772:9072,714:714,07/16/23 12:25:47,STABLE BEAMS,6800,502006.778797599,479228.430295481,62.5,AVG
370772:9072,715:715,07/16/23 12:26:10,STABLE BEAMS,6800,501906.843156705,483774.783182202,62.5,AVG
370772:9072,716:716,07/16/23 12:26:34,STABLE BEAMS,6800,501937.573756735,484548.687674955,62.5,AVG
370772:9072,717:717,07/16/23 12:26:57,STABLE BEAMS,6800,501634.079068807,483227.549125293,62.4,AVG
370772:9072,718:718,07/16/23 12:27:20,STABLE BEAMS,6800,502321.017423594,485444.629925032,62.5,AVG
370772:9072,719:719,07/16/23 12:27:44,STABLE BEAMS,6800,502607.348384904,484889.607689956,62.6,AVG
370772:9072,720:720,07/16/23 12:28:07,STABLE BEAMS,6800,502045.978203660,484585.505780226,62.5,AVG
370772:9072,721:721,07/16/23 12:28:30,STABLE BEAMS,6800,502736.196385062,485212.992543773,62.6,AVG
370772:9072,722:722,07/16/23 12:28:54,STABLE BEAMS,6800,502657.021323995,485234.659138617,62.6,AVG
370772:9072,723:723,07/16/23 12:29:17,STABLE BEAMS,6800,497294.950047170,480140.425518767,61.9,AVG
370772:9072,724:724,07/16/23 12:29:40,STABLE BEAMS,6800,495315.491932792,479569.272468091,61.6,AVG
370772:9072,725:725,07/16/23 12:30:03,STABLE BEAMS,6800,496688.459521984,479533.011537282,61.8,AVG
370772:9072,726:726,07/16/23 12:30:27,STABLE BEAMS,6800,497027.696627441,441643.620565652,61.9,AVG
370772:9072,727:727,07/16/23 12:30:50,STABLE BEAMS,6800,496397.939613679,416352.553690429,61.8,AVG
370772:9072,728:728,07/16/23 12:31:13,STABLE BEAMS,6800,496487.770031852,480451.870225084,61.8,AVG
370772:9072,729:729,07/16/23 12:31:37,STABLE BEAMS,6800,496728.435176989,480262.371215349,61.8,AVG
370772:9072,730:730,07/16/23 12:32:00,STABLE BEAMS,6800,496482.033249126,479032.304935770,61.8,AVG
370772:9072,731:731,07/16/23 12:32:23,STABLE BEAMS,6800,496255.937340899,480181.317247276,61.8,AVG
370772:9072,732:732,07/16/23 12:32:47,STABLE BEAMS,6800,495067.542169200,477883.411530632,61.6,AVG
370772:9072,733:733,07/16/23 12:33:10,STABLE BEAMS,6800,494430.136888829,477675.711240575,61.5,AVG
370772:9072,734:734,07/16/23 12:33:33,STABLE BEAMS,6800,493356.384128531,477500.162738451,61.4,AVG
370772:9072,735:735,07/16/23 12:33:57,STABLE BEAMS,6800,492008.230863644,475631.284448579,61.2,AVG
370772:9072,736:736,07/16/23 12:34:20,STABLE BEAMS,6800,503697.493285035,486473.421302351,62.7,AVG
370772:9072,737:737,07/16/23 12:34:43,STABLE BEAMS,6800,503121.735690958,476165.349731949,62.6,AVG
370772:9072,738:738,07/16/23 12:35:07,STABLE BEAMS,6800,501446.089291104,483501.608966716,62.4,AVG
370772:9072,739:739,07/16/23 12:35:30,STABLE BEAMS,6800,499909.263242689,482688.101394696,62.2,AVG
370772:9072,740:740,07/16/23 12:35:53,STABLE BEAMS,6800,498780.329206207,481122.260895874,62.1,AVG
370772:9072,741:741,07/16/23 12:36:17,STABLE BEAMS,6800,497204.984426478,248235.068668258,61.9,AVG
370772:9072,742:742,07/16/23 12:36:40,STABLE BEAMS,6800,495529.249445664,478993.082403449,61.7,AVG
370772:9072,743:743,07/16/23 12:37:03,STABLE BEAMS,6800,493862.710567187,477588.637716225,61.5,AVG
370772:9072,744:744,07/16/23 12:37:26,STABLE BEAMS,6800,493470.070797990,476813.063615002,61.4,AVG
370772:9072,745:745,07/16/23 12:37:50,STABLE BEAMS,6800,493314.133341491,477850.814728301,61.4,AVG
370772:9072,746:746,07/16/23 12:38:13,STABLE BEAMS,6800,496489.180333985,479748.407814560,61.8,AVG
370772:9072,747:747,07/16/23 12:38:36,STABLE BEAMS,6800,496147.348738819,479117.081814633,61.8,AVG
370772:9072,748:748,07/16/23 12:39:00,STABLE BEAMS,6800,495927.218058953,480068.416863425,61.7,AVG
370772:9072,749:749,07/16/23 12:39:23,STABLE BEAMS,6800,495415.383283206,479322.179579305,61.7,AVG
370772:9072,750:750,07/16/23 12:39:46,STABLE BEAMS,6800,495072.915303772,478760.766728741,61.6,AVG
370772:9072,751:751,07/16/23 12:40:10,STABLE BEAMS,6800,494393.895620630,478257.547930832,61.5,AVG
370772:9072,752:752,07/16/23 12:40:33,STABLE BEAMS,6800,494292.822413718,477772.027836386,61.5,AVG
370772:9072,753:753,07/16/23 12:40:56,STABLE BEAMS,6800,494501.754595325,479002.122802350,61.5,AVG
370772:9072,754:754,07/16/23 12:41:19,STABLE BEAMS,6800,495003.938708544,477973.322405730,61.6,AVG
370772:9072,755:755,07/16/23 12:41:43,STABLE BEAMS,6800,494607.154282830,478847.224779810,61.6,AVG
370772:9072,756:756,07/16/23 12:42:06,STABLE BEAMS,6800,495090.489300103,478098.391381062,61.6,AVG
370772:9072,757:757,07/16/23 12:42:30,STABLE BEAMS,6800,495336.070688543,479747.273966355,61.6,AVG
370772:9072,758:758,07/16/23 12:42:53,STABLE BEAMS,6800,494869.353925660,478025.604841146,61.6,AVG
370772:9072,759:759,07/16/23 12:43:16,STABLE BEAMS,6800,493600.783660473,477510.041472403,61.4,AVG
370772:9072,760:760,07/16/23 12:43:39,STABLE BEAMS,6800,493172.403804826,478067.261541242,61.4,AVG
370772:9072,761:761,07/16/23 12:44:03,STABLE BEAMS,6800,495297.871314903,478923.050928695,61.6,AVG
370772:9072,762:762,07/16/23 12:44:26,STABLE BEAMS,6800,493639.801242458,476154.310539732,61.4,AVG
370772:9072,763:763,07/16/23 12:44:49,STABLE BEAMS,6800,485198.795646267,470330.691116110,60.4,AVG
370772:9072,764:764,07/16/23 12:45:13,STABLE BEAMS,6800,485584.836133913,470897.474108425,60.4,AVG
370772:9072,765:765,07/16/23 12:45:36,STABLE BEAMS,6800,488675.654288441,472707.530180265,60.8,AVG
370772:9072,766:766,07/16/23 12:45:59,STABLE BEAMS,6800,486309.062410880,472077.025005808,60.5,AVG
370772:9072,767:767,07/16/23 12:46:23,STABLE BEAMS,6800,483623.861136249,468593.849415275,60.2,AVG
370772:9072,768:768,07/16/23 12:46:46,STABLE BEAMS,6800,481884.842052452,468211.011497415,60.0,AVG
370772:9072,769:769,07/16/23 12:47:09,STABLE BEAMS,6800,480282.815755015,466164.463551487,59.8,AVG
370772:9072,770:770,07/16/23 12:47:33,STABLE BEAMS,6800,479506.685697400,465177.845958710,59.7,AVG
370772:9072,771:771,07/16/23 12:47:56,STABLE BEAMS,6800,480629.519303003,465784.417281812,59.8,AVG
370772:9072,772:772,07/16/23 12:48:19,STABLE BEAMS,6800,475449.335041923,462354.213346352,59.2,AVG
370772:9072,773:773,07/16/23 12:48:42,STABLE BEAMS,6800,472281.118107692,458297.053383980,58.8,AVG
370772:9072,774:774,07/16/23 12:49:06,STABLE BEAMS,6800,471617.581444000,452210.400298993,58.7,AVG
370772:9072,775:775,07/16/23 12:49:29,STABLE BEAMS,6800,455029.183500304,442983.988950361,56.6,AVG
370772:9072,776:776,07/16/23 12:49:52,STABLE BEAMS,6800,449143.941415875,437804.158285897,55.9,AVG
370772:9072,777:777,07/16/23 12:50:16,STABLE BEAMS,6800,449368.125840219,437908.757582714,55.9,AVG
370772:9072,778:778,07/16/23 12:50:39,STABLE BEAMS,6800,448922.808372509,435417.833944226,55.9,AVG
370772:9072,779:779,07/16/23 12:51:02,STABLE BEAMS,6800,403663.655734338,394665.006859175,50.2,AVG
370772:9072,780:780,07/16/23 12:51:26,STABLE BEAMS,6800,484223.339779094,450240.708686129,60.3,AVG
370772:9072,781:781,07/16/23 12:51:49,STABLE BEAMS,6800,480925.410014803,453431.382700762,59.9,AVG
370772:9072,782:782,07/16/23 12:52:12,STABLE BEAMS,6800,471388.070506641,446779.997307889,58.7,AVG
370772:9072,783:783,07/16/23 12:52:36,STABLE BEAMS,6800,499155.532512670,470127.220537405,62.1,AVG
370772:9072,784:784,07/16/23 12:52:59,STABLE BEAMS,6800,499011.024331141,470042.087038953,62.1,AVG
370772:9072,785:785,07/16/23 12:53:22,STABLE BEAMS,6800,499208.072677586,467200.758082257,62.1,AVG
370772:9072,786:786,07/16/23 12:53:45,STABLE BEAMS,6800,498522.409422412,481708.719293407,62.0,AVG
370772:9072,787:787,07/16/23 12:54:09,STABLE BEAMS,6800,497572.175818179,479533.551960218,61.9,AVG
370772:9072,788:788,07/16/23 12:54:32,STABLE BEAMS,6800,496763.445636054,480189.214539870,61.8,AVG
370772:9072,789:789,07/16/23 12:54:55,STABLE BEAMS,6800,495057.935797150,478772.762173186,61.6,AVG
370772:9072,790:790,07/16/23 12:55:19,STABLE BEAMS,6800,485128.089391232,469596.506023062,60.4,AVG
370772:9072,791:791,07/16/23 12:55:42,STABLE BEAMS,6800,471982.448751029,458028.841949892,58.7,AVG
370772:9072,792:792,07/16/23 12:56:05,STABLE BEAMS,6800,472262.406545344,459463.245350085,58.8,AVG
370772:9072,793:793,07/16/23 12:56:29,STABLE BEAMS,6800,472069.136876185,458522.318831614,58.8,AVG
370772:9072,794:794,07/16/23 12:56:52,STABLE BEAMS,6800,472002.983216300,458710.560614155,58.7,AVG
370772:9072,795:795,07/16/23 12:57:15,STABLE BEAMS,6800,470856.519473967,456733.400087023,58.6,AVG
370772:9072,796:796,07/16/23 12:57:39,STABLE BEAMS,6800,470605.245593282,457682.858788479,58.6,AVG
370772:9072,797:797,07/16/23 12:58:02,STABLE BEAMS,6800,469273.663961227,455841.948154708,58.4,AVG
370772:9072,798:798,07/16/23 12:58:25,STABLE BEAMS,6800,465939.767995929,453121.338643473,58.0,AVG
370772:9072,799:799,07/16/23 12:58:49,STABLE BEAMS,6800,465557.370983049,362913.899657804,57.9,AVG
370772:9072,800:800,07/16/23 12:59:12,STABLE BEAMS,6800,472503.892229903,429207.897342061,58.8,AVG
370772:9072,801:801,07/16/23 12:59:35,STABLE BEAMS,6800,472887.517720839,458431.479989414,58.9,AVG
370772:9072,802:802,07/16/23 12:59:58,STABLE BEAMS,6800,473395.438616783,459796.485356045,58.9,AVG
370772:9072,803:803,07/16/23 13:00:22,STABLE BEAMS,6800,473946.792156266,459313.694143009,59.0,AVG
370772:9072,804:804,07/16/23 13:00:45,STABLE BEAMS,6800,491807.082151164,370901.383994353,61.2,AVG
370772:9072,805:805,07/16/23 13:01:08,STABLE BEAMS,6800,492353.064887152,470836.706672039,61.3,AVG
370772:9072,806:806,07/16/23 13:01:32,STABLE BEAMS,6800,498712.993689824,482060.227189280,62.1,AVG
370772:9072,807:807,07/16/23 13:01:55,STABLE BEAMS,6800,499359.410917377,482277.408031161,62.2,AVG
370772:9072,808:808,07/16/23 13:02:18,STABLE BEAMS,6800,499954.882437302,482395.634841198,62.2,AVG
370772:9072,809:809,07/16/23 13:02:42,STABLE BEAMS,6800,499283.650885443,483150.461739849,62.1,AVG
370772:9072,810:810,07/16/23 13:03:05,STABLE BEAMS,6800,498870.248205340,481375.285706193,62.1,AVG
370772:9072,811:811,07/16/23 13:03:28,STABLE BEAMS,6800,498930.438967943,482720.014230541,62.1,AVG
370772:9072,812:812,07/16/23 13:03:52,STABLE BEAMS,6800,498522.227598335,481516.439158063,62.0,AVG
370772:9072,813:813,07/16/23 13:04:15,STABLE BEAMS,6800,498186.769170164,481301.097536444,62.0,AVG
370772:9072,814:814,07/16/23 13:04:38,STABLE BEAMS,6800,497446.651935115,480659.529794237,61.9,AVG
370772:9072,815:815,07/16/23 13:05:02,STABLE BEAMS,6800,497506.341515967,481054.999473987,61.9,AVG
370772:9072,816:816,07/16/23 13:05:25,STABLE BEAMS,6800,497227.931557382,480045.613167666,61.9,AVG
370772:9072,817:817,07/16/23 13:05:48,STABLE BEAMS,6800,497387.829515243,481595.385575661,61.9,AVG
370772:9072,818:818,07/16/23 13:06:11,STABLE BEAMS,6800,496715.050127654,479796.820133400,61.8,AVG
370772:9072,819:819,07/16/23 13:06:35,STABLE BEAMS,6800,496266.725569447,480346.169963301,61.8,AVG
370772:9072,820:820,07/16/23 13:06:58,STABLE BEAMS,6800,495997.877692430,479621.427923435,61.7,AVG
370772:9072,821:821,07/16/23 13:07:21,STABLE BEAMS,6800,496124.357317436,479773.219691688,61.7,AVG
370772:9072,822:822,07/16/23 13:07:45,STABLE BEAMS,6800,496304.605585414,479185.136657687,61.8,AVG
370772:9072,823:823,07/16/23 13:08:08,STABLE BEAMS,6800,496172.072151087,474963.371728410,61.8,AVG
370772:9072,824:824,07/16/23 13:08:31,STABLE BEAMS,6800,495450.848302463,478553.623064713,61.7,AVG
370772:9072,825:825,07/16/23 13:08:55,STABLE BEAMS,6800,494919.208688828,478970.099010536,61.6,AVG
370772:9072,826:826,07/16/23 13:09:18,STABLE BEAMS,6800,494690.972851084,478572.669649265,61.6,AVG
370772:9072,827:827,07/16/23 13:09:41,STABLE BEAMS,6800,494846.500037873,478509.547623559,61.6,AVG
370772:9072,828:828,07/16/23 13:10:05,STABLE BEAMS,6800,495060.621198898,478530.519185154,61.6,AVG
370772:9072,829:829,07/16/23 13:10:28,STABLE BEAMS,6800,494992.465143092,478708.135953335,61.6,AVG
370772:9072,830:830,07/16/23 13:10:51,STABLE BEAMS,6800,495469.744019966,479136.301143765,61.7,AVG
370772:9072,831:831,07/16/23 13:11:15,STABLE BEAMS,6800,495837.616086415,473764.352339740,61.7,AVG
370772:9072,832:832,07/16/23 13:11:38,STABLE BEAMS,6800,495405.958735233,479061.402731666,61.7,AVG
370772:9072,833:833,07/16/23 13:12:01,STABLE BEAMS,6800,495044.823483931,478764.632638048,61.6,AVG
370772:9072,834:834,07/16/23 13:12:24,STABLE BEAMS,6800,494640.616906166,479089.456322309,61.6,AVG
370772:9072,835:835,07/16/23 13:12:48,STABLE BEAMS,6800,493847.686770085,477761.748149734,61.5,AVG
370772:9072,836:836,07/16/23 13:13:11,STABLE BEAMS,6800,493628.556122641,477603.944185593,61.4,AVG
370772:9072,837:837,07/16/23 13:13:34,STABLE BEAMS,6800,493742.377994619,477667.828393337,61.5,AVG
370772:9072,838:838,07/16/23 13:13:58,STABLE BEAMS,6800,493899.499638695,477155.458328552,61.5,AVG
370772:9072,839:839,07/16/23 13:14:21,STABLE BEAMS,6800,493943.799443214,478728.737007060,61.5,AVG
370772:9072,840:840,07/16/23 13:14:44,STABLE BEAMS,6800,493818.639208303,476911.276885998,61.5,AVG
370772:9072,841:841,07/16/23 13:15:08,STABLE BEAMS,6800,493259.136220462,477809.989028142,61.4,AVG
370772:9072,842:842,07/16/23 13:15:31,STABLE BEAMS,6800,492467.478852918,476103.885638672,61.3,AVG
370772:9072,843:843,07/16/23 13:15:54,STABLE BEAMS,6800,497864.106028618,481322.148269832,62.0,AVG
370772:9072,844:844,07/16/23 13:16:17,STABLE BEAMS,6800,496441.330297815,479216.483037535,61.8,AVG
370772:9072,845:845,07/16/23 13:16:41,STABLE BEAMS,6800,495548.236075206,479593.267737587,61.7,AVG
370772:9072,846:846,07/16/23 13:17:04,STABLE BEAMS,6800,495024.517464295,478623.222287592,61.6,AVG
370772:9072,847:847,07/16/23 13:17:27,STABLE BEAMS,6800,495132.010459759,478397.080476051,61.6,AVG
370772:9072,848:848,07/16/23 13:17:51,STABLE BEAMS,6800,494861.113565263,477552.400537702,61.6,AVG
370772:9072,849:849,07/16/23 13:18:14,STABLE BEAMS,6800,494552.609390915,170236.541119204,61.6,AVG
370772:9072,850:850,07/16/23 13:18:37,STABLE BEAMS,6800,494248.112339487,448254.137030095,61.5,AVG
370772:9072,851:851,07/16/23 13:19:01,STABLE BEAMS,6800,494227.624495775,470949.140618947,61.5,AVG
370772:9072,852:852,07/16/23 13:19:24,STABLE BEAMS,6800,494068.001605106,471685.110964777,61.5,AVG
370772:9072,853:853,07/16/23 13:19:47,STABLE BEAMS,6800,494273.381223985,478704.483891038,61.5,AVG
370772:9072,854:854,07/16/23 13:20:11,STABLE BEAMS,6800,494420.213490185,463872.078709521,61.5,AVG
370772:9072,855:855,07/16/23 13:20:34,STABLE BEAMS,6800,494032.079694580,478246.138522389,61.5,AVG
370772:9072,856:856,07/16/23 13:20:57,STABLE BEAMS,6800,493901.229298501,476912.150635929,61.5,AVG
370772:9072,857:857,07/16/23 13:21:21,STABLE BEAMS,6800,493630.968788273,471938.641084846,61.4,AVG
370772:9072,858:858,07/16/23 13:21:44,STABLE BEAMS,6800,493581.524294816,471219.284414678,61.4,AVG
370772:9072,859:859,07/16/23 13:22:07,STABLE BEAMS,6800,493940.065056409,470783.680377132,61.5,AVG
370772:9072,860:860,07/16/23 13:22:31,STABLE BEAMS,6800,493542.735158466,476860.156770950,61.4,AVG
370772:9072,861:861,07/16/23 13:22:54,STABLE BEAMS,6800,493293.419383221,476991.762191836,61.4,AVG
370772:9072,862:862,07/16/23 13:23:17,STABLE BEAMS,6800,492650.960325951,477360.077604054,61.3,AVG
370772:9072,863:863,07/16/23 13:23:40,STABLE BEAMS,6800,492285.955485326,476097.056617897,61.3,AVG
370772:9072,864:864,07/16/23 13:24:04,STABLE BEAMS,6800,496572.635254085,473821.770408687,61.8,AVG
370772:9072,865:865,07/16/23 13:24:27,STABLE BEAMS,6800,498213.494978353,481098.166752643,62.0,AVG
370772:9072,866:866,07/16/23 13:24:50,STABLE BEAMS,6800,497702.706856585,480758.820743602,61.9,AVG
370772:9072,867:867,07/16/23 13:25:14,STABLE BEAMS,6800,497773.322199581,473962.088785038,62.0,AVG
370772:9072,868:868,07/16/23 13:25:37,STABLE BEAMS,6800,497430.672396071,480631.866643469,61.9,AVG
370772:9072,869:869,07/16/23 13:26:00,STABLE BEAMS,6800,497408.953743224,471225.886405341,61.9,AVG
370772:9072,870:870,07/16/23 13:26:24,STABLE BEAMS,6800,496944.423531416,480439.402479029,61.8,AVG
370772:9072,871:871,07/16/23 13:26:47,STABLE BEAMS,6800,496662.053071469,480304.077117380,61.8,AVG
370772:9072,872:872,07/16/23 13:27:10,STABLE BEAMS,6800,496692.604178501,480628.125149493,61.8,AVG
370772:9072,873:873,07/16/23 13:27:34,STABLE BEAMS,6800,496190.874625474,478533.557651634,61.8,AVG
370772:9072,874:874,07/16/23 13:27:57,STABLE BEAMS,6800,496388.834423379,480266.558925149,61.8,AVG
370772:9072,875:875,07/16/23 13:28:20,STABLE BEAMS,6800,496255.571361668,478961.448553398,61.8,AVG
370772:9072,876:876,07/16/23 13:28:44,STABLE BEAMS,6800,496135.739970849,480096.333689964,61.7,AVG
370772:9072,877:877,07/16/23 13:29:07,STABLE BEAMS,6800,495923.712117783,479177.994790972,61.7,AVG
370772:9072,878:878,07/16/23 13:29:30,STABLE BEAMS,6800,495421.756450200,479343.293138021,61.7,AVG
370772:9072,879:879,07/16/23 13:29:53,STABLE BEAMS,6800,494464.329139550,478868.620795176,61.5,AVG
370772:9072,880:880,07/16/23 13:30:17,STABLE BEAMS,6800,493698.262345254,470006.570207302,61.4,AVG
370772:9072,881:881,07/16/23 13:30:40,STABLE BEAMS,6800,493036.499631848,419576.682168734,61.4,AVG
370772:9072,882:882,07/16/23 13:31:03,STABLE BEAMS,6800,493044.693370686,370792.144515511,61.4,AVG
370772:9072,883:883,07/16/23 13:31:27,STABLE BEAMS,6800,492837.584092001,476973.947014571,61.3,AVG
370772:9072,884:884,07/16/23 13:31:50,STABLE BEAMS,6800,492431.556942392,477262.190421506,61.3,AVG
370772:9072,885:885,07/16/23 13:32:13,STABLE BEAMS,6800,493442.524450379,476825.891503930,61.4,AVG
370772:9072,886:886,07/16/23 13:32:37,STABLE BEAMS,6800,496796.409408718,480774.748256640,61.8,AVG
370772:9072,887:887,07/16/23 13:33:00,STABLE BEAMS,6800,496643.842690870,479380.246401048,61.8,AVG
370772:9072,888:888,07/16/23 13:33:23,STABLE BEAMS,6800,496947.791938990,480109.712787018,61.9,AVG
370772:9072,889:889,07/16/23 13:33:46,STABLE BEAMS,6800,496331.331393602,479903.131510393,61.8,AVG
370772:9072,890:890,07/16/23 13:34:10,STABLE BEAMS,6800,496314.577936694,480453.325784227,61.8,AVG
370772:9072,891:891,07/16/23 13:34:33,STABLE BEAMS,6800,495769.187294494,478452.620576818,61.7,AVG
370772:9072,892:892,07/16/23 13:34:56,STABLE BEAMS,6800,495527.291340223,479109.107347303,61.7,AVG
370772:9072,893:893,07/16/23 13:35:20,STABLE BEAMS,6800,495354.054954585,479077.082564915,61.7,AVG
370772:9072,894:894,07/16/23 13:35:43,STABLE BEAMS,6800,494994.376626974,478769.370513309,61.6,AVG
370772:9072,895:895,07/16/23 13:36:06,STABLE BEAMS,6800,494844.451020394,478596.342584340,61.6,AVG
370772:9072,896:896,07/16/23 13:36:30,STABLE BEAMS,6800,495017.414669916,479536.744317770,61.6,AVG
370772:9072,897:897,07/16/23 13:36:53,STABLE BEAMS,6800,495219.153145107,478358.791862101,61.6,AVG
370772:9072,898:898,07/16/23 13:37:16,STABLE BEAMS,6800,494304.841451400,478679.531658492,61.5,AVG
370772:9072,899:899,07/16/23 13:37:40,STABLE BEAMS,6800,493738.555026854,477724.402528588,61.5,AVG
370772:9072,900:900,07/16/23 13:38:03,STABLE BEAMS,6800,492875.781134563,476839.422322378,61.3,AVG
370772:9072,901:901,07/16/23 13:38:26,STABLE BEAMS,6800,493109.345816400,476380.250944579,61.4,AVG
370772:9072,902:902,07/16/23 13:38:50,STABLE BEAMS,6800,497159.775501576,481249.339544499,61.9,AVG
370772:9072,903:903,07/16/23 13:39:13,STABLE BEAMS,6800,496233.990242417,479766.917444635,61.8,AVG
370772:9072,904:904,07/16/23 13:39:36,STABLE BEAMS,6800,496014.861926051,478892.255088756,61.7,AVG
370772:9072,905:905,07/16/23 13:39:59,STABLE BEAMS,6800,495495.329931058,180166.834934324,61.7,AVG
370772:9072,906:906,07/16/23 13:40:23,STABLE BEAMS,6800,495247.608613101,459767.959343268,61.6,AVG
370772:9072,907:907,07/16/23 13:40:46,STABLE BEAMS,6800,495095.906725156,477255.647062305,61.6,AVG
370772:9072,908:908,07/16/23 13:41:09,STABLE BEAMS,6800,494420.987408050,478167.427219098,61.5,AVG
370772:9072,909:909,07/16/23 13:41:33,STABLE BEAMS,6800,493962.009823813,476584.485840634,61.5,AVG
370772:9072,910:910,07/16/23 13:41:56,STABLE BEAMS,6800,493666.210024051,477541.673936892,61.4,AVG
370772:9072,911:911,07/16/23 13:42:19,STABLE BEAMS,6800,493351.558797266,477248.821743648,61.4,AVG
370772:9072,912:912,07/16/23 13:42:43,STABLE BEAMS,6800,493089.767093070,477569.379055950,61.4,AVG
370772:9072,913:913,07/16/23 13:43:06,STABLE BEAMS,6800,493916.253095603,476970.193452194,61.5,AVG
370772:9072,914:914,07/16/23 13:43:29,STABLE BEAMS,6800,493330.115211612,477970.792819167,61.4,AVG
370772:9072,915:915,07/16/23 13:43:53,STABLE BEAMS,6800,492818.644084017,476201.571553756,61.3,AVG
370772:9072,916:916,07/16/23 13:44:16,STABLE BEAMS,6800,492360.440417645,476626.510460338,61.3,AVG
370772:9072,917:917,07/16/23 13:44:39,STABLE BEAMS,6800,495938.190442655,479448.934567771,61.7,AVG
370772:9072,918:918,07/16/23 13:45:02,STABLE BEAMS,6800,496268.548472369,480386.887447605,61.8,AVG
370772:9072,919:919,07/16/23 13:45:26,STABLE BEAMS,6800,496884.416923969,479922.484908378,61.8,AVG
370772:9072,920:920,07/16/23 13:45:49,STABLE BEAMS,6800,497178.624597521,479762.496306956,61.9,AVG
370772:9072,921:921,07/16/23 13:46:13,STABLE BEAMS,6800,497321.538321762,479829.824598158,61.9,AVG
370772:9072,922:922,07/16/23 13:46:36,STABLE BEAMS,6800,497131.865505811,480984.036552553,61.9,AVG
370772:9072,923:923,07/16/23 13:46:59,STABLE BEAMS,6800,497171.202445469,480786.765180883,61.9,AVG
370772:9072,924:924,07/16/23 13:47:22,STABLE BEAMS,6800,496975.338286601,480780.845792580,61.9,AVG
370772:9072,925:925,07/16/23 13:47:46,STABLE BEAMS,6800,496835.699726818,430379.553727870,61.8,AVG
370772:9072,926:926,07/16/23 13:48:09,STABLE BEAMS,6800,496668.792217694,479573.538213928,61.8,AVG
370772:9072,927:927,07/16/23 13:48:32,STABLE BEAMS,6800,496375.813022198,472628.710061523,61.8,AVG
370772:9072,928:928,07/16/23 13:48:56,STABLE BEAMS,6800,496426.623527308,475062.992296677,61.8,AVG
370772:9072,929:929,07/16/23 13:49:19,STABLE BEAMS,6800,495972.426983856,465666.099334855,61.7,AVG
370772:9072,930:930,07/16/23 13:49:42,STABLE BEAMS,6800,496092.395908271,472850.332470883,61.7,AVG
370772:9072,931:931,07/16/23 13:50:06,STABLE BEAMS,6800,495685.641462355,473470.209679031,61.7,AVG
370772:9072,932:932,07/16/23 13:50:29,STABLE BEAMS,6800,495403.089178331,479943.981137561,61.7,AVG
370772:9072,933:933,07/16/23 13:50:52,STABLE BEAMS,6800,494936.328124968,469068.621249965,61.6,AVG
370772:9072,934:934,07/16/23 13:51:16,STABLE BEAMS,6800,494880.645667035,472405.258106447,61.6,AVG
370772:9072,935:935,07/16/23 13:51:39,STABLE BEAMS,6800,494773.516319724,477768.938738027,61.6,AVG
370772:9072,936:936,07/16/23 13:52:02,STABLE BEAMS,6800,494480.311009671,478082.269440323,61.5,AVG
370772:9072,937:937,07/16/23 13:52:25,STABLE BEAMS,6800,494395.399165879,478975.388751721,61.5,AVG
370772:9072,938:938,07/16/23 13:52:49,STABLE BEAMS,6800,494099.189096406,478132.301563454,61.5,AVG
370772:9072,939:939,07/16/23 13:53:12,STABLE BEAMS,6800,493630.877876235,477848.727313559,61.4,AVG
370772:9072,940:940,07/16/23 13:53:35,STABLE BEAMS,6800,493524.613358827,477844.752552800,61.4,AVG
370772:9072,941:941,07/16/23 13:53:59,STABLE BEAMS,6800,493173.403837248,476587.305040483,61.4,AVG
370772:9072,942:942,07/16/23 13:54:22,STABLE BEAMS,6800,492753.765523747,470308.807654858,61.3,AVG
370772:9072,943:943,07/16/23 13:54:45,STABLE BEAMS,6800,492526.711542501,476063.087203602,61.3,AVG
370772:9072,944:944,07/16/23 13:55:09,STABLE BEAMS,6800,481608.434489787,466363.870082758,59.9,AVG
370772:9072,945:945,07/16/23 13:55:32,STABLE BEAMS,6800,472234.543171137,459535.923918646,58.8,AVG
370772:9072,946:946,07/16/23 13:55:55,STABLE BEAMS,6800,491735.739511861,475947.721497379,61.2,AVG
370772:9072,947:947,07/16/23 13:56:19,STABLE BEAMS,6800,491543.469875124,476114.808378176,61.2,AVG
370772:9072,948:948,07/16/23 13:56:42,STABLE BEAMS,6800,491259.553910525,475425.191079230,61.1,AVG
370772:9072,949:949,07/16/23 13:57:05,STABLE BEAMS,6800,491190.530693738,473891.711017306,61.1,AVG
370772:9072,950:950,07/16/23 13:57:28,STABLE BEAMS,6800,490908.752327579,476091.126514621,61.1,AVG
370772:9072,951:951,07/16/23 13:57:52,STABLE BEAMS,6800,490679.698281490,469511.014906211,61.1,AVG
370772:9072,952:952,07/16/23 13:58:15,STABLE BEAMS,6800,490534.005912386,474884.050634094,61.1,AVG
370772:9072,953:953,07/16/23 13:58:38,STABLE BEAMS,6800,489992.484859509,466871.546934268,61.0,AVG
370772:9072,954:954,07/16/23 13:59:02,STABLE BEAMS,6800,489444.317903524,474195.046838292,60.9,AVG
370772:9072,955:955,07/16/23 13:59:25,STABLE BEAMS,6800,489094.108414366,474458.149456531,60.9,AVG
370772:9072,956:956,07/16/23 13:59:48,STABLE BEAMS,6800,489740.255236882,474403.021659785,61.0,AVG
370772:9072,957:957,07/16/23 14:00:12,STABLE BEAMS,6800,489548.032221703,242163.837058979,60.9,AVG
370772:9072,958:958,07/16/23 14:00:35,STABLE BEAMS,6800,490320.064244359,474935.631870689,61.0,AVG
370772:9072,959:959,07/16/23 14:00:58,STABLE BEAMS,6800,490020.940327504,474197.273110251,61.0,AVG
370772:9072,960:960,07/16/23 14:01:22,STABLE BEAMS,6800,490097.793634976,474188.806444213,61.0,AVG
370772:9072,961:961,07/16/23 14:01:45,STABLE BEAMS,6800,489310.462748025,474572.464295993,60.9,AVG
370772:9072,962:962,07/16/23 14:02:08,STABLE BEAMS,6800,488692.498657388,472942.026364056,60.8,AVG
370772:9072,963:963,07/16/23 14:02:31,STABLE BEAMS,6800,488155.031348989,473704.198507292,60.8,AVG
370772:9072,964:964,07/16/23 14:02:55,STABLE BEAMS,6800,487974.372811300,472695.691810860,60.7,AVG
370772:9072,965:965,07/16/23 14:03:18,STABLE BEAMS,6800,486544.993136790,470007.992467442,60.6,AVG
370772:9072,966:966,07/16/23 14:03:42,STABLE BEAMS,6800,486398.025668072,471391.617066151,60.5,AVG
370772:9072,967:967,07/16/23 14:04:05,STABLE BEAMS,6800,486969.368200595,471968.715329092,60.6,AVG
370772:9072,968:968,07/16/23 14:04:28,STABLE BEAMS,6800,487123.620287769,471173.849764877,60.6,AVG
370772:9072,969:969,07/16/23 14:04:51,STABLE BEAMS,6800,487108.731693186,472373.399563565,60.6,AVG
370772:9072,970:970,07/16/23 14:05:15,STABLE BEAMS,6800,486635.003047962,470822.088950361,60.6,AVG
370772:9072,971:971,07/16/23 14:05:38,STABLE BEAMS,6800,485943.922367736,471775.876508187,60.5,AVG
370772:9072,972:972,07/16/23 14:06:01,STABLE BEAMS,6800,485280.565197042,469005.634741508,60.4,AVG
370772:9072,973:973,07/16/23 14:06:25,STABLE BEAMS,6800,485425.073378570,470511.770295452,60.4,AVG
370772:9072,974:974,07/16/23 14:06:48,STABLE BEAMS,6800,485768.590343061,470390.581920690,60.5,AVG
370772:9072,975:975,07/16/23 14:07:11,STABLE BEAMS,6800,483073.964520458,468369.128743311,60.1,AVG
370772:9072,976:976,07/16/23 14:07:35,STABLE BEAMS,6800,483146.171989664,468749.740029827,60.1,AVG
370772:9072,977:977,07/16/23 14:07:58,STABLE BEAMS,6800,483119.220066919,467865.154582109,60.1,AVG
370772:9072,978:978,07/16/23 14:08:21,STABLE BEAMS,6800,481418.579849760,467717.956895396,59.9,AVG
370772:9072,979:979,07/16/23 14:08:44,STABLE BEAMS,6800,480219.941921743,465868.680944702,59.8,AVG
370772:9072,980:980,07/16/23 14:09:08,STABLE BEAMS,6800,480240.702501571,465523.239641555,59.8,AVG
370772:9072,981:981,07/16/23 14:09:31,STABLE BEAMS,6800,480540.782160368,466233.578502265,59.8,AVG
370772:9072,982:982,07/16/23 14:09:54,STABLE BEAMS,6800,480641.265604569,466902.275614833,59.8,AVG
370772:9072,983:983,07/16/23 14:10:18,STABLE BEAMS,6800,480332.852342260,465537.269295652,59.8,AVG
370772:9072,984:984,07/16/23 14:10:41,STABLE BEAMS,6800,480787.139797751,466981.955226484,59.8,AVG
370772:9072,985:985,07/16/23 14:11:04,STABLE BEAMS,6800,480958.693145140,466525.000985114,59.9,AVG
370772:9072,986:986,07/16/23 14:11:28,STABLE BEAMS,6800,481229.499127598,466888.662990115,59.9,AVG
370772:9072,987:987,07/16/23 14:11:51,STABLE BEAMS,6800,481227.631934195,466863.834803433,59.9,AVG
370772:9072,988:988,07/16/23 14:12:14,STABLE BEAMS,6800,481524.298894938,466523.738803303,59.9,AVG
370772:9072,989:989,07/16/23 14:12:38,STABLE BEAMS,6800,481339.313876656,247098.482093843,59.9,AVG
370772:9072,990:990,07/16/23 14:13:01,STABLE BEAMS,6800,481051.798727771,413579.991531001,59.9,AVG
370772:9072,991:991,07/16/23 14:13:24,STABLE BEAMS,6800,480897.593262155,466525.926753245,59.9,AVG
370772:9072,992:992,07/16/23 14:13:48,STABLE BEAMS,6800,480813.683781862,466466.460500807,59.8,AVG
370772:9072,993:993,07/16/23 14:14:11,STABLE BEAMS,6800,479723.585503289,465452.538542112,59.7,AVG
370772:9072,994:994,07/16/23 14:14:34,STABLE BEAMS,6800,477776.771803903,463733.824200655,59.5,AVG
370772:9072,995:995,07/16/23 14:14:57,STABLE BEAMS,6800,477719.860867914,463888.739846245,59.5,AVG
370772:9072,996:996,07/16/23 14:15:21,STABLE BEAMS,6800,476074.630372573,462381.768473667,59.3,AVG
370772:9072,997:997,07/16/23 14:15:44,STABLE BEAMS,6800,476217.907744967,462815.408292941,59.3,AVG
370772:9072,998:998,07/16/23 14:16:07,STABLE BEAMS,6800,476687.584976791,462304.186825294,59.3,AVG
370772:9072,999:999,07/16/23 14:16:31,STABLE BEAMS,6800,476879.989816047,463686.026338313,59.4,AVG
370772:9072,1000:1000,07/16/23 14:16:54,STABLE BEAMS,6800,476532.104411560,462244.765604892,59.3,AVG
370772:9072,1001:1001,07/16/23 14:17:17,STABLE BEAMS,6800,476257.519751818,462790.178979529,59.3,AVG
370772:9072,1002:1002,07/16/23 14:17:41,STABLE BEAMS,6800,476153.712190523,462061.041671652,59.3,AVG
370772:9072,1003:1003,07/16/23 14:18:04,STABLE BEAMS,6800,476390.053186145,462430.092283001,59.3,AVG
370772:9072,1004:1004,07/16/23 14:18:27,STABLE BEAMS,6800,476374.847564966,462061.734531739,59.3,AVG
370772:9072,1005:1005,07/16/23 14:18:51,STABLE BEAMS,6800,475966.908931474,456541.954584961,59.2,AVG
370772:9072,1006:1006,07/16/23 14:19:14,STABLE BEAMS,6800,475637.826001375,452658.148217340,59.2,AVG
370772:9072,1007:1007,07/16/23 14:19:37,STABLE BEAMS,6800,475698.151966496,457151.062769089,59.2,AVG
370772:9072,1008:1008,07/16/23 14:20:01,STABLE BEAMS,6800,475064.889011564,454393.455959945,59.1,AVG
370772:9072,1009:1009,07/16/23 14:20:24,STABLE BEAMS,6800,474902.944367301,455248.455058609,59.1,AVG
370772:9072,1010:1010,07/16/23 14:20:47,STABLE BEAMS,6800,475967.454403704,329447.609932906,59.2,AVG
370772:9072,1011:1011,07/16/23 14:21:10,STABLE BEAMS,6800,474342.483306441,311000.806833663,59.0,AVG
370772:9072,1012:1012,07/16/23 14:21:34,STABLE BEAMS,6800,473977.250020181,460638.241650062,59.0,AVG
370772:9072,1013:1013,07/16/23 14:21:57,STABLE BEAMS,6800,473520.869256732,458423.548074982,58.9,AVG
370772:9072,1014:1014,07/16/23 14:22:20,STABLE BEAMS,6800,472929.950331956,455708.454857186,58.9,AVG
370772:9072,1015:1015,07/16/23 14:22:44,STABLE BEAMS,6800,473114.114810816,459518.364410633,58.9,AVG
370772:9072,1016:1016,07/16/23 14:23:07,STABLE BEAMS,6800,473158.050967182,459731.690811717,58.9,AVG
370772:9072,1017:1017,07/16/23 14:23:30,STABLE BEAMS,6800,473063.623663379,458861.225193380,58.9,AVG
370772:9072,1018:1018,07/16/23 14:23:54,STABLE BEAMS,6800,472991.413863095,459740.017213663,58.9,AVG
370772:9072,1019:1019,07/16/23 14:24:17,STABLE BEAMS,6800,472673.030580583,460064.653182411,58.8,AVG
370772:9072,1020:1020,07/16/23 14:24:40,STABLE BEAMS,6800,472462.823299361,453766.103585876,58.8,AVG
370772:9072,1021:1021,07/16/23 14:25:04,STABLE BEAMS,6800,472163.655092026,457991.825172654,58.8,AVG
370772:9072,1022:1022,07/16/23 14:25:27,STABLE BEAMS,6800,471831.110511237,458499.472941475,58.7,AVG
370772:9072,1023:1023,07/16/23 14:25:50,STABLE BEAMS,6800,471060.945681983,452590.683262713,58.6,AVG
370772:9072,1024:1024,07/16/23 14:26:13,STABLE BEAMS,6800,470999.936711036,457360.910827732,58.6,AVG
370772:9072,1025:1025,07/16/23 14:26:37,STABLE BEAMS,6800,470847.050635515,458265.353312769,58.6,AVG
370772:9072,1026:1026,07/16/23 14:27:00,STABLE BEAMS,6800,470252.215499858,456477.239663822,58.5,AVG
370772:9072,1027:1027,07/16/23 14:27:23,STABLE BEAMS,6800,469838.677617236,457363.132868428,58.5,AVG
370772:9072,1028:1028,07/16/23 14:27:47,STABLE BEAMS,6800,469988.966871971,456281.355330148,58.5,AVG
370772:9072,1029:1029,07/16/23 14:28:10,STABLE BEAMS,6800,470771.062157946,458202.040712222,58.6,AVG
370772:9072,1030:1030,07/16/23 14:28:33,STABLE BEAMS,6800,469055.444765243,455458.516190376,58.4,AVG
370772:9072,1031:1031,07/16/23 14:28:57,STABLE BEAMS,6800,468908.248850890,356290.036580757,58.4,AVG
370772:9072,1032:1032,07/16/23 14:29:20,STABLE BEAMS,6800,468563.731853977,455634.367492474,58.3,AVG
370772:9072,1033:1033,07/16/23 14:29:43,STABLE BEAMS,6800,467093.968585830,453941.481080917,58.1,AVG
370772:9072,1034:1034,07/16/23 14:30:07,STABLE BEAMS,6800,466104.673109132,454115.486664777,58.0,AVG
370772:9072,1035:1035,07/16/23 14:30:30,STABLE BEAMS,6800,465950.374400400,453007.998320603,58.0,AVG
370772:9072,1036:1036,07/16/23 14:30:53,STABLE BEAMS,6800,465607.953042524,453498.954474340,57.9,AVG
370772:9072,1037:1037,07/16/23 14:31:17,STABLE BEAMS,6800,464665.414326458,451749.293951329,57.8,AVG
370772:9072,1038:1038,07/16/23 14:31:40,STABLE BEAMS,6800,463352.907904905,451078.576687077,57.7,AVG
370772:9072,1039:1039,07/16/23 14:32:03,STABLE BEAMS,6800,463200.886659287,451489.368199574,57.6,AVG
370772:9072,1040:1040,07/16/23 14:32:27,STABLE BEAMS,6800,463704.665229792,451319.796890329,57.7,AVG
370772:9072,1041:1041,07/16/23 14:32:50,STABLE BEAMS,6800,463700.338749199,451345.104941742,57.7,AVG
370772:9072,1042:1042,07/16/23 14:33:13,STABLE BEAMS,6800,463033.023408222,450843.415786423,57.6,AVG
370772:9072,1043:1043,07/16/23 14:33:36,STABLE BEAMS,6800,463277.420609086,450188.490157670,57.7,AVG
370772:9072,1044:1044,07/16/23 14:34:00,STABLE BEAMS,6800,463089.160426346,451002.079465532,57.6,AVG
370772:9072,1045:1045,07/16/23 14:34:23,STABLE BEAMS,6800,462925.026899930,449936.077344825,57.6,AVG
370772:9072,1046:1046,07/16/23 14:34:46,STABLE BEAMS,6800,463303.827059601,451709.052098436,57.7,AVG
370772:9072,1047:1047,07/16/23 14:35:10,STABLE BEAMS,6800,463473.287099031,451039.175512234,57.7,AVG
370772:9072,1048:1048,07/16/23 14:35:33,STABLE BEAMS,6800,462229.939096784,449283.395275755,57.5,AVG
370772:9072,1049:1049,07/16/23 14:35:56,STABLE BEAMS,6800,461823.228941348,450050.153587232,57.5,AVG
370772:9072,1050:1050,07/16/23 14:36:20,STABLE BEAMS,6800,461451.303130421,448683.549058816,57.4,AVG
370772:9072,1051:1051,07/16/23 14:36:43,STABLE BEAMS,6800,461329.879613392,449201.896245384,57.4,AVG
370772:9072,1052:1052,07/16/23 14:37:06,STABLE BEAMS,6800,460679.681377476,449205.200311221,57.3,AVG
370772:9072,1053:1053,07/16/23 14:37:29,STABLE BEAMS,6800,460106.063712916,447833.272327363,57.3,AVG
370772:9072,1054:1054,07/16/23 14:37:53,STABLE BEAMS,6800,460247.247777351,448099.619809591,57.3,AVG
370772:9072,1055:1055,07/16/23 14:38:16,STABLE BEAMS,6800,460341.446635519,447659.013725385,57.3,AVG
370772:9072,1056:1056,07/16/23 14:38:39,STABLE BEAMS,6800,460345.316224843,448352.950527482,57.3,AVG
370772:9072,1057:1057,07/16/23 14:39:03,STABLE BEAMS,6800,459887.205801587,448405.788750413,57.2,AVG
370772:9072,1058:1058,07/16/23 14:39:26,STABLE BEAMS,6800,459663.385025396,446909.999126380,57.2,AVG
370772:9072,1059:1059,07/16/23 14:39:49,STABLE BEAMS,6800,459587.261345309,448223.860419641,57.2,AVG
370772:9072,1060:1060,07/16/23 14:40:13,STABLE BEAMS,6800,459072.512722179,446936.343006015,57.1,AVG
370772:9072,1061:1061,07/16/23 14:40:36,STABLE BEAMS,6800,458759.136595008,446672.056581092,57.1,AVG
370772:9072,1062:1062,07/16/23 14:40:59,STABLE BEAMS,6800,458315.185138952,446298.218457333,57.0,AVG
370772:9072,1063:1063,07/16/23 14:41:23,STABLE BEAMS,6800,458356.342650454,444394.669296336,57.0,AVG
370772:9072,1064:1064,07/16/23 14:41:46,STABLE BEAMS,6800,458502.354377231,438939.343226900,57.1,AVG
370772:9072,1065:1065,07/16/23 14:42:09,STABLE BEAMS,6800,457865.860548322,444683.515709630,57.0,AVG
370772:9072,1066:1066,07/16/23 14:42:33,STABLE BEAMS,6800,457440.984302768,442862.762717020,56.9,AVG
370772:9072,1067:1067,07/16/23 14:42:56,STABLE BEAMS,6800,457015.017112753,443836.208284150,56.9,AVG
370772:9072,1068:1068,07/16/23 14:43:19,STABLE BEAMS,6800,456843.053495652,442441.373639030,56.9,AVG
370772:9072,1069:1069,07/16/23 14:43:43,STABLE BEAMS,6800,456440.397084694,442003.900604314,56.8,AVG
370772:9072,1070:1070,07/16/23 14:44:06,STABLE BEAMS,6800,455874.064038590,431991.941906184,56.7,AVG
370772:9072,1071:1071,07/16/23 14:44:29,STABLE BEAMS,6800,456092.511680208,441240.903352366,56.8,AVG
370772:9072,1072:1072,07/16/23 14:44:52,STABLE BEAMS,6800,455858.902707892,441111.033393772,56.7,AVG
370772:9072,1073:1073,07/16/23 14:45:16,STABLE BEAMS,6800,455000.273472118,439866.171583958,56.6,AVG
370772:9072,1074:1074,07/16/23 14:45:39,STABLE BEAMS,6800,454790.567372646,440548.286205323,56.6,AVG
370772:9072,1075:1075,07/16/23 14:46:02,STABLE BEAMS,6800,455100.300025050,440496.039466985,56.6,AVG
370772:9072,1076:1076,07/16/23 14:46:26,STABLE BEAMS,6800,454878.847624011,440328.714071781,56.6,AVG
370772:9072,1077:1077,07/16/23 14:46:49,STABLE BEAMS,6800,454566.382948302,439972.235119297,56.6,AVG
370772:9072,1078:1078,07/16/23 14:47:12,STABLE BEAMS,6800,454387.363158380,439159.375265831,56.6,AVG
370772:9072,1079:1079,07/16/23 14:47:36,STABLE BEAMS,6800,454183.577996789,440388.015741213,56.5,AVG
370772:9072,1080:1080,07/16/23 14:47:59,STABLE BEAMS,6800,453809.738370901,438970.108191862,56.5,AVG
370772:9072,1081:1081,07/16/23 14:48:22,STABLE BEAMS,6800,453424.884401909,439598.692898052,56.4,AVG
370772:9072,1082:1082,07/16/23 14:48:46,STABLE BEAMS,6800,453340.382827828,438043.937417030,56.4,AVG
370772:9072,1083:1083,07/16/23 14:49:09,STABLE BEAMS,6800,452877.855011941,439175.538203382,56.4,AVG
370772:9072,1084:1084,07/16/23 14:49:32,STABLE BEAMS,6800,452080.097213518,430944.045072313,56.3,AVG
370772:9072,1085:1085,07/16/23 14:49:56,STABLE BEAMS,6800,451746.825336422,426948.527274438,56.2,AVG
370772:9072,1086:1086,07/16/23 14:50:19,STABLE BEAMS,6800,450984.900867565,431764.102712019,56.1,AVG
370772:9072,1087:1087,07/16/23 14:50:42,STABLE BEAMS,6800,450684.821208768,431656.761900247,56.1,AVG
370772:9072,1088:1088,07/16/23 14:51:05,STABLE BEAMS,6800,449011.634096105,434798.972663769,55.9,AVG
370772:9072,1089:1089,07/16/23 14:51:29,STABLE BEAMS,6800,448795.282093524,434025.293689012,55.9,AVG
370772:9072,1090:1090,07/16/23 14:51:52,STABLE BEAMS,6800,448502.121073951,435124.641356896,55.8,AVG
370772:9072,1091:1091,07/16/23 14:52:15,STABLE BEAMS,6800,447565.137316534,433216.592021113,55.7,AVG
370772:9072,1092:1092,07/16/23 14:52:39,STABLE BEAMS,6800,445897.596074558,432898.459478751,55.5,AVG
370772:9072,1093:1093,07/16/23 14:53:02,STABLE BEAMS,6800,446246.621376140,432176.609898807,55.5,AVG
370772:9072,1094:1094,07/16/23 14:53:25,STABLE BEAMS,6800,447195.943528912,433859.174945688,55.7,AVG
370772:9072,1095:1095,07/16/23 14:53:49,STABLE BEAMS,6800,447264.055294238,432816.436960144,55.7,AVG
370772:9072,1096:1096,07/16/23 14:54:12,STABLE BEAMS,6800,446865.813944834,428815.640340573,55.6,AVG
370772:9072,1097:1097,07/16/23 14:54:35,STABLE BEAMS,6800,446472.899108443,431995.030167753,55.6,AVG
370772:9072,1098:1098,07/16/23 14:54:59,STABLE BEAMS,6800,446057.130384266,432491.372720868,55.5,AVG
370772:9072,1099:1099,07/16/23 14:55:22,STABLE BEAMS,6800,446939.797695404,433290.437463180,55.6,AVG
370772:9072,1100:1100,07/16/23 14:55:45,STABLE BEAMS,6800,446841.409890239,433345.257485269,55.6,AVG
370772:9072,1101:1101,07/16/23 14:56:08,STABLE BEAMS,6800,447222.303357870,431931.200093182,55.7,AVG
370772:9072,1102:1102,07/16/23 14:56:32,STABLE BEAMS,6800,447059.719998261,431633.343807968,55.6,AVG
370772:9072,1103:1103,07/16/23 14:56:55,STABLE BEAMS,6800,447471.393018558,432144.589932963,55.7,AVG
370772:9072,1104:1104,07/16/23 14:57:18,STABLE BEAMS,6800,447129.106863201,431785.626176736,55.6,AVG
370772:9072,1105:1105,07/16/23 14:57:42,STABLE BEAMS,6800,446922.769171303,295478.570559111,55.6,AVG
370772:9072,1106:1106,07/16/23 14:58:05,STABLE BEAMS,6800,446591.865669359,272898.721649666,55.6,AVG
370772:9072,1107:1107,07/16/23 14:58:28,STABLE BEAMS,6800,446607.665715404,430673.185154474,55.6,AVG
370772:9072,1108:1108,07/16/23 14:58:52,STABLE BEAMS,6800,446003.998125562,431390.568658806,55.5,AVG
370772:9072,1109:1109,07/16/23 14:59:15,STABLE BEAMS,6800,445960.108590755,424090.342420548,55.5,AVG
370772:9072,1110:1110,07/16/23 14:59:38,STABLE BEAMS,6800,445558.543124257,422887.566722006,55.5,AVG
370772:9072,1111:1111,07/16/23 15:00:02,STABLE BEAMS,6800,445308.907991339,425432.494429646,55.4,AVG
370772:9072,1112:1112,07/16/23 15:00:25,STABLE BEAMS,6800,444101.801257290,428895.889612164,55.3,AVG
370772:9072,1113:1113,07/16/23 15:00:48,STABLE BEAMS,6800,444225.229501318,429493.739108874,55.3,AVG
370772:9072,1114:1114,07/16/23 15:01:12,STABLE BEAMS,6800,444794.795752477,430684.949856782,55.4,AVG
370772:9072,1115:1115,07/16/23 15:01:35,STABLE BEAMS,6800,444407.664320371,429364.622470084,55.3,AVG
370772:9072,1116:1116,07/16/23 15:01:58,STABLE BEAMS,6800,444094.106369124,430260.536008672,55.3,AVG
370772:9072,1117:1117,07/16/23 15:02:21,STABLE BEAMS,6800,444062.282493556,428705.340078987,55.3,AVG
370772:9072,1118:1118,07/16/23 15:02:45,STABLE BEAMS,6800,444203.240443433,430473.000947550,55.3,AVG
370772:9072,1119:1119,07/16/23 15:03:08,STABLE BEAMS,6800,443890.638234127,429108.919070575,55.2,AVG
370772:9072,1120:1120,07/16/23 15:03:31,STABLE BEAMS,6800,443618.466240017,429792.058894245,55.2,AVG
370772:9072,1121:1121,07/16/23 15:03:55,STABLE BEAMS,6800,443259.198182118,428186.680536072,55.2,AVG
370772:9072,1122:1122,07/16/23 15:04:18,STABLE BEAMS,6800,443011.066594449,429090.231367491,55.1,AVG
370772:9072,1123:1123,07/16/23 15:04:41,STABLE BEAMS,6800,442414.639332582,132428.895098701,55.1,AVG
370772:9072,1124:1124,07/16/23 15:05:05,STABLE BEAMS,6800,442122.023785240,427622.728839926,55.0,AVG
370772:9072,1125:1125,07/16/23 15:05:28,STABLE BEAMS,6800,441729.155570408,428205.167394783,55.0,AVG
370772:9072,1126:1126,07/16/23 15:05:51,STABLE BEAMS,6800,441540.165760284,426758.233402150,55.0,AVG
370772:9072,1127:1127,07/16/23 15:06:15,STABLE BEAMS,6800,440456.214534148,426827.377766848,54.8,AVG
370772:9072,1128:1128,07/16/23 15:06:38,STABLE BEAMS,6800,440448.155997828,425650.908286312,54.8,AVG
370772:9072,1129:1129,07/16/23 15:07:01,STABLE BEAMS,6800,440932.763783637,426634.573866760,54.9,AVG
370772:9072,1130:1130,07/16/23 15:07:24,STABLE BEAMS,6800,440748.783459932,426645.872561341,54.9,AVG
370772:9072,1131:1131,07/16/23 15:07:48,STABLE BEAMS,6800,440685.315201795,427121.836864333,54.8,AVG
370772:9072,1132:1132,07/16/23 15:08:11,STABLE BEAMS,6800,440357.188013637,425732.372138612,54.8,AVG
370772:9072,1133:1133,07/16/23 15:08:34,STABLE BEAMS,6800,440068.353474657,426407.631023361,54.8,AVG
370772:9072,1134:1134,07/16/23 15:08:58,STABLE BEAMS,6800,439930.355993720,332375.455355496,54.8,AVG
370772:9072,1135:1135,07/16/23 15:09:21,STABLE BEAMS,6800,439615.751388493,426228.186852311,54.7,AVG
370772:9072,1136:1136,07/16/23 15:09:44,STABLE BEAMS,6800,440054.238797938,425355.362026797,54.8,AVG
370772:9072,1137:1137,07/16/23 15:10:08,STABLE BEAMS,6800,439944.424048880,425743.794102546,54.8,AVG
370772:9072,1138:1138,07/16/23 15:10:31,STABLE BEAMS,6800,439796.547459778,426413.721915738,54.7,AVG
370772:9072,1139:1139,07/16/23 15:10:54,STABLE BEAMS,6800,439423.390839717,425381.344646009,54.7,AVG
370772:9072,1140:1140,07/16/23 15:11:18,STABLE BEAMS,6800,438626.362668678,424561.545086164,54.6,AVG
370772:9072,1141:1141,07/16/23 15:11:41,STABLE BEAMS,6800,438630.870973348,424571.265170219,54.6,AVG
370772:9072,1142:1142,07/16/23 15:12:04,STABLE BEAMS,6800,438606.285094677,424733.093909506,54.6,AVG
370772:9072,1143:1143,07/16/23 15:12:28,STABLE BEAMS,6800,438308.389655877,424904.405972569,54.6,AVG
370772:9072,1144:1144,07/16/23 15:12:51,STABLE BEAMS,6800,437779.297910394,423496.635369009,54.5,AVG
370772:9072,1145:1145,07/16/23 15:13:14,STABLE BEAMS,6800,437643.258534897,424617.513432118,54.5,AVG
370772:9072,1146:1146,07/16/23 15:13:37,STABLE BEAMS,6800,437875.363961965,424127.722324789,54.5,AVG
370772:9072,1147:1147,07/16/23 15:14:01,STABLE BEAMS,6800,437046.511915358,423254.081051277,54.4,AVG
370772:9072,1148:1148,07/16/23 15:14:24,STABLE BEAMS,6800,436882.061362346,422533.307293075,54.4,AVG
370772:9072,1149:1149,07/16/23 15:14:47,STABLE BEAMS,6800,436784.585008643,423539.332000922,54.4,AVG
370772:9072,1150:1150,07/16/23 15:15:11,STABLE BEAMS,6800,436959.917033318,422817.944577754,54.4,AVG
370772:9072,1151:1151,07/16/23 15:15:34,STABLE BEAMS,6800,436763.414159104,423616.647016854,54.4,AVG
370772:9072,1152:1152,07/16/23 15:15:57,STABLE BEAMS,6800,436534.404403495,422951.374140610,54.3,AVG
370772:9072,1153:1153,07/16/23 15:16:21,STABLE BEAMS,6800,436464.425444767,422165.515182407,54.3,AVG
370772:9072,1154:1154,07/16/23 15:16:44,STABLE BEAMS,6800,436449.401647665,423315.878813584,54.3,AVG
370772:9072,1155:1155,07/16/23 15:17:07,STABLE BEAMS,6800,435795.014464752,422112.319435528,54.2,AVG
370772:9072,1156:1156,07/16/23 15:17:31,STABLE BEAMS,6800,435859.620288907,422288.038136800,54.2,AVG
370772:9072,1157:1157,07/16/23 15:17:54,STABLE BEAMS,6800,435758.318636361,421831.442465098,54.2,AVG
370772:9072,1158:1158,07/16/23 15:18:17,STABLE BEAMS,6800,435461.015291350,421770.616960686,54.2,AVG
370772:9072,1159:1159,07/16/23 15:18:41,STABLE BEAMS,6800,434338.911313132,420625.063906438,54.1,AVG
370772:9072,1160:1160,07/16/23 15:19:04,STABLE BEAMS,6800,434437.299118296,421295.983578846,54.1,AVG
370772:9072,1161:1161,07/16/23 15:19:27,STABLE BEAMS,6800,434444.537115193,420623.891575131,54.1,AVG
370772:9072,1162:1162,07/16/23 15:19:50,STABLE BEAMS,6800,433852.252178765,413542.535206913,54.0,AVG
370772:9072,1163:1163,07/16/23 15:20:14,STABLE BEAMS,6800,433381.029442290,414045.569912241,53.9,AVG
370772:9072,1164:1164,07/16/23 15:20:37,STABLE BEAMS,6800,433615.456622952,419773.274892175,54.0,AVG
370772:9072,1165:1165,07/16/23 15:21:00,STABLE BEAMS,6800,433433.478695168,420905.214543648,53.9,AVG
370772:9072,1166:1166,07/16/23 15:21:24,STABLE BEAMS,6800,432348.888753686,419251.162876234,53.8,AVG
370772:9072,1167:1167,07/16/23 15:21:47,STABLE BEAMS,6800,431804.728920620,418964.909600368,53.7,AVG
370772:9072,1168:1168,07/16/23 15:22:10,STABLE BEAMS,6800,431480.699767420,418757.339497050,53.7,AVG
370772:9072,1169:1169,07/16/23 15:22:34,STABLE BEAMS,6800,431172.831977341,418450.492295847,53.7,AVG
370772:9072,1170:1170,07/16/23 15:22:57,STABLE BEAMS,6800,430747.958062864,411919.357892064,53.6,AVG
370772:9072,1171:1171,07/16/23 15:23:20,STABLE BEAMS,6800,430219.094763016,409956.631191501,53.5,AVG
370772:9072,1172:1172,07/16/23 15:23:44,STABLE BEAMS,6800,429844.618752860,417402.322362520,53.5,AVG
370772:9072,1173:1173,07/16/23 15:24:07,STABLE BEAMS,6800,429356.777761995,416593.245335623,53.4,AVG
370772:9072,1174:1174,07/16/23 15:24:30,STABLE BEAMS,6800,428671.932715166,416135.439446992,53.4,AVG
370772:9072,1175:1175,07/16/23 15:24:53,STABLE BEAMS,6800,428778.332435093,415635.695465561,53.4,AVG
370772:9072,1176:1176,07/16/23 15:25:17,STABLE BEAMS,6800,428683.588104695,416769.533488785,53.4,AVG
370772:9072,1177:1177,07/16/23 15:25:40,STABLE BEAMS,6800,427939.918306917,415645.817649068,53.3,AVG
370772:9072,1178:1178,07/16/23 15:26:03,STABLE BEAMS,6800,427656.776260183,414486.777366418,53.2,AVG
370772:9072,1179:1179,07/16/23 15:26:27,STABLE BEAMS,6800,428573.316464367,408061.268936054,53.3,AVG
370772:9072,1180:1180,07/16/23 15:26:50,STABLE BEAMS,6800,428105.233689831,416145.125919826,53.3,AVG
370772:9072,1181:1181,07/16/23 15:27:13,STABLE BEAMS,6800,427914.194862228,415053.026710756,53.3,AVG
370772:9072,1182:1182,07/16/23 15:27:37,STABLE BEAMS,6800,427801.785623461,416077.416603685,53.2,AVG
370772:9072,1183:1183,07/16/23 15:28:00,STABLE BEAMS,6800,427125.225227509,414145.977221806,53.2,AVG
370772:9072,1184:1184,07/16/23 15:28:23,STABLE BEAMS,6800,427332.882309502,415583.221212020,53.2,AVG
370772:9072,1185:1185,07/16/23 15:28:47,STABLE BEAMS,6800,427248.972829209,415013.049225760,53.2,AVG
370772:9072,1186:1186,07/16/23 15:29:10,STABLE BEAMS,6800,426650.678373940,414511.733417676,53.1,AVG
370772:9072,1187:1187,07/16/23 15:29:33,STABLE BEAMS,6800,425747.658421609,413389.344731055,53.0,AVG
370772:9072,1188:1188,07/16/23 15:29:57,STABLE BEAMS,6800,424693.393472601,412167.688000066,52.9,AVG
370772:9072,1189:1189,07/16/23 15:30:20,STABLE BEAMS,6800,424011.961123827,412130.221118247,52.8,AVG
370772:9072,1190:1190,07/16/23 15:30:43,STABLE BEAMS,6800,422893.591532414,411565.990770238,52.6,AVG
370772:9072,1191:1191,07/16/23 15:31:06,STABLE BEAMS,6800,422536.325870435,409997.909288474,52.6,AVG
370772:9072,1192:1192,07/16/23 15:31:30,STABLE BEAMS,6800,422370.509305771,410481.117914303,52.6,AVG
370772:9072,1193:1193,07/16/23 15:31:53,STABLE BEAMS,6800,421907.755375327,410617.215889441,52.5,AVG
370772:9072,1194:1194,07/16/23 15:32:16,STABLE BEAMS,6800,420877.572792164,409173.850283522,52.4,AVG
370772:9072,1195:1195,07/16/23 15:32:40,STABLE BEAMS,6800,420760.426803092,409158.691924333,52.4,AVG
370772:9072,1196:1196,07/16/23 15:33:03,STABLE BEAMS,6800,421385.857336261,409013.131060477,52.4,AVG
370772:9072,1197:1197,07/16/23 15:33:26,STABLE BEAMS,6800,421019.395571944,409721.288264284,52.4,AVG
370772:9072,1198:1198,07/16/23 15:33:50,STABLE BEAMS,6800,420735.840924421,409133.204810552,52.4,AVG
370772:9072,1199:1199,07/16/23 15:34:13,STABLE BEAMS,6800,420677.337862222,408850.167448680,52.4,AVG
370772:9072,1200:1200,07/16/23 15:34:36,STABLE BEAMS,6800,421008.833457954,409375.318234665,52.4,AVG
370772:9072,1201:1201,07/16/23 15:35:00,STABLE BEAMS,6800,421008.877748434,409368.763123855,52.4,AVG
370772:9072,1202:1202,07/16/23 15:35:23,STABLE BEAMS,6800,420892.825034900,409249.475562260,52.4,AVG
370772:9072,1203:1203,07/16/23 15:35:46,STABLE BEAMS,6800,420571.847262679,408800.714845667,52.3,AVG
370772:9072,1204:1204,07/16/23 15:36:09,STABLE BEAMS,6800,420420.644225406,408078.814556308,52.3,AVG
370772:9072,1205:1205,07/16/23 15:36:33,STABLE BEAMS,6800,420053.000604591,408208.006522697,52.3,AVG
370772:9072,1206:1206,07/16/23 15:36:56,STABLE BEAMS,6800,419834.096071704,407886.754860136,52.3,AVG
370772:9072,1207:1207,07/16/23 15:37:19,STABLE BEAMS,6800,419069.758937214,407971.049270406,52.2,AVG
370772:9072,1208:1208,07/16/23 15:37:43,STABLE BEAMS,6800,419179.620307830,407116.368549585,52.2,AVG
370772:9072,1209:1209,07/16/23 15:38:06,STABLE BEAMS,6800,419489.124514600,408445.657430235,52.2,AVG
370772:9072,1210:1210,07/16/23 15:38:29,STABLE BEAMS,6800,419250.825413537,407766.042249326,52.2,AVG
370772:9072,1211:1211,07/16/23 15:38:53,STABLE BEAMS,6800,419211.171447284,407786.034575122,52.2,AVG
370772:9072,1212:1212,07/16/23 15:39:16,STABLE BEAMS,6800,418980.795680022,407401.664092382,52.1,AVG
370772:9072,1213:1213,07/16/23 15:39:39,STABLE BEAMS,6800,419008.885168785,406728.229887288,52.1,AVG
370772:9072,1214:1214,07/16/23 15:40:03,STABLE BEAMS,6800,418753.879232373,407650.926861743,52.1,AVG
370772:9072,1215:1215,07/16/23 15:40:26,STABLE BEAMS,6800,418570.397759340,406478.610495891,52.1,AVG
370772:9072,1216:1216,07/16/23 15:40:49,STABLE BEAMS,6800,417763.534770617,406797.908399279,52.0,AVG
370772:9072,1217:1217,07/16/23 15:41:12,STABLE BEAMS,6800,417660.638660783,405559.010867899,52.0,AVG
370772:9072,1218:1218,07/16/23 15:41:36,STABLE BEAMS,6800,417847.262426833,406982.756296807,52.0,AVG
370772:9072,1219:1219,07/16/23 15:41:59,STABLE BEAMS,6800,417593.848616629,406191.286219664,52.0,AVG
370772:9072,1220:1220,07/16/23 15:42:22,STABLE BEAMS,6800,416870.258723931,405696.439503360,51.9,AVG
370772:9072,1221:1221,07/16/23 15:42:46,STABLE BEAMS,6800,416747.786221845,405360.429850562,51.9,AVG
370772:9072,1222:1222,07/16/23 15:43:09,STABLE BEAMS,6800,416597.221899918,405372.161647172,51.8,AVG
370772:9072,1223:1223,07/16/23 15:43:32,STABLE BEAMS,6800,413855.655161528,402275.766671197,51.5,AVG
370772:9072,1224:1224,07/16/23 15:43:56,STABLE BEAMS,6800,412566.277694955,402149.447569653,51.3,AVG
370772:9072,1225:1225,07/16/23 15:44:19,STABLE BEAMS,6800,413220.028493600,402316.589988675,51.4,AVG
370772:9072,1226:1226,07/16/23 15:44:42,STABLE BEAMS,6800,413964.197142050,402444.015732142,51.5,AVG
370772:9072,1227:1227,07/16/23 15:45:06,STABLE BEAMS,6800,413986.370355089,400764.875556656,51.5,AVG
370772:9072,1228:1228,07/16/23 15:45:29,STABLE BEAMS,6800,413681.463033949,399367.607893298,51.5,AVG
370772:9072,1229:1229,07/16/23 15:45:52,STABLE BEAMS,6800,413264.645324715,400097.411182808,51.4,AVG
370772:9072,1230:1230,07/16/23 15:46:16,STABLE BEAMS,6800,412847.191231212,391199.645860663,51.4,AVG
370772:9072,1231:1231,07/16/23 15:46:39,STABLE BEAMS,6800,413786.634275819,400306.304518000,51.5,AVG
370772:9072,1232:1232,07/16/23 15:47:02,STABLE BEAMS,6800,413619.360787464,400587.202741619,51.5,AVG
370772:9072,1233:1233,07/16/23 15:47:25,STABLE BEAMS,6800,414018.604500368,400071.675778577,51.5,AVG
370772:9072,1234:1234,07/16/23 15:47:49,STABLE BEAMS,6800,414147.904729640,395401.911609314,51.5,AVG
370772:9072,1235:1235,07/16/23 15:48:12,STABLE BEAMS,6800,414262.957410752,400627.322444044,51.6,AVG
370772:9072,1236:1236,07/16/23 15:48:35,STABLE BEAMS,6800,414272.792228436,399801.034416471,51.6,AVG
370772:9072,1237:1237,07/16/23 15:48:59,STABLE BEAMS,6800,414348.051078621,401068.036061768,51.6,AVG
370772:9072,1238:1238,07/16/23 15:49:22,STABLE BEAMS,6800,414367.900206987,399978.612424697,51.6,AVG
370772:9072,1239:1239,07/16/23 15:49:45,STABLE BEAMS,6800,414472.798712743,117522.092164092,51.6,AVG
370772:9072,1240:1240,07/16/23 15:50:09,STABLE BEAMS,6800,413677.502532588,363943.631131870,51.5,AVG
370772:9072,1241:1241,07/16/23 15:50:32,STABLE BEAMS,6800,413350.785646563,399963.687871802,51.4,AVG
370772:9072,1242:1242,07/16/23 15:50:55,STABLE BEAMS,6800,413471.209131170,399464.108033792,51.5,AVG
370772:9072,1243:1243,07/16/23 15:51:19,STABLE BEAMS,6800,413181.509762287,399503.106297810,51.4,AVG
370772:9072,1244:1244,07/16/23 15:51:42,STABLE BEAMS,6800,412631.202876784,399012.768459102,51.4,AVG
370772:9072,1245:1245,07/16/23 15:52:05,STABLE BEAMS,6800,412532.222977831,202692.075045185,51.3,AVG
370772:9072,1246:1246,07/16/23 15:52:29,STABLE BEAMS,6800,412558.676049905,392659.119210633,51.3,AVG
370772:9072,1247:1247,07/16/23 15:52:52,STABLE BEAMS,6800,412397.593904468,399639.417305186,51.3,AVG
#Summary:
#nfill,nrun,nls,ncms,totdelivered(/ub),totrecorded(/ub)
#6,10,4257,4257,1794383885.952285290,1704557087.191355228
#Check JSON:
#(run,ls) in json but not in results: []
