#Data tag : 24v2 , Norm tag: None
#run:fill,ls,time,beamstatus,E(GeV),delivered(/ub),recorded(/ub),avgpu,source
367619:8782,1:1,05/17/23 08:19:46,STABLE BEAMS,6800,400152.105990772,313906.274894432,51.7,HFET
367619:8782,2:2,05/17/23 08:20:10,STABLE BEAMS,6800,399633.394535202,382286.759887896,51.7,HFET
367619:8782,3:3,05/17/23 08:20:33,STABLE BEAMS,6800,399163.763924937,381867.508533328,51.6,HFET
367619:8782,4:4,05/17/23 08:20:57,STABLE BEAMS,6800,399006.462787862,382888.378460258,51.6,HFET
367619:8782,5:5,05/17/23 08:21:20,STABLE BEAMS,6800,399469.489454421,304995.296019523,51.6,HFET
367619:8782,6:6,05/17/23 08:21:43,STABLE BEAMS,6800,399267.935134385,384839.562930718,51.6,HFET
367619:8782,7:7,05/17/23 08:22:07,STABLE BEAMS,6800,399164.675376398,381488.321414724,51.6,HFET
367619:8782,8:8,05/17/23 08:22:30,STABLE BEAMS,6800,398779.590630693,381741.369245696,51.6,HFET
367619:8782,9:9,05/17/23 08:22:53,STABLE BEAMS,6800,398601.845940386,387431.977980391,51.5,HFET
367619:8782,10:10,05/17/23 08:23:16,STABLE BEAMS,6800,398531.778400697,332643.518728521,51.5,HFET
367619:8782,11:11,05/17/23 08:23:40,STABLE BEAMS,6800,398343.788622995,326246.213422710,51.5,HFET
367619:8782,12:12,05/17/23 08:24:03,STABLE BEAMS,6800,397680.387161820,377622.305633744,51.5,HFET
367619:8782,13:13,05/17/23 08:24:26,STABLE BEAMS,6800,397516.074142406,386035.788193103,51.4,HFET
367619:8782,14:14,05/17/23 08:24:50,STABLE BEAMS,6800,397958.843741964,386519.715304164,51.4,HFET
367619:8782,15:15,05/17/23 08:25:13,STABLE BEAMS,6800,397629.896014384,386490.805275977,51.4,HFET
367619:8782,16:16,05/17/23 08:25:36,STABLE BEAMS,6800,397383.358884002,280689.461392634,51.4,HFET
367619:8782,17:17,05/17/23 08:26:00,STABLE BEAMS,6800,397135.271586813,385953.018609906,51.3,HFET
367619:8782,18:18,05/17/23 08:26:23,STABLE BEAMS,6800,397024.407852698,385500.824462375,51.4,HFET
367619:8782,19:19,05/17/23 08:26:46,STABLE BEAMS,6800,396666.414894413,385689.131266673,51.3,HFET
367619:8782,20:20,05/17/23 08:27:10,STABLE BEAMS,6800,396242.860370031,381092.129082799,51.2,HFET
367619:8782,21:21,05/17/23 08:27:33,STABLE BEAMS,6800,396144.472564866,385432.803609087,51.2,HFET
367619:8782,22:22,05/17/23 08:27:56,STABLE BEAMS,6800,395780.558668700,385137.640193594,51.2,HFET
367619:8782,23:23,05/17/23 08:28:20,STABLE BEAMS,6800,395233.986170003,380259.542649387,51.1,HFET
367619:8782,24:24,05/17/23 08:28:43,STABLE BEAMS,6800,394721.559300467,384110.828349082,51.0,HFET
367619:8782,25:25,05/17/23 08:29:06,STABLE BEAMS,6800,394663.918737093,381153.319877823,51.0,HFET
367619:8782,26:26,05/17/23 08:29:29,STABLE BEAMS,6800,394423.162679918,380981.584706356,51.0,HFET
367619:8782,27:27,05/17/23 08:29:53,STABLE BEAMS,6800,393754.206260095,374973.709275466,51.0,HFET
367619:8782,28:28,05/17/23 08:30:16,STABLE BEAMS,6800,393221.473370922,374366.831791348,50.9,HFET
367619:8782,29:29,05/17/23 08:30:39,STABLE BEAMS,6800,394398.576801247,380542.593784083,50.8,HFET
367619:8782,30:30,05/17/23 08:31:03,STABLE BEAMS,6800,394512.352051667,380923.284447935,51.0,HFET
367619:8782,31:31,05/17/23 08:31:26,STABLE BEAMS,6800,394479.117873966,375580.267401910,51.0,HFET
367619:8782,32:32,05/17/23 08:31:49,STABLE BEAMS,6800,394369.165591311,380826.104141126,51.0,HFET
367619:8782,33:33,05/17/23 08:32:13,STABLE BEAMS,6800,394257.299493696,375241.941747915,51.0,HFET
367619:8782,34:34,05/17/23 08:32:36,STABLE BEAMS,6800,394075.412477950,380463.215919239,50.9,HFET
367619:8782,35:35,05/17/23 08:32:59,STABLE BEAMS,6800,393564.260708029,379963.013222241,50.9,HFET
367619:8782,36:36,05/17/23 08:33:23,STABLE BEAMS,6800,393463.914797424,380028.824213673,50.8,HFET
367619:8782,37:37,05/17/23 08:33:46,STABLE BEAMS,6800,393562.894696376,374678.158901040,50.9,HFET
367619:8782,38:38,05/17/23 08:34:09,STABLE BEAMS,6800,393430.997646318,379978.151242160,50.9,HFET
367619:8782,39:39,05/17/23 08:34:32,STABLE BEAMS,6800,392971.565501890,379738.919709935,50.8,HFET
367619:8782,40:40,05/17/23 08:34:56,STABLE BEAMS,6800,392923.305196009,379664.229642759,50.8,HFET
367619:8782,41:41,05/17/23 08:35:19,STABLE BEAMS,6800,392918.978715416,250850.617546096,50.8,HFET
367619:8782,42:42,05/17/23 08:35:42,STABLE BEAMS,6800,392719.380169743,379490.969946343,50.7,HFET
367619:8782,43:43,05/17/23 08:36:06,STABLE BEAMS,6800,392505.349920756,379342.750688789,50.7,HFET
367619:8782,44:44,05/17/23 08:36:29,STABLE BEAMS,6800,392194.570614372,379050.999971349,50.7,HFET
367619:8782,45:45,05/17/23 08:36:52,STABLE BEAMS,6800,391887.476742157,378707.939898127,50.7,HFET
367619:8782,46:46,05/17/23 08:37:16,STABLE BEAMS,6800,391777.615371541,378477.655042904,50.6,HFET
367619:8782,47:47,05/17/23 08:37:39,STABLE BEAMS,6800,391591.858766472,372694.488528887,50.6,HFET
367619:8782,48:48,05/17/23 08:38:02,STABLE BEAMS,6800,390731.819228565,377726.066573481,50.6,HFET
367619:8782,49:49,05/17/23 08:38:26,STABLE BEAMS,6800,390501.033191592,377641.175709390,50.5,HFET
367619:8782,50:50,05/17/23 08:38:49,STABLE BEAMS,6800,390886.570166411,378001.788799241,50.6,HFET
367619:8782,51:51,05/17/23 08:39:21,STABLE BEAMS,6800,382428.902025350,369858.585398733,49.4,PLTZERO
367619:8782,52:52,05/17/23 08:39:36,STABLE BEAMS,6800,382193.153123516,369632.445200026,49.4,PLTZERO
367619:8782,53:53,05/17/23 08:39:59,STABLE BEAMS,6800,382122.672983038,369483.018444117,49.4,PLTZERO
367619:8782,54:54,05/17/23 08:40:22,STABLE BEAMS,6800,382209.542932271,369644.531838967,49.4,PLTZERO
367619:8782,55:55,05/17/23 08:40:46,STABLE BEAMS,6800,382103.506860498,369514.411070273,49.4,PLTZERO
367619:8782,56:56,05/17/23 08:41:09,STABLE BEAMS,6800,381812.166412769,369324.829166360,49.4,PLTZERO
367619:8782,57:57,05/17/23 08:41:32,STABLE BEAMS,6800,381435.597094654,364714.006021584,49.4,PLTZERO
367619:8782,58:58,05/17/23 08:41:55,STABLE BEAMS,6800,381052.517075948,364343.994025617,49.2,PLTZERO
367619:8782,59:59,05/17/23 08:42:19,STABLE BEAMS,6800,381363.457226707,367396.202536794,49.3,PLTZERO
367619:8782,60:60,05/17/23 08:42:42,STABLE BEAMS,6800,381392.868436643,368919.531644135,49.3,PLTZERO
367619:8782,61:61,05/17/23 08:43:05,STABLE BEAMS,6800,381200.897177877,368836.258548111,49.3,PLTZERO
367619:8782,62:62,05/17/23 08:43:29,STABLE BEAMS,6800,380663.837808112,368494.450263725,49.2,PLTZERO
367619:8782,63:63,05/17/23 08:43:52,STABLE BEAMS,6800,381005.144910749,368720.707016327,49.2,PLTZERO
367619:8782,64:64,05/17/23 08:44:15,STABLE BEAMS,6800,380663.201423844,368569.392087314,49.2,PLTZERO
367619:8782,65:65,05/17/23 08:44:39,STABLE BEAMS,6800,380343.587332198,368235.686629728,49.2,PLTZERO
367619:8782,66:66,05/17/23 08:45:02,STABLE BEAMS,6800,380008.107924326,367975.354180301,49.1,PLTZERO
367619:8782,67:67,05/17/23 08:45:25,STABLE BEAMS,6800,379985.368259356,367888.120582915,49.1,PLTZERO
367619:8782,68:68,05/17/23 08:45:49,STABLE BEAMS,6800,379707.025902030,367663.572510418,49.1,PLTZERO
367619:8782,69:69,05/17/23 08:46:12,STABLE BEAMS,6800,379468.750111746,367561.177582334,49.1,PLTZERO
367619:8782,70:70,05/17/23 08:46:35,STABLE BEAMS,6800,379223.669905055,367135.436506876,49.1,PLTZERO
367619:8782,71:71,05/17/23 08:46:58,STABLE BEAMS,6800,379172.449130234,367348.466723441,49.0,PLTZERO
367619:8782,72:72,05/17/23 08:47:22,STABLE BEAMS,6800,378865.767858809,366886.871338717,49.0,PLTZERO
367619:8782,73:73,05/17/23 08:47:45,STABLE BEAMS,6800,378311.656654164,366320.561603391,48.9,PLTZERO
367619:8782,74:74,05/17/23 08:48:08,STABLE BEAMS,6800,378235.010812625,366348.082309146,48.9,PLTZERO
367619:8782,75:75,05/17/23 08:48:32,STABLE BEAMS,6800,378051.391805996,366174.869234287,48.9,PLTZERO
367619:8782,76:76,05/17/23 08:48:55,STABLE BEAMS,6800,377274.396918478,365344.170973979,48.8,PLTZERO
367619:8782,77:77,05/17/23 08:49:18,STABLE BEAMS,6800,377453.962180630,365579.465315621,48.8,PLTZERO
367619:8782,78:78,05/17/23 08:49:42,STABLE BEAMS,6800,378023.756877424,366157.773108927,48.9,PLTZERO
367619:8782,79:79,05/17/23 08:50:05,STABLE BEAMS,6800,376569.562878609,364903.748769871,48.7,PLTZERO
367619:8782,80:80,05/17/23 08:50:28,STABLE BEAMS,6800,376651.607496577,364895.121450543,48.6,PLTZERO
367619:8782,81:81,05/17/23 08:50:52,STABLE BEAMS,6800,377024.785096339,365371.852524109,48.7,PLTZERO
367619:8782,82:82,05/17/23 08:51:15,STABLE BEAMS,6800,376499.630541439,364852.504684271,48.7,PLTZERO
367619:8782,83:83,05/17/23 08:51:38,STABLE BEAMS,6800,376653.565602017,364905.068159966,48.7,PLTZERO
367619:8782,84:84,05/17/23 08:52:02,STABLE BEAMS,6800,375853.667874077,364329.310565889,48.6,PLTZERO
367619:8782,85:85,05/17/23 08:52:25,STABLE BEAMS,6800,375882.715435859,364166.226024531,48.6,PLTZERO
367619:8782,86:86,05/17/23 08:52:48,STABLE BEAMS,6800,376871.421149848,364604.806677093,48.7,PLTZERO
367619:8782,87:87,05/17/23 08:53:11,STABLE BEAMS,6800,376455.400669257,358335.298055304,48.7,PLTZERO
367619:8782,88:88,05/17/23 08:53:35,STABLE BEAMS,6800,376480.077459966,358613.866527187,48.7,PLTZERO
367619:8782,89:89,05/17/23 08:53:58,STABLE BEAMS,6800,376246.058217938,364763.928386012,48.7,PLTZERO
367619:8782,90:90,05/17/23 08:54:21,STABLE BEAMS,6800,376162.694209875,359088.415711834,48.6,PLTZERO
367619:8782,91:91,05/17/23 08:54:45,STABLE BEAMS,6800,375802.379497996,364297.213954206,48.6,PLTZERO
367619:8782,92:92,05/17/23 08:55:08,STABLE BEAMS,6800,375637.245939159,364186.986604359,48.6,PLTZERO
367619:8782,93:93,05/17/23 08:55:31,STABLE BEAMS,6800,375345.884511729,358804.770152272,48.5,PLTZERO
367619:8782,94:94,05/17/23 08:55:55,STABLE BEAMS,6800,242794.647742973,235939.413837983,48.5,PLTZERO
367619:8782,95:95,05/17/23 08:56:18,STABLE BEAMS,6800,12925.535322465,12894.588491648,0.8,PLTZERO
367619:8782,96:96,05/17/23 08:56:41,STABLE BEAMS,6800,45638.108980062,45457.188662324,2.5,PLTZERO
367619:8782,97:97,05/17/23 08:57:05,STABLE BEAMS,6800,131493.384290852,130502.459856913,13.3,PLTZERO
367619:8782,98:98,05/17/23 08:57:28,STABLE BEAMS,6800,242451.109798781,148889.406087099,23.7,PLTZERO
367619:8782,99:99,05/17/23 08:57:51,STABLE BEAMS,6800,349320.719085033,340600.918902402,36.9,PLTZERO
367619:8782,100:100,05/17/23 08:58:15,STABLE BEAMS,6800,359240.229491518,239410.489075873,48.4,PLTZERO
367619:8782,101:101,05/17/23 08:58:38,STABLE BEAMS,6800,278995.059139951,273845.379364344,44.3,PLTZERO
367619:8782,102:102,05/17/23 08:59:01,STABLE BEAMS,6800,152753.520407832,151442.619166525,23.1,PLTZERO
367619:8782,103:103,05/17/23 08:59:24,STABLE BEAMS,6800,69532.406022281,69194.331425376,13.3,PLTZERO
367619:8782,104:104,05/17/23 08:59:48,STABLE BEAMS,6800,20334.885793579,20283.095280007,6.1,PLTZERO
367619:8782,105:105,05/17/23 09:00:11,STABLE BEAMS,6800,132570.779360378,129241.196588529,0.9,PLTZERO
367619:8782,106:106,05/17/23 09:00:34,STABLE BEAMS,6800,89429.601448572,87288.771435773,48.2,PLTZERO
367619:8782,107:107,05/17/23 09:00:58,STABLE BEAMS,6800,15196.559229872,15160.107675135,0.8,PLTZERO
367619:8782,108:108,05/17/23 09:01:21,STABLE BEAMS,6800,49819.152690017,49631.499753072,3.6,PLTZERO
367619:8782,109:109,05/17/23 09:01:44,STABLE BEAMS,6800,142816.401738171,141610.000621405,8.5,PLTZERO
367619:8782,110:110,05/17/23 09:02:08,STABLE BEAMS,6800,277593.612771985,272687.763745311,29.8,PLTZERO
367619:8782,111:111,05/17/23 09:02:31,STABLE BEAMS,6800,360015.177692635,350060.449361151,42.0,PLTZERO
367619:8782,112:112,05/17/23 09:02:54,STABLE BEAMS,6800,310705.049897058,304281.995504700,44.7,PLTZERO
367619:8782,113:113,05/17/23 09:03:18,STABLE BEAMS,6800,188478.518722691,186454.749148405,33.9,PLTZERO
367619:8782,114:114,05/17/23 09:03:41,STABLE BEAMS,6800,68779.802368429,68474.867074355,11.1,PLTZERO
367619:8782,115:115,05/17/23 09:04:04,STABLE BEAMS,6800,23054.896868089,22993.387368094,4.9,PLTZERO
367619:8782,116:116,05/17/23 09:04:27,STABLE BEAMS,6800,66819.232745214,65347.802290148,1.2,PLTZERO
367619:8782,117:117,05/17/23 09:04:51,STABLE BEAMS,6800,369739.779682193,352007.514816951,47.7,PLTZERO
367619:8782,118:118,05/17/23 09:05:14,STABLE BEAMS,6800,369698.985818843,358845.496414362,47.8,PLTZERO
367619:8782,119:119,05/17/23 09:05:37,STABLE BEAMS,6800,369279.277573006,353452.167713899,47.8,PLTZERO
367619:8782,120:120,05/17/23 09:06:01,STABLE BEAMS,6800,368755.512340537,357908.146677713,47.7,PLTZERO
367619:8782,121:121,05/17/23 09:06:24,STABLE BEAMS,6800,368282.331498621,348568.743656678,47.6,PLTZERO
367619:8782,122:122,05/17/23 09:06:47,STABLE BEAMS,6800,367971.347057381,357382.675096218,47.6,PLTZERO
367619:8782,123:123,05/17/23 09:07:11,STABLE BEAMS,6800,366915.009780116,356428.003119652,47.5,PLTZERO
367619:8782,124:124,05/17/23 09:07:34,STABLE BEAMS,6800,366455.120744418,356000.989275658,47.4,PLTZERO
367619:8782,125:125,05/17/23 09:07:57,STABLE BEAMS,6800,365852.320315558,355511.574807207,47.4,PLTZERO
367619:8782,126:126,05/17/23 09:08:21,STABLE BEAMS,6800,365081.675284255,354897.937197163,47.2,PLTZERO
367619:8782,127:127,05/17/23 09:08:44,STABLE BEAMS,6800,365484.583451627,355063.595248529,47.1,PLTZERO
367619:8782,128:128,05/17/23 09:09:07,STABLE BEAMS,6800,365383.258488301,354823.930135814,47.3,PLTZERO
367619:8782,129:129,05/17/23 09:09:31,STABLE BEAMS,6800,364652.794246859,354316.897380552,47.2,PLTZERO
367619:8782,130:130,05/17/23 09:09:54,STABLE BEAMS,6800,364176.242666291,353878.160545770,47.1,PLTZERO
367619:8782,131:131,05/17/23 09:10:17,STABLE BEAMS,6800,365125.837555178,349703.186030250,47.1,PLTZERO
367619:8782,132:132,05/17/23 09:10:40,STABLE BEAMS,6800,365200.846980027,354994.938010974,47.2,PLTZERO
367619:8782,133:133,05/17/23 09:11:04,STABLE BEAMS,6800,365440.327937588,351109.322526962,47.2,PLTZERO
367619:8782,134:134,05/17/23 09:11:27,STABLE BEAMS,6800,365102.391573603,354880.046174237,47.2,PLTZERO
367619:8782,135:135,05/17/23 09:11:50,STABLE BEAMS,6800,364833.974945999,354595.465852435,47.2,PLTZERO
367619:8782,136:136,05/17/23 09:12:14,STABLE BEAMS,6800,364647.010842575,354389.221403653,47.1,PLTZERO
367619:8782,137:137,05/17/23 09:12:37,STABLE BEAMS,6800,364602.643436796,350454.023892588,47.2,PLTZERO
367619:8782,138:138,05/17/23 09:13:00,STABLE BEAMS,6800,364432.160054165,354306.994961609,47.1,PLTZERO
367619:8782,139:139,05/17/23 09:13:24,STABLE BEAMS,6800,364587.367883280,354503.066586410,47.1,PLTZERO
367619:8782,140:140,05/17/23 09:13:47,STABLE BEAMS,6800,364457.223803807,354273.098757782,47.1,PLTZERO
367619:8782,141:141,05/17/23 09:14:10,STABLE BEAMS,6800,364394.576085092,354231.782732982,47.1,PLTZERO
367619:8782,142:142,05/17/23 09:14:34,STABLE BEAMS,6800,364360.043496998,354291.334780238,47.1,PLTZERO
367619:8782,143:143,05/17/23 09:14:57,STABLE BEAMS,6800,363633.469824580,353107.720649323,47.1,PLTZERO
367619:8782,144:144,05/17/23 09:15:20,STABLE BEAMS,6800,363796.440143121,353491.800700451,47.0,PLTZERO
367619:8782,145:145,05/17/23 09:15:44,STABLE BEAMS,6800,363558.416109251,353528.589771958,47.0,PLTZERO
367619:8782,146:146,05/17/23 09:16:07,STABLE BEAMS,6800,363630.623578457,353636.947597325,47.0,PLTZERO
367619:8782,147:147,05/17/23 09:16:30,STABLE BEAMS,6800,363444.389102417,348255.595975142,47.0,PLTZERO
367619:8782,148:148,05/17/23 09:16:53,STABLE BEAMS,6800,363530.415201448,353527.358962824,47.0,PLTZERO
367619:8782,149:149,05/17/23 09:17:17,STABLE BEAMS,6800,363389.571474387,353388.906921695,47.0,PLTZERO
367619:8782,150:150,05/17/23 09:17:40,STABLE BEAMS,6800,361723.237730767,351626.917396215,47.0,PLTZERO
367619:8782,151:151,05/17/23 09:18:03,STABLE BEAMS,6800,359062.076862577,349323.360196301,43.3,PLTZERO
367619:8782,152:152,05/17/23 09:18:27,STABLE BEAMS,6800,361438.137578592,351627.348645627,46.7,PLTZERO
367619:8782,153:153,05/17/23 09:18:50,STABLE BEAMS,6800,360630.363138408,350913.115699642,46.7,PLTZERO
367619:8782,154:154,05/17/23 09:19:13,STABLE BEAMS,6800,359481.624264040,344276.714064124,46.5,PLTZERO
367619:8782,155:155,05/17/23 09:19:37,STABLE BEAMS,6800,359761.582058355,350131.747709974,46.4,PLTZERO
367619:8782,156:156,05/17/23 09:20:00,STABLE BEAMS,6800,359816.968469393,345036.703738320,46.5,PLTZERO
367619:8782,157:157,05/17/23 09:20:23,STABLE BEAMS,6800,358998.881340555,326987.787581451,46.5,PLTZERO
367619:8782,158:158,05/17/23 09:20:47,STABLE BEAMS,6800,358011.315523662,298380.340300738,46.3,PLTZERO
367619:8782,159:159,05/17/23 09:21:10,STABLE BEAMS,6800,359184.684567182,342830.967891639,46.3,PLTZERO
367619:8782,160:160,05/17/23 09:21:33,STABLE BEAMS,6800,360148.713490461,350359.097738114,46.6,PLTZERO
367619:8782,161:161,05/17/23 09:21:56,STABLE BEAMS,6800,360127.952910633,344765.510796930,46.5,PLTZERO
367619:8782,162:162,05/17/23 09:22:20,STABLE BEAMS,6800,359850.111735056,350092.706817210,46.5,PLTZERO
367619:8782,163:163,05/17/23 09:22:43,STABLE BEAMS,6800,359719.762520727,346570.685871691,46.5,PLTZERO
367619:8782,164:164,05/17/23 09:23:06,STABLE BEAMS,6800,359604.917305548,348438.256908752,46.5,PLTZERO
367619:8782,165:165,05/17/23 09:23:30,STABLE BEAMS,6800,359562.643207729,349858.780818298,46.5,PLTZERO
367619:8782,166:166,05/17/23 09:23:53,STABLE BEAMS,6800,359291.860536051,345626.347563481,46.5,PLTZERO
367619:8782,167:167,05/17/23 09:24:16,STABLE BEAMS,6800,358763.293283096,349050.232460249,46.4,PLTZERO
367619:8782,168:168,05/17/23 09:24:40,STABLE BEAMS,6800,358872.767694780,349221.832429197,46.3,PLTZERO
367619:8782,169:169,05/17/23 09:25:03,STABLE BEAMS,6800,359435.527198455,205968.625853612,46.5,PLTZERO
367619:8782,170:170,05/17/23 09:25:26,STABLE BEAMS,6800,359450.823731672,349649.757724652,46.4,PLTZERO
367619:8782,171:171,05/17/23 09:25:50,STABLE BEAMS,6800,359526.401939530,344826.088518465,46.5,PLTZERO
367619:8782,172:172,05/17/23 09:26:13,STABLE BEAMS,6800,359553.060146459,349787.459158696,46.5,PLTZERO
367619:8782,173:173,05/17/23 09:26:36,STABLE BEAMS,6800,359508.440984267,349844.211581387,46.5,PLTZERO
367619:8782,174:174,05/17/23 09:27:00,STABLE BEAMS,6800,359461.113109548,349766.106485080,46.5,PLTZERO
367619:8782,175:175,05/17/23 09:27:23,STABLE BEAMS,6800,359147.056307629,345414.935114982,46.5,PLTZERO
367619:8782,176:176,05/17/23 09:27:46,STABLE BEAMS,6800,358749.817321724,349084.061062816,46.4,PLTZERO
367619:8782,177:177,05/17/23 09:28:09,STABLE BEAMS,6800,358861.657777482,349182.698293317,46.4,PLTZERO
367619:8782,178:178,05/17/23 09:28:33,STABLE BEAMS,6800,358640.366220819,348944.152097996,46.4,PLTZERO
367619:8782,179:179,05/17/23 09:28:56,STABLE BEAMS,6800,358180.705630756,348604.346209531,46.3,PLTZERO
367619:8782,180:180,05/17/23 09:29:19,STABLE BEAMS,6800,356978.128181078,347574.368761223,46.2,PLTZERO
367619:8782,181:181,05/17/23 09:29:43,STABLE BEAMS,6800,356152.826366122,346970.862015757,46.1,PLTZERO
367619:8782,182:182,05/17/23 09:30:06,STABLE BEAMS,6800,355394.566351732,341176.858320556,46.0,PLTZERO
367619:8782,183:183,05/17/23 09:30:29,STABLE BEAMS,6800,354589.752380488,345525.934051616,45.9,PLTZERO
367619:8782,184:184,05/17/23 09:30:53,STABLE BEAMS,6800,353662.169860265,344705.641723079,45.7,PLTZERO
367619:8782,185:185,05/17/23 09:31:16,STABLE BEAMS,6800,353499.700723473,344464.589619010,45.7,PLTZERO
367619:8782,186:186,05/17/23 09:31:39,STABLE BEAMS,6800,353434.139157376,344406.312671368,45.7,PLTZERO
367619:8782,187:187,05/17/23 09:32:03,STABLE BEAMS,6800,352942.496178448,343926.551196524,45.7,PLTZERO
367619:8782,188:188,05/17/23 09:32:26,STABLE BEAMS,6800,352397.651008478,343418.858746215,45.6,PLTZERO
367619:8782,189:189,05/17/23 09:32:49,STABLE BEAMS,6800,352374.205026903,343371.190534122,45.6,PLTZERO
367619:8782,190:190,05/17/23 09:33:13,STABLE BEAMS,6800,352106.063466491,343203.234039941,45.5,PLTZERO
367619:8782,191:191,05/17/23 09:33:36,STABLE BEAMS,6800,351492.493457707,342615.023827692,45.5,PLTZERO
367619:8782,192:192,05/17/23 09:33:59,STABLE BEAMS,6800,350868.382314632,337112.700917593,45.4,PLTZERO
367619:8782,193:193,05/17/23 09:34:22,STABLE BEAMS,6800,351286.269988626,342488.022041235,45.3,PLTZERO
367619:8782,194:194,05/17/23 09:34:46,STABLE BEAMS,6800,351204.318613774,342242.051362785,45.4,PLTZERO
367619:8782,195:195,05/17/23 09:35:09,STABLE BEAMS,6800,350574.265553118,341708.749690604,45.4,PLTZERO
367619:8782,196:196,05/17/23 09:35:32,STABLE BEAMS,6800,350158.655342239,341393.802416925,45.3,PLTZERO
367619:8782,197:197,05/17/23 09:35:56,STABLE BEAMS,6800,350471.234240766,341621.038222247,45.2,PLTZERO
367619:8782,198:198,05/17/23 09:36:19,STABLE BEAMS,6800,350239.674285928,341451.510581558,45.3,PLTZERO
367619:8782,199:199,05/17/23 09:36:42,STABLE BEAMS,6800,350387.940165040,341639.591271298,45.3,PLTZERO
367619:8782,200:200,05/17/23 09:37:06,STABLE BEAMS,6800,350343.230090810,341530.571419806,45.3,PLTZERO
367619:8782,201:201,05/17/23 09:37:29,STABLE BEAMS,6800,350414.255703518,341656.162904130,45.3,PLTZERO
367619:8782,202:202,05/17/23 09:37:52,STABLE BEAMS,6800,350302.231092605,337506.935144078,45.3,PLTZERO
367619:8782,203:203,05/17/23 09:38:16,STABLE BEAMS,6800,350201.908492779,341429.633415413,45.3,PLTZERO
367619:8782,204:204,05/17/23 09:38:39,STABLE BEAMS,6800,349969.460397259,341275.586463095,45.3,PLTZERO
367619:8782,205:205,05/17/23 09:39:02,STABLE BEAMS,6800,349806.900348429,341069.251102274,45.2,PLTZERO
367619:8782,206:206,05/17/23 09:39:25,STABLE BEAMS,6800,349339.272134085,340687.763209778,45.2,PLTZERO
367619:8782,207:207,05/17/23 09:39:49,STABLE BEAMS,6800,348988.906462707,335450.966390681,45.1,PLTZERO
367619:8782,208:208,05/17/23 09:40:12,STABLE BEAMS,6800,348637.582718310,339991.810576729,45.1,PLTZERO
367619:8782,209:209,05/17/23 09:40:35,STABLE BEAMS,6800,348885.690995200,340263.730814425,45.0,PLTZERO
367619:8782,210:210,05/17/23 09:40:59,STABLE BEAMS,6800,348170.478996494,339663.000382745,45.1,PLTZERO
367619:8782,211:211,05/17/23 09:41:22,STABLE BEAMS,6800,346948.278533007,338487.901679419,44.8,PLTZERO
367619:8782,212:212,05/17/23 09:41:45,STABLE BEAMS,6800,348276.198041672,339717.088383390,45.1,PLTZERO
367619:8782,213:213,05/17/23 09:42:09,STABLE BEAMS,6800,348255.071482613,339736.371059826,45.0,PLTZERO
367619:8782,214:214,05/17/23 09:42:32,STABLE BEAMS,6800,347784.007259435,339266.898962858,44.9,PLTZERO
367619:8782,215:215,05/17/23 09:42:55,STABLE BEAMS,6800,347729.007807329,339227.608644758,45.0,PLTZERO
367619:8782,216:216,05/17/23 09:43:19,STABLE BEAMS,6800,348151.448076472,339575.107090312,45.0,PLTZERO
367619:8782,217:217,05/17/23 09:43:42,STABLE BEAMS,6800,347858.492191755,334141.054458837,44.9,PLTZERO
367619:8782,218:218,05/17/23 09:44:05,STABLE BEAMS,6800,347650.835109762,334235.663586716,44.9,PLTZERO
367619:8782,219:219,05/17/23 09:44:29,STABLE BEAMS,6800,347731.033514029,334351.557786952,44.9,PLTZERO
367619:8782,220:220,05/17/23 09:44:52,STABLE BEAMS,6800,347833.109084440,334495.611408289,45.0,PLTZERO
367619:8782,221:221,05/17/23 09:45:15,STABLE BEAMS,6800,347655.683751806,334300.770592621,45.0,PLTZERO
367619:8782,222:222,05/17/23 09:45:38,STABLE BEAMS,6800,347369.625526612,334160.199601676,44.9,PLTZERO
367619:8782,223:223,05/17/23 09:46:02,STABLE BEAMS,6800,347279.501392623,334173.426137713,44.9,PLTZERO
367619:8782,224:224,05/17/23 09:46:25,STABLE BEAMS,6800,347260.379560563,333912.021392449,44.9,PLTZERO
367619:8782,225:225,05/17/23 09:46:48,STABLE BEAMS,6800,346688.491555809,333378.400362595,44.9,PLTZERO
367619:8782,226:226,05/17/23 09:47:12,STABLE BEAMS,6800,346298.900836513,333473.944252714,44.8,PLTZERO
367619:8782,227:227,05/17/23 09:47:35,STABLE BEAMS,6800,346517.917261140,333454.729177538,44.8,PLTZERO
367619:8782,228:228,05/17/23 09:47:58,STABLE BEAMS,6800,346436.443757259,333561.700011551,44.8,PLTZERO
367619:8782,229:229,05/17/23 09:48:22,STABLE BEAMS,6800,346327.766574219,333386.845857847,44.8,PLTZERO
367619:8782,230:230,05/17/23 09:48:45,STABLE BEAMS,6800,346211.212678935,333370.523650352,44.8,PLTZERO
367619:8782,231:231,05/17/23 09:49:08,STABLE BEAMS,6800,346106.838665709,333357.390357431,44.7,PLTZERO
367619:8782,232:232,05/17/23 09:49:32,STABLE BEAMS,6800,345816.363047884,333106.321611601,44.7,PLTZERO
367619:8782,233:233,05/17/23 09:49:55,STABLE BEAMS,6800,345479.177290985,332905.196209900,44.7,PLTZERO
367619:8782,234:234,05/17/23 09:50:18,STABLE BEAMS,6800,345392.922746319,332678.463917405,44.6,PLTZERO
367619:8782,235:235,05/17/23 09:50:42,STABLE BEAMS,6800,345336.624883819,332846.737438181,44.6,PLTZERO
367619:8782,236:236,05/17/23 09:51:05,STABLE BEAMS,6800,344846.825787514,327884.501968047,44.6,PLTZERO
367619:8782,237:237,05/17/23 09:51:28,STABLE BEAMS,6800,344616.382418993,333166.190685452,44.5,PLTZERO
367619:8782,238:238,05/17/23 09:51:51,STABLE BEAMS,6800,344719.618866201,327459.579100935,44.5,PLTZERO
367619:8782,239:239,05/17/23 09:52:15,STABLE BEAMS,6800,344619.659914528,333006.134214293,44.6,PLTZERO
367619:8782,240:240,05/17/23 09:52:38,STABLE BEAMS,6800,344313.342291256,327982.388591462,44.5,PLTZERO
367619:8782,241:241,05/17/23 09:53:01,STABLE BEAMS,6800,344078.299706028,332585.083267582,44.5,PLTZERO
367619:8782,242:242,05/17/23 09:53:25,STABLE BEAMS,6800,344052.119370069,327980.134439128,44.5,PLTZERO
367619:8782,243:243,05/17/23 09:53:48,STABLE BEAMS,6800,343701.616165095,332191.872384298,44.5,PLTZERO
367619:8782,244:244,05/17/23 09:54:11,STABLE BEAMS,6800,343137.900919479,331747.601570568,44.4,PLTZERO
367619:8782,245:245,05/17/23 09:54:35,STABLE BEAMS,6800,342553.695499072,327174.478948760,44.3,PLTZERO
367619:8782,246:246,05/17/23 09:54:58,STABLE BEAMS,6800,343265.016928753,331858.670439539,44.3,PLTZERO
367619:8782,247:247,05/17/23 09:55:21,STABLE BEAMS,6800,342984.672175505,331708.994258294,44.4,PLTZERO
367619:8782,248:248,05/17/23 09:55:45,STABLE BEAMS,6800,342662.486904929,326248.488554746,44.3,PLTZERO
367619:8782,249:249,05/17/23 09:56:08,STABLE BEAMS,6800,342337.548631346,331084.701291144,44.2,PLTZERO
367619:8782,250:250,05/17/23 09:56:31,STABLE BEAMS,6800,342671.228447075,331412.784188821,44.3,PLTZERO
367619:8782,251:251,05/17/23 09:56:54,STABLE BEAMS,6800,342296.640545180,327290.508351515,44.3,PLTZERO
367619:8782,252:252,05/17/23 09:57:18,STABLE BEAMS,6800,341817.289340048,330711.752137016,44.2,PLTZERO
367619:8782,253:253,05/17/23 09:57:41,STABLE BEAMS,6800,341967.193966927,330859.311699522,44.2,PLTZERO
367619:8782,254:254,05/17/23 09:58:04,STABLE BEAMS,6800,341953.671383997,330758.716363581,44.2,PLTZERO
367619:8782,255:255,05/17/23 09:58:28,STABLE BEAMS,6800,341651.815443836,326820.991964066,44.2,PLTZERO
367619:8782,256:256,05/17/23 09:58:51,STABLE BEAMS,6800,341332.362196565,330420.071351913,44.1,PLTZERO
367619:8782,257:257,05/17/23 09:59:14,STABLE BEAMS,6800,341041.751376221,323724.413716033,44.1,PLTZERO
367619:8782,258:258,05/17/23 09:59:38,STABLE BEAMS,6800,340262.388113552,329410.197119463,44.0,PLTZERO
367619:8782,259:259,05/17/23 10:00:01,STABLE BEAMS,6800,339115.015250836,328465.586075139,43.9,PLTZERO
367619:8782,260:260,05/17/23 10:00:24,STABLE BEAMS,6800,338177.779737005,327725.832488242,43.7,PLTZERO
367619:8782,261:261,05/17/23 10:00:48,STABLE BEAMS,6800,337836.747701562,327443.531960632,43.7,PLTZERO
367619:8782,262:262,05/17/23 10:01:11,STABLE BEAMS,6800,337328.190421349,327000.741381372,43.6,PLTZERO
367619:8782,263:263,05/17/23 10:01:34,STABLE BEAMS,6800,337175.530460385,326826.045740966,43.6,PLTZERO
367619:8782,264:264,05/17/23 10:01:58,STABLE BEAMS,6800,336164.472040359,325184.025139901,43.5,PLTZERO
367619:8782,265:265,05/17/23 10:02:21,STABLE BEAMS,6800,335832.929823070,325521.280829138,43.4,PLTZERO
367619:8782,266:266,05/17/23 10:02:44,STABLE BEAMS,6800,335570.660247903,325261.377298045,43.4,PLTZERO
367619:8782,267:267,05/17/23 10:03:07,STABLE BEAMS,6800,334746.360796446,324547.484689434,43.3,PLTZERO
367619:8782,268:268,05/17/23 10:03:31,STABLE BEAMS,6800,334491.422461292,324323.027528975,43.3,PLTZERO
367619:8782,269:269,05/17/23 10:03:54,STABLE BEAMS,6800,334375.393058538,324326.785226559,43.1,PLTZERO
367619:8782,270:270,05/17/23 10:04:17,STABLE BEAMS,6800,333711.900685325,320029.678546327,43.2,PLTZERO
367619:8782,271:271,05/17/23 10:04:41,STABLE BEAMS,6800,334126.235796590,323582.024484321,43.2,PLTZERO
367619:8782,272:272,05/17/23 10:05:04,STABLE BEAMS,6800,334141.488039327,324026.339588531,43.1,PLTZERO
367619:8782,273:273,05/17/23 10:05:27,STABLE BEAMS,6800,334172.605598290,324048.193443897,43.2,PLTZERO
367619:8782,274:274,05/17/23 10:05:51,STABLE BEAMS,6800,334041.552398433,324034.125388736,43.2,PLTZERO
367619:8782,275:275,05/17/23 10:06:14,STABLE BEAMS,6800,334061.152101464,324038.405247771,43.2,PLTZERO
367619:8782,276:276,05/17/23 10:06:37,STABLE BEAMS,6800,334112.850747256,324035.218664274,43.2,PLTZERO
367619:8782,277:277,05/17/23 10:07:01,STABLE BEAMS,6800,334214.903006888,318158.191298385,43.2,PLTZERO
367619:8782,278:278,05/17/23 10:07:24,STABLE BEAMS,6800,334556.573757678,324419.275404622,43.2,PLTZERO
367619:8782,279:279,05/17/23 10:07:47,STABLE BEAMS,6800,334955.316288832,324782.893253894,43.4,PLTZERO
367619:8782,280:280,05/17/23 10:08:10,STABLE BEAMS,6800,334318.754858664,324185.964810278,43.2,PLTZERO
367619:8782,281:281,05/17/23 10:08:34,STABLE BEAMS,6800,334300.542146987,324249.931919087,43.2,PLTZERO
367619:8782,282:282,05/17/23 10:08:57,STABLE BEAMS,6800,332768.473828577,322982.613442735,43.2,PLTZERO
367619:8782,283:283,05/17/23 10:09:20,STABLE BEAMS,6800,332527.055745276,322774.250044137,43.0,PLTZERO
367619:8782,284:284,05/17/23 10:09:44,STABLE BEAMS,6800,331358.763789435,321672.200329142,42.8,PLTZERO
367619:8782,285:285,05/17/23 10:10:07,STABLE BEAMS,6800,331584.290914653,321964.701653667,42.8,PLTZERO
367619:8782,286:286,05/17/23 10:10:30,STABLE BEAMS,6800,332317.645692698,322354.315683743,43.0,PLTZERO
367619:8782,287:287,05/17/23 10:10:54,STABLE BEAMS,6800,332147.982849490,322431.667841886,42.9,PLTZERO
367619:8782,288:288,05/17/23 10:11:17,STABLE BEAMS,6800,331711.406923927,322047.291743865,42.9,PLTZERO
367619:8782,289:289,05/17/23 10:11:40,STABLE BEAMS,6800,331560.182906952,321986.031016504,42.8,PLTZERO
367619:8782,290:290,05/17/23 10:12:04,STABLE BEAMS,6800,332168.494003982,317759.017517818,43.0,PLTZERO
367619:8782,291:291,05/17/23 10:12:27,STABLE BEAMS,6800,332121.347953340,322334.350001481,43.0,PLTZERO
367619:8782,292:292,05/17/23 10:12:50,STABLE BEAMS,6800,332347.854131278,322577.723859144,43.0,PLTZERO
367619:8782,293:293,05/17/23 10:13:14,STABLE BEAMS,6800,333004.859114679,323081.523409351,42.9,PLTZERO
367619:8782,294:294,05/17/23 10:13:37,STABLE BEAMS,6800,332523.071933135,322686.198238406,43.1,PLTZERO
367619:8782,295:295,05/17/23 10:14:00,STABLE BEAMS,6800,331855.915105455,322074.085153313,42.9,PLTZERO
367619:8782,296:296,05/17/23 10:14:23,STABLE BEAMS,6800,331851.910313613,321951.952988601,42.9,PLTZERO
367619:8782,297:297,05/17/23 10:14:47,STABLE BEAMS,6800,331490.842663570,320973.538983566,42.8,PLTZERO
367619:8782,298:298,05/17/23 10:15:10,STABLE BEAMS,6800,331879.591863743,322170.286407402,42.9,PLTZERO
367619:8782,299:299,05/17/23 10:15:33,STABLE BEAMS,6800,333107.368265581,323308.395566520,42.9,PLTZERO
367619:8782,300:300,05/17/23 10:15:57,STABLE BEAMS,6800,332166.330763685,320270.208488946,43.0,PLTZERO
367619:8782,302:302,05/17/23 10:16:43,STABLE BEAMS,6800,331952.095379843,322316.389046217,42.9,PLTZERO
367619:8782,303:303,05/17/23 10:17:07,STABLE BEAMS,6800,331201.961503032,321662.663889430,42.8,PLTZERO
367619:8782,304:304,05/17/23 10:17:30,STABLE BEAMS,6800,330831.492615796,321260.368795547,42.8,PLTZERO
367619:8782,305:305,05/17/23 10:17:53,STABLE BEAMS,6800,329964.305993030,320482.714212982,42.7,PLTZERO
367619:8782,306:306,05/17/23 10:18:17,STABLE BEAMS,6800,330120.879833798,316175.660823327,42.6,PLTZERO
367619:8782,307:307,05/17/23 10:18:40,STABLE BEAMS,6800,329917.183253167,278524.314274446,42.7,PLTZERO
367619:8782,308:308,05/17/23 10:19:03,STABLE BEAMS,6800,329360.615092410,176486.340653124,42.6,PLTZERO
367619:8782,309:309,05/17/23 10:19:27,STABLE BEAMS,6800,328800.769436117,319430.108991444,42.5,PLTZERO
367619:8782,310:310,05/17/23 10:19:50,STABLE BEAMS,6800,328929.799260352,319581.880811726,42.5,PLTZERO
367619:8782,311:311,05/17/23 10:20:13,STABLE BEAMS,6800,329231.813713810,319795.113832070,42.6,PLTZERO
367619:8782,312:312,05/17/23 10:20:36,STABLE BEAMS,6800,329221.433423896,315368.956347902,42.6,PLTZERO
367619:8782,313:313,05/17/23 10:21:00,STABLE BEAMS,6800,329050.744906409,314977.955326473,42.5,PLTZERO
367619:8782,314:314,05/17/23 10:21:23,STABLE BEAMS,6800,329072.577782074,318614.436859316,42.5,PLTZERO
367619:8782,315:315,05/17/23 10:21:46,STABLE BEAMS,6800,329103.331692883,319723.862104805,42.5,PLTZERO
367619:8782,316:316,05/17/23 10:22:10,STABLE BEAMS,6800,328635.726789318,314063.804477141,42.5,PLTZERO
367619:8782,317:317,05/17/23 10:22:33,STABLE BEAMS,6800,328691.887118221,319377.046665077,42.5,PLTZERO
367619:8782,318:318,05/17/23 10:22:56,STABLE BEAMS,6800,329218.270151178,319664.060632213,42.6,PLTZERO
367619:8782,319:319,05/17/23 10:23:20,STABLE BEAMS,6800,329162.520091986,319786.076243029,42.6,PLTZERO
367619:8782,320:320,05/17/23 10:23:43,STABLE BEAMS,6800,329182.005572200,319749.266191821,42.6,PLTZERO
367619:8782,321:321,05/17/23 10:24:06,STABLE BEAMS,6800,329209.414386214,319601.799872430,42.6,PLTZERO
367619:8782,322:322,05/17/23 10:24:30,STABLE BEAMS,6800,329212.190700000,319826.483147446,42.6,PLTZERO
367619:8782,323:323,05/17/23 10:24:53,STABLE BEAMS,6800,329094.748664035,315150.373503765,42.6,PLTZERO
367619:8782,324:324,05/17/23 10:25:16,STABLE BEAMS,6800,328756.560543636,319499.428255125,42.5,PLTZERO
367619:8782,325:325,05/17/23 10:25:39,STABLE BEAMS,6800,328574.787750708,319392.002860920,42.5,PLTZERO
367619:8782,326:326,05/17/23 10:26:03,STABLE BEAMS,6800,328428.093018104,312179.547584431,42.5,PLTZERO
367619:8782,327:327,05/17/23 10:26:26,STABLE BEAMS,6800,327868.543408705,311813.472779047,42.4,PLTZERO
367619:8782,328:328,05/17/23 10:26:49,STABLE BEAMS,6800,327463.472001037,318354.831706195,42.3,PLTZERO
367619:8782,329:329,05/17/23 10:27:13,STABLE BEAMS,6800,327861.463925106,318708.591427004,42.3,PLTZERO
367619:8782,330:330,05/17/23 10:27:36,STABLE BEAMS,6800,327867.860402879,314741.660952409,42.4,PLTZERO
367619:8782,331:331,05/17/23 10:27:59,STABLE BEAMS,6800,327678.984815572,318582.384538113,42.4,PLTZERO
367619:8782,332:332,05/17/23 10:28:23,STABLE BEAMS,6800,327555.304815131,318458.296599038,42.3,PLTZERO
367619:8782,333:333,05/17/23 10:28:46,STABLE BEAMS,6800,327384.935655317,318350.232489487,42.3,PLTZERO
367619:8782,334:334,05/17/23 10:29:09,STABLE BEAMS,6800,327349.491615762,314634.713429175,42.3,PLTZERO
367619:8782,335:335,05/17/23 10:29:33,STABLE BEAMS,6800,326999.829929911,317942.976861822,42.3,PLTZERO
367619:8782,336:336,05/17/23 10:29:56,STABLE BEAMS,6800,326785.046742761,317733.270762350,42.3,PLTZERO
367619:8782,337:337,05/17/23 10:30:19,STABLE BEAMS,6800,326836.950523409,317812.993626724,42.3,PLTZERO
367619:8782,338:338,05/17/23 10:30:43,STABLE BEAMS,6800,326560.498670264,313015.956985609,42.2,PLTZERO
367619:8782,339:339,05/17/23 10:31:06,STABLE BEAMS,6800,326411.461204365,317418.461022267,42.2,PLTZERO
367619:8782,340:340,05/17/23 10:31:29,STABLE BEAMS,6800,326262.966879618,316917.598630221,42.2,PLTZERO
367619:8782,341:341,05/17/23 10:31:52,STABLE BEAMS,6800,326080.692904940,317082.482763723,42.1,PLTZERO
367619:8782,342:342,05/17/23 10:32:16,STABLE BEAMS,6800,325794.476166448,316871.249808223,42.1,PLTZERO
367619:8782,343:343,05/17/23 10:32:39,STABLE BEAMS,6800,325425.736939018,316521.725655969,42.1,PLTZERO
367619:8782,344:344,05/17/23 10:33:02,STABLE BEAMS,6800,325416.198168228,316526.345852378,42.0,PLTZERO
367619:8782,345:345,05/17/23 10:33:26,STABLE BEAMS,6800,325254.025078331,316361.760096848,42.1,PLTZERO
367619:8782,346:346,05/17/23 10:33:49,STABLE BEAMS,6800,324589.509361917,315779.240045767,42.0,PLTZERO
367619:8782,347:347,05/17/23 10:34:12,STABLE BEAMS,6800,324198.485029709,315494.002359996,41.9,PLTZERO
367619:8782,348:348,05/17/23 10:34:36,STABLE BEAMS,6800,324644.075233533,315775.734104597,41.9,PLTZERO
367619:8782,349:349,05/17/23 10:34:59,STABLE BEAMS,6800,324641.525034305,315911.614966796,42.0,PLTZERO
367619:8782,350:350,05/17/23 10:35:22,STABLE BEAMS,6800,324475.549956343,315701.023057720,41.9,PLTZERO
367619:8782,351:351,05/17/23 10:35:46,STABLE BEAMS,6800,324153.637421882,315381.364675594,41.9,PLTZERO
367619:8782,352:352,05/17/23 10:36:09,STABLE BEAMS,6800,323649.656047598,314903.379482115,41.8,PLTZERO
367619:8782,353:353,05/17/23 10:36:32,STABLE BEAMS,6800,323645.080141670,314933.974879626,41.8,PLTZERO
367619:8782,354:354,05/17/23 10:36:56,STABLE BEAMS,6800,324409.692343352,315639.421992985,41.9,PLTZERO
367619:8782,355:355,05/17/23 10:37:19,STABLE BEAMS,6800,324176.015769776,308896.846752098,41.9,PLTZERO
367619:8782,356:356,05/17/23 10:37:42,STABLE BEAMS,6800,324094.131996184,315285.161090427,41.9,PLTZERO
367619:8782,357:357,05/17/23 10:38:05,STABLE BEAMS,6800,323849.984220656,315062.228454918,41.9,PLTZERO
367619:8782,358:358,05/17/23 10:38:29,STABLE BEAMS,6800,323561.103060118,314815.418588422,41.8,PLTZERO
367619:8782,359:359,05/17/23 10:38:52,STABLE BEAMS,6800,323568.045010121,314798.413375100,41.8,PLTZERO
367619:8782,360:360,05/17/23 10:39:15,STABLE BEAMS,6800,323464.330691942,314718.851355102,41.8,PLTZERO
367619:8782,361:361,05/17/23 10:39:39,STABLE BEAMS,6800,323108.090704242,314371.716557701,41.8,PLTZERO
367619:8782,362:362,05/17/23 10:40:02,STABLE BEAMS,6800,322879.808244940,314254.456345812,41.7,PLTZERO
367619:8782,363:363,05/17/23 10:40:25,STABLE BEAMS,6800,322830.729730714,313956.675129831,41.7,PLTZERO
367619:8782,364:364,05/17/23 10:40:49,STABLE BEAMS,6800,322647.087413305,314000.063482889,41.7,PLTZERO
367619:8782,365:365,05/17/23 10:41:12,STABLE BEAMS,6800,322024.412214221,313407.573411605,41.7,PLTZERO
367619:8782,366:366,05/17/23 10:41:35,STABLE BEAMS,6800,321767.835131300,313146.557956352,41.6,PLTZERO
367619:8782,367:367,05/17/23 10:41:59,STABLE BEAMS,6800,322090.269827212,313477.256323439,41.6,PLTZERO
367619:8782,368:368,05/17/23 10:42:22,STABLE BEAMS,6800,322110.552536069,313481.489560916,41.6,PLTZERO
367619:8782,369:369,05/17/23 10:42:45,STABLE BEAMS,6800,322137.823816487,313521.213459506,41.6,PLTZERO
367619:8782,370:370,05/17/23 10:43:08,STABLE BEAMS,6800,321961.309935314,313341.830021431,41.6,PLTZERO
367619:8782,371:371,05/17/23 10:43:32,STABLE BEAMS,6800,321861.987367910,313314.763875869,41.6,PLTZERO
367619:8782,372:372,05/17/23 10:43:55,STABLE BEAMS,6800,321704.844744133,313203.398960003,41.6,PLTZERO
367619:8782,373:373,05/17/23 10:44:18,STABLE BEAMS,6800,321643.723881446,313111.841213102,41.6,PLTZERO
367619:8782,374:374,05/17/23 10:44:42,STABLE BEAMS,6800,321535.797305492,266704.905442505,41.6,PLTZERO
367619:8782,375:375,05/17/23 10:45:05,STABLE BEAMS,6800,321382.160622885,312929.816663760,41.5,PLTZERO
367619:8782,376:376,05/17/23 10:45:28,STABLE BEAMS,6800,321139.150413375,312659.716997908,41.5,PLTZERO
367619:8782,377:377,05/17/23 10:45:52,STABLE BEAMS,6800,321138.148049875,312706.567001657,41.5,PLTZERO
367619:8782,378:378,05/17/23 10:46:15,STABLE BEAMS,6800,320794.927132278,312395.580229339,41.5,PLTZERO
367619:8782,379:379,05/17/23 10:46:38,STABLE BEAMS,6800,320582.649853876,312005.262213736,41.4,PLTZERO
367619:8782,380:380,05/17/23 10:47:02,STABLE BEAMS,6800,320781.178434791,312346.751140449,41.4,PLTZERO
367619:8782,381:381,05/17/23 10:47:25,STABLE BEAMS,6800,320635.257620052,312202.858363488,41.5,PLTZERO
367619:8782,382:382,05/17/23 10:47:48,STABLE BEAMS,6800,320272.257506425,247716.068370057,41.4,PLTZERO
367619:8782,383:383,05/17/23 10:48:12,STABLE BEAMS,6800,319968.783798198,306532.693182026,41.4,PLTZERO
367619:8782,384:384,05/17/23 10:48:35,STABLE BEAMS,6800,319662.351952108,311263.825588592,41.3,PLTZERO
367619:8782,385:385,05/17/23 10:48:58,STABLE BEAMS,6800,319406.868144725,311080.297494001,41.3,PLTZERO
367619:8782,386:386,05/17/23 10:49:21,STABLE BEAMS,6800,318732.790346742,310454.459022198,41.2,PLTZERO
367619:8782,387:387,05/17/23 10:49:45,STABLE BEAMS,6800,318485.157609745,310170.265659329,41.2,PLTZERO
367619:8782,388:388,05/17/23 10:50:08,STABLE BEAMS,6800,318821.184820925,306107.315754721,41.2,PLTZERO
367619:8782,389:389,05/17/23 10:50:31,STABLE BEAMS,6800,318378.802180299,310059.609391147,41.2,PLTZERO
367619:8782,390:390,05/17/23 10:50:55,STABLE BEAMS,6800,317751.847122180,309568.444283189,41.1,PLTZERO
367619:8782,391:391,05/17/23 10:51:18,STABLE BEAMS,6800,317749.592969845,309524.622349640,41.1,PLTZERO
367619:8782,392:392,05/17/23 10:51:41,STABLE BEAMS,6800,317883.699881758,305232.730290683,41.1,PLTZERO
367619:8782,393:393,05/17/23 10:52:05,STABLE BEAMS,6800,317416.139268673,309212.180984709,41.1,PLTZERO
367619:8782,394:394,05/17/23 10:52:28,STABLE BEAMS,6800,317138.027688059,309031.384913424,41.0,PLTZERO
367619:8782,395:395,05/17/23 10:52:51,STABLE BEAMS,6800,316675.066291682,308670.249662122,41.0,PLTZERO
367619:8782,396:396,05/17/23 10:53:15,STABLE BEAMS,6800,316374.620653654,308351.775467571,40.9,PLTZERO
367619:8782,397:397,05/17/23 10:53:38,STABLE BEAMS,6800,315719.916444146,307794.433388949,40.9,PLTZERO
367619:8782,398:398,05/17/23 10:54:01,STABLE BEAMS,6800,315187.752337983,302774.240328846,40.8,PLTZERO
367619:8782,399:399,05/17/23 10:54:25,STABLE BEAMS,6800,314661.187480949,306731.608721872,40.7,PLTZERO
367619:8782,400:400,05/17/23 10:54:48,STABLE BEAMS,6800,314095.810176786,306191.794018023,40.6,PLTZERO
367619:8782,401:401,05/17/23 10:55:11,STABLE BEAMS,6800,313347.634405417,305551.113573195,40.6,PLTZERO
367619:8782,402:402,05/17/23 10:55:34,STABLE BEAMS,6800,312779.229031054,305020.520613541,40.5,PLTZERO
367619:8782,403:403,05/17/23 10:55:58,STABLE BEAMS,6800,312983.904664406,305153.350094761,40.4,PLTZERO
367619:8782,404:404,05/17/23 10:56:21,STABLE BEAMS,6800,313014.842730370,304680.987461190,40.4,PLTZERO
367619:8782,405:405,05/17/23 10:56:44,STABLE BEAMS,6800,312698.485154558,301481.993305372,40.5,PLTZERO
367619:8782,406:406,05/17/23 10:57:08,STABLE BEAMS,6800,312691.678407073,304876.170945310,40.4,PLTZERO
367619:8782,407:407,05/17/23 10:57:31,STABLE BEAMS,6800,312929.839974539,305168.555715940,40.5,PLTZERO
367619:8782,408:408,05/17/23 10:57:54,STABLE BEAMS,6800,312741.577460722,305020.793349656,40.4,PLTZERO
367619:8782,409:409,05/17/23 10:58:18,STABLE BEAMS,6800,312702.559878737,304998.666758175,40.4,PLTZERO
367619:8782,410:410,05/17/23 10:58:41,STABLE BEAMS,6800,312423.809582777,304671.222575844,40.4,PLTZERO
367619:8782,411:411,05/17/23 10:59:04,STABLE BEAMS,6800,312249.046341111,304531.220367907,40.4,PLTZERO
367619:8782,412:412,05/17/23 10:59:28,STABLE BEAMS,6800,312031.214104060,299129.152456376,40.3,PLTZERO
367619:8782,413:413,05/17/23 10:59:51,STABLE BEAMS,6800,311979.151810115,304176.847573609,40.3,PLTZERO
367619:8782,414:414,05/17/23 11:00:14,STABLE BEAMS,6800,311539.365990276,303305.150315096,40.3,PLTZERO
367619:8782,415:415,05/17/23 11:00:37,STABLE BEAMS,6800,311208.096509101,303600.406973706,40.2,PLTZERO
367619:8782,416:416,05/17/23 11:01:01,STABLE BEAMS,6800,311156.717220982,303624.125691396,40.2,PLTZERO
367619:8782,417:417,05/17/23 11:01:24,STABLE BEAMS,6800,311122.615882300,302269.802063294,40.2,PLTZERO
367619:8782,418:418,05/17/23 11:01:47,STABLE BEAMS,6800,311012.754511684,297764.697963695,40.2,PLTZERO
367619:8782,419:419,05/17/23 11:02:11,STABLE BEAMS,6800,310984.368976026,303440.327191768,40.2,PLTZERO
367619:8782,420:420,05/17/23 11:02:34,STABLE BEAMS,6800,311143.604907763,303596.991944574,40.2,PLTZERO
367619:8782,421:421,05/17/23 11:02:57,STABLE BEAMS,6800,311032.356545793,303536.598378194,40.2,PLTZERO
367619:8782,422:422,05/17/23 11:03:21,STABLE BEAMS,6800,311004.719286143,303466.094926937,40.2,PLTZERO
367619:8782,423:423,05/17/23 11:03:44,STABLE BEAMS,6800,310838.949343037,303260.897132135,40.2,PLTZERO
367619:8782,424:424,05/17/23 11:04:07,STABLE BEAMS,6800,310931.054893246,303373.056945566,40.2,PLTZERO
367619:8782,425:425,05/17/23 11:04:31,STABLE BEAMS,6800,310751.214563902,297401.513694914,40.2,PLTZERO
367619:8782,426:426,05/17/23 11:04:54,STABLE BEAMS,6800,310726.355949115,303173.118062519,40.2,PLTZERO
367619:8782,427:427,05/17/23 11:05:17,STABLE BEAMS,6800,310527.598922567,303046.591815955,40.2,PLTZERO
367619:8782,428:428,05/17/23 11:05:41,STABLE BEAMS,6800,310271.704845472,302744.712565015,40.1,PLTZERO
367619:8782,429:429,05/17/23 11:06:04,STABLE BEAMS,6800,310208.350810151,302674.416579692,40.1,PLTZERO
367619:8782,430:430,05/17/23 11:06:27,STABLE BEAMS,6800,309756.135682919,302261.424169301,40.0,PLTZERO
367619:8782,431:431,05/17/23 11:06:50,STABLE BEAMS,6800,309086.589500386,298199.089669260,40.0,PLTZERO
367619:8782,432:432,05/17/23 11:07:14,STABLE BEAMS,6800,308679.333872720,301289.042993886,39.9,PLTZERO
367619:8782,433:433,05/17/23 11:07:37,STABLE BEAMS,6800,308986.106056184,301575.966048983,39.9,PLTZERO
367619:8782,434:434,05/17/23 11:08:00,STABLE BEAMS,6800,309313.321792881,301839.326568610,40.0,PLTZERO
367619:8782,435:435,05/17/23 11:08:24,STABLE BEAMS,6800,309118.800334886,301687.533768626,40.0,PLTZERO
367619:8782,436:436,05/17/23 11:08:47,STABLE BEAMS,6800,309019.978949231,301606.561446495,39.9,PLTZERO
367619:8782,437:437,05/17/23 11:09:10,STABLE BEAMS,6800,308569.267367248,301150.726155275,39.9,PLTZERO
367619:8782,438:438,05/17/23 11:09:34,STABLE BEAMS,6800,308305.608469649,300923.150012578,39.9,PLTZERO
367619:8782,439:439,05/17/23 11:09:57,STABLE BEAMS,6800,308886.944333155,301047.601599806,39.9,PLTZERO
367619:8782,440:440,05/17/23 11:10:20,STABLE BEAMS,6800,308930.220794473,301441.835826291,39.9,PLTZERO
367619:8782,441:441,05/17/23 11:10:44,STABLE BEAMS,6800,309215.185744130,301883.216103417,40.0,PLTZERO
367619:8782,442:442,05/17/23 11:11:07,STABLE BEAMS,6800,309028.151708368,301693.634199505,40.0,PLTZERO
367619:8782,443:443,05/17/23 11:11:30,STABLE BEAMS,6800,308780.794038564,301431.593069973,39.9,PLTZERO
367619:8782,444:444,05/17/23 11:11:54,STABLE BEAMS,6800,308019.505953975,300737.255873913,39.9,PLTZERO
367619:8782,445:445,05/17/23 11:12:17,STABLE BEAMS,6800,308305.130598679,301012.476917924,39.9,PLTZERO
367619:8782,446:446,05/17/23 11:12:40,STABLE BEAMS,6800,308044.569703617,300754.076932080,39.8,PLTZERO
367619:8782,447:447,05/17/23 11:13:03,STABLE BEAMS,6800,307763.019783092,300504.078151009,39.8,PLTZERO
367619:8782,448:448,05/17/23 11:13:27,STABLE BEAMS,6800,307250.021799470,300057.895853396,39.8,PLTZERO
367619:8782,449:449,05/17/23 11:13:50,STABLE BEAMS,6800,306699.896738044,299533.676060736,39.7,PLTZERO
367619:8782,450:450,05/17/23 11:14:13,STABLE BEAMS,6800,306676.154709574,299514.213891301,39.6,PLTZERO
367619:8782,451:451,05/17/23 11:14:37,STABLE BEAMS,6800,306516.848845501,299367.633381515,39.6,PLTZERO
367619:8782,452:452,05/17/23 11:15:00,STABLE BEAMS,6800,306016.350101609,298885.526842298,39.6,PLTZERO
367619:8782,453:453,05/17/23 11:15:23,STABLE BEAMS,6800,305689.838350439,298561.271574542,39.5,PLTZERO
367619:8782,454:454,05/17/23 11:15:47,STABLE BEAMS,6800,306454.019302709,298957.736642582,39.5,PLTZERO
367619:8782,455:455,05/17/23 11:16:10,STABLE BEAMS,6800,306485.365307307,299331.483025354,39.6,PLTZERO
367619:8782,456:456,05/17/23 11:16:33,STABLE BEAMS,6800,306734.953818667,299524.479958398,39.6,PLTZERO
367619:8782,457:457,05/17/23 11:16:57,STABLE BEAMS,6800,306567.864485467,299393.652873098,39.6,PLTZERO
367619:8782,458:458,05/17/23 11:17:20,STABLE BEAMS,6800,306709.913379804,299528.144412866,39.7,PLTZERO
367619:8782,459:459,05/17/23 11:17:43,STABLE BEAMS,6800,306750.844776750,299532.834541612,39.6,PLTZERO
367619:8782,460:460,05/17/23 11:18:06,STABLE BEAMS,6800,306657.736863042,299458.622345407,39.7,PLTZERO
367619:8782,461:461,05/17/23 11:18:30,STABLE BEAMS,6800,306610.751656775,299466.976928621,39.6,PLTZERO
367619:8782,462:462,05/17/23 11:18:53,STABLE BEAMS,6800,306362.209799395,299262.233694010,39.6,PLTZERO
367619:8782,463:463,05/17/23 11:19:16,STABLE BEAMS,6800,306292.028036889,298739.289000964,39.6,PLTZERO
367619:8782,464:464,05/17/23 11:19:40,STABLE BEAMS,6800,306277.116131526,299143.243822315,39.6,PLTZERO
367619:8782,465:465,05/17/23 11:20:03,STABLE BEAMS,6800,306173.721171020,299039.391970540,39.6,PLTZERO
367619:8782,466:466,05/17/23 11:20:26,STABLE BEAMS,6800,306081.228661879,298944.465816065,39.6,PLTZERO
367619:8782,467:467,05/17/23 11:20:50,STABLE BEAMS,6800,305905.463056714,298795.745376762,39.6,PLTZERO
367619:8782,468:468,05/17/23 11:21:13,STABLE BEAMS,6800,305684.511837425,298641.379066770,39.5,PLTZERO
367619:8782,469:469,05/17/23 11:21:36,STABLE BEAMS,6800,306187.446557729,299060.471908041,39.5,PLTZERO
367619:8782,470:470,05/17/23 11:22:00,STABLE BEAMS,6800,306105.562784136,298984.688565328,39.6,PLTZERO
367619:8782,471:471,05/17/23 11:22:23,STABLE BEAMS,6800,305875.664887846,298776.691145961,39.5,PLTZERO
367619:8782,472:472,05/17/23 11:22:46,STABLE BEAMS,6800,305790.298483862,295257.674959862,39.6,PLTZERO
367619:8782,473:473,05/17/23 11:23:10,STABLE BEAMS,6800,305479.859514853,298423.614430979,39.5,PLTZERO
367619:8782,474:474,05/17/23 11:23:33,STABLE BEAMS,6800,305008.956136051,297973.653456081,39.5,PLTZERO
367619:8782,475:475,05/17/23 11:23:56,STABLE BEAMS,6800,304232.301585907,297263.744659611,39.3,PLTZERO
367619:8782,476:476,05/17/23 11:24:19,STABLE BEAMS,6800,303721.490153360,296742.415403553,39.3,PLTZERO
367619:8782,477:477,05/17/23 11:24:43,STABLE BEAMS,6800,303409.570949881,292197.405581288,39.2,PLTZERO
367619:8782,478:478,05/17/23 11:25:06,STABLE BEAMS,6800,303019.138711460,295690.654032217,39.2,PLTZERO
367619:8782,479:479,05/17/23 11:25:29,STABLE BEAMS,6800,302735.448861418,295817.040414106,39.1,PLTZERO
367619:8782,480:480,05/17/23 11:25:53,STABLE BEAMS,6800,302904.838968512,295982.311506540,39.1,PLTZERO
367619:8782,481:481,05/17/23 11:26:16,STABLE BEAMS,6800,302989.384833072,296043.411389526,39.2,PLTZERO
367619:8782,482:482,05/17/23 11:26:39,STABLE BEAMS,6800,302527.996914281,295652.044388865,39.1,PLTZERO
367619:8782,483:483,05/17/23 11:27:03,STABLE BEAMS,6800,302385.558729933,295506.762289472,39.1,PLTZERO
367619:8782,484:484,05/17/23 11:27:26,STABLE BEAMS,6800,302475.501039846,295457.385397275,39.1,PLTZERO
367619:8782,485:485,05/17/23 11:27:49,STABLE BEAMS,6800,302434.821399314,295538.747009416,39.1,PLTZERO
367619:8782,486:486,05/17/23 11:28:13,STABLE BEAMS,6800,302298.280842067,295389.343564286,39.1,PLTZERO
367619:8782,487:487,05/17/23 11:28:36,STABLE BEAMS,6800,302194.361389032,295357.610600756,39.1,PLTZERO
367619:8782,488:488,05/17/23 11:28:59,STABLE BEAMS,6800,301590.034104144,294736.413305064,39.0,PLTZERO
367619:8782,489:489,05/17/23 11:29:22,STABLE BEAMS,6800,301465.125625646,294261.980674313,39.0,PLTZERO
367619:8782,490:490,05/17/23 11:29:46,STABLE BEAMS,6800,301898.148988481,295017.189307724,39.0,PLTZERO
367619:8782,491:491,05/17/23 11:30:09,STABLE BEAMS,6800,301768.687914834,294943.524914827,39.0,PLTZERO
367619:8782,492:492,05/17/23 11:30:32,STABLE BEAMS,6800,301681.729384641,294876.937674451,39.0,PLTZERO
367619:8782,493:493,05/17/23 11:30:56,STABLE BEAMS,6800,301447.003826008,291081.220209872,39.0,PLTZERO
367619:8782,494:494,05/17/23 11:31:19,STABLE BEAMS,6800,300973.641160015,294224.510928057,38.9,PLTZERO
367619:8782,495:495,05/17/23 11:31:42,STABLE BEAMS,6800,300989.940056732,294263.232463148,38.9,PLTZERO
367619:8782,496:496,05/17/23 11:32:06,STABLE BEAMS,6800,301263.226306080,294477.605380587,38.9,PLTZERO
367619:8782,497:497,05/17/23 11:32:29,STABLE BEAMS,6800,301151.318249063,294383.359900861,38.9,PLTZERO
367619:8782,498:498,05/17/23 11:32:52,STABLE BEAMS,6800,301039.226036891,294256.768384116,38.9,PLTZERO
367619:8782,499:499,05/17/23 11:33:16,STABLE BEAMS,6800,300663.931818390,293975.262754071,38.9,PLTZERO
367619:8782,500:500,05/17/23 11:33:39,STABLE BEAMS,6800,300372.272012989,293659.429670788,38.8,PLTZERO
367619:8782,501:501,05/17/23 11:34:02,STABLE BEAMS,6800,300719.702857283,293966.134252993,38.8,PLTZERO
367619:8782,503:503,05/17/23 11:34:49,STABLE BEAMS,6800,300746.223530616,294005.902442063,38.9,PLTZERO
367619:8782,504:504,05/17/23 11:35:12,STABLE BEAMS,6800,300499.094306446,293603.336943144,38.9,PLTZERO
367619:8782,505:505,05/17/23 11:35:35,STABLE BEAMS,6800,300283.490579873,293534.723996069,38.8,PLTZERO
367619:8782,506:506,05/17/23 11:35:59,STABLE BEAMS,6800,300060.378451366,293302.049785992,38.8,PLTZERO
367619:8782,507:507,05/17/23 11:36:22,STABLE BEAMS,6800,299951.358599874,293258.432987299,38.8,PLTZERO
367619:8782,508:508,05/17/23 11:36:45,STABLE BEAMS,6800,299685.925751989,292985.510386103,38.8,PLTZERO
367619:8782,509:509,05/17/23 11:37:09,STABLE BEAMS,6800,299389.897506592,292720.508787631,38.7,PLTZERO
367619:8782,510:510,05/17/23 11:37:32,STABLE BEAMS,6800,299265.215142652,292575.522735132,38.7,PLTZERO
367619:8782,511:511,05/17/23 11:37:55,STABLE BEAMS,6800,299520.109187325,292867.385344312,38.7,PLTZERO
367619:8782,512:512,05/17/23 11:38:19,STABLE BEAMS,6800,299435.947950619,287229.545220167,38.7,PLTZERO
367619:8782,513:513,05/17/23 11:38:42,STABLE BEAMS,6800,299334.329271477,292685.178970893,38.7,PLTZERO
367619:8782,514:514,05/17/23 11:39:05,STABLE BEAMS,6800,299268.266523630,292641.904840652,38.7,PLTZERO
367619:8782,515:515,05/17/23 11:39:29,STABLE BEAMS,6800,299303.458806772,292641.130922787,38.7,PLTZERO
367619:8782,516:516,05/17/23 11:39:52,STABLE BEAMS,6800,298940.799030520,292281.475905956,38.7,PLTZERO
367619:8782,517:517,05/17/23 11:40:15,STABLE BEAMS,6800,298780.924383437,292159.868233773,38.6,PLTZERO
367619:8782,518:518,05/17/23 11:40:39,STABLE BEAMS,6800,298909.180289807,292275.965237787,38.6,PLTZERO
367619:8782,519:519,05/17/23 11:41:02,STABLE BEAMS,6800,299003.220634678,292372.579092665,38.6,PLTZERO
367619:8782,520:520,05/17/23 11:41:25,STABLE BEAMS,6800,298557.378674440,292030.269626529,38.6,PLTZERO
367619:8782,521:521,05/17/23 11:41:48,STABLE BEAMS,6800,298374.102336262,291466.029888384,38.6,PLTZERO
367619:8782,522:522,05/17/23 11:42:12,STABLE BEAMS,6800,298586.335324184,291974.155919184,38.6,PLTZERO
367619:8782,523:523,05/17/23 11:42:35,STABLE BEAMS,6800,298401.965710469,291416.450192408,38.6,PLTZERO
367619:8782,524:524,05/17/23 11:42:58,STABLE BEAMS,6800,298119.049778291,291559.135471014,38.6,PLTZERO
367619:8782,525:525,05/17/23 11:43:22,STABLE BEAMS,6800,297997.078457955,291402.039468796,38.5,PLTZERO
367619:8782,526:526,05/17/23 11:43:45,STABLE BEAMS,6800,298065.917519587,291372.059475851,38.5,PLTZERO
367619:8782,527:527,05/17/23 11:44:08,STABLE BEAMS,6800,297747.510926296,291129.639029051,38.5,PLTZERO
367619:8782,528:528,05/17/23 11:44:32,STABLE BEAMS,6800,297363.724590985,290850.821131832,38.4,PLTZERO
367619:8782,529:529,05/17/23 11:44:55,STABLE BEAMS,6800,297434.773514472,290886.423684685,38.4,PLTZERO
367619:8782,530:530,05/17/23 11:45:18,STABLE BEAMS,6800,297560.022330343,291064.942292857,38.5,PLTZERO
367619:8782,531:531,05/17/23 11:45:42,STABLE BEAMS,6800,297316.557560642,290829.626971513,38.5,PLTZERO
367619:8782,532:532,05/17/23 11:46:05,STABLE BEAMS,6800,297219.922726062,290726.322923046,38.4,PLTZERO
367619:8782,533:533,05/17/23 11:46:28,STABLE BEAMS,6800,297327.233897450,287478.793394153,38.4,PLTZERO
367619:8782,534:534,05/17/23 11:46:51,STABLE BEAMS,6800,297229.279672776,290748.200089190,38.4,PLTZERO
367619:8782,535:535,05/17/23 11:47:15,STABLE BEAMS,6800,296962.023921969,290340.601793073,38.4,PLTZERO
367619:8782,536:536,05/17/23 11:47:38,STABLE BEAMS,6800,296812.233517906,290345.154388222,38.4,PLTZERO
367619:8782,537:537,05/17/23 11:48:01,STABLE BEAMS,6800,296696.591074084,290217.446285160,38.4,PLTZERO
367619:8782,538:538,05/17/23 11:48:25,STABLE BEAMS,6800,296733.219301216,290265.296321330,38.4,PLTZERO
367619:8782,539:539,05/17/23 11:48:48,STABLE BEAMS,6800,296437.783149607,289515.596025010,38.3,PLTZERO
367619:8782,540:540,05/17/23 11:49:11,STABLE BEAMS,6800,296251.523031710,289812.421499050,38.3,PLTZERO
367619:8782,541:541,05/17/23 11:49:35,STABLE BEAMS,6800,296324.688573935,289919.072975391,38.3,PLTZERO
367619:8782,542:542,05/17/23 11:49:58,STABLE BEAMS,6800,83329.439109612,82087.417490693,38.3,PLTZERO
367619:8782,543:543,05/17/23 11:50:21,STABLE BEAMS,6800,80538.849802866,80070.613876512,4.0,PLTZERO
367619:8782,544:544,05/17/23 11:50:45,STABLE BEAMS,6800,195341.824451146,192829.268400796,19.5,PLTZERO
367619:8782,545:545,05/17/23 11:51:08,STABLE BEAMS,6800,282824.605207097,277034.335898701,32.0,PLTZERO
367619:8782,546:546,05/17/23 11:51:31,STABLE BEAMS,6800,242075.475242906,238136.431453297,37.3,PLTZERO
367619:8782,547:547,05/17/23 11:51:55,STABLE BEAMS,6800,130272.595994360,129167.064115189,21.8,PLTZERO
367619:8782,548:548,05/17/23 11:52:18,STABLE BEAMS,6800,45013.623698984,44833.565646963,10.5,PLTZERO
367619:8782,549:549,05/17/23 11:52:41,STABLE BEAMS,6800,181857.380985300,174310.095039920,6.2,PLTZERO
367619:8782,550:550,05/17/23 11:53:04,STABLE BEAMS,6800,23769.670157933,23699.133139154,1.3,PLTZERO
367619:8782,551:551,05/17/23 11:53:28,STABLE BEAMS,6800,102014.627642989,101311.423026576,5.1,PLTZERO
367619:8782,552:552,05/17/23 11:53:51,STABLE BEAMS,6800,251011.902495311,246694.377903703,29.2,PLTZERO
367619:8782,553:553,05/17/23 11:54:14,STABLE BEAMS,6800,267070.959268188,262159.555282865,38.1,PLTZERO
367619:8782,554:554,05/17/23 11:54:38,STABLE BEAMS,6800,132387.833102832,131211.959082995,32.0,PLTZERO
367619:8782,555:555,05/17/23 11:55:01,STABLE BEAMS,6800,33769.527691454,33654.396686125,6.6,PLTZERO
367619:8782,556:556,05/17/23 11:55:24,STABLE BEAMS,6800,205499.906228592,201340.548303286,1.8,PLTZERO
367619:8782,557:557,05/17/23 11:55:48,STABLE BEAMS,6800,293940.774456457,287593.708541669,38.0,PLTZERO
367619:8782,558:558,05/17/23 11:56:11,STABLE BEAMS,6800,293940.023849371,287224.242017932,38.0,PLTZERO
367619:8782,559:559,05/17/23 11:56:34,STABLE BEAMS,6800,293907.493657198,287610.030749164,38.0,PLTZERO
367619:8782,560:560,05/17/23 11:56:58,STABLE BEAMS,6800,293990.058105539,287664.414796703,38.0,PLTZERO
367619:8782,561:561,05/17/23 11:57:21,STABLE BEAMS,6800,268632.758154207,263213.412293238,38.0,PLTZERO
367619:8782,562:562,05/17/23 11:57:44,STABLE BEAMS,6800,249258.018127709,244882.237568161,26.0,PLTZERO
367619:8782,563:563,05/17/23 11:58:08,STABLE BEAMS,6800,238904.001792841,235051.144946638,38.0,PLTZERO
367619:8782,564:564,05/17/23 11:58:31,STABLE BEAMS,6800,213436.475190985,209784.513902202,33.5,PLTZERO
367619:8782,565:565,05/17/23 11:58:54,STABLE BEAMS,6800,236125.011929754,231612.713657523,14.4,PLTZERO
367619:8782,566:566,05/17/23 11:59:17,STABLE BEAMS,6800,181994.377268277,179542.112916203,37.8,PLTZERO
367619:8782,567:567,05/17/23 11:59:41,STABLE BEAMS,6800,291838.114212609,281786.548242768,37.8,PLTZERO
367619:8782,568:568,05/17/23 12:00:04,STABLE BEAMS,6800,291528.176425349,285376.634332055,37.7,PLTZERO
367619:8782,569:569,05/17/23 12:00:27,STABLE BEAMS,6800,291276.151937578,285152.109570336,37.7,PLTZERO
367619:8782,570:570,05/17/23 12:00:51,STABLE BEAMS,6800,290952.577344570,284239.893515667,37.6,PLTZERO
367619:8782,571:571,05/17/23 12:01:14,STABLE BEAMS,6800,290676.922720069,284386.154667780,37.6,PLTZERO
367619:8782,572:572,05/17/23 12:01:37,STABLE BEAMS,6800,290788.993952540,284541.362496895,37.6,PLTZERO
367619:8782,573:573,05/17/23 12:02:01,STABLE BEAMS,6800,290890.908678575,284660.806928782,37.6,PLTZERO
367619:8782,574:574,05/17/23 12:02:24,STABLE BEAMS,6800,289628.916715238,283493.992876333,37.5,PLTZERO
367619:8782,575:575,05/17/23 12:02:47,STABLE BEAMS,6800,289520.740713948,283390.483693010,37.4,PLTZERO
367619:8782,576:576,05/17/23 12:03:11,STABLE BEAMS,6800,289358.726137348,283216.951260478,37.4,PLTZERO
367619:8782,577:577,05/17/23 12:03:34,STABLE BEAMS,6800,289237.050863906,283097.322673437,37.4,PLTZERO
367619:8782,578:578,05/17/23 12:03:57,STABLE BEAMS,6800,289327.060775077,283259.565695672,37.4,PLTZERO
367619:8782,579:579,05/17/23 12:04:20,STABLE BEAMS,6800,289220.523521555,283214.151635914,37.4,PLTZERO
367516:8773,1:1,05/15/23 09:48:43,STABLE BEAMS,6800,453713.173468659,425379.695443121,58.6,HFET
367516:8773,2:2,05/15/23 09:49:07,STABLE BEAMS,6800,453650.842776539,433252.911069517,58.7,HFET
367516:8773,3:3,05/15/23 09:49:30,STABLE BEAMS,6800,453076.633018191,429749.282328673,58.6,HFET
367516:8773,4:4,05/15/23 09:49:53,STABLE BEAMS,6800,452418.467157993,431675.107002597,58.5,HFET
367516:8773,5:5,05/15/23 09:50:17,STABLE BEAMS,6800,452235.123218556,308388.676430818,58.5,HFET
367516:8773,6:6,05/15/23 09:50:40,STABLE BEAMS,6800,451983.895959429,425898.404567612,58.4,HFET
367516:8773,7:7,05/15/23 09:51:03,STABLE BEAMS,6800,451066.124946110,427483.856901140,58.4,HFET
367516:8773,8:8,05/15/23 09:51:27,STABLE BEAMS,6800,450248.835045915,437103.786499500,58.2,HFET
367516:8773,9:9,05/15/23 09:51:50,STABLE BEAMS,6800,449748.793193292,280924.231241747,58.1,HFET
367516:8773,10:10,05/15/23 09:52:13,STABLE BEAMS,6800,449576.920488230,36291.556543089,58.1,HFET
367516:8773,11:11,05/15/23 09:52:37,STABLE BEAMS,6800,448812.308286547,366733.393169408,58.1,HFET
367516:8773,12:12,05/15/23 09:53:00,STABLE BEAMS,6800,448164.159068110,407105.956146561,58.0,HFET
367516:8773,13:13,05/15/23 09:53:23,STABLE BEAMS,6800,448169.986762874,170901.303406375,57.9,HFET
367516:8773,14:14,05/15/23 09:53:47,STABLE BEAMS,6800,460565.721971901,438191.061842729,58.2,HFET
367516:8773,15:15,05/15/23 09:54:10,STABLE BEAMS,6800,469073.927881957,451180.811647991,60.6,HFET
367516:8773,16:16,05/15/23 09:54:33,STABLE BEAMS,6800,468940.301172093,353864.318605166,60.5,HFET
367516:8773,17:17,05/15/23 09:54:56,STABLE BEAMS,6800,468920.633867803,451536.529474240,60.7,HFET
367516:8773,18:18,05/15/23 09:55:20,STABLE BEAMS,6800,468672.409037017,447531.900807755,60.6,HFET
367516:8773,19:19,05/15/23 09:55:43,STABLE BEAMS,6800,469700.178954549,287504.586771179,60.7,HFET
367516:8773,20:20,05/15/23 09:56:06,STABLE BEAMS,6800,469892.765617881,453982.930466058,60.7,HFET
367516:8773,21:21,05/15/23 09:56:30,STABLE BEAMS,6800,470085.625017329,447326.292743241,60.8,HFET
367516:8773,22:22,05/15/23 09:56:53,STABLE BEAMS,6800,470498.617427721,454894.647670056,60.8,HFET
367516:8773,23:23,05/15/23 09:57:16,STABLE BEAMS,6800,470670.991314533,448601.919181249,60.8,HFET
367516:8773,24:24,05/15/23 09:57:40,STABLE BEAMS,6800,470497.298037626,444903.701381152,60.8,HFET
367516:8773,25:25,05/15/23 09:58:03,STABLE BEAMS,6800,470439.932541445,454909.443021523,60.8,HFET
367516:8773,26:26,05/15/23 09:58:26,STABLE BEAMS,6800,470264.372071136,449691.789014187,60.8,HFET
367516:8773,27:27,05/15/23 09:58:50,STABLE BEAMS,6800,469940.888390166,304938.294171496,60.8,HFET
367516:8773,28:28,05/15/23 09:59:13,STABLE BEAMS,6800,469121.369979493,453672.332983751,60.7,HFET
367516:8773,29:29,05/15/23 09:59:36,STABLE BEAMS,6800,468491.524384771,453225.421058754,60.6,HFET
367516:8773,30:30,05/15/23 09:59:59,STABLE BEAMS,6800,466762.748057291,163902.936422713,60.4,HFET
367516:8773,31:31,05/15/23 10:00:23,STABLE BEAMS,6800,465589.057325021,7322.012581303,60.3,HFET
367516:8773,32:32,05/15/23 10:00:46,STABLE BEAMS,6800,463206.213172301,441197.240889581,59.9,HFET
367516:8773,33:33,05/15/23 10:01:09,STABLE BEAMS,6800,464212.401970582,447014.191715685,59.8,HFET
367516:8773,34:34,05/15/23 10:01:33,STABLE BEAMS,6800,465635.270944501,450125.907983638,60.2,HFET
367516:8773,35:35,05/15/23 10:01:56,STABLE BEAMS,6800,465686.354185726,444285.238439843,60.2,HFET
367516:8773,36:36,05/15/23 10:02:19,STABLE BEAMS,6800,465388.503037407,450435.458811965,60.2,HFET
367516:8773,37:37,05/15/23 10:02:43,STABLE BEAMS,6800,464361.737814453,330023.151723681,60.1,HFET
367516:8773,38:38,05/15/23 10:03:06,STABLE BEAMS,6800,463706.576713675,444144.280489965,60.0,HFET
367516:8773,39:39,05/15/23 10:03:29,STABLE BEAMS,6800,465032.740920677,447359.347427944,59.9,HFET
367516:8773,40:40,05/15/23 10:03:53,STABLE BEAMS,6800,465168.689384136,448747.294523758,60.1,HFET
367516:8773,41:41,05/15/23 10:04:16,STABLE BEAMS,6800,465391.372594309,231669.078421959,60.1,HFET
367516:8773,42:42,05/15/23 10:04:39,STABLE BEAMS,6800,464909.722946361,298820.944328922,60.1,HFET
367516:8773,43:43,05/15/23 10:05:03,STABLE BEAMS,6800,464561.061292933,442579.635357824,60.1,HFET
367516:8773,44:44,05/15/23 10:05:26,STABLE BEAMS,6800,464122.755707564,445615.864329957,60.0,HFET
367516:8773,45:45,05/15/23 10:05:49,STABLE BEAMS,6800,464339.245243741,447581.389591692,60.1,HFET
367516:8773,46:46,05/15/23 10:06:12,STABLE BEAMS,6800,463978.930531862,447877.009898456,60.0,HFET
367516:8773,47:47,05/15/23 10:06:36,STABLE BEAMS,6800,464203.159246686,447907.467762371,60.0,HFET
367516:8773,48:48,05/15/23 10:06:59,STABLE BEAMS,6800,464287.569908728,155317.990728680,60.0,HFET
367516:8773,49:49,05/15/23 10:07:22,STABLE BEAMS,6800,464262.802205980,342364.684709246,60.0,HFET
367516:8773,50:50,05/15/23 10:07:46,STABLE BEAMS,6800,464363.602676777,447834.348841704,60.0,HFET
367516:8773,51:51,05/15/23 10:08:09,STABLE BEAMS,6800,464403.851067896,447964.105962245,60.0,HFET
367516:8773,52:52,05/15/23 10:08:32,STABLE BEAMS,6800,464396.338003806,447921.444905493,60.0,HFET
367516:8773,53:53,05/15/23 10:08:56,STABLE BEAMS,6800,464317.300476337,447768.787275607,60.0,HFET
367516:8773,54:54,05/15/23 10:09:19,STABLE BEAMS,6800,464113.377781149,447737.417960230,60.0,HFET
367516:8773,55:55,05/15/23 10:09:42,STABLE BEAMS,6800,463767.037881314,447556.759422541,60.0,HFET
367516:8773,56:56,05/15/23 10:10:06,STABLE BEAMS,6800,463318.988390299,447233.914456918,59.9,HFET
367516:8773,57:57,05/15/23 10:10:29,STABLE BEAMS,6800,463100.358924605,445847.195839160,59.9,HFET
367516:8773,58:58,05/15/23 10:10:52,STABLE BEAMS,6800,462396.210221639,446377.334238623,59.8,HFET
367516:8773,59:59,05/15/23 10:11:16,STABLE BEAMS,6800,461390.795341223,445267.841391874,59.7,HFET
367516:8773,60:60,05/15/23 10:11:39,STABLE BEAMS,6800,460299.878854305,15491.572057733,59.5,HFET
367516:8773,61:61,05/15/23 10:12:02,STABLE BEAMS,6800,460950.440738375,430405.352549834,59.5,HFET
367516:8773,62:62,05/15/23 10:12:25,STABLE BEAMS,6800,461095.904661845,445592.005747592,59.6,HFET
367516:8773,63:63,05/15/23 10:12:49,STABLE BEAMS,6800,461010.766703496,445515.562709832,59.6,HFET
367516:8773,64:64,05/15/23 10:13:12,STABLE BEAMS,6800,460473.024327905,445137.946737737,59.6,HFET
367516:8773,65:65,05/15/23 10:13:35,STABLE BEAMS,6800,460799.193410622,445214.480687536,59.5,HFET
367516:8773,66:66,05/15/23 10:13:59,STABLE BEAMS,6800,460732.494278507,445114.181398488,59.6,HFET
367516:8773,67:67,05/15/23 10:14:22,STABLE BEAMS,6800,460671.667131636,445178.605398568,59.5,HFET
367516:8773,68:68,05/15/23 10:14:45,STABLE BEAMS,6800,460375.093414010,445016.157241477,59.5,HFET
367516:8773,69:69,05/15/23 10:15:09,STABLE BEAMS,6800,459804.935069062,444205.972466739,59.5,HFET
367516:8773,70:70,05/15/23 10:15:32,STABLE BEAMS,6800,459659.242699958,444484.699451920,59.4,HFET
367516:8773,71:71,05/15/23 10:15:55,STABLE BEAMS,6800,459443.025899895,444213.438909271,59.4,HFET
367516:8773,72:72,05/15/23 10:16:19,STABLE BEAMS,6800,457369.413217830,442545.671552738,59.3,HFET
367516:8773,73:73,05/15/23 10:16:42,STABLE BEAMS,6800,454531.827049428,440276.740184035,58.9,HFET
367516:8773,74:74,05/15/23 10:17:05,STABLE BEAMS,6800,453343.387587249,301555.294050115,58.6,HFET
367516:8773,75:75,05/15/23 10:17:28,STABLE BEAMS,6800,452790.439590479,438284.715228667,58.6,HFET
367516:8773,76:76,05/15/23 10:17:52,STABLE BEAMS,6800,451523.051181790,436324.833506542,58.4,HFET
367516:8773,77:77,05/15/23 10:18:15,STABLE BEAMS,6800,450592.715658560,436298.382765546,58.3,HFET
367516:8773,78:78,05/15/23 10:18:38,STABLE BEAMS,6800,451126.040641520,430523.363368809,58.2,HFET
367516:8773,79:79,05/15/23 10:19:02,STABLE BEAMS,6800,451241.820618938,428747.144943793,58.4,HFET
367516:8773,80:80,05/15/23 10:19:25,STABLE BEAMS,6800,451119.711765006,425831.295165786,58.3,HFET
367516:8773,81:81,05/15/23 10:19:48,STABLE BEAMS,6800,450831.923880006,430134.364743300,58.3,HFET
367516:8773,82:82,05/15/23 10:20:12,STABLE BEAMS,6800,450450.939500337,421445.227559440,58.2,HFET
367516:8773,83:83,05/15/23 10:20:35,STABLE BEAMS,6800,450122.630488102,427940.647934301,58.2,HFET
367516:8773,84:84,05/15/23 10:20:58,STABLE BEAMS,6800,450035.305978678,418894.198466904,58.2,HFET
367516:8773,85:85,05/15/23 10:21:22,STABLE BEAMS,6800,456147.919070948,441681.077088603,58.1,HFET
367516:8773,86:86,05/15/23 10:21:45,STABLE BEAMS,6800,470560.080958859,447014.965633550,60.4,HFET
367516:8773,87:87,05/15/23 10:22:08,STABLE BEAMS,6800,470734.322039074,447197.036804450,60.9,HFET
367516:8773,88:88,05/15/23 10:22:32,STABLE BEAMS,6800,470503.079110832,453593.248834723,60.8,HFET
367516:8773,89:89,05/15/23 10:22:55,STABLE BEAMS,6800,469783.496341053,444007.420575046,60.7,HFET
367516:8773,90:90,05/15/23 10:23:18,STABLE BEAMS,6800,470320.509089260,453267.671845794,60.7,HFET
367516:8773,91:91,05/15/23 10:23:41,STABLE BEAMS,6800,469879.697595142,451413.283054290,60.7,HFET
367516:8773,92:92,05/15/23 10:24:05,STABLE BEAMS,6800,469966.066362625,452903.396632554,60.8,HFET
367516:8773,93:93,05/15/23 10:24:28,STABLE BEAMS,6800,469555.577529904,452815.433407783,60.7,HFET
367516:8773,94:94,05/15/23 10:24:51,STABLE BEAMS,6800,469399.096932253,446941.618267248,60.7,HFET
367516:8773,95:95,05/15/23 10:25:15,STABLE BEAMS,6800,468772.344677911,172740.282607385,60.7,HFET
367516:8773,96:96,05/15/23 10:25:38,STABLE BEAMS,6800,468466.665769985,16656.531924194,60.5,HFET
367516:8773,97:97,05/15/23 10:26:01,STABLE BEAMS,6800,468494.391610595,152914.089483022,60.6,HFET
367516:8773,98:98,05/15/23 10:26:25,STABLE BEAMS,6800,468332.171899140,451749.557359728,60.5,HFET
367516:8773,99:99,05/15/23 10:26:48,STABLE BEAMS,6800,467632.165521613,451333.970459627,60.5,HFET
367516:8773,100:100,05/15/23 10:27:11,STABLE BEAMS,6800,466801.217835969,383017.270750896,60.4,HFET
367516:8773,101:101,05/15/23 10:27:35,STABLE BEAMS,6800,466812.647110940,420505.919717351,60.3,HFET
367516:8773,102:102,05/15/23 10:27:58,STABLE BEAMS,6800,466537.106709256,449768.642321659,60.3,HFET
367516:8773,103:103,05/15/23 10:28:21,STABLE BEAMS,6800,465615.964957286,449407.735515992,60.3,HFET
367516:8773,104:104,05/15/23 10:28:45,STABLE BEAMS,6800,465434.851859405,449343.358137471,60.2,HFET
367516:8773,105:105,05/15/23 10:29:08,STABLE BEAMS,6800,465599.029676301,449482.994366176,60.2,HFET
367516:8773,106:106,05/15/23 10:29:31,STABLE BEAMS,6800,465063.245406151,441419.604742080,60.1,HFET
367516:8773,107:107,05/15/23 10:29:54,STABLE BEAMS,6800,463970.734461945,448224.760100423,60.0,HFET
367516:8773,108:108,05/15/23 10:30:18,STABLE BEAMS,6800,463993.954328964,448170.989126373,59.9,HFET
367516:8773,109:109,05/15/23 10:30:41,STABLE BEAMS,6800,464486.942339844,448568.319024316,60.0,HFET
367516:8773,110:110,05/15/23 10:31:04,STABLE BEAMS,6800,464299.954925641,448546.646993028,60.0,HFET
367516:8773,111:111,05/15/23 10:31:28,STABLE BEAMS,6800,464237.990212752,448220.706355945,60.0,HFET
367516:8773,112:112,05/15/23 10:31:51,STABLE BEAMS,6800,464028.556849396,448183.418433766,60.0,HFET
367516:8773,113:113,05/15/23 10:32:14,STABLE BEAMS,6800,463804.099688937,228787.146759911,60.0,HFET
367516:8773,114:114,05/15/23 10:32:38,STABLE BEAMS,6800,463387.738870971,210143.190332529,59.9,HFET
367516:8773,115:115,05/15/23 10:33:01,STABLE BEAMS,6800,463080.509796238,446397.139076509,59.8,HFET
367516:8773,116:116,05/15/23 10:33:24,STABLE BEAMS,6800,463188.184615779,447801.294157002,59.8,HFET
367516:8773,117:117,05/15/23 10:33:48,STABLE BEAMS,6800,462917.152518764,447423.452070350,59.8,HFET
367516:8773,118:118,05/15/23 10:34:11,STABLE BEAMS,6800,462497.283428551,347579.264024825,59.8,HFET
367516:8773,119:119,05/15/23 10:34:34,STABLE BEAMS,6800,462466.643740559,446955.460207852,59.8,HFET
367516:8773,120:120,05/15/23 10:34:57,STABLE BEAMS,6800,462277.106127127,446796.291877375,59.8,HFET
367516:8773,121:121,05/15/23 10:35:21,STABLE BEAMS,6800,462188.189491493,446772.843564722,59.7,HFET
367516:8773,122:122,05/15/23 10:35:44,STABLE BEAMS,6800,463080.554086718,447429.324055594,59.8,HFET
367516:8773,123:123,05/15/23 10:36:07,STABLE BEAMS,6800,462390.792796587,446912.890063138,59.8,HFET
367516:8773,124:124,05/15/23 10:36:31,STABLE BEAMS,6800,461800.281810445,446371.324719782,59.7,HFET
367516:8773,125:125,05/15/23 10:36:54,STABLE BEAMS,6800,461544.546246648,446290.009729198,59.7,HFET
367516:8773,126:126,05/15/23 10:37:17,STABLE BEAMS,6800,461380.461672867,446062.911457472,59.6,HFET
367516:8773,127:127,05/15/23 10:37:41,STABLE BEAMS,6800,460548.740069359,445268.386864104,59.6,HFET
367516:8773,128:128,05/15/23 10:38:04,STABLE BEAMS,6800,459968.655994689,444787.147485869,59.5,HFET
367516:8773,129:129,05/15/23 10:38:27,STABLE BEAMS,6800,460837.346162704,445299.711889001,59.4,HFET
367516:8773,130:130,05/15/23 10:38:51,STABLE BEAMS,6800,460934.687313889,445575.797762914,59.6,HFET
367516:8773,131:131,05/15/23 10:39:14,STABLE BEAMS,6800,460647.764258791,445278.130769750,59.6,HFET
367516:8773,132:132,05/15/23 10:39:37,STABLE BEAMS,6800,460271.968858541,445019.618892167,59.5,HFET
367516:8773,133:133,05/15/23 10:40:01,STABLE BEAMS,6800,459539.320397101,444497.993589216,59.4,HFET
367516:8773,134:134,05/15/23 10:40:24,STABLE BEAMS,6800,459693.980422908,443947.094609925,59.4,HFET
367516:8773,135:135,05/15/23 10:40:47,STABLE BEAMS,6800,459953.312839914,444657.026717174,59.5,HFET
367516:8773,136:136,05/15/23 10:41:10,STABLE BEAMS,6800,459741.877080636,444469.810857336,59.5,HFET
367516:8773,137:137,05/15/23 10:41:34,STABLE BEAMS,6800,459600.555482605,444410.305431638,59.4,HFET
367516:8773,138:138,05/15/23 10:41:57,STABLE BEAMS,6800,459172.357451035,443881.896691981,59.4,HFET
367516:8773,139:139,05/15/23 10:42:20,STABLE BEAMS,6800,458246.618813434,443015.847635233,59.3,HFET
367516:8773,140:140,05/15/23 10:42:44,STABLE BEAMS,6800,458214.428958635,443181.617578339,59.2,HFET
367516:8773,141:141,05/15/23 10:43:07,STABLE BEAMS,6800,457914.894772068,442847.982053090,59.2,HFET
367516:8773,142:142,05/15/23 10:43:30,STABLE BEAMS,6800,457713.566566589,442813.927335967,59.2,HFET
367516:8773,143:143,05/15/23 10:43:54,STABLE BEAMS,6800,457310.635088439,442396.335708867,59.1,HFET
367516:8773,144:144,05/15/23 10:44:17,STABLE BEAMS,6800,457458.241272503,442451.426073012,59.1,HFET
367516:8773,145:145,05/15/23 10:44:40,STABLE BEAMS,6800,457060.727219405,442326.767019850,59.1,HFET
367516:8773,146:146,05/15/23 10:45:04,STABLE BEAMS,6800,456444.084849941,441755.289284808,59.1,HFET
367516:8773,147:147,05/15/23 10:45:27,STABLE BEAMS,6800,456225.683829881,441483.709384486,59.0,HFET
367516:8773,148:148,05/15/23 10:45:50,STABLE BEAMS,6800,455735.108484633,441100.675987338,59.0,HFET
367516:8773,149:149,05/15/23 10:46:14,STABLE BEAMS,6800,455044.253918964,440750.422207700,58.9,HFET
367516:8773,150:150,05/15/23 10:46:37,STABLE BEAMS,6800,454184.988298922,439852.092384115,58.7,HFET
367516:8773,151:151,05/15/23 10:47:00,STABLE BEAMS,6800,454079.497699378,439675.121611672,58.6,HFET
367516:8773,152:152,05/15/23 10:47:23,STABLE BEAMS,6800,454038.566302433,439306.291472204,58.7,HFET
367516:8773,153:153,05/15/23 10:47:47,STABLE BEAMS,6800,453430.712096673,439100.091313902,58.7,HFET
367516:8773,154:154,05/15/23 10:48:10,STABLE BEAMS,6800,452497.005834791,438313.352520739,58.5,HFET
367516:8773,155:155,05/15/23 10:48:33,STABLE BEAMS,6800,452986.804931096,438611.884343806,58.4,HFET
367516:8773,156:156,05/15/23 10:48:57,STABLE BEAMS,6800,453531.512567470,439225.158305697,58.6,HFET
367516:8773,157:157,05/15/23 10:49:20,STABLE BEAMS,6800,453697.056396019,425871.769671462,58.6,HFET
367516:8773,158:158,05/15/23 10:49:43,STABLE BEAMS,6800,453558.648645370,428747.692747101,58.6,HFET
367516:8773,159:159,05/15/23 10:50:07,STABLE BEAMS,6800,453628.944630693,432937.122276714,58.6,HFET
367516:8773,160:160,05/15/23 10:50:30,STABLE BEAMS,6800,453649.294940809,433042.612876257,58.7,HFET
367516:8773,161:161,05/15/23 10:50:53,STABLE BEAMS,6800,453282.422906782,424306.807512725,58.6,HFET
367516:8773,162:162,05/15/23 10:51:17,STABLE BEAMS,6800,452917.693133349,428037.306079660,58.6,HFET
367516:8773,163:163,05/15/23 10:51:40,STABLE BEAMS,6800,452400.210155836,433479.326335416,58.5,HFET
367516:8773,164:164,05/15/23 10:52:03,STABLE BEAMS,6800,452399.391947491,438546.597844902,58.4,HFET
367516:8773,165:165,05/15/23 10:52:26,STABLE BEAMS,6800,452662.001860032,433584.315753210,58.5,HFET
367516:8773,166:166,05/15/23 10:52:50,STABLE BEAMS,6800,452266.902803644,438352.461014762,58.5,HFET
367516:8773,167:167,05/15/23 10:53:13,STABLE BEAMS,6800,451634.416097655,432824.347058715,58.4,HFET
367516:8773,168:168,05/15/23 10:53:36,STABLE BEAMS,6800,451805.969445045,437964.373840715,58.4,HFET
367516:8773,169:169,05/15/23 10:54:00,STABLE BEAMS,6800,451802.598706393,437970.520893152,58.4,HFET
367516:8773,170:170,05/15/23 10:54:23,STABLE BEAMS,6800,451694.149968988,437823.779538990,58.4,HFET
367516:8773,171:171,05/15/23 10:54:46,STABLE BEAMS,6800,451364.202208986,428679.445779256,58.4,HFET
367516:8773,172:172,05/15/23 10:55:10,STABLE BEAMS,6800,451171.979193807,437180.730719010,58.3,HFET
367516:8773,173:173,05/15/23 10:55:33,STABLE BEAMS,6800,450786.987691218,437005.398694335,58.3,HFET
367516:8773,174:174,05/15/23 10:55:56,STABLE BEAMS,6800,450726.342368424,437040.637599035,58.3,HFET
367516:8773,175:175,05/15/23 10:56:20,STABLE BEAMS,6800,450085.524390000,426320.912438015,58.2,HFET
367516:8773,176:176,05/15/23 10:56:43,STABLE BEAMS,6800,449561.759157531,435774.253884924,58.1,HFET
367516:8773,177:177,05/15/23 10:57:06,STABLE BEAMS,6800,449451.123869050,435658.336373909,58.1,HFET
367516:8773,178:178,05/15/23 10:57:29,STABLE BEAMS,6800,448745.198884721,434429.012136342,58.0,HFET
367516:8773,179:179,05/15/23 10:57:53,STABLE BEAMS,6800,448240.375991313,434310.318311541,58.0,HFET
367516:8773,180:180,05/15/23 10:58:16,STABLE BEAMS,6800,447589.357215974,434225.634913384,57.9,HFET
367516:8773,181:181,05/15/23 10:58:39,STABLE BEAMS,6800,447858.251714549,434222.264174732,57.9,HFET
367516:8773,182:182,05/15/23 10:59:03,STABLE BEAMS,6800,447830.980434130,434351.977004793,57.9,HFET
367516:8773,183:183,05/15/23 10:59:26,STABLE BEAMS,6800,447445.895688425,428089.664420499,57.9,HFET
367516:8773,184:184,05/15/23 10:59:49,STABLE BEAMS,6800,447249.893995961,433691.536012559,57.8,HFET
367516:8773,185:185,05/15/23 11:00:13,STABLE BEAMS,6800,447234.415638667,433905.475349507,57.8,HFET
367516:8773,186:186,05/15/23 11:00:36,STABLE BEAMS,6800,447198.447106583,433768.160874396,57.8,HFET
367516:8773,187:187,05/15/23 11:00:59,STABLE BEAMS,6800,446467.663507467,433255.915828937,57.8,HFET
367516:8773,188:188,05/15/23 11:01:23,STABLE BEAMS,6800,446170.497696053,433010.695757572,57.7,HFET
367516:8773,189:189,05/15/23 11:01:46,STABLE BEAMS,6800,446474.446944173,433129.480494412,57.7,HFET
367516:8773,190:190,05/15/23 11:02:09,STABLE BEAMS,6800,446226.769916696,433067.289666966,57.7,HFET
367516:8773,191:191,05/15/23 11:02:33,STABLE BEAMS,6800,445770.799422957,432520.577303594,57.6,HFET
367516:8773,192:192,05/15/23 11:02:56,STABLE BEAMS,6800,445782.272988409,432657.302015995,57.6,HFET
367516:8773,193:193,05/15/23 11:03:19,STABLE BEAMS,6800,445680.651978189,432495.627776770,57.6,HFET
367516:8773,194:194,05/15/23 11:03:42,STABLE BEAMS,6800,445341.279670215,428380.366152881,57.6,HFET
367516:8773,195:195,05/15/23 11:04:06,STABLE BEAMS,6800,444278.408381580,335488.277623639,57.5,HFET
367516:8773,196:196,05/15/23 11:04:29,STABLE BEAMS,6800,443840.009553094,430848.986979296,57.4,HFET
367516:8773,197:197,05/15/23 11:04:52,STABLE BEAMS,6800,443278.501838255,430321.853339253,57.3,HFET
367516:8773,198:198,05/15/23 11:05:16,STABLE BEAMS,6800,442441.271897655,429650.302429721,57.3,HFET
367516:8773,199:199,05/15/23 11:05:39,STABLE BEAMS,6800,441206.301789400,428597.720518962,57.1,HFET
367516:8773,200:200,05/15/23 11:06:02,STABLE BEAMS,6800,440739.722560113,428134.372163652,57.0,HFET
367516:8773,201:201,05/15/23 11:06:26,STABLE BEAMS,6800,440441.190737046,427674.804816705,57.0,HFET
367516:8773,202:202,05/15/23 11:06:49,STABLE BEAMS,6800,439451.939550828,426902.588638894,56.9,HFET
367516:8773,203:203,05/15/23 11:07:12,STABLE BEAMS,6800,438793.181596841,426453.811851573,56.8,HFET
367516:8773,204:204,05/15/23 11:07:36,STABLE BEAMS,6800,439745.326684957,427443.974489252,56.8,HFET
367516:8773,205:205,05/15/23 11:07:59,STABLE BEAMS,6800,439405.180459118,427032.483293032,56.8,HFET
367516:8773,206:206,05/15/23 11:08:22,STABLE BEAMS,6800,439321.772160575,426880.552959452,56.8,HFET
367516:8773,207:207,05/15/23 11:08:46,STABLE BEAMS,6800,439312.848794352,426968.378650626,56.8,HFET
367516:8773,208:208,05/15/23 11:09:09,STABLE BEAMS,6800,438926.854928264,426520.147335534,56.8,HFET
367516:8773,209:209,05/15/23 11:09:32,STABLE BEAMS,6800,438953.806851009,426581.065394443,56.7,HFET
367516:8773,210:210,05/15/23 11:09:55,STABLE BEAMS,6800,438211.549686442,426022.289702909,56.7,HFET
367516:8773,211:211,05/15/23 11:10:19,STABLE BEAMS,6800,438157.962867547,426004.533882502,56.6,HFET
367516:8773,212:212,05/15/23 11:10:42,STABLE BEAMS,6800,437822.914709087,425591.858498705,56.6,HFET
367516:8773,213:213,05/15/23 11:11:05,STABLE BEAMS,6800,437287.405506129,425248.889337522,56.6,HFET
367516:8773,214:214,05/15/23 11:11:29,STABLE BEAMS,6800,436794.191380692,424748.437215188,56.5,HFET
367516:8773,215:215,05/15/23 11:11:52,STABLE BEAMS,6800,437250.618765700,425143.263535461,56.4,HFET
367516:8773,216:216,05/15/23 11:12:15,STABLE BEAMS,6800,437108.886897958,424891.807830698,56.5,HFET
367516:8773,217:217,05/15/23 11:12:39,STABLE BEAMS,6800,437002.303022877,424964.744927289,56.5,HFET
367516:8773,218:218,05/15/23 11:13:02,STABLE BEAMS,6800,436874.093738065,424836.398108880,56.5,HFET
367516:8773,219:219,05/15/23 11:13:25,STABLE BEAMS,6800,436425.407862782,424281.492006670,56.4,HFET
367516:8773,220:220,05/15/23 11:13:49,STABLE BEAMS,6800,436168.306287332,424213.473484460,56.4,HFET
367516:8773,221:221,05/15/23 11:14:12,STABLE BEAMS,6800,436083.165997905,424126.876271342,56.4,HFET
367516:8773,222:222,05/15/23 11:14:35,STABLE BEAMS,6800,435764.509979278,423867.772299972,56.4,HFET
367516:8773,223:223,05/15/23 11:14:58,STABLE BEAMS,6800,434906.883107004,423051.757499391,56.2,HFET
367516:8773,224:224,05/15/23 11:15:22,STABLE BEAMS,6800,435018.201401311,422255.685070294,56.2,HFET
367516:8773,225:225,05/15/23 11:15:45,STABLE BEAMS,6800,435159.250263227,423344.373046734,56.3,HFET
367516:8773,226:226,05/15/23 11:16:08,STABLE BEAMS,6800,434852.930308877,422870.415955875,56.2,HFET
367516:8773,227:227,05/15/23 11:16:32,STABLE BEAMS,6800,434554.536019406,419382.132700885,56.2,HFET
367516:8773,228:228,05/15/23 11:16:55,STABLE BEAMS,6800,434700.228388510,419565.520930802,56.2,HFET
367516:8773,229:229,05/15/23 11:17:18,STABLE BEAMS,6800,434545.929679778,419231.568378958,56.2,HFET
367516:8773,230:230,05/15/23 11:17:42,STABLE BEAMS,6800,434302.077951144,419022.135015601,56.2,HFET
367516:8773,231:231,05/15/23 11:18:05,STABLE BEAMS,6800,434043.745566560,419108.594695123,56.1,HFET
367516:8773,232:232,05/15/23 11:18:28,STABLE BEAMS,6800,433714.664967539,418866.015735025,56.1,HFET
367516:8773,233:233,05/15/23 11:18:52,STABLE BEAMS,6800,433345.972361667,410503.639727670,56.0,HFET
367516:8773,234:234,05/15/23 11:19:15,STABLE BEAMS,6800,432606.901780597,411925.960898281,56.0,HFET
367516:8773,235:235,05/15/23 11:19:38,STABLE BEAMS,6800,432343.380416595,230626.080504901,55.9,HFET
367516:8773,236:236,05/15/23 11:20:02,STABLE BEAMS,6800,432150.383483550,394479.845170272,55.9,HFET
367516:8773,237:237,05/15/23 11:20:25,STABLE BEAMS,6800,431667.095087836,407470.049535726,55.9,HFET
367516:8773,238:238,05/15/23 11:20:48,STABLE BEAMS,6800,430712.308888453,416328.919495131,55.7,HFET
367516:8773,239:239,05/15/23 11:21:11,STABLE BEAMS,6800,430978.744099837,410492.667343968,55.7,HFET
367516:8773,240:240,05/15/23 11:21:35,STABLE BEAMS,6800,431393.011609843,412141.175334844,55.8,HFET
367516:8773,241:241,05/15/23 11:21:58,STABLE BEAMS,6800,431209.119867098,410537.556911197,55.8,HFET
367516:8773,242:242,05/15/23 11:22:22,STABLE BEAMS,6800,431000.733157721,416539.217688391,55.7,HFET
367516:8773,243:243,05/15/23 11:22:45,STABLE BEAMS,6800,430644.698304877,410064.466981320,55.7,HFET
367516:8773,244:244,05/15/23 11:23:08,STABLE BEAMS,6800,430389.918483021,415869.305526626,55.7,HFET
367516:8773,245:245,05/15/23 11:23:31,STABLE BEAMS,6800,430515.486656566,410065.560256858,55.6,HFET
367516:8773,246:246,05/15/23 11:23:55,STABLE BEAMS,6800,430410.998420522,414951.352689231,55.7,HFET
367516:8773,247:247,05/15/23 11:24:18,STABLE BEAMS,6800,430018.493853843,235849.811865445,55.6,HFET
367516:8773,248:248,05/15/23 11:24:41,STABLE BEAMS,6800,429623.667533571,316167.875023122,55.6,HFET
367516:8773,249:249,05/15/23 11:25:05,STABLE BEAMS,6800,429942.141728121,321721.257863667,55.5,HFET
367516:8773,250:250,05/15/23 11:25:28,STABLE BEAMS,6800,429779.604990070,415213.372839062,55.6,HFET
367516:8773,251:251,05/15/23 11:25:51,STABLE BEAMS,6800,429324.315171081,408514.027437935,55.5,HFET
367516:8773,252:252,05/15/23 11:26:15,STABLE BEAMS,6800,429182.357188781,408995.131613652,55.5,HFET
367516:8773,253:253,05/15/23 11:26:38,STABLE BEAMS,6800,428632.185505797,408295.808241952,55.4,HFET
367516:8773,254:254,05/15/23 11:27:01,STABLE BEAMS,6800,427951.757851600,413695.575379590,55.4,HFET
367516:8773,255:255,05/15/23 11:27:24,STABLE BEAMS,6800,427007.487144649,408289.115717285,55.2,HFET
367516:8773,256:256,05/15/23 11:27:48,STABLE BEAMS,6800,427237.590175796,413232.411179435,55.2,HFET
367516:8773,257:257,05/15/23 11:28:11,STABLE BEAMS,6800,427327.646708525,413216.839579025,55.3,HFET
367516:8773,258:258,05/15/23 11:28:34,STABLE BEAMS,6800,426888.930853445,412874.327309112,55.2,HFET
367516:8773,259:259,05/15/23 11:28:58,STABLE BEAMS,6800,426675.765434361,412769.382181798,55.2,HFET
367516:8773,260:260,05/15/23 11:29:21,STABLE BEAMS,6800,426670.483211827,406827.956457687,55.1,HFET
367516:8773,261:261,05/15/23 11:29:44,STABLE BEAMS,6800,426864.344974774,412849.058424614,55.1,HFET
367516:8773,262:262,05/15/23 11:30:08,STABLE BEAMS,6800,426461.369206143,412495.345325364,55.2,HFET
367516:8773,263:263,05/15/23 11:30:31,STABLE BEAMS,6800,426289.452210600,412411.890405263,55.1,HFET
367516:8773,264:264,05/15/23 11:30:54,STABLE BEAMS,6800,425128.967034665,411417.266084472,55.1,HFET
367516:8773,265:265,05/15/23 11:31:18,STABLE BEAMS,6800,425042.826712817,411295.658412289,54.9,HFET
367516:8773,266:266,05/15/23 11:31:41,STABLE BEAMS,6800,426052.202094595,412243.705465447,55.0,HFET
367516:8773,267:267,05/15/23 11:32:04,STABLE BEAMS,6800,425832.115705209,411996.394417201,55.1,HFET
367516:8773,268:268,05/15/23 11:32:27,STABLE BEAMS,6800,425708.594218065,411992.158848646,55.0,HFET
367516:8773,269:269,05/15/23 11:32:51,STABLE BEAMS,6800,425178.411528122,411433.157042555,55.0,HFET
367516:8773,270:270,05/15/23 11:33:14,STABLE BEAMS,6800,424775.708495606,411141.954128423,54.9,HFET
367516:8773,271:271,05/15/23 11:33:37,STABLE BEAMS,6800,424485.507944974,410876.292834904,54.9,HFET
367516:8773,272:272,05/15/23 11:34:01,STABLE BEAMS,6800,424174.910462667,410706.560059358,54.8,HFET
367516:8773,273:273,05/15/23 11:34:24,STABLE BEAMS,6800,423587.632681580,410076.896288713,54.8,HFET
367516:8773,274:274,05/15/23 11:34:47,STABLE BEAMS,6800,422828.120878355,409387.225910620,54.7,HFET
367516:8773,275:275,05/15/23 11:35:11,STABLE BEAMS,6800,422569.107819022,409313.468274606,54.6,HFET
367516:8773,276:276,05/15/23 11:35:34,STABLE BEAMS,6800,422880.115571041,408797.216106227,54.6,HFET
367516:8773,277:277,05/15/23 11:35:57,STABLE BEAMS,6800,422547.116430060,408938.810440374,54.7,HFET
367516:8773,278:278,05/15/23 11:36:21,STABLE BEAMS,6800,421970.312182004,295813.422581197,54.6,HFET
367516:8773,279:279,05/15/23 11:36:44,STABLE BEAMS,6800,422294.931097914,409157.167169953,54.6,HFET
367516:8773,280:280,05/15/23 11:37:07,STABLE BEAMS,6800,422032.640543046,408931.528152996,54.6,HFET
367516:8773,281:281,05/15/23 11:37:31,STABLE BEAMS,6800,421522.444515066,408484.068424692,54.5,HFET
367516:8773,282:282,05/15/23 11:37:54,STABLE BEAMS,6800,421434.982472045,408476.147421968,54.5,HFET
367516:8773,283:283,05/15/23 11:38:17,STABLE BEAMS,6800,422141.772286277,409034.650377387,54.6,HFET
367516:8773,284:284,05/15/23 11:38:40,STABLE BEAMS,6800,422578.348211840,403823.553692200,54.7,HFET
367516:8773,285:285,05/15/23 11:39:04,STABLE BEAMS,6800,420358.134040288,407412.091945757,54.4,HFET
367516:8773,286:286,05/15/23 11:39:27,STABLE BEAMS,6800,419259.431753165,406599.037614117,54.3,HFET
367516:8773,287:287,05/15/23 11:39:50,STABLE BEAMS,6800,418626.807513579,405968.052122299,54.2,HFET
367516:8773,288:288,05/15/23 11:40:14,STABLE BEAMS,6800,417250.835164966,404838.982883299,54.0,HFET
367516:8773,289:289,05/15/23 11:40:37,STABLE BEAMS,6800,417028.972494216,403481.130003247,53.9,HFET
367516:8773,290:290,05/15/23 11:41:00,STABLE BEAMS,6800,417298.139728906,404192.654236706,54.0,HFET
367516:8773,291:291,05/15/23 11:41:24,STABLE BEAMS,6800,417038.716399862,404438.648225935,53.9,HFET
367516:8773,292:292,05/15/23 11:41:47,STABLE BEAMS,6800,416447.979299163,403918.526468233,53.9,HFET
367516:8773,293:293,05/15/23 11:42:10,STABLE BEAMS,6800,416013.906951271,403498.111905789,53.8,HFET
367516:8773,294:294,05/15/23 11:42:34,STABLE BEAMS,6800,416406.045538718,28163.444774050,53.8,HFET
367516:8773,296:296,05/15/23 11:43:20,STABLE BEAMS,6800,415885.741956939,340770.605056390,53.8,HFET
367516:8773,297:297,05/15/23 11:43:44,STABLE BEAMS,6800,415886.152226651,403447.075286123,53.8,HFET
367516:8773,298:298,05/15/23 11:44:07,STABLE BEAMS,6800,416767.409235655,404185.369618250,53.8,HFET
367516:8773,299:299,05/15/23 11:44:30,STABLE BEAMS,6800,416487.134414745,403371.086808554,53.9,HFET
367516:8773,300:300,05/15/23 11:44:54,STABLE BEAMS,6800,415385.881928393,262188.010750859,53.8,HFET
367516:8773,301:301,05/15/23 11:45:17,STABLE BEAMS,6800,415272.924886318,402772.472995612,53.7,HFET
367516:8773,302:302,05/15/23 11:45:40,STABLE BEAMS,6800,414644.580505767,402349.965125209,53.6,HFET
367516:8773,303:303,05/15/23 11:46:03,STABLE BEAMS,6800,413903.780264891,401608.481878507,53.6,HFET
367516:8773,304:304,05/15/23 11:46:27,STABLE BEAMS,6800,412928.233485680,400921.816259834,53.4,HFET
367516:8773,305:305,05/15/23 11:46:50,STABLE BEAMS,6800,413501.760238201,401432.557760044,53.3,HFET
367516:8773,306:306,05/15/23 11:47:13,STABLE BEAMS,6800,413934.147216768,401868.634834935,53.5,HFET
367516:8773,307:307,05/15/23 11:47:37,STABLE BEAMS,6800,414053.433135357,401900.414420023,53.5,HFET
367516:8773,308:308,05/15/23 11:48:00,STABLE BEAMS,6800,413900.502769356,401749.712564500,53.5,HFET
367516:8773,309:309,05/15/23 11:48:23,STABLE BEAMS,6800,413331.936550618,393593.443472330,53.5,HFET
367516:8773,310:310,05/15/23 11:48:47,STABLE BEAMS,6800,412855.205477051,400847.694975667,53.4,HFET
367516:8773,311:311,05/15/23 11:49:10,STABLE BEAMS,6800,413073.378051477,396116.791014736,53.4,HFET
367516:8773,312:312,05/15/23 11:49:33,STABLE BEAMS,6800,412731.185139236,400778.627468400,53.4,HFET
367516:8773,313:313,05/15/23 11:49:56,STABLE BEAMS,6800,412667.171408869,396074.083336426,53.4,HFET
367516:8773,314:314,05/15/23 11:50:20,STABLE BEAMS,6800,412385.985136497,394748.965783404,53.3,HFET
367516:8773,315:315,05/15/23 11:50:43,STABLE BEAMS,6800,411787.688350150,399651.514003763,53.3,HFET
367516:8773,316:316,05/15/23 11:51:06,STABLE BEAMS,6800,411631.753224729,392130.237526331,53.2,HFET
367516:8773,317:317,05/15/23 11:51:30,STABLE BEAMS,6800,411186.708493134,391495.382445190,53.2,HFET
367516:8773,318:318,05/15/23 11:51:53,STABLE BEAMS,6800,410403.610843660,179156.847745068,53.1,HFET
367516:8773,319:319,05/15/23 11:52:17,STABLE BEAMS,6800,409565.606985195,373038.867992203,53.0,HFET
367516:8773,320:320,05/15/23 11:52:40,STABLE BEAMS,6800,408905.667174711,397317.522250712,52.9,HFET
367516:8773,321:321,05/15/23 11:53:03,STABLE BEAMS,6800,408115.923622127,396652.209305656,52.8,HFET
367516:8773,322:322,05/15/23 11:53:26,STABLE BEAMS,6800,407125.623450851,395832.371537310,52.7,HFET
367516:8773,323:323,05/15/23 11:53:50,STABLE BEAMS,6800,406666.830021769,389429.646475368,52.6,HFET
367516:8773,324:324,05/15/23 11:54:13,STABLE BEAMS,6800,406769.726131604,395526.007292479,52.5,HFET
367516:8773,325:325,05/15/23 11:54:36,STABLE BEAMS,6800,406600.632071404,390268.242427621,52.6,HFET
367516:8773,326:326,05/15/23 11:55:00,STABLE BEAMS,6800,405893.658102017,394663.235731267,52.5,HFET
367516:8773,327:327,05/15/23 11:55:23,STABLE BEAMS,6800,405765.723884398,394640.927315710,52.4,HFET
367516:8773,328:328,05/15/23 11:55:46,STABLE BEAMS,6800,406436.999726738,390170.628540321,52.5,HFET
367516:8773,329:329,05/15/23 11:56:09,STABLE BEAMS,6800,406096.853500899,394803.191317645,52.5,HFET
367516:8773,330:330,05/15/23 11:56:33,STABLE BEAMS,6800,405546.227257723,394235.219523773,52.4,HFET
367516:8773,331:331,05/15/23 11:56:56,STABLE BEAMS,6800,405583.743625537,388363.907960909,52.4,HFET
367516:8773,332:332,05/15/23 11:57:19,STABLE BEAMS,6800,405763.719157399,394540.534783546,52.5,HFET
367516:8773,333:333,05/15/23 11:57:43,STABLE BEAMS,6800,405665.785912427,394486.220668344,52.4,HFET
367516:8773,334:334,05/15/23 11:58:06,STABLE BEAMS,6800,405480.756603664,389787.140582981,52.4,HFET
367516:8773,335:335,05/15/23 11:58:29,STABLE BEAMS,6800,405156.729781542,393996.102214366,52.4,HFET
367516:8773,336:336,05/15/23 11:58:53,STABLE BEAMS,6800,404806.883940538,393187.008384087,52.3,HFET
367516:8773,337:337,05/15/23 11:59:16,STABLE BEAMS,6800,404525.515844090,393528.884269733,52.3,HFET
367516:8773,338:338,05/15/23 11:59:39,STABLE BEAMS,6800,404104.192161263,393028.203701764,52.3,HFET
367516:8773,339:339,05/15/23 12:00:03,STABLE BEAMS,6800,402900.637989943,392074.191420245,52.2,HFET
367516:8773,340:340,05/15/23 12:00:26,STABLE BEAMS,6800,402459.779874268,391203.634058828,52.0,HFET
367516:8773,341:341,05/15/23 12:00:49,STABLE BEAMS,6800,403369.629884863,392615.756763602,52.1,HFET
367516:8773,342:342,05/15/23 12:01:13,STABLE BEAMS,6800,403186.330235906,392229.445870919,52.1,HFET
367516:8773,343:343,05/15/23 12:01:36,STABLE BEAMS,6800,403129.281766321,392327.649520929,52.1,HFET
367516:8773,344:344,05/15/23 12:01:59,STABLE BEAMS,6800,402779.529168432,391894.898894209,52.1,HFET
367516:8773,345:345,05/15/23 12:02:22,STABLE BEAMS,6800,402243.973343916,391417.892753450,52.0,HFET
367516:8773,346:346,05/15/23 12:02:46,STABLE BEAMS,6800,402060.948762153,385729.834217983,52.0,HFET
367516:8773,347:347,05/15/23 12:03:09,STABLE BEAMS,6800,402040.141560767,391292.142755828,52.0,HFET
367516:8773,348:348,05/15/23 12:03:32,STABLE BEAMS,6800,401470.074127858,390813.542157782,51.9,HFET
367516:8773,349:349,05/15/23 12:03:56,STABLE BEAMS,6800,400596.148358867,389950.633062973,51.8,HFET
367516:8773,350:350,05/15/23 12:04:19,STABLE BEAMS,6800,400666.353432152,389747.803643323,51.7,HFET
367516:8773,351:351,05/15/23 12:04:42,STABLE BEAMS,6800,400957.465434245,390314.227601466,51.8,HFET
367516:8773,352:352,05/15/23 12:05:06,STABLE BEAMS,6800,401068.508661360,390493.065567311,51.8,HFET
367516:8773,353:353,05/15/23 12:05:29,STABLE BEAMS,6800,401315.777750204,390429.371194616,51.9,HFET
367516:8773,354:354,05/15/23 12:05:52,STABLE BEAMS,6800,401321.104263218,390603.700855792,51.8,HFET
367516:8773,355:355,05/15/23 12:06:16,STABLE BEAMS,6800,401218.345686980,390508.180276451,51.9,HFET
367516:8773,356:356,05/15/23 12:06:39,STABLE BEAMS,6800,401000.581051189,390440.616314433,51.9,HFET
367516:8773,357:357,05/15/23 12:07:02,STABLE BEAMS,6800,400663.483875250,390091.819458486,51.8,HFET
367516:8773,358:358,05/15/23 12:07:25,STABLE BEAMS,6800,400449.726362378,389818.736012915,51.8,HFET
367516:8773,359:359,05/15/23 12:07:49,STABLE BEAMS,6800,400210.289695297,386665.316761229,51.7,HFET
367516:8773,360:360,05/15/23 12:08:12,STABLE BEAMS,6800,399938.210944303,386012.342211527,51.7,HFET
367516:8773,361:361,05/15/23 12:08:35,STABLE BEAMS,6800,399511.649329423,373917.779936834,51.7,HFET
367516:8773,362:362,05/15/23 12:08:59,STABLE BEAMS,6800,399077.942960762,385608.683437070,51.6,HFET
367516:8773,363:363,05/15/23 12:09:22,STABLE BEAMS,6800,398837.685754258,385305.414863698,51.6,HFET
367516:8773,364:364,05/15/23 12:09:45,STABLE BEAMS,6800,398275.222297477,380618.673173690,51.5,HFET
367516:8773,365:365,05/15/23 12:10:09,STABLE BEAMS,6800,397725.507505763,384302.368358435,51.5,HFET
367516:8773,366:366,05/15/23 12:10:32,STABLE BEAMS,6800,397395.741569837,384108.779331603,51.4,HFET
367516:8773,367:367,05/15/23 12:10:55,STABLE BEAMS,6800,397675.060648806,384508.796962371,51.3,HFET
367516:8773,368:368,05/15/23 12:11:19,STABLE BEAMS,6800,397633.266753035,378771.932648794,51.4,HFET
367516:8773,369:369,05/15/23 12:11:42,STABLE BEAMS,6800,396766.851717056,383281.703566360,51.4,HFET
367516:8773,370:370,05/15/23 12:12:05,STABLE BEAMS,6800,396624.574377084,383604.229174310,51.3,HFET
367516:8773,371:371,05/15/23 12:12:29,STABLE BEAMS,6800,397626.390073213,384221.645461639,51.4,HFET
367516:8773,372:372,05/15/23 12:12:52,STABLE BEAMS,6800,397431.619189883,384249.874815077,51.4,HFET
367516:8773,373:373,05/15/23 12:13:15,STABLE BEAMS,6800,397524.815684552,384206.850110172,51.4,HFET
367516:8773,374:374,05/15/23 12:13:38,STABLE BEAMS,6800,397507.880403567,384214.542667261,51.4,HFET
367516:8773,375:375,05/15/23 12:14:02,STABLE BEAMS,6800,397250.732206559,384068.715095638,51.4,HFET
367516:8773,376:376,05/15/23 12:14:25,STABLE BEAMS,6800,396930.437440165,383766.630709842,51.3,HFET
367516:8773,377:377,05/15/23 12:14:48,STABLE BEAMS,6800,396540.937632906,383439.641087702,51.3,HFET
367516:8773,378:378,05/15/23 12:15:12,STABLE BEAMS,6800,396668.326378295,383618.980235297,51.2,HFET
367516:8773,379:379,05/15/23 12:15:35,STABLE BEAMS,6800,396781.511866005,362312.587840112,51.3,HFET
367516:8773,380:380,05/15/23 12:15:58,STABLE BEAMS,6800,396139.509700005,382240.548599494,51.3,HFET
367516:8773,381:381,05/15/23 12:16:22,STABLE BEAMS,6800,395722.281721059,382781.249112947,51.2,HFET
367516:8773,382:382,05/15/23 12:16:45,STABLE BEAMS,6800,395989.127202154,382921.705881076,51.1,HFET
367516:8773,383:383,05/15/23 12:17:08,STABLE BEAMS,6800,395764.851865772,256257.692612968,51.2,HFET
367516:8773,384:384,05/15/23 12:17:32,STABLE BEAMS,6800,395741.177438562,382605.963709831,51.1,HFET
367516:8773,385:385,05/15/23 12:17:55,STABLE BEAMS,6800,395546.632669789,381926.125818344,51.1,HFET
367516:8773,386:386,05/15/23 12:18:18,STABLE BEAMS,6800,395379.223978915,382337.160123294,51.1,HFET
367516:8773,387:387,05/15/23 12:18:42,STABLE BEAMS,6800,395140.696432218,374959.207639815,51.1,HFET
367516:8773,388:388,05/15/23 12:19:05,STABLE BEAMS,6800,394983.031646990,381532.961556618,51.1,HFET
367516:8773,389:389,05/15/23 12:19:28,STABLE BEAMS,6800,394753.611621670,374650.090391978,51.0,HFET
367516:8773,390:390,05/15/23 12:19:52,STABLE BEAMS,6800,394475.474399199,377220.716856467,51.0,HFET
367516:8773,391:391,05/15/23 12:20:15,STABLE BEAMS,6800,394289.079078784,377213.024299378,51.0,HFET
367516:8773,392:392,05/15/23 12:20:38,STABLE BEAMS,6800,394137.057833166,381169.276106087,50.9,HFET
367516:8773,393:393,05/15/23 12:21:01,STABLE BEAMS,6800,393710.454258883,374922.670324721,50.9,HFET
367516:8773,394:394,05/15/23 12:21:25,STABLE BEAMS,6800,393265.500439327,373383.636745529,50.8,HFET
367516:8773,395:395,05/15/23 12:21:48,STABLE BEAMS,6800,393493.780567551,376034.871883996,50.8,HFET
367516:8773,396:396,05/15/23 12:22:11,STABLE BEAMS,6800,393341.896855529,380765.230372697,50.8,HFET
367516:8773,397:397,05/15/23 12:22:35,STABLE BEAMS,6800,392680.225054161,380120.587095430,50.8,HFET
367516:8773,398:398,05/15/23 12:22:58,STABLE BEAMS,6800,392299.967970799,374413.362437423,50.7,HFET
367516:8773,399:399,05/15/23 12:23:21,STABLE BEAMS,6800,392348.822701546,374654.074204119,50.8,HFET
367516:8773,400:400,05/15/23 12:23:45,STABLE BEAMS,6800,392030.029149323,379766.487037247,50.7,HFET
367516:8773,401:401,05/15/23 12:24:08,STABLE BEAMS,6800,391258.997159088,374787.451488647,50.6,HFET
367516:8773,402:402,05/15/23 12:24:31,STABLE BEAMS,6800,391210.098137861,378943.688799961,50.5,HFET
367516:8773,403:403,05/15/23 12:24:54,STABLE BEAMS,6800,391819.502510428,379522.565376276,50.7,HFET
367516:8773,404:404,05/15/23 12:25:18,STABLE BEAMS,6800,391506.128714335,379155.376315653,50.6,HFET
367516:8773,405:405,05/15/23 12:25:41,STABLE BEAMS,6800,391460.553810201,379126.396355130,50.6,HFET
367516:8773,406:406,05/15/23 12:26:04,STABLE BEAMS,6800,391313.131781291,373771.586385980,50.6,HFET
367516:8773,407:407,05/15/23 12:26:28,STABLE BEAMS,6800,391111.801244734,379021.453558895,50.6,HFET
367516:8773,408:408,05/15/23 12:26:51,STABLE BEAMS,6800,391115.034449789,378564.228945243,50.6,HFET
367516:8773,409:409,05/15/23 12:27:14,STABLE BEAMS,6800,390844.366000929,378620.342652588,50.5,HFET
367516:8773,410:410,05/15/23 12:27:38,STABLE BEAMS,6800,390506.313083049,372882.044726099,50.5,HFET
367516:8773,411:411,05/15/23 12:28:01,STABLE BEAMS,6800,390388.621621747,378309.243988531,50.5,HFET
367516:8773,412:412,05/15/23 12:28:24,STABLE BEAMS,6800,390438.203648801,378330.256324773,50.4,HFET
367516:8773,413:413,05/15/23 12:28:48,STABLE BEAMS,6800,390294.651209214,378111.512636261,50.5,HFET
367516:8773,414:414,05/15/23 12:29:11,STABLE BEAMS,6800,389830.619848078,377778.014644609,50.4,HFET
367516:8773,415:415,05/15/23 12:29:34,STABLE BEAMS,6800,389588.726224884,377600.906338570,50.4,HFET
367516:8773,416:416,05/15/23 12:29:58,STABLE BEAMS,6800,389405.881136120,315685.269633234,50.3,HFET
367516:8773,417:417,05/15/23 12:30:21,STABLE BEAMS,6800,388836.177351364,376556.497186948,50.3,HFET
367516:8773,418:418,05/15/23 12:30:44,STABLE BEAMS,6800,388157.297532896,376455.946141487,50.2,HFET
367516:8773,419:419,05/15/23 12:31:07,STABLE BEAMS,6800,388029.088248084,376210.865934796,50.1,HFET
367516:8773,420:420,05/15/23 12:31:31,STABLE BEAMS,6800,387850.387815835,376105.487226992,50.2,HFET
367516:8773,421:421,05/15/23 12:31:54,STABLE BEAMS,6800,387213.348514696,375448.985756419,50.1,HFET
367516:8773,422:422,05/15/23 12:32:17,STABLE BEAMS,6800,386596.295875521,374885.930205850,50.0,HFET
367516:8773,423:423,05/15/23 12:32:41,STABLE BEAMS,6800,387140.728444701,369740.187620826,50.0,HFET
367516:8773,424:424,05/15/23 12:33:04,STABLE BEAMS,6800,387398.377823459,343553.191772685,50.1,HFET
367516:8773,425:425,05/15/23 12:33:27,STABLE BEAMS,6800,387199.142925939,246720.921887815,50.1,HFET
367516:8773,426:426,05/15/23 12:33:51,STABLE BEAMS,6800,387072.663300933,371783.113993341,50.0,HFET
367516:8773,427:427,05/15/23 12:34:14,STABLE BEAMS,6800,386571.800908888,363535.855937280,50.0,HFET
367516:8773,428:428,05/15/23 12:34:37,STABLE BEAMS,6800,386353.579381827,374579.838697135,50.0,HFET
367516:8773,429:429,05/15/23 12:35:01,STABLE BEAMS,6800,386593.153582504,375048.399342642,50.0,HFET
367516:8773,430:430,05/15/23 12:35:24,STABLE BEAMS,6800,386383.356570994,374726.533429738,50.0,HFET
367516:8773,431:431,05/15/23 12:35:47,STABLE BEAMS,6800,385902.480840911,374380.923157288,49.9,HFET
367516:8773,432:432,05/15/23 12:36:11,STABLE BEAMS,6800,385742.491971011,374134.656431944,49.9,HFET
367516:8773,433:433,05/15/23 12:36:34,STABLE BEAMS,6800,386192.089297756,374738.142197709,49.9,HFET
367516:8773,434:434,05/15/23 12:36:57,STABLE BEAMS,6800,385831.909788395,374349.826578027,49.9,HFET
367516:8773,435:435,05/15/23 12:37:20,STABLE BEAMS,6800,385768.716597450,374234.888119732,49.9,HFET
367516:8773,436:436,05/15/23 12:37:44,STABLE BEAMS,6800,385612.825762508,374177.294177916,49.9,HFET
367516:8773,437:437,05/15/23 12:38:07,STABLE BEAMS,6800,385384.452391168,373920.945540630,49.8,HFET
367516:8773,438:438,05/15/23 12:38:30,STABLE BEAMS,6800,385169.147042567,373554.642289611,49.8,HFET
367516:8773,439:439,05/15/23 12:38:54,STABLE BEAMS,6800,384856.409630742,373453.000299690,49.8,HFET
367516:8773,440:440,05/15/23 12:39:17,STABLE BEAMS,6800,384829.000816727,373435.608127436,49.7,HFET
367516:8773,441:441,05/15/23 12:39:40,STABLE BEAMS,6800,384503.787475952,373262.917214028,49.7,HFET
367516:8773,442:442,05/15/23 12:40:04,STABLE BEAMS,6800,383471.194558234,372473.947579309,49.7,HFET
367516:8773,443:443,05/15/23 12:40:27,STABLE BEAMS,6800,383306.151911434,372213.270130352,49.6,HFET
367516:8773,444:444,05/15/23 12:40:50,STABLE BEAMS,6800,383991.633342531,372872.370752790,49.6,HFET
367516:8773,445:445,05/15/23 12:41:14,STABLE BEAMS,6800,383923.248841090,372186.910301395,49.6,HFET
367516:8773,446:446,05/15/23 12:41:37,STABLE BEAMS,6800,383774.278976451,372630.134461145,49.6,HFET
367516:8773,447:447,05/15/23 12:42:00,STABLE BEAMS,6800,383481.393024071,372445.149442863,49.6,HFET
367516:8773,448:448,05/15/23 12:42:24,STABLE BEAMS,6800,383055.288300460,372093.098402159,49.5,HFET
367516:8773,449:449,05/15/23 12:42:47,STABLE BEAMS,6800,383036.073225284,372030.494973925,49.5,HFET
367516:8773,450:450,05/15/23 12:43:10,STABLE BEAMS,6800,383186.865992845,372109.238785578,49.6,HFET
367516:8773,451:451,05/15/23 12:43:33,STABLE BEAMS,6800,382920.841051173,371912.369932133,49.5,HFET
367516:8773,452:452,05/15/23 12:43:57,STABLE BEAMS,6800,382816.443727167,371841.686987877,49.5,HFET
367516:8773,453:453,05/15/23 12:44:20,STABLE BEAMS,6800,382606.008000311,362913.362562272,49.5,HFET
367516:8773,454:454,05/15/23 12:44:43,STABLE BEAMS,6800,382376.634596549,357955.383640394,49.4,HFET
367516:8773,455:455,05/15/23 12:45:07,STABLE BEAMS,6800,381286.263581861,370525.038240886,49.4,HFET
367516:8773,456:456,05/15/23 12:45:30,STABLE BEAMS,6800,380125.822696406,369364.506443393,49.2,HFET
367516:8773,457:457,05/15/23 12:45:53,STABLE BEAMS,6800,379420.876764797,290868.008169230,49.1,HFET
367516:8773,458:458,05/15/23 12:46:17,STABLE BEAMS,6800,378766.878871894,368140.145070687,49.0,HFET
367516:8773,459:459,05/15/23 12:46:40,STABLE BEAMS,6800,377652.423160285,367187.841469273,48.9,HFET
367516:8773,460:460,05/15/23 12:47:03,STABLE BEAMS,6800,377269.114695944,366785.024213940,48.8,HFET
367516:8773,461:461,05/15/23 12:47:27,STABLE BEAMS,6800,378207.625309390,367817.936489331,48.9,HFET
367516:8773,462:462,05/15/23 12:47:50,STABLE BEAMS,6800,378042.992932302,367511.026772271,48.9,HFET
367516:8773,463:463,05/15/23 12:48:13,STABLE BEAMS,6800,377962.360947545,367525.982968114,48.9,HFET
367516:8773,464:464,05/15/23 12:48:37,STABLE BEAMS,6800,377741.796687188,367250.806214583,48.8,HFET
367516:8773,465:465,05/15/23 12:49:00,STABLE BEAMS,6800,377663.509766804,362047.108370669,48.8,HFET
367516:8773,466:466,05/15/23 12:49:23,STABLE BEAMS,6800,377180.400864088,361553.073705809,48.8,HFET
367516:8773,467:467,05/15/23 12:49:46,STABLE BEAMS,6800,376414.059002600,366119.391911210,48.7,HFET
367516:8773,468:468,05/15/23 12:50:10,STABLE BEAMS,6800,375927.812469022,360208.652496649,48.6,HFET
367516:8773,469:469,05/15/23 12:50:33,STABLE BEAMS,6800,375429.840613580,365079.080794546,48.6,HFET
367516:8773,470:470,05/15/23 12:50:56,STABLE BEAMS,6800,374320.960840321,364077.740638309,48.5,HFET
367516:8773,471:471,05/15/23 12:51:20,STABLE BEAMS,6800,373699.765875706,363634.311343704,48.3,HFET
367516:8773,472:472,05/15/23 12:51:43,STABLE BEAMS,6800,373400.094155543,358158.236370823,48.3,HFET
367516:8773,473:473,05/15/23 12:52:06,STABLE BEAMS,6800,372857.004287236,61428.091528257,48.2,HFET
367516:8773,474:474,05/15/23 12:52:30,STABLE BEAMS,6800,372654.310070105,359349.501099424,48.2,HFET
367516:8773,475:475,05/15/23 12:52:53,STABLE BEAMS,6800,372074.202684656,360396.777476870,48.1,HFET
367516:8773,476:476,05/15/23 12:53:16,STABLE BEAMS,6800,370451.758475843,178309.384838678,47.9,HFET
367516:8773,477:477,05/15/23 12:53:40,STABLE BEAMS,6800,369668.548934629,358479.671034314,47.9,HFET
367516:8773,478:478,05/15/23 12:54:03,STABLE BEAMS,6800,368406.829707407,306071.827424686,47.7,HFET
367516:8773,479:479,05/15/23 12:54:26,STABLE BEAMS,6800,367595.188008977,333993.790943224,47.5,HFET
367516:8773,480:480,05/15/23 12:54:49,STABLE BEAMS,6800,365708.448518298,354912.051873882,47.3,HFET
367516:8773,481:481,05/15/23 12:55:13,STABLE BEAMS,6800,364646.169323451,350265.376750916,47.3,HFET
367516:8773,482:482,05/15/23 12:55:36,STABLE BEAMS,6800,362894.923736038,352825.851371126,46.9,HFET
367516:8773,483:483,05/15/23 12:55:59,STABLE BEAMS,6800,363325.604365578,354030.363615465,46.9,HFET
367516:8773,484:484,05/15/23 12:56:23,STABLE BEAMS,6800,363607.496954555,243674.767185960,47.0,HFET
367516:8773,485:485,05/15/23 12:56:46,STABLE BEAMS,6800,349355.298294686,339041.576972496,46.9,HFET
367516:8773,486:486,05/15/23 12:57:09,STABLE BEAMS,6800,354912.257008738,343542.743881512,42.2,HFET
367516:8773,487:487,05/15/23 12:57:33,STABLE BEAMS,6800,360776.328243627,344114.858000822,48.0,HFET
367516:8773,488:488,05/15/23 12:57:56,STABLE BEAMS,6800,354858.283230910,345346.618214801,45.4,HFET
367516:8773,489:489,05/15/23 12:58:19,STABLE BEAMS,6800,350723.533795730,255586.232615474,43.6,HFET
367516:8773,490:490,05/15/23 12:58:43,STABLE BEAMS,6800,340908.350780913,320448.225915368,41.5,HFET
367516:8773,491:491,05/15/23 12:59:06,STABLE BEAMS,6800,363437.286308039,353680.405882721,47.0,HFET
367516:8773,492:492,05/15/23 12:59:29,STABLE BEAMS,6800,363175.359401324,353588.232731253,46.9,HFET
367516:8773,493:493,05/15/23 12:59:52,STABLE BEAMS,6800,362975.896058170,349443.375742274,46.9,HFET
367516:8773,494:494,05/15/23 13:00:16,STABLE BEAMS,6800,362720.069582334,353357.241559424,46.9,HFET
367516:8773,495:495,05/15/23 13:00:39,STABLE BEAMS,6800,363840.513833083,354307.451852878,46.9,HFET
367516:8773,496:496,05/15/23 13:01:02,STABLE BEAMS,6800,370547.484190039,360318.080286775,47.9,HFET
367516:8773,497:497,05/15/23 13:01:26,STABLE BEAMS,6800,370297.280274112,354474.109936666,47.9,HFET
367516:8773,498:498,05/15/23 13:01:49,STABLE BEAMS,6800,370146.760242665,360050.463218893,47.9,HFET
367516:8773,499:499,05/15/23 13:02:13,STABLE BEAMS,6800,369931.750940958,354794.087676466,47.8,HFET
367516:8773,500:500,05/15/23 13:02:36,STABLE BEAMS,6800,369750.842977933,355582.350994579,47.8,HFET
367516:8773,501:501,05/15/23 13:02:59,STABLE BEAMS,6800,369661.947322000,359775.081330506,47.8,HFET
367516:8773,502:502,05/15/23 13:03:22,STABLE BEAMS,6800,369332.978614719,359438.667160394,47.7,HFET
367516:8773,503:503,05/15/23 13:03:46,STABLE BEAMS,6800,369219.907349826,353798.346769358,47.7,HFET
367516:8773,504:504,05/15/23 13:04:09,STABLE BEAMS,6800,368953.723894856,359035.078318274,47.7,HFET
367516:8773,505:505,05/15/23 13:04:32,STABLE BEAMS,6800,368964.626346221,359156.571767640,47.7,HFET
367516:8773,506:506,05/15/23 13:04:56,STABLE BEAMS,6800,368420.261378299,358577.308232393,47.6,HFET
367516:8773,507:507,05/15/23 13:05:19,STABLE BEAMS,6800,368149.136038169,358324.213779862,47.6,HFET
367516:8773,508:508,05/15/23 13:05:42,STABLE BEAMS,6800,367943.551284434,358180.978366871,47.6,HFET
367516:8773,509:509,05/15/23 13:06:06,STABLE BEAMS,6800,367720.049865917,353934.843036124,47.6,HFET
367516:8773,510:510,05/15/23 13:06:29,STABLE BEAMS,6800,366874.169295209,357273.361528909,47.5,HFET
367516:8773,511:511,05/15/23 13:06:52,STABLE BEAMS,6800,367171.722065556,357485.093335081,47.4,HFET
367516:8773,512:512,05/15/23 13:07:15,STABLE BEAMS,6800,367429.986848881,357742.353423829,47.5,HFET
367516:8773,513:513,05/15/23 13:07:39,STABLE BEAMS,6800,367423.315303915,357775.317196493,47.5,HFET
367516:8773,514:514,05/15/23 13:08:02,STABLE BEAMS,6800,367157.267051463,357432.644082204,47.5,HFET
367516:8773,515:515,05/15/23 13:08:25,STABLE BEAMS,6800,366896.955581737,357205.226452804,47.4,HFET
367516:8773,516:516,05/15/23 13:08:49,STABLE BEAMS,6800,366775.713888785,357151.821457985,47.4,HFET
367516:8773,517:517,05/15/23 13:09:12,STABLE BEAMS,6800,366891.265420569,357308.327697494,47.4,HFET
367516:8773,518:518,05/15/23 13:09:35,STABLE BEAMS,6800,366756.226077494,357174.677676851,47.4,HFET
367516:8773,519:519,05/15/23 13:09:59,STABLE BEAMS,6800,366522.230146245,356891.260562924,47.4,HFET
367516:8773,520:520,05/15/23 13:10:22,STABLE BEAMS,6800,366359.238848002,351664.363831692,47.4,HFET
367516:8773,521:521,05/15/23 13:10:45,STABLE BEAMS,6800,365960.724762483,353986.336547061,47.3,HFET
367516:8773,522:522,05/15/23 13:11:08,STABLE BEAMS,6800,365598.927485056,352438.218757270,47.3,HFET
367516:8773,523:523,05/15/23 13:11:32,STABLE BEAMS,6800,364980.602077343,353707.061758572,47.2,HFET
367516:8773,524:524,05/15/23 13:11:55,STABLE BEAMS,6800,364872.789724206,355418.196488462,47.2,HFET
367516:8773,525:525,05/15/23 13:12:19,STABLE BEAMS,6800,364628.982286052,355087.407209336,47.1,HFET
367516:8773,526:526,05/15/23 13:12:42,STABLE BEAMS,6800,364152.363104226,354732.416679393,47.1,HFET
367516:8773,527:527,05/15/23 13:13:05,STABLE BEAMS,6800,363705.383577970,349287.461596553,47.0,HFET
367516:8773,528:528,05/15/23 13:13:28,STABLE BEAMS,6800,364103.419792518,354710.541844326,47.0,HFET
367516:8773,529:529,05/15/23 13:13:52,STABLE BEAMS,6800,364201.283105154,354842.961055836,47.1,HFET
367516:8773,530:530,05/15/23 13:14:15,STABLE BEAMS,6800,364238.254000738,354808.929649491,47.1,HFET
367516:8773,531:531,05/15/23 13:14:38,STABLE BEAMS,6800,364207.474448072,354840.867747877,47.1,HFET
367516:8773,532:532,05/15/23 13:15:02,STABLE BEAMS,6800,364257.601947355,354788.782143152,47.1,HFET
367516:8773,533:533,05/15/23 13:15:25,STABLE BEAMS,6800,364134.583973039,354760.259073898,47.1,HFET
367516:8773,534:534,05/15/23 13:15:48,STABLE BEAMS,6800,364114.483088259,354688.004983134,47.1,HFET
367516:8773,535:535,05/15/23 13:16:12,STABLE BEAMS,6800,363868.673254184,354530.701514982,47.0,HFET
367516:8773,536:536,05/15/23 13:16:35,STABLE BEAMS,6800,363809.142186629,354550.210305974,47.0,HFET
367516:8773,537:537,05/15/23 13:16:58,STABLE BEAMS,6800,363500.320985686,263738.928165214,47.0,HFET
367516:8773,538:538,05/15/23 13:17:21,STABLE BEAMS,6800,363179.660240060,353648.262649479,46.9,HFET
367516:8773,539:539,05/15/23 13:17:45,STABLE BEAMS,6800,363203.838180097,353577.647306483,46.9,HFET
367516:8773,540:540,05/15/23 13:18:08,STABLE BEAMS,6800,363113.711715031,353616.779111285,46.9,HFET
367516:8773,541:541,05/15/23 13:18:32,STABLE BEAMS,6800,362567.661377784,105712.539139449,46.9,HFET
367516:8773,542:542,05/15/23 13:18:55,STABLE BEAMS,6800,362142.992598163,352598.251917650,46.8,HFET
367516:8773,543:543,05/15/23 13:19:18,STABLE BEAMS,6800,362155.216770700,352688.536896015,46.8,HFET
367516:8773,544:544,05/15/23 13:19:41,STABLE BEAMS,6800,362006.337818099,347545.708158373,46.8,HFET
367516:8773,545:545,05/15/23 13:20:05,STABLE BEAMS,6800,361552.595834838,351876.734353210,46.8,HFET
367516:8773,546:546,05/15/23 13:20:28,STABLE BEAMS,6800,361257.273906047,346946.525562422,46.7,HFET
367516:8773,547:547,05/15/23 13:20:51,STABLE BEAMS,6800,361531.972788607,351769.831120456,46.7,HFET
367516:8773,548:548,05/15/23 13:21:15,STABLE BEAMS,6800,361437.249437910,351954.837118439,46.7,HFET
367516:8773,549:549,05/15/23 13:21:38,STABLE BEAMS,6800,360946.562200922,351876.734353210,46.7,HFET
367516:8773,550:550,05/15/23 13:22:01,STABLE BEAMS,6800,360917.719773996,351863.461195615,46.6,HFET
367516:8773,551:551,05/15/23 13:22:25,STABLE BEAMS,6800,361211.699001913,347328.330481513,46.7,HFET
367516:8773,552:552,05/15/23 13:22:48,STABLE BEAMS,6800,361167.194062538,351613.916974735,46.7,HFET
367516:8773,553:553,05/15/23 13:23:11,STABLE BEAMS,6800,361045.040918125,351997.020304220,46.7,HFET
367516:8773,554:554,05/15/23 13:23:35,STABLE BEAMS,6800,360896.525613677,351848.847668224,46.7,HFET
367516:8773,555:555,05/15/23 13:23:58,STABLE BEAMS,6800,360778.491483924,351701.469929794,46.6,HFET
367516:8773,556:556,05/15/23 13:24:21,STABLE BEAMS,6800,360484.852593380,346419.051585005,46.6,HFET
367516:8773,557:557,05/15/23 13:24:44,STABLE BEAMS,6800,360283.911346834,351284.470396483,46.6,HFET
367516:8773,558:558,05/15/23 13:25:08,STABLE BEAMS,6800,360198.204605476,345965.130108746,46.6,HFET
367516:8773,559:559,05/15/23 13:25:31,STABLE BEAMS,6800,359812.847123656,350839.607488965,46.5,HFET
367516:8773,560:560,05/15/23 13:25:54,STABLE BEAMS,6800,359116.871179828,350261.504830515,46.5,HFET
367516:8773,561:561,05/15/23 13:26:18,STABLE BEAMS,6800,358758.512242312,345912.906970425,46.4,HFET
367516:8773,562:562,05/15/23 13:26:41,STABLE BEAMS,6800,359147.965428012,350299.226333184,46.4,HFET
367516:8773,563:563,05/15/23 13:27:04,STABLE BEAMS,6800,358932.615788930,350102.632546932,46.4,HFET
367516:8773,564:564,05/15/23 13:27:28,STABLE BEAMS,6800,358347.272802505,349473.059688325,46.3,HFET
367516:8773,565:565,05/15/23 13:27:51,STABLE BEAMS,6800,358278.433740873,349529.425152084,46.3,HFET
367516:8773,566:566,05/15/23 13:28:14,STABLE BEAMS,6800,358714.212437792,349939.321891017,46.4,HFET
367516:8773,567:567,05/15/23 13:28:37,STABLE BEAMS,6800,357885.155256330,349088.226699034,46.3,HFET
367516:8773,568:568,05/15/23 13:29:01,STABLE BEAMS,6800,357125.347406211,343646.162152797,46.2,HFET
367516:8773,569:569,05/15/23 13:29:24,STABLE BEAMS,6800,356550.885891449,347836.479823092,46.1,HFET
367516:8773,570:570,05/15/23 13:29:47,STABLE BEAMS,6800,355999.919310899,347433.821081056,46.1,HFET
367516:8773,571:571,05/15/23 13:30:11,STABLE BEAMS,6800,355288.029098209,346788.403885924,46.0,HFET
367516:8773,572:572,05/15/23 13:30:34,STABLE BEAMS,6800,354888.855317643,341191.063909313,45.9,HFET
367516:8773,573:573,05/15/23 13:30:57,STABLE BEAMS,6800,354622.807065191,346153.140866149,45.9,HFET
367516:8773,574:574,05/15/23 13:31:21,STABLE BEAMS,6800,354118.916602946,345674.768713738,45.8,HFET
367516:8773,575:575,05/15/23 13:31:44,STABLE BEAMS,6800,352803.062753520,344413.641580303,45.7,HFET
367516:8773,576:576,05/15/23 13:32:07,STABLE BEAMS,6800,352302.564009628,343900.326570086,45.5,HFET
367516:8773,577:577,05/15/23 13:32:31,STABLE BEAMS,6800,353024.379952040,341220.566031287,45.5,HFET
367516:8773,578:578,05/15/23 13:32:54,STABLE BEAMS,6800,352852.985117948,336111.908564664,45.6,HFET
367516:8773,579:579,05/15/23 13:33:17,STABLE BEAMS,6800,352772.742423201,341259.970572205,45.6,HFET
367516:8773,580:580,05/15/23 13:33:41,STABLE BEAMS,6800,352733.722510138,341236.228543735,45.6,HFET
367516:8773,581:581,05/15/23 13:34:04,STABLE BEAMS,6800,352602.485155127,341037.996009715,45.6,HFET
367516:8773,582:582,05/15/23 13:34:27,STABLE BEAMS,6800,352452.515258066,340706.521393685,45.6,HFET
367516:8773,583:583,05/15/23 13:34:50,STABLE BEAMS,6800,352356.197450081,340841.288000645,45.5,HFET
367516:8773,584:584,05/15/23 13:35:14,STABLE BEAMS,6800,352150.088203818,340688.129189009,45.5,HFET
367516:8773,585:585,05/15/23 13:35:37,STABLE BEAMS,6800,352160.538426069,335735.681915001,45.5,HFET
367516:8773,586:586,05/15/23 13:36:00,STABLE BEAMS,6800,351640.598492443,339635.796703586,45.5,HFET
367516:8773,587:587,05/15/23 13:36:24,STABLE BEAMS,6800,350993.906197697,339735.846567297,45.4,HFET
367516:8773,588:588,05/15/23 13:36:47,STABLE BEAMS,6800,351667.983995679,340281.419033573,45.4,HFET
367516:8773,589:589,05/15/23 13:37:10,STABLE BEAMS,6800,352116.875005818,340505.512545879,45.5,HFET
367516:8773,590:590,05/15/23 13:37:34,STABLE BEAMS,6800,351733.498940218,340310.375683318,45.5,HFET
367516:8773,591:591,05/15/23 13:37:57,STABLE BEAMS,6800,351548.994123984,340056.097043211,45.5,HFET
367516:8773,592:592,05/15/23 13:38:20,STABLE BEAMS,6800,351732.657421094,340268.101585498,45.4,HFET
367516:8773,593:593,05/15/23 13:38:44,STABLE BEAMS,6800,351651.342430510,340325.217656343,45.5,HFET
367516:8773,594:594,05/15/23 13:39:07,STABLE BEAMS,6800,351428.227970925,340177.271134904,45.5,HFET
367516:8773,595:595,05/15/23 13:39:30,STABLE BEAMS,6800,351064.407317876,339753.649009263,45.4,HFET
367516:8773,596:596,05/15/23 13:39:53,STABLE BEAMS,6800,350714.722321247,339449.515605988,45.4,HFET
367516:8773,597:597,05/15/23 13:40:17,STABLE BEAMS,6800,350325.723695738,336818.152906667,45.3,HFET
367516:8773,598:598,05/15/23 13:40:40,STABLE BEAMS,6800,349647.843909692,333996.522966529,45.2,HFET
367516:8773,599:599,05/15/23 13:41:03,STABLE BEAMS,6800,349885.893585419,328492.924956817,45.2,HFET
367516:8773,600:600,05/15/23 13:41:27,STABLE BEAMS,6800,350562.680095927,277896.356852828,45.3,HFET
367516:8773,601:601,05/15/23 13:41:50,STABLE BEAMS,6800,349430.650387987,338002.153996514,45.2,HFET
367516:8773,602:602,05/15/23 13:42:13,STABLE BEAMS,6800,349477.453770177,338087.177732045,45.2,HFET
367516:8773,603:603,05/15/23 13:42:37,STABLE BEAMS,6800,348912.917985138,159281.221549530,45.2,HFET
367516:8773,604:604,05/15/23 13:43:00,STABLE BEAMS,6800,348065.284443845,336767.274800298,45.0,HFET
367516:8773,605:605,05/15/23 13:43:23,STABLE BEAMS,6800,347599.705246979,331743.641069206,45.0,HFET
367516:8773,606:606,05/15/23 13:43:47,STABLE BEAMS,6800,347390.409417219,336397.738344224,44.9,HFET
367516:8773,607:607,05/15/23 13:44:10,STABLE BEAMS,6800,347253.936461232,336278.634249711,44.9,HFET
367516:8773,608:608,05/15/23 13:44:33,STABLE BEAMS,6800,346926.061029488,335919.662238706,44.9,HFET
367516:8773,609:609,05/15/23 13:44:57,STABLE BEAMS,6800,345797.399729121,335037.587021357,44.7,HFET
367516:8773,610:610,05/15/23 13:45:20,STABLE BEAMS,6800,345875.299690573,335089.306646850,44.7,HFET
367516:8773,611:611,05/15/23 13:45:43,STABLE BEAMS,6800,346940.266618245,336088.551164050,44.8,HFET
367516:8773,612:612,05/15/23 13:46:06,STABLE BEAMS,6800,346585.096595303,335762.633837746,44.8,HFET
367516:8773,613:613,05/15/23 13:46:30,STABLE BEAMS,6800,346232.134103139,335453.628481649,44.8,HFET
367516:8773,614:614,05/15/23 13:46:53,STABLE BEAMS,6800,346032.694070763,335321.640519552,44.7,HFET
367516:8773,615:615,05/15/23 13:47:16,STABLE BEAMS,6800,346385.700853408,335646.238455761,44.8,HFET
367516:8773,616:616,05/15/23 13:47:40,STABLE BEAMS,6800,346969.540294584,336172.870914053,44.9,HFET
367516:8773,617:617,05/15/23 13:48:03,STABLE BEAMS,6800,346065.200952158,335257.286451810,44.8,HFET
367516:8773,618:618,05/15/23 13:48:26,STABLE BEAMS,6800,345274.865305786,334623.501335427,44.6,HFET
367516:8773,619:619,05/15/23 13:48:50,STABLE BEAMS,6800,345669.738247617,329981.698165285,44.6,HFET
367516:8773,620:620,05/15/23 13:49:13,STABLE BEAMS,6800,345025.983111032,334464.400606210,44.7,HFET
367516:8773,621:621,05/15/23 13:49:36,STABLE BEAMS,6800,344808.696346211,334394.605802636,44.6,HFET
367516:8773,622:622,05/15/23 13:50:00,STABLE BEAMS,6800,344085.628614963,333528.624347148,44.6,HFET
367516:8773,623:623,05/15/23 13:50:23,STABLE BEAMS,6800,343927.893897398,329652.659525666,44.4,HFET
367516:8773,624:624,05/15/23 13:50:46,STABLE BEAMS,6800,343824.589848930,333469.389326487,44.5,HFET
367516:8773,625:625,05/15/23 13:51:10,STABLE BEAMS,6800,343516.973815265,332549.023823459,44.4,HFET
367516:8773,626:626,05/15/23 13:51:33,STABLE BEAMS,6800,342779.497691482,332407.338577275,44.3,HFET
367516:8773,627:627,05/15/23 13:51:56,STABLE BEAMS,6800,343156.770995125,328892.145358941,44.3,HFET
367516:8773,628:628,05/15/23 13:52:19,STABLE BEAMS,6800,343628.154575976,332738.810862227,44.4,HFET
367516:8773,629:629,05/15/23 13:52:43,STABLE BEAMS,6800,343312.480005990,332896.683113388,44.4,HFET
367516:8773,630:630,05/15/23 13:53:06,STABLE BEAMS,6800,343162.190751256,332799.705610357,44.3,HFET
367516:8773,631:631,05/15/23 13:53:29,STABLE BEAMS,6800,343296.181109274,328643.626812340,44.3,HFET
367516:8773,632:632,05/15/23 13:53:53,STABLE BEAMS,6800,343569.558270661,333133.933229394,44.4,HFET
367516:8773,633:633,05/15/23 13:54:16,STABLE BEAMS,6800,343422.387998164,333076.817158549,44.4,HFET
367516:8773,634:634,05/15/23 13:54:39,STABLE BEAMS,6800,343491.681619988,328353.470552188,44.4,HFET
367516:8773,635:635,05/15/23 13:55:03,STABLE BEAMS,6800,343217.917499669,332919.469399916,44.4,HFET
367516:8773,636:636,05/15/23 13:55:26,STABLE BEAMS,6800,343179.990862143,326515.014678168,44.4,HFET
367516:8773,637:637,05/15/23 13:55:49,STABLE BEAMS,6800,342833.403868051,332574.544464370,44.3,HFET
367516:8773,638:638,05/15/23 13:56:13,STABLE BEAMS,6800,342674.804320583,332522.754906540,44.3,HFET
367516:8773,639:639,05/15/23 13:56:36,STABLE BEAMS,6800,342330.308303371,328418.554247314,44.3,HFET
367516:8773,640:640,05/15/23 13:56:59,STABLE BEAMS,6800,342260.399276980,332115.452657316,44.2,HFET
367516:8773,641:641,05/15/23 13:57:23,STABLE BEAMS,6800,341420.756670748,326477.591553471,44.2,HFET
367516:8773,642:642,05/15/23 13:57:46,STABLE BEAMS,6800,341771.807679030,331680.858147973,44.1,HFET
367516:8773,643:643,05/15/23 13:58:09,STABLE BEAMS,6800,341714.530763810,331658.297976002,44.2,HFET
367516:8773,644:644,05/15/23 13:58:32,STABLE BEAMS,6800,341512.246816390,331389.585301504,44.2,HFET
367516:8773,645:645,05/15/23 13:58:56,STABLE BEAMS,6800,341077.172104998,330977.595254612,44.1,HFET
367516:8773,646:646,05/15/23 13:59:19,STABLE BEAMS,6800,341296.757312634,331111.723146226,44.1,HFET
367516:8773,647:647,05/15/23 13:59:42,STABLE BEAMS,6800,341456.974628168,328641.806240496,44.1,HFET
367516:8773,648:648,05/15/23 14:00:06,STABLE BEAMS,6800,341116.007862906,331044.681345659,44.1,HFET
367516:8773,649:649,05/15/23 14:00:29,STABLE BEAMS,6800,340962.872362049,330846.404521159,44.1,HFET
367516:8773,650:650,05/15/23 14:00:52,STABLE BEAMS,6800,341002.118389669,326001.904802806,44.1,HFET
367516:8773,651:651,05/15/23 14:01:16,STABLE BEAMS,6800,341064.288237413,331017.773713394,44.1,HFET
367516:8773,652:652,05/15/23 14:01:39,STABLE BEAMS,6800,340702.651804361,330608.037818837,44.1,HFET
367516:8773,653:653,05/15/23 14:02:02,STABLE BEAMS,6800,340442.067598520,330292.635984966,44.0,HFET
367516:8773,654:654,05/15/23 14:02:26,STABLE BEAMS,6800,340573.281642753,330063.125047607,44.1,HFET
367516:8773,655:655,05/15/23 14:02:49,STABLE BEAMS,6800,340200.696136778,330179.406206776,44.0,HFET
367516:8773,656:656,05/15/23 14:03:12,STABLE BEAMS,6800,339664.844265368,329277.661354059,43.9,HFET
367516:8773,657:657,05/15/23 14:03:35,STABLE BEAMS,6800,339491.426055654,329589.284510644,43.9,HFET
367516:8773,658:658,05/15/23 14:03:59,STABLE BEAMS,6800,339775.365331032,329934.710627940,43.9,HFET
367516:8773,659:659,05/15/23 14:04:22,STABLE BEAMS,6800,339497.775911869,329615.623359900,43.9,HFET
367516:8773,660:660,05/15/23 14:04:45,STABLE BEAMS,6800,339200.745302973,328888.457593695,43.9,HFET
367516:8773,661:661,05/15/23 14:05:09,STABLE BEAMS,6800,339240.105553410,329359.204790277,43.8,HFET
367516:8773,662:662,05/15/23 14:05:32,STABLE BEAMS,6800,339074.312299525,329040.434548833,43.8,HFET
367516:8773,663:663,05/15/23 14:05:55,STABLE BEAMS,6800,338839.633362450,329105.835270554,43.8,HFET
367516:8773,664:664,05/15/23 14:06:19,STABLE BEAMS,6800,338675.161829738,328857.407635991,43.8,HFET
367516:8773,665:665,05/15/23 14:06:42,STABLE BEAMS,6800,338636.915834539,328878.373350675,43.8,HFET
367516:8773,666:666,05/15/23 14:07:05,STABLE BEAMS,6800,338565.368060381,324098.843104631,43.8,HFET
367516:8773,667:667,05/15/23 14:07:29,STABLE BEAMS,6800,338239.222288443,328576.722545369,43.7,HFET
367516:8773,668:668,05/15/23 14:07:52,STABLE BEAMS,6800,338192.782554406,328511.410404608,43.7,HFET
367516:8773,669:669,05/15/23 14:08:15,STABLE BEAMS,6800,338036.141112379,328361.508108807,43.7,HFET
367516:8773,670:670,05/15/23 14:08:39,STABLE BEAMS,6800,338190.278976735,328475.511804861,43.7,HFET
367516:8773,671:671,05/15/23 14:09:02,STABLE BEAMS,6800,337071.088845899,327515.261558867,43.7,HFET
367516:8773,672:672,05/15/23 14:09:25,STABLE BEAMS,6800,337103.845152630,321496.141008160,43.6,HFET
367516:8773,673:673,05/15/23 14:09:48,STABLE BEAMS,6800,337394.728709089,327750.714413807,43.6,HFET
367516:8773,674:674,05/15/23 14:10:12,STABLE BEAMS,6800,337404.337412216,327630.973935027,43.6,HFET
367516:8773,675:675,05/15/23 14:10:35,STABLE BEAMS,6800,337286.939666731,327629.335187259,43.6,HFET
367516:8773,676:676,05/15/23 14:10:58,STABLE BEAMS,6800,337205.307649552,327680.667853820,43.6,HFET
367516:8773,677:677,05/15/23 14:11:22,STABLE BEAMS,6800,336988.361222105,327021.660474498,43.5,HFET
367516:8773,678:678,05/15/23 14:11:45,STABLE BEAMS,6800,336733.651332586,327191.756898197,43.6,HFET
367516:8773,679:679,05/15/23 14:12:08,STABLE BEAMS,6800,336422.186689298,326956.213131218,43.5,HFET
367516:8773,680:680,05/15/23 14:12:32,STABLE BEAMS,6800,336228.303946650,326795.427032675,43.4,HFET
367516:8773,681:681,05/15/23 14:12:55,STABLE BEAMS,6800,335905.822629180,326532.567694798,43.5,HFET
367516:8773,682:682,05/15/23 14:13:18,STABLE BEAMS,6800,335314.812792366,325997.307917176,43.4,HFET
367516:8773,683:683,05/15/23 14:13:42,STABLE BEAMS,6800,334772.928091337,325479.803959962,43.3,HFET
367516:8773,684:684,05/15/23 14:14:05,STABLE BEAMS,6800,335401.407674406,326032.089930607,43.3,HFET
367516:8773,685:685,05/15/23 14:14:28,STABLE BEAMS,6800,335210.664893697,325882.709796256,43.3,HFET
367516:8773,686:686,05/15/23 14:14:51,STABLE BEAMS,6800,335251.207000632,325908.365639685,43.3,HFET
367516:8773,687:687,05/15/23 14:15:15,STABLE BEAMS,6800,335260.062765596,325885.192394225,43.3,HFET
367516:8773,688:688,05/15/23 14:15:38,STABLE BEAMS,6800,335250.342170729,325937.776849621,43.3,HFET
367516:8773,689:689,05/15/23 14:16:01,STABLE BEAMS,6800,335064.061073131,325705.967469448,43.3,HFET
367516:8773,690:690,05/15/23 14:16:25,STABLE BEAMS,6800,334672.992450443,321439.320984210,43.3,HFET
367516:8773,691:691,05/15/23 14:16:48,STABLE BEAMS,6800,334747.978564512,325505.981964843,43.2,HFET
367516:8773,692:692,05/15/23 14:17:11,STABLE BEAMS,6800,334835.780944907,325585.658207658,43.3,HFET
367516:8773,693:693,05/15/23 14:17:35,STABLE BEAMS,6800,334594.181037530,325383.896421689,43.3,HFET
367516:8773,694:694,05/15/23 14:17:58,STABLE BEAMS,6800,334407.809027894,325180.950448144,43.2,HFET
367516:8773,695:695,05/15/23 14:18:21,STABLE BEAMS,6800,334320.575430508,325093.262290566,43.2,HFET
367516:8773,696:696,05/15/23 14:18:45,STABLE BEAMS,6800,334381.698624272,325182.635817469,43.2,HFET
367516:8773,697:697,05/15/23 14:19:08,STABLE BEAMS,6800,334118.790333760,324515.297165713,43.2,HFET
367516:8773,698:698,05/15/23 14:19:31,STABLE BEAMS,6800,334163.500407990,324908.302914141,43.2,HFET
367516:8773,699:699,05/15/23 14:19:55,STABLE BEAMS,6800,333763.666932376,319832.448375807,43.2,HFET
367516:8773,700:700,05/15/23 14:20:18,STABLE BEAMS,6800,333800.248537950,324636.312744107,43.1,HFET
367516:8773,701:701,05/15/23 14:20:41,STABLE BEAMS,6800,333235.941198546,324090.831189869,43.1,HFET
367516:8773,702:702,05/15/23 14:21:04,STABLE BEAMS,6800,332947.060038008,323942.292574642,43.1,HFET
367516:8773,703:703,05/15/23 14:21:28,STABLE BEAMS,6800,332074.796327563,318475.504616138,42.9,HFET
367516:8773,704:704,05/15/23 14:21:51,STABLE BEAMS,6800,332143.588767638,323216.334306791,42.9,HFET
367516:8773,705:705,05/15/23 14:22:14,STABLE BEAMS,6800,332325.797472134,323265.575996471,43.0,HFET
367516:8773,706:706,05/15/23 14:22:38,STABLE BEAMS,6800,331887.058306275,322846.345621604,42.9,HFET
367516:8773,707:707,05/15/23 14:23:01,STABLE BEAMS,6800,331376.314474987,322496.159443225,42.9,HFET
367516:8773,708:708,05/15/23 14:23:24,STABLE BEAMS,6800,331683.247502826,318492.328005383,42.8,HFET
367516:8773,709:709,05/15/23 14:23:48,STABLE BEAMS,6800,331934.248647397,322998.275955184,42.9,HFET
367516:8773,710:710,05/15/23 14:24:11,STABLE BEAMS,6800,331852.977947294,322940.339344916,42.9,HFET
367516:8773,711:711,05/15/23 14:24:34,STABLE BEAMS,6800,331787.190266640,322808.579828454,42.9,HFET
367516:8773,712:712,05/15/23 14:24:58,STABLE BEAMS,6800,330845.082799986,321971.918670863,42.8,HFET
367516:8773,713:713,05/15/23 14:25:21,STABLE BEAMS,6800,330290.269940892,317824.898441588,42.7,HFET
367516:8773,714:714,05/15/23 14:25:44,STABLE BEAMS,6800,330144.645173047,321299.318776273,42.7,HFET
367516:8773,715:715,05/15/23 14:26:08,STABLE BEAMS,6800,329587.780965395,320882.570999375,42.6,HFET
367516:8773,716:716,05/15/23 14:26:31,STABLE BEAMS,6800,328865.580395128,320198.112911479,42.5,HFET
367516:8773,717:717,05/15/23 14:26:54,STABLE BEAMS,6800,328531.215242495,319862.861949242,42.5,HFET
367516:8773,718:718,05/15/23 14:27:17,STABLE BEAMS,6800,328386.592838149,315114.633417316,42.5,HFET
367516:8773,719:719,05/15/23 14:27:41,STABLE BEAMS,6800,328144.426478841,319417.702994830,42.4,HFET
367516:8773,720:720,05/15/23 14:28:04,STABLE BEAMS,6800,327772.043776644,319053.562984108,42.4,HFET
367516:8773,721:721,05/15/23 14:28:27,STABLE BEAMS,6800,327836.423486243,314484.354242103,42.4,HFET
367516:8773,722:722,05/15/23 14:28:51,STABLE BEAMS,6800,327957.779402012,319207.041153417,42.4,HFET
367516:8773,723:723,05/15/23 14:29:14,STABLE BEAMS,6800,327775.710562190,319066.584385289,42.4,HFET
367516:8773,724:724,05/15/23 14:29:37,STABLE BEAMS,6800,327464.087405604,317036.224853763,42.3,HFET
367516:8773,725:725,05/15/23 14:30:01,STABLE BEAMS,6800,327586.718420988,316702.384193658,42.3,HFET
367516:8773,726:726,05/15/23 14:30:24,STABLE BEAMS,6800,327605.842584126,319058.001356440,42.4,HFET
367516:8773,727:727,05/15/23 14:30:47,STABLE BEAMS,6800,327328.821947972,318770.395295517,42.3,HFET
367516:8773,728:728,05/15/23 14:31:11,STABLE BEAMS,6800,327048.591417542,313062.783678578,42.3,HFET
367516:8773,729:729,05/15/23 14:31:34,STABLE BEAMS,6800,327292.126119581,318311.238218281,42.3,HFET
367516:8773,730:730,05/15/23 14:31:57,STABLE BEAMS,6800,327140.034941626,318551.560694966,42.3,HFET
367516:8773,731:731,05/15/23 14:32:21,STABLE BEAMS,6800,327086.175386615,318515.547872401,42.3,HFET
367516:8773,732:732,05/15/23 14:32:44,STABLE BEAMS,6800,326942.394501394,318400.133874214,42.3,HFET
367516:8773,733:733,05/15/23 14:33:07,STABLE BEAMS,6800,326697.244362366,318115.350748634,42.2,HFET
367516:8773,734:734,05/15/23 14:33:30,STABLE BEAMS,6800,326435.385056911,317959.914473884,42.2,HFET
367516:8773,735:735,05/15/23 14:33:54,STABLE BEAMS,6800,326109.330197011,317612.325116292,42.2,HFET
367516:8773,736:736,05/15/23 14:34:17,STABLE BEAMS,6800,325626.883320420,317183.259923741,42.1,HFET
367516:8773,737:737,05/15/23 14:34:40,STABLE BEAMS,6800,325230.872812571,316832.390739536,42.0,HFET
367516:8773,738:738,05/15/23 14:35:04,STABLE BEAMS,6800,325302.012648097,316944.438661227,42.0,HFET
367516:8773,739:739,05/15/23 14:35:27,STABLE BEAMS,6800,325492.550293950,317092.180047811,42.1,HFET
367516:8773,740:740,05/15/23 14:35:50,STABLE BEAMS,6800,325260.673312518,313277.156596017,42.1,HFET
367516:8773,741:741,05/15/23 14:36:14,STABLE BEAMS,6800,325045.139518282,316642.081539317,42.0,HFET
367516:8773,742:742,05/15/23 14:36:37,STABLE BEAMS,6800,324948.777419817,316583.804591675,42.0,HFET
367516:8773,743:743,05/15/23 14:37:00,STABLE BEAMS,6800,324757.806193473,316396.863799030,42.0,HFET
367516:8773,744:744,05/15/23 14:37:24,STABLE BEAMS,6800,324248.474995396,315942.597323241,42.0,HFET
367516:8773,745:745,05/15/23 14:37:47,STABLE BEAMS,6800,324153.273773729,315784.135309369,41.9,HFET
367516:8773,746:746,05/15/23 14:38:10,STABLE BEAMS,6800,324101.575127937,309804.806258512,41.9,HFET
367516:8773,747:747,05/15/23 14:38:33,STABLE BEAMS,6800,324074.986853345,315643.610939982,41.9,HFET
367516:8773,748:748,05/15/23 14:38:57,STABLE BEAMS,6800,323345.774400737,315238.199194939,41.8,HFET
367516:8773,749:749,05/15/23 14:39:20,STABLE BEAMS,6800,322629.991287945,314558.452215491,41.8,HFET
367516:8773,750:750,05/15/23 14:39:43,STABLE BEAMS,6800,322215.723777939,314147.986693549,41.7,HFET
367516:8773,751:751,05/15/23 14:40:07,STABLE BEAMS,6800,321483.735011546,313554.904528477,41.6,HFET
367516:8773,752:752,05/15/23 14:40:30,STABLE BEAMS,6800,320414.488224839,312499.455391894,41.4,HFET
367516:8773,753:753,05/15/23 14:40:53,STABLE BEAMS,6800,319967.326874507,312143.602363126,41.4,HFET
367516:8773,754:754,05/15/23 14:41:17,STABLE BEAMS,6800,320048.073082081,306301.543496900,41.4,HFET
367516:8773,755:755,05/15/23 14:41:40,STABLE BEAMS,6800,320011.946036699,311175.202668774,41.4,HFET
367516:8773,756:756,05/15/23 14:42:03,STABLE BEAMS,6800,320011.946036699,312133.061228837,41.4,HFET
367516:8773,757:757,05/15/23 14:42:27,STABLE BEAMS,6800,320057.451008496,311760.065453151,41.4,HFET
367516:8773,758:758,05/15/23 14:42:50,STABLE BEAMS,6800,319936.186004765,100866.162204059,41.4,HFET
367516:8773,759:759,05/15/23 14:43:13,STABLE BEAMS,6800,320039.967924203,57093.942621458,41.3,HFET
367516:8773,760:760,05/15/23 14:43:37,STABLE BEAMS,6800,319859.514521369,96211.928327877,41.4,HFET
367516:8773,761:761,05/15/23 14:44:00,STABLE BEAMS,6800,320073.113520944,312128.508633687,41.4,HFET
367516:8773,762:762,05/15/23 14:44:23,STABLE BEAMS,6800,319859.971412639,311992.877196823,41.4,HFET
367516:8773,763:763,05/15/23 14:44:46,STABLE BEAMS,6800,319672.436195128,311831.545626050,41.3,HFET
367516:8773,764:764,05/15/23 14:45:10,STABLE BEAMS,6800,319535.986549920,311812.241969913,41.3,HFET
367516:8773,765:765,05/15/23 14:45:33,STABLE BEAMS,6800,319665.699379981,311783.627988621,41.3,HFET
367516:8773,766:766,05/15/23 14:45:56,STABLE BEAMS,6800,319405.250376658,311605.428738122,41.3,HFET
367516:8773,767:767,05/15/23 14:46:20,STABLE BEAMS,6800,319314.170500728,311498.047634398,41.3,HFET
367516:8773,768:768,05/15/23 14:46:43,STABLE BEAMS,6800,319110.086961164,310915.779339730,41.2,HFET
367516:8773,769:769,05/15/23 14:47:06,STABLE BEAMS,6800,319088.004660164,269793.266640920,41.3,HFET
367516:8773,770:770,05/15/23 14:47:30,STABLE BEAMS,6800,318901.837785384,311135.979951933,41.2,HFET
367516:8773,771:771,05/15/23 14:47:53,STABLE BEAMS,6800,318781.458591257,311080.525939635,41.2,HFET
367516:8773,772:772,05/15/23 14:48:16,STABLE BEAMS,6800,318400.588434406,310706.688644825,41.2,HFET
367516:8773,773:773,05/15/23 14:48:40,STABLE BEAMS,6800,318215.582436422,310503.173888271,41.2,HFET
367516:8773,774:774,05/15/23 14:49:03,STABLE BEAMS,6800,318135.085654184,310424.796055849,41.1,HFET
367516:8773,775:775,05/15/23 14:49:26,STABLE BEAMS,6800,318004.759750634,310322.720485437,41.1,HFET
367516:8773,776:776,05/15/23 14:49:50,STABLE BEAMS,6800,317357.862321031,309707.078148394,41.0,HFET
367516:8773,777:777,05/15/23 14:50:13,STABLE BEAMS,6800,317321.143181861,309708.740206941,41.0,HFET
367516:8773,778:778,05/15/23 14:50:36,STABLE BEAMS,6800,317685.807685112,306510.997839958,41.1,HFET
367516:8773,779:779,05/15/23 14:50:59,STABLE BEAMS,6800,317579.589789263,309957.533820735,41.1,HFET
367516:8773,780:780,05/15/23 14:51:23,STABLE BEAMS,6800,317452.289624834,309842.572051661,41.0,HFET
367516:8773,781:781,05/15/23 14:51:46,STABLE BEAMS,6800,317233.249889428,309601.200589919,41.0,HFET
367516:8773,782:782,05/15/23 14:52:09,STABLE BEAMS,6800,317026.891217829,309394.273135311,41.0,HFET
367516:8773,783:783,05/15/23 14:52:33,STABLE BEAMS,6800,317009.270599940,309424.229817476,41.0,HFET
367516:8773,784:784,05/15/23 14:52:56,STABLE BEAMS,6800,317013.210121600,309440.848071866,41.0,HFET
367516:8773,785:785,05/15/23 14:53:19,STABLE BEAMS,6800,316703.134800744,309154.130151625,41.0,HFET
367516:8773,786:786,05/15/23 14:53:43,STABLE BEAMS,6800,316431.328785865,308846.332293882,40.9,HFET
367516:8773,787:787,05/15/23 14:54:06,STABLE BEAMS,6800,316596.665148481,309027.902283033,40.9,HFET
367516:8773,788:788,05/15/23 14:54:29,STABLE BEAMS,6800,316591.499479842,304298.135888119,40.9,HFET
367516:8773,789:789,05/15/23 14:54:53,STABLE BEAMS,6800,316242.429887779,308653.859853367,40.9,HFET
367516:8773,790:790,05/15/23 14:55:16,STABLE BEAMS,6800,316306.191861733,308813.004873065,40.9,HFET
367516:8773,791:791,05/15/23 14:55:39,STABLE BEAMS,6800,316290.394146766,308796.183814897,40.9,HFET
367516:8773,792:792,05/15/23 14:56:02,STABLE BEAMS,6800,316165.233911855,308653.472894435,40.9,HFET
367516:8773,793:793,05/15/23 14:56:26,STABLE BEAMS,6800,315552.255996859,308091.123660471,40.8,HFET
367516:8773,794:794,05/15/23 14:56:49,STABLE BEAMS,6800,315355.436096049,307939.398461747,40.7,HFET
367516:8773,795:795,05/15/23 14:57:12,STABLE BEAMS,6800,315456.371769365,308011.787755030,40.8,HFET
367516:8773,796:796,05/15/23 14:57:36,STABLE BEAMS,6800,315021.868172060,307592.741535317,40.7,HFET
367516:8773,797:797,05/15/23 14:57:59,STABLE BEAMS,6800,314590.914806405,307205.791927288,40.7,HFET
367516:8773,798:798,05/15/23 14:58:22,STABLE BEAMS,6800,314553.946241899,307178.723450647,40.6,HFET
367516:8773,799:799,05/15/23 14:58:46,STABLE BEAMS,6800,314728.753774045,307270.738088817,40.7,HFET
367516:8773,800:800,05/15/23 14:59:09,STABLE BEAMS,6800,314401.924996281,307088.555026178,40.7,HFET
367516:8773,801:801,05/15/23 14:59:32,STABLE BEAMS,6800,314065.806873062,306726.282208858,40.6,HFET
367516:8773,802:802,05/15/23 14:59:56,STABLE BEAMS,6800,314244.712440167,302497.058848317,40.6,HFET
367516:8773,803:803,05/15/23 15:00:19,STABLE BEAMS,6800,314275.307837679,306956.748888158,40.6,HFET
367516:8773,804:804,05/15/23 15:00:42,STABLE BEAMS,6800,314342.282036986,307016.778806384,40.6,HFET
367516:8773,805:805,05/15/23 15:01:06,STABLE BEAMS,6800,314236.586302588,302495.874660741,40.6,HFET
367516:8773,806:806,05/15/23 15:01:29,STABLE BEAMS,6800,314103.915334664,306731.289364199,40.6,HFET
367516:8773,807:807,05/15/23 15:01:52,STABLE BEAMS,6800,314034.393267206,306700.397919793,40.6,HFET
367516:8773,808:808,05/15/23 15:02:15,STABLE BEAMS,6800,313813.122690244,306541.024454461,40.6,HFET
367516:8773,809:809,05/15/23 15:02:39,STABLE BEAMS,6800,313718.809609258,302042.181630117,40.6,HFET
367516:8773,810:810,05/15/23 15:03:02,STABLE BEAMS,6800,313182.661690955,305938.951321907,40.5,HFET
367516:8773,811:811,05/15/23 15:03:25,STABLE BEAMS,6800,313112.113949217,305835.873387996,40.5,HFET
367516:8773,812:812,05/15/23 15:03:49,STABLE BEAMS,6800,312896.580154981,305670.376181005,40.5,HFET
367516:8773,813:813,05/15/23 15:04:12,STABLE BEAMS,6800,312466.605842047,305291.347575699,40.4,HFET
367516:8773,814:814,05/15/23 15:04:35,STABLE BEAMS,6800,312020.833814146,304854.384691204,40.4,HFET
367516:8773,815:815,05/15/23 15:04:59,STABLE BEAMS,6800,312496.996104703,305276.458981116,40.3,HFET
367516:8773,816:816,05/15/23 15:05:22,STABLE BEAMS,6800,312629.371025732,305437.678660150,40.4,HFET
367516:8773,817:817,05/15/23 15:05:45,STABLE BEAMS,6800,312784.578854848,305519.378278587,40.4,HFET
367516:8773,818:818,05/15/23 15:06:09,STABLE BEAMS,6800,312529.048425906,305278.076749182,40.4,HFET
367516:8773,819:819,05/15/23 15:06:32,STABLE BEAMS,6800,312347.457457055,305165.187308366,40.4,HFET
367516:8773,820:820,05/15/23 15:06:55,STABLE BEAMS,6800,312247.202458488,305046.470172787,40.4,HFET
367516:8773,821:821,05/15/23 15:07:18,STABLE BEAMS,6800,312037.769095131,304875.350405887,40.3,HFET
367516:8773,822:822,05/15/23 15:07:42,STABLE BEAMS,6800,312064.767639434,304880.154757451,40.4,HFET
367516:8773,823:823,05/15/23 15:08:05,STABLE BEAMS,6800,311518.878146563,304349.333352161,40.3,HFET
367516:8773,824:824,05/15/23 15:08:28,STABLE BEAMS,6800,310988.191943792,243987.686421861,40.2,HFET
367516:8773,825:825,05/15/23 15:08:52,STABLE BEAMS,6800,310921.014940706,303697.974239448,40.2,HFET
367516:8773,826:826,05/15/23 15:09:15,STABLE BEAMS,6800,310576.248518458,303413.510471541,40.2,HFET
367516:8773,827:827,05/15/23 15:09:38,STABLE BEAMS,6800,310075.794065046,303058.704096753,40.1,HFET
367516:8773,828:828,05/15/23 15:10:02,STABLE BEAMS,6800,310308.582497939,303241.045672690,40.1,HFET
367516:8773,829:829,05/15/23 15:10:25,STABLE BEAMS,6800,310358.208815473,303315.873273462,40.1,HFET
367516:8773,830:830,05/15/23 15:10:48,STABLE BEAMS,6800,310001.262511168,302981.349607531,40.1,HFET
367516:8773,831:831,05/15/23 15:11:12,STABLE BEAMS,6800,309731.162845316,302705.718293809,40.0,HFET
367516:8773,832:832,05/15/23 15:11:35,STABLE BEAMS,6800,310389.214482697,303311.138854236,40.0,HFET
367516:8773,833:833,05/15/23 15:11:58,STABLE BEAMS,6800,310398.252071737,303314.257836474,40.1,HFET
367516:8773,834:834,05/15/23 15:12:22,STABLE BEAMS,6800,310497.800753698,303443.604687303,40.1,HFET
367516:8773,835:835,05/15/23 15:12:45,STABLE BEAMS,6800,310484.301481547,303383.574769077,40.1,HFET
367516:8773,836:836,05/15/23 15:13:08,STABLE BEAMS,6800,310410.089285342,303363.564796334,40.1,HFET
367516:8773,837:837,05/15/23 15:13:32,STABLE BEAMS,6800,310039.643708885,303006.846937664,40.1,HFET
367516:8773,838:838,05/15/23 15:13:55,STABLE BEAMS,6800,309522.755156237,238045.146442511,40.0,HFET
367516:8773,839:839,05/15/23 15:14:18,STABLE BEAMS,6800,308994.803307850,301995.149802292,40.0,HFET
367516:8773,840:840,05/15/23 15:14:41,STABLE BEAMS,6800,308793.223345957,255138.253056796,40.0,HFET
367516:8773,841:841,05/15/23 15:15:05,STABLE BEAMS,6800,308129.185500515,159351.927804565,39.9,HFET
367516:8773,842:842,05/15/23 15:15:28,STABLE BEAMS,6800,307542.614036033,300629.783858150,39.8,HFET
367516:8773,843:843,05/15/23 15:15:51,STABLE BEAMS,6800,307528.112400382,300641.189822342,39.7,HFET
367516:8773,844:844,05/15/23 15:16:15,STABLE BEAMS,6800,307455.699796321,300572.304139152,39.8,HFET
367516:8773,845:845,05/15/23 15:16:38,STABLE BEAMS,6800,307425.831695115,300516.803505296,39.7,HFET
367516:8773,846:846,05/15/23 15:17:01,STABLE BEAMS,6800,307292.228296030,300375.892176976,39.7,HFET
367516:8773,847:847,05/15/23 15:17:25,STABLE BEAMS,6800,306999.181499275,300096.482185969,39.7,HFET
367516:8773,848:848,05/15/23 15:17:48,STABLE BEAMS,6800,306918.596136076,300021.563673159,39.7,HFET
367516:8773,849:849,05/15/23 15:18:11,STABLE BEAMS,6800,306888.068339823,300071.553638846,39.6,HFET
367516:8773,850:850,05/15/23 15:18:35,STABLE BEAMS,6800,306878.233522139,300062.425137767,39.7,HFET
367516:8773,851:851,05/15/23 15:18:58,STABLE BEAMS,6800,306588.238106362,299755.105150995,39.6,HFET
367516:8773,852:852,05/15/23 15:19:21,STABLE BEAMS,6800,306437.468649579,299653.348938257,39.6,HFET
367516:8773,853:853,05/15/23 15:19:44,STABLE BEAMS,6800,305942.205506663,298773.639764982,39.6,HFET
367516:8773,854:854,05/15/23 15:20:08,STABLE BEAMS,6800,305562.200179715,298757.431780304,39.5,HFET
367516:8773,855:855,05/15/23 15:20:31,STABLE BEAMS,6800,304948.765373448,298153.447163867,39.5,HFET
367516:8773,856:856,05/15/23 15:20:54,STABLE BEAMS,6800,304916.668761765,298216.617044033,39.4,HFET
367516:8773,857:857,05/15/23 15:21:18,STABLE BEAMS,6800,305013.919000912,298325.499361929,39.5,HFET
367516:8773,858:858,05/15/23 15:21:41,STABLE BEAMS,6800,304635.300665317,297930.423616320,39.4,HFET
367516:8773,859:859,05/15/23 15:22:04,STABLE BEAMS,6800,304306.331958036,297639.584350342,39.3,HFET
367516:8773,860:860,05/15/23 15:22:28,STABLE BEAMS,6800,304726.790810959,298037.166004699,39.3,HFET
367516:8773,861:861,05/15/23 15:22:51,STABLE BEAMS,6800,304897.386085330,298215.365255198,39.4,HFET
367516:8773,862:862,05/15/23 15:23:14,STABLE BEAMS,6800,304841.363290023,298110.944620413,39.4,HFET
367516:8773,863:863,05/15/23 15:23:38,STABLE BEAMS,6800,304765.057785858,298038.872353726,39.4,HFET
367516:8773,864:864,05/15/23 15:24:01,STABLE BEAMS,6800,304685.428164601,298035.389723335,39.4,HFET
367516:8773,865:865,05/15/23 15:24:24,STABLE BEAMS,6800,303713.384995482,297099.566842715,39.3,HFET
367516:8773,866:866,05/15/23 15:24:47,STABLE BEAMS,6800,303503.291937078,296908.800751226,39.2,HFET
367516:8773,867:867,05/15/23 15:25:11,STABLE BEAMS,6800,303668.220361060,297062.985237141,39.2,HFET
367516:8773,868:868,05/15/23 15:25:34,STABLE BEAMS,6800,303387.262534323,296802.354409742,39.3,HFET
367516:8773,869:869,05/15/23 15:25:57,STABLE BEAMS,6800,302847.335938735,296330.903227632,39.2,HFET
367516:8773,870:870,05/15/23 15:26:21,STABLE BEAMS,6800,302372.903307983,295854.920430074,39.1,HFET
367516:8773,871:871,05/15/23 15:26:44,STABLE BEAMS,6800,302087.117818904,291364.637323799,39.1,HFET
367516:8773,872:872,05/15/23 15:27:07,STABLE BEAMS,6800,301722.795984105,295219.657410299,39.0,HFET
367516:8773,873:873,05/15/23 15:27:31,STABLE BEAMS,6800,301269.737006671,294834.938643825,39.0,HFET
367516:8773,874:874,05/15/23 15:27:54,STABLE BEAMS,6800,301209.138305435,294796.785891743,38.9,HFET
367516:8773,875:875,05/15/23 15:28:17,STABLE BEAMS,6800,302318.950509857,295824.325032562,39.1,HFET
367516:8773,876:876,05/15/23 15:28:41,STABLE BEAMS,6800,301864.868189222,295266.710217824,39.0,HFET
367516:8773,877:877,05/15/23 15:29:04,STABLE BEAMS,6800,301157.553882461,294692.365256958,39.0,HFET
367516:8773,878:878,05/15/23 15:29:27,STABLE BEAMS,6800,300462.692193872,294050.703428333,38.9,HFET
367516:8773,879:879,05/15/23 15:29:51,STABLE BEAMS,6800,300931.208548898,294493.971878563,38.8,HFET
367516:8773,880:880,05/15/23 15:30:14,STABLE BEAMS,6800,301003.052369951,294594.250187909,38.9,HFET
367516:8773,881:881,05/15/23 15:30:37,STABLE BEAMS,6800,301275.769836291,294688.791714529,39.0,HFET
367516:8773,882:882,05/15/23 15:31:00,STABLE BEAMS,6800,300677.542982281,290877.159981088,38.9,HFET
367516:8773,883:883,05/15/23 15:31:24,STABLE BEAMS,6800,300654.460648859,294224.259171643,38.9,HFET
367516:8773,884:884,05/15/23 15:31:47,STABLE BEAMS,6800,300530.985783274,294099.077957031,38.9,HFET
367516:8773,885:885,05/15/23 15:32:10,STABLE BEAMS,6800,300800.176328743,294396.835862234,38.9,HFET
367516:8773,886:886,05/15/23 15:32:34,STABLE BEAMS,6800,301066.315493233,294588.718540039,38.9,HFET
367516:8773,887:887,05/15/23 15:32:57,STABLE BEAMS,6800,301213.986947479,291391.976205477,38.9,HFET
367516:8773,888:888,05/15/23 15:33:20,STABLE BEAMS,6800,301271.671801333,294836.782526448,38.9,HFET
367516:8773,889:889,05/15/23 15:33:44,STABLE BEAMS,6800,301107.997497264,294653.506188271,38.9,HFET
367516:8773,890:890,05/15/23 15:34:07,STABLE BEAMS,6800,300929.203821899,294460.553545707,38.9,HFET
367516:8773,891:891,05/15/23 15:34:30,STABLE BEAMS,6800,300981.767297594,294077.315013704,38.9,HFET
367516:8773,892:892,05/15/23 15:34:54,STABLE BEAMS,6800,300781.236320759,294370.681168132,38.9,HFET
367516:8773,893:893,05/15/23 15:35:17,STABLE BEAMS,6800,300121.727759687,293672.949922641,38.9,HFET
367516:8773,894:894,05/15/23 15:35:40,STABLE BEAMS,6800,299952.747922305,293572.879079229,38.8,HFET
367516:8773,895:895,05/15/23 15:36:04,STABLE BEAMS,6800,299886.069769892,293082.578801173,38.8,HFET
367516:8773,896:896,05/15/23 15:36:27,STABLE BEAMS,6800,298688.455185075,288889.074547381,38.6,HFET
367516:8773,897:897,05/15/23 15:36:50,STABLE BEAMS,6800,299176.366108277,289281.737627357,38.6,HFET
367516:8773,898:898,05/15/23 15:37:13,STABLE BEAMS,6800,299603.769242281,216151.202131477,38.7,HFET
367516:8773,899:899,05/15/23 15:37:37,STABLE BEAMS,6800,299392.128348148,219133.934730537,38.7,HFET
367516:8773,900:900,05/15/23 15:38:00,STABLE BEAMS,6800,298733.598839796,288824.331189629,38.6,HFET
367516:8773,901:901,05/15/23 15:38:23,STABLE BEAMS,6800,299290.164669476,289333.867522562,38.6,HFET
367516:8773,902:902,05/15/23 15:38:47,STABLE BEAMS,6800,299899.023569813,289807.276810113,38.8,HFET
367516:8773,903:903,05/15/23 15:39:10,STABLE BEAMS,6800,300032.626968899,285782.456346808,38.8,HFET
367516:8773,904:904,05/15/23 15:39:33,STABLE BEAMS,6800,300129.331735816,289914.065820049,38.8,HFET
367516:8773,905:905,05/15/23 15:39:57,STABLE BEAMS,6800,299996.751679931,289864.756529111,38.8,HFET
367516:8773,906:906,05/15/23 15:40:20,STABLE BEAMS,6800,299884.908893095,289879.873569329,38.8,HFET
367516:8773,907:907,05/15/23 15:40:43,STABLE BEAMS,6800,300329.976935468,290084.980452093,38.8,HFET
367516:8773,908:908,05/15/23 15:41:07,STABLE BEAMS,6800,299791.369729974,289661.857177123,38.8,HFET
367516:8773,909:909,05/15/23 15:41:30,STABLE BEAMS,6800,299007.204446819,289057.802628349,38.7,HFET
367516:8773,910:910,05/15/23 15:41:53,STABLE BEAMS,6800,299009.160221181,289221.206527381,38.7,HFET
367516:8773,911:911,05/15/23 15:42:16,STABLE BEAMS,6800,298805.967153378,289018.034439279,38.6,HFET
367516:8773,912:912,05/15/23 15:42:40,STABLE BEAMS,6800,299103.610835763,289232.087999045,38.7,HFET
367516:8773,913:913,05/15/23 15:43:03,STABLE BEAMS,6800,299196.991485586,289341.744234805,38.7,HFET
367516:8773,914:914,05/15/23 15:43:26,STABLE BEAMS,6800,298947.423953928,289185.079481999,38.7,HFET
367516:8773,915:915,05/15/23 15:43:50,STABLE BEAMS,6800,298740.221432127,288945.346768024,38.6,HFET
367516:8773,916:916,05/15/23 15:44:13,STABLE BEAMS,6800,298601.335810507,288860.619079387,38.6,HFET
367516:8773,917:917,05/15/23 15:44:36,STABLE BEAMS,6800,298479.798070661,288748.571157695,38.6,HFET
367516:8773,918:918,05/15/23 15:45:00,STABLE BEAMS,6800,297965.252251309,288289.390769681,38.6,HFET
367516:8773,919:919,05/15/23 15:45:23,STABLE BEAMS,6800,297674.802275341,288129.425210560,38.5,HFET
367516:8773,920:920,05/15/23 15:45:46,STABLE BEAMS,6800,298182.585637688,288533.629457247,38.5,HFET
367516:8773,921:921,05/15/23 15:46:10,STABLE BEAMS,6800,298204.894053245,288234.048649122,38.5,HFET
367516:8773,922:922,05/15/23 15:46:33,STABLE BEAMS,6800,298091.482450979,288506.812737020,38.5,HFET
367516:8773,923:923,05/15/23 15:46:56,STABLE BEAMS,6800,297954.643515760,288410.632462632,38.5,HFET
367516:8773,924:924,05/15/23 15:47:20,STABLE BEAMS,6800,297754.727943492,288166.871646037,38.5,HFET
367516:8773,925:925,05/15/23 15:47:43,STABLE BEAMS,6800,298208.036346262,285294.205086232,38.6,HFET
367516:8773,926:926,05/15/23 15:48:06,STABLE BEAMS,6800,297090.778679010,287650.642788437,38.4,HFET
367516:8773,927:927,05/15/23 15:48:29,STABLE BEAMS,6800,297090.347429598,287640.763680273,38.4,HFET
367516:8773,928:928,05/15/23 15:48:53,STABLE BEAMS,6800,296882.098253817,283097.642031110,38.4,HFET
367516:8773,929:929,05/15/23 15:49:16,STABLE BEAMS,6800,296637.220850904,287217.936452197,38.3,HFET
367516:8773,930:930,05/15/23 15:49:39,STABLE BEAMS,6800,296619.942901467,287203.549039363,38.4,HFET
367516:8773,931:931,05/15/23 15:50:03,STABLE BEAMS,6800,296149.538373337,286785.479541293,38.3,HFET
367516:8773,932:932,05/15/23 15:50:26,STABLE BEAMS,6800,295645.806424390,282250.281225932,38.2,HFET
367516:8773,933:933,05/15/23 15:50:49,STABLE BEAMS,6800,295628.346650876,286338.977886008,38.2,HFET
367516:8773,934:934,05/15/23 15:51:13,STABLE BEAMS,6800,295309.919077884,286132.073742178,38.2,HFET
367516:8773,935:935,05/15/23 15:51:36,STABLE BEAMS,6800,295010.361580538,282454.364765496,38.1,HFET
367516:8773,936:936,05/15/23 15:51:59,STABLE BEAMS,6800,294900.819567595,285734.401175783,38.1,HFET
367516:8773,937:937,05/15/23 15:52:23,STABLE BEAMS,6800,294664.569484011,285617.527922826,38.1,HFET
367516:8773,938:938,05/15/23 15:52:46,STABLE BEAMS,6800,294529.189803562,285490.139177438,38.1,HFET
367516:8773,939:939,05/15/23 15:53:09,STABLE BEAMS,6800,294336.694052267,285231.217030143,38.1,HFET
367516:8773,940:940,05/15/23 15:53:33,STABLE BEAMS,6800,294265.416683146,285136.971550417,38.0,HFET
367516:8773,941:941,05/15/23 15:53:56,STABLE BEAMS,6800,295003.918481207,285853.710405151,38.1,HFET
367516:8773,942:942,05/15/23 15:54:19,STABLE BEAMS,6800,293912.295677683,284909.600542576,38.1,HFET
367516:8773,943:943,05/15/23 15:54:42,STABLE BEAMS,6800,293263.897033910,284346.931950939,37.9,HFET
367516:8773,944:944,05/15/23 15:55:06,STABLE BEAMS,6800,293486.850649120,284436.669125996,37.9,HFET
367516:8773,945:945,05/15/23 15:55:29,STABLE BEAMS,6800,293218.890912785,266498.614372165,37.9,HFET
367516:8773,946:946,05/15/23 15:55:52,STABLE BEAMS,6800,293285.317308785,146996.884823890,37.9,HFET
367516:8773,947:947,05/15/23 15:56:16,STABLE BEAMS,6800,293328.523837767,284357.039504738,37.9,HFET
367516:8773,948:948,05/15/23 15:56:39,STABLE BEAMS,6800,293082.236132721,284185.532778907,37.9,HFET
367516:8773,949:949,05/15/23 15:57:02,STABLE BEAMS,6800,292914.962644366,279992.618287825,37.9,HFET
367516:8773,950:950,05/15/23 15:57:26,STABLE BEAMS,6800,293393.199594260,284406.120350042,37.9,HFET
367516:8773,951:951,05/15/23 15:57:49,STABLE BEAMS,6800,293089.611663215,284155.301029548,37.9,HFET
367516:8773,952:952,05/15/23 15:58:12,STABLE BEAMS,6800,292492.592307560,283549.402598151,37.8,HFET
367516:8773,953:953,05/15/23 15:58:36,STABLE BEAMS,6800,291996.669469597,283147.224058164,37.8,HFET
367516:8773,954:954,05/15/23 15:58:59,STABLE BEAMS,6800,291488.725262874,282632.860062889,37.7,HFET
367516:8773,955:955,05/15/23 15:59:22,STABLE BEAMS,6800,291016.385940082,282224.921429397,37.7,HFET
367516:8773,956:956,05/15/23 15:59:45,STABLE BEAMS,6800,290281.779373201,281662.572195433,37.5,HFET
367516:8773,957:957,05/15/23 16:00:09,STABLE BEAMS,6800,290565.560135281,281818.805698827,37.5,HFET
367516:8773,958:958,05/15/23 16:00:32,STABLE BEAMS,6800,290724.637553720,281828.775719029,37.7,HFET
367516:8773,959:959,05/15/23 16:00:55,STABLE BEAMS,6800,289745.675745377,281086.222507568,37.5,HFET
367516:8773,960:960,05/15/23 16:01:19,STABLE BEAMS,6800,289219.544468834,276509.342188176,37.4,HFET
367516:8773,961:961,05/15/23 16:01:42,STABLE BEAMS,6800,289034.128201139,280373.514086533,37.4,HFET
367516:8773,962:962,05/15/23 16:02:05,STABLE BEAMS,6800,289202.949525224,280456.013264693,37.4,HFET
367516:8773,963:963,05/15/23 16:02:29,STABLE BEAMS,6800,289256.902323350,276742.200553407,37.4,HFET
367516:8773,964:964,05/15/23 16:02:52,STABLE BEAMS,6800,289491.921597800,280969.668612285,37.4,HFET
367516:8773,965:965,05/15/23 16:03:15,STABLE BEAMS,6800,289227.192735443,280730.460390839,37.4,HFET
367516:8773,966:966,05/15/23 16:03:39,STABLE BEAMS,6800,289012.115832476,280578.098807846,37.4,HFET
367516:8773,967:967,05/15/23 16:04:02,STABLE BEAMS,6800,289326.993173818,280825.570700468,37.3,HFET
367516:8773,968:968,05/15/23 16:04:25,STABLE BEAMS,6800,288699.287508613,279830.717934042,37.4,HFET
367516:8773,969:969,05/15/23 16:04:49,STABLE BEAMS,6800,287838.585944581,279466.351808763,37.2,HFET
367516:8773,970:970,05/15/23 16:05:12,STABLE BEAMS,6800,287955.459197538,279619.009438650,37.2,HFET
367516:8773,971:971,05/15/23 16:05:35,STABLE BEAMS,6800,288143.584177759,279756.848406290,37.3,HFET
367516:8773,972:972,05/15/23 16:05:58,STABLE BEAMS,6800,288007.794227598,279631.643880898,37.2,HFET
367516:8773,973:973,05/15/23 16:06:22,STABLE BEAMS,6800,287750.032957101,279474.706391977,37.2,HFET
367516:8773,974:974,05/15/23 16:06:45,STABLE BEAMS,6800,287772.387994216,279463.118603708,37.2,HFET
367516:8773,975:975,05/15/23 16:07:08,STABLE BEAMS,6800,287840.110469532,279569.632546452,37.2,HFET
367516:8773,976:976,05/15/23 16:07:32,STABLE BEAMS,6800,287976.720959115,279730.236820919,37.2,HFET
367516:8773,977:977,05/15/23 16:07:55,STABLE BEAMS,6800,287885.139901435,279576.439293936,37.2,HFET
367516:8773,978:978,05/15/23 16:08:18,STABLE BEAMS,6800,287942.004215866,279574.208452381,37.2,HFET
367516:8773,979:979,05/15/23 16:08:42,STABLE BEAMS,6800,287840.954319733,278543.025836795,37.2,HFET
367516:8773,980:980,05/15/23 16:09:05,STABLE BEAMS,6800,287738.421858053,279439.558399315,37.2,HFET
367516:8773,981:981,05/15/23 16:09:28,STABLE BEAMS,6800,287657.950717671,279369.922109039,37.2,HFET
367516:8773,982:982,05/15/23 16:09:52,STABLE BEAMS,6800,287587.608110790,279290.973162530,37.2,HFET
367516:8773,983:983,05/15/23 16:10:15,STABLE BEAMS,6800,287485.555851157,279052.380345651,37.2,HFET
367516:8773,984:984,05/15/23 16:10:38,STABLE BEAMS,6800,287141.425813177,274254.616408230,37.1,HFET
367516:8773,985:985,05/15/23 16:11:01,STABLE BEAMS,6800,286983.667784833,278741.918065863,37.1,HFET
367516:8773,986:986,05/15/23 16:11:25,STABLE BEAMS,6800,286907.157145813,278669.300326945,37.1,HFET
367516:8773,987:987,05/15/23 16:11:48,STABLE BEAMS,6800,286408.159616092,278217.220402232,37.1,HFET
367516:8773,988:988,05/15/23 16:12:11,STABLE BEAMS,6800,285890.907415292,277831.979474307,37.0,HFET
367516:8773,989:989,05/15/23 16:12:35,STABLE BEAMS,6800,286180.515872136,278102.762145985,36.9,HFET
367516:8773,990:990,05/15/23 16:12:58,STABLE BEAMS,6800,286302.988374222,278138.434631176,37.0,HFET
367516:8773,991:991,05/15/23 16:13:21,STABLE BEAMS,6800,285951.345272152,277874.160329010,37.0,HFET
367516:8773,992:992,05/15/23 16:13:45,STABLE BEAMS,6800,285613.544110686,277600.463809950,36.9,HFET
367516:8773,993:993,05/15/23 16:14:08,STABLE BEAMS,6800,286242.548186284,278152.980557307,36.9,HFET
367516:8773,994:994,05/15/23 16:14:31,STABLE BEAMS,6800,285932.633709803,277853.968532191,37.0,HFET
367516:8773,995:995,05/15/23 16:14:55,STABLE BEAMS,6800,285977.388074514,277914.728077802,37.0,HFET
367516:8773,996:996,05/15/23 16:15:18,STABLE BEAMS,6800,285764.131743392,273731.126242954,36.9,HFET
367516:8773,997:997,05/15/23 16:15:41,STABLE BEAMS,6800,285403.178316167,277394.263651648,36.9,HFET
367516:8773,998:998,05/15/23 16:16:05,STABLE BEAMS,6800,285453.874598459,277461.419675032,36.9,HFET
367516:8773,999:999,05/15/23 16:16:28,STABLE BEAMS,6800,285736.541105300,277649.817391369,36.9,HFET
367516:8773,1000:1000,05/15/23 16:16:51,STABLE BEAMS,6800,285606.054357375,277580.090189054,36.9,HFET
367516:8773,1001:1001,05/15/23 16:17:14,STABLE BEAMS,6800,285564.715021796,277508.017922367,36.9,HFET
367516:8773,1002:1002,05/15/23 16:17:38,STABLE BEAMS,6800,285500.953047842,274348.680063879,36.9,HFET
367516:8773,1003:1003,05/15/23 16:18:01,STABLE BEAMS,6800,285397.646668296,277394.993279032,36.9,HFET
367516:8773,1004:1004,05/15/23 16:18:24,STABLE BEAMS,6800,285077.874063353,277082.642826140,36.9,HFET
367516:8773,1005:1005,05/15/23 16:18:48,STABLE BEAMS,6800,284930.680480077,276460.331275209,36.8,HFET
367516:8773,1006:1006,05/15/23 16:19:11,STABLE BEAMS,6800,284845.519210949,276939.111366255,36.8,HFET
367516:8773,1007:1007,05/15/23 16:19:34,STABLE BEAMS,6800,284689.444220853,276727.745539314,36.8,HFET
367516:8773,1008:1008,05/15/23 16:19:58,STABLE BEAMS,6800,283809.098663310,275897.343325900,36.8,HFET
367516:8773,1009:1009,05/15/23 16:20:21,STABLE BEAMS,6800,283639.573353698,275596.671573315,36.7,HFET
367516:8773,1010:1010,05/15/23 16:20:44,STABLE BEAMS,6800,284162.653249263,276266.150154589,36.7,HFET
367516:8773,1011:1011,05/15/23 16:21:08,STABLE BEAMS,6800,283993.764323919,275961.494589864,36.7,HFET
367516:8773,1012:1012,05/15/23 16:21:31,STABLE BEAMS,6800,283816.770240697,275992.954817279,36.7,HFET
367516:8773,1013:1013,05/15/23 16:21:54,STABLE BEAMS,6800,283706.090661736,275489.199557552,36.7,HFET
367516:8773,1014:1014,05/15/23 16:22:18,STABLE BEAMS,6800,284014.093654334,276105.387366825,36.7,HFET
367516:8773,1015:1015,05/15/23 16:22:41,STABLE BEAMS,6800,283904.801066727,276023.958153424,36.7,HFET
367516:8773,1016:1016,05/15/23 16:23:04,STABLE BEAMS,6800,283803.065833690,272825.078220422,36.7,HFET
367516:8773,1017:1017,05/15/23 16:23:27,STABLE BEAMS,6800,283461.031434747,275661.207465133,36.7,HFET
367516:8773,1018:1018,05/15/23 16:23:51,STABLE BEAMS,6800,283359.592248604,275570.742993770,36.6,HFET
367516:8773,1019:1019,05/15/23 16:24:14,STABLE BEAMS,6800,283558.076539038,275752.037915728,36.6,HFET
367516:8773,1020:1020,05/15/23 16:24:37,STABLE BEAMS,6800,283559.008970200,275737.764725711,36.7,HFET
367516:8773,1021:1021,05/15/23 16:25:01,STABLE BEAMS,6800,283323.215777886,275497.052959016,36.6,HFET
367516:8773,1022:1022,05/15/23 16:25:24,STABLE BEAMS,6800,283156.648606136,272190.929455887,36.6,HFET
367516:8773,1023:1023,05/15/23 16:25:47,STABLE BEAMS,6800,283044.852440859,275269.409215060,36.6,HFET
367516:8773,1024:1024,05/15/23 16:26:11,STABLE BEAMS,6800,282858.774147039,275154.449777064,36.6,HFET
367516:8773,1025:1025,05/15/23 16:26:34,STABLE BEAMS,6800,282256.519190408,274644.274728785,36.5,HFET
367516:8773,1026:1026,05/15/23 16:26:57,STABLE BEAMS,6800,282339.039348269,274640.405139462,36.5,HFET
367516:8773,1027:1027,05/15/23 16:27:21,STABLE BEAMS,6800,282509.021549150,274875.652859546,36.5,HFET
367516:8773,1028:1028,05/15/23 16:27:44,STABLE BEAMS,6800,282157.858649128,274552.101577317,36.5,HFET
367516:8773,1029:1029,05/15/23 16:28:07,STABLE BEAMS,6800,281782.130850137,270308.560736280,36.4,HFET
367516:8773,1030:1030,05/15/23 16:28:30,STABLE BEAMS,6800,281881.954599291,274270.006184563,36.4,HFET
367516:8773,1031:1031,05/15/23 16:28:54,STABLE BEAMS,6800,282178.187979544,274533.639440304,36.5,HFET
367516:8773,1032:1032,05/15/23 16:29:17,STABLE BEAMS,6800,281937.930773040,274048.553783524,36.5,HFET
367516:8773,1033:1033,05/15/23 16:29:40,STABLE BEAMS,6800,281724.264172207,274131.915460509,36.4,HFET
367516:8773,1034:1034,05/15/23 16:30:04,STABLE BEAMS,6800,281925.252040311,274327.781950455,36.4,HFET
367516:8773,1035:1035,05/15/23 16:30:27,STABLE BEAMS,6800,281788.459726651,274210.659272162,36.4,HFET
367516:8773,1036:1036,05/15/23 16:30:50,STABLE BEAMS,6800,281725.515961042,274149.626990436,36.4,HFET
367516:8773,1037:1037,05/15/23 16:31:14,STABLE BEAMS,6800,281670.038637965,274104.075397082,36.4,HFET
367516:8773,1038:1038,05/15/23 16:31:37,STABLE BEAMS,6800,281559.016390552,274017.410582705,36.4,HFET
367516:8773,1039:1039,05/15/23 16:32:00,STABLE BEAMS,6800,281399.461101142,273794.934838465,36.4,HFET
367516:8773,1040:1040,05/15/23 16:32:24,STABLE BEAMS,6800,281268.634015842,273748.949664620,36.4,HFET
367516:8773,1041:1041,05/15/23 16:32:47,STABLE BEAMS,6800,281137.147235495,273572.661898004,36.3,HFET
367516:8773,1042:1042,05/15/23 16:33:10,STABLE BEAMS,6800,280861.038050803,273409.031884416,36.3,HFET
367516:8773,1043:1043,05/15/23 16:33:34,STABLE BEAMS,6800,280681.631301949,273209.228203887,36.3,HFET
367516:8773,1044:1044,05/15/23 16:33:57,STABLE BEAMS,6800,279980.962898296,272562.535909141,36.2,HFET
367516:8773,1045:1045,05/15/23 16:34:20,STABLE BEAMS,6800,280074.024190447,270299.683991615,36.2,HFET
367516:8773,1046:1046,05/15/23 16:34:43,STABLE BEAMS,6800,280343.736897366,271011.777008083,36.2,HFET
367516:8773,1047:1047,05/15/23 16:35:07,STABLE BEAMS,6800,280127.680941679,272738.937898574,36.2,HFET
367516:8773,1048:1048,05/15/23 16:35:30,STABLE BEAMS,6800,279910.440798416,272573.098023131,36.2,HFET
367516:8773,1049:1049,05/15/23 16:35:53,STABLE BEAMS,6800,280099.770945915,272730.993585072,36.2,HFET
367516:8773,1050:1050,05/15/23 16:36:17,STABLE BEAMS,6800,280364.590720310,272935.030503077,36.2,HFET
367516:8773,1051:1051,05/15/23 16:36:40,STABLE BEAMS,6800,280380.001476345,272940.538840168,36.2,HFET
367516:8773,1052:1052,05/15/23 16:37:03,STABLE BEAMS,6800,280397.507871416,272931.366048609,36.3,HFET
367516:8773,1053:1053,05/15/23 16:37:27,STABLE BEAMS,6800,280147.690914422,272722.569069521,36.2,HFET
367516:8773,1054:1054,05/15/23 16:37:50,STABLE BEAMS,6800,279992.914334719,272576.559673821,36.2,HFET
367516:8773,1055:1055,05/15/23 16:38:13,STABLE BEAMS,6800,279984.673974322,272194.663842691,36.2,HFET
367516:8773,1056:1056,05/15/23 16:38:37,STABLE BEAMS,6800,279868.803084865,272483.885340604,36.2,HFET
367516:8773,1057:1057,05/15/23 16:39:00,STABLE BEAMS,6800,279351.369059988,272039.523614835,36.2,HFET
367516:8773,1058:1058,05/15/23 16:39:23,STABLE BEAMS,6800,279113.752964752,267725.414052360,36.1,HFET
367516:8773,1059:1059,05/15/23 16:39:47,STABLE BEAMS,6800,279091.465528896,271743.085099727,36.1,HFET
367516:8773,1060:1060,05/15/23 16:40:10,STABLE BEAMS,6800,278747.176977618,271442.003077431,36.1,HFET
367516:8773,1061:1061,05/15/23 16:40:33,STABLE BEAMS,6800,278203.630218042,270972.759426098,36.0,HFET
367516:8773,1062:1062,05/15/23 16:40:56,STABLE BEAMS,6800,278357.360143765,271127.055803752,35.9,HFET
367516:8773,1063:1063,05/15/23 16:41:20,STABLE BEAMS,6800,278791.614315734,271537.591258031,36.1,HFET
367516:8773,1064:1064,05/15/23 16:41:43,STABLE BEAMS,6800,278678.314605207,271481.498530387,36.0,HFET
367516:8773,1065:1065,05/15/23 16:42:06,STABLE BEAMS,6800,278765.571513372,271528.665560730,36.0,HFET
367516:8773,1066:1066,05/15/23 16:42:30,STABLE BEAMS,6800,278622.268499121,271338.971765079,36.0,HFET
367516:8773,1067:1067,05/15/23 16:42:53,STABLE BEAMS,6800,278444.819855707,271182.875795281,36.0,HFET
367516:8773,1068:1068,05/15/23 16:43:16,STABLE BEAMS,6800,278275.042789682,271009.592788086,36.0,HFET
367516:8773,1069:1069,05/15/23 16:43:40,STABLE BEAMS,6800,278260.883822483,271008.250087212,36.0,HFET
367516:8773,1070:1070,05/15/23 16:44:03,STABLE BEAMS,6800,278007.947883250,270816.616834743,36.0,HFET
367516:8773,1071:1071,05/15/23 16:44:26,STABLE BEAMS,6800,277572.122564773,270385.915225502,35.9,HFET
367516:8773,1072:1072,05/15/23 16:44:50,STABLE BEAMS,6800,277126.054489978,269485.307938803,35.8,HFET
367516:8773,1073:1073,05/15/23 16:45:13,STABLE BEAMS,6800,276828.818746226,269723.812174721,35.8,HFET
367516:8773,1074:1074,05/15/23 16:45:36,STABLE BEAMS,6800,276197.674741110,269110.286456416,35.7,HFET
367516:8773,1075:1075,05/15/23 16:45:59,STABLE BEAMS,6800,275778.104028869,268745.897020358,35.7,HFET
367516:8773,1076:1076,05/15/23 16:46:23,STABLE BEAMS,6800,274989.451420745,268015.386157358,35.6,HFET
367516:8773,1077:1077,05/15/23 16:46:46,STABLE BEAMS,6800,274738.974768703,267812.759541485,35.5,HFET
367516:8773,1078:1078,05/15/23 16:47:09,STABLE BEAMS,6800,274917.950268145,267936.849811638,35.6,HFET
367516:8773,1079:1079,05/15/23 16:47:33,STABLE BEAMS,6800,274502.088300851,267604.396142887,35.5,HFET
367516:8773,1080:1080,05/15/23 16:47:56,STABLE BEAMS,6800,273992.871325592,267144.078188855,35.4,HFET
367516:8773,1081:1081,05/15/23 16:48:19,STABLE BEAMS,6800,274387.264065374,267495.059264800,35.4,HFET
367516:8773,1082:1082,05/15/23 16:48:43,STABLE BEAMS,6800,274924.050699024,267953.899315440,35.6,HFET
367516:8773,1083:1083,05/15/23 16:49:06,STABLE BEAMS,6800,274873.035059058,267944.134430093,35.5,HFET
367516:8773,1084:1084,05/15/23 16:49:29,STABLE BEAMS,6800,274880.524812369,267942.721796882,35.5,HFET
367516:8773,1085:1085,05/15/23 16:49:53,STABLE BEAMS,6800,274744.667260949,267860.838023290,35.5,HFET
367516:8773,1086:1086,05/15/23 16:50:16,STABLE BEAMS,6800,274565.032066460,267636.175727975,35.5,HFET
367516:8773,1087:1087,05/15/23 16:50:39,STABLE BEAMS,6800,274945.356751082,267924.532395984,35.5,HFET
367516:8773,1088:1088,05/15/23 16:51:03,STABLE BEAMS,6800,274916.584256492,267972.133006818,35.5,HFET
367516:8773,1089:1089,05/15/23 16:51:26,STABLE BEAMS,6800,275130.341769364,268151.882424124,35.6,HFET
367516:8773,1090:1090,05/15/23 16:51:49,STABLE BEAMS,6800,274939.006894867,267983.925929943,35.6,HFET
367516:8773,1091:1091,05/15/23 16:52:12,STABLE BEAMS,6800,274642.111488489,267712.208496024,35.5,HFET
367516:8773,1092:1092,05/15/23 16:52:36,STABLE BEAMS,6800,274476.388166941,267573.210982665,35.5,HFET
367516:8773,1093:1093,05/15/23 16:52:59,STABLE BEAMS,6800,274087.023562202,267225.642604774,35.5,HFET
367516:8773,1094:1094,05/15/23 16:53:22,STABLE BEAMS,6800,273620.763690588,266776.476527442,35.4,HFET
367516:8773,1095:1095,05/15/23 16:53:46,STABLE BEAMS,6800,273161.536681015,263349.976161264,35.3,HFET
367516:8773,1096:1096,05/15/23 16:54:09,STABLE BEAMS,6800,272528.753928132,265809.536087859,35.3,HFET
367516:8773,1097:1097,05/15/23 16:54:32,STABLE BEAMS,6800,272323.647045368,265621.751445012,35.2,HFET
367516:8773,1098:1098,05/15/23 16:54:56,STABLE BEAMS,6800,271872.296748039,265170.925640212,35.2,HFET
367516:8773,1099:1099,05/15/23 16:55:19,STABLE BEAMS,6800,271538.160041040,264771.385880414,35.1,HFET
367516:8773,1100:1100,05/15/23 16:55:42,STABLE BEAMS,6800,271737.028959328,264679.280330205,35.1,HFET
367516:8773,1101:1101,05/15/23 16:56:06,STABLE BEAMS,6800,271862.415308796,265108.960927323,35.2,HFET
367516:8773,1102:1102,05/15/23 16:56:29,STABLE BEAMS,6800,271596.255164605,264927.572762250,35.1,HFET
367516:8773,1103:1103,05/15/23 16:56:52,STABLE BEAMS,6800,271626.554515223,264939.934468383,35.1,HFET
367516:8773,1104:1104,05/15/23 16:57:16,STABLE BEAMS,6800,271358.501535772,264739.902342220,35.1,HFET
367516:8773,1105:1105,05/15/23 16:57:39,STABLE BEAMS,6800,271434.422412082,264779.922287705,35.0,HFET
367516:8773,1106:1106,05/15/23 16:58:02,STABLE BEAMS,6800,271651.639244566,264982.800659991,35.1,HFET
367516:8773,1107:1107,05/15/23 16:58:25,STABLE BEAMS,6800,271601.329921206,264924.295266714,35.1,HFET
367516:8773,1108:1108,05/15/23 16:58:49,STABLE BEAMS,6800,271555.939172227,264927.209114096,35.1,HFET
367516:8773,1109:1109,05/15/23 16:59:12,STABLE BEAMS,6800,271298.404016286,264691.322678666,35.1,HFET
367516:8773,1110:1110,05/15/23 16:59:35,STABLE BEAMS,6800,271119.430847923,264503.062495926,35.0,HFET
367516:8773,1111:1111,05/15/23 16:59:59,STABLE BEAMS,6800,271157.630221563,264576.932023679,35.0,HFET
367516:8773,1112:1112,05/15/23 17:00:22,STABLE BEAMS,6800,271000.326753410,264445.785580706,35.0,HFET
367516:8773,1113:1113,05/15/23 17:00:45,STABLE BEAMS,6800,270692.757341303,264088.249513690,35.0,HFET
367516:8773,1114:1114,05/15/23 17:01:09,STABLE BEAMS,6800,270509.434381567,263937.137388455,35.0,HFET
367516:8773,1115:1115,05/15/23 17:01:32,STABLE BEAMS,6800,270536.092588497,263963.317724414,35.0,HFET
367516:8773,1116:1116,05/15/23 17:01:55,STABLE BEAMS,6800,270455.710029075,263860.081277206,35.0,HFET
367516:8773,1117:1117,05/15/23 17:02:19,STABLE BEAMS,6800,269885.164725196,263338.388372995,35.0,HFET
367516:8773,1118:1118,05/15/23 17:02:42,STABLE BEAMS,6800,269891.903871421,259594.936006139,34.9,HFET
367516:8773,1119:1119,05/15/23 17:03:05,STABLE BEAMS,6800,270308.243709685,263766.700627382,35.0,HFET
367516:8773,1120:1120,05/15/23 17:03:28,STABLE BEAMS,6800,270176.892131856,263658.478004534,34.9,HFET
367516:8773,1121:1121,05/15/23 17:03:52,STABLE BEAMS,6800,270065.914174923,263509.097870183,34.9,HFET
367516:8773,1122:1122,05/15/23 17:04:15,STABLE BEAMS,6800,269859.511212844,263349.906228927,34.9,HFET
367516:8773,1123:1123,05/15/23 17:04:38,STABLE BEAMS,6800,269628.429128977,263160.597061130,34.9,HFET
367516:8773,1124:1124,05/15/23 17:05:02,STABLE BEAMS,6800,269494.026170170,263029.110280782,34.8,HFET
367516:8773,1125:1125,05/15/23 17:05:25,STABLE BEAMS,6800,269714.114890633,263186.117702041,34.9,HFET
367516:8773,1126:1126,05/15/23 17:05:48,STABLE BEAMS,6800,269606.892300206,263120.371980789,34.9,HFET
367516:8773,1127:1127,05/15/23 17:06:12,STABLE BEAMS,6800,269579.667641346,263071.451979861,34.8,HFET
367516:8773,1128:1128,05/15/23 17:06:35,STABLE BEAMS,6800,269360.240947008,262881.755853131,34.8,HFET
367516:8773,1129:1129,05/15/23 17:06:58,STABLE BEAMS,6800,269200.844170896,262724.202959643,34.8,HFET
367516:8773,1130:1130,05/15/23 17:07:22,STABLE BEAMS,6800,269230.803184139,262759.511796680,34.8,HFET
367516:8773,1131:1131,05/15/23 17:07:45,STABLE BEAMS,6800,269176.645251157,262650.948836457,34.8,HFET
367516:8773,1132:1132,05/15/23 17:08:08,STABLE BEAMS,6800,268645.119860340,262251.751745112,34.8,HFET
367516:8773,1133:1133,05/15/23 17:08:32,STABLE BEAMS,6800,268515.453651837,262083.566805296,34.7,HFET
367516:8773,1134:1134,05/15/23 17:08:55,STABLE BEAMS,6800,268733.558625003,262201.190665338,34.7,HFET
367516:8773,1135:1135,05/15/23 17:09:18,STABLE BEAMS,6800,268582.402209288,262179.952214539,34.7,HFET
367516:8773,1136:1136,05/15/23 17:09:41,STABLE BEAMS,6800,268139.567339548,258054.170436063,34.7,HFET
367516:8773,1137:1137,05/15/23 17:10:05,STABLE BEAMS,6800,268064.944873632,261639.592038460,34.7,HFET
367516:8773,1138:1138,05/15/23 17:10:28,STABLE BEAMS,6800,268381.120625367,261995.764424901,34.7,HFET
367516:8773,1139:1139,05/15/23 17:10:51,STABLE BEAMS,6800,268466.190982457,262013.088995896,34.7,HFET
367516:8773,1140:1140,05/15/23 17:11:15,STABLE BEAMS,6800,268390.225815667,261950.031007469,34.7,HFET
367516:8773,1141:1141,05/15/23 17:11:38,STABLE BEAMS,6800,268317.423921595,261702.263067954,34.7,HFET
367516:8773,1142:1142,05/15/23 17:12:01,STABLE BEAMS,6800,268226.047998771,261856.263398714,34.7,HFET
367516:8773,1143:1143,05/15/23 17:12:25,STABLE BEAMS,6800,268183.296029981,261496.473179363,34.7,HFET
367516:8773,1144:1144,05/15/23 17:12:48,STABLE BEAMS,6800,268077.509383544,261729.648571190,34.7,HFET
367516:8773,1145:1145,05/15/23 17:13:11,STABLE BEAMS,6800,267917.203487049,261580.769618588,34.6,HFET
367516:8773,1146:1146,05/15/23 17:13:35,STABLE BEAMS,6800,267853.327290278,261514.912005597,34.6,HFET
367516:8773,1147:1147,05/15/23 17:13:58,STABLE BEAMS,6800,267729.283641683,261391.709876127,34.6,HFET
367516:8773,1148:1148,05/15/23 17:14:21,STABLE BEAMS,6800,267722.339360602,261426.039660444,34.6,HFET
367516:8773,1149:1149,05/15/23 17:14:45,STABLE BEAMS,6800,267220.999097586,260924.037371302,34.6,HFET
367516:8773,1150:1150,05/15/23 17:15:08,STABLE BEAMS,6800,267228.920100309,260969.020181648,34.5,HFET
367516:8773,1151:1151,05/15/23 17:15:31,STABLE BEAMS,6800,267047.373421938,260781.510605994,34.5,HFET
367516:8773,1152:1152,05/15/23 17:15:54,STABLE BEAMS,6800,266827.356964889,260547.878322898,34.5,HFET
367516:8773,1153:1153,05/15/23 17:16:18,STABLE BEAMS,6800,266289.136718327,260028.849840733,34.4,HFET
367516:8773,1154:1154,05/15/23 17:16:41,STABLE BEAMS,6800,266435.101823547,260218.089076194,34.4,HFET
367516:8773,1155:1155,05/15/23 17:17:04,STABLE BEAMS,6800,266490.555835845,260211.601686382,34.5,HFET
367516:8773,1156:1156,05/15/23 17:17:28,STABLE BEAMS,6800,266298.901603674,260111.050640921,34.4,HFET
367516:8773,1157:1157,05/15/23 17:17:51,STABLE BEAMS,6800,265915.481247594,259672.563231475,34.4,HFET
367516:8773,1158:1158,05/15/23 17:18:14,STABLE BEAMS,6800,266015.827158199,259840.428813618,34.3,HFET
367516:8773,1159:1159,05/15/23 17:18:38,STABLE BEAMS,6800,265982.749162718,259787.273244135,34.4,HFET
367516:8773,1160:1160,05/15/23 17:19:01,STABLE BEAMS,6800,266132.973147271,259949.789002485,34.4,HFET
367516:8773,1161:1161,05/15/23 17:19:24,STABLE BEAMS,6800,266114.443408999,259540.598580158,34.4,HFET
367516:8773,1162:1162,05/15/23 17:19:48,STABLE BEAMS,6800,266135.113076788,259901.983256795,34.4,HFET
367516:8773,1163:1163,05/15/23 17:20:11,STABLE BEAMS,6800,265965.039963869,259766.193306634,34.4,HFET
367516:8773,1164:1164,05/15/23 17:20:34,STABLE BEAMS,6800,265795.740768814,259613.626588786,34.4,HFET
367516:8773,1165:1165,05/15/23 17:20:57,STABLE BEAMS,6800,265593.410199835,259389.623988519,34.4,HFET
367516:8773,1166:1166,05/15/23 17:21:21,STABLE BEAMS,6800,265658.356361365,259455.663425587,34.4,HFET
367516:8773,1167:1167,05/15/23 17:21:44,STABLE BEAMS,6800,265503.763936817,259332.554539232,34.3,HFET
367516:8773,1168:1168,05/15/23 17:22:07,STABLE BEAMS,6800,265238.627135826,259085.012714274,34.3,HFET
367516:8773,1169:1169,05/15/23 17:22:31,STABLE BEAMS,6800,265399.457524850,259242.929255915,34.3,HFET
367516:8773,1170:1170,05/15/23 17:22:54,STABLE BEAMS,6800,265455.070050446,259316.232331737,34.3,HFET
367516:8773,1171:1171,05/15/23 17:23:17,STABLE BEAMS,6800,265415.688820307,259281.014406738,34.3,HFET
367516:8773,1172:1172,05/15/23 17:23:41,STABLE BEAMS,6800,265269.905539164,259143.928377261,34.3,HFET
367516:8773,1173:1173,05/15/23 17:24:04,STABLE BEAMS,6800,265040.667337921,258762.305282247,34.3,HFET
367516:8773,1174:1174,05/15/23 17:24:27,STABLE BEAMS,6800,264903.739821742,258807.675051525,34.3,HFET
367516:8773,1175:1175,05/15/23 17:24:51,STABLE BEAMS,6800,265003.083368848,258871.914896449,34.2,HFET
367516:8773,1176:1176,05/15/23 17:25:14,STABLE BEAMS,6800,264834.830827773,258731.800796773,34.3,HFET
367516:8773,1177:1177,05/15/23 17:25:37,STABLE BEAMS,6800,263991.362922697,257963.137181690,34.2,HFET
367516:8773,1178:1178,05/15/23 17:26:01,STABLE BEAMS,6800,263470.353024313,257486.427087825,34.1,HFET
367516:8773,1179:1179,05/15/23 17:26:24,STABLE BEAMS,6800,263457.331623132,257475.771730719,34.1,HFET
367516:8773,1180:1180,05/15/23 17:26:47,STABLE BEAMS,6800,262992.801411324,257013.859319399,34.0,HFET
367516:8773,1181:1181,05/15/23 17:27:10,STABLE BEAMS,6800,262482.286025671,256542.727494962,34.0,HFET
367516:8773,1182:1182,05/15/23 17:27:34,STABLE BEAMS,6800,262111.406868723,256175.696947636,33.9,HFET
367516:8773,1183:1183,05/15/23 17:27:57,STABLE BEAMS,6800,262162.923690438,256250.909176263,33.9,HFET
367516:8773,1184:1184,05/15/23 17:28:20,STABLE BEAMS,6800,261844.587029484,255948.346919497,33.9,HFET
367516:8773,1185:1185,05/15/23 17:28:44,STABLE BEAMS,6800,261593.222236760,255635.952176124,33.8,HFET
367516:8773,1186:1186,05/15/23 17:29:07,STABLE BEAMS,6800,261682.229784432,253126.719310437,33.8,HFET
367516:8773,1187:1187,05/15/23 17:29:30,STABLE BEAMS,6800,261716.240211076,253166.897769219,33.8,HFET
367516:8773,1188:1188,05/15/23 17:29:54,STABLE BEAMS,6800,261759.059781125,253162.368484848,33.8,HFET
367516:8773,1189:1189,05/15/23 17:30:17,STABLE BEAMS,6800,261577.263677418,252915.213618822,33.8,HFET
367516:8773,1190:1190,05/15/23 17:30:40,STABLE BEAMS,6800,261570.251795078,252677.599854663,33.8,HFET
367516:8773,1191:1191,05/15/23 17:31:04,STABLE BEAMS,6800,261414.953053924,252946.948913430,33.8,HFET
367516:8773,1192:1192,05/15/23 17:31:27,STABLE BEAMS,6800,261312.422923321,252789.190885086,33.8,HFET
367516:8773,1193:1193,05/15/23 17:31:50,STABLE BEAMS,6800,261206.179385615,252726.088606179,33.8,HFET
367516:8773,1194:1194,05/15/23 17:32:13,STABLE BEAMS,6800,261015.961097434,252556.766100345,33.7,HFET
367516:8773,1195:1195,05/15/23 17:32:37,STABLE BEAMS,6800,261006.559860241,217278.314663683,33.7,HFET
367516:8773,1196:1196,05/15/23 17:33:00,STABLE BEAMS,6800,261115.304644540,252663.804535618,33.7,HFET
367516:8773,1197:1197,05/15/23 17:33:23,STABLE BEAMS,6800,261020.150044431,252543.290138972,33.8,HFET
367516:8773,1198:1198,05/15/23 17:33:47,STABLE BEAMS,6800,260557.894964659,252149.715607535,33.7,HFET
367516:8773,1199:1199,05/15/23 17:34:10,STABLE BEAMS,6800,260519.173429568,252082.969853862,33.6,HFET
367516:8773,1200:1200,05/15/23 17:34:33,STABLE BEAMS,6800,260807.052226606,252337.362716786,33.7,HFET
367516:8773,1201:1201,05/15/23 17:34:57,STABLE BEAMS,6800,260508.541383240,252155.725126376,33.7,HFET
367516:8773,1202:1202,05/15/23 17:35:20,STABLE BEAMS,6800,260484.547598357,248435.993808288,33.7,HFET
367516:8773,1203:1203,05/15/23 17:35:43,STABLE BEAMS,6800,260574.513219048,252163.214879687,33.7,HFET
367516:8773,1204:1204,05/15/23 17:36:07,STABLE BEAMS,6800,260654.028617488,252239.180046477,33.7,HFET
367516:8773,1205:1205,05/15/23 17:36:30,STABLE BEAMS,6800,260457.434831236,252074.568649090,33.7,HFET
367516:8773,1206:1206,05/15/23 17:36:53,STABLE BEAMS,6800,260306.234125041,251971.856694411,33.7,HFET
367516:8773,1207:1207,05/15/23 17:37:17,STABLE BEAMS,6800,260173.677379935,251853.482227283,33.6,HFET
367516:8773,1208:1208,05/15/23 17:37:40,STABLE BEAMS,6800,260082.800307782,251750.767941525,33.6,HFET
367516:8773,1209:1209,05/15/23 17:38:03,STABLE BEAMS,6800,259596.688976724,251367.438497483,33.6,HFET
367516:8773,1210:1210,05/15/23 17:38:26,STABLE BEAMS,6800,259583.257305831,251307.021620324,33.5,HFET
367516:8773,1211:1211,05/15/23 17:38:50,STABLE BEAMS,6800,259532.355888683,251238.546206845,33.6,HFET
367516:8773,1212:1212,05/15/23 17:39:13,STABLE BEAMS,6800,259337.151424862,251096.541602988,33.5,HFET
367516:8773,1213:1213,05/15/23 17:39:36,STABLE BEAMS,6800,258654.446307551,250547.463195541,33.4,HFET
367516:8773,1214:1214,05/15/23 17:40:00,STABLE BEAMS,6800,258678.577626031,250648.855760126,33.4,HFET
367516:8773,1215:1215,05/15/23 17:40:23,STABLE BEAMS,6800,258855.525087694,250841.307220940,33.5,HFET
367516:8773,1216:1216,05/15/23 17:40:46,STABLE BEAMS,6800,258691.030244203,250681.341661820,33.5,HFET
367516:8773,1217:1217,05/15/23 17:41:10,STABLE BEAMS,6800,258410.275221244,250380.166396407,33.4,HFET
367516:8773,1218:1218,05/15/23 17:41:33,STABLE BEAMS,6800,258193.216902058,250275.337822989,33.4,HFET
367516:8773,1219:1219,05/15/23 17:41:56,STABLE BEAMS,6800,257933.336681744,250043.003950287,33.3,HFET
367516:8773,1220:1220,05/15/23 17:42:20,STABLE BEAMS,6800,257559.751143348,246849.723266415,33.3,HFET
367516:8773,1221:1221,05/15/23 17:42:43,STABLE BEAMS,6800,257267.751000572,249426.109824409,33.3,HFET
367516:8773,1222:1222,05/15/23 17:43:06,STABLE BEAMS,6800,257069.609378591,249204.088640361,33.3,HFET
367516:8773,1223:1223,05/15/23 17:43:30,STABLE BEAMS,6800,256829.398793645,249006.993672359,33.2,HFET
367516:8773,1224:1224,05/15/23 17:43:53,STABLE BEAMS,6800,256127.800289909,248368.725893164,33.2,HFET
367516:8773,1225:1225,05/15/23 17:44:16,STABLE BEAMS,6800,255855.446471722,248147.933187173,33.1,HFET
367516:8773,1226:1226,05/15/23 17:44:39,STABLE BEAMS,6800,256395.053709638,248500.417808367,33.1,HFET
367516:8773,1227:1227,05/15/23 17:45:03,STABLE BEAMS,6800,256281.868221928,248507.679116043,33.1,HFET
367516:8773,1228:1228,05/15/23 17:45:26,STABLE BEAMS,6800,255832.226604704,248114.901813249,33.1,HFET
367516:8773,1229:1229,05/15/23 17:45:49,STABLE BEAMS,6800,255676.335769762,247961.423643940,33.0,HFET
367516:8773,1230:1230,05/15/23 17:46:13,STABLE BEAMS,6800,256230.694068665,248456.959522971,33.1,HFET
367516:8773,1231:1231,05/15/23 17:46:36,STABLE BEAMS,6800,256151.815054493,248390.351302895,33.1,HFET
367516:8773,1232:1232,05/15/23 17:46:59,STABLE BEAMS,6800,256259.583117150,248510.912321098,33.1,HFET
367516:8773,1233:1233,05/15/23 17:47:23,STABLE BEAMS,6800,256171.302865784,248415.505964575,33.1,HFET
367516:8773,1234:1234,05/15/23 17:47:46,STABLE BEAMS,6800,256336.184668208,248478.267906107,33.1,HFET
367516:8773,1235:1235,05/15/23 17:48:09,STABLE BEAMS,6800,256363.115611252,248565.522483194,33.1,HFET
367516:8773,1236:1236,05/15/23 17:48:33,STABLE BEAMS,6800,256383.263117591,248577.019359425,33.2,HFET
367554:8775,1:1,05/16/23 02:39:52,STABLE BEAMS,6800,466532.279046914,439044.637301604,60.4,HFET
367554:8775,2:2,05/16/23 02:40:16,STABLE BEAMS,6800,466175.423654647,440420.565359736,60.2,HFET
367554:8775,3:3,05/16/23 02:40:39,STABLE BEAMS,6800,464464.631593209,428258.530035064,60.3,HFET
367554:8775,4:4,05/16/23 02:41:03,STABLE BEAMS,6800,462930.036386349,438563.579747445,59.9,HFET
367554:8775,5:5,05/16/23 02:41:26,STABLE BEAMS,6800,463377.540405134,336363.387580206,59.8,HFET
367554:8775,6:6,05/16/23 02:41:49,STABLE BEAMS,6800,462091.302900500,430336.651021798,59.9,HFET
367554:8775,7:7,05/16/23 02:42:13,STABLE BEAMS,6800,461343.173750688,445421.501385260,59.7,HFET
367554:8775,8:8,05/16/23 02:42:36,STABLE BEAMS,6800,460980.534954137,445906.018259031,59.6,HFET
367554:8775,9:9,05/16/23 02:42:59,STABLE BEAMS,6800,460635.654309071,439115.662914312,59.6,HFET
367554:8775,10:10,05/16/23 02:43:23,STABLE BEAMS,6800,459468.248162835,417444.923042470,59.4,HFET
367554:8775,11:11,05/16/23 02:43:46,STABLE BEAMS,6800,459516.464178236,235467.983635574,59.4,HFET
367554:8775,12:12,05/16/23 02:44:09,STABLE BEAMS,6800,459015.144894920,351137.162590390,59.4,HFET
367554:8775,13:13,05/16/23 02:44:33,STABLE BEAMS,6800,458303.758195058,436311.038187496,59.3,HFET
367554:8775,14:14,05/16/23 02:44:56,STABLE BEAMS,6800,457794.333753865,443122.065531083,59.2,HFET
367554:8775,15:15,05/16/23 02:45:19,STABLE BEAMS,6800,456957.742528611,433768.524522549,59.1,HFET
367554:8775,16:16,05/16/23 02:45:42,STABLE BEAMS,6800,455742.894284838,342223.817671407,59.0,HFET
367554:8775,17:17,05/16/23 02:46:06,STABLE BEAMS,6800,454534.512451175,249161.178158274,58.8,HFET
367554:8775,18:18,05/16/23 02:46:29,STABLE BEAMS,6800,454243.356158602,440540.897932305,58.7,HFET
367554:8775,19:19,05/16/23 02:46:52,STABLE BEAMS,6800,453632.585774382,433377.887149273,58.8,HFET
367554:8775,20:20,05/16/23 02:47:16,STABLE BEAMS,6800,451224.747804357,437633.106690618,58.5,HFET
367554:8775,21:21,05/16/23 02:47:39,STABLE BEAMS,6800,450586.114045931,437127.598460306,58.2,HFET
367554:8775,22:22,05/16/23 02:48:02,STABLE BEAMS,6800,451953.617588512,438641.523999377,58.3,HFET
367554:8775,23:23,05/16/23 02:48:26,STABLE BEAMS,6800,452780.742306391,432771.851184280,58.5,HFET
367554:8775,24:24,05/16/23 02:48:49,STABLE BEAMS,6800,453535.109420678,426328.651616662,58.6,HFET
367554:8775,25:25,05/16/23 02:49:12,STABLE BEAMS,6800,453228.926999924,439749.469010395,58.6,HFET
367554:8775,26:26,05/16/23 02:49:36,STABLE BEAMS,6800,453175.794741220,439688.324836930,58.6,HFET
367554:8775,27:27,05/16/23 02:49:59,STABLE BEAMS,6800,452789.847496691,330917.588647164,58.5,HFET
367554:8775,28:28,05/16/23 02:50:22,STABLE BEAMS,6800,452546.585530767,439148.489153379,58.5,HFET
367554:8775,29:29,05/16/23 02:50:46,STABLE BEAMS,6800,451994.094425266,438608.835293905,58.5,HFET
367554:8775,30:30,05/16/23 02:51:09,STABLE BEAMS,6800,451330.420227977,437931.456689609,58.4,HFET
367554:8775,31:31,05/16/23 02:51:32,STABLE BEAMS,6800,451663.780686033,433347.245130203,58.3,HFET
367554:8775,32:32,05/16/23 02:51:55,STABLE BEAMS,6800,452439.456183456,439005.528807580,58.5,HFET
367554:8775,33:33,05/16/23 02:52:19,STABLE BEAMS,6800,453304.733653417,439861.241864894,58.4,HFET
367554:8775,34:34,05/16/23 02:52:42,STABLE BEAMS,6800,452569.852019343,438423.577539508,58.6,HFET
367554:8775,35:35,05/16/23 02:53:05,STABLE BEAMS,6800,452555.417984951,439039.536903146,58.4,HFET
367554:8775,36:36,05/16/23 02:53:29,STABLE BEAMS,6800,452596.030024224,439093.944261464,58.5,HFET
367554:8775,37:37,05/16/23 02:53:52,STABLE BEAMS,6800,451648.073883104,337776.943897892,58.4,HFET
367554:8775,38:38,05/16/23 02:54:15,STABLE BEAMS,6800,451980.753666412,347207.384835455,58.4,HFET
367554:8775,39:39,05/16/23 02:54:39,STABLE BEAMS,6800,450999.379192437,437738.550668603,58.4,HFET
367554:8775,40:40,05/16/23 02:55:02,STABLE BEAMS,6800,449829.970650279,436795.830128460,58.2,HFET
367554:8775,41:41,05/16/23 02:55:25,STABLE BEAMS,6800,447846.232676867,434948.313354621,57.9,HFET
367554:8775,42:42,05/16/23 02:55:49,STABLE BEAMS,6800,446739.607055943,433848.517791960,57.8,HFET
367554:8775,43:43,05/16/23 02:56:12,STABLE BEAMS,6800,445930.832583337,433249.815398058,57.7,HFET
367554:8775,44:44,05/16/23 02:56:35,STABLE BEAMS,6800,444899.694258232,432271.536595542,57.6,HFET
367554:8775,45:45,05/16/23 02:56:58,STABLE BEAMS,6800,443550.310184211,431169.281745691,57.4,HFET
367554:8775,46:46,05/16/23 02:57:22,STABLE BEAMS,6800,443868.831000320,431364.828877963,57.3,HFET
367554:8775,47:47,05/16/23 02:57:45,STABLE BEAMS,6800,444381.577227529,431780.324866026,57.5,HFET
367554:8775,48:48,05/16/23 02:58:08,STABLE BEAMS,6800,444396.510112592,431902.615544035,57.4,HFET
367554:8775,49:49,05/16/23 02:58:32,STABLE BEAMS,6800,444449.094567988,432003.735372505,57.5,HFET
367554:8775,50:50,05/16/23 02:58:55,STABLE BEAMS,6800,445553.169989684,432659.896505704,57.4,HFET
367554:8775,51:51,05/16/23 02:59:18,STABLE BEAMS,6800,444147.604607059,431473.641263522,57.5,HFET
367554:8775,52:52,05/16/23 02:59:42,STABLE BEAMS,6800,444192.769241481,431384.724627888,57.4,HFET
367554:8775,53:53,05/16/23 03:00:05,STABLE BEAMS,6800,443997.448223765,431566.338907519,57.4,HFET
367554:8775,54:54,05/16/23 03:00:28,STABLE BEAMS,6800,444498.222034851,431981.107599275,57.4,HFET
367554:8775,55:55,05/16/23 03:00:52,STABLE BEAMS,6800,444296.255114025,431739.484381118,57.4,HFET
367554:8775,56:56,05/16/23 03:01:15,STABLE BEAMS,6800,444802.763376759,432082.227427745,57.5,HFET
367554:8775,57:57,05/16/23 03:01:38,STABLE BEAMS,6800,444597.518960398,431879.076319343,57.4,HFET
367554:8775,58:58,05/16/23 03:02:02,STABLE BEAMS,6800,444642.229034629,431805.183480812,57.5,HFET
367554:8775,59:59,05/16/23 03:02:25,STABLE BEAMS,6800,444337.641071163,431474.324269348,57.4,HFET
367554:8775,60:60,05/16/23 03:02:48,STABLE BEAMS,6800,443999.954132514,431292.574787199,57.4,HFET
367554:8775,61:61,05/16/23 03:03:11,STABLE BEAMS,6800,443419.732524248,430930.437172398,57.4,HFET
367554:8775,62:62,05/16/23 03:03:35,STABLE BEAMS,6800,443021.675329998,430526.778397941,57.3,HFET
367554:8775,63:63,05/16/23 03:03:58,STABLE BEAMS,6800,443221.546611785,119820.067840983,57.2,HFET
367554:8775,64:64,05/16/23 03:04:21,STABLE BEAMS,6800,443101.214039217,420999.544112500,57.3,HFET
367554:8775,65:65,05/16/23 03:04:45,STABLE BEAMS,6800,442605.859984262,430293.034223106,57.2,HFET
367554:8775,66:66,05/16/23 03:05:08,STABLE BEAMS,6800,442364.919771932,430230.612618948,57.2,HFET
367554:8775,67:67,05/16/23 03:05:31,STABLE BEAMS,6800,441813.155962739,429636.369577079,57.2,HFET
367554:8775,68:68,05/16/23 03:05:55,STABLE BEAMS,6800,441428.665641900,429270.182879955,57.1,HFET
367554:8775,69:69,05/16/23 03:06:18,STABLE BEAMS,6800,440081.876057588,428014.951042544,56.9,HFET
367554:8775,70:70,05/16/23 03:06:41,STABLE BEAMS,6800,440164.601350304,428082.197977967,56.9,HFET
367554:8775,71:71,05/16/23 03:07:05,STABLE BEAMS,6800,440302.009068532,428302.237745795,57.0,HFET
367554:8775,72:72,05/16/23 03:07:28,STABLE BEAMS,6800,439870.484588790,427810.890813760,56.9,HFET
367554:8775,73:73,05/16/23 03:07:51,STABLE BEAMS,6800,439413.010549803,423781.268329970,56.8,HFET
367554:8775,74:74,05/16/23 03:08:15,STABLE BEAMS,6800,439794.862090453,424212.652945037,56.8,HFET
367554:8775,75:75,05/16/23 03:08:38,STABLE BEAMS,6800,440164.191080593,424794.329145917,56.9,HFET
367554:8775,76:76,05/16/23 03:09:01,STABLE BEAMS,6800,439944.787697034,424608.253183175,56.9,HFET
367554:8775,77:77,05/16/23 03:09:24,STABLE BEAMS,6800,439822.406106986,424545.013370672,56.9,HFET
367554:8775,78:78,05/16/23 03:09:48,STABLE BEAMS,6800,439364.568419845,424030.218125984,56.8,HFET
367554:8775,79:79,05/16/23 03:10:11,STABLE BEAMS,6800,438554.246111510,417595.305540321,56.8,HFET
367554:8775,80:80,05/16/23 03:10:34,STABLE BEAMS,6800,438571.274635611,411367.912503053,56.7,HFET
367554:8775,81:81,05/16/23 03:10:58,STABLE BEAMS,6800,438164.336034541,207666.693026979,56.7,HFET
367554:8775,82:82,05/16/23 03:11:21,STABLE BEAMS,6800,437180.003422704,236349.196354098,56.6,HFET
367554:8775,83:83,05/16/23 03:11:44,STABLE BEAMS,6800,436566.046454987,413798.107841271,56.5,HFET
367554:8775,84:84,05/16/23 03:12:08,STABLE BEAMS,6800,436645.904521879,415509.582908535,56.5,HFET
367554:8775,85:85,05/16/23 03:12:31,STABLE BEAMS,6800,436026.574419589,417047.912502200,56.4,HFET
367554:8775,86:86,05/16/23 03:12:54,STABLE BEAMS,6800,435136.531577958,415023.653401553,56.3,HFET
367554:8775,87:87,05/16/23 03:13:18,STABLE BEAMS,6800,434876.331999972,329336.439483450,56.2,HFET
367554:8775,88:88,05/16/23 03:13:41,STABLE BEAMS,6800,435401.826892247,416060.390975788,56.3,HFET
367554:8775,89:89,05/16/23 03:14:04,STABLE BEAMS,6800,435391.493223891,408862.232200094,56.3,HFET
367554:8775,90:90,05/16/23 03:14:27,STABLE BEAMS,6800,435482.321343407,420777.956508943,56.3,HFET
367554:8775,91:91,05/16/23 03:14:51,STABLE BEAMS,6800,435759.957384128,420850.984517572,56.3,HFET
367554:8775,92:92,05/16/23 03:15:14,STABLE BEAMS,6800,435654.739520700,414947.119451754,56.3,HFET
367554:8775,93:93,05/16/23 03:15:37,STABLE BEAMS,6800,435542.920044643,421132.033256346,56.3,HFET
367554:8775,94:94,05/16/23 03:16:01,STABLE BEAMS,6800,435437.431776178,414996.883302885,56.3,HFET
367554:8775,95:95,05/16/23 03:16:24,STABLE BEAMS,6800,435509.275597231,420909.214843655,56.3,HFET
367554:8775,96:96,05/16/23 03:16:47,STABLE BEAMS,6800,435221.942272422,414868.035302727,56.3,HFET
367554:8775,97:97,05/16/23 03:17:11,STABLE BEAMS,6800,434998.123827309,420750.501073370,56.2,HFET
367554:8775,98:98,05/16/23 03:17:34,STABLE BEAMS,6800,434698.633931223,420283.101304660,56.2,HFET
367554:8775,99:99,05/16/23 03:17:57,STABLE BEAMS,6800,434135.259022981,419683.531749777,56.1,HFET
367554:8775,100:100,05/16/23 03:18:21,STABLE BEAMS,6800,434086.679359427,419564.339074304,56.1,HFET
367554:8775,101:101,05/16/23 03:18:44,STABLE BEAMS,6800,434404.381967190,419917.005519575,56.2,HFET
367554:8775,102:102,05/16/23 03:19:07,STABLE BEAMS,6800,433937.800406825,419365.376912899,56.1,HFET
367554:8775,103:103,05/16/23 03:19:31,STABLE BEAMS,6800,433717.031011613,419362.917625709,56.1,HFET
367554:8775,104:104,05/16/23 03:19:54,STABLE BEAMS,6800,433689.531285560,419280.921960377,56.0,HFET
367554:8775,105:105,05/16/23 03:20:17,STABLE BEAMS,6800,433599.703198465,419177.524668793,56.1,HFET
367554:8775,106:106,05/16/23 03:20:40,STABLE BEAMS,6800,433196.636517796,418970.779038261,56.0,HFET
367554:8775,107:107,05/16/23 03:21:04,STABLE BEAMS,6800,433007.145525922,418934.948039773,56.0,HFET
367554:8775,108:108,05/16/23 03:21:27,STABLE BEAMS,6800,432596.929429316,418367.929656765,55.9,HFET
367554:8775,109:109,05/16/23 03:21:50,STABLE BEAMS,6800,432437.397450686,417612.105618787,55.9,HFET
367554:8775,110:110,05/16/23 03:22:14,STABLE BEAMS,6800,431643.101302953,417861.878285301,55.9,HFET
367554:8775,111:111,05/16/23 03:22:37,STABLE BEAMS,6800,430942.092561926,417395.571792129,55.8,HFET
367554:8775,112:112,05/16/23 03:23:00,STABLE BEAMS,6800,430784.562979217,416628.180945583,55.8,HFET
367554:8775,113:113,05/16/23 03:23:24,STABLE BEAMS,6800,430233.573087888,416867.344876549,55.6,HFET
367554:8775,114:114,05/16/23 03:23:47,STABLE BEAMS,6800,429412.504510408,416143.025356466,55.5,HFET
367554:8775,115:115,05/16/23 03:24:10,STABLE BEAMS,6800,429381.773910377,416100.410921272,55.5,HFET
367554:8775,116:116,05/16/23 03:24:34,STABLE BEAMS,6800,430051.000735238,416563.120561236,55.6,HFET
367554:8775,117:117,05/16/23 03:24:57,STABLE BEAMS,6800,430008.477212083,416610.425125176,55.6,HFET
367554:8775,118:118,05/16/23 03:25:20,STABLE BEAMS,6800,429914.324975473,416601.455137394,55.6,HFET
367554:8775,119:119,05/16/23 03:25:44,STABLE BEAMS,6800,429425.481621109,415906.912806478,55.6,HFET
367554:8775,120:120,05/16/23 03:26:07,STABLE BEAMS,6800,429050.686253279,415931.680509226,55.5,HFET
367554:8775,121:121,05/16/23 03:26:30,STABLE BEAMS,6800,429509.983195189,416228.711118122,55.5,HFET
367554:8775,122:122,05/16/23 03:26:53,STABLE BEAMS,6800,429501.467767600,416083.657464364,55.5,HFET
367554:8775,123:123,05/16/23 03:27:17,STABLE BEAMS,6800,428810.431377854,415385.791016355,55.5,HFET
367554:8775,124:124,05/16/23 03:27:40,STABLE BEAMS,6800,428420.339476808,414948.940023599,55.4,HFET
367554:8775,125:125,05/16/23 03:28:03,STABLE BEAMS,6800,428488.861511845,414998.612962691,55.4,HFET
367554:8775,126:126,05/16/23 03:28:27,STABLE BEAMS,6800,428356.281455960,415154.046906363,55.4,HFET
367554:8775,127:127,05/16/23 03:28:50,STABLE BEAMS,6800,427645.393606769,414515.960951244,55.4,HFET
367554:8775,128:128,05/16/23 03:29:13,STABLE BEAMS,6800,427440.650372159,414336.896870842,55.2,HFET
367554:8775,129:129,05/16/23 03:29:37,STABLE BEAMS,6800,427586.706389416,414388.388050700,55.3,HFET
367554:8775,130:130,05/16/23 03:30:00,STABLE BEAMS,6800,427234.951395606,414209.461503895,55.2,HFET
367554:8775,131:131,05/16/23 03:30:23,STABLE BEAMS,6800,426633.241911206,413574.697334792,55.2,HFET
367554:8775,132:132,05/16/23 03:30:47,STABLE BEAMS,6800,426461.823766335,413560.992927784,55.1,HFET
367554:8775,133:133,05/16/23 03:31:10,STABLE BEAMS,6800,426629.279078766,413674.087503456,55.2,HFET
367554:8775,134:134,05/16/23 03:31:33,STABLE BEAMS,6800,426097.003080864,413198.491664830,55.1,HFET
367554:8775,135:135,05/16/23 03:31:56,STABLE BEAMS,6800,425643.307719161,412671.633091980,55.0,HFET
367554:8775,136:136,05/16/23 03:32:20,STABLE BEAMS,6800,425666.662788698,412528.670415103,55.0,HFET
367554:8775,137:137,05/16/23 03:32:43,STABLE BEAMS,6800,425566.589614208,411751.039143318,55.0,HFET
367554:8775,138:138,05/16/23 03:33:06,STABLE BEAMS,6800,425082.846658301,412176.279037025,55.0,HFET
367554:8775,139:139,05/16/23 03:33:30,STABLE BEAMS,6800,424403.600860602,411578.075493795,54.9,HFET
367554:8775,140:140,05/16/23 03:33:53,STABLE BEAMS,6800,424393.539928361,411541.104598211,54.8,HFET
367554:8775,141:141,05/16/23 03:34:16,STABLE BEAMS,6800,424267.470573067,411276.354756153,54.9,HFET
367554:8775,142:142,05/16/23 03:34:40,STABLE BEAMS,6800,423461.290590171,403083.527369188,54.8,HFET
367554:8775,143:143,05/16/23 03:35:03,STABLE BEAMS,6800,423111.857349955,410347.110177382,54.7,HFET
367554:8775,144:144,05/16/23 03:35:26,STABLE BEAMS,6800,423464.523795226,410755.869350297,54.7,HFET
367554:8775,145:145,05/16/23 03:35:50,STABLE BEAMS,6800,423256.409821964,410648.740002986,54.7,HFET
367554:8775,146:146,05/16/23 03:36:13,STABLE BEAMS,6800,423514.513760913,410821.612740471,54.7,HFET
367554:8775,147:147,05/16/23 03:36:36,STABLE BEAMS,6800,423307.768130381,410577.987126393,54.7,HFET
367554:8775,148:148,05/16/23 03:37:00,STABLE BEAMS,6800,423190.437986155,410635.991337920,54.7,HFET
367554:8775,149:149,05/16/23 03:37:23,STABLE BEAMS,6800,423064.415252419,311896.130470504,54.7,HFET
367554:8775,150:150,05/16/23 03:37:46,STABLE BEAMS,6800,422915.671502336,201996.437166586,54.7,HFET
367554:8775,151:151,05/16/23 03:38:09,STABLE BEAMS,6800,422708.424690055,410137.541611507,54.6,HFET
367554:8775,152:152,05/16/23 03:38:33,STABLE BEAMS,6800,422504.229258752,326885.119917251,54.6,HFET
367554:8775,153:153,05/16/23 03:38:56,STABLE BEAMS,6800,421823.253801247,409191.541244750,54.6,HFET
367554:8775,154:154,05/16/23 03:39:19,STABLE BEAMS,6800,421371.423301869,408706.294743595,54.5,HFET
367554:8775,155:155,05/16/23 03:39:43,STABLE BEAMS,6800,421449.961978667,408827.494477144,54.4,HFET
367554:8775,156:156,05/16/23 03:40:06,STABLE BEAMS,6800,421381.486565188,402860.708956497,54.5,HFET
367554:8775,157:157,05/16/23 03:40:29,STABLE BEAMS,6800,420762.522442129,408114.147340763,54.5,HFET
367554:8775,158:158,05/16/23 03:40:53,STABLE BEAMS,6800,420543.072437012,400349.972545561,54.4,HFET
367554:8775,159:159,05/16/23 03:41:16,STABLE BEAMS,6800,421087.915275904,408393.102771579,54.4,HFET
367554:8775,160:160,05/16/23 03:41:39,STABLE BEAMS,6800,420767.256861356,402384.931293794,54.4,HFET
367554:8775,161:161,05/16/23 03:42:03,STABLE BEAMS,6800,420793.434866236,402086.944942957,54.4,HFET
367554:8775,162:162,05/16/23 03:42:26,STABLE BEAMS,6800,420499.593171915,403262.591449590,54.4,HFET
367554:8775,163:163,05/16/23 03:42:49,STABLE BEAMS,6800,420270.354970672,407958.620153975,54.3,HFET
367554:8775,164:164,05/16/23 03:43:13,STABLE BEAMS,6800,420144.740175569,399712.522974710,54.3,HFET
367554:8775,165:165,05/16/23 03:43:36,STABLE BEAMS,6800,419891.827547116,407737.806468282,54.3,HFET
367554:8775,166:166,05/16/23 03:43:59,STABLE BEAMS,6800,419658.127662761,407477.653511854,54.3,HFET
367554:8775,167:167,05/16/23 03:44:22,STABLE BEAMS,6800,419411.543910821,395526.007292479,54.3,HFET
367554:8775,168:168,05/16/23 03:44:46,STABLE BEAMS,6800,419098.941701515,406964.816372607,54.2,HFET
367554:8775,169:169,05/16/23 03:45:09,STABLE BEAMS,6800,418905.672032356,402041.642774938,54.2,HFET
367554:8775,170:170,05/16/23 03:45:32,STABLE BEAMS,6800,418329.049608376,406381.683248036,54.1,HFET
367554:8775,171:171,05/16/23 03:45:56,STABLE BEAMS,6800,418042.672025509,405834.243588358,54.1,HFET
367554:8775,172:172,05/16/23 03:46:19,STABLE BEAMS,6800,417148.941418632,405203.486542174,54.0,HFET
367554:8775,173:173,05/16/23 03:46:42,STABLE BEAMS,6800,416857.193032270,404960.543933923,53.9,HFET
367554:8775,174:174,05/16/23 03:47:06,STABLE BEAMS,6800,417252.518203214,399533.139536635,54.0,HFET
367554:8775,175:175,05/16/23 03:47:29,STABLE BEAMS,6800,417011.351876327,405220.424154237,53.9,HFET
367554:8775,176:176,05/16/23 03:47:52,STABLE BEAMS,6800,416630.411787139,404759.579376598,53.9,HFET
367554:8775,177:177,05/16/23 03:48:16,STABLE BEAMS,6800,416578.918276203,400174.824676040,53.8,HFET
367554:8775,178:178,05/16/23 03:48:39,STABLE BEAMS,6800,416546.320482770,404590.212580284,53.8,HFET
367554:8775,179:179,05/16/23 03:49:02,STABLE BEAMS,6800,416249.972879700,404417.339842799,53.8,HFET
367554:8775,180:180,05/16/23 03:49:25,STABLE BEAMS,6800,415360.020950107,403622.633425354,53.8,HFET
367554:8775,181:181,05/16/23 03:49:49,STABLE BEAMS,6800,414497.976685202,402786.860408446,53.6,HFET
367554:8775,182:182,05/16/23 03:50:12,STABLE BEAMS,6800,413585.669718494,402089.084872474,53.5,HFET
367554:8775,183:183,05/16/23 03:50:35,STABLE BEAMS,6800,412487.741349235,401069.009843110,53.4,HFET
367554:8775,184:184,05/16/23 03:50:59,STABLE BEAMS,6800,411511.784300313,394467.688598994,53.2,HFET
367554:8775,185:185,05/16/23 03:51:22,STABLE BEAMS,6800,411254.363367190,399965.983406472,53.1,HFET
367554:8775,186:186,05/16/23 03:51:45,STABLE BEAMS,6800,411198.774152374,399879.022545201,53.2,HFET
367554:8775,187:187,05/16/23 03:52:09,STABLE BEAMS,6800,410360.723672351,399173.780566697,53.1,HFET
367554:8775,188:188,05/16/23 03:52:32,STABLE BEAMS,6800,410364.364816040,399027.085834094,53.0,HFET
367554:8775,189:189,05/16/23 03:52:55,STABLE BEAMS,6800,412362.354999767,400836.766882446,53.3,HFET
367554:8775,190:190,05/16/23 03:53:19,STABLE BEAMS,6800,412122.281948418,400585.721447395,53.3,HFET
367554:8775,191:191,05/16/23 03:53:42,STABLE BEAMS,6800,411650.101138924,395431.172050043,53.2,HFET
367554:8775,192:192,05/16/23 03:54:05,STABLE BEAMS,6800,411482.417380858,400005.774906321,53.2,HFET
367554:8775,193:193,05/16/23 03:54:29,STABLE BEAMS,6800,411529.220763048,400286.415706463,53.2,HFET
367554:8775,194:194,05/16/23 03:54:52,STABLE BEAMS,6800,411315.964431926,400015.835838562,53.2,HFET
367554:8775,195:195,05/16/23 03:55:15,STABLE BEAMS,6800,411141.315413077,228714.300575359,53.2,HFET
367554:8775,196:196,05/16/23 03:55:38,STABLE BEAMS,6800,410735.745154737,353567.674955203,53.1,HFET
367554:8775,197:197,05/16/23 03:56:02,STABLE BEAMS,6800,410397.557034339,399287.373993041,53.1,HFET
367554:8775,198:198,05/16/23 03:56:25,STABLE BEAMS,6800,410380.983070429,399225.274077634,53.0,HFET
367554:8775,199:199,05/16/23 03:56:48,STABLE BEAMS,6800,410393.186263266,399043.522264407,53.1,HFET
367554:8775,200:200,05/16/23 03:57:12,STABLE BEAMS,6800,409940.675089139,398848.795671557,53.0,HFET
367554:8775,201:201,05/16/23 03:57:35,STABLE BEAMS,6800,409810.962259078,398620.331388178,53.0,HFET
367554:8775,202:202,05/16/23 03:57:58,STABLE BEAMS,6800,409463.895062937,398349.889053874,52.9,HFET
367554:8775,203:203,05/16/23 03:58:22,STABLE BEAMS,6800,409408.760408312,398303.906211107,52.9,HFET
367554:8775,204:204,05/16/23 03:58:45,STABLE BEAMS,6800,408629.942617872,397691.177721446,52.9,HFET
367554:8775,205:205,05/16/23 03:59:08,STABLE BEAMS,6800,408472.322123125,397417.642046761,52.8,HFET
367554:8775,206:206,05/16/23 03:59:32,STABLE BEAMS,6800,408328.177589750,397253.144872192,52.9,HFET
367554:8775,207:207,05/16/23 03:59:55,STABLE BEAMS,6800,407935.901468706,397054.320244383,52.7,HFET
367554:8775,208:208,05/16/23 04:00:18,STABLE BEAMS,6800,407095.804302282,396103.496877440,52.6,HFET
367554:8775,209:209,05/16/23 04:00:42,STABLE BEAMS,6800,407202.113110170,396291.211587950,52.6,HFET
367554:8775,210:210,05/16/23 04:01:05,STABLE BEAMS,6800,407314.433767977,396482.159503515,52.7,HFET
367554:8775,211:211,05/16/23 04:01:28,STABLE BEAMS,6800,407002.060004306,396213.857098728,52.6,HFET
367554:8775,212:212,05/16/23 04:01:51,STABLE BEAMS,6800,406377.312476963,395605.956271410,52.5,HFET
367554:8775,213:213,05/16/23 04:02:15,STABLE BEAMS,6800,406305.149298238,395571.491284575,52.5,HFET
367554:8775,214:214,05/16/23 04:02:38,STABLE BEAMS,6800,406304.056022700,395610.781602675,52.6,HFET
367554:8775,215:215,05/16/23 04:03:01,STABLE BEAMS,6800,405915.194930788,395366.384401811,52.5,HFET
367554:8775,216:216,05/16/23 04:03:25,STABLE BEAMS,6800,405308.977141717,394406.271689414,52.4,HFET
367554:8775,217:217,05/16/23 04:03:48,STABLE BEAMS,6800,405476.705190264,394941.554777814,52.3,HFET
367554:8775,218:218,05/16/23 04:04:11,STABLE BEAMS,6800,405402.311169982,394723.743520464,52.4,HFET
367554:8775,219:219,05/16/23 04:04:35,STABLE BEAMS,6800,405012.767072244,394464.683839574,52.4,HFET
367554:8775,220:220,05/16/23 04:04:58,STABLE BEAMS,6800,404883.417890336,394397.119877556,52.3,HFET
367554:8775,221:221,05/16/23 04:05:21,STABLE BEAMS,6800,405199.388507216,394703.437500828,52.3,HFET
367554:8775,222:222,05/16/23 04:05:45,STABLE BEAMS,6800,405114.933554694,394475.383487161,52.4,HFET
367554:8775,223:223,05/16/23 04:06:08,STABLE BEAMS,6800,405056.519073456,394565.894580082,52.3,HFET
367554:8775,224:224,05/16/23 04:06:31,STABLE BEAMS,6800,405034.620927610,394308.793004632,52.3,HFET
367554:8775,225:225,05/16/23 04:06:54,STABLE BEAMS,6800,404898.444018516,394347.356026426,52.3,HFET
367554:8775,226:226,05/16/23 04:07:18,STABLE BEAMS,6800,404595.676626894,390817.549280702,52.3,HFET
367554:8775,227:227,05/16/23 04:07:41,STABLE BEAMS,6800,404249.383348618,390759.955338886,52.3,HFET
367554:8775,228:228,05/16/23 04:08:04,STABLE BEAMS,6800,404180.635199024,390710.965405621,52.2,HFET
367554:8775,229:229,05/16/23 04:08:28,STABLE BEAMS,6800,404046.826665083,390057.307850092,52.2,HFET
367554:8775,230:230,05/16/23 04:08:51,STABLE BEAMS,6800,403638.158404206,390244.113440219,52.2,HFET
367554:8775,231:231,05/16/23 04:09:14,STABLE BEAMS,6800,402994.379956842,389722.488137267,52.1,HFET
367554:8775,232:232,05/16/23 04:09:38,STABLE BEAMS,6800,403346.228193768,380942.543813592,52.1,HFET
367554:8775,233:233,05/16/23 04:10:01,STABLE BEAMS,6800,403398.313798492,384998.549437118,52.2,HFET
367554:8775,234:234,05/16/23 04:10:24,STABLE BEAMS,6800,403034.628347961,389778.489952873,52.1,HFET
367554:8775,235:235,05/16/23 04:10:48,STABLE BEAMS,6800,402919.258640254,383987.854665246,52.1,HFET
367554:8775,236:236,05/16/23 04:11:11,STABLE BEAMS,6800,402632.654942830,389176.507732358,52.1,HFET
367554:8775,237:237,05/16/23 04:11:34,STABLE BEAMS,6800,402470.024961663,383368.662096553,52.0,HFET
367554:8775,238:238,05/16/23 04:11:58,STABLE BEAMS,6800,401601.835975398,384096.305733729,52.0,HFET
367554:8775,239:239,05/16/23 04:12:21,STABLE BEAMS,6800,401414.620115560,383810.520244650,51.9,HFET
367554:8775,240:240,05/16/23 04:12:44,STABLE BEAMS,6800,401171.724128867,382525.103279439,51.9,HFET
367554:8775,241:241,05/16/23 04:13:07,STABLE BEAMS,6800,400558.951348726,387441.174082729,51.8,HFET
367554:8775,242:242,05/16/23 04:13:31,STABLE BEAMS,6800,399593.010941565,381180.227510088,51.7,HFET
367554:8775,243:243,05/16/23 04:13:54,STABLE BEAMS,6800,399553.536468310,381140.662124795,51.6,HFET
367554:8775,244:244,05/16/23 04:14:17,STABLE BEAMS,6800,399906.067711062,386952.603464480,51.7,HFET
367554:8775,245:245,05/16/23 04:14:41,STABLE BEAMS,6800,399408.436192994,386562.695718588,51.7,HFET
367554:8775,246:246,05/16/23 04:15:04,STABLE BEAMS,6800,399027.085834094,386277.912593008,51.6,HFET
367554:8775,247:247,05/16/23 04:15:27,STABLE BEAMS,6800,399147.509318701,381277.680553012,51.5,HFET
367554:8775,248:248,05/16/23 04:15:51,STABLE BEAMS,6800,399217.215541314,386550.902795464,51.6,HFET
367554:8775,249:249,05/16/23 04:16:14,STABLE BEAMS,6800,399173.552121063,380912.153550936,51.6,HFET
367554:8775,250:250,05/16/23 04:16:37,STABLE BEAMS,6800,399043.249528292,386270.945001149,51.6,HFET
367554:8775,251:251,05/16/23 04:17:01,STABLE BEAMS,6800,399266.569122733,386543.937534681,51.6,HFET
367554:8775,252:252,05/16/23 04:17:24,STABLE BEAMS,6800,399139.588315977,386463.851022154,51.6,HFET
367554:8775,253:253,05/16/23 04:17:47,STABLE BEAMS,6800,398934.117785060,386347.844930179,51.6,HFET
367554:8775,254:254,05/16/23 04:18:10,STABLE BEAMS,6800,398582.996844441,385893.238117015,51.5,HFET
367554:8775,255:255,05/16/23 04:18:34,STABLE BEAMS,6800,398015.572853877,385282.150706200,51.5,HFET
367554:8775,256:256,05/16/23 04:18:57,STABLE BEAMS,6800,397782.782089905,385128.854360967,51.4,HFET
367554:8775,257:257,05/16/23 04:19:20,STABLE BEAMS,6800,398317.382172479,385633.360227780,51.5,HFET
367554:8775,258:258,05/16/23 04:19:44,STABLE BEAMS,6800,397839.191844144,385276.003653763,51.5,HFET
367554:8775,259:259,05/16/23 04:20:07,STABLE BEAMS,6800,397325.946766264,384598.762583062,51.4,HFET
367554:8775,260:260,05/16/23 04:20:30,STABLE BEAMS,6800,397315.701678868,384626.579335711,51.3,HFET
367554:8775,261:261,05/16/23 04:20:54,STABLE BEAMS,6800,397577.174025391,384881.039799894,51.4,HFET
367554:8775,262:262,05/16/23 04:21:17,STABLE BEAMS,6800,397358.544559696,384732.890474677,51.4,HFET
367554:8775,263:263,05/16/23 04:21:40,STABLE BEAMS,6800,397140.779923905,379053.209833203,51.3,HFET
367554:8775,264:264,05/16/23 04:22:04,STABLE BEAMS,6800,396726.102144187,384187.227096362,51.3,HFET
367554:8775,265:265,05/16/23 04:22:27,STABLE BEAMS,6800,396385.046797965,383847.262694599,51.2,HFET
367554:8775,266:266,05/16/23 04:22:50,STABLE BEAMS,6800,396553.003292146,383994.822257106,51.2,HFET
367554:8775,267:267,05/16/23 04:23:14,STABLE BEAMS,6800,396484.982438859,383876.993262208,51.3,HFET
367554:8775,268:268,05/16/23 04:23:37,STABLE BEAMS,6800,395943.461385982,383513.808993427,51.2,HFET
367554:8775,269:269,05/16/23 04:24:00,STABLE BEAMS,6800,395836.287748191,376124.541457793,51.2,HFET
367554:8775,270:270,05/16/23 04:24:23,STABLE BEAMS,6800,396017.992939860,383564.892234652,51.2,HFET
367554:8775,271:271,05/16/23 04:24:47,STABLE BEAMS,6800,395911.182950223,383585.699436038,51.2,HFET
367554:8775,272:272,05/16/23 04:25:10,STABLE BEAMS,6800,395819.622872244,383317.669767366,51.2,HFET
367554:8775,273:273,05/16/23 04:25:33,STABLE BEAMS,6800,395596.760169072,383178.944990122,51.1,HFET
367554:8775,274:274,05/16/23 04:25:57,STABLE BEAMS,6800,395405.583807873,383113.656160140,51.1,HFET
367554:8775,275:275,05/16/23 04:26:20,STABLE BEAMS,6800,395107.688369073,382938.095689830,51.1,HFET
367554:8775,276:276,05/16/23 04:26:43,STABLE BEAMS,6800,394913.281133896,382533.709619067,51.1,HFET
367554:8775,277:277,05/16/23 04:27:07,STABLE BEAMS,6800,394552.509530748,382304.744153938,51.0,HFET
367554:8775,278:278,05/16/23 04:27:30,STABLE BEAMS,6800,394385.646312104,382194.246399054,51.0,HFET
367554:8775,279:279,05/16/23 04:27:53,STABLE BEAMS,6800,393681.087339427,381587.527428234,51.0,HFET
367554:8775,280:280,05/16/23 04:28:17,STABLE BEAMS,6800,392999.200430461,380928.520048912,50.8,HFET
367554:8775,281:281,05/16/23 04:28:40,STABLE BEAMS,6800,393304.289575677,381118.649756132,50.8,HFET
367554:8775,282:282,05/16/23 04:29:03,STABLE BEAMS,6800,393086.706763962,380919.664283948,50.8,HFET
367554:8775,283:283,05/16/23 04:29:27,STABLE BEAMS,6800,392817.677062869,380721.159013813,50.8,HFET
367554:8775,284:284,05/16/23 04:29:50,STABLE BEAMS,6800,392726.802321794,380740.213244614,50.8,HFET
367554:8775,285:285,05/16/23 04:30:13,STABLE BEAMS,6800,392652.408301513,380685.577440661,50.8,HFET
367554:8775,286:286,05/16/23 04:30:36,STABLE BEAMS,6800,392280.892760297,380416.958009279,50.7,HFET
367554:8775,287:287,05/16/23 04:31:00,STABLE BEAMS,6800,390807.896287094,379225.376254082,50.6,HFET
367554:8775,288:288,05/16/23 04:31:23,STABLE BEAMS,6800,389459.787312688,377917.058779526,50.4,HFET
367554:8775,289:289,05/16/23 04:31:46,STABLE BEAMS,6800,388355.028885166,377059.909778222,50.3,HFET
367554:8775,290:290,05/16/23 04:32:10,STABLE BEAMS,6800,386784.420855742,375187.170741444,50.1,HFET
367554:8775,291:291,05/16/23 04:32:33,STABLE BEAMS,6800,384887.368676407,374015.121088019,49.8,HFET
367554:8775,292:292,05/16/23 04:32:56,STABLE BEAMS,6800,384910.635164984,374063.542238276,49.7,HFET
367554:8775,293:293,05/16/23 04:33:20,STABLE BEAMS,6800,385095.389406554,373842.817133544,49.8,HFET
367554:8775,294:294,05/16/23 04:33:43,STABLE BEAMS,6800,384689.590702579,373773.295066085,49.7,HFET
367554:8775,295:295,05/16/23 04:34:06,STABLE BEAMS,6800,384375.669103178,373485.005999335,49.7,HFET
367554:8775,296:296,05/16/23 04:34:30,STABLE BEAMS,6800,384937.496175691,373953.452422025,49.7,HFET
367554:8775,297:297,05/16/23 04:34:53,STABLE BEAMS,6800,385113.464584634,374074.922560611,49.8,HFET
367554:8775,298:298,05/16/23 04:35:16,STABLE BEAMS,6800,385551.544055446,374576.470289561,49.8,HFET
367554:8775,299:299,05/16/23 04:35:40,STABLE BEAMS,6800,385359.139216190,374364.829395427,49.8,HFET
367554:8775,300:300,05/16/23 04:36:03,STABLE BEAMS,6800,385862.279071350,374845.248234240,49.9,HFET
367554:8775,301:301,05/16/23 04:36:26,STABLE BEAMS,6800,385841.199133849,374781.122612133,49.9,HFET
367554:8775,302:302,05/16/23 04:36:49,STABLE BEAMS,6800,386022.221319692,374965.331381473,49.9,HFET
367554:8775,303:303,05/16/23 04:37:13,STABLE BEAMS,6800,385998.546892482,374986.388008195,49.9,HFET
367554:8775,304:304,05/16/23 04:37:36,STABLE BEAMS,6800,385969.226594584,374960.641252727,49.9,HFET
367554:8775,305:305,05/16/23 04:37:59,STABLE BEAMS,6800,385797.309599041,374100.191445108,49.9,HFET
367554:8775,306:306,05/16/23 04:38:23,STABLE BEAMS,6800,385697.781896781,374790.638072144,49.9,HFET
367554:8775,307:307,05/16/23 04:38:46,STABLE BEAMS,6800,385297.675685052,374420.714657138,49.8,HFET
367554:8775,308:308,05/16/23 04:39:09,STABLE BEAMS,6800,384952.839330466,373920.397737322,49.8,HFET
367554:8775,309:309,05/16/23 04:39:33,STABLE BEAMS,6800,384759.206013154,369134.881283217,49.7,HFET
367554:8775,310:310,05/16/23 04:39:56,STABLE BEAMS,6800,384599.308055292,369458.502497783,49.7,HFET
367554:8775,311:311,05/16/23 04:40:19,STABLE BEAMS,6800,383916.330201866,164554.613727561,49.7,HFET
367554:8775,312:312,05/16/23 04:40:43,STABLE BEAMS,6800,383795.951007740,368524.978059978,49.6,HFET
367618:8782,18:18,05/17/23 06:11:09,STABLE BEAMS,6800,467319.108752115,423986.601327291,60.5,HFET
367618:8782,19:19,05/17/23 06:11:32,STABLE BEAMS,6800,466481.834521035,442034.790187854,60.4,HFET
367618:8782,20:20,05/17/23 06:11:55,STABLE BEAMS,6800,468487.426349813,445688.482068874,60.3,HFET
367618:8782,21:21,05/17/23 06:12:19,STABLE BEAMS,6800,468303.215249396,340693.250567168,60.6,HFET
367618:8782,22:22,05/17/23 06:12:42,STABLE BEAMS,6800,469307.674387870,443801.947713050,60.7,HFET
367618:8782,23:23,05/17/23 06:13:05,STABLE BEAMS,6800,469184.654082477,452317.622396716,60.6,HFET
367618:8782,24:24,05/17/23 06:13:28,STABLE BEAMS,6800,469510.231071405,453469.093294390,60.7,HFET
367618:8782,25:25,05/17/23 06:13:52,STABLE BEAMS,6800,469345.463491799,446956.460240273,60.7,HFET
367618:8782,26:26,05/17/23 06:14:15,STABLE BEAMS,6800,469086.084453235,453146.747179438,60.7,HFET
367618:8782,27:27,05/17/23 06:14:38,STABLE BEAMS,6800,468675.050148285,361453.366510550,60.6,HFET
367618:8782,28:28,05/17/23 06:15:02,STABLE BEAMS,6800,468372.147554144,452193.326991708,60.6,HFET
367618:8782,29:29,05/17/23 06:15:25,STABLE BEAMS,6800,468001.133194678,452040.897807456,60.5,HFET
367618:8782,30:30,05/17/23 06:15:48,STABLE BEAMS,6800,467717.350101520,446179.192616641,60.5,HFET
367618:8782,31:31,05/17/23 06:16:12,STABLE BEAMS,6800,467251.682323694,451313.391703876,60.4,HFET
367618:8782,32:32,05/17/23 06:16:35,STABLE BEAMS,6800,466985.018666675,451140.108696680,60.4,HFET
367618:8782,33:33,05/17/23 06:16:58,STABLE BEAMS,6800,466547.305175094,450764.676944583,60.3,HFET
367618:8782,34:34,05/17/23 06:17:22,STABLE BEAMS,6800,466029.640373504,441709.579178156,60.3,HFET
367618:8782,35:35,05/17/23 06:17:45,STABLE BEAMS,6800,465034.106932330,442151.936176925,60.2,HFET
367618:8782,36:36,05/17/23 06:18:08,STABLE BEAMS,6800,464503.695796752,448842.950305617,60.1,HFET
367618:8782,37:37,05/17/23 06:18:32,STABLE BEAMS,6800,463336.699920227,448054.253407013,59.9,HFET
367618:8782,38:38,05/17/23 06:18:55,STABLE BEAMS,6800,462356.052742558,447467.204071561,59.8,HFET
367618:8782,39:39,05/17/23 06:19:18,STABLE BEAMS,6800,460661.834645030,446047.705836294,59.6,HFET
367618:8782,40:40,05/17/23 06:19:41,STABLE BEAMS,6800,459952.219564376,436155.103062074,59.5,HFET
367618:8782,41:41,05/17/23 06:20:05,STABLE BEAMS,6800,459975.166695279,433247.127665233,59.5,HFET
367618:8782,42:42,05/17/23 06:20:28,STABLE BEAMS,6800,458806.030889237,432907.801978816,59.4,HFET
367618:8782,43:43,05/17/23 06:20:51,STABLE BEAMS,6800,457640.629469999,432407.074789289,59.2,HFET
367618:8782,44:44,05/17/23 06:21:15,STABLE BEAMS,6800,458624.826879317,433039.151225567,59.2,HFET
367618:8782,45:45,05/17/23 06:21:38,STABLE BEAMS,6800,459591.450292305,433247.036753194,59.4,HFET
367618:8782,46:46,05/17/23 06:22:01,STABLE BEAMS,6800,459831.886991807,432896.099967730,59.4,HFET
367618:8782,47:47,05/17/23 06:22:25,STABLE BEAMS,6800,459967.380895074,433053.995529670,59.5,HFET
367618:8782,48:48,05/17/23 06:22:48,STABLE BEAMS,6800,460599.231216795,433664.719292332,59.4,HFET
367618:8782,49:49,05/17/23 06:23:11,STABLE BEAMS,6800,460647.265408120,433174.099656604,59.5,HFET
367618:8782,50:50,05/17/23 06:23:35,STABLE BEAMS,6800,461199.574689543,433941.443881592,59.6,HFET
367618:8782,51:51,05/17/23 06:23:58,STABLE BEAMS,6800,461195.749390700,433164.311460478,59.6,HFET
367618:8782,52:52,05/17/23 06:24:21,STABLE BEAMS,6800,461617.348140719,433811.640139493,59.7,HFET
367618:8782,53:53,05/17/23 06:24:44,STABLE BEAMS,6800,461462.685783834,433751.815356122,59.6,HFET
367618:8782,54:54,05/17/23 06:25:08,STABLE BEAMS,6800,461491.413987944,433879.660992780,59.7,HFET
367618:8782,55:55,05/17/23 06:25:31,STABLE BEAMS,6800,461246.788341445,433511.833216811,59.6,HFET
367618:8782,56:56,05/17/23 06:25:54,STABLE BEAMS,6800,460938.421700693,433442.082703718,59.6,HFET
367618:8782,57:57,05/17/23 06:26:18,STABLE BEAMS,6800,460365.349508364,433066.741863658,59.6,HFET
367618:8782,58:58,05/17/23 06:26:41,STABLE BEAMS,6800,459888.389989163,433053.676171997,59.4,HFET
367618:8782,59:59,05/17/23 06:27:04,STABLE BEAMS,6800,460108.110399318,433792.746753067,59.4,HFET
367618:8782,60:60,05/17/23 06:27:28,STABLE BEAMS,6800,460096.091361636,433373.607290238,59.5,HFET
367618:8782,61:61,05/17/23 06:27:51,STABLE BEAMS,6800,459478.355716634,433207.245253345,59.5,HFET
367618:8782,62:62,05/17/23 06:28:14,STABLE BEAMS,6800,459138.710672544,433266.340409331,59.3,HFET
367618:8782,63:63,05/17/23 06:28:38,STABLE BEAMS,6800,459369.223973402,335396.969302074,59.3,HFET
367618:8782,64:64,05/17/23 06:29:01,STABLE BEAMS,6800,459218.158469725,444467.444813262,59.4,HFET
367618:8782,65:65,05/17/23 06:29:24,STABLE BEAMS,6800,459126.826837381,444874.290171216,59.4,HFET
367618:8782,66:66,05/17/23 06:29:48,STABLE BEAMS,6800,458945.394381827,444158.712193279,59.3,HFET
367618:8782,67:67,05/17/23 06:30:11,STABLE BEAMS,6800,458464.427739706,444087.824114168,59.3,HFET
367618:8782,68:68,05/17/23 06:30:34,STABLE BEAMS,6800,458039.553825230,443580.814669685,59.2,HFET
367618:8782,69:69,05/17/23 06:30:57,STABLE BEAMS,6800,457644.953619514,442685.125957367,59.2,HFET
367618:8782,70:70,05/17/23 06:31:21,STABLE BEAMS,6800,457000.084227690,442946.050500582,59.1,HFET
367618:8782,71:71,05/17/23 06:31:44,STABLE BEAMS,6800,456022.215694885,441902.074929450,58.9,HFET
367618:8782,72:72,05/17/23 06:32:07,STABLE BEAMS,6800,456112.589254210,442169.193146661,58.9,HFET
367618:8782,73:73,05/17/23 06:32:31,STABLE BEAMS,6800,456352.935041674,442185.354509781,59.0,HFET
367618:8782,74:74,05/17/23 06:32:54,STABLE BEAMS,6800,456086.455539809,427794.272559370,59.0,HFET
367618:8782,75:75,05/17/23 06:33:17,STABLE BEAMS,6800,455919.091139416,441032.382397936,59.0,HFET
367618:8782,76:76,05/17/23 06:33:41,STABLE BEAMS,6800,455512.973077768,441486.578941388,58.9,HFET
367618:8782,77:77,05/17/23 06:34:04,STABLE BEAMS,6800,455200.144753905,441338.562487612,58.9,HFET
367618:8782,78:78,05/17/23 06:34:27,STABLE BEAMS,6800,455384.719502476,428712.817490554,58.8,HFET
367618:8782,79:79,05/17/23 06:34:51,STABLE BEAMS,6800,455258.011431836,433387.311697246,58.9,HFET
367618:8782,80:80,05/17/23 06:35:14,STABLE BEAMS,6800,454769.806792818,432387.542687517,58.8,HFET
367618:8782,81:81,05/17/23 06:35:37,STABLE BEAMS,6800,454360.912417385,432439.672582722,58.7,HFET
367618:8782,82:82,05/17/23 06:36:01,STABLE BEAMS,6800,454585.413868324,432418.912002894,58.7,HFET
367618:8782,83:83,05/17/23 06:36:24,STABLE BEAMS,6800,454388.503055476,434084.404227391,58.7,HFET
367618:8782,84:84,05/17/23 06:36:47,STABLE BEAMS,6800,454190.906905724,433928.967952641,58.7,HFET
367618:8782,85:85,05/17/23 06:37:10,STABLE BEAMS,6800,453783.469453982,439993.458272626,58.7,HFET
367618:8782,86:86,05/17/23 06:37:34,STABLE BEAMS,6800,453387.186210018,433295.070944519,58.6,HFET
367618:8782,87:87,05/17/23 06:37:57,STABLE BEAMS,6800,453111.736720373,439452.939583249,58.6,HFET
367618:8782,88:88,05/17/23 06:38:20,STABLE BEAMS,6800,453181.988415216,439760.669839732,58.6,HFET
367618:8782,89:89,05/17/23 06:38:44,STABLE BEAMS,6800,452656.402610903,431639.595361782,58.5,HFET
367618:8782,90:90,05/17/23 06:39:07,STABLE BEAMS,6800,452031.018699292,438714.642920044,58.4,HFET
367618:8782,91:91,05/17/23 06:39:30,STABLE BEAMS,6800,452099.902051404,438637.290761900,58.4,HFET
367618:8782,92:92,05/17/23 06:39:54,STABLE BEAMS,6800,452249.739077025,439048.597802965,58.5,HFET
367618:8782,93:93,05/17/23 06:40:17,STABLE BEAMS,6800,451852.089821409,438291.680489450,58.4,HFET
367618:8782,94:94,05/17/23 06:40:40,STABLE BEAMS,6800,450723.246696965,432321.025379479,58.3,HFET
367618:8782,95:95,05/17/23 06:41:04,STABLE BEAMS,6800,449709.227807999,436506.175050057,58.2,HFET
367618:8782,96:96,05/17/23 06:41:27,STABLE BEAMS,6800,449017.872060580,435998.438309268,58.1,HFET
367618:8782,97:97,05/17/23 06:41:50,STABLE BEAMS,6800,448308.441135081,430412.683789848,58.0,HFET
367618:8782,98:98,05/17/23 06:42:13,STABLE BEAMS,6800,454341.289403575,440589.067326148,57.8,HFET
367618:8782,99:99,05/17/23 06:42:37,STABLE BEAMS,6800,466826.486720466,451107.191545574,60.1,HFET
367618:8782,100:100,05/17/23 06:43:00,STABLE BEAMS,6800,467032.232318576,443134.268723919,60.3,HFET
367618:8782,101:101,05/17/23 06:43:23,STABLE BEAMS,6800,466882.169178399,451443.421560532,60.4,HFET
367618:8782,102:102,05/17/23 06:43:47,STABLE BEAMS,6800,466410.855529885,450954.396382091,60.3,HFET
367618:8782,103:103,05/17/23 06:44:10,STABLE BEAMS,6800,465435.989425423,450489.092252419,60.2,HFET
367618:8782,104:104,05/17/23 06:44:33,STABLE BEAMS,6800,465634.904965270,450598.769467881,60.1,HFET
367618:8782,105:105,05/17/23 06:44:57,STABLE BEAMS,6800,466168.505015423,450958.356883453,60.3,HFET
367618:8782,106:106,05/17/23 06:45:20,STABLE BEAMS,6800,465769.443126595,450762.082454874,60.2,HFET
367618:8782,107:107,05/17/23 06:45:43,STABLE BEAMS,6800,465461.032195364,450349.954874385,60.2,HFET
367618:8782,108:108,05/17/23 06:46:07,STABLE BEAMS,6800,465179.845922992,450130.824226941,60.1,HFET
367618:8782,109:109,05/17/23 06:46:30,STABLE BEAMS,6800,464909.494500727,450013.041853601,60.1,HFET
367618:8782,110:110,05/17/23 06:46:53,STABLE BEAMS,6800,465185.626996198,450230.759867835,60.1,HFET
367618:8782,111:111,05/17/23 06:47:17,STABLE BEAMS,6800,465187.039629409,347914.174649688,60.2,HFET
367618:8782,112:112,05/17/23 06:47:40,STABLE BEAMS,6800,465224.327551588,449627.138899551,60.1,HFET
367618:8782,113:113,05/17/23 06:48:03,STABLE BEAMS,6800,464741.036824796,449526.019071081,60.1,HFET
367618:8782,114:114,05/17/23 06:48:26,STABLE BEAMS,6800,464495.637260432,449191.155067776,60.1,HFET
367618:8782,115:115,05/17/23 06:48:50,STABLE BEAMS,6800,464007.295087818,448643.671117617,60.0,HFET
367618:8782,116:116,05/17/23 06:49:13,STABLE BEAMS,6800,462973.289536889,448156.419889463,60.0,HFET
367618:8782,117:117,05/17/23 06:49:36,STABLE BEAMS,6800,462368.027489760,447550.066897874,59.8,HFET
367618:8782,118:118,05/17/23 06:50:00,STABLE BEAMS,6800,459600.602104163,445174.325539533,59.5,HFET
367618:8782,119:119,05/17/23 06:50:23,STABLE BEAMS,6800,458871.000361545,444828.668645524,59.3,HFET
367618:8782,120:120,05/17/23 06:50:46,STABLE BEAMS,6800,459545.101470307,445369.462402094,59.5,HFET
367618:8782,121:121,05/17/23 06:51:10,STABLE BEAMS,6800,458365.858110465,436049.474928935,59.3,HFET
367618:8782,122:122,05/17/23 06:51:33,STABLE BEAMS,6800,457824.020030993,443770.305661559,59.2,HFET
367618:8782,123:123,05/17/23 06:51:56,STABLE BEAMS,6800,457283.727456173,443305.957273828,59.1,HFET
367618:8782,124:124,05/17/23 06:52:20,STABLE BEAMS,6800,457578.890871667,390040.188413953,59.2,HFET
367618:8782,125:125,05/17/23 06:52:43,STABLE BEAMS,6800,457909.750083130,222664.402103739,59.1,HFET
367618:8782,126:126,05/17/23 06:53:06,STABLE BEAMS,6800,459968.019610421,445888.763620374,59.4,HFET
367618:8782,127:127,05/17/23 06:53:29,STABLE BEAMS,6800,459057.078655365,444843.694773704,59.4,HFET
367618:8782,128:128,05/17/23 06:53:53,STABLE BEAMS,6800,458608.299536966,444435.665228174,59.3,HFET
367618:8782,129:129,05/17/23 06:54:16,STABLE BEAMS,6800,457654.152052930,443809.961958890,59.3,HFET
367618:8782,130:130,05/17/23 06:54:39,STABLE BEAMS,6800,457418.584975172,443488.072735208,59.1,HFET
367618:8782,131:131,05/17/23 06:55:03,STABLE BEAMS,6800,457395.045750481,443633.217301004,59.1,HFET
367618:8782,132:132,05/17/23 06:55:26,STABLE BEAMS,6800,457238.471909713,443413.268445215,59.1,HFET
367618:8782,133:133,05/17/23 06:55:49,STABLE BEAMS,6800,456296.117348801,442034.608363777,59.1,HFET
367618:8782,134:134,05/17/23 06:56:13,STABLE BEAMS,6800,456190.626749258,442148.658681390,58.9,HFET
367618:8782,135:135,05/17/23 06:56:36,STABLE BEAMS,6800,456244.442013788,435523.024294718,59.0,HFET
367618:8782,136:136,05/17/23 06:56:59,STABLE BEAMS,6800,456094.194718456,442229.882759935,58.9,HFET
367618:8782,137:137,05/17/23 06:57:23,STABLE BEAMS,6800,454891.414465001,441159.360873614,58.8,HFET
367618:8782,138:138,05/17/23 06:57:46,STABLE BEAMS,6800,455264.841490099,441529.920672888,58.8,HFET
367618:8782,139:139,05/17/23 06:58:09,STABLE BEAMS,6800,455856.534332739,442248.503410246,58.9,HFET
367618:8782,140:140,05/17/23 06:58:33,STABLE BEAMS,6800,455784.690511687,441929.390500349,58.9,HFET
367618:8782,141:141,05/17/23 06:58:56,STABLE BEAMS,6800,455398.969381714,181972.603135776,58.9,HFET
367618:8782,142:142,05/17/23 06:59:19,STABLE BEAMS,6800,455059.142513547,441205.026689786,58.8,HFET
367618:8782,143:143,05/17/23 06:59:42,STABLE BEAMS,6800,454744.218550647,441069.805522634,58.8,HFET
367618:8782,144:144,05/17/23 07:00:06,STABLE BEAMS,6800,454650.702698306,441105.864966756,58.7,HFET
367618:8782,145:145,05/17/23 07:00:29,STABLE BEAMS,6800,454576.126853947,441075.726460514,58.8,HFET
367618:8782,146:146,05/17/23 07:00:52,STABLE BEAMS,6800,454067.432040139,440509.666150525,58.7,HFET
367618:8782,147:147,05/17/23 07:01:16,STABLE BEAMS,6800,453737.167253542,440341.800568382,58.7,HFET
367618:8782,148:148,05/17/23 07:01:39,STABLE BEAMS,6800,453857.042934840,440254.021498766,58.6,HFET
367618:8782,149:149,05/17/23 07:02:02,STABLE BEAMS,6800,453690.680897947,440194.469451510,58.6,HFET
367618:8782,150:150,05/17/23 07:02:26,STABLE BEAMS,6800,453466.361271084,440028.014171500,58.6,HFET
367618:8782,151:151,05/17/23 07:02:49,STABLE BEAMS,6800,453269.585660755,439636.922238032,58.6,HFET
367618:8782,152:152,05/17/23 07:03:12,STABLE BEAMS,6800,452884.911184762,439529.429242568,58.6,HFET
367618:8782,153:153,05/17/23 07:03:36,STABLE BEAMS,6800,452689.000404336,439220.834156182,58.5,HFET
367618:8782,154:154,05/17/23 07:03:59,STABLE BEAMS,6800,452271.637222871,438926.353746514,58.5,HFET
367618:8782,155:155,05/17/23 07:04:22,STABLE BEAMS,6800,451975.655599032,438472.840208889,58.4,HFET
367618:8782,156:156,05/17/23 07:04:46,STABLE BEAMS,6800,451833.695285655,438549.737806841,58.4,HFET
367618:8782,157:157,05/17/23 07:05:09,STABLE BEAMS,6800,451317.853386988,438051.152877909,58.4,HFET
367618:8782,158:158,05/17/23 07:05:32,STABLE BEAMS,6800,450638.199650655,437148.449952173,58.3,HFET
367618:8782,159:159,05/17/23 07:05:55,STABLE BEAMS,6800,450547.322578502,432344.564604171,58.3,HFET
367618:8782,160:160,05/17/23 07:06:19,STABLE BEAMS,6800,450201.896461207,428788.941170641,58.2,HFET
367618:8782,161:161,05/17/23 07:06:42,STABLE BEAMS,6800,449308.301056848,427868.121107422,58.2,HFET
367618:8782,162:162,05/17/23 07:07:05,STABLE BEAMS,6800,448684.600183485,424465.474661453,58.0,HFET
367618:8782,163:163,05/17/23 07:07:29,STABLE BEAMS,6800,448739.280277918,429160.093063704,58.0,HFET
367618:8782,164:164,05/17/23 07:07:52,STABLE BEAMS,6800,448586.804472108,428063.665908617,58.0,HFET
367618:8782,165:165,05/17/23 07:08:15,STABLE BEAMS,6800,447851.741013958,428721.831768815,58.0,HFET
367618:8782,166:166,05/17/23 07:08:39,STABLE BEAMS,6800,447587.900292283,433243.486521544,57.8,HFET
367618:8782,167:167,05/17/23 07:09:02,STABLE BEAMS,6800,447761.822014825,428587.431141086,57.9,HFET
367618:8782,168:168,05/17/23 07:09:25,STABLE BEAMS,6800,447586.944550342,433336.454570578,57.9,HFET
367618:8782,169:169,05/17/23 07:09:49,STABLE BEAMS,6800,447534.723743099,427229.167991323,57.8,HFET
367618:8782,170:170,05/17/23 07:10:12,STABLE BEAMS,6800,447453.590576592,433376.157489467,57.8,HFET
367618:8782,171:171,05/17/23 07:10:35,STABLE BEAMS,6800,447414.027522377,199610.929524251,57.8,HFET
367618:8782,172:172,05/17/23 07:10:58,STABLE BEAMS,6800,447147.363865358,433031.549580516,57.8,HFET
367618:8782,173:173,05/17/23 07:11:22,STABLE BEAMS,6800,446768.654617725,415103.921738157,57.8,HFET
367618:8782,174:174,05/17/23 07:11:45,STABLE BEAMS,6800,446523.709613553,432550.809052953,57.7,HFET
367618:8782,175:175,05/17/23 07:12:08,STABLE BEAMS,6800,446404.379404484,432136.086982755,57.7,HFET
367618:8782,176:176,05/17/23 07:12:32,STABLE BEAMS,6800,445830.533294290,427053.791676167,57.7,HFET
367618:8782,177:177,05/17/23 07:12:55,STABLE BEAMS,6800,445190.897172364,431229.244062658,57.6,HFET
367618:8782,178:178,05/17/23 07:13:18,STABLE BEAMS,6800,445467.712673662,431602.943823872,57.5,HFET
367618:8782,179:179,05/17/23 07:13:42,STABLE BEAMS,6800,445623.512596565,431723.367308478,57.6,HFET
367618:8782,180:180,05/17/23 07:14:05,STABLE BEAMS,6800,445426.007358852,431632.536857884,57.6,HFET
367618:8782,181:181,05/17/23 07:14:28,STABLE BEAMS,6800,445400.740805432,423370.551051615,57.6,HFET
367618:8782,182:182,05/17/23 07:14:52,STABLE BEAMS,6800,444931.019283129,431193.228909016,57.5,HFET
367618:8782,183:183,05/17/23 07:15:15,STABLE BEAMS,6800,444725.411218615,431019.491341628,57.5,HFET
367618:8782,184:184,05/17/23 07:15:38,STABLE BEAMS,6800,444623.426560242,430648.157624489,57.5,HFET
367618:8782,185:185,05/17/23 07:16:02,STABLE BEAMS,6800,444450.096931488,430811.151253809,57.5,HFET
367618:8782,186:186,05/17/23 07:16:25,STABLE BEAMS,6800,443785.786349931,429705.255260269,57.4,HFET
367618:8782,187:187,05/17/23 07:16:48,STABLE BEAMS,6800,443608.768955930,430044.126386494,57.4,HFET
367618:8782,188:188,05/17/23 07:17:11,STABLE BEAMS,6800,443481.972304329,430021.454322784,57.4,HFET
367618:8782,189:189,05/17/23 07:17:35,STABLE BEAMS,6800,443215.991653136,429792.034297463,57.3,HFET
367618:8782,190:190,05/17/23 07:17:58,STABLE BEAMS,6800,442646.879962168,428759.620872744,57.2,HFET
367618:8782,191:191,05/17/23 07:18:21,STABLE BEAMS,6800,442376.759316615,429139.833665626,57.2,HFET
367618:8782,192:192,05/17/23 07:18:45,STABLE BEAMS,6800,442258.109782295,428830.555573413,57.2,HFET
367618:8782,193:193,05/17/23 07:19:08,STABLE BEAMS,6800,441682.305566660,428494.460760974,57.2,HFET
367618:8782,194:194,05/17/23 07:19:31,STABLE BEAMS,6800,441192.187112681,427948.070086353,57.0,HFET
367618:8782,195:195,05/17/23 07:19:55,STABLE BEAMS,6800,441729.929488273,428379.818349573,57.0,HFET
367618:8782,196:196,05/17/23 07:20:18,STABLE BEAMS,6800,441972.461826812,428572.542546502,57.2,HFET
367618:8782,197:197,05/17/23 07:20:41,STABLE BEAMS,6800,441807.283977494,428433.680235662,57.1,HFET
367618:8782,198:198,05/17/23 07:21:05,STABLE BEAMS,6800,441733.526341481,428396.709340078,57.1,HFET
367618:8782,199:199,05/17/23 07:21:28,STABLE BEAMS,6800,441285.978032216,428013.447497295,57.1,HFET
367618:8782,200:200,05/17/23 07:21:51,STABLE BEAMS,6800,439791.174325206,426673.716416882,56.9,HFET
367618:8782,201:201,05/17/23 07:22:15,STABLE BEAMS,6800,440217.507494451,427187.691122147,56.8,HFET
367618:8782,202:202,05/17/23 07:22:38,STABLE BEAMS,6800,441674.156118301,428396.254779886,56.9,HFET
367618:8782,203:203,05/17/23 07:23:01,STABLE BEAMS,6800,439647.393439984,426586.436197938,57.0,HFET
367618:8782,204:204,05/17/23 07:23:24,STABLE BEAMS,6800,438999.610200778,425834.938640553,56.8,HFET
367618:8782,205:205,05/17/23 07:23:48,STABLE BEAMS,6800,439873.307524134,426778.796746714,56.8,HFET
367618:8782,206:206,05/17/23 07:24:11,STABLE BEAMS,6800,439716.097299098,426687.010554178,56.8,HFET
367618:8782,207:207,05/17/23 07:24:34,STABLE BEAMS,6800,439638.470073761,426693.020073019,56.8,HFET
367618:8782,208:208,05/17/23 07:24:58,STABLE BEAMS,6800,439363.750211500,426268.008624946,56.8,HFET
367618:8782,209:209,05/17/23 07:25:21,STABLE BEAMS,6800,439129.730969472,426115.623731174,56.8,HFET
367618:8782,210:210,05/17/23 07:25:44,STABLE BEAMS,6800,438780.796579929,425455.273650978,56.7,HFET
367618:8782,211:211,05/17/23 07:26:08,STABLE BEAMS,6800,438279.251182057,425348.051060551,56.7,HFET
367618:8782,212:212,05/17/23 07:26:31,STABLE BEAMS,6800,437537.632732836,424797.380526895,56.6,HFET
367618:8782,213:213,05/17/23 07:26:54,STABLE BEAMS,6800,436303.753569041,423678.372220136,56.5,HFET
367618:8782,214:214,05/17/23 07:27:18,STABLE BEAMS,6800,435250.761388570,422733.148102322,56.4,HFET
367618:8782,215:215,05/17/23 07:27:41,STABLE BEAMS,6800,434441.760801408,422044.841404804,56.2,HFET
367618:8782,216:216,05/17/23 07:28:04,STABLE BEAMS,6800,433775.489783332,421461.526456157,56.1,HFET
367618:8782,217:217,05/17/23 07:28:27,STABLE BEAMS,6800,433356.306030023,133934.915194709,56.0,HFET
367618:8782,218:218,05/17/23 07:28:51,STABLE BEAMS,6800,433641.772161429,421358.448522246,56.0,HFET
367618:8782,219:219,05/17/23 07:29:14,STABLE BEAMS,6800,433670.773101653,421447.092421765,56.0,HFET
367618:8782,220:220,05/17/23 07:29:37,STABLE BEAMS,6800,432866.688757794,420711.711937019,56.0,HFET
367618:8782,221:221,05/17/23 07:30:01,STABLE BEAMS,6800,432902.247020167,420813.148792085,55.9,HFET
367618:8782,222:222,05/17/23 07:30:24,STABLE BEAMS,6800,433141.091593460,421049.900057418,56.0,HFET
367618:8782,223:223,05/17/23 07:30:47,STABLE BEAMS,6800,432852.075230403,420833.545723759,56.0,HFET
367618:8782,224:224,05/17/23 07:31:11,STABLE BEAMS,6800,431966.400828768,419917.460079766,55.9,HFET
367618:8782,225:225,05/17/23 07:31:34,STABLE BEAMS,6800,431942.043395731,417009.393770887,55.8,HFET
367618:8782,226:226,05/17/23 07:31:57,STABLE BEAMS,6800,432094.973761733,420011.477113858,55.9,HFET
367618:8782,227:227,05/17/23 07:32:21,STABLE BEAMS,6800,431660.901413840,419522.862205128,55.8,HFET
367618:8782,228:228,05/17/23 07:32:44,STABLE BEAMS,6800,431002.190081412,418998.460588391,55.7,HFET
367618:8782,229:229,05/17/23 07:33:07,STABLE BEAMS,6800,431015.029658517,419046.492448638,55.7,HFET
367618:8782,230:230,05/17/23 07:33:31,STABLE BEAMS,6800,431346.114984537,419527.731826873,55.8,HFET
367618:8782,231:231,05/17/23 07:33:54,STABLE BEAMS,6800,431213.672462248,304901.598343105,55.8,HFET
367618:8782,232:232,05/17/23 07:34:17,STABLE BEAMS,6800,431175.428798128,412470.440089020,55.7,HFET
367618:8782,233:233,05/17/23 07:34:40,STABLE BEAMS,6800,431022.677925125,411065.737205220,55.7,HFET
367618:8782,234:234,05/17/23 07:35:04,STABLE BEAMS,6800,430784.562979217,418821.261370314,55.7,HFET
367618:8782,235:235,05/17/23 07:35:27,STABLE BEAMS,6800,430283.334607940,412360.396894327,55.7,HFET
367618:8782,236:236,05/17/23 07:35:50,STABLE BEAMS,6800,429953.888029688,412052.848461920,55.6,HFET
367618:8782,237:237,05/17/23 07:36:14,STABLE BEAMS,6800,430165.734058677,413419.853153830,55.6,HFET
367618:8782,238:238,05/17/23 07:36:37,STABLE BEAMS,6800,429661.319103903,400909.932424671,55.6,HFET
367618:8782,239:239,05/17/23 07:37:00,STABLE BEAMS,6800,428898.075244951,408185.082041433,55.5,HFET
367618:8782,240:240,05/17/23 07:37:24,STABLE BEAMS,6800,428578.780510978,413759.362995401,55.4,HFET
367618:8782,241:241,05/17/23 07:37:47,STABLE BEAMS,6800,429112.287318015,406544.404141242,55.5,HFET
367618:8782,242:242,05/17/23 07:38:10,STABLE BEAMS,6800,428778.833616842,413225.581121171,55.4,HFET
367618:8782,243:243,05/17/23 07:38:34,STABLE BEAMS,6800,428801.461390073,413915.708390534,55.5,HFET
367618:8782,244:244,05/17/23 07:38:57,STABLE BEAMS,6800,428564.255564548,413931.734551136,55.4,HFET
367618:8782,245:245,05/17/23 07:39:20,STABLE BEAMS,6800,428398.667445519,408773.905327171,55.4,HFET
367618:8782,246:246,05/17/23 07:39:43,STABLE BEAMS,6800,428180.585783132,412935.427192097,55.4,HFET
367618:8782,247:247,05/17/23 07:40:07,STABLE BEAMS,6800,427821.317725232,413119.682582995,55.3,HFET
367618:8782,248:248,05/17/23 07:40:30,STABLE BEAMS,6800,427647.577826767,407453.340369298,55.3,HFET
367618:8782,249:249,05/17/23 07:40:53,STABLE BEAMS,6800,427369.988407604,412798.385453101,55.2,HFET
367618:8782,250:250,05/17/23 07:41:17,STABLE BEAMS,6800,426836.619134164,412374.966131237,55.3,HFET
367618:8782,251:251,05/17/23 07:41:40,STABLE BEAMS,6800,426470.201660328,412059.540986587,55.1,HFET
367618:8782,252:252,05/17/23 07:42:03,STABLE BEAMS,6800,426560.486638692,403143.988536828,55.1,HFET
367618:8782,253:253,05/17/23 07:42:27,STABLE BEAMS,6800,426491.372509867,376723.497939188,55.1,HFET
367618:8782,254:254,05/17/23 07:42:50,STABLE BEAMS,6800,426060.214009356,411389.631155901,55.1,HFET
367618:8782,255:255,05/17/23 07:43:13,STABLE BEAMS,6800,425888.660661967,406481.938246603,55.1,HFET
367618:8782,256:256,05/17/23 07:43:37,STABLE BEAMS,6800,425999.934665794,411434.429811092,55.1,HFET
367618:8782,257:257,05/17/23 07:44:00,STABLE BEAMS,6800,425723.755548764,410838.548021455,55.0,HFET
367618:8782,258:258,05/17/23 07:44:23,STABLE BEAMS,6800,424769.517152689,405705.078561604,54.9,HFET
367618:8782,259:259,05/17/23 07:44:47,STABLE BEAMS,6800,424879.879705055,410887.719778797,54.9,HFET
367618:8782,260:260,05/17/23 07:45:10,STABLE BEAMS,6800,425099.054642980,406045.725969194,55.0,HFET
367618:8782,261:261,05/17/23 07:45:33,STABLE BEAMS,6800,424556.305112047,410160.442120852,54.9,HFET
367618:8782,262:262,05/17/23 07:45:56,STABLE BEAMS,6800,423894.134460007,409785.739996139,54.8,HFET
367618:8782,263:263,05/17/23 07:46:20,STABLE BEAMS,6800,423688.479773935,409735.750030452,54.7,HFET
367618:8782,264:264,05/17/23 07:46:43,STABLE BEAMS,6800,423408.612891658,404844.901490101,54.8,HFET
367618:8782,265:265,05/17/23 07:47:06,STABLE BEAMS,6800,422792.700149578,408849.073265317,54.7,HFET
367618:8782,266:266,05/17/23 07:47:30,STABLE BEAMS,6800,421848.065794475,408210.758864564,54.6,HFET
367618:8782,267:267,05/17/23 07:47:53,STABLE BEAMS,6800,421989.751040659,408207.754105143,54.5,HFET
367618:8782,268:268,05/17/23 07:48:16,STABLE BEAMS,6800,422279.543652658,408637.229567406,54.6,HFET
367618:8782,269:269,05/17/23 07:48:40,STABLE BEAMS,6800,422289.285227226,398655.115732686,54.5,HFET
367618:8782,270:270,05/17/23 07:49:03,STABLE BEAMS,6800,422280.909664311,408304.594074578,54.6,HFET
367618:8782,271:271,05/17/23 07:49:26,STABLE BEAMS,6800,422467.440187245,408511.113590553,54.6,HFET
367618:8782,272:272,05/17/23 07:49:50,STABLE BEAMS,6800,422268.934917109,408378.214176995,54.6,HFET
367618:8782,273:273,05/17/23 07:50:13,STABLE BEAMS,6800,422221.586062690,408285.518864076,54.6,HFET
367618:8782,274:274,05/17/23 07:50:36,STABLE BEAMS,6800,422183.067331376,408231.202417796,54.6,HFET
367618:8782,275:275,05/17/23 07:51:00,STABLE BEAMS,6800,421975.955721613,408144.742738275,54.6,HFET
367618:8782,276:276,05/17/23 07:51:23,STABLE BEAMS,6800,421871.103837417,407988.805281775,54.5,HFET
367618:8782,277:277,05/17/23 07:51:46,STABLE BEAMS,6800,421410.578417450,407688.452886864,54.5,HFET
367618:8782,278:278,05/17/23 07:52:09,STABLE BEAMS,6800,421372.789313522,407536.067993092,54.5,HFET
367618:8782,279:279,05/17/23 07:52:33,STABLE BEAMS,6800,421379.983019939,407612.054139583,54.5,HFET
367618:8782,280:280,05/17/23 07:52:56,STABLE BEAMS,6800,421086.686797847,407363.831639876,54.5,HFET
367618:8782,281:281,05/17/23 07:53:19,STABLE BEAMS,6800,420610.727311068,406951.704059387,54.4,HFET
367618:8782,282:282,05/17/23 07:53:43,STABLE BEAMS,6800,420636.087107604,407013.167590526,54.4,HFET
367618:8782,283:283,05/17/23 07:54:06,STABLE BEAMS,6800,420669.232704344,407103.907129082,54.4,HFET
367618:8782,284:284,05/17/23 07:54:29,STABLE BEAMS,6800,420369.833720296,406689.320261403,54.4,HFET
367618:8782,285:285,05/17/23 07:54:53,STABLE BEAMS,6800,420304.955160026,406845.940723729,54.3,HFET
367618:8782,286:286,05/17/23 07:55:16,STABLE BEAMS,6800,419988.620894993,405900.716605916,54.3,HFET
367618:8782,287:287,05/17/23 07:55:39,STABLE BEAMS,6800,419979.333880616,406422.521401866,54.3,HFET
367618:8782,288:288,05/17/23 07:56:03,STABLE BEAMS,6800,419507.334895199,405983.169162517,54.3,HFET
367618:8782,289:289,05/17/23 07:56:26,STABLE BEAMS,6800,419313.657287406,405823.362116694,54.2,HFET
367618:8782,290:290,05/17/23 07:56:49,STABLE BEAMS,6800,418939.500634923,405544.679421993,54.2,HFET
367618:8782,291:291,05/17/23 07:57:12,STABLE BEAMS,6800,418600.673799178,405344.854761764,54.1,HFET
367618:8782,292:292,05/17/23 07:57:36,STABLE BEAMS,6800,417486.355621165,404291.361399543,54.0,HFET
367618:8782,293:293,05/17/23 07:57:59,STABLE BEAMS,6800,417548.912427842,404366.620249728,54.0,HFET
367618:8782,294:294,05/17/23 07:58:22,STABLE BEAMS,6800,417968.278005228,404633.465730823,54.0,HFET
367618:8782,295:295,05/17/23 07:58:46,STABLE BEAMS,6800,417755.658058374,404362.296100213,54.0,HFET
367618:8782,296:296,05/17/23 07:59:09,STABLE BEAMS,6800,417519.909156540,404253.437093096,54.0,HFET
367618:8782,297:297,05/17/23 07:59:32,STABLE BEAMS,6800,417187.138461194,403998.839095317,54.0,HFET
367618:8782,298:298,05/17/23 07:59:56,STABLE BEAMS,6800,417081.559280690,403814.765528495,53.9,HFET
367618:8782,299:299,05/17/23 08:00:19,STABLE BEAMS,6800,417059.749715805,404004.986147754,53.9,HFET
367618:8782,300:300,05/17/23 08:00:42,STABLE BEAMS,6800,417144.980917270,404069.636262390,53.9,HFET
367618:8782,301:301,05/17/23 08:01:06,STABLE BEAMS,6800,416694.973320814,403486.183780146,53.9,HFET
367618:8782,302:302,05/17/23 08:01:29,STABLE BEAMS,6800,416520.960686234,403675.856596097,53.8,HFET
367618:8782,303:303,05/17/23 08:01:52,STABLE BEAMS,6800,416423.710447087,402729.767648380,53.8,HFET
367618:8782,304:304,05/17/23 08:02:16,STABLE BEAMS,6800,416216.419344326,318212.621967482,53.8,HFET
367618:8782,305:305,05/17/23 08:02:39,STABLE BEAMS,6800,415807.340813738,402604.607413469,53.8,HFET
367618:8782,306:306,05/17/23 08:03:02,STABLE BEAMS,6800,415593.263943193,402607.658794447,53.7,HFET
367618:8782,307:307,05/17/23 08:03:25,STABLE BEAMS,6800,415346.544988735,402439.930745901,53.7,HFET
367618:8782,308:308,05/17/23 08:03:49,STABLE BEAMS,6800,415182.821732030,402518.376179582,53.7,HFET
367618:8782,309:309,05/17/23 08:04:12,STABLE BEAMS,6800,414229.902726050,401666.257644399,53.6,HFET
367618:8782,310:310,05/17/23 08:04:35,STABLE BEAMS,6800,414218.338248560,395982.481299045,53.5,HFET
367618:8782,311:311,05/17/23 08:04:59,STABLE BEAMS,6800,414467.472199728,388391.088329289,53.6,HFET
367618:8782,312:312,05/17/23 08:05:22,STABLE BEAMS,6800,414144.492031586,395851.358166851,53.5,HFET
367618:8782,313:313,05/17/23 08:05:45,STABLE BEAMS,6800,413797.697571560,401217.070587366,53.5,HFET
367618:8782,314:314,05/17/23 08:06:09,STABLE BEAMS,6800,413859.298636295,395469.916895913,53.5,HFET
367618:8782,315:315,05/17/23 08:06:32,STABLE BEAMS,6800,413871.044937862,401223.763112033,53.5,HFET
367618:8782,316:316,05/17/23 08:06:55,STABLE BEAMS,6800,413316.730929439,395072.402842815,53.5,HFET
367618:8782,317:317,05/17/23 08:07:19,STABLE BEAMS,6800,412675.274235669,394396.073223576,53.4,HFET
367618:8782,318:318,05/17/23 08:07:42,STABLE BEAMS,6800,412776.531597735,400256.228247584,53.3,HFET
367618:8782,319:319,05/17/23 08:08:05,STABLE BEAMS,6800,412932.604256753,395782.563395699,53.4,HFET
367618:8782,320:320,05/17/23 08:08:29,STABLE BEAMS,6800,412739.059520401,400292.970697533,53.3,HFET
367618:8782,321:321,05/17/23 08:08:52,STABLE BEAMS,6800,412682.330408489,395601.995770048,53.4,HFET
367618:8782,322:322,05/17/23 08:09:15,STABLE BEAMS,6800,412513.054524213,400015.427899929,53.3,HFET
367618:8782,323:323,05/17/23 08:09:38,STABLE BEAMS,6800,412189.025371014,399698.545831588,53.3,HFET
367618:8782,324:324,05/17/23 08:10:02,STABLE BEAMS,6800,411652.513804557,393670.707049514,53.3,HFET
367618:8782,325:325,05/17/23 08:10:25,STABLE BEAMS,6800,411336.815923792,399071.250436095,53.2,HFET
367618:8782,326:326,05/17/23 08:10:48,STABLE BEAMS,6800,411241.432878048,398868.964157596,53.2,HFET
367618:8782,327:327,05/17/23 08:11:12,STABLE BEAMS,6800,410899.738816479,397824.622607234,53.1,HFET
367618:8782,328:328,05/17/23 08:11:35,STABLE BEAMS,6800,410089.644953779,398001.959358907,53.1,HFET
367618:8782,329:329,05/17/23 08:11:58,STABLE BEAMS,6800,409370.561034672,397354.311322220,52.9,HFET
367618:8782,330:330,05/17/23 08:12:22,STABLE BEAMS,6800,409287.381181764,397348.800654051,53.0,HFET
367618:8782,331:331,05/17/23 08:12:45,STABLE BEAMS,6800,408657.398053445,396698.147857943,52.9,HFET
367618:8782,332:332,05/17/23 08:13:08,STABLE BEAMS,6800,408020.904224536,394987.947890293,52.8,HFET
367618:8782,333:333,05/17/23 08:13:32,STABLE BEAMS,6800,407374.804023578,393057.887647814,52.7,HFET
367618:8782,334:334,05/17/23 08:13:55,STABLE BEAMS,6800,406968.550759412,395208.216103755,52.6,HFET
367618:8782,335:335,05/17/23 08:14:18,STABLE BEAMS,6800,406371.256336564,394790.671098214,52.6,HFET
367618:8782,336:336,05/17/23 08:14:42,STABLE BEAMS,6800,406087.247128849,388788.966030540,52.5,HFET
367618:8782,337:337,05/17/23 08:15:05,STABLE BEAMS,6800,406101.270893530,394485.491040960,52.5,HFET
367618:8782,338:338,05/17/23 08:15:28,STABLE BEAMS,6800,406059.565578719,394501.880849715,52.5,HFET
367618:8782,339:339,05/17/23 08:15:52,STABLE BEAMS,6800,405239.865343970,386139.276396725,52.4,HFET
367618:8782,340:340,05/17/23 08:16:15,STABLE BEAMS,6800,404444.156563026,392255.987523953,52.3,HFET
367618:8782,341:341,05/17/23 08:16:38,STABLE BEAMS,6800,403385.336687791,218000.539010944,52.1,HFET
367553:8775,1:1,05/15/23 22:27:38,STABLE BEAMS,6800,27779.368918863,27587.222829254,4.1,HFET
367553:8775,2:2,05/15/23 22:28:01,STABLE BEAMS,6800,247516.719249720,244535.102770761,31.3,HFET
367553:8775,3:3,05/15/23 22:28:25,STABLE BEAMS,6800,249774.769146760,246947.929247503,32.1,HFET
367553:8775,4:4,05/15/23 22:28:48,STABLE BEAMS,6800,250253.710082181,247588.700604369,32.3,HFET
367553:8775,5:5,05/15/23 22:29:11,STABLE BEAMS,6800,250009.515685094,247348.263904867,32.4,HFET
367553:8775,6:6,05/15/23 22:29:35,STABLE BEAMS,6800,247779.648519934,245252.070071129,32.2,HFET
367553:8775,7:7,05/15/23 22:29:58,STABLE BEAMS,6800,246887.442438007,244336.210541693,31.9,HFET
367553:8775,8:8,05/15/23 22:30:21,STABLE BEAMS,6800,248784.699752197,246323.818104429,32.1,HFET
367553:8775,9:9,05/15/23 22:30:45,STABLE BEAMS,6800,249091.632780036,246576.138639094,32.2,HFET
367553:8775,10:10,05/15/23 22:31:08,STABLE BEAMS,6800,247940.047659545,245470.904671680,32.2,HFET
367553:8775,11:11,05/15/23 22:31:31,STABLE BEAMS,6800,247100.859613504,244620.583397561,32.0,HFET
367553:8775,12:12,05/15/23 22:31:54,STABLE BEAMS,6800,246400.533878304,241131.980784898,31.9,HFET
367553:8775,13:13,05/15/23 22:32:18,STABLE BEAMS,6800,246407.683294241,241131.318758773,31.8,HFET
367553:8775,14:14,05/15/23 22:32:41,STABLE BEAMS,6800,246055.676544018,240873.604109834,31.8,HFET
367553:8775,15:15,05/15/23 22:33:04,STABLE BEAMS,6800,245599.612807163,240432.906838533,31.8,HFET
367553:8775,16:16,05/15/23 22:33:28,STABLE BEAMS,6800,245993.870344427,240855.186263301,31.8,HFET
367553:8775,17:17,05/15/23 22:33:51,STABLE BEAMS,6800,245929.264520271,240709.631427793,31.8,HFET
367553:8775,18:18,05/15/23 22:34:14,STABLE BEAMS,6800,245854.005670087,235352.045144858,31.8,HFET
367553:8775,19:19,05/15/23 22:34:38,STABLE BEAMS,6800,245656.980634422,238544.050729115,31.8,HFET
367553:8775,20:20,05/15/23 22:35:01,STABLE BEAMS,6800,245418.226973167,238377.893827077,31.7,HFET
367553:8775,21:21,05/15/23 22:35:24,STABLE BEAMS,6800,245215.691269333,183234.094150471,31.7,HFET
367553:8775,22:22,05/15/23 22:35:48,STABLE BEAMS,6800,245071.546735958,234413.695375788,31.7,HFET
367553:8775,23:23,05/15/23 22:36:11,STABLE BEAMS,6800,244901.429332558,237880.625957162,31.7,HFET
367553:8775,24:24,05/15/23 22:36:34,STABLE BEAMS,6800,244922.325114905,238012.411115481,31.7,HFET
367553:8775,25:25,05/15/23 22:36:57,STABLE BEAMS,6800,244846.998663461,237921.375530031,31.7,HFET
367553:8775,26:26,05/15/23 22:37:21,STABLE BEAMS,6800,244575.600587216,237421.287055850,31.6,HFET
367553:8775,27:27,05/15/23 22:37:44,STABLE BEAMS,6800,244269.716544434,237483.524504854,31.6,HFET
367553:8775,28:28,05/15/23 22:38:07,STABLE BEAMS,6800,243995.357999248,236832.414817476,31.6,HFET
367553:8775,29:29,05/15/23 22:38:31,STABLE BEAMS,6800,243758.061261685,236954.819718303,31.5,HFET
367553:8775,30:30,05/15/23 22:38:54,STABLE BEAMS,6800,243343.248279449,233925.807763365,31.5,HFET
367553:8775,31:31,05/15/23 22:39:17,STABLE BEAMS,6800,247607.710544690,240331.787010063,31.5,HFET
367553:8775,32:32,05/15/23 22:39:41,STABLE BEAMS,6800,254799.698957167,243637.502574560,32.8,HFET
367553:8775,33:33,05/15/23 22:40:04,STABLE BEAMS,6800,254826.653210990,246467.053517421,32.9,HFET
367553:8775,34:34,05/15/23 22:40:27,STABLE BEAMS,6800,254543.646366774,242393.037985995,32.9,HFET
367553:8775,35:35,05/15/23 22:40:51,STABLE BEAMS,6800,254294.785151721,243463.762676094,32.9,HFET
367553:8775,36:36,05/15/23 22:41:14,STABLE BEAMS,6800,253828.226902135,237825.127654384,32.8,HFET
367553:8775,37:37,05/15/23 22:41:37,STABLE BEAMS,6800,253449.450053243,197757.085272545,32.8,HFET
367553:8775,38:38,05/15/23 22:42:01,STABLE BEAMS,6800,256854.098895134,245092.377248123,32.7,HFET
367553:8775,39:39,05/15/23 22:42:24,STABLE BEAMS,6800,265371.456617047,255028.186551325,34.1,HFET
367553:8775,40:40,05/15/23 22:42:47,STABLE BEAMS,6800,265594.708610229,251403.814968201,34.3,HFET
367553:8775,41:41,05/15/23 22:43:10,STABLE BEAMS,6800,265352.698433140,255110.457283849,34.3,HFET
367553:8775,42:42,05/15/23 22:43:34,STABLE BEAMS,6800,264896.567095026,200132.986309723,34.3,HFET
367553:8775,43:43,05/15/23 22:43:57,STABLE BEAMS,6800,264626.968610924,258069.173253463,34.2,HFET
367553:8775,44:44,05/15/23 22:44:20,STABLE BEAMS,6800,264389.170691611,257842.804609122,34.2,HFET
367553:8775,45:45,05/15/23 22:44:44,STABLE BEAMS,6800,270626.079188889,263523.781329911,34.2,HFET
367553:8775,46:46,05/15/23 22:45:07,STABLE BEAMS,6800,279558.068068962,268064.033422171,36.0,HFET
367553:8775,47:47,05/15/23 22:45:30,STABLE BEAMS,6800,279661.192624431,271779.007010254,36.2,HFET
367553:8775,48:48,05/15/23 22:45:54,STABLE BEAMS,6800,279741.185893841,268072.842565576,36.1,HFET
367553:8775,49:49,05/15/23 22:46:17,STABLE BEAMS,6800,279812.985424414,271987.141963217,36.1,HFET
367553:8775,50:50,05/15/23 22:46:40,STABLE BEAMS,6800,279966.668728579,272206.750481632,36.2,HFET
367553:8775,51:51,05/15/23 22:47:04,STABLE BEAMS,6800,280090.938491730,272372.112486105,36.2,HFET
367553:8775,52:52,05/15/23 22:47:27,STABLE BEAMS,6800,284330.768256742,272790.636544366,36.0,HFET
367553:8775,53:53,05/15/23 22:47:50,STABLE BEAMS,6800,295117.810285522,285194.703025829,38.0,HFET
367553:8775,54:54,05/15/23 22:48:14,STABLE BEAMS,6800,295353.193208125,282246.388325830,38.2,HFET
367553:8775,55:55,05/15/23 22:48:37,STABLE BEAMS,6800,295470.793757388,284233.883996826,38.2,HFET
367553:8775,56:56,05/15/23 22:49:00,STABLE BEAMS,6800,295380.305975246,285494.920218222,38.2,HFET
367553:8775,57:57,05/15/23 22:49:23,STABLE BEAMS,6800,295232.200940509,281249.831541455,38.2,HFET
367553:8775,58:58,05/15/23 22:49:47,STABLE BEAMS,6800,295487.775659931,285577.076727929,38.2,HFET
367553:8775,59:59,05/15/23 22:50:10,STABLE BEAMS,6800,305873.410735511,298843.595412931,38.5,HFET
367553:8775,60:60,05/15/23 22:50:33,STABLE BEAMS,6800,311331.046882158,300105.769200345,40.2,HFET
367553:8775,61:61,05/15/23 22:50:57,STABLE BEAMS,6800,311137.369274365,303668.152759801,40.2,HFET
367553:8775,62:62,05/15/23 22:51:20,STABLE BEAMS,6800,310888.393836494,299270.975236157,40.2,HFET
367553:8775,63:63,05/15/23 22:51:43,STABLE BEAMS,6800,310948.628889577,303560.522230740,40.2,HFET
367553:8775,64:64,05/15/23 22:52:07,STABLE BEAMS,6800,310725.127471059,303407.932202113,40.2,HFET
367553:8775,65:65,05/15/23 22:52:30,STABLE BEAMS,6800,310547.040112300,303187.344630977,40.1,HFET
367553:8775,66:66,05/15/23 22:52:53,STABLE BEAMS,6800,320304.468340926,306028.665186184,40.5,HFET
367553:8775,67:67,05/15/23 22:53:17,STABLE BEAMS,6800,323573.942637222,243101.694993630,41.8,HFET
367553:8775,68:68,05/15/23 22:53:40,STABLE BEAMS,6800,323422.194127719,247959.374626461,41.8,HFET
367553:8775,69:69,05/15/23 22:54:03,STABLE BEAMS,6800,323037.542962505,314277.834726128,41.8,HFET
367553:8775,70:70,05/15/23 22:54:27,STABLE BEAMS,6800,323072.145482936,314370.690883423,41.7,HFET
367553:8775,71:71,05/15/23 22:54:50,STABLE BEAMS,6800,322429.938182080,314037.738364000,41.7,HFET
367553:8775,72:72,05/15/23 22:55:13,STABLE BEAMS,6800,324515.136321337,315864.037666742,41.6,HFET
367553:8775,73:73,05/15/23 22:55:36,STABLE BEAMS,6800,337620.188233047,322927.068518399,43.1,HFET
367553:8775,74:74,05/15/23 22:56:00,STABLE BEAMS,6800,338421.200216227,328274.500625977,43.8,HFET
367553:8775,75:75,05/15/23 22:56:23,STABLE BEAMS,6800,338202.479838494,324274.016616008,43.7,HFET
367553:8775,76:76,05/15/23 22:56:46,STABLE BEAMS,6800,337762.465573020,327692.027196454,43.7,HFET
367553:8775,77:77,05/15/23 22:57:10,STABLE BEAMS,6800,337380.343627333,322225.581906402,43.6,HFET
367553:8775,78:78,05/15/23 22:57:33,STABLE BEAMS,6800,337065.669089769,322141.945162225,43.6,HFET
367553:8775,79:79,05/15/23 22:57:56,STABLE BEAMS,6800,343114.930477796,328511.683140723,43.5,HFET
367553:8775,80:80,05/15/23 22:58:20,STABLE BEAMS,6800,352987.956859764,336172.096996189,45.6,HFET
367553:8775,81:81,05/15/23 22:58:43,STABLE BEAMS,6800,352595.883542498,339978.947688845,45.6,HFET
367553:8775,82:82,05/15/23 22:59:06,STABLE BEAMS,6800,351990.761360043,339822.942631087,45.5,HFET
367553:8775,83:83,05/15/23 22:59:30,STABLE BEAMS,6800,351326.903007600,335394.943595374,45.5,HFET
367553:8775,84:84,05/15/23 22:59:53,STABLE BEAMS,6800,350805.895440293,275415.169185424,45.4,HFET
367553:8775,85:85,05/15/23 23:00:16,STABLE BEAMS,6800,350370.820728901,332965.249438906,45.3,HFET
367553:8775,86:86,05/15/23 23:00:39,STABLE BEAMS,6800,357941.474098531,338097.742177114,45.4,HFET
367553:8775,87:87,05/15/23 23:01:03,STABLE BEAMS,6800,368020.085234233,351992.626222368,47.5,HFET
367553:8775,88:88,05/15/23 23:01:26,STABLE BEAMS,6800,367795.103581245,341513.179247552,47.6,HFET
367553:8775,89:89,05/15/23 23:01:49,STABLE BEAMS,6800,367389.213965233,352277.432658727,47.5,HFET
367553:8775,90:90,05/15/23 23:02:13,STABLE BEAMS,6800,366969.302915617,279702.531960010,47.5,HFET
367553:8775,91:91,05/15/23 23:02:36,STABLE BEAMS,6800,366856.823744513,356865.399584638,47.4,HFET
367553:8775,92:92,05/15/23 23:03:00,STABLE BEAMS,6800,366724.152776589,351784.628803001,47.4,HFET
367553:8775,93:93,05/15/23 23:03:23,STABLE BEAMS,6800,370870.373446143,360436.706510317,47.3,HFET
367553:8775,94:94,05/15/23 23:03:46,STABLE BEAMS,6800,380207.662179518,358064.310248770,48.8,HFET
367553:8775,95:95,05/15/23 23:04:09,STABLE BEAMS,6800,374531.464168436,364013.864441538,49.2,HFET
367553:8775,96:96,05/15/23 23:04:33,STABLE BEAMS,6800,365640.131618116,355723.968639504,47.5,HFET
367553:8775,97:97,05/15/23 23:04:56,STABLE BEAMS,6800,360211.041851502,350805.643683879,43.9,HFET
367553:8775,98:98,05/15/23 23:05:19,STABLE BEAMS,6800,326767.540347689,319637.607560139,37.9,HFET
367553:8775,99:99,05/15/23 23:05:43,STABLE BEAMS,6800,375218.220699147,359953.122067708,48.9,HFET
367553:8775,100:100,05/15/23 23:06:06,STABLE BEAMS,6800,348211.659818776,257741.001774825,40.6,HFET
367553:8775,101:101,05/15/23 23:06:29,STABLE BEAMS,6800,394886.690528226,381461.343850122,51.0,HFET
367553:8775,102:102,05/15/23 23:06:52,STABLE BEAMS,6800,394642.838799592,381073.347588113,51.0,HFET
367553:8775,103:103,05/15/23 23:07:16,STABLE BEAMS,6800,394342.850052834,375342.970664347,51.0,HFET
367553:8775,104:104,05/15/23 23:07:39,STABLE BEAMS,6800,394100.634740890,380485.570956354,51.0,HFET
367553:8775,105:105,05/15/23 23:08:03,STABLE BEAMS,6800,393854.006698470,375191.860870190,50.9,HFET
367553:8775,106:106,05/15/23 23:08:26,STABLE BEAMS,6800,393644.846071228,380238.052442175,50.9,HFET
367553:8775,107:107,05/15/23 23:08:49,STABLE BEAMS,6800,393428.083798936,376279.795908467,50.9,HFET
367553:8775,108:108,05/15/23 23:09:12,STABLE BEAMS,6800,393188.600510297,380347.275097445,50.8,HFET
367553:8775,109:109,05/15/23 23:09:36,STABLE BEAMS,6800,395186.499781986,376629.070635385,50.8,HFET
367553:8775,110:110,05/15/23 23:09:59,STABLE BEAMS,6800,407387.279952529,386352.670261443,51.8,HFET
367553:8775,111:111,05/15/23 23:10:22,STABLE BEAMS,6800,411513.378757601,297190.259759713,53.2,HFET
367553:8775,112:112,05/15/23 23:10:46,STABLE BEAMS,6800,411174.141652145,394444.606265572,53.2,HFET
367553:8775,113:113,05/15/23 23:11:09,STABLE BEAMS,6800,410877.295198403,393166.338716298,53.1,HFET
367553:8775,114:114,05/15/23 23:11:32,STABLE BEAMS,6800,410542.202749463,398462.027887604,53.1,HFET
367553:8775,115:115,05/15/23 23:11:55,STABLE BEAMS,6800,410220.949910049,392527.112864083,53.0,HFET
367553:8775,116:116,05/15/23 23:12:19,STABLE BEAMS,6800,409926.196764267,390477.813324574,53.0,HFET
367553:8775,117:117,05/15/23 23:12:42,STABLE BEAMS,6800,409647.285623932,397834.322222399,53.0,HFET
367553:8775,118:118,05/15/23 23:13:05,STABLE BEAMS,6800,412772.433562777,400583.355403320,52.9,HFET
367553:8775,119:119,05/15/23 23:13:29,STABLE BEAMS,6800,426362.662043305,407013.076678488,54.3,HFET
367553:8775,120:120,05/15/23 23:13:52,STABLE BEAMS,6800,429661.547549538,414453.359854087,55.6,HFET
367553:8775,121:121,05/15/23 23:14:15,STABLE BEAMS,6800,429327.639288174,414849.552186013,55.5,HFET
367553:8775,122:122,05/15/23 23:14:39,STABLE BEAMS,6800,429010.440193238,307760.492894643,55.5,HFET
367553:8775,123:123,05/15/23 23:15:02,STABLE BEAMS,6800,428706.215877925,414015.462207351,55.4,HFET
367553:8775,124:124,05/15/23 23:15:25,STABLE BEAMS,6800,428384.464187839,407296.813150088,55.4,HFET
367553:8775,125:125,05/15/23 23:15:49,STABLE BEAMS,6800,428007.710714569,413077.294262358,55.3,HFET
367553:8775,126:126,05/15/23 23:16:12,STABLE BEAMS,6800,427636.059970835,413701.358783874,55.3,HFET
367553:8775,127:127,05/15/23 23:16:35,STABLE BEAMS,6800,432619.832269739,417816.848853397,55.3,HFET
367553:8775,128:128,05/15/23 23:16:59,STABLE BEAMS,6800,448220.888180022,425090.585836948,57.1,HFET
367553:8775,129:129,05/15/23 23:17:22,STABLE BEAMS,6800,450123.721432562,431743.309679961,58.2,HFET
367553:8775,130:130,05/15/23 23:17:45,STABLE BEAMS,6800,449802.743660341,431455.430882923,58.2,HFET
367553:8775,131:131,05/15/23 23:18:08,STABLE BEAMS,6800,449439.925370791,435957.688736399,58.1,HFET
367553:8775,132:132,05/15/23 23:18:32,STABLE BEAMS,6800,448951.445664581,435624.053211150,58.1,HFET
367553:8775,133:133,05/15/23 23:18:55,STABLE BEAMS,6800,448492.558992382,435082.124219640,58.0,HFET
367553:8775,134:134,05/15/23 23:19:18,STABLE BEAMS,6800,448043.234401753,434681.241758969,57.9,HFET
367553:8775,135:135,05/15/23 23:19:42,STABLE BEAMS,6800,447508.135468507,434289.329286078,57.9,HFET
367553:8775,136:136,05/15/23 23:20:05,STABLE BEAMS,6800,446772.524207049,433485.107408622,57.8,HFET
367553:8775,137:137,05/15/23 23:20:28,STABLE BEAMS,6800,446328.754575069,433195.408039740,57.7,HFET
367553:8775,138:138,05/15/23 23:20:52,STABLE BEAMS,6800,446964.929046305,433735.106189694,57.6,HFET
367553:8775,139:139,05/15/23 23:21:15,STABLE BEAMS,6800,459879.739359055,444743.348863099,58.4,HFET
367553:8775,140:140,05/15/23 23:21:38,STABLE BEAMS,6800,465617.195766420,449550.285592079,60.2,HFET
367553:8775,141:141,05/15/23 23:22:02,STABLE BEAMS,6800,465420.737182686,440719.234716400,60.2,HFET
367553:8775,142:142,05/15/23 23:22:25,STABLE BEAMS,6800,465229.516531006,449469.017223054,60.2,HFET
367553:8775,143:143,05/15/23 23:22:48,STABLE BEAMS,6800,464943.276481736,366470.463899193,60.1,HFET
367553:8775,144:144,05/15/23 23:23:12,STABLE BEAMS,6800,465805.274125083,449148.584923063,60.1,HFET
367553:8775,145:145,05/15/23 23:23:35,STABLE BEAMS,6800,465755.239868916,449174.035631637,60.2,HFET
367553:8775,146:146,05/15/23 23:23:58,STABLE BEAMS,6800,466164.588804541,449794.412387906,60.3,HFET
367553:8775,147:147,05/15/23 23:24:21,STABLE BEAMS,6800,466049.764569064,449755.849366113,60.2,HFET
367553:8775,148:148,05/15/23 23:24:45,STABLE BEAMS,6800,466096.749775330,449705.859400426,60.3,HFET
367553:8775,149:149,05/15/23 23:25:08,STABLE BEAMS,6800,465938.355362718,449471.203774130,60.2,HFET
367553:8775,150:150,05/15/23 23:25:31,STABLE BEAMS,6800,465672.831602795,449479.716870641,60.2,HFET
367553:8775,151:151,05/15/23 23:25:55,STABLE BEAMS,6800,465079.590924425,449155.233157250,60.2,HFET
367553:8775,152:152,05/15/23 23:26:18,STABLE BEAMS,6800,464589.791828120,448814.539128103,60.1,HFET
367553:8775,153:153,05/15/23 23:26:41,STABLE BEAMS,6800,464158.586706052,403001.256636664,60.0,HFET
367553:8775,154:154,05/15/23 23:27:05,STABLE BEAMS,6800,463826.317192455,400596.101737309,60.0,HFET
367553:8775,155:155,05/15/23 23:27:28,STABLE BEAMS,6800,462710.222733078,441787.977990279,59.9,HFET
367553:8775,156:156,05/15/23 23:27:51,STABLE BEAMS,6800,462323.135591452,432990.709095609,59.8,HFET
367553:8775,157:157,05/15/23 23:28:15,STABLE BEAMS,6800,463262.259278387,442435.490824449,59.8,HFET
367553:8775,158:158,05/15/23 23:28:38,STABLE BEAMS,6800,462997.828794002,433908.752845043,59.9,HFET
367553:8775,159:159,05/15/23 23:29:01,STABLE BEAMS,6800,462793.220761910,441707.938099310,59.8,HFET
367553:8775,160:160,05/15/23 23:29:25,STABLE BEAMS,6800,462709.266991137,438500.384225422,59.8,HFET
367553:8775,161:161,05/15/23 23:29:48,STABLE BEAMS,6800,462324.548224663,446707.372910663,59.8,HFET
367553:8775,162:162,05/15/23 23:30:11,STABLE BEAMS,6800,461946.475361299,441304.279324853,59.7,HFET
367553:8775,163:163,05/15/23 23:30:34,STABLE BEAMS,6800,461277.612184592,440715.957220865,59.7,HFET
367553:8775,164:164,05/15/23 23:30:58,STABLE BEAMS,6800,461359.607849923,437580.839261817,59.6,HFET
367553:8775,165:165,05/15/23 23:31:21,STABLE BEAMS,6800,461524.333470127,437666.114753762,59.7,HFET
367553:8775,166:166,05/15/23 23:31:44,STABLE BEAMS,6800,461087.391565333,352022.517634352,59.6,HFET
367553:8775,167:167,05/15/23 23:32:08,STABLE BEAMS,6800,460459.184718379,445509.781636626,59.6,HFET
367553:8775,168:168,05/15/23 23:32:31,STABLE BEAMS,6800,460373.408044684,445259.918058073,59.5,HFET
367553:8775,169:169,05/15/23 23:32:54,STABLE BEAMS,6800,460051.155172848,438092.855861641,59.5,HFET
367553:8775,170:170,05/15/23 23:33:18,STABLE BEAMS,6800,459275.025115234,444555.997800742,59.5,HFET
367553:8775,171:171,05/15/23 23:33:41,STABLE BEAMS,6800,458570.191075364,438780.388641295,59.3,HFET
367553:8775,172:172,05/15/23 23:34:04,STABLE BEAMS,6800,458778.214136588,256820.384515384,59.2,HFET
367553:8775,173:173,05/15/23 23:34:27,STABLE BEAMS,6800,458464.975543014,443946.183158464,59.3,HFET
367553:8775,174:174,05/15/23 23:34:51,STABLE BEAMS,6800,457724.993510483,443146.469585678,59.2,HFET
367553:8775,175:175,05/15/23 23:35:14,STABLE BEAMS,6800,457558.769007185,442520.901518912,59.1,HFET
367553:8775,176:176,05/15/23 23:35:37,STABLE BEAMS,6800,458306.352684767,443679.566123003,59.2,HFET
367553:8775,177:177,05/15/23 23:36:01,STABLE BEAMS,6800,457821.059562053,443188.673751160,59.2,HFET
367553:8775,178:178,05/15/23 23:36:24,STABLE BEAMS,6800,457742.567506814,443251.503293951,59.2,HFET
367553:8775,179:179,05/15/23 23:36:47,STABLE BEAMS,6800,457201.093075495,437682.185204844,59.1,HFET
367553:8775,180:180,05/15/23 23:37:11,STABLE BEAMS,6800,456396.143901733,435754.220601403,59.1,HFET
367553:8775,181:181,05/15/23 23:37:34,STABLE BEAMS,6800,456179.654365556,441826.587633631,58.9,HFET
367553:8775,182:182,05/15/23 23:37:57,STABLE BEAMS,6800,456398.738391442,441979.473709152,59.0,HFET
367553:8775,183:183,05/15/23 23:38:21,STABLE BEAMS,6800,455922.142520394,441504.789321987,59.0,HFET
367553:8775,184:184,05/15/23 23:38:44,STABLE BEAMS,6800,455336.321662999,441161.228067016,58.9,HFET
367553:8775,185:185,05/15/23 23:39:07,STABLE BEAMS,6800,455415.725169700,436202.088268341,58.8,HFET
367553:8775,186:186,05/15/23 23:39:31,STABLE BEAMS,6800,455364.094125167,441283.609657064,58.9,HFET
367553:8775,187:187,05/15/23 23:39:54,STABLE BEAMS,6800,455073.756040938,440873.622006093,58.8,HFET
367553:8775,188:188,05/15/23 23:40:17,STABLE BEAMS,6800,455023.493339136,440764.900532572,58.8,HFET
367553:8775,189:189,05/15/23 23:40:40,STABLE BEAMS,6800,454721.910135090,440630.816931438,58.8,HFET
367553:8775,190:190,05/15/23 23:41:04,STABLE BEAMS,6800,454517.166900479,440565.437189418,58.8,HFET
367553:8775,191:191,05/15/23 23:41:27,STABLE BEAMS,6800,453757.426651620,433727.912483277,58.7,HFET
367553:8775,192:192,05/15/23 23:41:51,STABLE BEAMS,6800,453616.515323300,439794.223375106,58.6,HFET
367553:8775,193:193,05/15/23 23:42:14,STABLE BEAMS,6800,453652.346321788,439596.764758951,58.7,HFET
367553:8775,194:194,05/15/23 23:42:37,STABLE BEAMS,6800,453280.784159014,439359.696467022,58.6,HFET
367553:8775,195:195,05/15/23 23:43:00,STABLE BEAMS,6800,452391.286789613,438624.406894315,58.5,HFET
367553:8775,196:196,05/15/23 23:43:24,STABLE BEAMS,6800,452533.109569394,438766.546700691,58.5,HFET
367553:8775,197:197,05/15/23 23:43:47,STABLE BEAMS,6800,452718.912796021,438955.354686739,58.5,HFET
367553:8775,198:198,05/15/23 23:44:10,STABLE BEAMS,6800,452376.444816588,348534.777520514,58.5,HFET
367553:8775,199:199,05/15/23 23:44:34,STABLE BEAMS,6800,451980.844578450,341038.699995243,58.4,HFET
367553:8775,200:200,05/15/23 23:44:57,STABLE BEAMS,6800,451815.256459421,438326.737570073,58.4,HFET
367553:8775,201:201,05/15/23 23:45:20,STABLE BEAMS,6800,451547.546148423,438029.252400985,58.4,HFET
367553:8775,202:202,05/15/23 23:45:44,STABLE BEAMS,6800,451277.604995868,437749.432140267,58.3,HFET
367553:8775,203:203,05/15/23 23:46:07,STABLE BEAMS,6800,450900.944765714,437366.944215349,58.3,HFET
367553:8775,204:204,05/15/23 23:46:30,STABLE BEAMS,6800,450589.209717389,437158.284769857,58.3,HFET
367553:8775,205:205,05/15/23 23:46:53,STABLE BEAMS,6800,450291.496102667,436944.163608831,58.2,HFET
367553:8775,206:206,05/15/23 23:47:17,STABLE BEAMS,6800,449996.241775135,435277.624730355,58.2,HFET
367553:8775,207:207,05/15/23 23:47:40,STABLE BEAMS,6800,449658.871863081,432428.427462905,58.2,HFET
367553:8775,208:208,05/15/23 23:48:03,STABLE BEAMS,6800,458443.030775610,443630.396696739,58.2,HFET
367553:8775,209:209,05/15/23 23:48:27,STABLE BEAMS,6800,470956.229000304,452698.471573866,60.6,HFET
367553:8775,210:210,05/15/23 23:48:50,STABLE BEAMS,6800,471192.660907965,452789.483848537,60.9,HFET
367553:8775,211:211,05/15/23 23:49:13,STABLE BEAMS,6800,471127.190253906,453083.234630820,61.0,HFET
367553:8775,212:212,05/15/23 23:49:37,STABLE BEAMS,6800,469606.434656572,451797.544929494,60.8,HFET
367553:8775,213:213,05/15/23 23:50:00,STABLE BEAMS,6800,467643.366350950,450776.742603823,60.5,HFET
367553:8775,214:214,05/15/23 23:50:23,STABLE BEAMS,6800,467318.836016000,450606.191619932,60.4,HFET
367553:8775,215:215,05/15/23 23:50:47,STABLE BEAMS,6800,467001.546009026,450359.698780031,60.4,HFET
367553:8775,216:216,05/15/23 23:51:10,STABLE BEAMS,6800,466225.143215296,449791.908810236,60.3,HFET
367553:8775,217:217,05/15/23 23:51:33,STABLE BEAMS,6800,464811.288519639,448766.735713491,60.1,HFET
367553:8775,218:218,05/15/23 23:51:56,STABLE BEAMS,6800,465219.546510804,448887.704670328,60.0,HFET
367553:8775,219:219,05/15/23 23:52:20,STABLE BEAMS,6800,466541.750216444,449970.061439176,60.3,HFET
367553:8775,220:220,05/15/23 23:52:43,STABLE BEAMS,6800,466325.260680267,449760.311049224,60.3,HFET
367553:8775,221:221,05/15/23 23:53:06,STABLE BEAMS,6800,466326.899428035,449706.313960617,60.3,HFET
367553:8775,222:222,05/15/23 23:53:30,STABLE BEAMS,6800,466059.053914518,449439.741215637,60.2,HFET
367553:8775,223:223,05/15/23 23:53:53,STABLE BEAMS,6800,465841.834750956,449602.916669034,60.2,HFET
367553:8775,224:224,05/15/23 23:54:16,STABLE BEAMS,6800,465493.583367239,449083.433626677,60.2,HFET
367553:8775,225:225,05/15/23 23:54:40,STABLE BEAMS,6800,465178.752647455,448983.861633937,60.1,HFET
367553:8775,226:226,05/15/23 23:55:03,STABLE BEAMS,6800,464306.146268558,448204.726816902,60.1,HFET
367553:8775,227:227,05/15/23 23:55:26,STABLE BEAMS,6800,463668.057982362,447896.542000227,60.0,HFET
367553:8775,228:228,05/15/23 23:55:50,STABLE BEAMS,6800,464504.469714617,448455.089246127,60.1,HFET
367553:8775,229:229,05/15/23 23:56:13,STABLE BEAMS,6800,464111.965147938,448299.881417011,60.0,HFET
367553:8775,230:230,05/15/23 23:56:36,STABLE BEAMS,6800,463777.010232595,447995.293453545,60.0,HFET
367553:8775,231:231,05/15/23 23:57:00,STABLE BEAMS,6800,463283.476749484,447523.203556089,59.9,HFET
367553:8775,232:232,05/15/23 23:57:23,STABLE BEAMS,6800,463234.806173892,447706.368002527,59.9,HFET
367553:8775,233:233,05/15/23 23:57:46,STABLE BEAMS,6800,463147.208928353,447540.369613786,59.9,HFET
367553:8775,234:234,05/15/23 23:58:09,STABLE BEAMS,6800,463166.193226817,447592.637042587,59.9,HFET
367553:8775,235:235,05/15/23 23:58:33,STABLE BEAMS,6800,463066.439409999,447380.791013598,59.8,HFET
367553:8775,236:236,05/15/23 23:58:56,STABLE BEAMS,6800,462954.939291615,447304.665002433,59.9,HFET
367553:8775,237:237,05/15/23 23:59:19,STABLE BEAMS,6800,462669.428869729,447301.935310205,59.8,HFET
367553:8775,238:238,05/15/23 23:59:43,STABLE BEAMS,6800,462483.579021544,447321.010520707,59.8,HFET
367553:8775,239:239,05/16/23 00:00:06,STABLE BEAMS,6800,462103.049202067,446655.788487689,59.8,HFET
367553:8775,240:240,05/16/23 00:00:29,STABLE BEAMS,6800,461748.242827279,446507.228892760,59.7,HFET
367553:8775,241:241,05/16/23 00:00:53,STABLE BEAMS,6800,460809.300964421,439402.129078139,59.7,HFET
367553:8775,242:242,05/16/23 00:01:16,STABLE BEAMS,6800,460261.817014261,430170.333275385,59.5,HFET
367553:8775,243:243,05/16/23 00:01:39,STABLE BEAMS,6800,458146.091078752,438958.133331602,59.2,HFET
367553:8775,244:244,05/16/23 00:02:03,STABLE BEAMS,6800,458129.745560478,427130.735895678,59.2,HFET
367553:8775,245:245,05/16/23 00:02:26,STABLE BEAMS,6800,459117.812559120,436248.982562569,59.4,HFET
367553:8775,246:246,05/16/23 00:02:49,STABLE BEAMS,6800,458602.334308606,444446.500078279,59.3,HFET
367553:8775,247:247,05/16/23 00:03:13,STABLE BEAMS,6800,458327.159886153,437895.397245486,59.2,HFET
367553:8775,248:248,05/16/23 00:03:36,STABLE BEAMS,6800,458382.476364855,438711.139309951,59.2,HFET
367553:8775,249:249,05/16/23 00:03:59,STABLE BEAMS,6800,459272.656740082,445133.303230549,59.4,HFET
367553:8775,250:250,05/16/23 00:04:22,STABLE BEAMS,6800,459180.642101911,436213.743657869,59.3,HFET
367553:8775,251:251,05/16/23 00:04:46,STABLE BEAMS,6800,459384.429594581,445179.013337201,59.4,HFET
367553:8775,252:252,05/16/23 00:05:09,STABLE BEAMS,6800,459173.996198802,436283.037279693,59.4,HFET
367553:8775,253:253,05/16/23 00:05:32,STABLE BEAMS,6800,458983.139195276,444571.294333959,59.3,HFET
367553:8775,254:254,05/16/23 00:05:56,STABLE BEAMS,6800,458448.767558336,437793.321675075,59.3,HFET
367553:8775,255:255,05/16/23 00:06:19,STABLE BEAMS,6800,458228.816371469,443203.152076032,59.2,HFET
367553:8775,256:256,05/16/23 00:06:42,STABLE BEAMS,6800,458188.567980349,337565.349625316,59.2,HFET
367553:8775,257:257,05/16/23 00:07:06,STABLE BEAMS,6800,458049.432933394,430562.017302641,59.2,HFET
367553:8775,258:258,05/16/23 00:07:29,STABLE BEAMS,6800,457115.181199282,442315.249163918,59.2,HFET
367553:8775,259:259,05/16/23 00:07:52,STABLE BEAMS,6800,456571.065656697,442613.188893198,59.0,HFET
367553:8775,260:260,05/16/23 00:08:16,STABLE BEAMS,6800,456456.695981411,442458.118597679,59.1,HFET
367553:8775,261:261,05/16/23 00:08:39,STABLE BEAMS,6800,456039.423711984,441593.342309468,59.0,HFET
367553:8775,262:262,05/16/23 00:09:02,STABLE BEAMS,6800,455071.434287344,441255.245101108,58.8,HFET
367553:8775,263:263,05/16/23 00:09:26,STABLE BEAMS,6800,454714.170956443,440927.483892181,58.8,HFET
367553:8775,264:264,05/16/23 00:09:49,STABLE BEAMS,6800,455251.001880573,435395.407103695,58.9,HFET
367553:8775,265:265,05/16/23 00:10:12,STABLE BEAMS,6800,454928.201205430,440985.031212438,58.8,HFET
367553:8775,266:266,05/16/23 00:10:35,STABLE BEAMS,6800,454714.487983038,440778.514027541,58.8,HFET
367553:8775,267:267,05/16/23 00:10:59,STABLE BEAMS,6800,454368.833420108,440662.824962161,58.7,HFET
367553:8775,268:268,05/16/23 00:11:22,STABLE BEAMS,6800,454018.488728431,440420.929007890,58.7,HFET
367553:8775,269:269,05/16/23 00:11:45,STABLE BEAMS,6800,453722.961664784,435051.300376494,58.7,HFET
367553:8775,270:270,05/16/23 00:12:09,STABLE BEAMS,6800,453500.325076170,439906.590654471,58.6,HFET
367553:8775,271:271,05/16/23 00:12:32,STABLE BEAMS,6800,452873.073971157,439319.040137270,58.6,HFET
367553:8775,272:272,05/16/23 00:12:55,STABLE BEAMS,6800,452372.437693668,438995.055274550,58.5,HFET
367553:8775,273:273,05/16/23 00:13:19,STABLE BEAMS,6800,452085.241902456,438729.895162780,58.4,HFET
367553:8775,274:274,05/16/23 00:13:42,STABLE BEAMS,6800,451690.280379665,438351.778008936,58.4,HFET
367553:8775,275:275,05/16/23 00:14:05,STABLE BEAMS,6800,451377.132698129,438042.910186435,58.4,HFET
367553:8775,276:276,05/16/23 00:14:29,STABLE BEAMS,6800,450973.746659786,437756.625846684,58.3,HFET
367553:8775,277:277,05/16/23 00:14:52,STABLE BEAMS,6800,450708.267190344,437473.071199160,58.3,HFET
367553:8775,278:278,05/16/23 00:15:15,STABLE BEAMS,6800,450350.365144097,437203.223289722,58.2,HFET
367553:8775,279:279,05/16/23 00:15:38,STABLE BEAMS,6800,450654.316723295,437440.382493689,58.2,HFET
367553:8775,280:280,05/16/23 00:16:02,STABLE BEAMS,6800,463766.674233161,448631.332722262,58.8,HFET
367553:8775,281:281,05/16/23 00:16:25,STABLE BEAMS,6800,472008.218817276,455398.332997445,61.0,HFET
367553:8775,282:282,05/16/23 00:16:48,STABLE BEAMS,6800,471721.978768005,455123.748337703,61.0,HFET
367553:8775,283:283,05/16/23 00:17:12,STABLE BEAMS,6800,471397.721169171,454914.270683866,60.9,HFET
367553:8775,284:284,05/16/23 00:17:35,STABLE BEAMS,6800,470581.116605880,454353.853913486,60.9,HFET
367553:8775,285:285,05/16/23 00:17:58,STABLE BEAMS,6800,468852.659636073,452968.137659228,60.6,HFET
367553:8775,286:286,05/16/23 00:18:22,STABLE BEAMS,6800,468995.482448276,453191.366341630,60.6,HFET
367553:8775,287:287,05/16/23 00:18:45,STABLE BEAMS,6800,469170.723560912,453270.084511427,60.7,HFET
367553:8775,288:288,05/16/23 00:19:08,STABLE BEAMS,6800,468369.825800550,452629.539269118,60.6,HFET
367553:8775,289:289,05/16/23 00:19:32,STABLE BEAMS,6800,467593.420675743,452102.088602480,60.4,HFET
367553:8775,290:290,05/16/23 00:19:55,STABLE BEAMS,6800,468448.590591905,452644.656309336,60.4,HFET
367553:8775,291:291,05/16/23 00:20:18,STABLE BEAMS,6800,468951.730447064,453073.628258771,60.6,HFET
367553:8775,292:292,05/16/23 00:20:41,STABLE BEAMS,6800,469377.651015520,453385.911110404,60.6,HFET
367553:8775,293:293,05/16/23 00:21:05,STABLE BEAMS,6800,469418.081230716,453565.977554305,60.7,HFET
367553:8775,294:294,05/16/23 00:21:28,STABLE BEAMS,6800,469787.776200088,453561.196513520,60.6,HFET
367553:8775,295:295,05/16/23 00:21:51,STABLE BEAMS,6800,469436.475766470,453319.347180807,60.7,HFET
367553:8775,296:296,05/16/23 00:22:15,STABLE BEAMS,6800,469759.775292285,453541.209851557,60.7,HFET
367553:8775,297:297,05/16/23 00:22:38,STABLE BEAMS,6800,469408.612392264,453283.562803877,60.7,HFET
367553:8775,298:298,05/16/23 00:23:01,STABLE BEAMS,6800,469491.566130615,453218.227352337,60.7,HFET
367553:8775,299:299,05/16/23 00:23:25,STABLE BEAMS,6800,469245.844877500,452909.587975471,60.7,HFET
367553:8775,300:300,05/16/23 00:23:48,STABLE BEAMS,6800,469072.107310113,452970.142386227,60.6,HFET
367553:8775,301:301,05/16/23 00:24:11,STABLE BEAMS,6800,468741.476544284,452648.707722736,60.6,HFET
367553:8775,302:302,05/16/23 00:24:35,STABLE BEAMS,6800,468368.594991416,452374.577623185,60.6,HFET
367553:8775,303:303,05/16/23 00:24:58,STABLE BEAMS,6800,468269.981071694,452414.324832555,60.5,HFET
367553:8775,304:304,05/16/23 00:25:21,STABLE BEAMS,6800,468272.074379654,452235.577778748,60.5,HFET
367553:8775,305:305,05/16/23 00:25:45,STABLE BEAMS,6800,467969.717257743,451929.623803629,60.5,HFET
367553:8775,306:306,05/16/23 00:26:08,STABLE BEAMS,6800,467739.159666405,451767.087065578,60.5,HFET
367553:8775,307:307,05/16/23 00:26:31,STABLE BEAMS,6800,466927.287191263,450561.255431145,60.4,HFET
367553:8775,308:308,05/16/23 00:26:54,STABLE BEAMS,6800,466702.102734498,451221.743044937,60.3,HFET
367553:8775,309:309,05/16/23 00:27:18,STABLE BEAMS,6800,466051.494228870,444149.014909192,60.3,HFET
367553:8775,310:310,05/16/23 00:27:41,STABLE BEAMS,6800,465475.645722754,434817.919849812,60.2,HFET
367553:8775,311:311,05/16/23 00:28:04,STABLE BEAMS,6800,464118.338314932,443906.072300941,60.0,HFET
367553:8775,312:312,05/16/23 00:28:28,STABLE BEAMS,6800,463870.661287455,432216.355319359,60.0,HFET
367553:8775,313:313,05/16/23 00:28:51,STABLE BEAMS,6800,463489.131435556,448364.578153205,60.0,HFET
367553:8775,314:314,05/16/23 00:29:14,STABLE BEAMS,6800,462566.169111742,434079.623186606,59.9,HFET
367553:8775,315:315,05/16/23 00:29:38,STABLE BEAMS,6800,461373.267966451,441610.233299972,59.6,HFET
367553:8775,316:316,05/16/23 00:30:01,STABLE BEAMS,6800,462153.950619215,447351.652539777,59.6,HFET
367553:8775,317:317,05/16/23 00:30:24,STABLE BEAMS,6800,463220.782409212,447649.774093133,59.9,HFET
367553:8775,318:318,05/16/23 00:30:48,STABLE BEAMS,6800,463224.607708055,443371.155191771,59.9,HFET
367553:8775,319:319,05/16/23 00:31:11,STABLE BEAMS,6800,463217.003731926,442883.493693905,59.9,HFET
367553:8775,320:320,05/16/23 00:31:34,STABLE BEAMS,6800,462995.961600599,440178.851229542,59.9,HFET
367553:8775,321:321,05/16/23 00:31:58,STABLE BEAMS,6800,462555.243349598,346187.468319388,59.8,HFET
367553:8775,322:322,05/16/23 00:32:21,STABLE BEAMS,6800,462854.504800050,446660.205880320,59.8,HFET
367553:8775,323:323,05/16/23 00:32:44,STABLE BEAMS,6800,462867.388667634,440040.944660642,59.8,HFET
367553:8775,324:324,05/16/23 00:33:07,STABLE BEAMS,6800,462683.860573043,447591.543767050,59.8,HFET
367553:8775,325:325,05/16/23 00:33:31,STABLE BEAMS,6800,462452.666597437,447450.084635422,59.8,HFET
367553:8775,326:326,05/16/23 00:33:54,STABLE BEAMS,6800,461396.578745507,336575.711480166,59.7,HFET
367553:8775,327:327,05/16/23 00:34:17,STABLE BEAMS,6800,461119.672332171,446488.242263219,59.6,HFET
367553:8775,328:328,05/16/23 00:34:41,STABLE BEAMS,6800,461881.324064913,447137.027865924,59.7,HFET
367553:8775,329:329,05/16/23 00:35:04,STABLE BEAMS,6800,461677.627484282,446879.972912032,59.7,HFET
367553:8775,330:330,05/16/23 00:35:27,STABLE BEAMS,6800,461369.079019454,441576.451318963,59.7,HFET
367553:8775,331:331,05/16/23 00:35:51,STABLE BEAMS,6800,461051.150297134,446596.693331702,59.6,HFET
367553:8775,332:332,05/16/23 00:36:14,STABLE BEAMS,6800,460656.643334534,446300.161573478,59.5,HFET
367553:8775,333:333,05/16/23 00:36:37,STABLE BEAMS,6800,460454.951480902,446146.776647285,59.6,HFET
367553:8775,334:334,05/16/23 00:37:01,STABLE BEAMS,6800,459406.784631696,445135.534072104,59.4,HFET
367553:8775,335:335,05/16/23 00:37:24,STABLE BEAMS,6800,459216.246985842,439914.966217386,59.3,HFET
367553:8775,336:336,05/16/23 00:37:47,STABLE BEAMS,6800,459537.180467583,444973.132536572,59.4,HFET
367553:8775,337:337,05/16/23 00:38:11,STABLE BEAMS,6800,458983.048283237,444886.400120936,59.4,HFET
367553:8775,338:338,05/16/23 00:38:34,STABLE BEAMS,6800,458644.086244974,444487.158739110,59.3,HFET
367553:8775,339:339,05/16/23 00:38:57,STABLE BEAMS,6800,458809.809566522,444171.915418537,59.3,HFET
367553:8775,340:340,05/16/23 00:39:20,STABLE BEAMS,6800,458744.658270136,444529.544728669,59.3,HFET
367553:8775,341:341,05/16/23 00:39:44,STABLE BEAMS,6800,458297.382696986,444354.303616032,59.3,HFET
367553:8775,342:342,05/16/23 00:40:07,STABLE BEAMS,6800,457906.654411672,443908.212230458,59.2,HFET
367553:8775,343:343,05/16/23 00:40:30,STABLE BEAMS,6800,457899.507326813,443724.821669464,59.1,HFET
367553:8775,344:344,05/16/23 00:40:54,STABLE BEAMS,6800,457616.134503366,443765.706444851,59.2,HFET
367553:8775,345:345,05/16/23 00:41:17,STABLE BEAMS,6800,457243.935956324,443314.244255782,59.1,HFET
367553:8775,346:346,05/16/23 00:41:40,STABLE BEAMS,6800,457007.504048663,443016.574931540,59.1,HFET
367553:8775,347:347,05/16/23 00:42:04,STABLE BEAMS,6800,456590.278400795,442776.774616306,59.1,HFET
367553:8775,348:348,05/16/23 00:42:27,STABLE BEAMS,6800,456173.187955445,442337.967849187,59.0,HFET
367553:8775,349:349,05/16/23 00:42:50,STABLE BEAMS,6800,455075.306207745,441416.054510430,58.8,HFET
367553:8775,350:350,05/16/23 00:43:14,STABLE BEAMS,6800,455052.086340727,441341.842314225,58.8,HFET
367553:8775,351:351,05/16/23 00:43:37,STABLE BEAMS,6800,455451.509546630,441808.057895359,58.9,HFET
367553:8775,352:352,05/16/23 00:44:00,STABLE BEAMS,6800,455065.424768503,441443.507614925,58.8,HFET
367553:8775,353:353,05/16/23 00:44:23,STABLE BEAMS,6800,454601.123002330,441241.496403620,58.8,HFET
367553:8775,354:354,05/16/23 00:44:47,STABLE BEAMS,6800,454571.893616471,441112.967761135,58.7,HFET
367553:8775,355:355,05/16/23 00:45:10,STABLE BEAMS,6800,454783.511199825,441295.129844073,58.8,HFET
367553:8775,356:356,05/16/23 00:45:33,STABLE BEAMS,6800,454570.618516856,441091.160527327,58.8,HFET
367553:8775,357:357,05/16/23 00:45:57,STABLE BEAMS,6800,454231.518944997,440717.094786883,58.7,HFET
367553:8775,358:358,05/16/23 00:46:20,STABLE BEAMS,6800,454098.027437651,439936.593958195,58.7,HFET
367553:8775,359:359,05/16/23 00:46:43,STABLE BEAMS,6800,453636.548606821,440088.067400506,58.7,HFET
367553:8775,360:360,05/16/23 00:47:07,STABLE BEAMS,6800,453287.977865431,439657.773729898,58.6,HFET
367553:8775,361:361,05/16/23 00:47:30,STABLE BEAMS,6800,452955.298082123,439492.276522907,58.6,HFET
367553:8775,362:362,05/16/23 00:47:53,STABLE BEAMS,6800,452348.628063939,439038.217513052,58.6,HFET
367553:8775,363:363,05/16/23 00:48:17,STABLE BEAMS,6800,451930.626167129,438738.774238523,58.4,HFET
367553:8775,364:364,05/16/23 00:48:40,STABLE BEAMS,6800,450684.865499248,437581.021085894,58.4,HFET
367553:8775,365:365,05/16/23 00:49:03,STABLE BEAMS,6800,450339.120024280,437361.254054181,58.2,HFET
367553:8775,366:366,05/16/23 00:49:27,STABLE BEAMS,6800,450536.396816359,437567.817860636,58.3,HFET
367553:8775,367:367,05/16/23 00:49:50,STABLE BEAMS,6800,450124.996532177,437174.448464054,58.2,HFET
367553:8775,368:368,05/16/23 00:50:13,STABLE BEAMS,6800,449866.121006441,436919.850466275,58.2,HFET
367553:8775,369:369,05/16/23 00:50:36,STABLE BEAMS,6800,449293.957934494,436461.238861270,58.1,HFET
367553:8775,370:370,05/16/23 00:51:00,STABLE BEAMS,6800,449142.302668107,430164.277134986,58.1,HFET
367553:8775,371:371,05/16/23 00:51:23,STABLE BEAMS,6800,448821.823746558,435942.618317739,58.1,HFET
367553:8775,372:372,05/16/23 00:51:46,STABLE BEAMS,6800,457983.733833700,443835.867227656,58.0,HFET
367553:8775,373:373,05/16/23 00:52:10,STABLE BEAMS,6800,469329.255507121,453475.147103711,60.5,HFET
367553:8775,374:374,05/16/23 00:52:33,STABLE BEAMS,6800,469293.606332710,453270.814138811,60.7,HFET
367553:8775,375:375,05/16/23 00:52:56,STABLE BEAMS,6800,469063.321477486,453062.837699145,60.6,HFET
367553:8775,376:376,05/16/23 00:53:20,STABLE BEAMS,6800,468735.830673597,452840.338644127,60.6,HFET
367553:8775,377:377,05/16/23 00:53:43,STABLE BEAMS,6800,467527.448839934,451870.074087451,60.4,HFET
367553:8775,378:378,05/16/23 00:54:06,STABLE BEAMS,6800,467908.253726604,452272.094114140,60.4,HFET
367553:8775,379:379,05/16/23 00:54:30,STABLE BEAMS,6800,469068.284342348,453110.505911238,60.6,HFET
367553:8775,380:380,05/16/23 00:54:53,STABLE BEAMS,6800,469064.048773793,453158.631014601,60.6,HFET
367553:8775,381:381,05/16/23 00:55:16,STABLE BEAMS,6800,468956.054596579,452476.016809328,60.6,HFET
367553:8775,382:382,05/16/23 00:55:40,STABLE BEAMS,6800,468379.749199194,452746.230697998,60.6,HFET
367553:8775,383:383,05/16/23 00:56:03,STABLE BEAMS,6800,467567.151758824,452232.482107289,60.5,HFET
367553:8775,384:384,05/16/23 00:56:26,STABLE BEAMS,6800,467800.394751909,452390.603783787,60.4,HFET
367553:8775,385:385,05/16/23 00:56:49,STABLE BEAMS,6800,467708.837005008,452133.367005818,60.5,HFET
367553:8775,386:386,05/16/23 00:57:13,STABLE BEAMS,6800,467508.145183798,451956.668969491,60.4,HFET
367553:8775,387:387,05/16/23 00:57:36,STABLE BEAMS,6800,467273.899827213,451954.118770262,60.4,HFET
367553:8775,388:388,05/16/23 00:57:59,STABLE BEAMS,6800,467657.115048437,452104.046707921,60.4,HFET
367553:8775,389:389,05/16/23 00:58:23,STABLE BEAMS,6800,467609.903727614,435147.137982429,60.5,HFET
367553:8775,390:390,05/16/23 00:58:46,STABLE BEAMS,6800,467367.005409843,431699.238321077,60.4,HFET
367553:8775,391:391,05/16/23 00:59:09,STABLE BEAMS,6800,466914.766971832,442942.453647373,60.4,HFET
367553:8775,392:392,05/16/23 00:59:33,STABLE BEAMS,6800,466528.546991187,444818.563422803,60.3,HFET
367553:8775,393:393,05/16/23 00:59:56,STABLE BEAMS,6800,466003.052098912,445535.733526950,60.3,HFET
367553:8775,394:394,05/16/23 01:00:19,STABLE BEAMS,6800,465571.392416652,438677.264085826,60.2,HFET
367553:8775,395:395,05/16/23 01:00:43,STABLE BEAMS,6800,464940.635370469,443273.221946798,60.2,HFET
367553:8775,396:396,05/16/23 01:01:06,STABLE BEAMS,6800,464205.662824357,449169.893306199,60.0,HFET
367553:8775,397:397,05/16/23 01:01:29,STABLE BEAMS,6800,463819.533755750,443751.321363095,60.0,HFET
367553:8775,398:398,05/16/23 01:01:52,STABLE BEAMS,6800,463338.977383341,448556.710256346,59.9,HFET
367553:8775,399:399,05/16/23 01:02:16,STABLE BEAMS,6800,462299.689609877,447651.960644209,59.9,HFET
367553:8775,400:400,05/16/23 01:02:39,STABLE BEAMS,6800,461654.908799014,446992.610596434,59.7,HFET
367553:8775,401:401,05/16/23 01:03:02,STABLE BEAMS,6800,462360.106487036,440696.287585497,59.7,HFET
367553:8775,402:402,05/16/23 01:03:26,STABLE BEAMS,6800,462657.137095932,447566.729442744,59.8,HFET
367553:8775,403:403,05/16/23 01:03:49,STABLE BEAMS,6800,461946.384449260,447379.425001945,59.8,HFET
367553:8775,404:404,05/16/23 01:04:12,STABLE BEAMS,6800,461721.517019090,440903.671931375,59.7,HFET
367553:8775,405:405,05/16/23 01:04:36,STABLE BEAMS,6800,462976.385208348,448234.319850914,59.7,HFET
367553:8775,406:406,05/16/23 01:04:59,STABLE BEAMS,6800,462945.423831604,448313.996093730,59.8,HFET
367553:8775,407:407,05/16/23 01:05:22,STABLE BEAMS,6800,463179.443073632,448565.451798492,59.9,HFET
367553:8775,408:408,05/16/23 01:05:46,STABLE BEAMS,6800,462914.693231574,448497.794593358,59.8,HFET
367553:8775,409:409,05/16/23 01:06:09,STABLE BEAMS,6800,462612.746379375,448092.042510942,59.8,HFET
367553:8775,410:410,05/16/23 01:06:32,STABLE BEAMS,6800,462314.575873383,447940.841804747,59.8,HFET
367553:8775,411:411,05/16/23 01:06:56,STABLE BEAMS,6800,462065.989725522,447029.080310269,59.7,HFET
367553:8775,412:412,05/16/23 01:07:19,STABLE BEAMS,6800,461666.063006792,447297.154269421,59.7,HFET
367553:8775,413:413,05/16/23 01:07:42,STABLE BEAMS,6800,460978.851915889,446333.945885565,59.6,HFET
367553:8775,414:414,05/16/23 01:08:05,STABLE BEAMS,6800,460784.216235078,446246.120194390,59.6,HFET
367553:8775,415:415,05/16/23 01:08:29,STABLE BEAMS,6800,460552.199388971,445345.923177403,59.5,HFET
367553:8775,416:416,05/16/23 01:08:52,STABLE BEAMS,6800,459974.803047126,445725.860903092,59.5,HFET
367553:8775,417:417,05/16/23 01:09:15,STABLE BEAMS,6800,459484.411857033,445149.285100670,59.4,HFET
367553:8775,418:418,05/16/23 01:09:39,STABLE BEAMS,6800,459516.736914351,445219.762910070,59.4,HFET
367553:8775,419:419,05/16/23 01:10:02,STABLE BEAMS,6800,459268.195056970,379968.363046034,59.3,HFET
367553:8775,420:420,05/16/23 01:10:25,STABLE BEAMS,6800,458264.738281995,444199.869704782,59.3,HFET
367553:8775,421:421,05/16/23 01:10:49,STABLE BEAMS,6800,457601.928914609,443651.975484911,59.2,HFET
367553:8775,422:422,05/16/23 01:11:12,STABLE BEAMS,6800,458322.332223810,444320.430722985,59.1,HFET
367553:8775,423:423,05/16/23 01:11:35,STABLE BEAMS,6800,458157.382820127,443959.295471683,59.2,HFET
367553:8775,424:424,05/16/23 01:11:59,STABLE BEAMS,6800,458045.062162321,443920.506335333,59.2,HFET
367553:8775,425:425,05/16/23 01:12:22,STABLE BEAMS,6800,457805.397049605,443877.206563235,59.2,HFET
367553:8775,426:426,05/16/23 01:12:45,STABLE BEAMS,6800,457434.839581408,443540.794724201,59.1,HFET
367553:8775,427:427,05/16/23 01:13:09,STABLE BEAMS,6800,457303.851651733,443448.780086030,59.1,HFET
367553:8775,428:428,05/16/23 01:13:32,STABLE BEAMS,6800,457339.228090029,443546.440594888,59.2,HFET
367553:8775,429:429,05/16/23 01:13:55,STABLE BEAMS,6800,457211.610899006,442586.556328125,59.1,HFET
367553:8775,430:430,05/16/23 01:14:18,STABLE BEAMS,6800,456964.707789393,353156.482136954,59.1,HFET
367553:8775,431:431,05/16/23 01:14:42,STABLE BEAMS,6800,456493.892991551,442835.324300063,59.1,HFET
367553:8775,432:432,05/16/23 01:15:05,STABLE BEAMS,6800,456047.391336266,442350.443778138,58.9,HFET
367553:8775,433:433,05/16/23 01:15:28,STABLE BEAMS,6800,456195.771438196,442416.550816465,58.9,HFET
367553:8775,434:434,05/16/23 01:15:52,STABLE BEAMS,6800,456074.072853974,442406.170526551,59.0,HFET
367553:8775,435:435,05/16/23 01:16:15,STABLE BEAMS,6800,455746.080868335,442165.687205491,58.9,HFET
367553:8775,436:436,05/16/23 01:16:38,STABLE BEAMS,6800,455503.550860873,441848.168752882,58.9,HFET
367553:8775,437:437,05/16/23 01:17:02,STABLE BEAMS,6800,455211.574028877,441756.426850826,58.9,HFET
367553:8775,438:438,05/16/23 01:17:25,STABLE BEAMS,6800,454826.855262403,441210.672560473,58.8,HFET
367553:8775,439:439,05/16/23 01:17:48,STABLE BEAMS,6800,453889.414613717,440301.326062706,58.8,HFET
367553:8775,440:440,05/16/23 01:18:12,STABLE BEAMS,6800,453768.627480956,440424.980421290,58.6,HFET
367553:8775,441:441,05/16/23 01:18:35,STABLE BEAMS,6800,453975.783381199,440640.106276892,58.7,HFET
367553:8775,442:442,05/16/23 01:18:58,STABLE BEAMS,6800,453518.309342212,433855.028492551,58.6,HFET
367553:8775,443:443,05/16/23 01:19:21,STABLE BEAMS,6800,452239.813347303,438872.764596541,58.5,HFET
367553:8775,444:444,05/16/23 01:19:45,STABLE BEAMS,6800,452120.709252790,438757.213064757,58.4,HFET
367553:8775,445:445,05/16/23 01:20:08,STABLE BEAMS,6800,452324.634279056,439101.820973708,58.5,HFET
367553:8775,446:446,05/16/23 01:20:31,STABLE BEAMS,6800,451447.018413741,438445.888286143,58.4,HFET
367553:8775,447:447,05/16/23 01:20:55,STABLE BEAMS,6800,450984.854246007,437957.180134298,58.3,HFET
367553:8775,448:448,05/16/23 01:21:18,STABLE BEAMS,6800,451705.075731132,438553.334660049,58.3,HFET
367553:8775,449:449,05/16/23 01:21:41,STABLE BEAMS,6800,452302.232620383,439038.355046648,58.5,HFET
367553:8775,450:450,05/16/23 01:22:05,STABLE BEAMS,6800,451617.023925401,438429.859794464,58.4,HFET
367553:8775,451:451,05/16/23 01:22:28,STABLE BEAMS,6800,458299.932896215,444031.050711775,58.4,HFET
367553:8775,452:452,05/16/23 01:22:51,STABLE BEAMS,6800,474673.752787616,357658.854213247,60.8,HFET
367553:8775,453:453,05/16/23 01:23:15,STABLE BEAMS,6800,475639.555661181,459043.283336320,61.5,HFET
367553:8775,454:454,05/16/23 01:23:38,STABLE BEAMS,6800,475404.627298770,458942.937425714,61.5,HFET
367553:8775,455:455,05/16/23 01:24:01,STABLE BEAMS,6800,474987.627765458,458490.335339550,61.4,HFET
367553:8775,456:456,05/16/23 01:24:25,STABLE BEAMS,6800,475053.734803785,458433.878963752,61.4,HFET
367553:8775,457:457,05/16/23 01:24:48,STABLE BEAMS,6800,474833.375678285,458530.672311629,61.4,HFET
367553:8775,458:458,05/16/23 01:25:11,STABLE BEAMS,6800,474748.601368089,457951.909958132,61.4,HFET
367553:8775,459:459,05/16/23 01:25:34,STABLE BEAMS,6800,474240.134999915,457981.549613703,61.3,HFET
367553:8775,460:460,05/16/23 01:25:58,STABLE BEAMS,6800,474315.848410291,457603.022190147,61.3,HFET
367553:8775,461:461,05/16/23 01:26:21,STABLE BEAMS,6800,473832.058832827,457538.553899587,61.3,HFET
367553:8775,462:462,05/16/23 01:26:44,STABLE BEAMS,6800,473755.844240701,367958.211433383,61.2,HFET
367553:8775,463:463,05/16/23 01:27:08,STABLE BEAMS,6800,473101.321855269,456829.533243799,61.2,HFET
367553:8775,464:464,05/16/23 01:27:31,STABLE BEAMS,6800,472793.820044421,371888.763106182,61.1,HFET
367553:8775,465:465,05/16/23 01:27:54,STABLE BEAMS,6800,471733.862603168,199168.138478776,61.1,HFET
367553:8775,466:466,05/16/23 01:28:18,STABLE BEAMS,6800,471591.265905523,444744.213693002,60.9,HFET
367553:8775,467:467,05/16/23 01:28:41,STABLE BEAMS,6800,470544.693513604,449552.791500828,60.9,HFET
367553:8775,468:468,05/16/23 01:29:04,STABLE BEAMS,6800,470168.534465200,448054.435231090,60.8,HFET
367553:8775,469:469,05/16/23 01:29:28,STABLE BEAMS,6800,470988.372233546,387710.658344014,60.9,HFET
367553:8775,470:470,05/16/23 01:29:51,STABLE BEAMS,6800,470843.773139979,420295.577233611,60.9,HFET
367553:8775,471:471,05/16/23 01:30:14,STABLE BEAMS,6800,470414.707947428,449593.811478734,60.8,HFET
367553:8775,472:472,05/16/23 01:30:37,STABLE BEAMS,6800,470296.014122627,446315.096789619,60.8,HFET
367553:8775,473:473,05/16/23 01:31:01,STABLE BEAMS,6800,470492.335172765,448218.020954198,60.8,HFET
367553:8775,474:474,05/16/23 01:31:24,STABLE BEAMS,6800,470116.129502803,447795.513083795,60.8,HFET
367553:8775,475:475,05/16/23 01:31:47,STABLE BEAMS,6800,469697.948112993,454248.864495693,60.7,HFET
367553:8775,476:476,05/16/23 01:32:11,STABLE BEAMS,6800,469536.273873768,453443.733497854,60.7,HFET
367553:8775,477:477,05/16/23 01:32:34,STABLE BEAMS,6800,469254.269393051,453687.130666296,60.7,HFET
367553:8775,478:478,05/16/23 01:32:57,STABLE BEAMS,6800,468760.234728191,446702.955518032,60.6,HFET
367553:8775,479:479,05/16/23 01:33:21,STABLE BEAMS,6800,468112.085509754,447505.312533163,60.6,HFET
367553:8775,480:480,05/16/23 01:33:44,STABLE BEAMS,6800,468202.505690637,452583.283690236,60.5,HFET
367553:8775,481:481,05/16/23 01:34:07,STABLE BEAMS,6800,468176.008328083,452882.043958938,60.5,HFET
367553:8775,482:482,05/16/23 01:34:31,STABLE BEAMS,6800,467690.899360524,447164.301477421,60.5,HFET
367553:8775,483:483,05/16/23 01:34:54,STABLE BEAMS,6800,467158.574409986,273089.282590251,60.4,HFET
367553:8775,484:484,05/16/23 01:35:17,STABLE BEAMS,6800,467600.842827794,452306.377276899,60.4,HFET
367553:8775,485:485,05/16/23 01:35:41,STABLE BEAMS,6800,467473.225636771,452296.815195330,60.4,HFET
367553:8775,486:486,05/16/23 01:36:04,STABLE BEAMS,6800,467012.471771170,451787.302173176,60.4,HFET
367553:8775,487:487,05/16/23 01:36:27,STABLE BEAMS,6800,466707.200801877,451674.025773428,60.3,HFET
367553:8775,488:488,05/16/23 01:36:50,STABLE BEAMS,6800,466746.812808728,446545.516847361,60.3,HFET
367553:8775,489:489,05/16/23 01:37:14,STABLE BEAMS,6800,466482.198169188,451510.258226243,60.3,HFET
367553:8775,490:490,05/16/23 01:37:37,STABLE BEAMS,6800,465653.208588985,450456.447837428,60.2,HFET
367553:8775,491:491,05/16/23 01:38:00,STABLE BEAMS,6800,465559.555203047,449858.927300024,60.2,HFET
367553:8775,492:492,05/16/23 01:38:24,STABLE BEAMS,6800,465818.386438303,450414.607320099,60.2,HFET
367553:8775,493:493,05/16/23 01:38:47,STABLE BEAMS,6800,465578.404298992,420652.068977725,60.2,HFET
367553:8775,494:494,05/16/23 01:39:10,STABLE BEAMS,6800,465289.478847974,378260.414899641,60.1,HFET
367553:8775,495:495,05/16/23 01:39:34,STABLE BEAMS,6800,464820.211885862,449856.195276718,60.1,HFET
367553:8775,496:496,05/16/23 01:39:57,STABLE BEAMS,6800,464393.424156424,449379.508493632,60.0,HFET
367553:8775,497:497,05/16/23 01:40:20,STABLE BEAMS,6800,463413.916875852,448503.487085604,60.0,HFET
367553:8775,498:498,05/16/23 01:40:44,STABLE BEAMS,6800,462704.714395987,448082.527050931,59.8,HFET
367553:8775,499:499,05/16/23 01:41:07,STABLE BEAMS,6800,462471.923632016,351681.870226763,59.8,HFET
367553:8775,500:500,05/16/23 01:41:30,STABLE BEAMS,6800,462003.752276519,447420.491601409,59.7,HFET
367553:8775,501:501,05/16/23 01:41:54,STABLE BEAMS,6800,460633.878027707,446161.571998752,59.7,HFET
367553:8775,502:502,05/16/23 01:42:17,STABLE BEAMS,6800,459871.270553024,445550.211851822,59.5,HFET
367553:8775,503:503,05/16/23 01:42:40,STABLE BEAMS,6800,460731.948806277,446421.496509546,59.4,HFET
367553:8775,504:504,05/16/23 01:43:03,STABLE BEAMS,6800,460397.993923355,445959.015315217,59.5,HFET
367553:8775,505:505,05/16/23 01:43:27,STABLE BEAMS,6800,460021.105247566,445837.043994881,59.5,HFET
367553:8775,506:506,05/16/23 01:43:50,STABLE BEAMS,6800,459504.671255111,347100.164576106,59.4,HFET
367553:8775,507:507,05/16/23 01:44:13,STABLE BEAMS,6800,459920.213864731,445614.316494228,59.4,HFET
367553:8775,508:508,05/16/23 01:44:37,STABLE BEAMS,6800,459642.668736049,444443.360116341,59.4,HFET
367553:8775,509:509,05/16/23 01:45:00,STABLE BEAMS,6800,459908.605096761,445566.056188347,59.5,HFET
367553:8775,510:510,05/16/23 01:45:23,STABLE BEAMS,6800,459733.956077912,445291.697643161,59.4,HFET
367553:8775,511:511,05/16/23 01:45:47,STABLE BEAMS,6800,459920.032040655,445668.586318950,59.5,HFET
367553:8775,512:512,05/16/23 01:46:10,STABLE BEAMS,6800,459719.612955559,445421.000203511,59.4,HFET
367553:8775,513:513,05/16/23 01:46:33,STABLE BEAMS,6800,459697.850012231,445286.599575781,59.4,HFET
367553:8775,514:514,05/16/23 01:46:57,STABLE BEAMS,6800,459738.280227427,445559.454575718,59.4,HFET
367553:8775,515:515,05/16/23 01:47:20,STABLE BEAMS,6800,459555.754496336,445446.360000046,59.4,HFET
367553:8775,516:516,05/16/23 01:47:43,STABLE BEAMS,6800,459519.422316098,445234.513971057,59.4,HFET
367553:8775,517:517,05/16/23 01:48:06,STABLE BEAMS,6800,459221.892856530,445072.476083678,59.4,HFET
367553:8775,518:518,05/16/23 01:48:30,STABLE BEAMS,6800,458833.849972963,444716.804878987,59.3,HFET
367553:8775,519:519,05/16/23 01:48:53,STABLE BEAMS,6800,458387.301696119,444234.290401137,59.3,HFET
367553:8775,520:520,05/16/23 01:49:16,STABLE BEAMS,6800,457615.313963943,443583.409159394,59.2,HFET
367553:8775,521:521,05/16/23 01:49:40,STABLE BEAMS,6800,457169.178287889,443383.948147318,59.2,HFET
367553:8775,522:522,05/16/23 01:50:03,STABLE BEAMS,6800,455925.147279815,442152.847628386,58.9,HFET
367553:8775,523:523,05/16/23 01:50:26,STABLE BEAMS,6800,455878.889369855,442006.926813647,58.9,HFET
367553:8775,524:524,05/16/23 01:50:50,STABLE BEAMS,6800,456304.401999678,442581.546841706,59.0,HFET
367553:8775,525:525,05/16/23 01:51:13,STABLE BEAMS,6800,456161.122296206,442492.173314803,59.0,HFET
367553:8775,526:526,05/16/23 01:51:36,STABLE BEAMS,6800,456048.803969477,442407.580828684,59.0,HFET
367553:8775,527:527,05/16/23 01:52:00,STABLE BEAMS,6800,455745.125126394,442291.665648747,58.9,HFET
367553:8775,528:528,05/16/23 01:52:23,STABLE BEAMS,6800,455686.894800310,442131.222218655,58.9,HFET
367553:8775,529:529,05/16/23 01:52:46,STABLE BEAMS,6800,455671.777760092,442167.006595585,58.9,HFET
367553:8775,530:530,05/16/23 01:53:10,STABLE BEAMS,6800,455526.586572737,442097.575440165,58.9,HFET
367553:8775,531:531,05/16/23 01:53:33,STABLE BEAMS,6800,455437.031221757,441912.637043441,58.9,HFET
367553:8775,532:532,05/16/23 01:53:56,STABLE BEAMS,6800,455123.338067992,340089.720510923,58.9,HFET
367553:8775,533:533,05/16/23 01:54:19,STABLE BEAMS,6800,454089.605253177,331534.503752743,58.7,HFET
367553:8775,534:534,05/16/23 01:54:43,STABLE BEAMS,6800,453517.488802789,440115.613748117,58.6,HFET
367553:8775,535:535,05/16/23 01:55:06,STABLE BEAMS,6800,453187.678576384,439944.379758400,58.6,HFET
367553:8775,536:536,05/16/23 01:55:29,STABLE BEAMS,6800,452296.906107368,439086.295994856,58.5,HFET
367553:8775,537:537,05/16/23 01:55:53,STABLE BEAMS,6800,451364.020384909,438203.992331872,58.4,HFET
367553:8775,538:538,05/16/23 01:56:16,STABLE BEAMS,6800,450971.105548519,437785.946144581,58.3,HFET
367553:8775,539:539,05/16/23 01:56:39,STABLE BEAMS,6800,450920.614401083,437759.402160469,58.3,HFET
367553:8775,540:540,05/16/23 01:57:03,STABLE BEAMS,6800,450794.545045788,437606.017234276,58.3,HFET
367553:8775,541:541,05/16/23 01:57:26,STABLE BEAMS,6800,450456.538749466,437461.872700901,58.3,HFET
367553:8775,542:542,05/16/23 01:57:49,STABLE BEAMS,6800,450206.220610722,437247.977654433,58.2,HFET
367553:8775,543:543,05/16/23 01:58:13,STABLE BEAMS,6800,449724.708496371,425532.171248931,58.2,HFET
367553:8775,544:544,05/16/23 01:58:36,STABLE BEAMS,6800,449324.963601717,430282.607311633,58.1,HFET
367553:8775,545:545,05/16/23 01:58:59,STABLE BEAMS,6800,449829.560380568,430478.063531868,58.1,HFET
367553:8775,546:546,05/16/23 01:59:23,STABLE BEAMS,6800,465463.855130707,443872.882413720,58.8,HFET
367553:8775,547:547,05/16/23 01:59:46,STABLE BEAMS,6800,473362.885113831,456971.491226099,61.2,HFET
367553:8775,548:548,05/16/23 02:00:09,STABLE BEAMS,6800,473109.972485377,443008.197037547,61.2,HFET
367553:8775,549:549,05/16/23 02:00:32,STABLE BEAMS,6800,472664.699308148,449355.514708749,61.1,HFET
367553:8775,550:550,05/16/23 02:00:56,STABLE BEAMS,6800,472097.592344179,450489.364988534,61.1,HFET
367553:8775,551:551,05/16/23 02:01:19,STABLE BEAMS,6800,471561.945607625,448924.036850566,61.0,HFET
367553:8775,552:552,05/16/23 02:01:42,STABLE BEAMS,6800,471405.644502972,309777.101397603,60.9,HFET
367553:8775,553:553,05/16/23 02:02:06,STABLE BEAMS,6800,471447.212284186,455530.001601869,60.9,HFET
367553:8775,554:554,05/16/23 02:02:29,STABLE BEAMS,6800,470812.312912564,454712.166229444,61.0,HFET
367553:8775,555:555,05/16/23 02:02:52,STABLE BEAMS,6800,470155.056172749,445598.882427414,60.8,HFET
367553:8775,556:556,05/16/23 02:03:16,STABLE BEAMS,6800,470410.519000432,454409.398837822,60.8,HFET
367553:8775,557:557,05/16/23 02:03:39,STABLE BEAMS,6800,470357.251539209,447696.987745034,60.8,HFET
367553:8775,558:558,05/16/23 02:04:02,STABLE BEAMS,6800,469763.190321417,351741.832543731,60.8,HFET
367553:8775,559:559,05/16/23 02:04:26,STABLE BEAMS,6800,469484.416714678,453648.793759060,60.7,HFET
367553:8775,560:560,05/16/23 02:04:49,STABLE BEAMS,6800,469290.326506096,453653.938447997,60.7,HFET
367553:8775,561:561,05/16/23 02:05:12,STABLE BEAMS,6800,469003.631896634,358034.922349613,60.6,HFET
367553:8775,562:562,05/16/23 02:05:35,STABLE BEAMS,6800,468183.656594692,443697.732213122,60.5,HFET
367553:8775,563:563,05/16/23 02:05:59,STABLE BEAMS,6800,467802.443769388,452319.580502157,60.5,HFET
367553:8775,564:564,05/16/23 02:06:22,STABLE BEAMS,6800,467225.639521332,445927.781202359,60.4,HFET
367553:8775,565:565,05/16/23 02:06:45,STABLE BEAMS,6800,466571.844432207,451292.083320740,60.3,HFET
367553:8775,566:566,05/16/23 02:07:09,STABLE BEAMS,6800,465339.424523181,450470.653426185,60.2,HFET
367553:8775,567:567,05/16/23 02:07:32,STABLE BEAMS,6800,465294.122355162,450472.609200548,60.1,HFET
367553:8775,568:568,05/16/23 02:07:55,STABLE BEAMS,6800,465700.967713116,450721.743151716,60.2,HFET
367553:8775,569:569,05/16/23 02:08:19,STABLE BEAMS,6800,465163.227668603,450175.578591652,60.2,HFET
367553:8775,570:570,05/16/23 02:08:42,STABLE BEAMS,6800,464774.182421536,450140.612423067,60.1,HFET
367553:8775,571:571,05/16/23 02:09:05,STABLE BEAMS,6800,465096.845563083,449515.729693206,60.0,HFET
367553:8775,572:572,05/16/23 02:09:29,STABLE BEAMS,6800,465433.485847752,450406.956722413,60.2,HFET
367553:8775,573:573,05/16/23 02:09:52,STABLE BEAMS,6800,465489.669487435,450555.882296572,60.1,HFET
367553:8775,574:574,05/16/23 02:10:15,STABLE BEAMS,6800,465627.620346814,450802.375136473,60.2,HFET
367553:8775,575:575,05/16/23 02:10:39,STABLE BEAMS,6800,465664.726444917,450664.014007382,60.2,HFET
367553:8775,576:576,05/16/23 02:11:02,STABLE BEAMS,6800,465582.821691623,450548.597678117,60.2,HFET
367553:8775,577:577,05/16/23 02:11:25,STABLE BEAMS,6800,465388.549658965,449932.274666325,60.2,HFET
367553:8775,578:578,05/16/23 02:11:48,STABLE BEAMS,6800,465162.271926662,450324.278051254,60.1,HFET
367553:8775,579:579,05/16/23 02:12:12,STABLE BEAMS,6800,464672.426208798,449536.308448957,60.1,HFET
367553:8775,580:580,05/16/23 02:12:35,STABLE BEAMS,6800,464456.071875139,449717.377256358,60.0,HFET
367553:8775,581:581,05/16/23 02:12:58,STABLE BEAMS,6800,464135.958932821,449521.967657681,60.0,HFET
367553:8775,582:582,05/16/23 02:13:22,STABLE BEAMS,6800,463292.992209495,354357.737865459,60.0,HFET
367553:8775,583:583,05/16/23 02:13:45,STABLE BEAMS,6800,462366.661478107,447913.523902770,59.8,HFET
367553:8775,584:584,05/16/23 02:14:08,STABLE BEAMS,6800,462712.544486672,448198.125204273,59.8,HFET
367553:8775,585:585,05/16/23 02:14:32,STABLE BEAMS,6800,462827.914194380,448516.235750670,59.8,HFET
367553:8775,586:586,05/16/23 02:14:55,STABLE BEAMS,6800,462491.229619230,448066.729335964,59.8,HFET
367553:8775,587:587,05/16/23 02:15:18,STABLE BEAMS,6800,462039.627565487,447680.870672395,59.7,HFET
367553:8775,588:588,05/16/23 02:15:42,STABLE BEAMS,6800,462161.100035152,447650.823078191,59.7,HFET
367553:8775,589:589,05/16/23 02:16:05,STABLE BEAMS,6800,462000.700895540,447668.805013155,59.8,HFET
367553:8775,590:590,05/16/23 02:16:28,STABLE BEAMS,6800,461637.015445010,447323.378895859,59.7,HFET
367553:8775,591:591,05/16/23 02:16:52,STABLE BEAMS,6800,461349.318472048,447199.039200371,59.6,HFET
367553:8775,592:592,05/16/23 02:17:15,STABLE BEAMS,6800,461159.328629502,446889.350838447,59.6,HFET
367553:8775,593:593,05/16/23 02:17:38,STABLE BEAMS,6800,460756.669887466,446521.068502286,59.6,HFET
367553:8775,594:594,05/16/23 02:18:01,STABLE BEAMS,6800,459569.549815381,445509.599812549,59.4,HFET
367553:8775,595:595,05/16/23 02:18:25,STABLE BEAMS,6800,459265.281209588,444845.333521472,59.4,HFET
367553:8775,596:596,05/16/23 02:18:48,STABLE BEAMS,6800,459313.086955278,445277.585297520,59.4,HFET
367553:8775,597:597,05/16/23 02:19:11,STABLE BEAMS,6800,458523.024045021,444573.616087553,59.4,HFET
367553:8775,598:598,05/16/23 02:19:35,STABLE BEAMS,6800,457919.948548968,443952.649568574,59.2,HFET
367553:8775,599:599,05/16/23 02:19:58,STABLE BEAMS,6800,457611.626198696,443620.697081573,59.2,HFET
367553:8775,600:600,05/16/23 02:20:21,STABLE BEAMS,6800,458115.358147644,444148.513727442,59.2,HFET
367553:8775,601:601,05/16/23 02:20:45,STABLE BEAMS,6800,457822.607397783,444154.478955803,59.2,HFET
367553:8775,602:602,05/16/23 02:21:08,STABLE BEAMS,6800,457944.352603562,444080.492874155,59.2,HFET
367553:8775,603:603,05/16/23 02:21:31,STABLE BEAMS,6800,457715.114402318,443981.286860645,59.2,HFET
367553:8775,604:604,05/16/23 02:21:55,STABLE BEAMS,6800,457724.629862329,444025.358219530,59.2,HFET
367553:8775,605:605,05/16/23 02:22:18,STABLE BEAMS,6800,457341.869201297,443617.419586038,59.1,HFET
367553:8775,606:606,05/16/23 02:22:41,STABLE BEAMS,6800,457094.145552261,443078.539644428,59.1,HFET
367553:8775,607:607,05/16/23 02:23:04,STABLE BEAMS,6800,456872.874975299,443256.603692409,59.0,HFET
367553:8775,608:608,05/16/23 02:23:28,STABLE BEAMS,6800,456704.692366561,443112.095510881,59.0,HFET
367553:8775,609:609,05/16/23 02:23:51,STABLE BEAMS,6800,456084.406522330,442682.575758138,59.0,HFET
367553:8775,610:610,05/16/23 02:24:14,STABLE BEAMS,6800,455882.122574910,442301.817493026,58.9,HFET
367553:8775,611:611,05/16/23 02:24:38,STABLE BEAMS,6800,456117.414585474,442512.661158516,59.0,HFET
367553:8775,612:612,05/16/23 02:25:01,STABLE BEAMS,6800,455716.534455881,442056.371307104,58.9,HFET
367553:8775,613:613,05/16/23 02:25:24,STABLE BEAMS,6800,455149.744518507,336715.690377323,58.8,HFET
367553:8775,614:614,05/16/23 02:25:48,STABLE BEAMS,6800,454882.535389258,325474.067177236,58.8,HFET
367553:8775,615:615,05/16/23 02:26:11,STABLE BEAMS,6800,454914.086528711,245941.831361261,58.8,HFET
367553:8775,616:616,05/16/23 02:26:34,STABLE BEAMS,6800,454359.772520289,440260.849225952,58.8,HFET
367553:8775,617:617,05/16/23 02:26:58,STABLE BEAMS,6800,453797.355685066,440405.404029038,58.7,HFET
367553:8775,618:618,05/16/23 02:27:21,STABLE BEAMS,6800,453923.606864437,440688.730230927,58.7,HFET
367553:8775,619:619,05/16/23 02:27:44,STABLE BEAMS,6800,453933.168946006,432039.337925358,58.7,HFET
367553:8775,620:620,05/16/23 02:28:08,STABLE BEAMS,6800,453357.091994256,433701.869680915,58.6,HFET
367553:8775,621:621,05/16/23 02:28:31,STABLE BEAMS,6800,453211.807563785,433597.745093024,58.6,HFET
367553:8775,622:622,05/16/23 02:28:54,STABLE BEAMS,6800,453064.567358952,433362.180346345,58.6,HFET
367553:8775,623:623,05/16/23 02:29:17,STABLE BEAMS,6800,452938.817361330,357900.179053432,58.6,HFET
367553:8775,624:624,05/16/23 02:29:41,STABLE BEAMS,6800,451936.453861893,233687.965553572,58.5,HFET
367553:8775,625:625,05/16/23 02:30:04,STABLE BEAMS,6800,451470.648550470,437721.249408387,58.4,HFET
367553:8775,626:626,05/16/23 02:30:27,STABLE BEAMS,6800,451871.575301622,235453.391087885,58.4,HFET
367553:8775,627:627,05/16/23 02:30:51,STABLE BEAMS,6800,451673.843949352,438537.490323524,58.4,HFET
367553:8775,628:628,05/16/23 02:31:14,STABLE BEAMS,6800,451417.106022055,431856.721282228,58.4,HFET
367553:8775,629:629,05/16/23 02:31:37,STABLE BEAMS,6800,451192.376125481,438001.160581144,58.3,HFET
367553:8775,630:630,05/16/23 02:32:01,STABLE BEAMS,6800,450904.770064558,431634.860942556,58.3,HFET
367553:8775,631:631,05/16/23 02:32:24,STABLE BEAMS,6800,450699.798384312,431124.937650691,58.3,HFET
367553:8775,632:632,05/16/23 02:32:47,STABLE BEAMS,6800,451069.311529607,438065.265223550,58.2,HFET
367553:8775,633:633,05/16/23 02:33:11,STABLE BEAMS,6800,465333.641118897,450367.619782754,58.8,HFET
367553:8775,634:634,05/16/23 02:33:34,STABLE BEAMS,6800,471791.591747502,449212.370207796,61.0,HFET
367553:8775,635:635,05/16/23 02:33:57,STABLE BEAMS,6800,471384.019093241,455245.673036481,60.9,HFET
367553:8775,636:636,05/16/23 02:34:21,STABLE BEAMS,6800,471145.036986352,450158.643310667,60.9,HFET
367553:8775,637:637,05/16/23 02:34:44,STABLE BEAMS,6800,470711.967001959,454841.105141641,60.9,HFET
367553:8775,638:638,05/16/23 02:35:07,STABLE BEAMS,6800,469866.540991443,448956.452819922,60.8,HFET
367553:8775,639:639,05/16/23 02:35:30,STABLE BEAMS,6800,470067.186191095,448367.492000587,60.7,HFET
367553:8775,640:640,05/16/23 02:35:54,STABLE BEAMS,6800,470107.753939888,454495.494869190,60.8,HFET
367553:8775,641:641,05/16/23 02:36:17,STABLE BEAMS,6800,469885.800357099,445324.798949421,60.7,HFET
367553:8775,642:642,05/16/23 02:36:40,STABLE BEAMS,6800,469183.425604420,355599.265295863,60.7,HFET
367553:8775,643:643,05/16/23 02:37:04,STABLE BEAMS,6800,468380.798184252,452312.887977490,60.5,HFET
367553:8775,644:644,05/16/23 02:37:27,STABLE BEAMS,6800,468809.998579322,251113.591106790,60.6,HFET
367615:8782,53:53,05/17/23 02:49:10,STABLE BEAMS,6800,242061.292964928,512.550048354,31.3,HFET
367615:8782,54:54,05/17/23 02:49:34,STABLE BEAMS,6800,157068.962647546,136297.430716337,31.3,HFET
367615:8782,55:55,05/17/23 02:49:57,STABLE BEAMS,6800,5723.321613444,5705.823959915,0.3,BCM1F
367615:8782,56:56,05/17/23 02:50:20,STABLE BEAMS,6800,36047.954239791,35915.826646128,1.5,HFET
367615:8782,57:57,05/17/23 02:50:44,STABLE BEAMS,6800,138370.166680002,137106.490046663,6.9,HFET
367615:8782,58:58,05/17/23 02:51:07,STABLE BEAMS,6800,231003.742399231,224272.595500884,29.7,HFET
367615:8782,59:59,05/17/23 02:51:30,STABLE BEAMS,6800,135129.968391123,133296.760006577,23.0,HFET
367615:8782,60:60,05/17/23 02:51:54,STABLE BEAMS,6800,36935.439888959,36756.574183287,8.8,HFET
367615:8782,61:61,05/17/23 02:52:17,STABLE BEAMS,6800,5675.993295821,5662.732656114,2.1,HFET
367615:8782,62:62,05/17/23 02:52:40,STABLE BEAMS,6800,158358.545015867,154375.338256011,1.4,HFET
367615:8782,63:63,05/17/23 02:53:04,STABLE BEAMS,6800,11147.512200245,11118.633361881,0.9,HFET
367615:8782,64:64,05/17/23 02:53:27,STABLE BEAMS,6800,47213.928600360,46978.239840336,3.0,HFET
367615:8782,65:65,05/17/23 02:53:50,STABLE BEAMS,6800,140988.884447224,139185.360941160,9.2,HFET
367615:8782,66:66,05/17/23 02:54:14,STABLE BEAMS,6800,233401.473747887,223753.634853086,27.9,HFET
367615:8782,67:67,05/17/23 02:54:37,STABLE BEAMS,6800,160126.965752181,157501.236335727,26.4,HFET
367615:8782,68:68,05/17/23 02:55:00,STABLE BEAMS,6800,59469.348537688,59097.025044870,13.6,HFET
367615:8782,69:69,05/17/23 02:55:23,STABLE BEAMS,6800,23388.657572221,23285.021112044,4.7,HFET
367615:8782,70:70,05/17/23 02:55:47,STABLE BEAMS,6800,237758.677947605,227929.542265984,27.3,HFET
367615:8782,71:71,05/17/23 02:56:10,STABLE BEAMS,6800,240589.207943186,233338.576603837,31.0,HFET
367615:8782,72:72,05/17/23 02:56:33,STABLE BEAMS,6800,242023.389638182,234815.897226554,31.3,HFET
367615:8782,73:73,05/17/23 02:56:57,STABLE BEAMS,6800,242253.355135732,235159.435170746,31.3,HFET
367615:8782,74:74,05/17/23 02:57:20,STABLE BEAMS,6800,241075.888057254,209091.655541965,31.3,HFET
367615:8782,75:75,05/17/23 02:57:43,STABLE BEAMS,6800,237813.472264856,188410.874105378,30.8,HFET
367615:8782,76:76,05/17/23 02:58:07,STABLE BEAMS,6800,238561.396279812,231585.032107393,30.7,HFET
367615:8782,77:77,05/17/23 02:58:30,STABLE BEAMS,6800,240367.664630110,233442.906326583,31.0,HFET
367615:8782,78:78,05/17/23 02:58:53,STABLE BEAMS,6800,240269.526250281,233488.001028668,31.1,HFET
367615:8782,79:79,05/17/23 02:59:17,STABLE BEAMS,6800,239035.854552420,232377.348237554,31.0,HFET
367615:8782,80:80,05/17/23 02:59:40,STABLE BEAMS,6800,238173.376707023,163684.192967309,30.8,HFET
367615:8782,81:81,05/17/23 03:00:03,STABLE BEAMS,6800,237823.465595837,230847.692118560,30.7,HFET
367615:8782,82:82,05/17/23 03:00:26,STABLE BEAMS,6800,237858.385142864,231294.785634526,30.7,HFET
367615:8782,83:83,05/17/23 03:00:50,STABLE BEAMS,6800,237106.568227806,230072.312901139,30.7,HFET
367615:8782,84:84,05/17/23 03:01:13,STABLE BEAMS,6800,236988.328963197,226160.836905058,30.6,HFET
367615:8782,85:85,05/17/23 03:01:36,STABLE BEAMS,6800,237143.354968235,193156.029111085,30.6,HFET
367615:8782,86:86,05/17/23 03:02:00,STABLE BEAMS,6800,237042.326051804,214648.271354456,30.6,HFET
367615:8782,87:87,05/17/23 03:02:23,STABLE BEAMS,6800,236949.880164220,230574.792128820,30.6,HFET
367615:8782,88:88,05/17/23 03:02:46,STABLE BEAMS,6800,236740.197375528,230364.243810901,30.6,HFET
367615:8782,89:89,05/17/23 03:03:10,STABLE BEAMS,6800,236511.483666813,226850.895174515,30.6,HFET
367615:8782,90:90,05/17/23 03:03:33,STABLE BEAMS,6800,236319.190719297,230059.564702289,30.6,HFET
367615:8782,91:91,05/17/23 03:03:56,STABLE BEAMS,6800,236141.446028989,229898.824992196,30.5,HFET
367615:8782,92:92,05/17/23 03:04:20,STABLE BEAMS,6800,236290.576738004,226517.578307616,30.5,HFET
367615:8782,93:93,05/17/23 03:04:43,STABLE BEAMS,6800,244527.386902893,132815.713408484,30.8,HFET
367615:8782,94:94,05/17/23 03:05:06,STABLE BEAMS,6800,249020.856592664,210707.497671933,32.2,HFET
367615:8782,95:95,05/17/23 03:05:30,STABLE BEAMS,6800,248921.172708184,241125.400151970,32.2,HFET
367615:8782,96:96,05/17/23 03:05:53,STABLE BEAMS,6800,248690.363360432,100437.963240058,32.2,HFET
367615:8782,97:97,05/17/23 03:06:16,STABLE BEAMS,6800,248455.570200540,240706.489134776,32.1,HFET
367615:8782,98:98,05/17/23 03:06:39,STABLE BEAMS,6800,248147.728052317,240466.029124495,32.1,HFET
367615:8782,99:99,05/17/23 03:07:03,STABLE BEAMS,6800,247834.624661261,239939.851226394,32.1,HFET
367615:8782,100:100,05/17/23 03:07:26,STABLE BEAMS,6800,252954.005086250,244464.534049322,32.1,HFET
367615:8782,101:101,05/17/23 03:07:49,STABLE BEAMS,6800,260859.387256666,250819.134007902,33.6,HFET
367615:8782,102:102,05/17/23 03:08:13,STABLE BEAMS,6800,260941.567077153,246245.053313074,33.7,HFET
367615:8782,103:103,05/17/23 03:08:36,STABLE BEAMS,6800,260853.149292191,254369.838867050,33.7,HFET
367615:8782,104:104,05/17/23 03:08:59,STABLE BEAMS,6800,260729.721048163,254182.942364885,33.7,HFET
367615:8782,105:105,05/17/23 03:09:23,STABLE BEAMS,6800,260628.554598135,254158.174662137,33.7,HFET
367615:8782,106:106,05/17/23 03:09:46,STABLE BEAMS,6800,260379.581491342,253945.715559659,33.7,HFET
367615:8782,107:107,05/17/23 03:10:09,STABLE BEAMS,6800,261867.601761647,250399.381471584,33.6,HFET
367615:8782,108:108,05/17/23 03:10:33,STABLE BEAMS,6800,272214.307836202,264557.218097831,34.8,HFET
367615:8782,109:109,05/17/23 03:10:56,STABLE BEAMS,6800,272791.296239414,265049.704926961,35.3,HFET
367615:8782,110:110,05/17/23 03:11:19,STABLE BEAMS,6800,272688.423440359,261000.823077515,35.2,HFET
367615:8782,111:111,05/17/23 03:11:43,STABLE BEAMS,6800,272248.364884404,264712.085589572,35.2,HFET
367615:8782,112:112,05/17/23 03:12:06,STABLE BEAMS,6800,271778.666672879,264159.205194061,35.1,HFET
367615:8782,113:113,05/17/23 03:12:29,STABLE BEAMS,6800,271485.482342528,261040.341841250,35.1,HFET
367615:8782,114:114,05/17/23 03:12:52,STABLE BEAMS,6800,271128.104788810,263763.968604077,35.1,HFET
367615:8782,115:115,05/17/23 03:13:16,STABLE BEAMS,6800,270870.387808793,263511.624758633,35.0,HFET
367615:8782,116:116,05/17/23 03:13:39,STABLE BEAMS,6800,270657.495125824,263284.277061571,35.0,HFET
367615:8782,117:117,05/17/23 03:14:02,STABLE BEAMS,6800,270900.141687181,259446.306478873,35.0,HFET
367615:8782,118:118,05/17/23 03:14:26,STABLE BEAMS,6800,281111.262946431,272454.131462216,35.4,HFET
367615:8782,119:119,05/17/23 03:14:49,STABLE BEAMS,6800,286521.298482244,277116.378185591,37.0,HFET
367615:8782,120:120,05/17/23 03:15:12,STABLE BEAMS,6800,286333.129211542,272696.640489976,37.0,HFET
367615:8782,121:121,05/17/23 03:15:36,STABLE BEAMS,6800,285916.152989010,276568.439675241,37.0,HFET
367615:8782,122:122,05/17/23 03:15:59,STABLE BEAMS,6800,285669.818662406,218482.575850931,36.9,HFET
367615:8782,123:123,05/17/23 03:16:22,STABLE BEAMS,6800,285580.377534244,275979.250410271,36.9,HFET
367615:8782,124:124,05/17/23 03:16:46,STABLE BEAMS,6800,285580.626959580,272105.085180932,36.9,HFET
367615:8782,125:125,05/17/23 03:17:09,STABLE BEAMS,6800,293628.834273276,282536.521275203,37.0,HFET
367615:8782,126:126,05/17/23 03:17:32,STABLE BEAMS,6800,300784.856484747,285070.454242379,38.9,HFET
367615:8782,127:127,05/17/23 03:17:55,STABLE BEAMS,6800,300594.157994518,288100.855519748,38.9,HFET
367615:8782,128:128,05/17/23 03:18:19,STABLE BEAMS,6800,300600.326026656,209505.490170804,38.9,HFET
367615:8782,129:129,05/17/23 03:18:42,STABLE BEAMS,6800,300586.076147419,293157.222246791,38.9,HFET
367615:8782,130:130,05/17/23 03:19:06,STABLE BEAMS,6800,300123.002859302,292622.783008592,38.8,HFET
367615:8782,131:131,05/17/23 03:19:29,STABLE BEAMS,6800,300080.045755656,292931.786033612,38.8,HFET
367615:8782,132:132,05/17/23 03:19:52,STABLE BEAMS,6800,305979.244003506,298252.427062820,38.8,HFET
367615:8782,133:133,05/17/23 03:20:15,STABLE BEAMS,6800,313982.557087817,299615.902502780,40.6,HFET
367615:8782,134:134,05/17/23 03:20:39,STABLE BEAMS,6800,313522.169201448,305315.523184659,40.5,HFET
367615:8782,135:135,05/17/23 03:21:02,STABLE BEAMS,6800,313293.250357877,305132.885561828,40.5,HFET
367615:8782,136:136,05/17/23 03:21:25,STABLE BEAMS,6800,312956.290715535,304837.517011478,40.5,HFET
367615:8782,137:137,05/17/23 03:21:49,STABLE BEAMS,6800,312568.431987123,304598.511593810,40.4,HFET
367615:8782,138:138,05/17/23 03:22:12,STABLE BEAMS,6800,312404.116636630,250821.660896351,40.4,HFET
367615:8782,139:139,05/17/23 03:22:35,STABLE BEAMS,6800,317694.889564633,308890.951456075,40.3,HFET
367615:8782,140:140,05/17/23 03:22:59,STABLE BEAMS,6800,327330.733431855,317157.011986523,42.2,HFET
367615:8782,141:141,05/17/23 03:23:22,STABLE BEAMS,6800,327004.154079426,317157.468877793,42.4,HFET
367615:8782,142:142,05/17/23 03:23:45,STABLE BEAMS,6800,326374.126660628,310818.552411363,42.2,HFET
367615:8782,143:143,05/17/23 03:24:08,STABLE BEAMS,6800,326042.358328781,316469.572449986,42.2,HFET
367615:8782,144:144,05/17/23 03:24:32,STABLE BEAMS,6800,325807.520878408,316235.098647766,42.1,HFET
367615:8782,145:145,05/17/23 03:24:55,STABLE BEAMS,6800,325004.345654932,311296.560915621,42.1,HFET
367615:8782,146:146,05/17/23 03:25:18,STABLE BEAMS,6800,331618.368942556,321567.940538733,41.8,HFET
367615:8782,147:147,05/17/23 03:25:42,STABLE BEAMS,6800,341135.132026044,329549.947570986,44.1,HFET
367615:8782,148:148,05/17/23 03:26:05,STABLE BEAMS,6800,340891.392189150,323087.421036452,44.1,HFET
367615:8782,149:149,05/17/23 03:26:28,STABLE BEAMS,6800,340292.734085727,243391.440984071,44.0,HFET
367615:8782,150:150,05/17/23 03:26:52,STABLE BEAMS,6800,339654.123638080,328076.428936333,43.9,HFET
367615:8782,151:151,05/17/23 03:27:15,STABLE BEAMS,6800,339111.054749474,322775.182475300,43.9,HFET
367615:8782,152:152,05/17/23 03:27:38,STABLE BEAMS,6800,338764.306911006,327658.632174378,43.8,HFET
367615:8782,153:153,05/17/23 03:28:02,STABLE BEAMS,6800,345601.330435397,329682.504316092,43.9,HFET
367615:8782,154:154,05/17/23 03:28:25,STABLE BEAMS,6800,356092.136752848,334540.638509115,45.9,HFET
367615:8782,155:155,05/17/23 03:28:48,STABLE BEAMS,6800,355849.765258684,313713.072826532,46.0,HFET
367615:8782,156:156,05/17/23 03:29:12,STABLE BEAMS,6800,355194.399023050,341422.348796958,45.9,HFET
367615:8782,157:157,05/17/23 03:29:35,STABLE BEAMS,6800,354633.641915296,345410.473431871,45.9,HFET
367615:8782,158:158,05/17/23 03:29:58,STABLE BEAMS,6800,353846.882142432,337964.614317921,45.8,HFET
367615:8782,159:159,05/17/23 03:30:21,STABLE BEAMS,6800,353140.957158102,343923.182788951,45.7,HFET
367615:8782,160:160,05/17/23 03:30:45,STABLE BEAMS,6800,356139.327093970,260462.421006876,45.6,HFET
367615:8782,161:161,05/17/23 03:31:08,STABLE BEAMS,6800,368144.765267096,356709.030878726,47.0,HFET
367615:8782,162:162,05/17/23 03:31:31,STABLE BEAMS,6800,368989.850940238,358034.763836316,47.7,HFET
367615:8782,163:163,05/17/23 03:31:55,STABLE BEAMS,6800,368672.059751514,353416.952119978,47.7,HFET
367615:8782,164:164,05/17/23 03:32:18,STABLE BEAMS,6800,367646.338851462,352667.729694629,47.6,HFET
367615:8782,165:165,05/17/23 03:32:41,STABLE BEAMS,6800,367513.667883538,351569.300143621,47.5,HFET
367615:8782,166:166,05/17/23 03:33:05,STABLE BEAMS,6800,368474.601135358,357041.209480284,47.6,HFET
367615:8782,167:167,05/17/23 03:33:28,STABLE BEAMS,6800,365847.858632446,355310.155689690,47.7,HFET
367615:8782,168:168,05/17/23 03:33:51,STABLE BEAMS,6800,372359.897261697,356656.854361963,47.2,HFET
367615:8782,169:169,05/17/23 03:34:15,STABLE BEAMS,6800,379515.008021706,362299.223770478,48.9,HFET
367615:8782,170:170,05/17/23 03:34:38,STABLE BEAMS,6800,379079.730506536,366759.118945175,49.0,HFET
367615:8782,171:171,05/17/23 03:35:01,STABLE BEAMS,6800,378499.508898270,366461.950802682,49.0,HFET
367615:8782,172:172,05/17/23 03:35:24,STABLE BEAMS,6800,378340.569013428,361156.722860586,48.9,HFET
367615:8782,173:173,05/17/23 03:35:48,STABLE BEAMS,6800,378193.167964219,365789.602664506,48.9,HFET
367615:8782,174:174,05/17/23 03:36:11,STABLE BEAMS,6800,378078.252816703,366234.647396100,48.8,HFET
367615:8782,175:175,05/17/23 03:36:34,STABLE BEAMS,6800,380947.506678453,357106.384087448,48.9,HFET
367615:8782,176:176,05/17/23 03:36:58,STABLE BEAMS,6800,395511.985858877,305275.412327136,50.2,HFET
367615:8782,177:177,05/17/23 03:37:21,STABLE BEAMS,6800,393171.800431831,377863.425339072,51.7,HFET
367615:8782,178:178,05/17/23 03:37:44,STABLE BEAMS,6800,388971.081491921,370115.209103212,49.1,HFET
367615:8782,179:179,05/17/23 03:38:08,STABLE BEAMS,6800,384735.394052347,372362.309927329,47.7,HFET
367615:8782,180:180,05/17/23 03:38:31,STABLE BEAMS,6800,335033.535607957,327877.830423081,51.5,HFET
367615:8782,181:181,05/17/23 03:38:54,STABLE BEAMS,6800,408669.689827242,395383.366304354,51.5,HFET
367615:8782,182:182,05/17/23 03:39:18,STABLE BEAMS,6800,364254.802322790,355428.714311972,46.1,HFET
367615:8782,183:183,05/17/23 03:39:41,STABLE BEAMS,6800,411593.281114973,290404.524611402,51.2,HFET
367615:8782,184:184,05/17/23 03:40:04,STABLE BEAMS,6800,417458.809273554,220446.372385292,54.0,HFET
367615:8782,185:185,05/17/23 03:40:28,STABLE BEAMS,6800,417274.647125773,402611.847741444,53.9,HFET
367615:8782,186:186,05/17/23 03:40:51,STABLE BEAMS,6800,417010.715492059,402357.067919588,53.9,HFET
367615:8782,187:187,05/17/23 03:41:14,STABLE BEAMS,6800,416510.261038647,396219.959860685,53.9,HFET
367615:8782,188:188,05/17/23 03:41:37,STABLE BEAMS,6800,416282.617294691,401948.628104346,53.8,HFET
367615:8782,189:189,05/17/23 03:42:01,STABLE BEAMS,6800,416084.522294267,401744.339429927,53.8,HFET
367615:8782,190:190,05/17/23 03:42:24,STABLE BEAMS,6800,419345.117514821,398270.669702328,53.8,HFET
367615:8782,191:191,05/17/23 03:42:47,STABLE BEAMS,6800,433849.657689056,356570.212858365,55.3,HFET
367615:8782,192:192,05/17/23 03:43:11,STABLE BEAMS,6800,436810.490277409,403139.708677793,56.5,HFET
367615:8782,193:193,05/17/23 03:43:34,STABLE BEAMS,6800,436678.821672985,417128.999047148,56.5,HFET
367615:8782,194:194,05/17/23 03:43:57,STABLE BEAMS,6800,436605.700421240,414643.759966344,56.4,HFET
367615:8782,195:195,05/17/23 03:44:21,STABLE BEAMS,6800,436283.312346886,422752.088110306,56.4,HFET
367615:8782,196:196,05/17/23 03:44:44,STABLE BEAMS,6800,436021.066082498,422610.719890717,56.3,HFET
367615:8782,197:197,05/17/23 03:45:07,STABLE BEAMS,6800,436088.128862766,323584.618974030,56.3,HFET
367615:8782,198:198,05/17/23 03:45:31,STABLE BEAMS,6800,445617.048517533,430008.840860236,56.6,HFET
367615:8782,199:199,05/17/23 03:45:54,STABLE BEAMS,6800,454820.160406658,431643.828599259,58.7,HFET
367615:8782,200:200,05/17/23 03:46:17,STABLE BEAMS,6800,454791.478824107,438433.866917384,58.8,HFET
367615:8782,201:201,05/17/23 03:46:41,STABLE BEAMS,6800,454834.729643569,438205.540167601,58.8,HFET
367615:8782,202:202,05/17/23 03:47:04,STABLE BEAMS,6800,454882.582010816,323379.488780487,58.8,HFET
367615:8782,203:203,05/17/23 03:47:27,STABLE BEAMS,6800,454817.246559276,438123.360347115,58.8,HFET
367615:8782,204:204,05/17/23 03:47:50,STABLE BEAMS,6800,455132.580791888,438301.377773537,58.8,HFET
367615:8782,205:205,05/17/23 03:48:14,STABLE BEAMS,6800,455033.645183415,438404.092059295,58.8,HFET
367615:8782,206:206,05/17/23 03:48:37,STABLE BEAMS,6800,454936.989369135,438637.791943650,58.8,HFET
367615:8782,207:207,05/17/23 03:49:00,STABLE BEAMS,6800,454439.812411258,438024.972541950,58.8,HFET
367615:8782,208:208,05/17/23 03:49:24,STABLE BEAMS,6800,453861.231881837,432277.180135151,58.7,HFET
367615:8782,209:209,05/17/23 03:49:47,STABLE BEAMS,6800,453667.188294813,436949.126473692,58.7,HFET
367615:8782,210:210,05/17/23 03:50:10,STABLE BEAMS,6800,452610.007167346,436365.263721738,58.5,HFET
367615:8782,211:211,05/17/23 03:50:34,STABLE BEAMS,6800,451931.947888301,436318.823987701,58.5,HFET
367615:8782,212:212,05/17/23 03:50:57,STABLE BEAMS,6800,449953.853454498,434687.251277809,58.2,HFET
367615:8782,213:213,05/17/23 03:51:20,STABLE BEAMS,6800,449618.670093520,434562.002461938,58.1,HFET
367615:8782,214:214,05/17/23 03:51:44,STABLE BEAMS,6800,449618.670093520,434340.002257592,58.1,HFET
367615:8782,215:215,05/17/23 03:52:07,STABLE BEAMS,6800,449474.390357627,427245.739624154,58.1,HFET
367615:8782,216:216,05/17/23 03:52:30,STABLE BEAMS,6800,449094.907192129,434006.366732343,58.1,HFET
367615:8782,217:217,05/17/23 03:52:53,STABLE BEAMS,6800,448882.697514987,433879.341635107,58.0,HFET
367615:8782,218:218,05/17/23 03:53:17,STABLE BEAMS,6800,448544.462773030,433555.813663657,58.0,HFET
367615:8782,219:219,05/17/23 03:53:40,STABLE BEAMS,6800,456481.873953870,440310.020983294,58.1,HFET
367615:8782,220:220,05/17/23 03:54:03,STABLE BEAMS,6800,465819.708159475,432343.380416595,60.2,HFET
367615:8782,221:221,05/17/23 03:54:27,STABLE BEAMS,6800,465550.268188671,426236.958667242,60.2,HFET
367615:8782,222:222,05/17/23 03:54:50,STABLE BEAMS,6800,465615.601309133,434026.628461499,60.2,HFET
367615:8782,223:223,05/17/23 03:55:13,STABLE BEAMS,6800,465578.541832588,435317.096872532,60.2,HFET
367615:8782,224:224,05/17/23 03:55:37,STABLE BEAMS,6800,465473.051233045,440985.805130303,60.2,HFET
367615:8782,225:225,05/17/23 03:56:00,STABLE BEAMS,6800,464847.257051723,441612.783499201,60.1,HFET
367615:8782,226:226,05/17/23 03:56:23,STABLE BEAMS,6800,463704.665229792,437489.370095877,60.0,HFET
367615:8782,227:227,05/17/23 03:56:47,STABLE BEAMS,6800,462793.586741141,439041.268894030,59.9,HFET
367615:8782,228:228,05/17/23 03:57:10,STABLE BEAMS,6800,459889.800291296,438797.188719761,59.5,HFET
367615:8782,229:229,05/17/23 03:57:33,STABLE BEAMS,6800,458335.491158588,443753.869231246,59.4,HFET
367615:8782,230:230,05/17/23 03:57:57,STABLE BEAMS,6800,455230.695860937,441119.525083284,58.9,HFET
367615:8782,231:231,05/17/23 03:58:20,STABLE BEAMS,6800,456877.884461719,442163.910924127,58.8,HFET
367615:8782,232:232,05/17/23 03:58:43,STABLE BEAMS,6800,459074.286672465,164621.484193902,59.4,HFET
367615:8782,233:233,05/17/23 03:59:06,STABLE BEAMS,6800,458946.807015038,444366.961369060,59.3,HFET
367615:8782,234:234,05/17/23 03:59:30,STABLE BEAMS,6800,458780.717714259,444332.449760667,59.3,HFET
367615:8782,235:235,05/17/23 03:59:53,STABLE BEAMS,6800,458353.883363264,437480.220615097,59.3,HFET
367615:8782,236:236,05/17/23 04:00:16,STABLE BEAMS,6800,458360.622509489,424683.602945397,59.3,HFET
367615:8782,237:237,05/17/23 04:00:40,STABLE BEAMS,6800,458558.491395356,443848.524980684,59.2,HFET
367615:8782,238:238,05/17/23 04:01:03,STABLE BEAMS,6800,458455.595285522,438791.906497227,59.3,HFET
367615:8782,239:239,05/17/23 04:01:26,STABLE BEAMS,6800,457173.549058962,442770.583273389,59.2,HFET
367615:8782,240:240,05/17/23 04:01:50,STABLE BEAMS,6800,456538.374620148,442291.164466997,59.0,HFET
367615:8782,241:241,05/17/23 04:02:13,STABLE BEAMS,6800,459671.716297831,438581.881040082,59.0,HFET
367615:8782,242:242,05/17/23 04:02:36,STABLE BEAMS,6800,460257.765600862,445238.612006015,59.5,HFET
367615:8782,243:243,05/17/23 04:03:00,STABLE BEAMS,6800,462280.612068297,446977.586799332,59.8,HFET
367615:8782,244:244,05/17/23 04:03:23,STABLE BEAMS,6800,462181.496966826,446437.704494224,59.7,HFET
367615:8782,245:245,05/17/23 04:03:46,STABLE BEAMS,6800,463016.631268389,447673.040581710,59.9,HFET
367615:8782,246:246,05/17/23 04:04:09,STABLE BEAMS,6800,463144.385993009,447667.986804810,59.8,HFET
367615:8782,247:247,05/17/23 04:04:33,STABLE BEAMS,6800,463504.791616927,448053.798846821,59.9,HFET
367615:8782,248:248,05/17/23 04:04:56,STABLE BEAMS,6800,463704.800432311,448288.044203406,59.9,HFET
367615:8782,249:249,05/17/23 04:05:19,STABLE BEAMS,6800,463558.835327092,448345.409699587,59.9,HFET
367615:8782,250:250,05/17/23 04:05:43,STABLE BEAMS,6800,463134.642087363,447911.612418887,59.9,HFET
367615:8782,251:251,05/17/23 04:06:06,STABLE BEAMS,6800,462744.505895837,439958.629637637,59.8,HFET
367615:8782,252:252,05/17/23 04:06:29,STABLE BEAMS,6800,463014.719784506,447887.800458081,59.8,HFET
367615:8782,253:253,05/17/23 04:06:53,STABLE BEAMS,6800,462865.794210347,447563.088299055,59.8,HFET
367615:8782,254:254,05/17/23 04:07:16,STABLE BEAMS,6800,462870.484339093,447732.091447216,59.8,HFET
367615:8782,255:255,05/17/23 04:07:39,STABLE BEAMS,6800,462460.405776084,345767.009466465,59.8,HFET
367615:8782,256:256,05/17/23 04:08:03,STABLE BEAMS,6800,462378.135043559,446706.370547164,59.8,HFET
367615:8782,257:257,05/17/23 04:08:26,STABLE BEAMS,6800,462022.827487021,446648.685693310,59.7,HFET
367615:8782,258:258,05/17/23 04:08:49,STABLE BEAMS,6800,461727.892517162,446479.864369226,59.7,HFET
367615:8782,259:259,05/17/23 04:09:13,STABLE BEAMS,6800,461416.155137759,445948.544113264,59.7,HFET
367615:8782,260:260,05/17/23 04:09:36,STABLE BEAMS,6800,460960.275556059,437348.048497845,59.6,HFET
367615:8782,261:261,05/17/23 04:09:59,STABLE BEAMS,6800,460769.190106898,445526.901072765,59.6,HFET
367615:8782,262:262,05/17/23 04:10:22,STABLE BEAMS,6800,460235.956035976,444689.943868280,59.5,HFET
367615:8782,263:263,05/17/23 04:10:46,STABLE BEAMS,6800,459198.854813588,444298.213219466,59.5,HFET
367615:8782,264:264,05/17/23 04:11:09,STABLE BEAMS,6800,458362.126054738,442919.508847548,59.3,HFET
367615:8782,265:265,05/17/23 04:11:32,STABLE BEAMS,6800,458619.773102418,443947.138900405,59.2,HFET
367615:8782,266:266,05/17/23 04:11:56,STABLE BEAMS,6800,458633.204773310,443931.886657668,59.3,HFET
367615:8782,267:267,05/17/23 04:12:19,STABLE BEAMS,6800,458149.277662249,443479.466395580,59.3,HFET
367615:8782,268:268,05/17/23 04:12:42,STABLE BEAMS,6800,457011.511171583,442335.144913843,59.2,HFET
367615:8782,269:269,05/17/23 04:13:06,STABLE BEAMS,6800,457169.269199927,442710.075484191,59.0,HFET
367615:8782,270:270,05/17/23 04:13:29,STABLE BEAMS,6800,457084.357356135,442718.817026337,59.1,HFET
367615:8782,271:271,05/17/23 04:13:52,STABLE BEAMS,6800,457322.973483793,436337.036699378,59.1,HFET
367615:8782,272:272,05/17/23 04:14:16,STABLE BEAMS,6800,457028.583986164,442238.351565966,59.1,HFET
367615:8782,273:273,05/17/23 04:14:39,STABLE BEAMS,6800,456655.247873104,442108.729647944,59.0,HFET
367615:8782,274:274,05/17/23 04:15:02,STABLE BEAMS,6800,456380.071119573,441875.894593492,59.0,HFET
367615:8782,275:275,05/17/23 04:15:26,STABLE BEAMS,6800,455991.711209411,424660.338787899,58.9,HFET
367615:8782,276:276,05/17/23 04:15:49,STABLE BEAMS,6800,455620.694518867,441245.867174693,58.9,HFET
367615:8782,277:277,05/17/23 04:16:12,STABLE BEAMS,6800,454944.910371858,440834.375978473,58.8,HFET
367615:8782,278:278,05/17/23 04:16:35,STABLE BEAMS,6800,454875.341682841,440619.480899583,58.8,HFET
367615:8782,279:279,05/17/23 04:16:59,STABLE BEAMS,6800,454703.697423413,440469.828029117,58.8,HFET
367615:8782,280:280,05/17/23 04:17:22,STABLE BEAMS,6800,454146.334365090,440077.596198553,58.8,HFET
367615:8782,281:281,05/17/23 04:17:45,STABLE BEAMS,6800,453329.955916356,439260.807480108,58.6,HFET
367615:8782,282:282,05/17/23 04:18:09,STABLE BEAMS,6800,453592.066978225,439465.825781912,58.6,HFET
367615:8782,283:283,05/17/23 04:18:32,STABLE BEAMS,6800,453770.175316686,439790.901589091,58.7,HFET
367615:8782,284:284,05/17/23 04:18:55,STABLE BEAMS,6800,454113.736571657,440190.872598301,58.6,HFET
367615:8782,285:285,05/17/23 04:19:19,STABLE BEAMS,6800,453682.258713473,439567.854730765,58.7,HFET
367615:8782,286:286,05/17/23 04:19:42,STABLE BEAMS,6800,452505.929201014,438217.741029360,58.6,HFET
367615:8782,287:287,05/17/23 04:20:05,STABLE BEAMS,6800,451561.022109795,437842.537722897,58.4,HFET
367615:8782,288:288,05/17/23 04:20:29,STABLE BEAMS,6800,451498.330100600,437790.179382058,58.3,HFET
367615:8782,289:289,05/17/23 04:20:52,STABLE BEAMS,6800,451639.695989112,438037.173403709,58.4,HFET
367615:8782,290:290,05/17/23 04:21:15,STABLE BEAMS,6800,451939.048351602,438187.784347194,58.4,HFET
367615:8782,291:291,05/17/23 04:21:38,STABLE BEAMS,6800,451491.637575933,437994.241941920,58.4,HFET
367615:8782,292:292,05/17/23 04:22:02,STABLE BEAMS,6800,451255.525025946,437768.463060289,58.4,HFET
367615:8782,293:293,05/17/23 04:22:25,STABLE BEAMS,6800,450979.392530474,437503.349570077,58.3,HFET
367615:8782,294:294,05/17/23 04:22:48,STABLE BEAMS,6800,450639.246304635,437267.782492320,58.3,HFET
367615:8782,295:295,05/17/23 04:23:12,STABLE BEAMS,6800,450285.987765576,436964.332094871,58.2,HFET
367615:8782,296:296,05/17/23 04:23:35,STABLE BEAMS,6800,459457.275779133,444016.525765345,58.3,HFET
367615:8782,297:297,05/17/23 04:23:58,STABLE BEAMS,6800,472183.550841951,450471.609168126,60.8,HFET
367615:8782,298:298,05/17/23 04:24:22,STABLE BEAMS,6800,472241.326607843,442536.153761649,61.0,HFET
367615:8782,299:299,05/17/23 04:24:45,STABLE BEAMS,6800,471851.782510104,440410.686251572,61.0,HFET
367615:8782,300:300,05/17/23 04:25:08,STABLE BEAMS,6800,472497.745177466,289117.172851529,61.1,HFET
367615:8782,301:301,05/17/23 04:25:32,STABLE BEAMS,6800,471653.776090641,299408.541467682,61.0,HFET
367615:8782,302:302,05/17/23 04:25:55,STABLE BEAMS,6800,470761.546697935,445584.905284292,60.9,HFET
367615:8782,303:303,05/17/23 04:26:18,STABLE BEAMS,6800,467752.225358066,444991.662274844,60.6,HFET
367615:8782,304:304,05/17/23 04:26:42,STABLE BEAMS,6800,467090.371732622,447939.701907651,60.4,HFET
367615:8782,305:305,05/17/23 04:27:05,STABLE BEAMS,6800,466412.902216287,431001.099136952,60.3,HFET
367615:8782,306:306,05/17/23 04:27:28,STABLE BEAMS,6800,466218.632514706,441970.960612641,60.3,HFET
367615:8782,307:307,05/17/23 04:27:51,STABLE BEAMS,6800,465058.282541290,349664.007603890,60.1,HFET
367615:8782,308:308,05/17/23 04:28:15,STABLE BEAMS,6800,464704.021638732,448508.585152984,60.1,HFET
367615:8782,309:309,05/17/23 04:28:38,STABLE BEAMS,6800,463239.540593118,439619.166417624,59.8,HFET
367615:8782,310:310,05/17/23 04:29:01,STABLE BEAMS,6800,464226.015465551,448747.019456565,59.8,HFET
367615:8782,311:311,05/17/23 04:29:25,STABLE BEAMS,6800,465935.805163489,443660.444290943,60.2,HFET
367615:8782,312:312,05/17/23 04:29:48,STABLE BEAMS,6800,466188.629210982,450152.997439980,60.2,HFET
367615:8782,313:313,05/17/23 04:30:11,STABLE BEAMS,6800,466210.163708675,450316.902520761,60.2,HFET
367615:8782,314:314,05/17/23 04:30:35,STABLE BEAMS,6800,465326.629236557,440858.826654625,60.2,HFET
367615:8782,315:315,05/17/23 04:30:58,STABLE BEAMS,6800,466125.114331286,449677.266398835,60.3,HFET
367615:8782,316:316,05/17/23 04:31:21,STABLE BEAMS,6800,464094.710509280,439955.669168697,60.2,HFET
367615:8782,317:317,05/17/23 04:31:45,STABLE BEAMS,6800,462693.466945092,446635.118819899,59.8,HFET
367615:8782,318:318,05/17/23 04:32:08,STABLE BEAMS,6800,463544.403623778,448248.070879480,59.7,HFET
367615:8782,319:319,05/17/23 04:32:31,STABLE BEAMS,6800,462190.420333049,447176.229603064,59.8,HFET
367615:8782,320:320,05/17/23 04:32:55,STABLE BEAMS,6800,463098.948622472,441254.881452954,59.7,HFET
367615:8782,321:321,05/17/23 04:33:18,STABLE BEAMS,6800,462979.571791845,447894.903252459,59.9,HFET
367615:8782,322:322,05/17/23 04:33:41,STABLE BEAMS,6800,463683.858028406,448348.596283084,59.9,HFET
367615:8782,323:323,05/17/23 04:34:04,STABLE BEAMS,6800,464154.898940805,448838.670446582,60.0,HFET
367615:8782,324:324,05/17/23 04:34:28,STABLE BEAMS,6800,464621.844149323,449131.647311000,60.1,HFET
367615:8782,325:325,05/17/23 04:34:51,STABLE BEAMS,6800,464981.839503529,449268.507225920,60.1,HFET
367615:8782,326:326,05/17/23 04:35:14,STABLE BEAMS,6800,464998.958939668,449421.439922999,60.1,HFET
367615:8782,327:327,05/17/23 04:35:38,STABLE BEAMS,6800,464772.543673769,449186.646763107,60.1,HFET
367615:8782,328:328,05/17/23 04:36:01,STABLE BEAMS,6800,464402.212320129,449086.666831733,60.1,HFET
367615:8782,329:329,05/17/23 04:36:24,STABLE BEAMS,6800,464887.778178958,449707.999329943,60.0,HFET
367615:8782,330:330,05/17/23 04:36:48,STABLE BEAMS,6800,465107.044028920,449804.792677820,60.1,HFET
367615:8782,331:331,05/17/23 04:37:11,STABLE BEAMS,6800,465811.467799079,450205.628516934,60.2,HFET
367615:8782,332:332,05/17/23 04:37:34,STABLE BEAMS,6800,464675.659413853,443898.104676659,60.1,HFET
367615:8782,333:333,05/17/23 04:37:58,STABLE BEAMS,6800,464022.773445112,448843.906047558,60.0,HFET
367615:8782,334:334,05/17/23 04:38:21,STABLE BEAMS,6800,463194.240756178,448090.175317539,60.0,HFET
367615:8782,335:335,05/17/23 04:38:44,STABLE BEAMS,6800,461806.065214729,447004.084161886,59.8,HFET
367615:8782,336:336,05/17/23 04:39:07,STABLE BEAMS,6800,461652.906403092,446912.025233235,59.7,HFET
367615:8782,337:337,05/17/23 04:39:31,STABLE BEAMS,6800,460390.345656746,445734.830890873,59.6,HFET
367615:8782,338:338,05/17/23 04:39:54,STABLE BEAMS,6800,460186.921812230,445653.287454655,59.5,HFET
367615:8782,339:339,05/17/23 04:40:17,STABLE BEAMS,6800,460556.388335967,441548.998214468,59.5,HFET
367615:8782,340:340,05/17/23 04:40:41,STABLE BEAMS,6800,460374.319496145,441965.496566030,59.5,HFET
367615:8782,341:341,05/17/23 04:41:04,STABLE BEAMS,6800,459662.200837820,444845.788081664,59.4,HFET
367615:8782,342:342,05/17/23 04:41:27,STABLE BEAMS,6800,460165.340692980,445408.981165829,59.4,HFET
367615:8782,343:343,05/17/23 04:41:51,STABLE BEAMS,6800,461138.656630635,446418.992931875,59.6,HFET
367615:8782,344:344,05/17/23 04:42:14,STABLE BEAMS,6800,460938.148964579,446386.395138442,59.6,HFET
367615:8782,345:345,05/17/23 04:42:37,STABLE BEAMS,6800,461515.727130500,446660.159258762,59.6,HFET
367615:8782,346:346,05/17/23 04:43:01,STABLE BEAMS,6800,460815.128659185,446333.854973526,59.7,HFET
367615:8782,347:347,05/17/23 04:43:24,STABLE BEAMS,6800,459913.975900256,444687.393669051,59.5,HFET
367615:8782,348:348,05/17/23 04:43:47,STABLE BEAMS,6800,459888.024009932,445439.075381591,59.4,HFET
367615:8782,349:349,05/17/23 04:44:11,STABLE BEAMS,6800,459263.187901629,444927.012160209,59.4,HFET
367615:8782,350:350,05/17/23 04:44:34,STABLE BEAMS,6800,459636.251278574,444987.291503771,59.4,HFET
367615:8782,351:351,05/17/23 04:44:57,STABLE BEAMS,6800,459508.631756473,444969.717507440,59.4,HFET
367615:8782,352:352,05/17/23 04:45:20,STABLE BEAMS,6800,458375.282658438,444050.263455874,59.3,HFET
367615:8782,353:353,05/17/23 04:45:44,STABLE BEAMS,6800,457969.483954463,443692.634145742,59.2,HFET
367615:8782,354:354,05/17/23 04:46:07,STABLE BEAMS,6800,458294.058579893,444030.640442064,59.3,HFET
367615:8782,355:355,05/17/23 04:46:30,STABLE BEAMS,6800,458042.285848535,443811.873442773,59.2,HFET
367615:8782,356:356,05/17/23 04:46:54,STABLE BEAMS,6800,457687.752209862,443428.567309510,59.2,HFET
367615:8782,357:357,05/17/23 04:47:17,STABLE BEAMS,6800,457593.278284501,443445.821948168,59.2,HFET
367615:8782,358:358,05/17/23 04:47:40,STABLE BEAMS,6800,457744.572233813,443565.333981313,59.2,HFET
367615:8782,359:359,05/17/23 04:48:04,STABLE BEAMS,6800,457323.383753505,443105.447276694,59.1,HFET
367615:8782,360:360,05/17/23 04:48:27,STABLE BEAMS,6800,457470.714870377,443185.533789221,59.0,HFET
367615:8782,361:361,05/17/23 04:48:50,STABLE BEAMS,6800,456848.016360513,442440.908249501,59.2,HFET
367615:8782,362:362,05/17/23 04:49:14,STABLE BEAMS,6800,455636.767301027,439845.353237889,58.9,HFET
367615:8782,363:363,05/17/23 04:49:37,STABLE BEAMS,6800,455562.326659187,440114.019290829,58.9,HFET
367615:8782,364:364,05/17/23 04:50:00,STABLE BEAMS,6800,455006.965996785,440996.141129737,58.8,HFET
367615:8782,365:365,05/17/23 04:50:23,STABLE BEAMS,6800,454854.217454860,440898.664776033,58.8,HFET
367615:8782,366:366,05/17/23 04:50:47,STABLE BEAMS,6800,454789.292273031,440941.006475112,58.8,HFET
367615:8782,367:367,05/17/23 04:51:10,STABLE BEAMS,6800,453923.926222110,440140.654186979,58.8,HFET
367615:8782,368:368,05/17/23 04:51:33,STABLE BEAMS,6800,453570.711973531,439984.716730480,58.6,HFET
367615:8782,369:369,05/17/23 04:51:57,STABLE BEAMS,6800,454358.453130194,440475.427278246,58.6,HFET
367615:8782,370:370,05/17/23 04:52:20,STABLE BEAMS,6800,454224.553684215,440507.843247602,58.7,HFET
367615:8782,371:371,05/17/23 04:52:43,STABLE BEAMS,6800,453857.318002033,440138.696081539,58.7,HFET
367615:8782,372:372,05/17/23 04:53:07,STABLE BEAMS,6800,453830.044390537,440192.555636549,58.7,HFET
367615:8782,373:373,05/17/23 04:53:30,STABLE BEAMS,6800,454181.300533675,359315.625875299,58.7,HFET
367615:8782,374:374,05/17/23 04:53:53,STABLE BEAMS,6800,453961.486880404,440155.859808158,58.7,HFET
367615:8782,375:375,05/17/23 04:54:17,STABLE BEAMS,6800,454404.664418596,422888.309309879,58.6,HFET
367615:8782,376:376,05/17/23 04:54:40,STABLE BEAMS,6800,453421.513663257,433490.524833675,58.7,HFET
367615:8782,377:377,05/17/23 04:55:03,STABLE BEAMS,6800,452083.101972938,430210.854402619,58.5,HFET
367615:8782,378:378,05/17/23 04:55:27,STABLE BEAMS,6800,452041.762637359,430138.416156700,58.4,HFET
367615:8782,379:379,05/17/23 04:55:50,STABLE BEAMS,6800,451493.094499624,438177.404057280,58.4,HFET
367615:8782,380:380,05/17/23 04:56:13,STABLE BEAMS,6800,451614.473726172,431967.130456152,58.3,HFET
367615:8782,381:381,05/17/23 04:56:36,STABLE BEAMS,6800,451551.781716977,431999.681628027,58.4,HFET
367615:8782,382:382,05/17/23 04:57:00,STABLE BEAMS,6800,450941.694338583,437636.794455865,58.3,HFET
367615:8782,383:383,05/17/23 04:57:23,STABLE BEAMS,6800,450403.679226877,430746.955699365,58.2,HFET
367615:8782,384:384,05/17/23 04:57:46,STABLE BEAMS,6800,450052.196969183,435937.564540839,58.2,HFET
367615:8782,385:385,05/17/23 04:58:10,STABLE BEAMS,6800,449787.172059931,431629.623010502,58.2,HFET
367615:8782,386:386,05/17/23 04:58:33,STABLE BEAMS,6800,460334.252929102,445633.438326288,58.3,HFET
367615:8782,387:387,05/17/23 04:58:56,STABLE BEAMS,6800,469501.946420529,444831.857560099,60.7,HFET
367615:8782,388:388,05/17/23 04:59:20,STABLE BEAMS,6800,469506.909285390,453367.700729805,60.7,HFET
367615:8782,389:389,05/17/23 04:59:43,STABLE BEAMS,6800,469658.200903624,447498.391562861,60.7,HFET
367615:8782,390:390,05/17/23 05:00:06,STABLE BEAMS,6800,469390.719038260,448039.092076315,60.7,HFET
367615:8782,391:391,05/17/23 05:00:30,STABLE BEAMS,6800,470034.998667374,449970.835357041,60.8,HFET
367615:8782,392:392,05/17/23 05:00:53,STABLE BEAMS,6800,470126.509792717,453983.932829558,60.8,HFET
367615:8782,393:393,05/17/23 05:01:16,STABLE BEAMS,6800,470328.523335100,454093.794200174,60.8,HFET
367615:8782,394:394,05/17/23 05:01:40,STABLE BEAMS,6800,470437.018694063,454149.975508778,60.8,HFET
367615:8782,395:395,05/17/23 05:02:03,STABLE BEAMS,6800,470275.297833280,454115.193495348,60.8,HFET
367615:8782,396:396,05/17/23 05:02:26,STABLE BEAMS,6800,470219.344970310,413844.456663270,60.8,HFET
367615:8782,397:397,05/17/23 05:02:49,STABLE BEAMS,6800,469911.160153635,390433.149871901,60.7,HFET
367615:8782,398:398,05/17/23 05:03:13,STABLE BEAMS,6800,469812.315457201,453601.307371043,60.8,HFET
367615:8782,399:399,05/17/23 05:03:36,STABLE BEAMS,6800,469394.224979430,453107.820509491,60.7,HFET
367615:8782,400:400,05/17/23 05:03:59,STABLE BEAMS,6800,468860.580638797,452882.043958938,60.7,HFET
367615:8782,401:401,05/17/23 05:04:23,STABLE BEAMS,6800,468574.021231853,452725.924678361,60.6,HFET
367615:8782,402:402,05/17/23 05:04:46,STABLE BEAMS,6800,467726.912183089,445490.613183008,60.6,HFET
367615:8782,403:403,05/17/23 05:05:09,STABLE BEAMS,6800,467524.308877995,451783.157516660,60.5,HFET
367615:8782,404:404,05/17/23 05:05:33,STABLE BEAMS,6800,465994.357178324,450575.687134459,60.3,HFET
367615:8782,405:405,05/17/23 05:05:56,STABLE BEAMS,6800,465894.421537430,450442.060424594,60.2,HFET
367615:8782,406:406,05/17/23 05:06:19,STABLE BEAMS,6800,466622.745849355,451060.751811538,60.3,HFET
367615:8782,407:407,05/17/23 05:06:43,STABLE BEAMS,6800,466400.381996855,450839.753970691,60.3,HFET
367615:8782,408:408,05/17/23 05:07:06,STABLE BEAMS,6800,466005.101116391,445315.418691929,60.3,HFET
367615:8782,409:409,05/17/23 05:07:29,STABLE BEAMS,6800,466062.650767726,450645.164911437,60.2,HFET
367615:8782,410:410,05/17/23 05:07:53,STABLE BEAMS,6800,466304.726214996,450943.514910428,60.3,HFET
367615:8782,411:411,05/17/23 05:08:16,STABLE BEAMS,6800,466261.792422129,450879.319355984,60.3,HFET
367615:8782,412:412,05/17/23 05:08:39,STABLE BEAMS,6800,466086.870667166,450882.596851519,60.3,HFET
367615:8782,413:413,05/17/23 05:09:02,STABLE BEAMS,6800,465640.187187804,450528.792840230,60.2,HFET
367615:8782,414:414,05/17/23 05:09:26,STABLE BEAMS,6800,465205.704570200,450213.733674812,60.1,HFET
367615:8782,415:415,05/17/23 05:09:49,STABLE BEAMS,6800,464827.361301798,449114.938144573,60.1,HFET
367615:8782,416:416,05/17/23 05:10:12,STABLE BEAMS,6800,464333.007279265,449476.392753548,60.0,HFET
367615:8782,417:417,05/17/23 05:10:36,STABLE BEAMS,6800,463283.887019196,448427.179250362,60.0,HFET
367615:8782,418:418,05/17/23 05:10:59,STABLE BEAMS,6800,462891.382452517,448245.110410540,59.8,HFET
367615:8782,419:419,05/17/23 05:11:22,STABLE BEAMS,6800,463191.828090545,448448.942193689,59.9,HFET
367615:8782,420:420,05/17/23 05:11:46,STABLE BEAMS,6800,462994.959237100,447461.103640682,59.9,HFET
367615:8782,421:421,05/17/23 05:12:09,STABLE BEAMS,6800,461877.636299666,447192.164851627,59.7,HFET
367615:8782,422:422,05/17/23 05:12:32,STABLE BEAMS,6800,461537.853721980,446811.907768265,59.7,HFET
367615:8782,423:423,05/17/23 05:12:56,STABLE BEAMS,6800,462465.960734733,447610.029214841,59.8,HFET
367615:8782,424:424,05/17/23 05:13:19,STABLE BEAMS,6800,462051.784136765,447322.332241880,59.7,HFET
367615:8782,425:425,05/17/23 05:13:42,STABLE BEAMS,6800,462112.930641309,447375.690615140,59.8,HFET
367615:8782,426:426,05/17/23 05:14:05,STABLE BEAMS,6800,462303.512577643,447594.821262585,59.7,HFET
367615:8782,427:427,05/17/23 05:14:29,STABLE BEAMS,6800,462047.049717539,447267.743059485,59.7,HFET
367615:8782,428:428,05/17/23 05:14:52,STABLE BEAMS,6800,461673.074889132,446995.251707702,59.7,HFET
367615:8782,429:429,05/17/23 05:15:15,STABLE BEAMS,6800,461376.044280236,446885.938140393,59.6,HFET
367615:8782,430:430,05/17/23 05:15:39,STABLE BEAMS,6800,461340.576929901,446652.147344000,59.6,HFET
367615:8782,431:431,05/17/23 05:16:02,STABLE BEAMS,6800,461365.892435957,446690.344386562,59.7,HFET
367615:8782,432:432,05/17/23 05:16:25,STABLE BEAMS,6800,461145.123040745,446373.784006972,59.6,HFET
367615:8782,433:433,05/17/23 05:16:49,STABLE BEAMS,6800,460850.276651846,446245.073540411,59.6,HFET
367615:8782,434:434,05/17/23 05:17:12,STABLE BEAMS,6800,460108.611581067,445702.822860150,59.6,HFET
367615:8782,435:435,05/17/23 05:17:35,STABLE BEAMS,6800,459747.795687438,445291.061258893,59.5,HFET
367615:8782,436:436,05/17/23 05:17:59,STABLE BEAMS,6800,460345.635582516,445876.879785211,59.5,HFET
367615:8782,437:437,05/17/23 05:18:22,STABLE BEAMS,6800,460059.714890918,445583.902920792,59.5,HFET
367615:8782,438:438,05/17/23 05:18:45,STABLE BEAMS,6800,459534.175708163,445080.399417480,59.4,HFET
367615:8782,439:439,05/17/23 05:19:09,STABLE BEAMS,6800,459265.463033665,445030.407120715,59.4,HFET
367615:8782,440:440,05/17/23 05:19:32,STABLE BEAMS,6800,458928.685215399,444525.038755077,59.3,HFET
367615:8782,441:441,05/17/23 05:19:55,STABLE BEAMS,6800,458439.888482593,444294.525454219,59.3,HFET
367615:8782,442:442,05/17/23 05:20:18,STABLE BEAMS,6800,457338.773529838,443230.197241893,59.1,HFET
367615:8782,443:443,05/17/23 05:20:42,STABLE BEAMS,6800,457646.184428648,443448.187992242,59.1,HFET
367615:8782,444:444,05/17/23 05:21:05,STABLE BEAMS,6800,458051.983132623,443909.167972400,59.2,HFET
367615:8782,445:445,05/17/23 05:21:28,STABLE BEAMS,6800,457683.563262865,443561.191655875,59.2,HFET
367615:8782,446:446,05/17/23 05:21:52,STABLE BEAMS,6800,457434.109954024,442821.666514613,59.2,HFET
367615:8782,447:447,05/17/23 05:22:15,STABLE BEAMS,6800,457413.531198273,443676.561363582,59.1,HFET
367615:8782,448:448,05/17/23 05:22:38,STABLE BEAMS,6800,457330.304723807,443455.838589928,59.1,HFET
367615:8782,449:449,05/17/23 05:23:02,STABLE BEAMS,6800,456954.782059671,442999.229380844,59.1,HFET
367615:8782,450:450,05/17/23 05:23:25,STABLE BEAMS,6800,456538.239417629,442857.544134659,59.0,HFET
367615:8782,451:451,05/17/23 05:23:48,STABLE BEAMS,6800,456483.832059311,442610.139843297,59.0,HFET
367615:8782,452:452,05/17/23 05:24:12,STABLE BEAMS,6800,443522.036540294,424992.881037610,59.0,HFET
367615:8782,453:453,05/17/23 05:24:35,STABLE BEAMS,6800,446737.921686617,427095.494659900,56.4,HFET
367615:8782,454:454,05/17/23 05:24:58,STABLE BEAMS,6800,443606.493823894,431068.754011009,56.0,HFET
367615:8782,455:455,05/17/23 05:25:21,STABLE BEAMS,6800,430153.896845072,414184.101707359,52.6,HFET
367615:8782,456:456,05/17/23 05:25:45,STABLE BEAMS,6800,426870.536317691,410751.862227377,58.8,HFET
367615:8782,457:457,05/17/23 05:26:08,STABLE BEAMS,6800,454698.461822437,434215.026177835,58.8,HFET
367615:8782,458:458,05/17/23 05:26:31,STABLE BEAMS,6800,454522.402501456,435955.413604363,58.8,HFET
367615:8782,459:459,05/17/23 05:26:55,STABLE BEAMS,6800,454203.564658752,440723.833933108,58.7,HFET
367615:8782,460:460,05/17/23 05:27:18,STABLE BEAMS,6800,453915.776773752,435352.473310828,58.7,HFET
367615:8782,461:461,05/17/23 05:27:41,STABLE BEAMS,6800,453610.459182901,435085.219891099,58.6,HFET
367615:8782,462:462,05/17/23 05:28:05,STABLE BEAMS,6800,453283.105912608,434844.508124404,58.6,HFET
367615:8782,463:463,05/17/23 05:28:28,STABLE BEAMS,6800,453028.554536387,434632.160913665,58.6,HFET
367615:8782,464:464,05/17/23 05:28:51,STABLE BEAMS,6800,452791.213508343,439424.530736813,58.5,HFET
367615:8782,465:465,05/17/23 05:29:15,STABLE BEAMS,6800,452506.975854994,432785.464679249,58.5,HFET
367615:8782,466:466,05/17/23 05:29:38,STABLE BEAMS,6800,451426.712394104,431945.775451458,58.5,HFET
367615:8782,467:467,05/17/23 05:30:01,STABLE BEAMS,6800,450780.884929261,437423.491503184,58.3,HFET
367615:8782,468:468,05/17/23 05:30:25,STABLE BEAMS,6800,450696.840246450,437618.036271958,58.3,HFET
367615:8782,469:469,05/17/23 05:30:48,STABLE BEAMS,6800,450590.848465157,334734.910541773,58.2,HFET
367615:8782,470:470,05/17/23 05:31:11,STABLE BEAMS,6800,450228.710850356,410280.182599632,58.2,HFET
367615:8782,471:471,05/17/23 05:31:34,STABLE BEAMS,6800,450083.610575039,436974.076000517,58.2,HFET
367615:8782,472:472,05/17/23 05:31:58,STABLE BEAMS,6800,450057.068922005,437002.531468511,58.2,HFET
367615:8782,473:473,05/17/23 05:32:21,STABLE BEAMS,6800,453171.242146071,439698.933572478,58.2,HFET
367615:8782,474:474,05/17/23 05:32:44,STABLE BEAMS,6800,466304.134121208,442535.790113496,59.6,HFET
367615:8782,475:475,05/17/23 05:33:08,STABLE BEAMS,6800,468410.573042341,451929.807958784,60.5,HFET
367615:8782,476:476,05/17/23 05:33:31,STABLE BEAMS,6800,468496.850897786,451813.981359807,60.6,HFET
367615:8782,477:477,05/17/23 05:33:54,STABLE BEAMS,6800,468931.014157717,452360.828925698,60.6,HFET
367615:8782,478:478,05/17/23 05:34:18,STABLE BEAMS,6800,469263.418873831,447021.886603852,60.6,HFET
367615:8782,479:479,05/17/23 05:34:41,STABLE BEAMS,6800,468947.403966471,452182.855789756,60.7,HFET
367615:8782,480:480,05/17/23 05:35:04,STABLE BEAMS,6800,469208.055773571,452228.202248254,60.6,HFET
367615:8782,481:481,05/17/23 05:35:28,STABLE BEAMS,6800,468910.570604484,452408.042577599,60.6,HFET
367615:8782,482:482,05/17/23 05:35:51,STABLE BEAMS,6800,468383.530207557,446977.724332929,60.6,HFET
367615:8782,483:483,05/17/23 05:36:14,STABLE BEAMS,6800,467475.591680845,451784.206501718,60.5,HFET
367615:8782,484:484,05/17/23 05:36:38,STABLE BEAMS,6800,465311.013345666,449971.201336272,60.2,HFET
367552:8775,49:49,05/15/23 22:21:36,STABLE BEAMS,6800,250565.582664102,64180.743940735,32.4,HFET
367552:8775,50:50,05/15/23 22:21:59,STABLE BEAMS,6800,66744.747579786,63572.808380356,32.4,HFET
367552:8775,51:51,05/15/23 22:22:22,STABLE BEAMS,6800,10521.362249813,10423.005657782,0.3,BCM1F
367552:8775,52:52,05/15/23 22:22:46,STABLE BEAMS,6800,75643.819541860,75295.432722517,4.6,HFET
367552:8775,53:53,05/15/23 22:23:09,STABLE BEAMS,6800,201886.917531991,196579.094167754,21.8,HFET
367552:8775,54:54,05/15/23 22:23:32,STABLE BEAMS,6800,210801.810752919,204468.358566207,32.3,HFET
367552:8775,55:55,05/15/23 22:23:56,STABLE BEAMS,6800,88737.494394744,88284.664329160,23.3,HFET
367552:8775,56:56,05/15/23 22:24:19,STABLE BEAMS,6800,13360.378674375,13329.764768104,3.5,HFET
367552:8775,57:57,05/15/23 22:24:42,STABLE BEAMS,6800,65259.516211088,63283.967547466,0.4,BCM1F
367552:8775,58:58,05/15/23 22:25:06,STABLE BEAMS,6800,102745.422897494,97496.069960366,32.2,HFET
#Summary:
#nfill,nrun,nls,ncms,totdelivered(/ub),totrecorded(/ub)
#3,7,3534,3534,1354008246.992094278,1285476032.160204887
#Check JSON:
#(run,ls) in json but not in results: []
